{
"type": "FeatureCollection",
"name": "taha_ai_eixo",
"crs": { "type": "name", "properties": { "name": "urn:ogc:def:crs:EPSG::31982" } },
"features": [
{ "type": "Feature", "properties": { "river": "Itajai_Acu", "reach": "R1" }, "geometry": { "type": "LineString", "coordinates": [ [ 635126.759100000024773, 6989893.326100000180304 ], [ 635174.104199999943376, 6989893.326100000180304 ], [ 635264.104199999943376, 6989893.326100000180304 ], [ 635354.104199999943376, 6989893.326100000180304 ], [ 635444.104199999943376, 6989893.326100000180304 ], [ 635534.104199999943376, 6989875.326100000180304 ], [ 635624.104199999943376, 6989857.326100000180304 ], [ 635714.104199999943376, 6989839.326100000180304 ], [ 635804.104199999943376, 6989821.326100000180304 ], [ 635894.104199999943376, 6989821.326100000180304 ], [ 635984.104199999943376, 6989839.326100000180304 ], [ 636074.104199999943376, 6989875.326100000180304 ], [ 636164.104199999943376, 6989929.326100000180304 ], [ 636254.104199999943376, 6990001.326100000180304 ], [ 636326.104199999943376, 6990073.326100000180304 ], [ 636398.104199999943376, 6990163.326100000180304 ], [ 636434.104199999943376, 6990253.326100000180304 ], [ 636434.104199999943376, 6990343.326100000180304 ], [ 636398.104199999943376, 6990433.326100000180304 ], [ 636344.104199999943376, 6990505.326100000180304 ], [ 636254.104199999943376, 6990559.326100000180304 ], [ 636164.104199999943376, 6990595.326100000180304 ], [ 636074.104199999943376, 6990613.326100000180304 ], [ 636002.104199999943376, 6990631.326100000180304 ], [ 635930.104199999943376, 6990667.326100000180304 ], [ 635894.104199999943376, 6990721.326100000180304 ], [ 635894.104199999943376, 6990775.326100000180304 ], [ 635930.104199999943376, 6990829.326100000180304 ], [ 635984.104199999943376, 6990883.326100000180304 ], [ 636074.104199999943376, 6990919.326100000180304 ], [ 636164.104199999943376, 6990937.326100000180304 ], [ 636254.104199999943376, 6990955.326100000180304 ], [ 636344.104199999943376, 6990991.326100000180304 ], [ 636434.104199999943376, 6991009.326100000180304 ], [ 636524.104199999943376, 6991027.326100000180304 ], [ 636614.104199999943376, 6991063.326100000180304 ], [ 636704.104199999943376, 6991117.326100000180304 ], [ 636776.104199999943376, 6991171.326100000180304 ], [ 636830.104199999943376, 6991243.326100000180304 ], [ 636884.104199999943376, 6991333.326100000180304 ], [ 636938.104199999943376, 6991423.326100000180304 ], [ 636992.104199999943376, 6991513.326100000180304 ], [ 637064.104199999943376, 6991603.326100000180304 ], [ 637154.104199999943376, 6991675.326100000180304 ], [ 637244.104199999943376, 6991729.326100000180304 ], [ 637334.104199999943376, 6991765.326100000180304 ], [ 637424.104199999943376, 6991765.326100000180304 ], [ 637514.104199999943376, 6991747.326100000180304 ], [ 637604.104199999943376, 6991711.326100000180304 ], [ 637694.104199999943376, 6991657.326100000180304 ], [ 637784.104199999943376, 6991603.326100000180304 ], [ 637874.104199999943376, 6991567.326100000180304 ], [ 637964.104199999943376, 6991531.326100000180304 ], [ 638054.104199999943376, 6991513.326100000180304 ], [ 638144.104199999943376, 6991513.326100000180304 ], [ 638234.104199999943376, 6991531.326100000180304 ], [ 638324.104199999943376, 6991567.326100000180304 ], [ 638414.104199999943376, 6991603.326100000180304 ], [ 638504.104199999943376, 6991657.326100000180304 ], [ 638594.104199999943376, 6991729.326100000180304 ], [ 638684.104199999943376, 6991801.326100000180304 ], [ 638774.104199999943376, 6991873.326100000180304 ], [ 638864.104199999943376, 6991963.326100000180304 ], [ 638954.104199999943376, 6992053.326100000180304 ], [ 639044.104199999943376, 6992143.326100000180304 ], [ 639116.104199999943376, 6992233.326100000180304 ], [ 639188.104199999943376, 6992323.326100000180304 ], [ 639260.104199999943376, 6992413.326100000180304 ], [ 639332.104199999943376, 6992503.326100000180304 ], [ 639386.104199999943376, 6992593.326100000180304 ], [ 639458.104199999943376, 6992683.326100000180304 ], [ 639512.104199999943376, 6992773.326100000180304 ], [ 639566.104199999943376, 6992863.326100000180304 ], [ 639602.104199999943376, 6992953.326100000180304 ], [ 639656.104199999943376, 6993043.326100000180304 ], [ 639710.104199999943376, 6993133.326100000180304 ], [ 639782.104199999943376, 6993205.326100000180304 ], [ 639854.104199999943376, 6993241.326100000180304 ], [ 639944.104199999943376, 6993241.326100000180304 ], [ 640016.104199999943376, 6993205.326100000180304 ], [ 640070.104199999943376, 6993133.326100000180304 ], [ 640124.104199999943376, 6993043.326100000180304 ], [ 640160.104199999943376, 6992953.326100000180304 ], [ 640178.104199999943376, 6992863.326100000180304 ], [ 640196.104199999943376, 6992773.326100000180304 ], [ 640232.104199999943376, 6992683.326100000180304 ], [ 640250.104199999943376, 6992593.326100000180304 ], [ 640268.104199999943376, 6992503.326100000180304 ], [ 640286.104199999943376, 6992413.326100000180304 ], [ 640304.104199999943376, 6992323.326100000180304 ], [ 640322.104199999943376, 6992233.326100000180304 ], [ 640358.104199999943376, 6992143.326100000180304 ], [ 640412.104199999943376, 6992071.326100000180304 ], [ 640484.104199999943376, 6992035.326100000180304 ], [ 640574.104199999943376, 6992035.326100000180304 ], [ 640646.104199999943376, 6992071.326100000180304 ], [ 640682.104199999943376, 6992143.326100000180304 ], [ 640682.104199999943376, 6992233.326100000180304 ], [ 640664.104199999943376, 6992323.326100000180304 ], [ 640610.104199999943376, 6992413.326100000180304 ], [ 640556.104199999943376, 6992503.326100000180304 ], [ 640538.104199999943376, 6992593.326100000180304 ], [ 640556.104199999943376, 6992683.326100000180304 ], [ 640592.104199999943376, 6992773.326100000180304 ], [ 640664.104199999943376, 6992863.326100000180304 ], [ 640754.104199999943376, 6992953.326100000180304 ], [ 640844.104199999943376, 6993043.326100000180304 ], [ 640934.104199999943376, 6993133.326100000180304 ], [ 641006.104199999943376, 6993223.326100000180304 ], [ 641078.104199999943376, 6993313.326100000180304 ], [ 641132.104199999943376, 6993403.326100000180304 ], [ 641168.104199999943376, 6993493.326100000180304 ], [ 641204.104199999943376, 6993583.326100000180304 ], [ 641258.104199999943376, 6993673.326100000180304 ], [ 641312.104199999943376, 6993745.326100000180304 ], [ 641384.104199999943376, 6993799.326100000180304 ], [ 641474.104199999943376, 6993835.326100000180304 ], [ 641564.104199999943376, 6993835.326100000180304 ], [ 641654.104199999943376, 6993817.326100000180304 ], [ 641744.104199999943376, 6993799.326100000180304 ], [ 641834.104199999943376, 6993781.326100000180304 ], [ 641924.104199999943376, 6993763.326100000180304 ], [ 642014.104199999943376, 6993763.326100000180304 ], [ 642104.104199999943376, 6993763.326100000180304 ], [ 642194.104199999943376, 6993745.326100000180304 ], [ 642284.104199999943376, 6993727.326100000180304 ], [ 642374.104199999943376, 6993691.326100000180304 ], [ 642464.104199999943376, 6993637.326100000180304 ], [ 642554.104199999943376, 6993583.326100000180304 ], [ 642644.104199999943376, 6993529.326100000180304 ], [ 642734.104199999943376, 6993475.326100000180304 ], [ 642824.104199999943376, 6993439.326100000180304 ], [ 642914.104199999943376, 6993403.326100000180304 ], [ 643004.104199999943376, 6993367.326100000180304 ], [ 643094.104199999943376, 6993331.326100000180304 ], [ 643184.104199999943376, 6993313.326100000180304 ], [ 643274.104199999943376, 6993295.326100000180304 ], [ 643364.104199999943376, 6993295.326100000180304 ], [ 643454.104199999943376, 6993295.326100000180304 ], [ 643544.104199999943376, 6993331.326100000180304 ], [ 643634.104199999943376, 6993367.326100000180304 ], [ 643724.104199999943376, 6993421.326100000180304 ], [ 643814.104199999943376, 6993493.326100000180304 ], [ 643904.104199999943376, 6993583.326100000180304 ], [ 643994.104199999943376, 6993673.326100000180304 ], [ 644066.104199999943376, 6993763.326100000180304 ], [ 644120.104199999943376, 6993853.326100000180304 ], [ 644156.104199999943376, 6993943.326100000180304 ], [ 644174.104199999943376, 6994033.326100000180304 ], [ 644156.104199999943376, 6994123.326100000180304 ], [ 644138.104199999943376, 6994213.326100000180304 ], [ 644102.104199999943376, 6994303.326100000180304 ], [ 644048.104199999943376, 6994375.326100000180304 ], [ 643994.104199999943376, 6994447.326100000180304 ], [ 643940.104199999943376, 6994519.326100000180304 ], [ 643886.104199999943376, 6994591.326100000180304 ], [ 643832.104199999943376, 6994663.326100000180304 ], [ 643796.104199999943376, 6994753.326100000180304 ], [ 643742.104199999943376, 6994843.326100000180304 ], [ 643706.104199999943376, 6994933.326100000180304 ], [ 643652.104199999943376, 6995023.326100000180304 ], [ 643616.104199999943376, 6995113.326100000180304 ], [ 643562.104199999943376, 6995203.326100000180304 ], [ 643526.104199999943376, 6995293.326100000180304 ], [ 643472.104199999943376, 6995383.326100000180304 ], [ 643418.104199999943376, 6995473.326100000180304 ], [ 643346.104199999943376, 6995563.326100000180304 ], [ 643274.104199999943376, 6995653.326100000180304 ], [ 643202.104199999943376, 6995743.326100000180304 ], [ 643148.104199999943376, 6995833.326100000180304 ], [ 643130.104199999943376, 6995923.326100000180304 ], [ 643148.104199999943376, 6996013.326100000180304 ], [ 643202.104199999943376, 6996085.326100000180304 ], [ 643274.104199999943376, 6996139.326100000180304 ], [ 643364.104199999943376, 6996175.326100000180304 ], [ 643454.104199999943376, 6996193.326100000180304 ], [ 643544.104199999943376, 6996193.326100000180304 ], [ 643634.104199999943376, 6996175.326100000180304 ], [ 643724.104199999943376, 6996139.326100000180304 ], [ 643796.104199999943376, 6996085.326100000180304 ], [ 643868.104199999943376, 6996013.326100000180304 ], [ 643922.104199999943376, 6995923.326100000180304 ], [ 643976.104199999943376, 6995833.326100000180304 ], [ 644030.104199999943376, 6995743.326100000180304 ], [ 644102.104199999943376, 6995671.326100000180304 ], [ 644174.104199999943376, 6995599.326100000180304 ], [ 644264.104199999943376, 6995527.326100000180304 ], [ 644354.104199999943376, 6995473.326100000180304 ], [ 644444.104199999943376, 6995437.326100000180304 ], [ 644534.104199999943376, 6995401.326100000180304 ], [ 644624.104199999943376, 6995401.326100000180304 ], [ 644714.104199999943376, 6995437.326100000180304 ], [ 644804.104199999943376, 6995491.326100000180304 ], [ 644894.104199999943376, 6995563.326100000180304 ], [ 644966.104199999943376, 6995653.326100000180304 ], [ 645038.104199999943376, 6995743.326100000180304 ], [ 645110.104199999943376, 6995833.326100000180304 ], [ 645182.104199999943376, 6995923.326100000180304 ], [ 645236.104199999943376, 6996013.326100000180304 ], [ 645290.104199999943376, 6996103.326100000180304 ], [ 645344.104199999943376, 6996193.326100000180304 ], [ 645380.104199999943376, 6996283.326100000180304 ], [ 645398.104199999943376, 6996373.326100000180304 ], [ 645398.104199999943376, 6996463.326100000180304 ], [ 645380.104199999943376, 6996553.326100000180304 ], [ 645326.104199999943376, 6996643.326100000180304 ], [ 645254.104199999943376, 6996733.326100000180304 ], [ 645164.104199999943376, 6996823.326100000180304 ], [ 645092.104199999943376, 6996913.326100000180304 ], [ 645020.104199999943376, 6997003.326100000180304 ], [ 644966.104199999943376, 6997093.326100000180304 ], [ 644948.104199999943376, 6997183.326100000180304 ], [ 644948.104199999943376, 6997273.326100000180304 ], [ 644948.104199999943376, 6997363.326100000180304 ], [ 644966.104199999943376, 6997453.326100000180304 ], [ 645002.104199999943376, 6997543.326100000180304 ], [ 645038.104199999943376, 6997615.326100000180304 ], [ 645092.104199999943376, 6997651.326100000180304 ], [ 645164.104199999943376, 6997669.326100000180304 ], [ 645254.104199999943376, 6997669.326100000180304 ], [ 645344.104199999943376, 6997651.326100000180304 ], [ 645434.104199999943376, 6997633.326100000180304 ], [ 645524.104199999943376, 6997633.326100000180304 ], [ 645614.104199999943376, 6997651.326100000180304 ], [ 645704.104199999943376, 6997687.326100000180304 ], [ 645794.104199999943376, 6997723.326100000180304 ], [ 645884.104199999943376, 6997777.326100000180304 ], [ 645974.104199999943376, 6997831.326100000180304 ], [ 646064.104199999943376, 6997867.326100000180304 ], [ 646154.104199999943376, 6997867.326100000180304 ], [ 646244.104199999943376, 6997867.326100000180304 ], [ 646334.104199999943376, 6997831.326100000180304 ], [ 646424.104199999943376, 6997777.326100000180304 ], [ 646514.104199999943376, 6997705.326100000180304 ], [ 646604.104199999943376, 6997651.326100000180304 ], [ 646694.104199999943376, 6997615.326100000180304 ], [ 646784.104199999943376, 6997615.326100000180304 ], [ 646874.104199999943376, 6997651.326100000180304 ], [ 646964.104199999943376, 6997723.326100000180304 ], [ 647036.104199999943376, 6997813.326100000180304 ], [ 647072.104199999943376, 6997903.326100000180304 ], [ 647072.104199999943376, 6997993.326100000180304 ], [ 647036.104199999943376, 6998065.326100000180304 ], [ 646964.104199999943376, 6998137.326100000180304 ], [ 646910.104199999943376, 6998209.326100000180304 ], [ 646874.104199999943376, 6998281.326100000180304 ], [ 646874.104199999943376, 6998353.326100000180304 ], [ 646892.104199999943376, 6998443.326100000180304 ], [ 646928.104199999943376, 6998533.326100000180304 ], [ 646946.104199999943376, 6998623.326100000180304 ], [ 646964.104199999943376, 6998713.326100000180304 ], [ 646964.104199999943376, 6998803.326100000180304 ], [ 646982.104199999943376, 6998893.326100000180304 ], [ 647000.104199999943376, 6998983.326100000180304 ], [ 647018.104199999943376, 6999073.326100000180304 ], [ 647036.104199999943376, 6999163.326100000180304 ], [ 647054.104199999943376, 6999253.326100000180304 ], [ 647054.104199999943376, 6999343.326100000180304 ], [ 647054.104199999943376, 6999433.326100000180304 ], [ 647054.104199999943376, 6999523.326100000180304 ], [ 647036.104199999943376, 6999613.326100000180304 ], [ 647018.104199999943376, 6999703.326100000180304 ], [ 646982.104199999943376, 6999793.326100000180304 ], [ 646946.104199999943376, 6999883.326100000180304 ], [ 646910.104199999943376, 6999973.326100000180304 ], [ 646910.104199999943376, 7000063.326100000180304 ], [ 646928.104199999943376, 7000153.326100000180304 ], [ 646982.104199999943376, 7000243.326100000180304 ], [ 647054.104199999943376, 7000333.326100000180304 ], [ 647144.104199999943376, 7000423.326100000180304 ], [ 647234.104199999943376, 7000513.326100000180304 ], [ 647324.104199999943376, 7000603.326100000180304 ], [ 647414.104199999943376, 7000675.326100000180304 ], [ 647504.104199999943376, 7000747.326100000180304 ], [ 647594.104199999943376, 7000801.326100000180304 ], [ 647684.104199999943376, 7000837.326100000180304 ], [ 647774.104199999943376, 7000855.326100000180304 ], [ 647864.104199999943376, 7000873.326100000180304 ], [ 647954.104199999943376, 7000855.326100000180304 ], [ 648044.104199999943376, 7000819.326100000180304 ], [ 648134.104199999943376, 7000765.326100000180304 ], [ 648224.104199999943376, 7000711.326100000180304 ], [ 648314.104199999943376, 7000657.326100000180304 ], [ 648404.104199999943376, 7000639.326100000180304 ], [ 648494.104199999943376, 7000657.326100000180304 ], [ 648566.104199999943376, 7000711.326100000180304 ], [ 648620.104199999943376, 7000783.326100000180304 ], [ 648656.104199999943376, 7000873.326100000180304 ], [ 648674.104199999943376, 7000963.326100000180304 ], [ 648656.104199999943376, 7001053.326100000180304 ], [ 648638.104199999943376, 7001143.326100000180304 ], [ 648602.104199999943376, 7001233.326100000180304 ], [ 648548.104199999943376, 7001323.326100000180304 ], [ 648476.104199999943376, 7001413.326100000180304 ], [ 648422.104199999943376, 7001503.326100000180304 ], [ 648350.104199999943376, 7001593.326100000180304 ], [ 648278.104199999943376, 7001683.326100000180304 ], [ 648206.104199999943376, 7001755.326100000180304 ], [ 648134.104199999943376, 7001827.326100000180304 ], [ 648044.104199999943376, 7001899.326100000180304 ], [ 647972.104199999943376, 7001971.326100000180304 ], [ 647918.104199999943376, 7002043.326100000180304 ], [ 647864.104199999943376, 7002133.326100000180304 ], [ 647828.104199999943376, 7002223.326100000180304 ], [ 647810.104199999943376, 7002313.326100000180304 ], [ 647774.104199999943376, 7002403.326100000180304 ], [ 647720.104199999943376, 7002475.326100000180304 ], [ 647666.104199999943376, 7002547.326100000180304 ], [ 647594.104199999943376, 7002619.326100000180304 ], [ 647504.104199999943376, 7002691.326100000180304 ], [ 647414.104199999943376, 7002745.326100000180304 ], [ 647342.104199999943376, 7002817.326100000180304 ], [ 647288.104199999943376, 7002889.326100000180304 ], [ 647252.104199999943376, 7002961.326100000180304 ], [ 647234.104199999943376, 7003033.326100000180304 ], [ 647234.104199999943376, 7003123.326100000180304 ], [ 647234.104199999943376, 7003213.326100000180304 ], [ 647252.104199999943376, 7003303.326100000180304 ], [ 647288.104199999943376, 7003375.326100000180304 ], [ 647342.104199999943376, 7003429.326100000180304 ], [ 647414.104199999943376, 7003447.326100000180304 ], [ 647504.104199999943376, 7003447.326100000180304 ], [ 647594.104199999943376, 7003429.326100000180304 ], [ 647684.104199999943376, 7003411.326100000180304 ], [ 647774.104199999943376, 7003411.326100000180304 ], [ 647864.104199999943376, 7003429.326100000180304 ], [ 647954.104199999943376, 7003465.326100000180304 ], [ 648044.104199999943376, 7003501.326100000180304 ], [ 648134.104199999943376, 7003537.326100000180304 ], [ 648224.104199999943376, 7003555.326100000180304 ], [ 648314.104199999943376, 7003573.326100000180304 ], [ 648404.104199999943376, 7003573.326100000180304 ], [ 648494.104199999943376, 7003573.326100000180304 ], [ 648584.104199999943376, 7003573.326100000180304 ], [ 648674.104199999943376, 7003591.326100000180304 ], [ 648764.104199999943376, 7003627.326100000180304 ], [ 648854.104199999943376, 7003681.326100000180304 ], [ 648926.104199999943376, 7003753.326100000180304 ], [ 648998.104199999943376, 7003825.326100000180304 ], [ 649070.104199999943376, 7003879.326100000180304 ], [ 649142.104199999943376, 7003915.326100000180304 ], [ 649214.104199999943376, 7003933.326100000180304 ] ] } },
{ "type": "Feature", "properties": { "river": "Itajai_Acu", "reach": "R2" }, "geometry": { "type": "LineString", "coordinates": [ [ 649214.104199999943376, 7003933.326100000180304 ], [ 649214.104199999943376, 7003933.326100000180304 ], [ 649304.104199999943376, 7003933.326100000180304 ], [ 649394.104199999943376, 7003933.326100000180304 ], [ 649484.104199999943376, 7003933.326100000180304 ], [ 649574.104199999943376, 7003915.326100000180304 ], [ 649664.104199999943376, 7003879.326100000180304 ], [ 649754.104199999943376, 7003843.326100000180304 ], [ 649844.104199999943376, 7003807.326100000180304 ], [ 649934.104199999943376, 7003753.326100000180304 ], [ 650024.104199999943376, 7003699.326100000180304 ], [ 650114.104199999943376, 7003645.326100000180304 ], [ 650204.104199999943376, 7003573.326100000180304 ], [ 650294.104199999943376, 7003483.326100000180304 ], [ 650384.104199999943376, 7003393.326100000180304 ], [ 650474.104199999943376, 7003303.326100000180304 ], [ 650564.104199999943376, 7003231.326100000180304 ], [ 650654.104199999943376, 7003159.326100000180304 ], [ 650744.104199999943376, 7003105.326100000180304 ], [ 650834.104199999943376, 7003051.326100000180304 ], [ 650924.104199999943376, 7003015.326100000180304 ], [ 651014.104199999943376, 7002979.326100000180304 ], [ 651104.104199999943376, 7002943.326100000180304 ], [ 651194.104199999943376, 7002907.326100000180304 ], [ 651284.104199999943376, 7002871.326100000180304 ], [ 651356.104199999943376, 7002817.326100000180304 ], [ 651428.104199999943376, 7002745.326100000180304 ], [ 651482.104199999943376, 7002673.326100000180304 ], [ 651536.104199999943376, 7002583.326100000180304 ], [ 651590.104199999943376, 7002493.326100000180304 ], [ 651662.104199999943376, 7002403.326100000180304 ], [ 651734.104199999943376, 7002313.326100000180304 ], [ 651824.104199999943376, 7002241.326100000180304 ], [ 651914.104199999943376, 7002169.326100000180304 ], [ 652004.104199999943376, 7002097.326100000180304 ], [ 652094.104199999943376, 7002025.326100000180304 ], [ 652184.104199999943376, 7001953.326100000180304 ], [ 652274.104199999943376, 7001863.326100000180304 ], [ 652346.104199999943376, 7001773.326100000180304 ], [ 652418.104199999943376, 7001683.326100000180304 ], [ 652490.104199999943376, 7001611.326100000180304 ], [ 652562.104199999943376, 7001539.326100000180304 ], [ 652634.104199999943376, 7001485.326100000180304 ], [ 652706.104199999943376, 7001467.326100000180304 ], [ 652778.104199999943376, 7001485.326100000180304 ], [ 652832.104199999943376, 7001521.326100000180304 ], [ 652850.104199999943376, 7001593.326100000180304 ], [ 652832.104199999943376, 7001683.326100000180304 ], [ 652814.104199999943376, 7001773.326100000180304 ], [ 652778.104199999943376, 7001863.326100000180304 ], [ 652742.104199999943376, 7001953.326100000180304 ], [ 652742.104199999943376, 7002043.326100000180304 ], [ 652760.104199999943376, 7002133.326100000180304 ], [ 652778.104199999943376, 7002223.326100000180304 ], [ 652796.104199999943376, 7002313.326100000180304 ], [ 652796.104199999943376, 7002403.326100000180304 ], [ 652778.104199999943376, 7002493.326100000180304 ], [ 652760.104199999943376, 7002583.326100000180304 ], [ 652742.104199999943376, 7002673.326100000180304 ], [ 652742.104199999943376, 7002763.326100000180304 ], [ 652760.104199999943376, 7002853.326100000180304 ], [ 652778.104199999943376, 7002943.326100000180304 ], [ 652814.104199999943376, 7003033.326100000180304 ], [ 652868.104199999943376, 7003123.326100000180304 ], [ 652922.104199999943376, 7003195.326100000180304 ], [ 652994.104199999943376, 7003267.326100000180304 ], [ 653084.104199999943376, 7003339.326100000180304 ], [ 653174.104199999943376, 7003393.326100000180304 ], [ 653264.104199999943376, 7003429.326100000180304 ], [ 653354.104199999943376, 7003465.326100000180304 ], [ 653444.104199999943376, 7003483.326100000180304 ], [ 653534.104199999943376, 7003483.326100000180304 ], [ 653624.104199999943376, 7003465.326100000180304 ], [ 653714.104199999943376, 7003447.326100000180304 ], [ 653804.104199999943376, 7003447.326100000180304 ], [ 653894.104199999943376, 7003447.326100000180304 ], [ 653984.104199999943376, 7003447.326100000180304 ], [ 654056.104199999943376, 7003483.326100000180304 ], [ 654128.104199999943376, 7003537.326100000180304 ], [ 654200.104199999943376, 7003591.326100000180304 ], [ 654254.104199999943376, 7003663.326100000180304 ], [ 654272.104199999943376, 7003753.326100000180304 ], [ 654272.104199999943376, 7003843.326100000180304 ], [ 654254.104199999943376, 7003933.326100000180304 ], [ 654200.104199999943376, 7004023.326100000180304 ], [ 654128.104199999943376, 7004113.326100000180304 ], [ 654074.104199999943376, 7004203.326100000180304 ], [ 654038.104199999943376, 7004293.326100000180304 ], [ 654002.104199999943376, 7004383.326100000180304 ], [ 654002.104199999943376, 7004473.326100000180304 ], [ 654020.104199999943376, 7004563.326100000180304 ], [ 654056.104199999943376, 7004635.326100000180304 ], [ 654110.104199999943376, 7004689.326100000180304 ], [ 654182.104199999943376, 7004725.326100000180304 ], [ 654254.104199999943376, 7004743.326100000180304 ], [ 654344.104199999943376, 7004743.326100000180304 ], [ 654434.104199999943376, 7004725.326100000180304 ], [ 654524.104199999943376, 7004689.326100000180304 ], [ 654614.104199999943376, 7004635.326100000180304 ], [ 654686.104199999943376, 7004563.326100000180304 ], [ 654758.104199999943376, 7004473.326100000180304 ], [ 654830.104199999943376, 7004383.326100000180304 ], [ 654902.104199999943376, 7004311.326100000180304 ], [ 654974.104199999943376, 7004239.326100000180304 ], [ 655064.104199999943376, 7004185.326100000180304 ], [ 655154.104199999943376, 7004167.326100000180304 ], [ 655244.104199999943376, 7004167.326100000180304 ], [ 655334.104199999943376, 7004167.326100000180304 ], [ 655424.104199999943376, 7004185.326100000180304 ], [ 655514.104199999943376, 7004203.326100000180304 ], [ 655604.104199999943376, 7004203.326100000180304 ], [ 655694.104199999943376, 7004203.326100000180304 ], [ 655784.104199999943376, 7004221.326100000180304 ], [ 655874.104199999943376, 7004257.326100000180304 ], [ 655964.104199999943376, 7004293.326100000180304 ], [ 656036.104199999943376, 7004347.326100000180304 ], [ 656108.104199999943376, 7004419.326100000180304 ], [ 656180.104199999943376, 7004491.326100000180304 ], [ 656252.104199999943376, 7004563.326100000180304 ], [ 656324.104199999943376, 7004653.326100000180304 ], [ 656414.104199999943376, 7004743.326100000180304 ], [ 656504.104199999943376, 7004833.326100000180304 ], [ 656576.104199999943376, 7004923.326100000180304 ], [ 656648.104199999943376, 7005013.326100000180304 ], [ 656702.104199999943376, 7005103.326100000180304 ], [ 656738.104199999943376, 7005193.326100000180304 ], [ 656774.104199999943376, 7005283.326100000180304 ], [ 656810.104199999943376, 7005373.326100000180304 ], [ 656828.104199999943376, 7005463.326100000180304 ], [ 656864.104199999943376, 7005553.326100000180304 ], [ 656918.104199999943376, 7005643.326100000180304 ], [ 656972.104199999943376, 7005733.326100000180304 ], [ 657044.104199999943376, 7005823.326100000180304 ], [ 657116.104199999943376, 7005913.326100000180304 ], [ 657188.104199999943376, 7005985.326100000180304 ], [ 657260.104199999943376, 7006039.326100000180304 ], [ 657332.104199999943376, 7006075.326100000180304 ], [ 657404.104199999943376, 7006093.326100000180304 ], [ 657494.104199999943376, 7006075.326100000180304 ], [ 657584.104199999943376, 7006039.326100000180304 ], [ 657674.104199999943376, 7005985.326100000180304 ], [ 657764.104199999943376, 7005913.326100000180304 ], [ 657854.104199999943376, 7005823.326100000180304 ], [ 657944.104199999943376, 7005751.326100000180304 ], [ 658034.104199999943376, 7005679.326100000180304 ], [ 658124.104199999943376, 7005625.326100000180304 ], [ 658214.104199999943376, 7005589.326100000180304 ], [ 658304.104199999943376, 7005571.326100000180304 ], [ 658394.104199999943376, 7005553.326100000180304 ], [ 658484.104199999943376, 7005553.326100000180304 ], [ 658574.104199999943376, 7005553.326100000180304 ], [ 658664.104199999943376, 7005553.326100000180304 ], [ 658754.104199999943376, 7005553.326100000180304 ], [ 658844.104199999943376, 7005571.326100000180304 ], [ 658934.104199999943376, 7005589.326100000180304 ], [ 659006.104199999943376, 7005625.326100000180304 ], [ 659078.104199999943376, 7005679.326100000180304 ], [ 659150.104199999943376, 7005733.326100000180304 ], [ 659222.104199999943376, 7005787.326100000180304 ], [ 659276.104199999943376, 7005859.326100000180304 ], [ 659330.104199999943376, 7005931.326100000180304 ], [ 659366.104199999943376, 7006003.326100000180304 ], [ 659384.104199999943376, 7006093.326100000180304 ], [ 659384.104199999943376, 7006183.326100000180304 ], [ 659384.104199999943376, 7006273.326100000180304 ], [ 659384.104199999943376, 7006363.326100000180304 ], [ 659384.104199999943376, 7006453.326100000180304 ], [ 659402.104199999943376, 7006543.326100000180304 ], [ 659420.104199999943376, 7006633.326100000180304 ], [ 659438.104199999943376, 7006723.326100000180304 ], [ 659456.104199999943376, 7006813.326100000180304 ], [ 659474.104199999943376, 7006903.326100000180304 ], [ 659474.104199999943376, 7006993.326100000180304 ], [ 659456.104199999943376, 7007083.326100000180304 ], [ 659420.104199999943376, 7007173.326100000180304 ], [ 659366.104199999943376, 7007263.326100000180304 ], [ 659294.104199999943376, 7007353.326100000180304 ], [ 659222.104199999943376, 7007443.326100000180304 ], [ 659168.104199999943376, 7007533.326100000180304 ], [ 659114.104199999943376, 7007623.326100000180304 ], [ 659078.104199999943376, 7007713.326100000180304 ], [ 659042.104199999943376, 7007803.326100000180304 ], [ 658988.104199999943376, 7007893.326100000180304 ], [ 658934.104199999943376, 7007983.326100000180304 ], [ 658898.104199999943376, 7008073.326100000180304 ], [ 658880.104199999943376, 7008163.326100000180304 ], [ 658898.104199999943376, 7008253.326100000180304 ], [ 658952.104199999943376, 7008325.326100000180304 ], [ 659024.104199999943376, 7008379.326100000180304 ], [ 659114.104199999943376, 7008433.326100000180304 ], [ 659186.104199999943376, 7008487.326100000180304 ], [ 659258.104199999943376, 7008541.326100000180304 ], [ 659312.104199999943376, 7008613.326100000180304 ], [ 659366.104199999943376, 7008703.326100000180304 ], [ 659402.104199999943376, 7008793.326100000180304 ], [ 659456.104199999943376, 7008883.326100000180304 ], [ 659510.104199999943376, 7008973.326100000180304 ], [ 659564.104199999943376, 7009063.326100000180304 ], [ 659618.104199999943376, 7009153.326100000180304 ], [ 659690.104199999943376, 7009243.326100000180304 ], [ 659762.104199999943376, 7009333.326100000180304 ], [ 659834.104199999943376, 7009423.326100000180304 ], [ 659924.104199999943376, 7009495.326100000180304 ], [ 660014.104199999943376, 7009567.326100000180304 ], [ 660104.104199999943376, 7009621.326100000180304 ], [ 660194.104199999943376, 7009675.326100000180304 ], [ 660284.104199999943376, 7009729.326100000180304 ], [ 660374.104199999943376, 7009801.326100000180304 ], [ 660464.104199999943376, 7009855.326100000180304 ], [ 660554.104199999943376, 7009909.326100000180304 ], [ 660644.104199999943376, 7009945.326100000180304 ], [ 660734.104199999943376, 7009963.326100000180304 ], [ 660824.104199999943376, 7009963.326100000180304 ], [ 660914.104199999943376, 7009963.326100000180304 ], [ 661004.104199999943376, 7009963.326100000180304 ], [ 661094.104199999943376, 7009963.326100000180304 ], [ 661184.104199999943376, 7009981.326100000180304 ], [ 661274.104199999943376, 7010017.326100000180304 ], [ 661346.104199999943376, 7010071.326100000180304 ], [ 661400.104199999943376, 7010143.326100000180304 ], [ 661436.104199999943376, 7010233.326100000180304 ], [ 661472.104199999943376, 7010323.326100000180304 ], [ 661490.104199999943376, 7010413.326100000180304 ], [ 661508.104199999943376, 7010503.326100000180304 ], [ 661526.104199999943376, 7010593.326100000180304 ], [ 661526.104199999943376, 7010683.326100000180304 ], [ 661490.104199999943376, 7010773.326100000180304 ], [ 661436.104199999943376, 7010863.326100000180304 ], [ 661364.104199999943376, 7010953.326100000180304 ], [ 661274.104199999943376, 7011043.326100000180304 ], [ 661184.104199999943376, 7011133.326100000180304 ], [ 661112.104199999943376, 7011223.326100000180304 ], [ 661058.104199999943376, 7011313.326100000180304 ], [ 661022.104199999943376, 7011403.326100000180304 ], [ 661004.104199999943376, 7011493.326100000180304 ], [ 661004.104199999943376, 7011583.326100000180304 ], [ 661004.104199999943376, 7011673.326100000180304 ], [ 661004.104199999943376, 7011763.326100000180304 ], [ 661004.104199999943376, 7011853.326100000180304 ], [ 660986.104199999943376, 7011943.326100000180304 ], [ 660968.104199999943376, 7012033.326100000180304 ], [ 660950.104199999943376, 7012123.326100000180304 ], [ 660932.104199999943376, 7012213.326100000180304 ], [ 660914.104199999943376, 7012303.326100000180304 ], [ 660914.104199999943376, 7012393.326100000180304 ], [ 660914.104199999943376, 7012483.326100000180304 ], [ 660914.104199999943376, 7012573.326100000180304 ], [ 660896.104199999943376, 7012663.326100000180304 ], [ 660878.104199999943376, 7012753.326100000180304 ], [ 660842.104199999943376, 7012843.326100000180304 ], [ 660806.104199999943376, 7012933.326100000180304 ], [ 660752.104199999943376, 7013023.326100000180304 ], [ 660698.104199999943376, 7013113.326100000180304 ], [ 660644.104199999943376, 7013203.326100000180304 ], [ 660590.104199999943376, 7013293.326100000180304 ], [ 660536.104199999943376, 7013383.326100000180304 ], [ 660482.104199999943376, 7013473.326100000180304 ], [ 660428.104199999943376, 7013563.326100000180304 ], [ 660374.104199999943376, 7013653.326100000180304 ], [ 660356.104199999943376, 7013743.326100000180304 ], [ 660356.104199999943376, 7013833.326100000180304 ], [ 660392.104199999943376, 7013923.326100000180304 ], [ 660464.104199999943376, 7014013.326100000180304 ], [ 660554.104199999943376, 7014103.326100000180304 ], [ 660644.104199999943376, 7014175.326100000180304 ], [ 660734.104199999943376, 7014247.326100000180304 ], [ 660824.104199999943376, 7014319.326100000180304 ], [ 660914.104199999943376, 7014373.326100000180304 ], [ 661004.104199999943376, 7014409.326100000180304 ], [ 661094.104199999943376, 7014445.326100000180304 ], [ 661184.104199999943376, 7014481.326100000180304 ], [ 661274.104199999943376, 7014517.326100000180304 ], [ 661364.104199999943376, 7014571.326100000180304 ], [ 661436.104199999943376, 7014643.326100000180304 ], [ 661508.104199999943376, 7014733.326100000180304 ], [ 661562.104199999943376, 7014823.326100000180304 ], [ 661598.104199999943376, 7014913.326100000180304 ], [ 661634.104199999943376, 7015003.326100000180304 ], [ 661670.104199999943376, 7015093.326100000180304 ], [ 661706.104199999943376, 7015183.326100000180304 ], [ 661742.104199999943376, 7015273.326100000180304 ], [ 661796.104199999943376, 7015363.326100000180304 ], [ 661832.104199999943376, 7015453.326100000180304 ], [ 661868.104199999943376, 7015543.326100000180304 ], [ 661886.104199999943376, 7015633.326100000180304 ], [ 661886.104199999943376, 7015723.326100000180304 ], [ 661868.104199999943376, 7015813.326100000180304 ], [ 661832.104199999943376, 7015903.326100000180304 ], [ 661778.104199999943376, 7015993.326100000180304 ], [ 661724.104199999943376, 7016083.326100000180304 ], [ 661688.104199999943376, 7016173.326100000180304 ], [ 661634.104199999943376, 7016263.326100000180304 ], [ 661598.104199999943376, 7016353.326100000180304 ], [ 661562.104199999943376, 7016443.326100000180304 ], [ 661526.104199999943376, 7016533.326100000180304 ], [ 661490.104199999943376, 7016623.326100000180304 ], [ 661472.104199999943376, 7016713.326100000180304 ], [ 661454.104199999943376, 7016803.326100000180304 ], [ 661454.104199999943376, 7016893.326100000180304 ], [ 661472.104199999943376, 7016983.326100000180304 ], [ 661508.104199999943376, 7017073.326100000180304 ], [ 661562.104199999943376, 7017163.326100000180304 ], [ 661634.104199999943376, 7017253.326100000180304 ], [ 661706.104199999943376, 7017343.326100000180304 ], [ 661778.104199999943376, 7017415.326100000180304 ], [ 661850.104199999943376, 7017487.326100000180304 ], [ 661922.104199999943376, 7017541.326100000180304 ], [ 661994.104199999943376, 7017595.326100000180304 ], [ 662084.104199999943376, 7017649.326100000180304 ], [ 662174.104199999943376, 7017721.326100000180304 ], [ 662264.104199999943376, 7017775.326100000180304 ], [ 662354.104199999943376, 7017829.326100000180304 ], [ 662444.104199999943376, 7017883.326100000180304 ], [ 662534.104199999943376, 7017919.326100000180304 ], [ 662624.104199999943376, 7017937.326100000180304 ], [ 662714.104199999943376, 7017937.326100000180304 ], [ 662786.104199999943376, 7017919.326100000180304 ], [ 662858.104199999943376, 7017865.326100000180304 ], [ 662930.104199999943376, 7017793.326100000180304 ], [ 663002.104199999943376, 7017703.326100000180304 ], [ 663074.104199999943376, 7017613.326100000180304 ], [ 663164.104199999943376, 7017523.326100000180304 ], [ 663254.104199999943376, 7017433.326100000180304 ], [ 663344.104199999943376, 7017343.326100000180304 ], [ 663434.104199999943376, 7017253.326100000180304 ], [ 663524.104199999943376, 7017163.326100000180304 ], [ 663614.104199999943376, 7017073.326100000180304 ], [ 663704.104199999943376, 7017001.326100000180304 ], [ 663794.104199999943376, 7016929.326100000180304 ], [ 663884.104199999943376, 7016875.326100000180304 ], [ 663974.104199999943376, 7016821.326100000180304 ], [ 664064.104199999943376, 7016767.326100000180304 ], [ 664154.104199999943376, 7016695.326100000180304 ], [ 664244.104199999943376, 7016641.326100000180304 ], [ 664334.104199999943376, 7016569.326100000180304 ], [ 664424.104199999943376, 7016497.326100000180304 ], [ 664514.104199999943376, 7016443.326100000180304 ], [ 664604.104199999943376, 7016389.326100000180304 ], [ 664694.104199999943376, 7016335.326100000180304 ], [ 664784.104199999943376, 7016281.326100000180304 ], [ 664874.104199999943376, 7016245.326100000180304 ], [ 664964.104199999943376, 7016209.326100000180304 ], [ 665054.104199999943376, 7016191.326100000180304 ], [ 665144.104199999943376, 7016173.326100000180304 ], [ 665234.104199999943376, 7016191.326100000180304 ], [ 665324.104199999943376, 7016209.326100000180304 ], [ 665414.104199999943376, 7016227.326100000180304 ], [ 665504.104199999943376, 7016245.326100000180304 ], [ 665594.104199999943376, 7016263.326100000180304 ], [ 665684.104199999943376, 7016281.326100000180304 ], [ 665774.104199999943376, 7016299.326100000180304 ], [ 665864.104199999943376, 7016317.326100000180304 ], [ 665954.104199999943376, 7016335.326100000180304 ], [ 666044.104199999943376, 7016353.326100000180304 ], [ 666134.104199999943376, 7016353.326100000180304 ], [ 666224.104199999943376, 7016353.326100000180304 ], [ 666314.104199999943376, 7016353.326100000180304 ], [ 666404.104199999943376, 7016353.326100000180304 ], [ 666494.104199999943376, 7016353.326100000180304 ], [ 666584.104199999943376, 7016371.326100000180304 ], [ 666674.104199999943376, 7016389.326100000180304 ], [ 666764.104199999943376, 7016425.326100000180304 ], [ 666854.104199999943376, 7016479.326100000180304 ], [ 666944.104199999943376, 7016551.326100000180304 ], [ 667034.104199999943376, 7016623.326100000180304 ], [ 667088.104199999943376, 7016713.326100000180304 ], [ 667124.104199999943376, 7016803.326100000180304 ], [ 667124.104199999943376, 7016875.326100000180304 ], [ 667088.104199999943376, 7016947.326100000180304 ], [ 667016.104199999943376, 7017001.326100000180304 ], [ 666944.104199999943376, 7017055.326100000180304 ], [ 666854.104199999943376, 7017091.326100000180304 ], [ 666764.104199999943376, 7017145.326100000180304 ], [ 666674.104199999943376, 7017199.326100000180304 ], [ 666584.104199999943376, 7017271.326100000180304 ], [ 666494.104199999943376, 7017343.326100000180304 ], [ 666422.104199999943376, 7017433.326100000180304 ], [ 666368.104199999943376, 7017523.326100000180304 ], [ 666332.104199999943376, 7017613.326100000180304 ], [ 666332.104199999943376, 7017685.326100000180304 ], [ 666368.104199999943376, 7017757.326100000180304 ], [ 666422.104199999943376, 7017811.326100000180304 ], [ 666494.104199999943376, 7017847.326100000180304 ], [ 666584.104199999943376, 7017865.326100000180304 ], [ 666674.104199999943376, 7017883.326100000180304 ], [ 666764.104199999943376, 7017883.326100000180304 ], [ 666854.104199999943376, 7017865.326100000180304 ], [ 666944.104199999943376, 7017829.326100000180304 ], [ 667034.104199999943376, 7017775.326100000180304 ], [ 667124.104199999943376, 7017703.326100000180304 ], [ 667214.104199999943376, 7017631.326100000180304 ], [ 667304.104199999943376, 7017577.326100000180304 ], [ 667394.104199999943376, 7017541.326100000180304 ], [ 667484.104199999943376, 7017505.326100000180304 ], [ 667574.104199999943376, 7017487.326100000180304 ], [ 667664.104199999943376, 7017469.326100000180304 ], [ 667754.104199999943376, 7017451.326100000180304 ], [ 667844.104199999943376, 7017433.326100000180304 ], [ 667934.104199999943376, 7017433.326100000180304 ], [ 668024.104199999943376, 7017433.326100000180304 ], [ 668114.104199999943376, 7017433.326100000180304 ], [ 668204.104199999943376, 7017433.326100000180304 ], [ 668294.104199999943376, 7017433.326100000180304 ], [ 668384.104199999943376, 7017433.326100000180304 ], [ 668474.104199999943376, 7017433.326100000180304 ], [ 668564.104199999943376, 7017451.326100000180304 ], [ 668654.104199999943376, 7017469.326100000180304 ], [ 668744.104199999943376, 7017487.326100000180304 ], [ 668834.104199999943376, 7017505.326100000180304 ], [ 668924.104199999943376, 7017541.326100000180304 ], [ 669014.104199999943376, 7017559.326100000180304 ], [ 669104.104199999943376, 7017577.326100000180304 ], [ 669194.104199999943376, 7017595.326100000180304 ], [ 669284.104199999943376, 7017613.326100000180304 ], [ 669374.104199999943376, 7017631.326100000180304 ], [ 669464.104199999943376, 7017667.326100000180304 ], [ 669536.104199999943376, 7017721.326100000180304 ], [ 669608.104199999943376, 7017793.326100000180304 ], [ 669662.104199999943376, 7017883.326100000180304 ], [ 669698.104199999943376, 7017973.326100000180304 ], [ 669716.104199999943376, 7018063.326100000180304 ], [ 669716.104199999943376, 7018153.326100000180304 ], [ 669698.104199999943376, 7018243.326100000180304 ], [ 669680.104199999943376, 7018333.326100000180304 ], [ 669662.104199999943376, 7018423.326100000180304 ], [ 669644.104199999943376, 7018513.326100000180304 ], [ 669644.104199999943376, 7018603.326100000180304 ], [ 669662.104199999943376, 7018693.326100000180304 ], [ 669698.104199999943376, 7018783.326100000180304 ], [ 669752.104199999943376, 7018855.326100000180304 ], [ 669824.104199999943376, 7018927.326100000180304 ], [ 669914.104199999943376, 7018999.326100000180304 ], [ 670004.104199999943376, 7019071.326100000180304 ], [ 670094.104199999943376, 7019143.326100000180304 ], [ 670166.104199999943376, 7019233.326100000180304 ], [ 670238.104199999943376, 7019323.326100000180304 ], [ 670292.104199999943376, 7019413.326100000180304 ], [ 670328.104199999943376, 7019503.326100000180304 ], [ 670364.104199999943376, 7019593.326100000180304 ], [ 670400.104199999943376, 7019683.326100000180304 ], [ 670418.104199999943376, 7019773.326100000180304 ], [ 670436.104199999943376, 7019863.326100000180304 ], [ 670472.104199999943376, 7019953.326100000180304 ], [ 670490.104199999943376, 7020043.326100000180304 ], [ 670508.104199999943376, 7020133.326100000180304 ], [ 670544.104199999943376, 7020223.326100000180304 ], [ 670580.104199999943376, 7020313.326100000180304 ], [ 670598.104199999943376, 7020403.326100000180304 ], [ 670634.104199999943376, 7020493.326100000180304 ], [ 670670.104199999943376, 7020583.326100000180304 ], [ 670688.104199999943376, 7020673.326100000180304 ], [ 670706.104199999943376, 7020763.326100000180304 ], [ 670742.104199999943376, 7020853.326100000180304 ], [ 670760.104199999943376, 7020943.326100000180304 ], [ 670778.104199999943376, 7021033.326100000180304 ], [ 670796.104199999943376, 7021123.326100000180304 ], [ 670814.104199999943376, 7021213.326100000180304 ], [ 670814.104199999943376, 7021303.326100000180304 ], [ 670814.104199999943376, 7021393.326100000180304 ], [ 670814.104199999943376, 7021483.326100000180304 ], [ 670832.104199999943376, 7021573.326100000180304 ], [ 670868.104199999943376, 7021663.326100000180304 ], [ 670922.104199999943376, 7021753.326100000180304 ], [ 670994.104199999943376, 7021825.326100000180304 ], [ 671084.104199999943376, 7021897.326100000180304 ], [ 671174.104199999943376, 7021951.326100000180304 ], [ 671264.104199999943376, 7022005.326100000180304 ], [ 671354.104199999943376, 7022041.326100000180304 ], [ 671444.104199999943376, 7022077.326100000180304 ], [ 671534.104199999943376, 7022113.326100000180304 ], [ 671624.104199999943376, 7022149.326100000180304 ], [ 671714.104199999943376, 7022167.326100000180304 ], [ 671804.104199999943376, 7022185.326100000180304 ], [ 671894.104199999943376, 7022203.326100000180304 ], [ 671984.104199999943376, 7022185.326100000180304 ], [ 672074.104199999943376, 7022167.326100000180304 ], [ 672164.104199999943376, 7022149.326100000180304 ], [ 672254.104199999943376, 7022131.326100000180304 ], [ 672344.104199999943376, 7022131.326100000180304 ], [ 672416.104199999943376, 7022167.326100000180304 ], [ 672470.104199999943376, 7022221.326100000180304 ], [ 672524.104199999943376, 7022293.326100000180304 ], [ 672578.104199999943376, 7022383.326100000180304 ], [ 672632.104199999943376, 7022473.326100000180304 ], [ 672704.104199999943376, 7022563.326100000180304 ], [ 672794.104199999943376, 7022653.326100000180304 ], [ 672884.104199999943376, 7022743.326100000180304 ], [ 672974.104199999943376, 7022833.326100000180304 ], [ 673064.104199999943376, 7022923.326100000180304 ], [ 673154.104199999943376, 7023013.326100000180304 ], [ 673244.104199999943376, 7023103.326100000180304 ], [ 673334.104199999943376, 7023175.326100000180304 ], [ 673424.104199999943376, 7023229.326100000180304 ], [ 673514.104199999943376, 7023283.326100000180304 ], [ 673604.104199999943376, 7023319.326100000180304 ], [ 673694.104199999943376, 7023337.326100000180304 ], [ 673784.104199999943376, 7023355.326100000180304 ], [ 673874.104199999943376, 7023373.326100000180304 ], [ 673964.104199999943376, 7023373.326100000180304 ], [ 674054.104199999943376, 7023373.326100000180304 ], [ 674144.104199999943376, 7023391.326100000180304 ], [ 674234.104199999943376, 7023427.326100000180304 ], [ 674324.104199999943376, 7023463.326100000180304 ], [ 674414.104199999943376, 7023517.326100000180304 ], [ 674504.104199999943376, 7023571.326100000180304 ], [ 674594.104199999943376, 7023625.326100000180304 ], [ 674666.104199999943376, 7023679.326100000180304 ], [ 674720.104199999943376, 7023751.326100000180304 ], [ 674774.104199999943376, 7023823.326100000180304 ], [ 674828.104199999943376, 7023913.326100000180304 ], [ 674882.104199999943376, 7024003.326100000180304 ], [ 674954.104199999943376, 7024075.326100000180304 ], [ 675044.104199999943376, 7024147.326100000180304 ], [ 675134.104199999943376, 7024219.326100000180304 ], [ 675224.104199999943376, 7024273.326100000180304 ], [ 675314.104199999943376, 7024309.326100000180304 ], [ 675363.759399999980815, 7024329.18819999974221 ] ] } },
{ "type": "Feature", "properties": { "river": "Itajai_Acu", "reach": "R3" }, "geometry": { "type": "LineString", "coordinates": [ [ 675363.759399999980815, 7024329.18819999974221 ], [ 675404.104199999943376, 7024345.326100000180304 ], [ 675494.104199999943376, 7024363.326100000180304 ], [ 675584.104199999943376, 7024381.326100000180304 ], [ 675674.104199999943376, 7024399.326100000180304 ], [ 675764.104199999943376, 7024435.326100000180304 ], [ 675854.104199999943376, 7024489.326100000180304 ], [ 675944.104199999943376, 7024543.326100000180304 ], [ 676034.104199999943376, 7024597.326100000180304 ], [ 676124.104199999943376, 7024669.326100000180304 ], [ 676214.104199999943376, 7024741.326100000180304 ], [ 676304.104199999943376, 7024813.326100000180304 ], [ 676394.104199999943376, 7024903.326100000180304 ], [ 676466.104199999943376, 7024993.326100000180304 ], [ 676538.104199999943376, 7025083.326100000180304 ], [ 676610.104199999943376, 7025173.326100000180304 ], [ 676682.104199999943376, 7025263.326100000180304 ], [ 676754.104199999943376, 7025335.326100000180304 ], [ 676844.104199999943376, 7025389.326100000180304 ], [ 676934.104199999943376, 7025425.326100000180304 ], [ 677024.104199999943376, 7025425.326100000180304 ], [ 677114.104199999943376, 7025407.326100000180304 ], [ 677204.104199999943376, 7025371.326100000180304 ], [ 677276.104199999943376, 7025317.326100000180304 ], [ 677348.104199999943376, 7025245.326100000180304 ], [ 677420.104199999943376, 7025173.326100000180304 ], [ 677492.104199999943376, 7025083.326100000180304 ], [ 677564.104199999943376, 7025029.326100000180304 ], [ 677654.104199999943376, 7024993.326100000180304 ], [ 677744.104199999943376, 7024975.326100000180304 ], [ 677834.104199999943376, 7024975.326100000180304 ], [ 677924.104199999943376, 7024975.326100000180304 ], [ 678014.104199999943376, 7024957.326100000180304 ], [ 678104.104199999943376, 7024921.326100000180304 ], [ 678194.104199999943376, 7024867.326100000180304 ], [ 678284.104199999943376, 7024813.326100000180304 ], [ 678374.104199999943376, 7024777.326100000180304 ], [ 678464.104199999943376, 7024723.326100000180304 ], [ 678554.104199999943376, 7024669.326100000180304 ], [ 678644.104199999943376, 7024633.326100000180304 ], [ 678734.104199999943376, 7024597.326100000180304 ], [ 678824.104199999943376, 7024579.326100000180304 ], [ 678896.104199999943376, 7024597.326100000180304 ], [ 678968.104199999943376, 7024651.326100000180304 ], [ 679040.104199999943376, 7024705.326100000180304 ], [ 679112.104199999943376, 7024759.326100000180304 ], [ 679184.104199999943376, 7024795.326100000180304 ], [ 679274.104199999943376, 7024813.326100000180304 ], [ 679364.104199999943376, 7024813.326100000180304 ], [ 679454.104199999943376, 7024795.326100000180304 ], [ 679544.104199999943376, 7024777.326100000180304 ], [ 679634.104199999943376, 7024777.326100000180304 ], [ 679724.104199999943376, 7024795.326100000180304 ], [ 679796.104199999943376, 7024831.326100000180304 ], [ 679868.104199999943376, 7024903.326100000180304 ], [ 679940.104199999943376, 7024993.326100000180304 ], [ 679994.104199999943376, 7025083.326100000180304 ], [ 680048.104199999943376, 7025173.326100000180304 ], [ 680120.104199999943376, 7025263.326100000180304 ], [ 680192.104199999943376, 7025353.326100000180304 ], [ 680264.104199999943376, 7025443.326100000180304 ], [ 680354.104199999943376, 7025533.326100000180304 ], [ 680444.104199999943376, 7025623.326100000180304 ], [ 680534.104199999943376, 7025695.326100000180304 ], [ 680624.104199999943376, 7025749.326100000180304 ], [ 680714.104199999943376, 7025785.326100000180304 ], [ 680804.104199999943376, 7025785.326100000180304 ], [ 680894.104199999943376, 7025767.326100000180304 ], [ 680984.104199999943376, 7025749.326100000180304 ], [ 681074.104199999943376, 7025713.326100000180304 ], [ 681164.104199999943376, 7025677.326100000180304 ], [ 681254.104199999943376, 7025641.326100000180304 ], [ 681344.104199999943376, 7025605.326100000180304 ], [ 681434.104199999943376, 7025551.326100000180304 ], [ 681524.104199999943376, 7025515.326100000180304 ], [ 681614.104199999943376, 7025479.326100000180304 ], [ 681704.104199999943376, 7025443.326100000180304 ], [ 681794.104199999943376, 7025407.326100000180304 ], [ 681884.104199999943376, 7025371.326100000180304 ], [ 681974.104199999943376, 7025335.326100000180304 ], [ 682064.104199999943376, 7025281.326100000180304 ], [ 682154.104199999943376, 7025245.326100000180304 ], [ 682244.104199999943376, 7025191.326100000180304 ], [ 682334.104199999943376, 7025137.326100000180304 ], [ 682424.104199999943376, 7025065.326100000180304 ], [ 682514.104199999943376, 7024993.326100000180304 ], [ 682586.104199999943376, 7024903.326100000180304 ], [ 682658.104199999943376, 7024831.326100000180304 ], [ 682730.104199999943376, 7024759.326100000180304 ], [ 682784.104199999943376, 7024687.326100000180304 ], [ 682838.104199999943376, 7024615.326100000180304 ], [ 682910.104199999943376, 7024543.326100000180304 ], [ 682982.104199999943376, 7024453.326100000180304 ], [ 683054.104199999943376, 7024363.326100000180304 ], [ 683144.104199999943376, 7024273.326100000180304 ], [ 683234.104199999943376, 7024183.326100000180304 ], [ 683324.104199999943376, 7024093.326100000180304 ], [ 683414.104199999943376, 7024003.326100000180304 ], [ 683504.104199999943376, 7023913.326100000180304 ], [ 683594.104199999943376, 7023823.326100000180304 ], [ 683684.104199999943376, 7023751.326100000180304 ], [ 683774.104199999943376, 7023697.326100000180304 ], [ 683864.104199999943376, 7023661.326100000180304 ], [ 683954.104199999943376, 7023661.326100000180304 ], [ 684044.104199999943376, 7023697.326100000180304 ], [ 684134.104199999943376, 7023751.326100000180304 ], [ 684224.104199999943376, 7023823.326100000180304 ], [ 684314.104199999943376, 7023895.326100000180304 ], [ 684404.104199999943376, 7023967.326100000180304 ], [ 684494.104199999943376, 7024021.326100000180304 ], [ 684584.104199999943376, 7024075.326100000180304 ], [ 684674.104199999943376, 7024129.326100000180304 ], [ 684764.104199999943376, 7024183.326100000180304 ], [ 684854.104199999943376, 7024219.326100000180304 ], [ 684944.104199999943376, 7024273.326100000180304 ], [ 685034.104199999943376, 7024309.326100000180304 ], [ 685124.104199999943376, 7024327.326100000180304 ], [ 685214.104199999943376, 7024345.326100000180304 ], [ 685304.104199999943376, 7024363.326100000180304 ] ] } },
{ "type": "Feature", "properties": { "river": "Itajai_Acu", "reach": "R4" }, "geometry": { "type": "LineString", "coordinates": [ [ 685304.104199999943376, 7024363.326100000180304 ], [ 685394.104199999943376, 7024363.326100000180304 ], [ 685484.104199999943376, 7024363.326100000180304 ], [ 685574.104199999943376, 7024363.326100000180304 ], [ 685664.104199999943376, 7024363.326100000180304 ], [ 685754.104199999943376, 7024345.326100000180304 ], [ 685844.104199999943376, 7024327.326100000180304 ], [ 685934.104199999943376, 7024309.326100000180304 ], [ 686024.104199999943376, 7024291.326100000180304 ], [ 686114.104199999943376, 7024291.326100000180304 ], [ 686204.104199999943376, 7024309.326100000180304 ], [ 686294.104199999943376, 7024345.326100000180304 ], [ 686384.104199999943376, 7024399.326100000180304 ], [ 686474.104199999943376, 7024471.326100000180304 ], [ 686564.104199999943376, 7024543.326100000180304 ], [ 686654.104199999943376, 7024615.326100000180304 ], [ 686744.104199999943376, 7024687.326100000180304 ], [ 686834.104199999943376, 7024741.326100000180304 ], [ 686924.104199999943376, 7024777.326100000180304 ], [ 687014.104199999943376, 7024795.326100000180304 ], [ 687086.104199999943376, 7024831.326100000180304 ], [ 687158.104199999943376, 7024849.326100000180304 ], [ 687230.104199999943376, 7024885.326100000180304 ], [ 687284.104199999943376, 7024939.326100000180304 ], [ 687302.104199999943376, 7025011.326100000180304 ], [ 687338.104199999943376, 7025083.326100000180304 ], [ 687374.104199999943376, 7025155.326100000180304 ], [ 687410.104199999943376, 7025227.326100000180304 ], [ 687446.104199999943376, 7025299.326100000180304 ], [ 687500.104199999943376, 7025371.326100000180304 ], [ 687536.104199999943376, 7025443.326100000180304 ], [ 687572.104199999943376, 7025515.326100000180304 ], [ 687608.104199999943376, 7025569.326100000180304 ], [ 687662.104199999943376, 7025605.326100000180304 ], [ 687734.104199999943376, 7025623.326100000180304 ], [ 687824.104199999943376, 7025623.326100000180304 ], [ 687914.104199999943376, 7025605.326100000180304 ], [ 688004.104199999943376, 7025587.326100000180304 ], [ 688094.104199999943376, 7025551.326100000180304 ], [ 688184.104199999943376, 7025515.326100000180304 ], [ 688274.104199999943376, 7025461.326100000180304 ], [ 688364.104199999943376, 7025425.326100000180304 ], [ 688454.104199999943376, 7025389.326100000180304 ], [ 688544.104199999943376, 7025353.326100000180304 ], [ 688634.104199999943376, 7025317.326100000180304 ], [ 688724.104199999943376, 7025317.326100000180304 ], [ 688796.104199999943376, 7025335.326100000180304 ], [ 688850.104199999943376, 7025371.326100000180304 ], [ 688886.104199999943376, 7025443.326100000180304 ], [ 688904.104199999943376, 7025533.326100000180304 ], [ 688922.104199999943376, 7025605.326100000180304 ], [ 688958.104199999943376, 7025659.326100000180304 ], [ 689012.104199999943376, 7025713.326100000180304 ], [ 689084.104199999943376, 7025767.326100000180304 ], [ 689174.104199999943376, 7025803.326100000180304 ], [ 689264.104199999943376, 7025839.326100000180304 ], [ 689354.104199999943376, 7025857.326100000180304 ], [ 689444.104199999943376, 7025839.326100000180304 ], [ 689534.104199999943376, 7025785.326100000180304 ], [ 689624.104199999943376, 7025713.326100000180304 ], [ 689696.104199999943376, 7025623.326100000180304 ], [ 689768.104199999943376, 7025533.326100000180304 ], [ 689822.104199999943376, 7025443.326100000180304 ], [ 689858.104199999943376, 7025353.326100000180304 ], [ 689876.104199999943376, 7025263.326100000180304 ], [ 689912.104199999943376, 7025173.326100000180304 ], [ 689930.104199999943376, 7025083.326100000180304 ], [ 689966.104199999943376, 7024993.326100000180304 ], [ 690020.104199999943376, 7024903.326100000180304 ], [ 690074.104199999943376, 7024813.326100000180304 ], [ 690110.104199999943376, 7024723.326100000180304 ], [ 690164.104199999943376, 7024633.326100000180304 ], [ 690200.104199999943376, 7024543.326100000180304 ], [ 690236.104199999943376, 7024453.326100000180304 ], [ 690290.104199999943376, 7024363.326100000180304 ], [ 690362.104199999943376, 7024273.326100000180304 ], [ 690434.104199999943376, 7024183.326100000180304 ], [ 690524.104199999943376, 7024093.326100000180304 ], [ 690614.104199999943376, 7024003.326100000180304 ], [ 690704.104199999943376, 7023913.326100000180304 ], [ 690794.104199999943376, 7023823.326100000180304 ], [ 690884.104199999943376, 7023733.326100000180304 ], [ 690974.104199999943376, 7023643.326100000180304 ], [ 691064.104199999943376, 7023553.326100000180304 ], [ 691154.104199999943376, 7023481.326100000180304 ], [ 691244.104199999943376, 7023427.326100000180304 ], [ 691334.104199999943376, 7023391.326100000180304 ], [ 691424.104199999943376, 7023373.326100000180304 ], [ 691514.104199999943376, 7023391.326100000180304 ], [ 691604.104199999943376, 7023409.326100000180304 ], [ 691694.104199999943376, 7023445.326100000180304 ], [ 691784.104199999943376, 7023481.326100000180304 ], [ 691874.104199999943376, 7023517.326100000180304 ], [ 691964.104199999943376, 7023553.326100000180304 ], [ 692054.104199999943376, 7023589.326100000180304 ], [ 692144.104199999943376, 7023607.326100000180304 ], [ 692234.104199999943376, 7023643.326100000180304 ], [ 692324.104199999943376, 7023679.326100000180304 ], [ 692414.104199999943376, 7023697.326100000180304 ], [ 692504.104199999943376, 7023697.326100000180304 ], [ 692576.104199999943376, 7023679.326100000180304 ], [ 692630.104199999943376, 7023625.326100000180304 ], [ 692666.104199999943376, 7023553.326100000180304 ], [ 692666.104199999943376, 7023463.326100000180304 ], [ 692630.104199999943376, 7023373.326100000180304 ], [ 692576.104199999943376, 7023283.326100000180304 ], [ 692504.104199999943376, 7023193.326100000180304 ], [ 692414.104199999943376, 7023103.326100000180304 ], [ 692324.104199999943376, 7023013.326100000180304 ], [ 692234.104199999943376, 7022923.326100000180304 ], [ 692144.104199999943376, 7022833.326100000180304 ], [ 692072.104199999943376, 7022743.326100000180304 ], [ 692000.104199999943376, 7022653.326100000180304 ], [ 691928.104199999943376, 7022563.326100000180304 ], [ 691874.104199999943376, 7022473.326100000180304 ], [ 691838.104199999943376, 7022383.326100000180304 ], [ 691802.104199999943376, 7022293.326100000180304 ], [ 691784.104199999943376, 7022203.326100000180304 ], [ 691784.104199999943376, 7022113.326100000180304 ], [ 691784.104199999943376, 7022023.326100000180304 ], [ 691784.104199999943376, 7021933.326100000180304 ], [ 691784.104199999943376, 7021843.326100000180304 ], [ 691802.104199999943376, 7021753.326100000180304 ], [ 691820.104199999943376, 7021663.326100000180304 ], [ 691838.104199999943376, 7021573.326100000180304 ], [ 691874.104199999943376, 7021483.326100000180304 ], [ 691928.104199999943376, 7021393.326100000180304 ], [ 691982.104199999943376, 7021303.326100000180304 ], [ 692054.104199999943376, 7021213.326100000180304 ], [ 692144.104199999943376, 7021141.326100000180304 ], [ 692234.104199999943376, 7021069.326100000180304 ], [ 692324.104199999943376, 7020997.326100000180304 ], [ 692414.104199999943376, 7020943.326100000180304 ], [ 692504.104199999943376, 7020925.326100000180304 ], [ 692576.104199999943376, 7020925.326100000180304 ], [ 692630.104199999943376, 7020961.326100000180304 ], [ 692666.104199999943376, 7021033.326100000180304 ], [ 692684.104199999943376, 7021123.326100000180304 ], [ 692684.104199999943376, 7021213.326100000180304 ], [ 692684.104199999943376, 7021303.326100000180304 ], [ 692702.104199999943376, 7021393.326100000180304 ], [ 692738.104199999943376, 7021483.326100000180304 ], [ 692792.104199999943376, 7021573.326100000180304 ], [ 692864.104199999943376, 7021645.326100000180304 ], [ 692954.104199999943376, 7021717.326100000180304 ], [ 693044.104199999943376, 7021771.326100000180304 ], [ 693134.104199999943376, 7021807.326100000180304 ], [ 693224.104199999943376, 7021825.326100000180304 ], [ 693314.104199999943376, 7021843.326100000180304 ], [ 693404.104199999943376, 7021861.326100000180304 ], [ 693494.104199999943376, 7021879.326100000180304 ], [ 693584.104199999943376, 7021897.326100000180304 ], [ 693674.104199999943376, 7021915.326100000180304 ], [ 693764.104199999943376, 7021951.326100000180304 ], [ 693854.104199999943376, 7021987.326100000180304 ], [ 693944.104199999943376, 7022041.326100000180304 ], [ 694034.104199999943376, 7022113.326100000180304 ], [ 694106.104199999943376, 7022203.326100000180304 ], [ 694160.104199999943376, 7022293.326100000180304 ], [ 694196.104199999943376, 7022383.326100000180304 ], [ 694214.104199999943376, 7022473.326100000180304 ], [ 694214.104199999943376, 7022563.326100000180304 ], [ 694214.104199999943376, 7022653.326100000180304 ], [ 694214.104199999943376, 7022743.326100000180304 ], [ 694214.104199999943376, 7022833.326100000180304 ], [ 694196.104199999943376, 7022923.326100000180304 ], [ 694178.104199999943376, 7023013.326100000180304 ], [ 694160.104199999943376, 7023103.326100000180304 ], [ 694142.104199999943376, 7023193.326100000180304 ], [ 694142.104199999943376, 7023283.326100000180304 ], [ 694178.104199999943376, 7023373.326100000180304 ], [ 694232.104199999943376, 7023445.326100000180304 ], [ 694304.104199999943376, 7023499.326100000180304 ], [ 694394.104199999943376, 7023535.326100000180304 ], [ 694484.104199999943376, 7023553.326100000180304 ], [ 694574.104199999943376, 7023535.326100000180304 ], [ 694646.104199999943376, 7023499.326100000180304 ], [ 694718.104199999943376, 7023445.326100000180304 ], [ 694772.104199999943376, 7023373.326100000180304 ], [ 694826.104199999943376, 7023283.326100000180304 ], [ 694880.104199999943376, 7023193.326100000180304 ], [ 694952.104199999943376, 7023103.326100000180304 ], [ 695024.104199999943376, 7023013.326100000180304 ], [ 695114.104199999943376, 7022923.326100000180304 ], [ 695204.104199999943376, 7022833.326100000180304 ], [ 695294.104199999943376, 7022743.326100000180304 ], [ 695384.104199999943376, 7022653.326100000180304 ], [ 695474.104199999943376, 7022563.326100000180304 ], [ 695564.104199999943376, 7022473.326100000180304 ], [ 695654.104199999943376, 7022383.326100000180304 ], [ 695744.104199999943376, 7022311.326100000180304 ], [ 695834.104199999943376, 7022257.326100000180304 ], [ 695924.104199999943376, 7022221.326100000180304 ], [ 696014.104199999943376, 7022203.326100000180304 ], [ 696104.104199999943376, 7022203.326100000180304 ], [ 696194.104199999943376, 7022203.326100000180304 ], [ 696284.104199999943376, 7022221.326100000180304 ], [ 696374.104199999943376, 7022257.326100000180304 ], [ 696464.104199999943376, 7022311.326100000180304 ], [ 696554.104199999943376, 7022383.326100000180304 ], [ 696644.104199999943376, 7022473.326100000180304 ], [ 696716.104199999943376, 7022563.326100000180304 ], [ 696788.104199999943376, 7022653.326100000180304 ], [ 696842.104199999943376, 7022743.326100000180304 ], [ 696878.104199999943376, 7022833.326100000180304 ], [ 696896.104199999943376, 7022923.326100000180304 ], [ 696914.104199999943376, 7023013.326100000180304 ], [ 696932.104199999943376, 7023103.326100000180304 ], [ 696968.104199999943376, 7023193.326100000180304 ], [ 697022.104199999943376, 7023283.326100000180304 ], [ 697094.104199999943376, 7023373.326100000180304 ], [ 697184.104199999943376, 7023445.326100000180304 ], [ 697274.104199999943376, 7023517.326100000180304 ], [ 697364.104199999943376, 7023571.326100000180304 ], [ 697454.104199999943376, 7023625.326100000180304 ], [ 697544.104199999943376, 7023661.326100000180304 ], [ 697634.104199999943376, 7023697.326100000180304 ], [ 697724.104199999943376, 7023733.326100000180304 ], [ 697814.104199999943376, 7023769.326100000180304 ], [ 697904.104199999943376, 7023787.326100000180304 ], [ 697994.104199999943376, 7023805.326100000180304 ], [ 698084.104199999943376, 7023823.326100000180304 ], [ 698174.104199999943376, 7023823.326100000180304 ], [ 698264.104199999943376, 7023823.326100000180304 ], [ 698354.104199999943376, 7023841.326100000180304 ], [ 698444.104199999943376, 7023859.326100000180304 ], [ 698534.104199999943376, 7023877.326100000180304 ], [ 698624.104199999943376, 7023913.326100000180304 ], [ 698714.104199999943376, 7023949.326100000180304 ], [ 698804.104199999943376, 7023967.326100000180304 ], [ 698894.104199999943376, 7023985.326100000180304 ], [ 698984.104199999943376, 7024003.326100000180304 ], [ 699074.104199999943376, 7024003.326100000180304 ], [ 699164.104199999943376, 7024003.326100000180304 ], [ 699254.104199999943376, 7024003.326100000180304 ], [ 699344.104199999943376, 7023985.326100000180304 ], [ 699434.104199999943376, 7023949.326100000180304 ], [ 699506.104199999943376, 7023895.326100000180304 ], [ 699578.104199999943376, 7023823.326100000180304 ], [ 699632.104199999943376, 7023733.326100000180304 ], [ 699668.104199999943376, 7023643.326100000180304 ], [ 699686.104199999943376, 7023553.326100000180304 ], [ 699704.104199999943376, 7023463.326100000180304 ], [ 699704.104199999943376, 7023373.326100000180304 ], [ 699704.104199999943376, 7023283.326100000180304 ], [ 699704.104199999943376, 7023193.326100000180304 ], [ 699704.104199999943376, 7023103.326100000180304 ], [ 699704.104199999943376, 7023013.326100000180304 ], [ 699704.104199999943376, 7022923.326100000180304 ], [ 699722.104199999943376, 7022833.326100000180304 ], [ 699740.104199999943376, 7022743.326100000180304 ], [ 699776.104199999943376, 7022653.326100000180304 ], [ 699812.104199999943376, 7022563.326100000180304 ], [ 699866.104199999943376, 7022473.326100000180304 ], [ 699920.104199999943376, 7022383.326100000180304 ], [ 699992.104199999943376, 7022293.326100000180304 ], [ 700064.104199999943376, 7022203.326100000180304 ], [ 700136.104199999943376, 7022113.326100000180304 ], [ 700208.104199999943376, 7022023.326100000180304 ], [ 700280.104199999943376, 7021933.326100000180304 ], [ 700352.104199999943376, 7021843.326100000180304 ], [ 700424.104199999943376, 7021753.326100000180304 ], [ 700514.104199999943376, 7021663.326100000180304 ], [ 700604.104199999943376, 7021573.326100000180304 ], [ 700694.104199999943376, 7021483.326100000180304 ], [ 700784.104199999943376, 7021393.326100000180304 ], [ 700874.104199999943376, 7021303.326100000180304 ], [ 700964.104199999943376, 7021213.326100000180304 ], [ 701054.104199999943376, 7021141.326100000180304 ], [ 701144.104199999943376, 7021069.326100000180304 ], [ 701234.104199999943376, 7020997.326100000180304 ], [ 701324.104199999943376, 7020943.326100000180304 ], [ 701414.104199999943376, 7020889.326100000180304 ], [ 701504.104199999943376, 7020817.326100000180304 ], [ 701594.104199999943376, 7020763.326100000180304 ], [ 701684.104199999943376, 7020709.326100000180304 ], [ 701774.104199999943376, 7020637.326100000180304 ], [ 701864.104199999943376, 7020565.326100000180304 ], [ 701954.104199999943376, 7020493.326100000180304 ], [ 702044.104199999943376, 7020403.326100000180304 ], [ 702134.104199999943376, 7020313.326100000180304 ], [ 702224.104199999943376, 7020223.326100000180304 ], [ 702314.104199999943376, 7020133.326100000180304 ], [ 702404.104199999943376, 7020061.326100000180304 ], [ 702494.104199999943376, 7020007.326100000180304 ], [ 702584.104199999943376, 7019971.326100000180304 ], [ 702674.104199999943376, 7019953.326100000180304 ], [ 702764.104199999943376, 7019953.326100000180304 ], [ 702854.104199999943376, 7019971.326100000180304 ], [ 702944.104199999943376, 7020007.326100000180304 ], [ 703016.104199999943376, 7020061.326100000180304 ], [ 703088.104199999943376, 7020133.326100000180304 ], [ 703142.104199999943376, 7020223.326100000180304 ], [ 703196.104199999943376, 7020313.326100000180304 ], [ 703232.104199999943376, 7020403.326100000180304 ], [ 703286.104199999943376, 7020493.326100000180304 ], [ 703340.104199999943376, 7020583.326100000180304 ], [ 703412.104199999943376, 7020673.326100000180304 ], [ 703484.104199999943376, 7020763.326100000180304 ], [ 703574.104199999943376, 7020853.326100000180304 ], [ 703664.104199999943376, 7020943.326100000180304 ], [ 703754.104199999943376, 7021033.326100000180304 ], [ 703844.104199999943376, 7021123.326100000180304 ], [ 703934.104199999943376, 7021213.326100000180304 ], [ 704024.104199999943376, 7021303.326100000180304 ], [ 704114.104199999943376, 7021393.326100000180304 ], [ 704204.104199999943376, 7021465.326100000180304 ], [ 704294.104199999943376, 7021537.326100000180304 ], [ 704384.104199999943376, 7021591.326100000180304 ], [ 704474.104199999943376, 7021645.326100000180304 ], [ 704564.104199999943376, 7021699.326100000180304 ], [ 704654.104199999943376, 7021753.326100000180304 ], [ 704744.104199999943376, 7021807.326100000180304 ], [ 704834.104199999943376, 7021861.326100000180304 ], [ 704924.104199999943376, 7021915.326100000180304 ], [ 705014.104199999943376, 7021951.326100000180304 ], [ 705104.104199999943376, 7021987.326100000180304 ], [ 705194.104199999943376, 7022005.326100000180304 ], [ 705284.104199999943376, 7022023.326100000180304 ], [ 705374.104199999943376, 7022023.326100000180304 ], [ 705464.104199999943376, 7022023.326100000180304 ], [ 705554.104199999943376, 7022023.326100000180304 ], [ 705644.104199999943376, 7022023.326100000180304 ], [ 705734.104199999943376, 7022023.326100000180304 ], [ 705824.104199999943376, 7022005.326100000180304 ], [ 705914.104199999943376, 7021987.326100000180304 ], [ 706004.104199999943376, 7021969.326100000180304 ], [ 706094.104199999943376, 7021951.326100000180304 ], [ 706184.104199999943376, 7021933.326100000180304 ], [ 706274.104199999943376, 7021933.326100000180304 ], [ 706364.104199999943376, 7021933.326100000180304 ], [ 706454.104199999943376, 7021933.326100000180304 ], [ 706544.104199999943376, 7021933.326100000180304 ], [ 706634.104199999943376, 7021933.326100000180304 ], [ 706724.104199999943376, 7021933.326100000180304 ], [ 706814.104199999943376, 7021915.326100000180304 ], [ 706904.104199999943376, 7021897.326100000180304 ], [ 706994.104199999943376, 7021879.326100000180304 ], [ 707084.104199999943376, 7021861.326100000180304 ], [ 707174.104199999943376, 7021843.326100000180304 ], [ 707264.104199999943376, 7021843.326100000180304 ], [ 707354.104199999943376, 7021843.326100000180304 ], [ 707444.104199999943376, 7021825.326100000180304 ], [ 707534.104199999943376, 7021807.326100000180304 ], [ 707624.104199999943376, 7021771.326100000180304 ], [ 707714.104199999943376, 7021717.326100000180304 ], [ 707804.104199999943376, 7021663.326100000180304 ], [ 707894.104199999943376, 7021609.326100000180304 ], [ 707984.104199999943376, 7021537.326100000180304 ], [ 708074.104199999943376, 7021465.326100000180304 ], [ 708164.104199999943376, 7021393.326100000180304 ], [ 708254.104199999943376, 7021303.326100000180304 ], [ 708344.104199999943376, 7021213.326100000180304 ], [ 708434.104199999943376, 7021123.326100000180304 ], [ 708524.104199999943376, 7021033.326100000180304 ], [ 708614.104199999943376, 7020943.326100000180304 ], [ 708704.104199999943376, 7020853.326100000180304 ], [ 708794.104199999943376, 7020763.326100000180304 ], [ 708884.104199999943376, 7020673.326100000180304 ], [ 708974.104199999943376, 7020583.326100000180304 ], [ 709064.104199999943376, 7020493.326100000180304 ], [ 709154.104199999943376, 7020403.326100000180304 ], [ 709244.104199999943376, 7020313.326100000180304 ], [ 709334.104199999943376, 7020223.326100000180304 ], [ 709424.104199999943376, 7020151.326100000180304 ], [ 709514.104199999943376, 7020097.326100000180304 ], [ 709604.104199999943376, 7020079.326100000180304 ], [ 709694.104199999943376, 7020097.326100000180304 ], [ 709784.104199999943376, 7020151.326100000180304 ], [ 709874.104199999943376, 7020223.326100000180304 ], [ 709964.104199999943376, 7020313.326100000180304 ], [ 710054.104199999943376, 7020403.326100000180304 ], [ 710144.104199999943376, 7020493.326100000180304 ], [ 710234.104199999943376, 7020583.326100000180304 ], [ 710324.104199999943376, 7020673.326100000180304 ], [ 710414.104199999943376, 7020763.326100000180304 ], [ 710504.104199999943376, 7020853.326100000180304 ], [ 710594.104199999943376, 7020925.326100000180304 ], [ 710684.104199999943376, 7020979.326100000180304 ], [ 710774.104199999943376, 7021033.326100000180304 ], [ 710864.104199999943376, 7021069.326100000180304 ], [ 710954.104199999943376, 7021087.326100000180304 ], [ 711044.104199999943376, 7021123.326100000180304 ], [ 711134.104199999943376, 7021159.326100000180304 ], [ 711224.104199999943376, 7021195.326100000180304 ], [ 711314.104199999943376, 7021249.326100000180304 ], [ 711404.104199999943376, 7021303.326100000180304 ], [ 711494.104199999943376, 7021357.326100000180304 ], [ 711584.104199999943376, 7021429.326100000180304 ], [ 711674.104199999943376, 7021483.326100000180304 ], [ 711764.104199999943376, 7021537.326100000180304 ], [ 711854.104199999943376, 7021609.326100000180304 ], [ 711944.104199999943376, 7021663.326100000180304 ], [ 712034.104199999943376, 7021699.326100000180304 ], [ 712124.104199999943376, 7021735.326100000180304 ], [ 712214.104199999943376, 7021753.326100000180304 ], [ 712304.104199999943376, 7021753.326100000180304 ], [ 712394.104199999943376, 7021753.326100000180304 ], [ 712484.104199999943376, 7021753.326100000180304 ], [ 712574.104199999943376, 7021753.326100000180304 ], [ 712664.104199999943376, 7021753.326100000180304 ], [ 712754.104199999943376, 7021753.326100000180304 ], [ 712844.104199999943376, 7021753.326100000180304 ], [ 712934.104199999943376, 7021771.326100000180304 ], [ 713024.104199999943376, 7021789.326100000180304 ], [ 713114.104199999943376, 7021807.326100000180304 ], [ 713204.104199999943376, 7021825.326100000180304 ], [ 713294.104199999943376, 7021843.326100000180304 ], [ 713384.104199999943376, 7021861.326100000180304 ], [ 713474.104199999943376, 7021897.326100000180304 ], [ 713564.104199999943376, 7021933.326100000180304 ], [ 713654.104199999943376, 7021969.326100000180304 ], [ 713744.104199999943376, 7022005.326100000180304 ], [ 713834.104199999943376, 7022023.326100000180304 ], [ 713924.104199999943376, 7022041.326100000180304 ], [ 714014.104199999943376, 7022059.326100000180304 ], [ 714104.104199999943376, 7022077.326100000180304 ], [ 714194.104199999943376, 7022113.326100000180304 ], [ 714284.104199999943376, 7022149.326100000180304 ], [ 714374.104199999943376, 7022185.326100000180304 ], [ 714464.104199999943376, 7022221.326100000180304 ], [ 714554.104199999943376, 7022275.326100000180304 ], [ 714644.104199999943376, 7022311.326100000180304 ], [ 714734.104199999943376, 7022365.326100000180304 ], [ 714824.104199999943376, 7022401.326100000180304 ], [ 714914.104199999943376, 7022437.326100000180304 ], [ 715004.104199999943376, 7022455.326100000180304 ], [ 715094.104199999943376, 7022473.326100000180304 ], [ 715184.104199999943376, 7022491.326100000180304 ], [ 715274.104199999943376, 7022527.326100000180304 ], [ 715364.104199999943376, 7022581.326100000180304 ], [ 715436.104199999943376, 7022653.326100000180304 ], [ 715508.104199999943376, 7022743.326100000180304 ], [ 715580.104199999943376, 7022833.326100000180304 ], [ 715652.104199999943376, 7022923.326100000180304 ], [ 715724.104199999943376, 7023013.326100000180304 ], [ 715796.104199999943376, 7023103.326100000180304 ], [ 715868.104199999943376, 7023193.326100000180304 ], [ 715940.104199999943376, 7023283.326100000180304 ], [ 716012.104199999943376, 7023373.326100000180304 ], [ 716084.104199999943376, 7023463.326100000180304 ], [ 716174.104199999943376, 7023553.326100000180304 ], [ 716264.104199999943376, 7023643.326100000180304 ], [ 716354.104199999943376, 7023733.326100000180304 ], [ 716444.104199999943376, 7023823.326100000180304 ], [ 716534.104199999943376, 7023895.326100000180304 ], [ 716624.104199999943376, 7023967.326100000180304 ], [ 716714.104199999943376, 7024021.326100000180304 ], [ 716804.104199999943376, 7024075.326100000180304 ], [ 716894.104199999943376, 7024111.326100000180304 ], [ 716984.104199999943376, 7024165.326100000180304 ], [ 717074.104199999943376, 7024201.326100000180304 ], [ 717164.104199999943376, 7024237.326100000180304 ], [ 717254.104199999943376, 7024273.326100000180304 ], [ 717344.104199999943376, 7024309.326100000180304 ], [ 717434.104199999943376, 7024327.326100000180304 ], [ 717524.104199999943376, 7024345.326100000180304 ], [ 717614.104199999943376, 7024381.326100000180304 ], [ 717704.104199999943376, 7024399.326100000180304 ], [ 717794.104199999943376, 7024417.326100000180304 ], [ 717884.104199999943376, 7024453.326100000180304 ], [ 717974.104199999943376, 7024489.326100000180304 ], [ 718064.104199999943376, 7024525.326100000180304 ], [ 718154.104199999943376, 7024561.326100000180304 ], [ 718244.104199999943376, 7024615.326100000180304 ], [ 718334.104199999943376, 7024651.326100000180304 ], [ 718424.104199999943376, 7024705.326100000180304 ], [ 718514.104199999943376, 7024759.326100000180304 ], [ 718604.104199999943376, 7024831.326100000180304 ], [ 718694.104199999943376, 7024885.326100000180304 ], [ 718784.104199999943376, 7024957.326100000180304 ], [ 718874.104199999943376, 7025029.326100000180304 ], [ 718964.104199999943376, 7025101.326100000180304 ], [ 719054.104199999943376, 7025173.326100000180304 ], [ 719144.104199999943376, 7025263.326100000180304 ], [ 719234.104199999943376, 7025353.326100000180304 ], [ 719324.104199999943376, 7025443.326100000180304 ], [ 719414.104199999943376, 7025515.326100000180304 ], [ 719504.104199999943376, 7025569.326100000180304 ], [ 719594.104199999943376, 7025605.326100000180304 ], [ 719684.104199999943376, 7025623.326100000180304 ], [ 719774.104199999943376, 7025623.326100000180304 ], [ 719864.104199999943376, 7025623.326100000180304 ], [ 719954.104199999943376, 7025623.326100000180304 ], [ 720044.104199999943376, 7025623.326100000180304 ], [ 720134.104199999943376, 7025623.326100000180304 ], [ 720224.104199999943376, 7025605.326100000180304 ], [ 720314.104199999943376, 7025569.326100000180304 ], [ 720404.104199999943376, 7025515.326100000180304 ], [ 720494.104199999943376, 7025443.326100000180304 ], [ 720584.104199999943376, 7025353.326100000180304 ], [ 720674.104199999943376, 7025263.326100000180304 ], [ 720746.104199999943376, 7025173.326100000180304 ], [ 720800.104199999943376, 7025083.326100000180304 ], [ 720854.104199999943376, 7024993.326100000180304 ], [ 720890.104199999943376, 7024903.326100000180304 ], [ 720908.104199999943376, 7024813.326100000180304 ], [ 720944.104199999943376, 7024723.326100000180304 ], [ 720980.104199999943376, 7024633.326100000180304 ], [ 720998.104199999943376, 7024543.326100000180304 ], [ 721034.104199999943376, 7024453.326100000180304 ], [ 721088.104199999943376, 7024363.326100000180304 ], [ 721142.104199999943376, 7024273.326100000180304 ], [ 721214.104199999943376, 7024183.326100000180304 ], [ 721304.104199999943376, 7024093.326100000180304 ], [ 721394.104199999943376, 7024003.326100000180304 ], [ 721484.104199999943376, 7023913.326100000180304 ], [ 721574.104199999943376, 7023841.326100000180304 ], [ 721664.104199999943376, 7023805.326100000180304 ], [ 721754.104199999943376, 7023805.326100000180304 ], [ 721844.104199999943376, 7023841.326100000180304 ], [ 721934.104199999943376, 7023913.326100000180304 ], [ 722006.104199999943376, 7024003.326100000180304 ], [ 722078.104199999943376, 7024093.326100000180304 ], [ 722132.104199999943376, 7024183.326100000180304 ], [ 722168.104199999943376, 7024273.326100000180304 ], [ 722204.104199999943376, 7024363.326100000180304 ], [ 722240.104199999943376, 7024453.326100000180304 ], [ 722258.104199999943376, 7024543.326100000180304 ], [ 722276.104199999943376, 7024633.326100000180304 ], [ 722294.104199999943376, 7024723.326100000180304 ], [ 722294.104199999943376, 7024813.326100000180304 ], [ 722294.104199999943376, 7024903.326100000180304 ], [ 722294.104199999943376, 7024993.326100000180304 ], [ 722294.104199999943376, 7025083.326100000180304 ], [ 722294.104199999943376, 7025173.326100000180304 ], [ 722294.104199999943376, 7025263.326100000180304 ], [ 722294.104199999943376, 7025353.326100000180304 ], [ 722294.104199999943376, 7025443.326100000180304 ], [ 722294.104199999943376, 7025533.326100000180304 ], [ 722294.104199999943376, 7025623.326100000180304 ], [ 722294.104199999943376, 7025713.326100000180304 ], [ 722294.104199999943376, 7025803.326100000180304 ], [ 722294.104199999943376, 7025893.326100000180304 ], [ 722294.104199999943376, 7025983.326100000180304 ], [ 722294.104199999943376, 7026073.326100000180304 ], [ 722294.104199999943376, 7026163.326100000180304 ], [ 722294.104199999943376, 7026253.326100000180304 ], [ 722294.104199999943376, 7026343.326100000180304 ], [ 722294.104199999943376, 7026433.326100000180304 ], [ 722294.104199999943376, 7026523.326100000180304 ], [ 722294.104199999943376, 7026613.326100000180304 ], [ 722294.104199999943376, 7026703.326100000180304 ], [ 722294.104199999943376, 7026793.326100000180304 ], [ 722294.104199999943376, 7026883.326100000180304 ], [ 722294.104199999943376, 7026973.326100000180304 ], [ 722294.104199999943376, 7027063.326100000180304 ], [ 722312.104199999943376, 7027153.326100000180304 ], [ 722348.104199999943376, 7027243.326100000180304 ], [ 722402.104199999943376, 7027333.326100000180304 ], [ 722474.104199999943376, 7027423.326100000180304 ], [ 722564.104199999943376, 7027495.326100000180304 ], [ 722654.104199999943376, 7027549.326100000180304 ], [ 722744.104199999943376, 7027585.326100000180304 ], [ 722834.104199999943376, 7027603.326100000180304 ], [ 722924.104199999943376, 7027603.326100000180304 ], [ 723014.104199999943376, 7027603.326100000180304 ], [ 723104.104199999943376, 7027585.326100000180304 ], [ 723194.104199999943376, 7027567.326100000180304 ], [ 723284.104199999943376, 7027549.326100000180304 ], [ 723374.104199999943376, 7027531.326100000180304 ], [ 723464.104199999943376, 7027513.326100000180304 ], [ 723554.104199999943376, 7027513.326100000180304 ], [ 723644.104199999943376, 7027495.326100000180304 ], [ 723734.104199999943376, 7027477.326100000180304 ], [ 723824.104199999943376, 7027459.326100000180304 ], [ 723914.104199999943376, 7027441.326100000180304 ], [ 724004.104199999943376, 7027423.326100000180304 ], [ 724094.104199999943376, 7027441.326100000180304 ], [ 724184.104199999943376, 7027477.326100000180304 ], [ 724274.104199999943376, 7027531.326100000180304 ], [ 724364.104199999943376, 7027603.326100000180304 ], [ 724454.104199999943376, 7027693.326100000180304 ], [ 724526.104199999943376, 7027783.326100000180304 ], [ 724598.104199999943376, 7027873.326100000180304 ], [ 724670.104199999943376, 7027963.326100000180304 ], [ 724724.104199999943376, 7028053.326100000180304 ], [ 724778.104199999943376, 7028143.326100000180304 ], [ 724832.104199999943376, 7028233.326100000180304 ], [ 724868.104199999943376, 7028323.326100000180304 ], [ 724886.104199999943376, 7028413.326100000180304 ], [ 724922.104199999943376, 7028503.326100000180304 ], [ 724940.104199999943376, 7028593.326100000180304 ], [ 724958.104199999943376, 7028683.326100000180304 ], [ 724976.104199999943376, 7028773.326100000180304 ], [ 725012.104199999943376, 7028863.326100000180304 ], [ 725048.104199999943376, 7028953.326100000180304 ], [ 725102.104199999943376, 7029043.326100000180304 ], [ 725174.104199999943376, 7029133.326100000180304 ], [ 725264.104199999943376, 7029205.326100000180304 ], [ 725354.104199999943376, 7029277.326100000180304 ], [ 725444.104199999943376, 7029331.326100000180304 ], [ 725534.104199999943376, 7029367.326100000180304 ], [ 725624.104199999943376, 7029385.326100000180304 ], [ 725714.104199999943376, 7029403.326100000180304 ], [ 725804.104199999943376, 7029385.326100000180304 ], [ 725894.104199999943376, 7029349.326100000180304 ], [ 725984.104199999943376, 7029295.326100000180304 ], [ 726074.104199999943376, 7029223.326100000180304 ], [ 726164.104199999943376, 7029133.326100000180304 ], [ 726254.104199999943376, 7029043.326100000180304 ], [ 726344.104199999943376, 7028953.326100000180304 ], [ 726416.104199999943376, 7028863.326100000180304 ], [ 726488.104199999943376, 7028773.326100000180304 ], [ 726542.104199999943376, 7028683.326100000180304 ], [ 726578.104199999943376, 7028593.326100000180304 ], [ 726596.104199999943376, 7028503.326100000180304 ], [ 726614.104199999943376, 7028413.326100000180304 ], [ 726614.104199999943376, 7028323.326100000180304 ], [ 726614.104199999943376, 7028233.326100000180304 ], [ 726614.104199999943376, 7028143.326100000180304 ], [ 726614.104199999943376, 7028053.326100000180304 ], [ 726614.104199999943376, 7027963.326100000180304 ], [ 726614.104199999943376, 7027873.326100000180304 ], [ 726614.104199999943376, 7027783.326100000180304 ], [ 726614.104199999943376, 7027693.326100000180304 ], [ 726614.104199999943376, 7027603.326100000180304 ], [ 726596.104199999943376, 7027513.326100000180304 ], [ 726560.104199999943376, 7027423.326100000180304 ], [ 726524.104199999943376, 7027333.326100000180304 ], [ 726470.104199999943376, 7027243.326100000180304 ], [ 726416.104199999943376, 7027153.326100000180304 ], [ 726362.104199999943376, 7027063.326100000180304 ], [ 726308.104199999943376, 7026973.326100000180304 ], [ 726254.104199999943376, 7026883.326100000180304 ], [ 726200.104199999943376, 7026793.326100000180304 ], [ 726146.104199999943376, 7026703.326100000180304 ], [ 726092.104199999943376, 7026613.326100000180304 ], [ 726056.104199999943376, 7026523.326100000180304 ], [ 726020.104199999943376, 7026433.326100000180304 ], [ 726002.104199999943376, 7026343.326100000180304 ], [ 725984.104199999943376, 7026253.326100000180304 ], [ 725984.104199999943376, 7026163.326100000180304 ], [ 725984.104199999943376, 7026073.326100000180304 ], [ 725984.104199999943376, 7025983.326100000180304 ], [ 725984.104199999943376, 7025893.326100000180304 ], [ 726002.104199999943376, 7025803.326100000180304 ], [ 726038.104199999943376, 7025713.326100000180304 ], [ 726092.104199999943376, 7025623.326100000180304 ], [ 726164.104199999943376, 7025533.326100000180304 ], [ 726254.104199999943376, 7025443.326100000180304 ], [ 726344.104199999943376, 7025353.326100000180304 ], [ 726434.104199999943376, 7025281.326100000180304 ], [ 726524.104199999943376, 7025227.326100000180304 ], [ 726614.104199999943376, 7025191.326100000180304 ], [ 726704.104199999943376, 7025173.326100000180304 ], [ 726794.104199999943376, 7025173.326100000180304 ], [ 726884.104199999943376, 7025173.326100000180304 ], [ 726974.104199999943376, 7025191.326100000180304 ], [ 727064.104199999943376, 7025227.326100000180304 ], [ 727154.104199999943376, 7025281.326100000180304 ], [ 727244.104199999943376, 7025353.326100000180304 ], [ 727334.104199999943376, 7025443.326100000180304 ], [ 727424.104199999943376, 7025533.326100000180304 ], [ 727514.104199999943376, 7025623.326100000180304 ], [ 727604.104199999943376, 7025713.326100000180304 ], [ 727694.104199999943376, 7025803.326100000180304 ], [ 727784.104199999943376, 7025893.326100000180304 ], [ 727874.104199999943376, 7025983.326100000180304 ], [ 727964.104199999943376, 7026073.326100000180304 ], [ 728054.104199999943376, 7026145.326100000180304 ], [ 728144.104199999943376, 7026217.326100000180304 ], [ 728234.104199999943376, 7026271.326100000180304 ], [ 728324.104199999943376, 7026325.326100000180304 ], [ 728414.104199999943376, 7026361.326100000180304 ], [ 728504.104199999943376, 7026397.326100000180304 ], [ 728594.104199999943376, 7026433.326100000180304 ], [ 728684.104199999943376, 7026469.326100000180304 ], [ 728774.104199999943376, 7026487.326100000180304 ], [ 728864.104199999943376, 7026505.326100000180304 ], [ 728954.104199999943376, 7026523.326100000180304 ], [ 729044.104199999943376, 7026505.326100000180304 ], [ 729134.104199999943376, 7026469.326100000180304 ], [ 729224.104199999943376, 7026415.326100000180304 ], [ 729296.104199999943376, 7026343.326100000180304 ], [ 729368.104199999943376, 7026253.326100000180304 ], [ 729440.104199999943376, 7026163.326100000180304 ], [ 729494.104199999943376, 7026073.326100000180304 ], [ 729530.104199999943376, 7025983.326100000180304 ], [ 729566.104199999943376, 7025893.326100000180304 ], [ 729584.104199999943376, 7025803.326100000180304 ], [ 729584.104199999943376, 7025713.326100000180304 ], [ 729584.104199999943376, 7025623.326100000180304 ], [ 729584.104199999943376, 7025533.326100000180304 ], [ 729584.104199999943376, 7025443.326100000180304 ], [ 729566.104199999943376, 7025353.326100000180304 ], [ 729548.104199999943376, 7025263.326100000180304 ], [ 729530.104199999943376, 7025173.326100000180304 ], [ 729494.104199999943376, 7025083.326100000180304 ], [ 729458.104199999943376, 7024993.326100000180304 ], [ 729440.104199999943376, 7024903.326100000180304 ], [ 729422.104199999943376, 7024813.326100000180304 ], [ 729404.104199999943376, 7024723.326100000180304 ], [ 729422.104199999943376, 7024633.326100000180304 ], [ 729458.104199999943376, 7024543.326100000180304 ], [ 729512.104199999943376, 7024453.326100000180304 ], [ 729584.104199999943376, 7024363.326100000180304 ], [ 729674.104199999943376, 7024291.326100000180304 ], [ 729764.104199999943376, 7024219.326100000180304 ], [ 729854.104199999943376, 7024165.326100000180304 ], [ 729944.104199999943376, 7024129.326100000180304 ], [ 730034.104199999943376, 7024111.326100000180304 ], [ 730124.104199999943376, 7024093.326100000180304 ], [ 730214.104199999943376, 7024093.326100000180304 ], [ 730304.104199999943376, 7024093.326100000180304 ] ] } },
{ "type": "Feature", "properties": { "river": "Itajai_Acu", "reach": "R5" }, "geometry": { "type": "LineString", "coordinates": [ [ 730304.104199999943376, 7024093.326100000180304 ], [ 730394.104199999943376, 7024111.326100000180304 ], [ 730484.104199999943376, 7024129.326100000180304 ], [ 730574.104199999943376, 7024165.326100000180304 ], [ 730664.104199999943376, 7024219.326100000180304 ], [ 730754.104199999943376, 7024273.326100000180304 ], [ 730844.104199999943376, 7024309.326100000180304 ], [ 730934.104199999943376, 7024363.326100000180304 ], [ 731024.104199999943376, 7024399.326100000180304 ], [ 731114.104199999943376, 7024417.326100000180304 ], [ 731204.104199999943376, 7024435.326100000180304 ], [ 731294.104199999943376, 7024453.326100000180304 ], [ 731384.104199999943376, 7024453.326100000180304 ], [ 731474.104199999943376, 7024435.326100000180304 ], [ 731564.104199999943376, 7024399.326100000180304 ], [ 731654.104199999943376, 7024345.326100000180304 ], [ 731726.104199999943376, 7024273.326100000180304 ], [ 731780.104199999943376, 7024183.326100000180304 ], [ 731834.104199999943376, 7024093.326100000180304 ], [ 731870.104199999943376, 7024003.326100000180304 ], [ 731888.104199999943376, 7023913.326100000180304 ], [ 731906.104199999943376, 7023823.326100000180304 ], [ 731906.104199999943376, 7023733.326100000180304 ], [ 731870.104199999943376, 7023643.326100000180304 ], [ 731816.104199999943376, 7023553.326100000180304 ], [ 731744.104199999943376, 7023463.326100000180304 ], [ 731672.104199999943376, 7023373.326100000180304 ], [ 731600.104199999943376, 7023283.326100000180304 ], [ 731546.104199999943376, 7023193.326100000180304 ], [ 731528.104199999943376, 7023103.326100000180304 ], [ 731546.104199999943376, 7023013.326100000180304 ], [ 731582.104199999943376, 7022941.326100000180304 ], [ 731654.104199999943376, 7022887.326100000180304 ], [ 731744.104199999943376, 7022833.326100000180304 ], [ 731834.104199999943376, 7022797.326100000180304 ], [ 731924.104199999943376, 7022779.326100000180304 ], [ 732014.104199999943376, 7022743.326100000180304 ], [ 732104.104199999943376, 7022707.326100000180304 ], [ 732194.104199999943376, 7022689.326100000180304 ], [ 732284.104199999943376, 7022671.326100000180304 ], [ 732374.104199999943376, 7022653.326100000180304 ], [ 732464.104199999943376, 7022635.326100000180304 ], [ 732554.104199999943376, 7022599.326100000180304 ], [ 732644.104199999943376, 7022545.326100000180304 ], [ 732734.104199999943376, 7022473.326100000180304 ], [ 732824.104199999943376, 7022383.326100000180304 ], [ 732914.104199999943376, 7022293.326100000180304 ], [ 733004.104199999943376, 7022203.326100000180304 ], [ 733094.104199999943376, 7022113.326100000180304 ], [ 733184.104199999943376, 7022023.326100000180304 ], [ 733274.104199999943376, 7021933.326100000180304 ], [ 733364.104199999943376, 7021843.326100000180304 ], [ 733454.104199999943376, 7021753.326100000180304 ], [ 733544.104199999943376, 7021663.326100000180304 ], [ 733634.104199999943376, 7021573.326100000180304 ], [ 733724.104199999943376, 7021501.326100000180304 ], [ 733814.104199999943376, 7021447.326100000180304 ], [ 733994.104199999943376, 7021393.326100000180304 ] ] } },
{ "type": "Feature", "properties": { "river": "Itajai_Norte", "reach": "R1" }, "geometry": { "type": "LineString", "coordinates": [ [ 588194.104199999943376, 7066843.326100000180304 ], [ 588338.104199999943376, 7066681.326100000180304 ], [ 588410.104199999943376, 7066627.326100000180304 ], [ 588482.104199999943376, 7066591.326100000180304 ], [ 588554.104199999943376, 7066573.326100000180304 ], [ 588644.104199999943376, 7066573.326100000180304 ], [ 588734.104199999943376, 7066591.326100000180304 ], [ 588824.104199999943376, 7066627.326100000180304 ], [ 588914.104199999943376, 7066663.326100000180304 ], [ 589004.104199999943376, 7066699.326100000180304 ], [ 589065.34250000002794, 7066723.821399999782443 ] ] } },
{ "type": "Feature", "properties": { "river": "Itajai_Norte", "reach": "R2" }, "geometry": { "type": "LineString", "coordinates": [ [ 589065.34250000002794, 7066723.821399999782443 ], [ 589094.104199999943376, 7066735.326100000180304 ], [ 589184.104199999943376, 7066735.326100000180304 ], [ 589274.104199999943376, 7066699.326100000180304 ], [ 589364.104199999943376, 7066645.326100000180304 ], [ 589454.104199999943376, 7066591.326100000180304 ], [ 589544.104199999943376, 7066519.326100000180304 ], [ 589634.104199999943376, 7066447.326100000180304 ], [ 589724.104199999943376, 7066375.326100000180304 ], [ 589814.104199999943376, 7066303.326100000180304 ], [ 589904.104199999943376, 7066213.326100000180304 ], [ 589994.104199999943376, 7066123.326100000180304 ], [ 590084.104199999943376, 7066051.326100000180304 ], [ 590174.104199999943376, 7065997.326100000180304 ], [ 590264.104199999943376, 7065961.326100000180304 ], [ 590354.104199999943376, 7065943.326100000180304 ], [ 590444.104199999943376, 7065943.326100000180304 ], [ 590534.104199999943376, 7065925.326100000180304 ], [ 590624.104199999943376, 7065907.326100000180304 ], [ 590714.104199999943376, 7065871.326100000180304 ], [ 590804.104199999943376, 7065835.326100000180304 ], [ 590894.104199999943376, 7065799.326100000180304 ], [ 590984.104199999943376, 7065781.326100000180304 ], [ 591074.104199999943376, 7065763.326100000180304 ], [ 591164.104199999943376, 7065763.326100000180304 ], [ 591254.104199999943376, 7065763.326100000180304 ], [ 591344.104199999943376, 7065763.326100000180304 ], [ 591434.104199999943376, 7065763.326100000180304 ], [ 591524.104199999943376, 7065763.326100000180304 ], [ 591614.104199999943376, 7065763.326100000180304 ], [ 591704.104199999943376, 7065781.326100000180304 ], [ 591794.104199999943376, 7065817.326100000180304 ], [ 591866.104199999943376, 7065871.326100000180304 ], [ 591938.104199999943376, 7065943.326100000180304 ], [ 592010.104199999943376, 7066015.326100000180304 ], [ 592082.104199999943376, 7066087.326100000180304 ], [ 592154.104199999943376, 7066141.326100000180304 ], [ 592244.104199999943376, 7066177.326100000180304 ], [ 592334.104199999943376, 7066195.326100000180304 ], [ 592424.104199999943376, 7066213.326100000180304 ], [ 592514.104199999943376, 7066231.326100000180304 ], [ 592604.104199999943376, 7066249.326100000180304 ], [ 592694.104199999943376, 7066285.326100000180304 ], [ 592784.104199999943376, 7066321.326100000180304 ], [ 592874.104199999943376, 7066357.326100000180304 ], [ 592964.104199999943376, 7066375.326100000180304 ], [ 593054.104199999943376, 7066375.326100000180304 ], [ 593144.104199999943376, 7066339.326100000180304 ], [ 593234.104199999943376, 7066303.326100000180304 ], [ 593324.104199999943376, 7066267.326100000180304 ], [ 593414.104199999943376, 7066231.326100000180304 ], [ 593504.104199999943376, 7066213.326100000180304 ], [ 593594.104199999943376, 7066213.326100000180304 ], [ 593684.104199999943376, 7066195.326100000180304 ], [ 593774.104199999943376, 7066177.326100000180304 ], [ 593864.104199999943376, 7066177.326100000180304 ], [ 593954.104199999943376, 7066177.326100000180304 ], [ 594044.104199999943376, 7066195.326100000180304 ], [ 594134.104199999943376, 7066231.326100000180304 ], [ 594224.104199999943376, 7066285.326100000180304 ], [ 594314.104199999943376, 7066321.326100000180304 ], [ 594404.104199999943376, 7066357.326100000180304 ], [ 594494.104199999943376, 7066375.326100000180304 ], [ 594584.104199999943376, 7066393.326100000180304 ], [ 594674.104199999943376, 7066393.326100000180304 ], [ 594764.104199999943376, 7066375.326100000180304 ], [ 594854.104199999943376, 7066357.326100000180304 ], [ 594944.104199999943376, 7066321.326100000180304 ], [ 595034.104199999943376, 7066285.326100000180304 ], [ 595124.104199999943376, 7066249.326100000180304 ], [ 595214.104199999943376, 7066231.326100000180304 ], [ 595304.104199999943376, 7066231.326100000180304 ], [ 595394.104199999943376, 7066267.326100000180304 ], [ 595484.104199999943376, 7066303.326100000180304 ], [ 595574.104199999943376, 7066339.326100000180304 ], [ 595664.104199999943376, 7066393.326100000180304 ], [ 595754.104199999943376, 7066429.326100000180304 ], [ 595844.104199999943376, 7066447.326100000180304 ], [ 595934.104199999943376, 7066465.326100000180304 ], [ 596024.104199999943376, 7066483.326100000180304 ], [ 596114.104199999943376, 7066483.326100000180304 ], [ 596204.104199999943376, 7066483.326100000180304 ], [ 596294.104199999943376, 7066483.326100000180304 ], [ 596384.104199999943376, 7066501.326100000180304 ], [ 596474.104199999943376, 7066537.326100000180304 ], [ 596564.104199999943376, 7066591.326100000180304 ], [ 596636.104199999943376, 7066663.326100000180304 ], [ 596708.104199999943376, 7066753.326100000180304 ], [ 596762.104199999943376, 7066843.326100000180304 ], [ 596798.104199999943376, 7066933.326100000180304 ], [ 596834.104199999943376, 7067023.326100000180304 ], [ 596870.104199999943376, 7067113.326100000180304 ], [ 596906.104199999943376, 7067203.326100000180304 ], [ 596960.104199999943376, 7067293.326100000180304 ], [ 597032.104199999943376, 7067383.326100000180304 ], [ 597086.104199999943376, 7067473.326100000180304 ], [ 597158.104199999943376, 7067563.326100000180304 ], [ 597230.104199999943376, 7067653.326100000180304 ], [ 597284.104199999943376, 7067743.326100000180304 ], [ 597338.104199999943376, 7067815.326100000180304 ], [ 597410.104199999943376, 7067887.326100000180304 ], [ 597482.104199999943376, 7067959.326100000180304 ], [ 597554.104199999943376, 7068031.326100000180304 ], [ 597644.104199999943376, 7068103.326100000180304 ], [ 597734.104199999943376, 7068175.326100000180304 ], [ 597824.104199999943376, 7068229.326100000180304 ], [ 597914.104199999943376, 7068247.326100000180304 ], [ 598004.104199999943376, 7068247.326100000180304 ], [ 598094.104199999943376, 7068211.326100000180304 ], [ 598184.104199999943376, 7068175.326100000180304 ], [ 598274.104199999943376, 7068121.326100000180304 ], [ 598364.104199999943376, 7068085.326100000180304 ], [ 598454.104199999943376, 7068049.326100000180304 ], [ 598544.104199999943376, 7068031.326100000180304 ], [ 598634.104199999943376, 7068013.326100000180304 ], [ 598724.104199999943376, 7068031.326100000180304 ], [ 598814.104199999943376, 7068049.326100000180304 ], [ 598904.104199999943376, 7068067.326100000180304 ], [ 598994.104199999943376, 7068085.326100000180304 ], [ 599084.104199999943376, 7068103.326100000180304 ], [ 599174.104199999943376, 7068103.326100000180304 ], [ 599264.104199999943376, 7068085.326100000180304 ], [ 599354.104199999943376, 7068067.326100000180304 ], [ 599444.104199999943376, 7068031.326100000180304 ], [ 599534.104199999943376, 7067995.326100000180304 ], [ 599624.104199999943376, 7067959.326100000180304 ], [ 599714.104199999943376, 7067941.326100000180304 ], [ 599804.104199999943376, 7067923.326100000180304 ], [ 599894.104199999943376, 7067923.326100000180304 ], [ 599984.104199999943376, 7067923.326100000180304 ], [ 600074.104199999943376, 7067905.326100000180304 ], [ 600146.104199999943376, 7067869.326100000180304 ], [ 600218.104199999943376, 7067815.326100000180304 ], [ 600272.104199999943376, 7067743.326100000180304 ], [ 600326.104199999943376, 7067653.326100000180304 ], [ 600380.104199999943376, 7067563.326100000180304 ], [ 600452.104199999943376, 7067473.326100000180304 ], [ 600524.104199999943376, 7067383.326100000180304 ], [ 600614.104199999943376, 7067311.326100000180304 ], [ 600704.104199999943376, 7067239.326100000180304 ], [ 600794.104199999943376, 7067167.326100000180304 ], [ 600884.104199999943376, 7067095.326100000180304 ], [ 600974.104199999943376, 7067041.326100000180304 ], [ 601064.104199999943376, 7066969.326100000180304 ], [ 601154.104199999943376, 7066897.326100000180304 ], [ 601226.104199999943376, 7066825.326100000180304 ], [ 601280.104199999943376, 7066753.326100000180304 ], [ 601316.104199999943376, 7066663.326100000180304 ], [ 601334.104199999943376, 7066573.326100000180304 ], [ 601334.104199999943376, 7066483.326100000180304 ], [ 601352.104199999943376, 7066393.326100000180304 ], [ 601388.104199999943376, 7066303.326100000180304 ], [ 601442.104199999943376, 7066213.326100000180304 ], [ 601514.104199999943376, 7066141.326100000180304 ], [ 601604.104199999943376, 7066105.326100000180304 ], [ 601694.104199999943376, 7066087.326100000180304 ], [ 601784.104199999943376, 7066069.326100000180304 ], [ 601874.104199999943376, 7066051.326100000180304 ], [ 601964.104199999943376, 7066015.326100000180304 ], [ 602054.104199999943376, 7065961.326100000180304 ], [ 602144.104199999943376, 7065889.326100000180304 ], [ 602234.104199999943376, 7065817.326100000180304 ], [ 602324.104199999943376, 7065745.326100000180304 ], [ 602396.104199999943376, 7065673.326100000180304 ], [ 602450.104199999943376, 7065583.326100000180304 ], [ 602468.104199999943376, 7065493.326100000180304 ], [ 602468.104199999943376, 7065403.326100000180304 ], [ 602450.104199999943376, 7065313.326100000180304 ], [ 602432.104199999943376, 7065223.326100000180304 ], [ 602432.104199999943376, 7065133.326100000180304 ], [ 602468.104199999943376, 7065061.326100000180304 ], [ 602522.104199999943376, 7064989.326100000180304 ], [ 602594.104199999943376, 7064917.326100000180304 ], [ 602666.104199999943376, 7064845.326100000180304 ], [ 602720.104199999943376, 7064773.326100000180304 ], [ 602774.104199999943376, 7064683.326100000180304 ], [ 602828.104199999943376, 7064611.326100000180304 ], [ 602882.104199999943376, 7064539.326100000180304 ], [ 602936.104199999943376, 7064467.326100000180304 ], [ 602990.104199999943376, 7064395.326100000180304 ], [ 603026.104199999943376, 7064323.326100000180304 ], [ 603062.104199999943376, 7064233.326100000180304 ], [ 603098.104199999943376, 7064143.326100000180304 ], [ 603134.104199999943376, 7064053.326100000180304 ], [ 603188.104199999943376, 7063963.326100000180304 ], [ 603260.104199999943376, 7063873.326100000180304 ], [ 603332.104199999943376, 7063783.326100000180304 ], [ 603404.104199999943376, 7063693.326100000180304 ], [ 603494.104199999943376, 7063639.326100000180304 ], [ 603584.104199999943376, 7063603.326100000180304 ], [ 603674.104199999943376, 7063585.326100000180304 ], [ 603764.104199999943376, 7063567.326100000180304 ], [ 603854.104199999943376, 7063549.326100000180304 ], [ 603908.104199999943376, 7063495.326100000180304 ], [ 603944.104199999943376, 7063423.326100000180304 ], [ 603962.104199999943376, 7063333.326100000180304 ], [ 603980.104199999943376, 7063243.326100000180304 ], [ 603980.104199999943376, 7063153.326100000180304 ], [ 603980.104199999943376, 7063063.326100000180304 ], [ 603962.104199999943376, 7062973.326100000180304 ], [ 603926.104199999943376, 7062883.326100000180304 ], [ 603854.104199999943376, 7062793.326100000180304 ], [ 603782.104199999943376, 7062703.326100000180304 ], [ 603728.104199999943376, 7062613.326100000180304 ], [ 603710.104199999943376, 7062523.326100000180304 ], [ 603728.104199999943376, 7062433.326100000180304 ], [ 603764.104199999943376, 7062343.326100000180304 ], [ 603800.104199999943376, 7062253.326100000180304 ], [ 603836.104199999943376, 7062163.326100000180304 ], [ 603872.104199999943376, 7062073.326100000180304 ], [ 603908.104199999943376, 7061983.326100000180304 ], [ 603962.104199999943376, 7061893.326100000180304 ], [ 604016.104199999943376, 7061803.326100000180304 ], [ 604052.104199999943376, 7061713.326100000180304 ], [ 604070.104199999943376, 7061623.326100000180304 ], [ 604052.104199999943376, 7061533.326100000180304 ], [ 604016.104199999943376, 7061443.326100000180304 ], [ 603998.104199999943376, 7061353.326100000180304 ], [ 603998.104199999943376, 7061263.326100000180304 ], [ 603998.104199999943376, 7061173.326100000180304 ], [ 604034.104199999943376, 7061083.326100000180304 ], [ 604088.104199999943376, 7060993.326100000180304 ], [ 604142.104199999943376, 7060903.326100000180304 ], [ 604214.104199999943376, 7060813.326100000180304 ], [ 604304.104199999943376, 7060741.326100000180304 ], [ 604394.104199999943376, 7060687.326100000180304 ], [ 604484.104199999943376, 7060669.326100000180304 ], [ 604574.104199999943376, 7060669.326100000180304 ], [ 604664.104199999943376, 7060687.326100000180304 ], [ 604754.104199999943376, 7060705.326100000180304 ], [ 604844.104199999943376, 7060705.326100000180304 ], [ 604916.104199999943376, 7060669.326100000180304 ], [ 604970.104199999943376, 7060615.326100000180304 ], [ 605024.104199999943376, 7060543.326100000180304 ], [ 605078.104199999943376, 7060453.326100000180304 ], [ 605132.104199999943376, 7060381.326100000180304 ], [ 605204.104199999943376, 7060345.326100000180304 ], [ 605294.104199999943376, 7060327.326100000180304 ], [ 605384.104199999943376, 7060327.326100000180304 ], [ 605474.104199999943376, 7060345.326100000180304 ], [ 605564.104199999943376, 7060363.326100000180304 ], [ 605654.104199999943376, 7060363.326100000180304 ], [ 605744.104199999943376, 7060363.326100000180304 ], [ 605834.104199999943376, 7060381.326100000180304 ], [ 605924.104199999943376, 7060399.326100000180304 ], [ 606014.104199999943376, 7060417.326100000180304 ], [ 606104.104199999943376, 7060435.326100000180304 ], [ 606176.104199999943376, 7060471.326100000180304 ], [ 606248.104199999943376, 7060489.326100000180304 ], [ 606320.104199999943376, 7060489.326100000180304 ], [ 606392.104199999943376, 7060489.326100000180304 ], [ 606446.104199999943376, 7060471.326100000180304 ], [ 606518.104199999943376, 7060417.326100000180304 ], [ 606572.104199999943376, 7060345.326100000180304 ], [ 606608.104199999943376, 7060273.326100000180304 ], [ 606644.104199999943376, 7060201.326100000180304 ], [ 606698.104199999943376, 7060129.326100000180304 ], [ 606752.104199999943376, 7060075.326100000180304 ], [ 606824.104199999943376, 7060021.326100000180304 ], [ 606914.104199999943376, 7059985.326100000180304 ], [ 607004.104199999943376, 7059931.326100000180304 ], [ 607094.104199999943376, 7059877.326100000180304 ], [ 607184.104199999943376, 7059823.326100000180304 ], [ 607274.104199999943376, 7059769.326100000180304 ], [ 607364.104199999943376, 7059697.326100000180304 ], [ 607436.104199999943376, 7059625.326100000180304 ], [ 607508.104199999943376, 7059553.326100000180304 ], [ 607580.104199999943376, 7059463.326100000180304 ], [ 607652.104199999943376, 7059391.326100000180304 ], [ 607724.104199999943376, 7059337.326100000180304 ], [ 607814.104199999943376, 7059301.326100000180304 ], [ 607904.104199999943376, 7059265.326100000180304 ], [ 607994.104199999943376, 7059229.326100000180304 ], [ 608084.104199999943376, 7059175.326100000180304 ], [ 608156.104199999943376, 7059103.326100000180304 ], [ 608228.104199999943376, 7059013.326100000180304 ], [ 608282.104199999943376, 7058923.326100000180304 ], [ 608336.104199999943376, 7058833.326100000180304 ], [ 608372.104199999943376, 7058743.326100000180304 ], [ 608426.104199999943376, 7058653.326100000180304 ], [ 608462.104199999943376, 7058563.326100000180304 ], [ 608498.104199999943376, 7058473.326100000180304 ], [ 608516.104199999943376, 7058383.326100000180304 ], [ 608534.104199999943376, 7058293.326100000180304 ], [ 608534.104199999943376, 7058203.326100000180304 ], [ 608534.104199999943376, 7058113.326100000180304 ], [ 608552.104199999943376, 7058023.326100000180304 ], [ 608570.104199999943376, 7057933.326100000180304 ], [ 608588.104199999943376, 7057843.326100000180304 ], [ 608588.104199999943376, 7057753.326100000180304 ], [ 608588.104199999943376, 7057663.326100000180304 ], [ 608552.104199999943376, 7057573.326100000180304 ], [ 608516.104199999943376, 7057483.326100000180304 ], [ 608498.104199999943376, 7057393.326100000180304 ], [ 608516.104199999943376, 7057321.326100000180304 ], [ 608552.104199999943376, 7057267.326100000180304 ], [ 608624.104199999943376, 7057231.326100000180304 ], [ 608714.104199999943376, 7057195.326100000180304 ], [ 608804.104199999943376, 7057177.326100000180304 ], [ 608894.104199999943376, 7057159.326100000180304 ], [ 608984.104199999943376, 7057141.326100000180304 ], [ 609074.104199999943376, 7057123.326100000180304 ], [ 609164.104199999943376, 7057141.326100000180304 ], [ 609254.104199999943376, 7057159.326100000180304 ], [ 609344.104199999943376, 7057177.326100000180304 ], [ 609434.104199999943376, 7057213.326100000180304 ], [ 609524.104199999943376, 7057231.326100000180304 ], [ 609614.104199999943376, 7057231.326100000180304 ], [ 609704.104199999943376, 7057213.326100000180304 ], [ 609776.104199999943376, 7057177.326100000180304 ], [ 609848.104199999943376, 7057105.326100000180304 ], [ 609902.104199999943376, 7057033.326100000180304 ], [ 609938.104199999943376, 7056943.326100000180304 ], [ 609938.104199999943376, 7056853.326100000180304 ], [ 609956.104199999943376, 7056763.326100000180304 ], [ 609974.104199999943376, 7056673.326100000180304 ], [ 610010.104199999943376, 7056601.326100000180304 ], [ 610064.104199999943376, 7056547.326100000180304 ], [ 610154.104199999943376, 7056493.326100000180304 ], [ 610244.104199999943376, 7056439.326100000180304 ], [ 610334.104199999943376, 7056385.326100000180304 ], [ 610424.104199999943376, 7056313.326100000180304 ], [ 610514.104199999943376, 7056223.326100000180304 ], [ 610604.104199999943376, 7056133.326100000180304 ], [ 610694.104199999943376, 7056043.326100000180304 ], [ 610766.104199999943376, 7055953.326100000180304 ], [ 610838.104199999943376, 7055863.326100000180304 ], [ 610892.104199999943376, 7055773.326100000180304 ], [ 610928.104199999943376, 7055683.326100000180304 ], [ 610964.104199999943376, 7055593.326100000180304 ], [ 611018.104199999943376, 7055521.326100000180304 ], [ 611072.104199999943376, 7055449.326100000180304 ], [ 611144.104199999943376, 7055377.326100000180304 ], [ 611216.104199999943376, 7055305.326100000180304 ], [ 611270.104199999943376, 7055233.326100000180304 ], [ 611306.104199999943376, 7055143.326100000180304 ], [ 611324.104199999943376, 7055053.326100000180304 ], [ 611324.104199999943376, 7054963.326100000180304 ], [ 611324.104199999943376, 7054873.326100000180304 ], [ 611342.104199999943376, 7054783.326100000180304 ], [ 611360.104199999943376, 7054693.326100000180304 ], [ 611378.104199999943376, 7054603.326100000180304 ], [ 611414.104199999943376, 7054513.326100000180304 ], [ 611450.104199999943376, 7054423.326100000180304 ], [ 611486.104199999943376, 7054333.326100000180304 ], [ 611522.104199999943376, 7054243.326100000180304 ], [ 611558.104199999943376, 7054153.326100000180304 ], [ 611558.104199999943376, 7054063.326100000180304 ], [ 611558.104199999943376, 7053973.326100000180304 ], [ 611522.104199999943376, 7053883.326100000180304 ], [ 611486.104199999943376, 7053793.326100000180304 ], [ 611450.104199999943376, 7053703.326100000180304 ], [ 611414.104199999943376, 7053613.326100000180304 ], [ 611378.104199999943376, 7053523.326100000180304 ], [ 611360.104199999943376, 7053433.326100000180304 ], [ 611324.104199999943376, 7053343.326100000180304 ], [ 611288.104199999943376, 7053253.326100000180304 ], [ 611270.104199999943376, 7053163.326100000180304 ], [ 611252.104199999943376, 7053073.326100000180304 ], [ 611216.104199999943376, 7052983.326100000180304 ], [ 611216.104199999943376, 7052893.326100000180304 ], [ 611234.104199999943376, 7052803.326100000180304 ], [ 611270.104199999943376, 7052731.326100000180304 ], [ 611306.104199999943376, 7052659.326100000180304 ], [ 611342.104199999943376, 7052587.326100000180304 ], [ 611360.104199999943376, 7052515.326100000180304 ], [ 611360.104199999943376, 7052443.326100000180304 ], [ 611360.104199999943376, 7052353.326100000180304 ], [ 611378.104199999943376, 7052281.326100000180304 ], [ 611432.104199999943376, 7052209.326100000180304 ], [ 611504.104199999943376, 7052155.326100000180304 ], [ 611594.104199999943376, 7052119.326100000180304 ], [ 611684.104199999943376, 7052083.326100000180304 ], [ 611774.104199999943376, 7052029.326100000180304 ], [ 611846.104199999943376, 7051975.326100000180304 ], [ 611918.104199999943376, 7051903.326100000180304 ], [ 611972.104199999943376, 7051813.326100000180304 ], [ 612026.104199999943376, 7051723.326100000180304 ], [ 612080.104199999943376, 7051633.326100000180304 ], [ 612152.104199999943376, 7051561.326100000180304 ], [ 612224.104199999943376, 7051525.326100000180304 ], [ 612314.104199999943376, 7051507.326100000180304 ], [ 612404.104199999943376, 7051525.326100000180304 ], [ 612494.104199999943376, 7051561.326100000180304 ], [ 612584.104199999943376, 7051615.326100000180304 ], [ 612674.104199999943376, 7051651.326100000180304 ], [ 612764.104199999943376, 7051687.326100000180304 ], [ 612854.104199999943376, 7051705.326100000180304 ], [ 612944.104199999943376, 7051705.326100000180304 ], [ 613034.104199999943376, 7051669.326100000180304 ], [ 613124.104199999943376, 7051633.326100000180304 ], [ 613214.104199999943376, 7051597.326100000180304 ], [ 613304.104199999943376, 7051561.326100000180304 ], [ 613394.104199999943376, 7051543.326100000180304 ], [ 613484.104199999943376, 7051543.326100000180304 ], [ 613574.104199999943376, 7051525.326100000180304 ], [ 613664.104199999943376, 7051507.326100000180304 ], [ 613754.104199999943376, 7051471.326100000180304 ], [ 613826.104199999943376, 7051417.326100000180304 ], [ 613898.104199999943376, 7051345.326100000180304 ], [ 613952.104199999943376, 7051273.326100000180304 ], [ 613988.104199999943376, 7051183.326100000180304 ], [ 614006.104199999943376, 7051093.326100000180304 ], [ 614024.104199999943376, 7051003.326100000180304 ], [ 614024.104199999943376, 7050913.326100000180304 ], [ 614042.104199999943376, 7050823.326100000180304 ], [ 614078.104199999943376, 7050733.326100000180304 ], [ 614132.104199999943376, 7050643.326100000180304 ], [ 614204.104199999943376, 7050553.326100000180304 ], [ 614294.104199999943376, 7050463.326100000180304 ], [ 614384.104199999943376, 7050373.326100000180304 ], [ 614474.104199999943376, 7050283.326100000180304 ], [ 614546.104199999943376, 7050193.326100000180304 ], [ 614618.104199999943376, 7050103.326100000180304 ], [ 614672.104199999943376, 7050013.326100000180304 ], [ 614708.104199999943376, 7049923.326100000180304 ], [ 614726.104199999943376, 7049833.326100000180304 ], [ 614744.104199999943376, 7049743.326100000180304 ], [ 614744.104199999943376, 7049653.326100000180304 ], [ 614726.104199999943376, 7049563.326100000180304 ], [ 614726.104199999943376, 7049473.326100000180304 ], [ 614744.104199999943376, 7049383.326100000180304 ], [ 614780.104199999943376, 7049311.326100000180304 ], [ 614834.104199999943376, 7049257.326100000180304 ], [ 614924.104199999943376, 7049221.326100000180304 ], [ 615014.104199999943376, 7049203.326100000180304 ], [ 615104.104199999943376, 7049185.326100000180304 ], [ 615194.104199999943376, 7049167.326100000180304 ], [ 615284.104199999943376, 7049131.326100000180304 ], [ 615374.104199999943376, 7049077.326100000180304 ], [ 615464.104199999943376, 7049005.326100000180304 ], [ 615536.104199999943376, 7048933.326100000180304 ], [ 615590.104199999943376, 7048843.326100000180304 ], [ 615626.104199999943376, 7048753.326100000180304 ], [ 615626.104199999943376, 7048663.326100000180304 ], [ 615608.104199999943376, 7048573.326100000180304 ], [ 615590.104199999943376, 7048483.326100000180304 ], [ 615572.104199999943376, 7048393.326100000180304 ], [ 615554.104199999943376, 7048303.326100000180304 ], [ 615554.104199999943376, 7048213.326100000180304 ], [ 615536.104199999943376, 7048123.326100000180304 ], [ 615518.104199999943376, 7048033.326100000180304 ], [ 615500.104199999943376, 7047943.326100000180304 ], [ 615482.104199999943376, 7047853.326100000180304 ], [ 615464.104199999943376, 7047763.326100000180304 ], [ 615464.104199999943376, 7047673.326100000180304 ], [ 615464.104199999943376, 7047583.326100000180304 ], [ 615464.104199999943376, 7047493.326100000180304 ], [ 615482.104199999943376, 7047403.326100000180304 ], [ 615518.104199999943376, 7047313.326100000180304 ], [ 615554.104199999943376, 7047223.326100000180304 ], [ 615608.104199999943376, 7047133.326100000180304 ], [ 615680.104199999943376, 7047061.326100000180304 ], [ 615752.104199999943376, 7046989.326100000180304 ], [ 615824.104199999943376, 7046917.326100000180304 ], [ 615914.104199999943376, 7046845.326100000180304 ], [ 615986.104199999943376, 7046773.326100000180304 ], [ 616058.104199999943376, 7046683.326100000180304 ], [ 616112.104199999943376, 7046593.326100000180304 ], [ 616166.104199999943376, 7046503.326100000180304 ], [ 616202.104199999943376, 7046413.326100000180304 ], [ 616238.104199999943376, 7046323.326100000180304 ], [ 616274.104199999943376, 7046233.326100000180304 ], [ 616310.104199999943376, 7046143.326100000180304 ], [ 616328.104199999943376, 7046053.326100000180304 ], [ 616364.104199999943376, 7045963.326100000180304 ], [ 616400.104199999943376, 7045873.326100000180304 ], [ 616436.104199999943376, 7045783.326100000180304 ], [ 616472.104199999943376, 7045693.326100000180304 ], [ 616526.104199999943376, 7045603.326100000180304 ], [ 616580.104199999943376, 7045513.326100000180304 ], [ 616652.104199999943376, 7045441.326100000180304 ], [ 616724.104199999943376, 7045387.326100000180304 ], [ 616814.104199999943376, 7045351.326100000180304 ], [ 616904.104199999943376, 7045333.326100000180304 ], [ 616994.104199999943376, 7045333.326100000180304 ], [ 617084.104199999943376, 7045333.326100000180304 ], [ 617174.104199999943376, 7045333.326100000180304 ], [ 617264.104199999943376, 7045315.326100000180304 ], [ 617354.104199999943376, 7045297.326100000180304 ], [ 617444.104199999943376, 7045279.326100000180304 ], [ 617534.104199999943376, 7045243.326100000180304 ], [ 617624.104199999943376, 7045189.326100000180304 ], [ 617714.104199999943376, 7045153.326100000180304 ], [ 617804.104199999943376, 7045099.326100000180304 ], [ 617894.104199999943376, 7045045.326100000180304 ], [ 617984.104199999943376, 7045009.326100000180304 ], [ 618074.104199999943376, 7044973.326100000180304 ], [ 618164.104199999943376, 7044937.326100000180304 ], [ 618236.104199999943376, 7044901.326100000180304 ], [ 618308.104199999943376, 7044847.326100000180304 ], [ 618380.104199999943376, 7044775.326100000180304 ], [ 618434.104199999943376, 7044703.326100000180304 ], [ 618488.104199999943376, 7044613.326100000180304 ], [ 618542.104199999943376, 7044523.326100000180304 ], [ 618578.104199999943376, 7044433.326100000180304 ], [ 618614.104199999943376, 7044343.326100000180304 ], [ 618668.104199999943376, 7044253.326100000180304 ], [ 618704.104199999943376, 7044163.326100000180304 ], [ 618740.104199999943376, 7044073.326100000180304 ], [ 618776.104199999943376, 7043983.326100000180304 ], [ 618794.104199999943376, 7043893.326100000180304 ], [ 618812.104199999943376, 7043803.326100000180304 ], [ 618830.104199999943376, 7043713.326100000180304 ], [ 618848.104199999943376, 7043623.326100000180304 ], [ 618866.104199999943376, 7043533.326100000180304 ], [ 618884.104199999943376, 7043443.326100000180304 ], [ 618884.104199999943376, 7043353.326100000180304 ], [ 618902.104199999943376, 7043263.326100000180304 ], [ 618938.104199999943376, 7043173.326100000180304 ], [ 618974.104199999943376, 7043083.326100000180304 ], [ 619028.104199999943376, 7042993.326100000180304 ], [ 619100.104199999943376, 7042903.326100000180304 ], [ 619172.104199999943376, 7042813.326100000180304 ], [ 619244.104199999943376, 7042723.326100000180304 ], [ 619316.104199999943376, 7042633.326100000180304 ], [ 619388.104199999943376, 7042543.326100000180304 ], [ 619460.104199999943376, 7042453.326100000180304 ], [ 619514.104199999943376, 7042363.326100000180304 ], [ 619568.104199999943376, 7042291.326100000180304 ], [ 619640.104199999943376, 7042219.326100000180304 ], [ 619694.104199999943376, 7042147.326100000180304 ], [ 619748.104199999943376, 7042075.326100000180304 ], [ 619802.104199999943376, 7042003.326100000180304 ], [ 619856.104199999943376, 7041913.326100000180304 ], [ 619892.104199999943376, 7041823.326100000180304 ], [ 619928.104199999943376, 7041733.326100000180304 ], [ 619946.104199999943376, 7041643.326100000180304 ], [ 619964.104199999943376, 7041553.326100000180304 ], [ 619964.104199999943376, 7041463.326100000180304 ], [ 619964.104199999943376, 7041373.326100000180304 ], [ 619964.104199999943376, 7041283.326100000180304 ], [ 619964.104199999943376, 7041193.326100000180304 ], [ 619964.104199999943376, 7041103.326100000180304 ], [ 619964.104199999943376, 7041013.326100000180304 ], [ 619982.104199999943376, 7040941.326100000180304 ], [ 620018.104199999943376, 7040869.326100000180304 ], [ 620072.104199999943376, 7040797.326100000180304 ], [ 620144.104199999943376, 7040743.326100000180304 ], [ 620234.104199999943376, 7040707.326100000180304 ], [ 620324.104199999943376, 7040671.326100000180304 ], [ 620414.104199999943376, 7040653.326100000180304 ], [ 620504.104199999943376, 7040653.326100000180304 ], [ 620594.104199999943376, 7040653.326100000180304 ], [ 620684.104199999943376, 7040653.326100000180304 ], [ 620774.104199999943376, 7040653.326100000180304 ], [ 620864.104199999943376, 7040635.326100000180304 ], [ 620954.104199999943376, 7040617.326100000180304 ], [ 621044.104199999943376, 7040599.326100000180304 ], [ 621134.104199999943376, 7040563.326100000180304 ], [ 621206.104199999943376, 7040509.326100000180304 ], [ 621278.104199999943376, 7040455.326100000180304 ], [ 621350.104199999943376, 7040383.326100000180304 ], [ 621404.104199999943376, 7040293.326100000180304 ], [ 621458.104199999943376, 7040203.326100000180304 ], [ 621512.104199999943376, 7040113.326100000180304 ], [ 621566.104199999943376, 7040023.326100000180304 ], [ 621602.104199999943376, 7039933.326100000180304 ], [ 621656.104199999943376, 7039843.326100000180304 ], [ 621692.104199999943376, 7039753.326100000180304 ], [ 621728.104199999943376, 7039663.326100000180304 ], [ 621764.104199999943376, 7039573.326100000180304 ], [ 621800.104199999943376, 7039483.326100000180304 ], [ 621818.104199999943376, 7039393.326100000180304 ], [ 621854.104199999943376, 7039303.326100000180304 ], [ 621908.104199999943376, 7039213.326100000180304 ], [ 621962.104199999943376, 7039123.326100000180304 ], [ 622016.104199999943376, 7039033.326100000180304 ], [ 622070.104199999943376, 7038943.326100000180304 ], [ 622106.104199999943376, 7038853.326100000180304 ], [ 622124.104199999943376, 7038763.326100000180304 ], [ 622124.104199999943376, 7038673.326100000180304 ], [ 622124.104199999943376, 7038583.326100000180304 ], [ 622106.104199999943376, 7038493.326100000180304 ], [ 622088.104199999943376, 7038403.326100000180304 ], [ 622070.104199999943376, 7038313.326100000180304 ], [ 622070.104199999943376, 7038223.326100000180304 ], [ 622088.104199999943376, 7038133.326100000180304 ], [ 622142.104199999943376, 7038061.326100000180304 ], [ 622214.104199999943376, 7038007.326100000180304 ], [ 622304.104199999943376, 7037971.326100000180304 ], [ 622394.104199999943376, 7037953.326100000180304 ], [ 622484.104199999943376, 7037953.326100000180304 ], [ 622574.104199999943376, 7037935.326100000180304 ], [ 622664.104199999943376, 7037917.326100000180304 ], [ 622754.104199999943376, 7037917.326100000180304 ], [ 622844.104199999943376, 7037917.326100000180304 ], [ 622934.104199999943376, 7037917.326100000180304 ], [ 623024.104199999943376, 7037935.326100000180304 ], [ 623114.104199999943376, 7037953.326100000180304 ], [ 623204.104199999943376, 7037935.326100000180304 ], [ 623294.104199999943376, 7037917.326100000180304 ], [ 623384.104199999943376, 7037899.326100000180304 ], [ 623474.104199999943376, 7037863.326100000180304 ], [ 623564.104199999943376, 7037809.326100000180304 ], [ 623654.104199999943376, 7037755.326100000180304 ], [ 623744.104199999943376, 7037683.326100000180304 ], [ 623834.104199999943376, 7037593.326100000180304 ], [ 623906.104199999943376, 7037503.326100000180304 ], [ 623978.104199999943376, 7037413.326100000180304 ], [ 624032.104199999943376, 7037323.326100000180304 ], [ 624086.104199999943376, 7037233.326100000180304 ], [ 624122.104199999943376, 7037143.326100000180304 ], [ 624158.104199999943376, 7037053.326100000180304 ], [ 624176.104199999943376, 7036963.326100000180304 ], [ 624194.104199999943376, 7036873.326100000180304 ], [ 624194.104199999943376, 7036783.326100000180304 ], [ 624194.104199999943376, 7036693.326100000180304 ], [ 624194.104199999943376, 7036603.326100000180304 ], [ 624176.104199999943376, 7036513.326100000180304 ], [ 624140.104199999943376, 7036423.326100000180304 ], [ 624086.104199999943376, 7036333.326100000180304 ], [ 624014.104199999943376, 7036243.326100000180304 ], [ 623942.104199999943376, 7036153.326100000180304 ], [ 623888.104199999943376, 7036063.326100000180304 ], [ 623852.104199999943376, 7035973.326100000180304 ], [ 623852.104199999943376, 7035883.326100000180304 ], [ 623888.104199999943376, 7035793.326100000180304 ], [ 623942.104199999943376, 7035703.326100000180304 ], [ 624014.104199999943376, 7035613.326100000180304 ], [ 624104.104199999943376, 7035541.326100000180304 ], [ 624194.104199999943376, 7035469.326100000180304 ], [ 624284.104199999943376, 7035415.326100000180304 ], [ 624374.104199999943376, 7035361.326100000180304 ], [ 624464.104199999943376, 7035325.326100000180304 ], [ 624554.104199999943376, 7035271.326100000180304 ], [ 624644.104199999943376, 7035217.326100000180304 ], [ 624716.104199999943376, 7035145.326100000180304 ], [ 624788.104199999943376, 7035073.326100000180304 ], [ 624842.104199999943376, 7034983.326100000180304 ], [ 624878.104199999943376, 7034893.326100000180304 ], [ 624896.104199999943376, 7034803.326100000180304 ], [ 624914.104199999943376, 7034713.326100000180304 ], [ 624914.104199999943376, 7034623.326100000180304 ], [ 624914.104199999943376, 7034533.326100000180304 ], [ 624914.104199999943376, 7034443.326100000180304 ], [ 624932.104199999943376, 7034353.326100000180304 ], [ 624968.104199999943376, 7034263.326100000180304 ], [ 625022.104199999943376, 7034173.326100000180304 ], [ 625094.104199999943376, 7034083.326100000180304 ], [ 625184.104199999943376, 7033993.326100000180304 ], [ 625274.104199999943376, 7033903.326100000180304 ], [ 625346.104199999943376, 7033813.326100000180304 ], [ 625418.104199999943376, 7033723.326100000180304 ], [ 625472.104199999943376, 7033633.326100000180304 ], [ 625508.104199999943376, 7033543.326100000180304 ], [ 625544.104199999943376, 7033453.326100000180304 ], [ 625580.104199999943376, 7033363.326100000180304 ], [ 625616.104199999943376, 7033273.326100000180304 ], [ 625670.104199999943376, 7033183.326100000180304 ], [ 625742.104199999943376, 7033093.326100000180304 ], [ 625814.104199999943376, 7033003.326100000180304 ], [ 625904.104199999943376, 7032913.326100000180304 ], [ 625994.104199999943376, 7032823.326100000180304 ], [ 626084.104199999943376, 7032733.326100000180304 ], [ 626174.104199999943376, 7032643.326100000180304 ], [ 626264.104199999943376, 7032553.326100000180304 ], [ 626354.104199999943376, 7032463.326100000180304 ], [ 626444.104199999943376, 7032373.326100000180304 ], [ 626534.104199999943376, 7032283.326100000180304 ], [ 626624.104199999943376, 7032193.326100000180304 ], [ 626714.104199999943376, 7032103.326100000180304 ], [ 626804.104199999943376, 7032013.326100000180304 ], [ 626894.104199999943376, 7031923.326100000180304 ], [ 626984.104199999943376, 7031833.326100000180304 ], [ 627074.104199999943376, 7031743.326100000180304 ], [ 627164.104199999943376, 7031653.326100000180304 ], [ 627254.104199999943376, 7031563.326100000180304 ], [ 627326.104199999943376, 7031473.326100000180304 ], [ 627398.104199999943376, 7031383.326100000180304 ], [ 627452.104199999943376, 7031293.326100000180304 ], [ 627488.104199999943376, 7031203.326100000180304 ], [ 627524.104199999943376, 7031113.326100000180304 ], [ 627560.104199999943376, 7031023.326100000180304 ], [ 627596.104199999943376, 7030933.326100000180304 ], [ 627632.104199999943376, 7030843.326100000180304 ], [ 627686.104199999943376, 7030753.326100000180304 ], [ 627722.104199999943376, 7030663.326100000180304 ], [ 627776.104199999943376, 7030573.326100000180304 ], [ 627830.104199999943376, 7030483.326100000180304 ], [ 627902.104199999943376, 7030393.326100000180304 ], [ 627974.104199999943376, 7030303.326100000180304 ], [ 628064.104199999943376, 7030213.326100000180304 ], [ 628154.104199999943376, 7030123.326100000180304 ], [ 628226.104199999943376, 7030033.326100000180304 ], [ 628280.104199999943376, 7029943.326100000180304 ], [ 628316.104199999943376, 7029853.326100000180304 ], [ 628334.104199999943376, 7029763.326100000180304 ], [ 628334.104199999943376, 7029673.326100000180304 ], [ 628334.104199999943376, 7029583.326100000180304 ], [ 628334.104199999943376, 7029493.326100000180304 ], [ 628334.104199999943376, 7029403.326100000180304 ], [ 628334.104199999943376, 7029313.326100000180304 ], [ 628352.104199999943376, 7029223.326100000180304 ], [ 628388.104199999943376, 7029133.326100000180304 ], [ 628442.104199999943376, 7029061.326100000180304 ], [ 628514.104199999943376, 7028989.326100000180304 ], [ 628604.104199999943376, 7028917.326100000180304 ], [ 628694.104199999943376, 7028845.326100000180304 ], [ 628784.104199999943376, 7028791.326100000180304 ], [ 628874.104199999943376, 7028719.326100000180304 ], [ 628964.104199999943376, 7028647.326100000180304 ], [ 629054.104199999943376, 7028593.326100000180304 ], [ 629144.104199999943376, 7028557.326100000180304 ], [ 629234.104199999943376, 7028521.326100000180304 ], [ 629324.104199999943376, 7028503.326100000180304 ], [ 629414.104199999943376, 7028503.326100000180304 ], [ 629504.104199999943376, 7028503.326100000180304 ], [ 629594.104199999943376, 7028503.326100000180304 ], [ 629684.104199999943376, 7028503.326100000180304 ], [ 629774.104199999943376, 7028485.326100000180304 ], [ 629864.104199999943376, 7028449.326100000180304 ], [ 629954.104199999943376, 7028395.326100000180304 ], [ 630044.104199999943376, 7028323.326100000180304 ], [ 630134.104199999943376, 7028233.326100000180304 ], [ 630224.104199999943376, 7028143.326100000180304 ], [ 630314.104199999943376, 7028053.326100000180304 ], [ 630386.104199999943376, 7027963.326100000180304 ], [ 630440.104199999943376, 7027873.326100000180304 ], [ 630494.104199999943376, 7027783.326100000180304 ], [ 630530.104199999943376, 7027693.326100000180304 ], [ 630566.104199999943376, 7027603.326100000180304 ], [ 630620.104199999943376, 7027513.326100000180304 ], [ 630674.104199999943376, 7027423.326100000180304 ], [ 630728.104199999943376, 7027333.326100000180304 ], [ 630782.104199999943376, 7027243.326100000180304 ], [ 630836.104199999943376, 7027153.326100000180304 ], [ 630890.104199999943376, 7027063.326100000180304 ], [ 630944.104199999943376, 7026973.326100000180304 ], [ 630980.104199999943376, 7026883.326100000180304 ], [ 631016.104199999943376, 7026793.326100000180304 ], [ 631034.104199999943376, 7026703.326100000180304 ], [ 631034.104199999943376, 7026613.326100000180304 ], [ 631034.104199999943376, 7026523.326100000180304 ], [ 631034.104199999943376, 7026433.326100000180304 ], [ 631034.104199999943376, 7026343.326100000180304 ], [ 631034.104199999943376, 7026253.326100000180304 ], [ 631034.104199999943376, 7026163.326100000180304 ], [ 631034.104199999943376, 7026073.326100000180304 ], [ 631034.104199999943376, 7025983.326100000180304 ], [ 631034.104199999943376, 7025893.326100000180304 ], [ 631034.104199999943376, 7025803.326100000180304 ], [ 631034.104199999943376, 7025713.326100000180304 ], [ 631016.104199999943376, 7025623.326100000180304 ], [ 630998.104199999943376, 7025533.326100000180304 ], [ 630962.104199999943376, 7025443.326100000180304 ], [ 630926.104199999943376, 7025353.326100000180304 ], [ 630872.104199999943376, 7025263.326100000180304 ], [ 630836.104199999943376, 7025173.326100000180304 ], [ 630818.104199999943376, 7025083.326100000180304 ], [ 630836.104199999943376, 7024993.326100000180304 ], [ 630872.104199999943376, 7024903.326100000180304 ], [ 630944.104199999943376, 7024831.326100000180304 ], [ 631034.104199999943376, 7024777.326100000180304 ], [ 631124.104199999943376, 7024741.326100000180304 ], [ 631214.104199999943376, 7024723.326100000180304 ], [ 631304.104199999943376, 7024723.326100000180304 ], [ 631394.104199999943376, 7024705.326100000180304 ], [ 631484.104199999943376, 7024687.326100000180304 ], [ 631574.104199999943376, 7024669.326100000180304 ], [ 631664.104199999943376, 7024651.326100000180304 ], [ 631754.104199999943376, 7024633.326100000180304 ], [ 631844.104199999943376, 7024633.326100000180304 ], [ 631934.104199999943376, 7024651.326100000180304 ], [ 632024.104199999943376, 7024669.326100000180304 ], [ 632114.104199999943376, 7024705.326100000180304 ], [ 632204.104199999943376, 7024741.326100000180304 ], [ 632294.104199999943376, 7024777.326100000180304 ], [ 632384.104199999943376, 7024795.326100000180304 ], [ 632474.104199999943376, 7024813.326100000180304 ], [ 632564.104199999943376, 7024813.326100000180304 ], [ 632654.104199999943376, 7024813.326100000180304 ], [ 632744.104199999943376, 7024795.326100000180304 ], [ 632834.104199999943376, 7024759.326100000180304 ], [ 632906.104199999943376, 7024705.326100000180304 ], [ 632960.104199999943376, 7024633.326100000180304 ], [ 632978.104199999943376, 7024543.326100000180304 ], [ 632978.104199999943376, 7024453.326100000180304 ], [ 632960.104199999943376, 7024363.326100000180304 ], [ 632924.104199999943376, 7024273.326100000180304 ], [ 632888.104199999943376, 7024183.326100000180304 ], [ 632888.104199999943376, 7024093.326100000180304 ], [ 632906.104199999943376, 7024003.326100000180304 ], [ 632942.104199999943376, 7023913.326100000180304 ], [ 633014.104199999943376, 7023823.326100000180304 ], [ 633104.104199999943376, 7023733.326100000180304 ], [ 633176.104199999943376, 7023643.326100000180304 ], [ 633248.104199999943376, 7023553.326100000180304 ], [ 633302.104199999943376, 7023463.326100000180304 ], [ 633338.104199999943376, 7023373.326100000180304 ], [ 633356.104199999943376, 7023283.326100000180304 ], [ 633374.104199999943376, 7023193.326100000180304 ], [ 633356.104199999943376, 7023103.326100000180304 ], [ 633320.104199999943376, 7023013.326100000180304 ], [ 633284.104199999943376, 7022923.326100000180304 ], [ 633230.104199999943376, 7022833.326100000180304 ], [ 633158.104199999943376, 7022743.326100000180304 ], [ 633104.104199999943376, 7022653.326100000180304 ], [ 633068.104199999943376, 7022563.326100000180304 ], [ 633032.104199999943376, 7022473.326100000180304 ], [ 633014.104199999943376, 7022383.326100000180304 ], [ 633032.104199999943376, 7022293.326100000180304 ], [ 633068.104199999943376, 7022203.326100000180304 ], [ 633122.104199999943376, 7022113.326100000180304 ], [ 633194.104199999943376, 7022041.326100000180304 ], [ 633284.104199999943376, 7021987.326100000180304 ], [ 633374.104199999943376, 7021951.326100000180304 ], [ 633464.104199999943376, 7021933.326100000180304 ], [ 633554.104199999943376, 7021915.326100000180304 ], [ 633644.104199999943376, 7021879.326100000180304 ], [ 633734.104199999943376, 7021825.326100000180304 ], [ 633824.104199999943376, 7021771.326100000180304 ], [ 633914.104199999943376, 7021699.326100000180304 ], [ 634004.104199999943376, 7021645.326100000180304 ], [ 634094.104199999943376, 7021591.326100000180304 ], [ 634184.104199999943376, 7021555.326100000180304 ], [ 634274.104199999943376, 7021501.326100000180304 ], [ 634364.104199999943376, 7021447.326100000180304 ], [ 634436.104199999943376, 7021375.326100000180304 ], [ 634508.104199999943376, 7021303.326100000180304 ], [ 634562.104199999943376, 7021213.326100000180304 ], [ 634616.104199999943376, 7021123.326100000180304 ], [ 634652.104199999943376, 7021033.326100000180304 ], [ 634688.104199999943376, 7020943.326100000180304 ], [ 634724.104199999943376, 7020853.326100000180304 ], [ 634760.104199999943376, 7020763.326100000180304 ], [ 634778.104199999943376, 7020673.326100000180304 ], [ 634796.104199999943376, 7020583.326100000180304 ], [ 634814.104199999943376, 7020493.326100000180304 ], [ 634814.104199999943376, 7020403.326100000180304 ], [ 634814.104199999943376, 7020313.326100000180304 ], [ 634814.104199999943376, 7020223.326100000180304 ], [ 634814.104199999943376, 7020133.326100000180304 ], [ 634832.104199999943376, 7020043.326100000180304 ], [ 634850.104199999943376, 7019953.326100000180304 ], [ 634868.104199999943376, 7019863.326100000180304 ], [ 634886.104199999943376, 7019773.326100000180304 ], [ 634904.104199999943376, 7019683.326100000180304 ], [ 634904.104199999943376, 7019593.326100000180304 ], [ 634922.104199999943376, 7019503.326100000180304 ], [ 634940.104199999943376, 7019413.326100000180304 ], [ 634976.104199999943376, 7019323.326100000180304 ], [ 635030.104199999943376, 7019233.326100000180304 ], [ 635102.104199999943376, 7019143.326100000180304 ], [ 635156.104199999943376, 7019053.326100000180304 ], [ 635210.104199999943376, 7018963.326100000180304 ], [ 635264.104199999943376, 7018873.326100000180304 ], [ 635318.104199999943376, 7018783.326100000180304 ], [ 635372.104199999943376, 7018693.326100000180304 ], [ 635444.104199999943376, 7018603.326100000180304 ], [ 635516.104199999943376, 7018513.326100000180304 ], [ 635588.104199999943376, 7018423.326100000180304 ], [ 635642.104199999943376, 7018333.326100000180304 ], [ 635678.104199999943376, 7018243.326100000180304 ], [ 635696.104199999943376, 7018153.326100000180304 ], [ 635714.104199999943376, 7018063.326100000180304 ], [ 635696.104199999943376, 7017973.326100000180304 ], [ 635660.104199999943376, 7017883.326100000180304 ], [ 635606.104199999943376, 7017793.326100000180304 ], [ 635534.104199999943376, 7017703.326100000180304 ], [ 635462.104199999943376, 7017613.326100000180304 ], [ 635390.104199999943376, 7017523.326100000180304 ], [ 635336.104199999943376, 7017433.326100000180304 ], [ 635282.104199999943376, 7017343.326100000180304 ], [ 635246.104199999943376, 7017253.326100000180304 ], [ 635210.104199999943376, 7017163.326100000180304 ], [ 635210.104199999943376, 7017073.326100000180304 ], [ 635210.104199999943376, 7016983.326100000180304 ], [ 635246.104199999943376, 7016893.326100000180304 ], [ 635300.104199999943376, 7016803.326100000180304 ], [ 635372.104199999943376, 7016731.326100000180304 ], [ 635444.104199999943376, 7016659.326100000180304 ], [ 635534.104199999943376, 7016587.326100000180304 ], [ 635624.104199999943376, 7016533.326100000180304 ], [ 635714.104199999943376, 7016497.326100000180304 ], [ 635804.104199999943376, 7016461.326100000180304 ], [ 635894.104199999943376, 7016425.326100000180304 ], [ 635984.104199999943376, 7016407.326100000180304 ], [ 636074.104199999943376, 7016389.326100000180304 ], [ 636164.104199999943376, 7016371.326100000180304 ], [ 636254.104199999943376, 7016335.326100000180304 ], [ 636344.104199999943376, 7016317.326100000180304 ], [ 636434.104199999943376, 7016299.326100000180304 ], [ 636524.104199999943376, 7016281.326100000180304 ], [ 636614.104199999943376, 7016263.326100000180304 ], [ 636704.104199999943376, 7016263.326100000180304 ], [ 636794.104199999943376, 7016263.326100000180304 ], [ 636884.104199999943376, 7016263.326100000180304 ], [ 636974.104199999943376, 7016263.326100000180304 ], [ 637064.104199999943376, 7016263.326100000180304 ], [ 637154.104199999943376, 7016263.326100000180304 ], [ 637244.104199999943376, 7016245.326100000180304 ], [ 637334.104199999943376, 7016227.326100000180304 ], [ 637424.104199999943376, 7016209.326100000180304 ], [ 637514.104199999943376, 7016173.326100000180304 ], [ 637604.104199999943376, 7016119.326100000180304 ], [ 637676.104199999943376, 7016065.326100000180304 ], [ 637730.104199999943376, 7015993.326100000180304 ], [ 637748.104199999943376, 7015903.326100000180304 ], [ 637748.104199999943376, 7015813.326100000180304 ], [ 637730.104199999943376, 7015723.326100000180304 ], [ 637712.104199999943376, 7015633.326100000180304 ], [ 637712.104199999943376, 7015543.326100000180304 ], [ 637748.104199999943376, 7015453.326100000180304 ], [ 637802.104199999943376, 7015363.326100000180304 ], [ 637874.104199999943376, 7015291.326100000180304 ], [ 637964.104199999943376, 7015219.326100000180304 ], [ 638054.104199999943376, 7015147.326100000180304 ], [ 638126.104199999943376, 7015075.326100000180304 ], [ 638162.104199999943376, 7015003.326100000180304 ], [ 638162.104199999943376, 7014913.326100000180304 ], [ 638126.104199999943376, 7014841.326100000180304 ], [ 638054.104199999943376, 7014769.326100000180304 ], [ 637964.104199999943376, 7014715.326100000180304 ], [ 637874.104199999943376, 7014679.326100000180304 ], [ 637784.104199999943376, 7014643.326100000180304 ], [ 637694.104199999943376, 7014589.326100000180304 ], [ 637604.104199999943376, 7014535.326100000180304 ], [ 637514.104199999943376, 7014463.326100000180304 ], [ 637424.104199999943376, 7014373.326100000180304 ], [ 637352.104199999943376, 7014283.326100000180304 ], [ 637298.104199999943376, 7014193.326100000180304 ], [ 637280.104199999943376, 7014103.326100000180304 ], [ 637280.104199999943376, 7014013.326100000180304 ], [ 637316.104199999943376, 7013923.326100000180304 ], [ 637352.104199999943376, 7013833.326100000180304 ], [ 637406.104199999943376, 7013743.326100000180304 ], [ 637424.104199999943376, 7013653.326100000180304 ], [ 637442.104199999943376, 7013563.326100000180304 ], [ 637460.104199999943376, 7013473.326100000180304 ], [ 637478.104199999943376, 7013383.326100000180304 ], [ 637478.104199999943376, 7013293.326100000180304 ], [ 637496.104199999943376, 7013203.326100000180304 ], [ 637514.104199999943376, 7013113.326100000180304 ], [ 637514.104199999943376, 7013023.326100000180304 ], [ 637514.104199999943376, 7012933.326100000180304 ], [ 637514.104199999943376, 7012843.326100000180304 ], [ 637514.104199999943376, 7012753.326100000180304 ], [ 637532.104199999943376, 7012663.326100000180304 ], [ 637568.104199999943376, 7012573.326100000180304 ], [ 637622.104199999943376, 7012501.326100000180304 ], [ 637694.104199999943376, 7012447.326100000180304 ], [ 637784.104199999943376, 7012411.326100000180304 ], [ 637874.104199999943376, 7012393.326100000180304 ], [ 637964.104199999943376, 7012393.326100000180304 ], [ 638054.104199999943376, 7012393.326100000180304 ], [ 638144.104199999943376, 7012393.326100000180304 ], [ 638234.104199999943376, 7012375.326100000180304 ], [ 638324.104199999943376, 7012339.326100000180304 ], [ 638396.104199999943376, 7012285.326100000180304 ], [ 638450.104199999943376, 7012213.326100000180304 ], [ 638504.104199999943376, 7012123.326100000180304 ], [ 638540.104199999943376, 7012033.326100000180304 ], [ 638576.104199999943376, 7011943.326100000180304 ], [ 638612.104199999943376, 7011853.326100000180304 ], [ 638666.104199999943376, 7011763.326100000180304 ], [ 638702.104199999943376, 7011673.326100000180304 ], [ 638756.104199999943376, 7011583.326100000180304 ], [ 638792.104199999943376, 7011493.326100000180304 ], [ 638846.104199999943376, 7011403.326100000180304 ], [ 638882.104199999943376, 7011313.326100000180304 ], [ 638936.104199999943376, 7011223.326100000180304 ], [ 638972.104199999943376, 7011133.326100000180304 ], [ 639008.104199999943376, 7011043.326100000180304 ], [ 639026.104199999943376, 7010953.326100000180304 ], [ 639062.104199999943376, 7010863.326100000180304 ], [ 639080.104199999943376, 7010773.326100000180304 ], [ 639116.104199999943376, 7010683.326100000180304 ], [ 639170.104199999943376, 7010593.326100000180304 ], [ 639242.104199999943376, 7010503.326100000180304 ], [ 639314.104199999943376, 7010413.326100000180304 ], [ 639386.104199999943376, 7010323.326100000180304 ], [ 639458.104199999943376, 7010233.326100000180304 ], [ 639512.104199999943376, 7010143.326100000180304 ], [ 639548.104199999943376, 7010053.326100000180304 ], [ 639548.104199999943376, 7009963.326100000180304 ], [ 639548.104199999943376, 7009873.326100000180304 ], [ 639530.104199999943376, 7009783.326100000180304 ], [ 639512.104199999943376, 7009693.326100000180304 ], [ 639476.104199999943376, 7009603.326100000180304 ], [ 639458.104199999943376, 7009513.326100000180304 ], [ 639440.104199999943376, 7009423.326100000180304 ], [ 639422.104199999943376, 7009333.326100000180304 ], [ 639404.104199999943376, 7009243.326100000180304 ], [ 639404.104199999943376, 7009153.326100000180304 ], [ 639404.104199999943376, 7009063.326100000180304 ], [ 639404.104199999943376, 7008973.326100000180304 ], [ 639404.104199999943376, 7008883.326100000180304 ], [ 639404.104199999943376, 7008793.326100000180304 ], [ 639422.104199999943376, 7008703.326100000180304 ], [ 639440.104199999943376, 7008613.326100000180304 ], [ 639458.104199999943376, 7008523.326100000180304 ], [ 639494.104199999943376, 7008433.326100000180304 ], [ 639530.104199999943376, 7008343.326100000180304 ], [ 639548.104199999943376, 7008253.326100000180304 ], [ 639566.104199999943376, 7008163.326100000180304 ], [ 639602.104199999943376, 7008073.326100000180304 ], [ 639638.104199999943376, 7007983.326100000180304 ], [ 639674.104199999943376, 7007893.326100000180304 ], [ 639728.104199999943376, 7007803.326100000180304 ], [ 639800.104199999943376, 7007713.326100000180304 ], [ 639872.104199999943376, 7007623.326100000180304 ], [ 639944.104199999943376, 7007551.326100000180304 ], [ 640034.104199999943376, 7007497.326100000180304 ], [ 640124.104199999943376, 7007461.326100000180304 ], [ 640214.104199999943376, 7007461.326100000180304 ], [ 640286.104199999943376, 7007497.326100000180304 ], [ 640340.104199999943376, 7007551.326100000180304 ], [ 640376.104199999943376, 7007623.326100000180304 ], [ 640376.104199999943376, 7007713.326100000180304 ], [ 640340.104199999943376, 7007803.326100000180304 ], [ 640304.104199999943376, 7007893.326100000180304 ], [ 640250.104199999943376, 7007983.326100000180304 ], [ 640196.104199999943376, 7008073.326100000180304 ], [ 640160.104199999943376, 7008163.326100000180304 ], [ 640142.104199999943376, 7008253.326100000180304 ], [ 640142.104199999943376, 7008343.326100000180304 ], [ 640178.104199999943376, 7008433.326100000180304 ], [ 640232.104199999943376, 7008523.326100000180304 ], [ 640286.104199999943376, 7008613.326100000180304 ], [ 640340.104199999943376, 7008703.326100000180304 ], [ 640376.104199999943376, 7008793.326100000180304 ], [ 640376.104199999943376, 7008883.326100000180304 ], [ 640340.104199999943376, 7008973.326100000180304 ], [ 640304.104199999943376, 7009063.326100000180304 ], [ 640250.104199999943376, 7009153.326100000180304 ], [ 640196.104199999943376, 7009243.326100000180304 ], [ 640142.104199999943376, 7009333.326100000180304 ], [ 640106.104199999943376, 7009423.326100000180304 ], [ 640052.104199999943376, 7009513.326100000180304 ], [ 640034.104199999943376, 7009603.326100000180304 ], [ 640034.104199999943376, 7009693.326100000180304 ], [ 640070.104199999943376, 7009765.326100000180304 ], [ 640124.104199999943376, 7009819.326100000180304 ], [ 640214.104199999943376, 7009855.326100000180304 ], [ 640304.104199999943376, 7009873.326100000180304 ], [ 640394.104199999943376, 7009873.326100000180304 ], [ 640484.104199999943376, 7009873.326100000180304 ], [ 640574.104199999943376, 7009873.326100000180304 ], [ 640664.104199999943376, 7009855.326100000180304 ], [ 640754.104199999943376, 7009837.326100000180304 ], [ 640844.104199999943376, 7009819.326100000180304 ], [ 640916.104199999943376, 7009783.326100000180304 ], [ 640988.104199999943376, 7009729.326100000180304 ], [ 641060.104199999943376, 7009675.326100000180304 ], [ 641114.104199999943376, 7009603.326100000180304 ], [ 641150.104199999943376, 7009513.326100000180304 ], [ 641186.104199999943376, 7009423.326100000180304 ], [ 641204.104199999943376, 7009333.326100000180304 ], [ 641204.104199999943376, 7009243.326100000180304 ], [ 641222.104199999943376, 7009171.326100000180304 ], [ 641258.104199999943376, 7009117.326100000180304 ], [ 641312.104199999943376, 7009063.326100000180304 ], [ 641384.104199999943376, 7009027.326100000180304 ], [ 641474.104199999943376, 7009009.326100000180304 ], [ 641564.104199999943376, 7008991.326100000180304 ], [ 641654.104199999943376, 7008955.326100000180304 ], [ 641744.104199999943376, 7008919.326100000180304 ], [ 641816.104199999943376, 7008865.326100000180304 ], [ 641870.104199999943376, 7008793.326100000180304 ], [ 641906.104199999943376, 7008703.326100000180304 ], [ 641942.104199999943376, 7008613.326100000180304 ], [ 641978.104199999943376, 7008541.326100000180304 ], [ 642032.104199999943376, 7008487.326100000180304 ], [ 642104.104199999943376, 7008451.326100000180304 ], [ 642194.104199999943376, 7008433.326100000180304 ], [ 642284.104199999943376, 7008433.326100000180304 ], [ 642374.104199999943376, 7008433.326100000180304 ], [ 642464.104199999943376, 7008433.326100000180304 ], [ 642554.104199999943376, 7008433.326100000180304 ], [ 642644.104199999943376, 7008451.326100000180304 ], [ 642716.104199999943376, 7008487.326100000180304 ], [ 642788.104199999943376, 7008541.326100000180304 ], [ 642842.104199999943376, 7008613.326100000180304 ], [ 642878.104199999943376, 7008703.326100000180304 ], [ 642878.104199999943376, 7008775.326100000180304 ], [ 642878.104199999943376, 7008847.326100000180304 ], [ 642860.104199999943376, 7008919.326100000180304 ], [ 642842.104199999943376, 7008991.326100000180304 ], [ 642842.104199999943376, 7009063.326100000180304 ], [ 642860.104199999943376, 7009153.326100000180304 ], [ 642896.104199999943376, 7009243.326100000180304 ], [ 642950.104199999943376, 7009333.326100000180304 ], [ 643004.104199999943376, 7009423.326100000180304 ], [ 643040.104199999943376, 7009513.326100000180304 ], [ 643076.104199999943376, 7009603.326100000180304 ], [ 643094.104199999943376, 7009693.326100000180304 ], [ 643094.104199999943376, 7009783.326100000180304 ], [ 643094.104199999943376, 7009873.326100000180304 ], [ 643094.104199999943376, 7009963.326100000180304 ], [ 643094.104199999943376, 7010053.326100000180304 ], [ 643094.104199999943376, 7010143.326100000180304 ], [ 643112.104199999943376, 7010233.326100000180304 ], [ 643148.104199999943376, 7010305.326100000180304 ], [ 643202.104199999943376, 7010377.326100000180304 ], [ 643274.104199999943376, 7010431.326100000180304 ], [ 643364.104199999943376, 7010467.326100000180304 ], [ 643454.104199999943376, 7010485.326100000180304 ], [ 643544.104199999943376, 7010503.326100000180304 ], [ 643616.104199999943376, 7010485.326100000180304 ], [ 643688.104199999943376, 7010449.326100000180304 ], [ 643742.104199999943376, 7010395.326100000180304 ], [ 643760.104199999943376, 7010323.326100000180304 ], [ 643778.104199999943376, 7010233.326100000180304 ], [ 643814.104199999943376, 7010143.326100000180304 ], [ 643850.104199999943376, 7010071.326100000180304 ], [ 643904.104199999943376, 7009999.326100000180304 ], [ 643994.104199999943376, 7009945.326100000180304 ], [ 644084.104199999943376, 7009891.326100000180304 ], [ 644156.104199999943376, 7009837.326100000180304 ], [ 644228.104199999943376, 7009765.326100000180304 ], [ 644300.104199999943376, 7009693.326100000180304 ], [ 644336.104199999943376, 7009603.326100000180304 ], [ 644336.104199999943376, 7009513.326100000180304 ], [ 644336.104199999943376, 7009423.326100000180304 ], [ 644318.104199999943376, 7009333.326100000180304 ], [ 644264.104199999943376, 7009243.326100000180304 ], [ 644228.104199999943376, 7009153.326100000180304 ], [ 644192.104199999943376, 7009063.326100000180304 ], [ 644156.104199999943376, 7008973.326100000180304 ], [ 644120.104199999943376, 7008883.326100000180304 ], [ 644102.104199999943376, 7008793.326100000180304 ], [ 644084.104199999943376, 7008703.326100000180304 ], [ 644102.104199999943376, 7008613.326100000180304 ], [ 644138.104199999943376, 7008523.326100000180304 ], [ 644156.104199999943376, 7008433.326100000180304 ], [ 644174.104199999943376, 7008343.326100000180304 ], [ 644192.104199999943376, 7008253.326100000180304 ], [ 644192.104199999943376, 7008163.326100000180304 ], [ 644156.104199999943376, 7008073.326100000180304 ], [ 644138.104199999943376, 7007983.326100000180304 ], [ 644120.104199999943376, 7007893.326100000180304 ], [ 644084.104199999943376, 7007803.326100000180304 ], [ 644048.104199999943376, 7007713.326100000180304 ], [ 644048.104199999943376, 7007623.326100000180304 ], [ 644066.104199999943376, 7007533.326100000180304 ], [ 644102.104199999943376, 7007461.326100000180304 ], [ 644174.104199999943376, 7007407.326100000180304 ], [ 644264.104199999943376, 7007371.326100000180304 ], [ 644354.104199999943376, 7007353.326100000180304 ], [ 644444.104199999943376, 7007353.326100000180304 ], [ 644534.104199999943376, 7007353.326100000180304 ], [ 644606.104199999943376, 7007335.326100000180304 ], [ 644678.104199999943376, 7007299.326100000180304 ], [ 644750.104199999943376, 7007245.326100000180304 ], [ 644822.104199999943376, 7007173.326100000180304 ], [ 644894.104199999943376, 7007083.326100000180304 ], [ 644966.104199999943376, 7006993.326100000180304 ], [ 645038.104199999943376, 7006903.326100000180304 ], [ 645092.104199999943376, 7006813.326100000180304 ], [ 645110.104199999943376, 7006723.326100000180304 ], [ 645110.104199999943376, 7006633.326100000180304 ], [ 645128.104199999943376, 7006543.326100000180304 ], [ 645146.104199999943376, 7006453.326100000180304 ], [ 645164.104199999943376, 7006363.326100000180304 ], [ 645218.104199999943376, 7006291.326100000180304 ], [ 645290.104199999943376, 7006237.326100000180304 ], [ 645362.104199999943376, 7006201.326100000180304 ], [ 645434.104199999943376, 7006165.326100000180304 ], [ 645524.104199999943376, 7006129.326100000180304 ], [ 645614.104199999943376, 7006093.326100000180304 ], [ 645704.104199999943376, 7006057.326100000180304 ], [ 645794.104199999943376, 7006039.326100000180304 ], [ 645884.104199999943376, 7006039.326100000180304 ], [ 645974.104199999943376, 7006057.326100000180304 ], [ 646064.104199999943376, 7006075.326100000180304 ], [ 646154.104199999943376, 7006111.326100000180304 ], [ 646244.104199999943376, 7006147.326100000180304 ], [ 646334.104199999943376, 7006183.326100000180304 ], [ 646424.104199999943376, 7006219.326100000180304 ], [ 646514.104199999943376, 7006273.326100000180304 ], [ 646604.104199999943376, 7006327.326100000180304 ], [ 646694.104199999943376, 7006363.326100000180304 ], [ 646784.104199999943376, 7006399.326100000180304 ], [ 646874.104199999943376, 7006453.326100000180304 ], [ 646964.104199999943376, 7006507.326100000180304 ], [ 647054.104199999943376, 7006543.326100000180304 ], [ 647144.104199999943376, 7006561.326100000180304 ], [ 647234.104199999943376, 7006561.326100000180304 ], [ 647306.104199999943376, 7006525.326100000180304 ], [ 647378.104199999943376, 7006453.326100000180304 ], [ 647450.104199999943376, 7006381.326100000180304 ], [ 647522.104199999943376, 7006309.326100000180304 ], [ 647594.104199999943376, 7006273.326100000180304 ], [ 647684.104199999943376, 7006255.326100000180304 ], [ 647774.104199999943376, 7006273.326100000180304 ], [ 647864.104199999943376, 7006291.326100000180304 ], [ 647954.104199999943376, 7006327.326100000180304 ], [ 648044.104199999943376, 7006327.326100000180304 ], [ 648116.104199999943376, 7006309.326100000180304 ], [ 648188.104199999943376, 7006255.326100000180304 ], [ 648242.104199999943376, 7006183.326100000180304 ], [ 648278.104199999943376, 7006093.326100000180304 ], [ 648314.104199999943376, 7006003.326100000180304 ], [ 648350.104199999943376, 7005913.326100000180304 ], [ 648368.104199999943376, 7005823.326100000180304 ], [ 648404.104199999943376, 7005733.326100000180304 ], [ 648458.104199999943376, 7005643.326100000180304 ], [ 648512.104199999943376, 7005553.326100000180304 ], [ 648566.104199999943376, 7005463.326100000180304 ], [ 648620.104199999943376, 7005373.326100000180304 ], [ 648656.104199999943376, 7005283.326100000180304 ], [ 648674.104199999943376, 7005193.326100000180304 ], [ 648674.104199999943376, 7005103.326100000180304 ], [ 648674.104199999943376, 7005013.326100000180304 ], [ 648674.104199999943376, 7004923.326100000180304 ], [ 648692.104199999943376, 7004833.326100000180304 ], [ 648710.104199999943376, 7004743.326100000180304 ], [ 648728.104199999943376, 7004653.326100000180304 ], [ 648746.104199999943376, 7004563.326100000180304 ], [ 648782.104199999943376, 7004473.326100000180304 ], [ 648818.104199999943376, 7004383.326100000180304 ], [ 648854.104199999943376, 7004293.326100000180304 ], [ 648908.104199999943376, 7004203.326100000180304 ], [ 648980.104199999943376, 7004131.326100000180304 ], [ 649052.104199999943376, 7004059.326100000180304 ], [ 649214.104199999943376, 7003933.326100000180304 ] ] } },
{ "type": "Feature", "properties": { "river": "Itajai_Oeste", "reach": "R1" }, "geometry": { "type": "LineString", "coordinates": [ [ 599894.104199999943376, 7000513.326100000180304 ], [ 600074.104199999943376, 7000531.326100000180304 ], [ 600164.104199999943376, 7000567.326100000180304 ], [ 600254.104199999943376, 7000621.326100000180304 ], [ 600344.104199999943376, 7000693.326100000180304 ], [ 600434.104199999943376, 7000783.326100000180304 ], [ 600524.104199999943376, 7000855.326100000180304 ], [ 600614.104199999943376, 7000909.326100000180304 ], [ 600704.104199999943376, 7000945.326100000180304 ], [ 600760.517299999948591, 7000956.60869999974966 ] ] } },
{ "type": "Feature", "properties": { "river": "Itajai_Oeste", "reach": "R2" }, "geometry": { "type": "LineString", "coordinates": [ [ 600760.517299999948591, 7000956.60869999974966 ], [ 600794.104199999943376, 7000963.326100000180304 ], [ 600884.104199999943376, 7000963.326100000180304 ], [ 600974.104199999943376, 7000981.326100000180304 ], [ 601064.104199999943376, 7001017.326100000180304 ], [ 601154.104199999943376, 7001035.326100000180304 ], [ 601244.104199999943376, 7001053.326100000180304 ], [ 601334.104199999943376, 7001071.326100000180304 ], [ 601424.104199999943376, 7001071.326100000180304 ], [ 601514.104199999943376, 7001053.326100000180304 ], [ 601604.104199999943376, 7001053.326100000180304 ], [ 601694.104199999943376, 7001053.326100000180304 ], [ 601784.104199999943376, 7001053.326100000180304 ], [ 601874.104199999943376, 7001053.326100000180304 ], [ 601964.104199999943376, 7001053.326100000180304 ], [ 602054.104199999943376, 7001053.326100000180304 ], [ 602144.104199999943376, 7001071.326100000180304 ], [ 602216.104199999943376, 7001107.326100000180304 ], [ 602270.104199999943376, 7001161.326100000180304 ], [ 602324.104199999943376, 7001233.326100000180304 ], [ 602378.104199999943376, 7001305.326100000180304 ], [ 602432.104199999943376, 7001359.326100000180304 ], [ 602504.104199999943376, 7001377.326100000180304 ], [ 602594.104199999943376, 7001377.326100000180304 ], [ 602684.104199999943376, 7001341.326100000180304 ], [ 602774.104199999943376, 7001287.326100000180304 ], [ 602828.104199999943376, 7001215.326100000180304 ], [ 602864.104199999943376, 7001143.326100000180304 ], [ 602882.104199999943376, 7001053.326100000180304 ], [ 602882.104199999943376, 7000963.326100000180304 ], [ 602846.104199999943376, 7000873.326100000180304 ], [ 602828.104199999943376, 7000783.326100000180304 ], [ 602810.104199999943376, 7000693.326100000180304 ], [ 602774.104199999943376, 7000603.326100000180304 ], [ 602738.104199999943376, 7000513.326100000180304 ], [ 602720.104199999943376, 7000423.326100000180304 ], [ 602702.104199999943376, 7000333.326100000180304 ], [ 602684.104199999943376, 7000243.326100000180304 ], [ 602684.104199999943376, 7000153.326100000180304 ], [ 602702.104199999943376, 7000063.326100000180304 ], [ 602738.104199999943376, 6999973.326100000180304 ], [ 602792.104199999943376, 6999883.326100000180304 ], [ 602864.104199999943376, 6999793.326100000180304 ], [ 602954.104199999943376, 6999721.326100000180304 ], [ 603044.104199999943376, 6999667.326100000180304 ], [ 603134.104199999943376, 6999631.326100000180304 ], [ 603224.104199999943376, 6999613.326100000180304 ], [ 603314.104199999943376, 6999613.326100000180304 ], [ 603404.104199999943376, 6999613.326100000180304 ], [ 603494.104199999943376, 6999613.326100000180304 ], [ 603584.104199999943376, 6999613.326100000180304 ], [ 603674.104199999943376, 6999595.326100000180304 ], [ 603764.104199999943376, 6999559.326100000180304 ], [ 603854.104199999943376, 6999505.326100000180304 ], [ 603944.104199999943376, 6999433.326100000180304 ], [ 604034.104199999943376, 6999343.326100000180304 ], [ 604106.104199999943376, 6999253.326100000180304 ], [ 604178.104199999943376, 6999163.326100000180304 ], [ 604232.104199999943376, 6999073.326100000180304 ], [ 604268.104199999943376, 6998983.326100000180304 ], [ 604286.104199999943376, 6998893.326100000180304 ], [ 604304.104199999943376, 6998803.326100000180304 ], [ 604286.104199999943376, 6998713.326100000180304 ], [ 604286.104199999943376, 6998623.326100000180304 ], [ 604304.104199999943376, 6998551.326100000180304 ], [ 604340.104199999943376, 6998497.326100000180304 ], [ 604394.104199999943376, 6998479.326100000180304 ], [ 604484.104199999943376, 6998497.326100000180304 ], [ 604574.104199999943376, 6998533.326100000180304 ], [ 604664.104199999943376, 6998587.326100000180304 ], [ 604754.104199999943376, 6998659.326100000180304 ], [ 604844.104199999943376, 6998713.326100000180304 ], [ 604934.104199999943376, 6998767.326100000180304 ], [ 605024.104199999943376, 6998803.326100000180304 ], [ 605114.104199999943376, 6998821.326100000180304 ], [ 605204.104199999943376, 6998803.326100000180304 ], [ 605294.104199999943376, 6998803.326100000180304 ], [ 605384.104199999943376, 6998785.326100000180304 ], [ 605474.104199999943376, 6998785.326100000180304 ], [ 605564.104199999943376, 6998767.326100000180304 ], [ 605654.104199999943376, 6998749.326100000180304 ], [ 605726.104199999943376, 6998695.326100000180304 ], [ 605780.104199999943376, 6998623.326100000180304 ], [ 605816.104199999943376, 6998533.326100000180304 ], [ 605834.104199999943376, 6998443.326100000180304 ], [ 605834.104199999943376, 6998353.326100000180304 ], [ 605852.104199999943376, 6998263.326100000180304 ], [ 605888.104199999943376, 6998173.326100000180304 ], [ 605942.104199999943376, 6998083.326100000180304 ], [ 606014.104199999943376, 6998011.326100000180304 ], [ 606104.104199999943376, 6997939.326100000180304 ], [ 606194.104199999943376, 6997885.326100000180304 ], [ 606284.104199999943376, 6997849.326100000180304 ], [ 606374.104199999943376, 6997831.326100000180304 ], [ 606464.104199999943376, 6997795.326100000180304 ], [ 606554.104199999943376, 6997759.326100000180304 ], [ 606608.104199999943376, 6997705.326100000180304 ], [ 606626.104199999943376, 6997633.326100000180304 ], [ 606608.104199999943376, 6997543.326100000180304 ], [ 606554.104199999943376, 6997453.326100000180304 ], [ 606464.104199999943376, 6997363.326100000180304 ], [ 606374.104199999943376, 6997291.326100000180304 ], [ 606284.104199999943376, 6997237.326100000180304 ], [ 606194.104199999943376, 6997183.326100000180304 ], [ 606122.104199999943376, 6997129.326100000180304 ], [ 606086.104199999943376, 6997075.326100000180304 ], [ 606068.104199999943376, 6997003.326100000180304 ], [ 606086.104199999943376, 6996913.326100000180304 ], [ 606140.104199999943376, 6996823.326100000180304 ], [ 606212.104199999943376, 6996733.326100000180304 ], [ 606284.104199999943376, 6996643.326100000180304 ], [ 606374.104199999943376, 6996553.326100000180304 ], [ 606464.104199999943376, 6996481.326100000180304 ], [ 606554.104199999943376, 6996427.326100000180304 ], [ 606644.104199999943376, 6996409.326100000180304 ], [ 606734.104199999943376, 6996427.326100000180304 ], [ 606824.104199999943376, 6996481.326100000180304 ], [ 606896.104199999943376, 6996553.326100000180304 ], [ 606968.104199999943376, 6996643.326100000180304 ], [ 607040.104199999943376, 6996733.326100000180304 ], [ 607112.104199999943376, 6996823.326100000180304 ], [ 607184.104199999943376, 6996913.326100000180304 ], [ 607274.104199999943376, 6996985.326100000180304 ], [ 607364.104199999943376, 6997021.326100000180304 ], [ 607454.104199999943376, 6997021.326100000180304 ], [ 607544.104199999943376, 6996985.326100000180304 ], [ 607634.104199999943376, 6996913.326100000180304 ], [ 607724.104199999943376, 6996859.326100000180304 ], [ 607796.104199999943376, 6996841.326100000180304 ], [ 607850.104199999943376, 6996859.326100000180304 ], [ 607886.104199999943376, 6996913.326100000180304 ], [ 607922.104199999943376, 6997003.326100000180304 ], [ 607958.104199999943376, 6997093.326100000180304 ], [ 607994.104199999943376, 6997183.326100000180304 ], [ 608048.104199999943376, 6997273.326100000180304 ], [ 608120.104199999943376, 6997363.326100000180304 ], [ 608192.104199999943376, 6997453.326100000180304 ], [ 608264.104199999943376, 6997543.326100000180304 ], [ 608354.104199999943376, 6997615.326100000180304 ], [ 608444.104199999943376, 6997687.326100000180304 ], [ 608534.104199999943376, 6997741.326100000180304 ], [ 608624.104199999943376, 6997777.326100000180304 ], [ 608714.104199999943376, 6997813.326100000180304 ], [ 608804.104199999943376, 6997831.326100000180304 ], [ 608876.104199999943376, 6997813.326100000180304 ], [ 608912.104199999943376, 6997777.326100000180304 ], [ 608912.104199999943376, 6997723.326100000180304 ], [ 608876.104199999943376, 6997633.326100000180304 ], [ 608822.104199999943376, 6997543.326100000180304 ], [ 608768.104199999943376, 6997453.326100000180304 ], [ 608732.104199999943376, 6997363.326100000180304 ], [ 608714.104199999943376, 6997273.326100000180304 ], [ 608714.104199999943376, 6997183.326100000180304 ], [ 608714.104199999943376, 6997093.326100000180304 ], [ 608714.104199999943376, 6997003.326100000180304 ], [ 608714.104199999943376, 6996913.326100000180304 ], [ 608714.104199999943376, 6996823.326100000180304 ], [ 608714.104199999943376, 6996733.326100000180304 ], [ 608732.104199999943376, 6996643.326100000180304 ], [ 608768.104199999943376, 6996553.326100000180304 ], [ 608822.104199999943376, 6996481.326100000180304 ], [ 608894.104199999943376, 6996445.326100000180304 ], [ 608984.104199999943376, 6996427.326100000180304 ], [ 609074.104199999943376, 6996445.326100000180304 ], [ 609164.104199999943376, 6996499.326100000180304 ], [ 609254.104199999943376, 6996571.326100000180304 ], [ 609344.104199999943376, 6996625.326100000180304 ], [ 609434.104199999943376, 6996661.326100000180304 ], [ 609524.104199999943376, 6996661.326100000180304 ], [ 609614.104199999943376, 6996643.326100000180304 ], [ 609704.104199999943376, 6996625.326100000180304 ], [ 609794.104199999943376, 6996625.326100000180304 ], [ 609866.104199999943376, 6996661.326100000180304 ], [ 609938.104199999943376, 6996733.326100000180304 ], [ 610010.104199999943376, 6996823.326100000180304 ], [ 610082.104199999943376, 6996913.326100000180304 ], [ 610154.104199999943376, 6996967.326100000180304 ], [ 610226.104199999943376, 6996985.326100000180304 ], [ 610280.104199999943376, 6996967.326100000180304 ], [ 610334.104199999943376, 6996913.326100000180304 ], [ 610388.104199999943376, 6996859.326100000180304 ], [ 610442.104199999943376, 6996823.326100000180304 ], [ 610514.104199999943376, 6996823.326100000180304 ], [ 610604.104199999943376, 6996841.326100000180304 ], [ 610694.104199999943376, 6996877.326100000180304 ], [ 610784.104199999943376, 6996877.326100000180304 ], [ 610874.104199999943376, 6996859.326100000180304 ], [ 610964.104199999943376, 6996823.326100000180304 ], [ 611054.104199999943376, 6996769.326100000180304 ], [ 611144.104199999943376, 6996697.326100000180304 ], [ 611234.104199999943376, 6996625.326100000180304 ], [ 611324.104199999943376, 6996553.326100000180304 ], [ 611414.104199999943376, 6996463.326100000180304 ], [ 611504.104199999943376, 6996373.326100000180304 ], [ 611594.104199999943376, 6996319.326100000180304 ], [ 611666.104199999943376, 6996301.326100000180304 ], [ 611720.104199999943376, 6996319.326100000180304 ], [ 611756.104199999943376, 6996373.326100000180304 ], [ 611774.104199999943376, 6996463.326100000180304 ], [ 611774.104199999943376, 6996553.326100000180304 ], [ 611792.104199999943376, 6996643.326100000180304 ], [ 611828.104199999943376, 6996697.326100000180304 ], [ 611882.104199999943376, 6996715.326100000180304 ], [ 611936.104199999943376, 6996697.326100000180304 ], [ 611990.104199999943376, 6996643.326100000180304 ], [ 612044.104199999943376, 6996553.326100000180304 ], [ 612080.104199999943376, 6996463.326100000180304 ], [ 612116.104199999943376, 6996373.326100000180304 ], [ 612152.104199999943376, 6996283.326100000180304 ], [ 612188.104199999943376, 6996193.326100000180304 ], [ 612224.104199999943376, 6996103.326100000180304 ], [ 612260.104199999943376, 6996013.326100000180304 ], [ 612296.104199999943376, 6995923.326100000180304 ], [ 612350.104199999943376, 6995833.326100000180304 ], [ 612422.104199999943376, 6995761.326100000180304 ], [ 612494.104199999943376, 6995707.326100000180304 ], [ 612584.104199999943376, 6995671.326100000180304 ], [ 612674.104199999943376, 6995653.326100000180304 ], [ 612764.104199999943376, 6995653.326100000180304 ], [ 612854.104199999943376, 6995653.326100000180304 ], [ 612944.104199999943376, 6995653.326100000180304 ], [ 613034.104199999943376, 6995635.326100000180304 ], [ 613106.104199999943376, 6995599.326100000180304 ], [ 613160.104199999943376, 6995545.326100000180304 ], [ 613178.104199999943376, 6995473.326100000180304 ], [ 613178.104199999943376, 6995383.326100000180304 ], [ 613160.104199999943376, 6995293.326100000180304 ], [ 613124.104199999943376, 6995203.326100000180304 ], [ 613088.104199999943376, 6995113.326100000180304 ], [ 613052.104199999943376, 6995023.326100000180304 ], [ 612998.104199999943376, 6994933.326100000180304 ], [ 612926.104199999943376, 6994843.326100000180304 ], [ 612854.104199999943376, 6994753.326100000180304 ], [ 612764.104199999943376, 6994663.326100000180304 ], [ 612692.104199999943376, 6994573.326100000180304 ], [ 612656.104199999943376, 6994483.326100000180304 ], [ 612656.104199999943376, 6994393.326100000180304 ], [ 612692.104199999943376, 6994303.326100000180304 ], [ 612764.104199999943376, 6994213.326100000180304 ], [ 612854.104199999943376, 6994141.326100000180304 ], [ 612944.104199999943376, 6994105.326100000180304 ], [ 613034.104199999943376, 6994105.326100000180304 ], [ 613106.104199999943376, 6994141.326100000180304 ], [ 613160.104199999943376, 6994213.326100000180304 ], [ 613196.104199999943376, 6994303.326100000180304 ], [ 613214.104199999943376, 6994393.326100000180304 ], [ 613214.104199999943376, 6994483.326100000180304 ], [ 613232.104199999943376, 6994573.326100000180304 ], [ 613268.104199999943376, 6994663.326100000180304 ], [ 613322.104199999943376, 6994735.326100000180304 ], [ 613394.104199999943376, 6994789.326100000180304 ], [ 613484.104199999943376, 6994825.326100000180304 ], [ 613574.104199999943376, 6994843.326100000180304 ], [ 613664.104199999943376, 6994843.326100000180304 ], [ 613754.104199999943376, 6994843.326100000180304 ], [ 613844.104199999943376, 6994843.326100000180304 ], [ 613934.104199999943376, 6994843.326100000180304 ], [ 614024.104199999943376, 6994843.326100000180304 ], [ 614114.104199999943376, 6994843.326100000180304 ], [ 614204.104199999943376, 6994843.326100000180304 ], [ 614294.104199999943376, 6994843.326100000180304 ], [ 614384.104199999943376, 6994861.326100000180304 ], [ 614474.104199999943376, 6994897.326100000180304 ], [ 614564.104199999943376, 6994951.326100000180304 ], [ 614654.104199999943376, 6995023.326100000180304 ], [ 614744.104199999943376, 6995095.326100000180304 ], [ 614834.104199999943376, 6995149.326100000180304 ], [ 614924.104199999943376, 6995167.326100000180304 ], [ 614996.104199999943376, 6995149.326100000180304 ], [ 615032.104199999943376, 6995095.326100000180304 ], [ 615050.104199999943376, 6995023.326100000180304 ], [ 615032.104199999943376, 6994933.326100000180304 ], [ 614996.104199999943376, 6994843.326100000180304 ], [ 614942.104199999943376, 6994753.326100000180304 ], [ 614888.104199999943376, 6994663.326100000180304 ], [ 614816.104199999943376, 6994573.326100000180304 ], [ 614762.104199999943376, 6994483.326100000180304 ], [ 614690.104199999943376, 6994393.326100000180304 ], [ 614618.104199999943376, 6994303.326100000180304 ], [ 614564.104199999943376, 6994213.326100000180304 ], [ 614528.104199999943376, 6994123.326100000180304 ], [ 614492.104199999943376, 6994033.326100000180304 ], [ 614474.104199999943376, 6993943.326100000180304 ], [ 614456.104199999943376, 6993853.326100000180304 ], [ 614438.104199999943376, 6993763.326100000180304 ], [ 614420.104199999943376, 6993673.326100000180304 ], [ 614420.104199999943376, 6993583.326100000180304 ], [ 614438.104199999943376, 6993493.326100000180304 ], [ 614492.104199999943376, 6993421.326100000180304 ], [ 614564.104199999943376, 6993367.326100000180304 ], [ 614654.104199999943376, 6993331.326100000180304 ], [ 614744.104199999943376, 6993313.326100000180304 ], [ 614834.104199999943376, 6993313.326100000180304 ], [ 614924.104199999943376, 6993313.326100000180304 ], [ 615014.104199999943376, 6993313.326100000180304 ], [ 615104.104199999943376, 6993313.326100000180304 ], [ 615194.104199999943376, 6993313.326100000180304 ], [ 615284.104199999943376, 6993331.326100000180304 ], [ 615374.104199999943376, 6993367.326100000180304 ], [ 615446.104199999943376, 6993421.326100000180304 ], [ 615518.104199999943376, 6993493.326100000180304 ], [ 615590.104199999943376, 6993565.326100000180304 ], [ 615662.104199999943376, 6993619.326100000180304 ], [ 615734.104199999943376, 6993637.326100000180304 ], [ 615824.104199999943376, 6993637.326100000180304 ], [ 615914.104199999943376, 6993619.326100000180304 ], [ 616004.104199999943376, 6993601.326100000180304 ], [ 616094.104199999943376, 6993583.326100000180304 ], [ 616184.104199999943376, 6993583.326100000180304 ], [ 616274.104199999943376, 6993601.326100000180304 ], [ 616364.104199999943376, 6993619.326100000180304 ], [ 616454.104199999943376, 6993637.326100000180304 ], [ 616544.104199999943376, 6993637.326100000180304 ], [ 616616.104199999943376, 6993619.326100000180304 ], [ 616670.104199999943376, 6993565.326100000180304 ], [ 616706.104199999943376, 6993493.326100000180304 ], [ 616724.104199999943376, 6993403.326100000180304 ], [ 616742.104199999943376, 6993313.326100000180304 ], [ 616778.104199999943376, 6993223.326100000180304 ], [ 616832.104199999943376, 6993133.326100000180304 ], [ 616886.104199999943376, 6993043.326100000180304 ], [ 616940.104199999943376, 6992953.326100000180304 ], [ 616976.104199999943376, 6992863.326100000180304 ], [ 616994.104199999943376, 6992773.326100000180304 ], [ 616994.104199999943376, 6992683.326100000180304 ], [ 617012.104199999943376, 6992593.326100000180304 ], [ 617048.104199999943376, 6992503.326100000180304 ], [ 617102.104199999943376, 6992431.326100000180304 ], [ 617174.104199999943376, 6992377.326100000180304 ], [ 617264.104199999943376, 6992341.326100000180304 ], [ 617354.104199999943376, 6992323.326100000180304 ], [ 617444.104199999943376, 6992323.326100000180304 ], [ 617534.104199999943376, 6992323.326100000180304 ], [ 617624.104199999943376, 6992323.326100000180304 ], [ 617714.104199999943376, 6992323.326100000180304 ], [ 617804.104199999943376, 6992341.326100000180304 ], [ 617894.104199999943376, 6992359.326100000180304 ], [ 617984.104199999943376, 6992395.326100000180304 ], [ 618074.104199999943376, 6992431.326100000180304 ], [ 618164.104199999943376, 6992467.326100000180304 ], [ 618254.104199999943376, 6992485.326100000180304 ], [ 618344.104199999943376, 6992485.326100000180304 ], [ 618434.104199999943376, 6992467.326100000180304 ], [ 618524.104199999943376, 6992449.326100000180304 ], [ 618531.027299999957904, 6992447.941499999724329 ] ] } },
{ "type": "Feature", "properties": { "river": "Itajai_Oeste", "reach": "R3" }, "geometry": { "type": "LineString", "coordinates": [ [ 618531.027299999957904, 6992447.941499999724329 ], [ 618614.104199999943376, 6992431.326100000180304 ], [ 618704.104199999943376, 6992413.326100000180304 ], [ 618794.104199999943376, 6992413.326100000180304 ], [ 618884.104199999943376, 6992413.326100000180304 ], [ 618974.104199999943376, 6992395.326100000180304 ], [ 619064.104199999943376, 6992377.326100000180304 ], [ 619154.104199999943376, 6992359.326100000180304 ], [ 619244.104199999943376, 6992323.326100000180304 ], [ 619334.104199999943376, 6992287.326100000180304 ], [ 619424.104199999943376, 6992269.326100000180304 ], [ 619514.104199999943376, 6992251.326100000180304 ], [ 619604.104199999943376, 6992233.326100000180304 ], [ 619694.104199999943376, 6992233.326100000180304 ], [ 619784.104199999943376, 6992233.326100000180304 ], [ 619874.104199999943376, 6992233.326100000180304 ], [ 619964.104199999943376, 6992215.326100000180304 ], [ 620054.104199999943376, 6992179.326100000180304 ], [ 620144.104199999943376, 6992125.326100000180304 ], [ 620234.104199999943376, 6992053.326100000180304 ], [ 620324.104199999943376, 6991963.326100000180304 ], [ 620414.104199999943376, 6991873.326100000180304 ], [ 620486.104199999943376, 6991783.326100000180304 ], [ 620540.104199999943376, 6991693.326100000180304 ], [ 620558.104199999943376, 6991603.326100000180304 ], [ 620540.104199999943376, 6991513.326100000180304 ], [ 620486.104199999943376, 6991441.326100000180304 ], [ 620414.104199999943376, 6991369.326100000180304 ], [ 620342.104199999943376, 6991297.326100000180304 ], [ 620288.104199999943376, 6991225.326100000180304 ], [ 620252.104199999943376, 6991153.326100000180304 ], [ 620252.104199999943376, 6991063.326100000180304 ], [ 620288.104199999943376, 6990973.326100000180304 ], [ 620324.104199999943376, 6990883.326100000180304 ], [ 620378.104199999943376, 6990793.326100000180304 ], [ 620450.104199999943376, 6990703.326100000180304 ], [ 620522.104199999943376, 6990631.326100000180304 ], [ 620594.104199999943376, 6990577.326100000180304 ], [ 620684.104199999943376, 6990523.326100000180304 ], [ 620774.104199999943376, 6990487.326100000180304 ], [ 620864.104199999943376, 6990451.326100000180304 ], [ 620954.104199999943376, 6990397.326100000180304 ], [ 621044.104199999943376, 6990343.326100000180304 ], [ 621134.104199999943376, 6990289.326100000180304 ], [ 621224.104199999943376, 6990217.326100000180304 ], [ 621314.104199999943376, 6990163.326100000180304 ], [ 621404.104199999943376, 6990145.326100000180304 ], [ 621476.104199999943376, 6990145.326100000180304 ], [ 621530.104199999943376, 6990181.326100000180304 ], [ 621566.104199999943376, 6990253.326100000180304 ], [ 621602.104199999943376, 6990343.326100000180304 ], [ 621638.104199999943376, 6990415.326100000180304 ], [ 621692.104199999943376, 6990469.326100000180304 ], [ 621764.104199999943376, 6990523.326100000180304 ], [ 621854.104199999943376, 6990577.326100000180304 ], [ 621926.104199999943376, 6990631.326100000180304 ], [ 621980.104199999943376, 6990703.326100000180304 ], [ 622016.104199999943376, 6990793.326100000180304 ], [ 622034.104199999943376, 6990883.326100000180304 ], [ 622034.104199999943376, 6990973.326100000180304 ], [ 622034.104199999943376, 6991063.326100000180304 ], [ 622034.104199999943376, 6991153.326100000180304 ], [ 622052.104199999943376, 6991243.326100000180304 ], [ 622088.104199999943376, 6991297.326100000180304 ], [ 622124.104199999943376, 6991315.326100000180304 ], [ 622178.104199999943376, 6991297.326100000180304 ], [ 622250.104199999943376, 6991243.326100000180304 ], [ 622304.104199999943376, 6991153.326100000180304 ], [ 622340.104199999943376, 6991063.326100000180304 ], [ 622376.104199999943376, 6990973.326100000180304 ], [ 622394.104199999943376, 6990883.326100000180304 ], [ 622394.104199999943376, 6990793.326100000180304 ], [ 622394.104199999943376, 6990703.326100000180304 ], [ 622394.104199999943376, 6990613.326100000180304 ], [ 622394.104199999943376, 6990523.326100000180304 ], [ 622394.104199999943376, 6990433.326100000180304 ], [ 622394.104199999943376, 6990343.326100000180304 ], [ 622394.104199999943376, 6990253.326100000180304 ], [ 622394.104199999943376, 6990163.326100000180304 ], [ 622394.104199999943376, 6990073.326100000180304 ], [ 622394.104199999943376, 6989983.326100000180304 ], [ 622412.104199999943376, 6989893.326100000180304 ], [ 622430.104199999943376, 6989803.326100000180304 ], [ 622466.104199999943376, 6989713.326100000180304 ], [ 622520.104199999943376, 6989641.326100000180304 ], [ 622592.104199999943376, 6989587.326100000180304 ], [ 622664.104199999943376, 6989551.326100000180304 ], [ 622754.104199999943376, 6989533.326100000180304 ], [ 622844.104199999943376, 6989551.326100000180304 ], [ 622934.104199999943376, 6989569.326100000180304 ], [ 623024.104199999943376, 6989605.326100000180304 ], [ 623114.104199999943376, 6989659.326100000180304 ], [ 623204.104199999943376, 6989731.326100000180304 ], [ 623294.104199999943376, 6989803.326100000180304 ], [ 623384.104199999943376, 6989893.326100000180304 ], [ 623474.104199999943376, 6989983.326100000180304 ], [ 623564.104199999943376, 6990055.326100000180304 ], [ 623654.104199999943376, 6990109.326100000180304 ], [ 623744.104199999943376, 6990145.326100000180304 ], [ 623834.104199999943376, 6990145.326100000180304 ], [ 623924.104199999943376, 6990109.326100000180304 ], [ 623996.104199999943376, 6990055.326100000180304 ], [ 624068.104199999943376, 6989983.326100000180304 ], [ 624122.104199999943376, 6989893.326100000180304 ], [ 624176.104199999943376, 6989803.326100000180304 ], [ 624212.104199999943376, 6989713.326100000180304 ], [ 624248.104199999943376, 6989623.326100000180304 ], [ 624266.104199999943376, 6989533.326100000180304 ], [ 624302.104199999943376, 6989443.326100000180304 ], [ 624320.104199999943376, 6989353.326100000180304 ], [ 624356.104199999943376, 6989263.326100000180304 ], [ 624392.104199999943376, 6989173.326100000180304 ], [ 624428.104199999943376, 6989083.326100000180304 ], [ 624464.104199999943376, 6988993.326100000180304 ], [ 624518.104199999943376, 6988903.326100000180304 ], [ 624572.104199999943376, 6988831.326100000180304 ], [ 624644.104199999943376, 6988777.326100000180304 ], [ 624734.104199999943376, 6988741.326100000180304 ], [ 624824.104199999943376, 6988723.326100000180304 ], [ 624914.104199999943376, 6988723.326100000180304 ], [ 625004.104199999943376, 6988723.326100000180304 ], [ 625094.104199999943376, 6988723.326100000180304 ], [ 625184.104199999943376, 6988705.326100000180304 ], [ 625274.104199999943376, 6988669.326100000180304 ], [ 625346.104199999943376, 6988615.326100000180304 ], [ 625418.104199999943376, 6988543.326100000180304 ], [ 625472.104199999943376, 6988453.326100000180304 ], [ 625526.104199999943376, 6988363.326100000180304 ], [ 625562.104199999943376, 6988273.326100000180304 ], [ 625598.104199999943376, 6988183.326100000180304 ], [ 625616.104199999943376, 6988093.326100000180304 ], [ 625652.104199999943376, 6988003.326100000180304 ], [ 625688.104199999943376, 6987913.326100000180304 ], [ 625742.104199999943376, 6987823.326100000180304 ], [ 625814.104199999943376, 6987733.326100000180304 ], [ 625904.104199999943376, 6987661.326100000180304 ], [ 625994.104199999943376, 6987607.326100000180304 ], [ 626084.104199999943376, 6987571.326100000180304 ], [ 626174.104199999943376, 6987553.326100000180304 ], [ 626264.104199999943376, 6987571.326100000180304 ], [ 626354.104199999943376, 6987589.326100000180304 ], [ 626444.104199999943376, 6987607.326100000180304 ], [ 626534.104199999943376, 6987643.326100000180304 ], [ 626624.104199999943376, 6987679.326100000180304 ], [ 626714.104199999943376, 6987679.326100000180304 ], [ 626804.104199999943376, 6987679.326100000180304 ], [ 626894.104199999943376, 6987661.326100000180304 ], [ 626984.104199999943376, 6987625.326100000180304 ], [ 627074.104199999943376, 6987571.326100000180304 ], [ 627164.104199999943376, 6987535.326100000180304 ], [ 627254.104199999943376, 6987499.326100000180304 ], [ 627344.104199999943376, 6987481.326100000180304 ], [ 627434.104199999943376, 6987463.326100000180304 ], [ 627524.104199999943376, 6987463.326100000180304 ], [ 627614.104199999943376, 6987463.326100000180304 ], [ 627704.104199999943376, 6987445.326100000180304 ], [ 627794.104199999943376, 6987409.326100000180304 ], [ 627884.104199999943376, 6987355.326100000180304 ], [ 627956.104199999943376, 6987283.326100000180304 ], [ 628010.104199999943376, 6987193.326100000180304 ], [ 628046.104199999943376, 6987103.326100000180304 ], [ 628064.104199999943376, 6987013.326100000180304 ], [ 628064.104199999943376, 6986923.326100000180304 ], [ 628082.104199999943376, 6986833.326100000180304 ], [ 628118.104199999943376, 6986743.326100000180304 ], [ 628172.104199999943376, 6986671.326100000180304 ], [ 628244.104199999943376, 6986599.326100000180304 ], [ 628334.104199999943376, 6986545.326100000180304 ], [ 628424.104199999943376, 6986509.326100000180304 ], [ 628514.104199999943376, 6986473.326100000180304 ], [ 628604.104199999943376, 6986437.326100000180304 ], [ 628694.104199999943376, 6986419.326100000180304 ], [ 628784.104199999943376, 6986401.326100000180304 ], [ 628874.104199999943376, 6986383.326100000180304 ], [ 628964.104199999943376, 6986365.326100000180304 ], [ 629054.104199999943376, 6986329.326100000180304 ], [ 629144.104199999943376, 6986275.326100000180304 ], [ 629234.104199999943376, 6986203.326100000180304 ], [ 629306.104199999943376, 6986113.326100000180304 ], [ 629378.104199999943376, 6986023.326100000180304 ], [ 629450.104199999943376, 6985933.326100000180304 ], [ 629522.104199999943376, 6985843.326100000180304 ], [ 629594.104199999943376, 6985753.326100000180304 ], [ 629684.104199999943376, 6985663.326100000180304 ], [ 629774.104199999943376, 6985573.326100000180304 ], [ 629813.8101, 6985549.502600000239909 ] ] } },
{ "type": "Feature", "properties": { "river": "Itajai_Oeste", "reach": "R4" }, "geometry": { "type": "LineString", "coordinates": [ [ 629813.8101, 6985549.502600000239909 ], [ 629864.104199999943376, 6985519.326100000180304 ], [ 629954.104199999943376, 6985501.326100000180304 ], [ 630044.104199999943376, 6985519.326100000180304 ], [ 630116.104199999943376, 6985573.326100000180304 ], [ 630188.104199999943376, 6985663.326100000180304 ], [ 630242.104199999943376, 6985753.326100000180304 ], [ 630296.104199999943376, 6985843.326100000180304 ], [ 630332.104199999943376, 6985933.326100000180304 ], [ 630386.104199999943376, 6986023.326100000180304 ], [ 630422.104199999943376, 6986113.326100000180304 ], [ 630458.104199999943376, 6986203.326100000180304 ], [ 630494.104199999943376, 6986293.326100000180304 ], [ 630548.104199999943376, 6986383.326100000180304 ], [ 630602.104199999943376, 6986473.326100000180304 ], [ 630674.104199999943376, 6986563.326100000180304 ], [ 630764.104199999943376, 6986635.326100000180304 ], [ 630854.104199999943376, 6986707.326100000180304 ], [ 630944.104199999943376, 6986761.326100000180304 ], [ 631034.104199999943376, 6986797.326100000180304 ], [ 631124.104199999943376, 6986833.326100000180304 ], [ 631214.104199999943376, 6986869.326100000180304 ], [ 631304.104199999943376, 6986905.326100000180304 ], [ 631394.104199999943376, 6986941.326100000180304 ], [ 631484.104199999943376, 6986977.326100000180304 ], [ 631574.104199999943376, 6987013.326100000180304 ], [ 631664.104199999943376, 6987067.326100000180304 ], [ 631754.104199999943376, 6987121.326100000180304 ], [ 631844.104199999943376, 6987193.326100000180304 ], [ 631934.104199999943376, 6987283.326100000180304 ], [ 632006.104199999943376, 6987373.326100000180304 ], [ 632078.104199999943376, 6987463.326100000180304 ], [ 632132.104199999943376, 6987553.326100000180304 ], [ 632186.104199999943376, 6987643.326100000180304 ], [ 632222.104199999943376, 6987733.326100000180304 ], [ 632258.104199999943376, 6987823.326100000180304 ], [ 632294.104199999943376, 6987913.326100000180304 ], [ 632348.104199999943376, 6988003.326100000180304 ], [ 632402.104199999943376, 6988075.326100000180304 ], [ 632474.104199999943376, 6988129.326100000180304 ], [ 632564.104199999943376, 6988165.326100000180304 ], [ 632654.104199999943376, 6988183.326100000180304 ], [ 632744.104199999943376, 6988183.326100000180304 ], [ 632834.104199999943376, 6988183.326100000180304 ], [ 632924.104199999943376, 6988201.326100000180304 ], [ 633014.104199999943376, 6988219.326100000180304 ], [ 633104.104199999943376, 6988237.326100000180304 ], [ 633194.104199999943376, 6988255.326100000180304 ], [ 633284.104199999943376, 6988273.326100000180304 ], [ 633374.104199999943376, 6988291.326100000180304 ], [ 633464.104199999943376, 6988327.326100000180304 ], [ 633554.104199999943376, 6988381.326100000180304 ], [ 633626.104199999943376, 6988453.326100000180304 ], [ 633698.104199999943376, 6988543.326100000180304 ], [ 633752.104199999943376, 6988633.326100000180304 ], [ 633788.104199999943376, 6988723.326100000180304 ], [ 633824.104199999943376, 6988903.326100000180304 ] ] } },
{ "type": "Feature", "properties": { "river": "Itajai_Sul", "reach": "R1" }, "geometry": { "type": "LineString", "coordinates": [ [ 663524.104199999943376, 6935803.326100000180304 ], [ 663344.104199999943376, 6935929.326100000180304 ], [ 663254.104199999943376, 6935965.326100000180304 ], [ 663164.104199999943376, 6935983.326100000180304 ], [ 663074.104199999943376, 6936001.326100000180304 ], [ 662984.104199999943376, 6936037.326100000180304 ], [ 662894.104199999943376, 6936091.326100000180304 ], [ 662804.104199999943376, 6936163.326100000180304 ], [ 662714.104199999943376, 6936235.326100000180304 ], [ 662624.104199999943376, 6936271.326100000180304 ], [ 662534.104199999943376, 6936289.326100000180304 ], [ 662444.104199999943376, 6936271.326100000180304 ], [ 662354.104199999943376, 6936235.326100000180304 ], [ 662264.104199999943376, 6936199.326100000180304 ], [ 662174.104199999943376, 6936181.326100000180304 ], [ 662102.104199999943376, 6936181.326100000180304 ], [ 662030.104199999943376, 6936217.326100000180304 ], [ 661958.104199999943376, 6936253.326100000180304 ], [ 661886.104199999943376, 6936307.326100000180304 ], [ 661814.104199999943376, 6936379.326100000180304 ], [ 661742.104199999943376, 6936451.326100000180304 ], [ 661670.104199999943376, 6936523.326100000180304 ], [ 661598.104199999943376, 6936613.326100000180304 ], [ 661526.104199999943376, 6936703.326100000180304 ], [ 661454.104199999943376, 6936775.326100000180304 ], [ 661364.104199999943376, 6936829.326100000180304 ], [ 661274.104199999943376, 6936847.326100000180304 ], [ 661184.104199999943376, 6936847.326100000180304 ], [ 661094.104199999943376, 6936829.326100000180304 ], [ 661004.104199999943376, 6936811.326100000180304 ], [ 660914.104199999943376, 6936811.326100000180304 ], [ 660824.104199999943376, 6936847.326100000180304 ], [ 660734.104199999943376, 6936901.326100000180304 ], [ 660644.104199999943376, 6936973.326100000180304 ], [ 660554.104199999943376, 6937063.326100000180304 ], [ 660464.104199999943376, 6937117.326100000180304 ], [ 660374.104199999943376, 6937153.326100000180304 ], [ 660284.104199999943376, 6937171.326100000180304 ], [ 660194.104199999943376, 6937189.326100000180304 ], [ 660140.104199999943376, 6937207.326100000180304 ], [ 660086.104199999943376, 6937261.326100000180304 ], [ 660050.104199999943376, 6937333.326100000180304 ], [ 660032.104199999943376, 6937423.326100000180304 ], [ 660032.104199999943376, 6937513.326100000180304 ], [ 659996.104199999943376, 6937603.326100000180304 ], [ 659960.104199999943376, 6937675.326100000180304 ], [ 659906.104199999943376, 6937729.326100000180304 ], [ 659834.104199999943376, 6937747.326100000180304 ], [ 659744.104199999943376, 6937765.326100000180304 ], [ 659654.104199999943376, 6937765.326100000180304 ], [ 659564.104199999943376, 6937783.326100000180304 ], [ 659474.104199999943376, 6937819.326100000180304 ], [ 659402.104199999943376, 6937891.326100000180304 ], [ 659348.104199999943376, 6937963.326100000180304 ], [ 659294.104199999943376, 6938035.326100000180304 ], [ 659240.104199999943376, 6938107.326100000180304 ], [ 659186.104199999943376, 6938143.326100000180304 ], [ 659114.104199999943376, 6938161.326100000180304 ], [ 659024.104199999943376, 6938143.326100000180304 ], [ 658934.104199999943376, 6938125.326100000180304 ], [ 658862.104199999943376, 6938107.326100000180304 ], [ 658790.104199999943376, 6938125.326100000180304 ], [ 658718.104199999943376, 6938143.326100000180304 ], [ 658646.104199999943376, 6938179.326100000180304 ], [ 658574.104199999943376, 6938233.326100000180304 ], [ 658484.104199999943376, 6938287.326100000180304 ], [ 658412.104199999943376, 6938341.326100000180304 ], [ 658358.104199999943376, 6938413.326100000180304 ], [ 658304.104199999943376, 6938503.326100000180304 ], [ 658250.104199999943376, 6938593.326100000180304 ], [ 658196.104199999943376, 6938665.326100000180304 ], [ 658124.104199999943376, 6938719.326100000180304 ], [ 658034.104199999943376, 6938755.326100000180304 ], [ 657944.104199999943376, 6938773.326100000180304 ], [ 657854.104199999943376, 6938755.326100000180304 ], [ 657764.104199999943376, 6938737.326100000180304 ], [ 657674.104199999943376, 6938719.326100000180304 ], [ 657584.104199999943376, 6938719.326100000180304 ], [ 657512.104199999943376, 6938737.326100000180304 ], [ 657476.104199999943376, 6938791.326100000180304 ], [ 657458.104199999943376, 6938863.326100000180304 ], [ 657440.104199999943376, 6938953.326100000180304 ], [ 657422.104199999943376, 6939025.326100000180304 ], [ 657386.104199999943376, 6939079.326100000180304 ], [ 657314.104199999943376, 6939115.326100000180304 ], [ 657224.104199999943376, 6939115.326100000180304 ], [ 657134.104199999943376, 6939097.326100000180304 ], [ 657044.104199999943376, 6939079.326100000180304 ], [ 656954.104199999943376, 6939061.326100000180304 ], [ 656864.104199999943376, 6939025.326100000180304 ], [ 656774.104199999943376, 6939007.326100000180304 ], [ 656684.104199999943376, 6938989.326100000180304 ], [ 656594.104199999943376, 6938971.326100000180304 ], [ 656504.104199999943376, 6938971.326100000180304 ], [ 656414.104199999943376, 6939007.326100000180304 ], [ 656324.104199999943376, 6939061.326100000180304 ], [ 656252.104199999943376, 6939133.326100000180304 ], [ 656180.104199999943376, 6939223.326100000180304 ], [ 656108.104199999943376, 6939313.326100000180304 ], [ 656054.104199999943376, 6939403.326100000180304 ], [ 656000.104199999943376, 6939493.326100000180304 ], [ 655928.104199999943376, 6939565.326100000180304 ], [ 655856.104199999943376, 6939619.326100000180304 ], [ 655784.104199999943376, 6939655.326100000180304 ], [ 655694.104199999943376, 6939673.326100000180304 ], [ 655604.104199999943376, 6939691.326100000180304 ], [ 655550.104199999943376, 6939727.326100000180304 ], [ 655514.104199999943376, 6939781.326100000180304 ], [ 655478.104199999943376, 6939835.326100000180304 ], [ 655442.104199999943376, 6939907.326100000180304 ], [ 655406.104199999943376, 6939961.326100000180304 ], [ 655334.104199999943376, 6939979.326100000180304 ], [ 655244.104199999943376, 6939961.326100000180304 ], [ 655154.104199999943376, 6939925.326100000180304 ], [ 655064.104199999943376, 6939853.326100000180304 ], [ 654974.104199999943376, 6939763.326100000180304 ], [ 654884.104199999943376, 6939691.326100000180304 ], [ 654794.104199999943376, 6939637.326100000180304 ], [ 654704.104199999943376, 6939601.326100000180304 ], [ 654614.104199999943376, 6939601.326100000180304 ], [ 654524.104199999943376, 6939637.326100000180304 ], [ 654452.104199999943376, 6939691.326100000180304 ], [ 654398.104199999943376, 6939763.326100000180304 ], [ 654344.104199999943376, 6939853.326100000180304 ], [ 654308.104199999943376, 6939943.326100000180304 ], [ 654290.104199999943376, 6940033.326100000180304 ], [ 654272.104199999943376, 6940123.326100000180304 ], [ 654236.104199999943376, 6940213.326100000180304 ], [ 654200.104199999943376, 6940303.326100000180304 ], [ 654164.104199999943376, 6940393.326100000180304 ], [ 654110.104199999943376, 6940483.326100000180304 ], [ 654056.104199999943376, 6940573.326100000180304 ], [ 654002.104199999943376, 6940663.326100000180304 ], [ 653966.104199999943376, 6940753.326100000180304 ], [ 653948.104199999943376, 6940825.326100000180304 ], [ 653966.104199999943376, 6940897.326100000180304 ], [ 654002.104199999943376, 6940969.326100000180304 ], [ 654056.104199999943376, 6941041.326100000180304 ], [ 654110.104199999943376, 6941113.326100000180304 ], [ 654128.104199999943376, 6941203.326100000180304 ], [ 654110.104199999943376, 6941293.326100000180304 ], [ 654056.104199999943376, 6941383.326100000180304 ], [ 653984.104199999943376, 6941473.326100000180304 ], [ 653894.104199999943376, 6941563.326100000180304 ], [ 653822.104199999943376, 6941653.326100000180304 ], [ 653750.104199999943376, 6941743.326100000180304 ], [ 653696.104199999943376, 6941833.326100000180304 ], [ 653660.104199999943376, 6941923.326100000180304 ], [ 653624.104199999943376, 6942013.326100000180304 ], [ 653588.104199999943376, 6942103.326100000180304 ], [ 653570.104199999943376, 6942193.326100000180304 ], [ 653552.104199999943376, 6942283.326100000180304 ], [ 653516.104199999943376, 6942373.326100000180304 ], [ 653498.104199999943376, 6942463.326100000180304 ], [ 653480.104199999943376, 6942553.326100000180304 ], [ 653462.104199999943376, 6942643.326100000180304 ], [ 653426.104199999943376, 6942733.326100000180304 ], [ 653390.104199999943376, 6942805.326100000180304 ], [ 653336.104199999943376, 6942877.326100000180304 ], [ 653264.104199999943376, 6942949.326100000180304 ], [ 653174.104199999943376, 6943021.326100000180304 ], [ 653084.104199999943376, 6943075.326100000180304 ], [ 652994.104199999943376, 6943147.326100000180304 ], [ 652922.104199999943376, 6943219.326100000180304 ], [ 652868.104199999943376, 6943291.326100000180304 ], [ 652850.104199999943376, 6943363.326100000180304 ], [ 652850.104199999943376, 6943453.326100000180304 ], [ 652886.104199999943376, 6943525.326100000180304 ], [ 652922.104199999943376, 6943597.326100000180304 ], [ 652958.104199999943376, 6943669.326100000180304 ], [ 652976.104199999943376, 6943741.326100000180304 ], [ 652994.104199999943376, 6943813.326100000180304 ], [ 652994.104199999943376, 6943903.326100000180304 ], [ 652994.104199999943376, 6943993.326100000180304 ], [ 652994.104199999943376, 6944083.326100000180304 ], [ 652994.104199999943376, 6944173.326100000180304 ], [ 653012.104199999943376, 6944263.326100000180304 ], [ 653030.104199999943376, 6944353.326100000180304 ], [ 653048.104199999943376, 6944443.326100000180304 ], [ 653048.104199999943376, 6944533.326100000180304 ], [ 653048.104199999943376, 6944623.326100000180304 ], [ 653012.104199999943376, 6944713.326100000180304 ], [ 652976.104199999943376, 6944803.326100000180304 ], [ 652922.104199999943376, 6944893.326100000180304 ], [ 652868.104199999943376, 6944983.326100000180304 ], [ 652832.104199999943376, 6945073.326100000180304 ], [ 652832.104199999943376, 6945163.326100000180304 ], [ 652850.104199999943376, 6945253.326100000180304 ], [ 652904.104199999943376, 6945325.326100000180304 ], [ 652994.104199999943376, 6945397.326100000180304 ], [ 653084.104199999943376, 6945469.326100000180304 ], [ 653156.104199999943376, 6945541.326100000180304 ], [ 653210.104199999943376, 6945613.326100000180304 ], [ 653228.104199999943376, 6945703.326100000180304 ], [ 653210.104199999943376, 6945793.326100000180304 ], [ 653174.104199999943376, 6945883.326100000180304 ], [ 653138.104199999943376, 6945973.326100000180304 ], [ 653084.104199999943376, 6946063.326100000180304 ], [ 653048.104199999943376, 6946153.326100000180304 ], [ 653030.104199999943376, 6946243.326100000180304 ], [ 652994.104199999943376, 6946333.326100000180304 ], [ 652940.104199999943376, 6946423.326100000180304 ], [ 652886.104199999943376, 6946495.326100000180304 ], [ 652832.104199999943376, 6946567.326100000180304 ], [ 652760.104199999943376, 6946639.326100000180304 ], [ 652688.104199999943376, 6946711.326100000180304 ], [ 652634.104199999943376, 6946783.326100000180304 ], [ 652598.104199999943376, 6946873.326100000180304 ], [ 652562.104199999943376, 6946963.326100000180304 ], [ 652544.104199999943376, 6947053.326100000180304 ], [ 652544.104199999943376, 6947143.326100000180304 ], [ 652562.104199999943376, 6947233.326100000180304 ], [ 652580.104199999943376, 6947323.326100000180304 ], [ 652598.104199999943376, 6947413.326100000180304 ], [ 652616.104199999943376, 6947503.326100000180304 ], [ 652634.104199999943376, 6947593.326100000180304 ], [ 652634.104199999943376, 6947683.326100000180304 ], [ 652652.104199999943376, 6947773.326100000180304 ], [ 652688.104199999943376, 6947863.326100000180304 ], [ 652742.104199999943376, 6947953.326100000180304 ], [ 652796.104199999943376, 6948043.326100000180304 ], [ 652850.104199999943376, 6948133.326100000180304 ], [ 652868.104199999943376, 6948223.326100000180304 ], [ 652868.104199999943376, 6948313.326100000180304 ], [ 652850.104199999943376, 6948403.326100000180304 ], [ 652832.104199999943376, 6948493.326100000180304 ], [ 652814.104199999943376, 6948583.326100000180304 ], [ 652814.104199999943376, 6948673.326100000180304 ], [ 652814.104199999943376, 6948763.326100000180304 ], [ 652796.104199999943376, 6948853.326100000180304 ], [ 652760.104199999943376, 6948925.326100000180304 ], [ 652706.104199999943376, 6948979.326100000180304 ], [ 652634.104199999943376, 6949015.326100000180304 ], [ 652544.104199999943376, 6949033.326100000180304 ], [ 652454.104199999943376, 6949033.326100000180304 ], [ 652364.104199999943376, 6949033.326100000180304 ], [ 652274.104199999943376, 6949015.326100000180304 ], [ 652184.104199999943376, 6948997.326100000180304 ], [ 652094.104199999943376, 6948997.326100000180304 ], [ 652004.104199999943376, 6948997.326100000180304 ], [ 651914.104199999943376, 6949015.326100000180304 ], [ 651842.104199999943376, 6949069.326100000180304 ], [ 651770.104199999943376, 6949141.326100000180304 ], [ 651716.104199999943376, 6949213.326100000180304 ], [ 651680.104199999943376, 6949303.326100000180304 ], [ 651662.104199999943376, 6949393.326100000180304 ], [ 651644.104199999943376, 6949483.326100000180304 ], [ 651626.104199999943376, 6949573.326100000180304 ], [ 651590.104199999943376, 6949663.326100000180304 ], [ 651536.104199999943376, 6949735.326100000180304 ], [ 651464.104199999943376, 6949789.326100000180304 ], [ 651374.104199999943376, 6949825.326100000180304 ], [ 651284.104199999943376, 6949843.326100000180304 ], [ 651194.104199999943376, 6949843.326100000180304 ], [ 651104.104199999943376, 6949843.326100000180304 ], [ 651014.104199999943376, 6949861.326100000180304 ], [ 650924.104199999943376, 6949879.326100000180304 ], [ 650852.104199999943376, 6949915.326100000180304 ], [ 650780.104199999943376, 6949969.326100000180304 ], [ 650744.104199999943376, 6950041.326100000180304 ], [ 650744.104199999943376, 6950113.326100000180304 ], [ 650780.104199999943376, 6950203.326100000180304 ], [ 650834.104199999943376, 6950293.326100000180304 ], [ 650906.104199999943376, 6950383.326100000180304 ], [ 650960.104199999943376, 6950473.326100000180304 ], [ 650996.104199999943376, 6950563.326100000180304 ], [ 651014.104199999943376, 6950653.326100000180304 ], [ 651014.104199999943376, 6950743.326100000180304 ], [ 651014.104199999943376, 6950833.326100000180304 ], [ 650996.104199999943376, 6950923.326100000180304 ], [ 650960.104199999943376, 6951013.326100000180304 ], [ 650906.104199999943376, 6951085.326100000180304 ], [ 650834.104199999943376, 6951121.326100000180304 ], [ 650744.104199999943376, 6951139.326100000180304 ], [ 650654.104199999943376, 6951139.326100000180304 ], [ 650564.104199999943376, 6951139.326100000180304 ], [ 650474.104199999943376, 6951139.326100000180304 ], [ 650384.104199999943376, 6951157.326100000180304 ], [ 650294.104199999943376, 6951175.326100000180304 ], [ 650204.104199999943376, 6951175.326100000180304 ], [ 650114.104199999943376, 6951157.326100000180304 ], [ 650024.104199999943376, 6951121.326100000180304 ], [ 649934.104199999943376, 6951067.326100000180304 ], [ 649844.104199999943376, 6951031.326100000180304 ], [ 649754.104199999943376, 6951013.326100000180304 ], [ 649664.104199999943376, 6951013.326100000180304 ], [ 649574.104199999943376, 6951049.326100000180304 ], [ 649502.104199999943376, 6951121.326100000180304 ], [ 649448.104199999943376, 6951193.326100000180304 ], [ 649412.104199999943376, 6951283.326100000180304 ], [ 649394.104199999943376, 6951373.326100000180304 ], [ 649394.104199999943376, 6951463.326100000180304 ], [ 649394.104199999943376, 6951553.326100000180304 ], [ 649376.104199999943376, 6951643.326100000180304 ], [ 649358.104199999943376, 6951733.326100000180304 ], [ 649322.104199999943376, 6951823.326100000180304 ], [ 649286.104199999943376, 6951913.326100000180304 ], [ 649232.104199999943376, 6952003.326100000180304 ], [ 649196.104199999943376, 6952093.326100000180304 ], [ 649142.104199999943376, 6952183.326100000180304 ], [ 649106.104199999943376, 6952273.326100000180304 ], [ 649070.104199999943376, 6952363.326100000180304 ], [ 649052.104199999943376, 6952453.326100000180304 ], [ 649034.104199999943376, 6952543.326100000180304 ], [ 649034.104199999943376, 6952633.326100000180304 ], [ 649034.104199999943376, 6952723.326100000180304 ], [ 649034.104199999943376, 6952813.326100000180304 ], [ 649034.104199999943376, 6952903.326100000180304 ], [ 649034.104199999943376, 6952993.326100000180304 ], [ 649016.104199999943376, 6953083.326100000180304 ], [ 648980.104199999943376, 6953173.326100000180304 ], [ 648926.104199999943376, 6953245.326100000180304 ], [ 648854.104199999943376, 6953299.326100000180304 ], [ 648764.104199999943376, 6953335.326100000180304 ], [ 648674.104199999943376, 6953371.326100000180304 ], [ 648584.104199999943376, 6953389.326100000180304 ], [ 648494.104199999943376, 6953425.326100000180304 ], [ 648404.104199999943376, 6953479.326100000180304 ], [ 648314.104199999943376, 6953551.326100000180304 ], [ 648224.104199999943376, 6953623.326100000180304 ], [ 648134.104199999943376, 6953713.326100000180304 ], [ 648044.104199999943376, 6953803.326100000180304 ], [ 647954.104199999943376, 6953893.326100000180304 ], [ 647864.104199999943376, 6953983.326100000180304 ], [ 647774.104199999943376, 6954073.326100000180304 ], [ 647684.104199999943376, 6954145.326100000180304 ], [ 647594.104199999943376, 6954217.326100000180304 ], [ 647504.104199999943376, 6954271.326100000180304 ], [ 647414.104199999943376, 6954307.326100000180304 ], [ 647324.104199999943376, 6954325.326100000180304 ], [ 647234.104199999943376, 6954343.326100000180304 ], [ 647144.104199999943376, 6954361.326100000180304 ], [ 647054.104199999943376, 6954397.326100000180304 ], [ 646964.104199999943376, 6954451.326100000180304 ], [ 646874.104199999943376, 6954505.326100000180304 ], [ 646784.104199999943376, 6954559.326100000180304 ], [ 646694.104199999943376, 6954595.326100000180304 ], [ 646604.104199999943376, 6954595.326100000180304 ], [ 646514.104199999943376, 6954577.326100000180304 ], [ 646424.104199999943376, 6954559.326100000180304 ], [ 646334.104199999943376, 6954559.326100000180304 ], [ 646262.104199999943376, 6954577.326100000180304 ], [ 646208.104199999943376, 6954631.326100000180304 ], [ 646154.104199999943376, 6954703.326100000180304 ], [ 646100.104199999943376, 6954793.326100000180304 ], [ 646046.104199999943376, 6954883.326100000180304 ], [ 645974.104199999943376, 6954955.326100000180304 ], [ 645884.104199999943376, 6955027.326100000180304 ], [ 645794.104199999943376, 6955081.326100000180304 ], [ 645704.104199999943376, 6955117.326100000180304 ], [ 645614.104199999943376, 6955135.326100000180304 ], [ 645524.104199999943376, 6955153.326100000180304 ], [ 645434.104199999943376, 6955153.326100000180304 ], [ 645344.104199999943376, 6955153.326100000180304 ], [ 645254.104199999943376, 6955153.326100000180304 ], [ 645164.104199999943376, 6955171.326100000180304 ], [ 645074.104199999943376, 6955207.326100000180304 ], [ 644984.104199999943376, 6955261.326100000180304 ], [ 644894.104199999943376, 6955333.326100000180304 ], [ 644804.104199999943376, 6955423.326100000180304 ], [ 644714.104199999943376, 6955513.326100000180304 ], [ 644624.104199999943376, 6955603.326100000180304 ], [ 644534.104199999943376, 6955693.326100000180304 ], [ 644444.104199999943376, 6955783.326100000180304 ], [ 644354.104199999943376, 6955855.326100000180304 ], [ 644264.104199999943376, 6955909.326100000180304 ], [ 644174.104199999943376, 6955945.326100000180304 ], [ 644084.104199999943376, 6955963.326100000180304 ], [ 643994.104199999943376, 6955963.326100000180304 ], [ 643904.104199999943376, 6955981.326100000180304 ], [ 643814.104199999943376, 6956017.326100000180304 ], [ 643724.104199999943376, 6956071.326100000180304 ], [ 643634.104199999943376, 6956143.326100000180304 ], [ 643544.104199999943376, 6956233.326100000180304 ], [ 643454.104199999943376, 6956323.326100000180304 ], [ 643364.104199999943376, 6956413.326100000180304 ], [ 643274.104199999943376, 6956503.326100000180304 ], [ 643184.104199999943376, 6956575.326100000180304 ], [ 643094.104199999943376, 6956647.326100000180304 ], [ 643004.104199999943376, 6956701.326100000180304 ], [ 642914.104199999943376, 6956755.326100000180304 ], [ 642824.104199999943376, 6956791.326100000180304 ], [ 642752.104199999943376, 6956845.326100000180304 ], [ 642680.104199999943376, 6956881.326100000180304 ], [ 642608.104199999943376, 6956935.326100000180304 ], [ 642536.104199999943376, 6956989.326100000180304 ], [ 642464.104199999943376, 6957061.326100000180304 ], [ 642374.104199999943376, 6957133.326100000180304 ], [ 642284.104199999943376, 6957205.326100000180304 ], [ 642194.104199999943376, 6957259.326100000180304 ], [ 642104.104199999943376, 6957295.326100000180304 ], [ 642014.104199999943376, 6957313.326100000180304 ], [ 641924.104199999943376, 6957295.326100000180304 ], [ 641852.104199999943376, 6957259.326100000180304 ], [ 641780.104199999943376, 6957205.326100000180304 ], [ 641726.104199999943376, 6957133.326100000180304 ], [ 641672.104199999943376, 6957043.326100000180304 ], [ 641618.104199999943376, 6956953.326100000180304 ], [ 641546.104199999943376, 6956881.326100000180304 ], [ 641474.104199999943376, 6956827.326100000180304 ], [ 641384.104199999943376, 6956809.326100000180304 ], [ 641294.104199999943376, 6956809.326100000180304 ], [ 641222.104199999943376, 6956845.326100000180304 ], [ 641168.104199999943376, 6956899.326100000180304 ], [ 641132.104199999943376, 6956971.326100000180304 ], [ 641096.104199999943376, 6957043.326100000180304 ], [ 641078.104199999943376, 6957133.326100000180304 ], [ 641042.104199999943376, 6957223.326100000180304 ], [ 640988.104199999943376, 6957313.326100000180304 ], [ 640916.104199999943376, 6957403.326100000180304 ], [ 640862.104199999943376, 6957493.326100000180304 ], [ 640808.104199999943376, 6957583.326100000180304 ], [ 640772.104199999943376, 6957673.326100000180304 ], [ 640754.104199999943376, 6957763.326100000180304 ], [ 640736.104199999943376, 6957853.326100000180304 ], [ 640700.104199999943376, 6957943.326100000180304 ], [ 640664.104199999943376, 6958033.326100000180304 ], [ 640628.104199999943376, 6958123.326100000180304 ], [ 640592.104199999943376, 6958213.326100000180304 ], [ 640574.104199999943376, 6958303.326100000180304 ], [ 640556.104199999943376, 6958393.326100000180304 ], [ 640520.104199999943376, 6958483.326100000180304 ], [ 640466.104199999943376, 6958573.326100000180304 ], [ 640394.104199999943376, 6958663.326100000180304 ], [ 640304.104199999943376, 6958753.326100000180304 ], [ 640232.104199999943376, 6958843.326100000180304 ], [ 640178.104199999943376, 6958933.326100000180304 ], [ 640142.104199999943376, 6959023.326100000180304 ], [ 640106.104199999943376, 6959113.326100000180304 ], [ 640088.104199999943376, 6959203.326100000180304 ], [ 640070.104199999943376, 6959293.326100000180304 ], [ 640052.104199999943376, 6959383.326100000180304 ], [ 640034.104199999943376, 6959473.326100000180304 ], [ 640034.104199999943376, 6959563.326100000180304 ], [ 640034.104199999943376, 6959653.326100000180304 ], [ 640034.104199999943376, 6959743.326100000180304 ], [ 640034.104199999943376, 6959833.326100000180304 ], [ 640052.104199999943376, 6959923.326100000180304 ], [ 640088.104199999943376, 6960013.326100000180304 ], [ 640142.104199999943376, 6960085.326100000180304 ], [ 640214.104199999943376, 6960139.326100000180304 ], [ 640304.104199999943376, 6960193.326100000180304 ], [ 640394.104199999943376, 6960247.326100000180304 ], [ 640466.104199999943376, 6960301.326100000180304 ], [ 640538.104199999943376, 6960373.326100000180304 ], [ 640592.104199999943376, 6960463.326100000180304 ], [ 640628.104199999943376, 6960553.326100000180304 ], [ 640646.104199999943376, 6960643.326100000180304 ], [ 640664.104199999943376, 6960733.326100000180304 ], [ 640664.104199999943376, 6960823.326100000180304 ], [ 640664.104199999943376, 6960913.326100000180304 ], [ 640664.104199999943376, 6961003.326100000180304 ], [ 640664.104199999943376, 6961093.326100000180304 ], [ 640664.104199999943376, 6961183.326100000180304 ], [ 640646.104199999943376, 6961273.326100000180304 ], [ 640628.104199999943376, 6961363.326100000180304 ], [ 640610.104199999943376, 6961453.326100000180304 ], [ 640574.104199999943376, 6961543.326100000180304 ], [ 640538.104199999943376, 6961633.326100000180304 ], [ 640520.104199999943376, 6961723.326100000180304 ], [ 640502.104199999943376, 6961813.326100000180304 ], [ 640484.104199999943376, 6961903.326100000180304 ], [ 640484.104199999943376, 6961993.326100000180304 ], [ 640466.104199999943376, 6962083.326100000180304 ], [ 640430.104199999943376, 6962155.326100000180304 ], [ 640376.104199999943376, 6962209.326100000180304 ], [ 640304.104199999943376, 6962227.326100000180304 ], [ 640214.104199999943376, 6962209.326100000180304 ], [ 640124.104199999943376, 6962173.326100000180304 ], [ 640034.104199999943376, 6962137.326100000180304 ], [ 639944.104199999943376, 6962119.326100000180304 ], [ 639854.104199999943376, 6962137.326100000180304 ], [ 639764.104199999943376, 6962191.326100000180304 ], [ 639710.104199999943376, 6962263.326100000180304 ], [ 639692.104199999943376, 6962353.326100000180304 ], [ 639710.104199999943376, 6962425.326100000180304 ], [ 639764.104199999943376, 6962479.326100000180304 ], [ 639854.104199999943376, 6962515.326100000180304 ], [ 639944.104199999943376, 6962533.326100000180304 ], [ 640034.104199999943376, 6962551.326100000180304 ], [ 640124.104199999943376, 6962587.326100000180304 ], [ 640196.104199999943376, 6962641.326100000180304 ], [ 640250.104199999943376, 6962713.326100000180304 ], [ 640268.104199999943376, 6962803.326100000180304 ], [ 640250.104199999943376, 6962893.326100000180304 ], [ 640196.104199999943376, 6962983.326100000180304 ], [ 640124.104199999943376, 6963055.326100000180304 ], [ 640034.104199999943376, 6963127.326100000180304 ], [ 639944.104199999943376, 6963181.326100000180304 ], [ 639854.104199999943376, 6963217.326100000180304 ], [ 639764.104199999943376, 6963253.326100000180304 ], [ 639674.104199999943376, 6963307.326100000180304 ], [ 639584.104199999943376, 6963343.326100000180304 ], [ 639494.104199999943376, 6963397.326100000180304 ], [ 639404.104199999943376, 6963469.326100000180304 ], [ 639314.104199999943376, 6963541.326100000180304 ], [ 639224.104199999943376, 6963613.326100000180304 ], [ 639134.104199999943376, 6963685.326100000180304 ], [ 639044.104199999943376, 6963739.326100000180304 ], [ 638954.104199999943376, 6963775.326100000180304 ], [ 638864.104199999943376, 6963793.326100000180304 ], [ 638774.104199999943376, 6963793.326100000180304 ], [ 638684.104199999943376, 6963793.326100000180304 ], [ 638594.104199999943376, 6963793.326100000180304 ], [ 638522.104199999943376, 6963811.326100000180304 ], [ 638468.104199999943376, 6963847.326100000180304 ], [ 638414.104199999943376, 6963901.326100000180304 ], [ 638378.104199999943376, 6963973.326100000180304 ], [ 638378.104199999943376, 6964063.326100000180304 ], [ 638378.104199999943376, 6964153.326100000180304 ], [ 638378.104199999943376, 6964243.326100000180304 ], [ 638378.104199999943376, 6964333.326100000180304 ], [ 638378.104199999943376, 6964423.326100000180304 ], [ 638360.104199999943376, 6964513.326100000180304 ], [ 638324.104199999943376, 6964603.326100000180304 ], [ 638306.104199999943376, 6964693.326100000180304 ], [ 638324.104199999943376, 6964765.326100000180304 ], [ 638360.104199999943376, 6964819.326100000180304 ], [ 638414.104199999943376, 6964873.326100000180304 ], [ 638504.104199999943376, 6964909.326100000180304 ], [ 638594.104199999943376, 6964945.326100000180304 ], [ 638666.104199999943376, 6964999.326100000180304 ], [ 638702.104199999943376, 6965071.326100000180304 ], [ 638702.104199999943376, 6965143.326100000180304 ], [ 638666.104199999943376, 6965233.326100000180304 ], [ 638594.104199999943376, 6965323.326100000180304 ], [ 638504.104199999943376, 6965413.326100000180304 ], [ 638432.104199999943376, 6965503.326100000180304 ], [ 638360.104199999943376, 6965593.326100000180304 ], [ 638306.104199999943376, 6965683.326100000180304 ], [ 638252.104199999943376, 6965773.326100000180304 ], [ 638216.104199999943376, 6965863.326100000180304 ], [ 638180.104199999943376, 6965953.326100000180304 ], [ 638162.104199999943376, 6966043.326100000180304 ], [ 638144.104199999943376, 6966133.326100000180304 ], [ 638144.104199999943376, 6966223.326100000180304 ], [ 638144.104199999943376, 6966313.326100000180304 ], [ 638144.104199999943376, 6966403.326100000180304 ], [ 638126.104199999943376, 6966493.326100000180304 ], [ 638090.104199999943376, 6966583.326100000180304 ], [ 638036.104199999943376, 6966655.326100000180304 ], [ 637982.104199999943376, 6966727.326100000180304 ], [ 637910.104199999943376, 6966799.326100000180304 ], [ 637856.104199999943376, 6966871.326100000180304 ], [ 637802.104199999943376, 6966943.326100000180304 ], [ 637766.104199999943376, 6967033.326100000180304 ], [ 637712.104199999943376, 6967123.326100000180304 ], [ 637676.104199999943376, 6967213.326100000180304 ], [ 637640.104199999943376, 6967303.326100000180304 ], [ 637604.104199999943376, 6967393.326100000180304 ], [ 637568.104199999943376, 6967483.326100000180304 ], [ 637532.104199999943376, 6967573.326100000180304 ], [ 637496.104199999943376, 6967663.326100000180304 ], [ 637460.104199999943376, 6967753.326100000180304 ], [ 637442.104199999943376, 6967843.326100000180304 ], [ 637424.104199999943376, 6967933.326100000180304 ], [ 637424.104199999943376, 6968023.326100000180304 ], [ 637442.104199999943376, 6968113.326100000180304 ], [ 637478.104199999943376, 6968203.326100000180304 ], [ 637532.104199999943376, 6968293.326100000180304 ], [ 637604.104199999943376, 6968383.326100000180304 ], [ 637694.104199999943376, 6968473.326100000180304 ], [ 637784.104199999943376, 6968563.326100000180304 ], [ 637874.104199999943376, 6968653.326100000180304 ], [ 637946.104199999943376, 6968743.326100000180304 ], [ 638000.104199999943376, 6968833.326100000180304 ], [ 638036.104199999943376, 6968923.326100000180304 ], [ 638036.104199999943376, 6969013.326100000180304 ], [ 638018.104199999943376, 6969103.326100000180304 ], [ 638000.104199999943376, 6969193.326100000180304 ], [ 637964.104199999943376, 6969283.326100000180304 ], [ 637910.104199999943376, 6969373.326100000180304 ], [ 637856.104199999943376, 6969463.326100000180304 ], [ 637784.104199999943376, 6969553.326100000180304 ], [ 637694.104199999943376, 6969643.326100000180304 ], [ 637604.104199999943376, 6969733.326100000180304 ], [ 637514.104199999943376, 6969823.326100000180304 ], [ 637424.104199999943376, 6969913.326100000180304 ], [ 637334.104199999943376, 6970003.326100000180304 ], [ 637262.104199999943376, 6970093.326100000180304 ], [ 637190.104199999943376, 6970183.326100000180304 ], [ 637118.104199999943376, 6970273.326100000180304 ], [ 637064.104199999943376, 6970363.326100000180304 ], [ 637010.104199999943376, 6970453.326100000180304 ], [ 636956.104199999943376, 6970543.326100000180304 ], [ 636938.104199999943376, 6970633.326100000180304 ], [ 636938.104199999943376, 6970723.326100000180304 ], [ 636938.104199999943376, 6970813.326100000180304 ], [ 636956.104199999943376, 6970903.326100000180304 ], [ 636974.104199999943376, 6970993.326100000180304 ], [ 636974.104199999943376, 6971083.326100000180304 ], [ 636974.104199999943376, 6971173.326100000180304 ], [ 636974.104199999943376, 6971263.326100000180304 ], [ 636956.104199999943376, 6971353.326100000180304 ], [ 636938.104199999943376, 6971443.326100000180304 ], [ 636920.104199999943376, 6971533.326100000180304 ], [ 636884.104199999943376, 6971623.326100000180304 ], [ 636866.104199999943376, 6971713.326100000180304 ], [ 636884.104199999943376, 6971803.326100000180304 ], [ 636902.104199999943376, 6971893.326100000180304 ], [ 636920.104199999943376, 6971983.326100000180304 ], [ 636974.104199999943376, 6972073.326100000180304 ], [ 637010.104199999943376, 6972163.326100000180304 ], [ 637028.104199999943376, 6972253.326100000180304 ], [ 637046.104199999943376, 6972343.326100000180304 ], [ 637064.104199999943376, 6972433.326100000180304 ], [ 637064.104199999943376, 6972523.326100000180304 ], [ 637064.104199999943376, 6972613.326100000180304 ], [ 637064.104199999943376, 6972703.326100000180304 ], [ 637064.104199999943376, 6972793.326100000180304 ], [ 637082.104199999943376, 6972883.326100000180304 ], [ 637100.104199999943376, 6972973.326100000180304 ], [ 637136.104199999943376, 6973063.326100000180304 ], [ 637190.104199999943376, 6973153.326100000180304 ], [ 637244.104199999943376, 6973243.326100000180304 ], [ 637262.104199999943376, 6973333.326100000180304 ], [ 637262.104199999943376, 6973423.326100000180304 ], [ 637226.104199999943376, 6973513.326100000180304 ], [ 637154.104199999943376, 6973603.326100000180304 ], [ 637064.104199999943376, 6973675.326100000180304 ], [ 636992.104199999943376, 6973747.326100000180304 ], [ 636920.104199999943376, 6973819.326100000180304 ], [ 636884.104199999943376, 6973891.326100000180304 ], [ 636884.104199999943376, 6973945.326100000180304 ], [ 636920.104199999943376, 6974017.326100000180304 ], [ 636974.104199999943376, 6974071.326100000180304 ], [ 637064.104199999943376, 6974125.326100000180304 ], [ 637136.104199999943376, 6974179.326100000180304 ], [ 637172.104199999943376, 6974251.326100000180304 ], [ 637172.104199999943376, 6974305.326100000180304 ], [ 637136.104199999943376, 6974359.326100000180304 ], [ 637064.104199999943376, 6974395.326100000180304 ], [ 636974.104199999943376, 6974431.326100000180304 ], [ 636884.104199999943376, 6974467.326100000180304 ], [ 636794.104199999943376, 6974521.326100000180304 ], [ 636704.104199999943376, 6974593.326100000180304 ], [ 636614.104199999943376, 6974683.326100000180304 ], [ 636524.104199999943376, 6974773.326100000180304 ], [ 636452.104199999943376, 6974863.326100000180304 ], [ 636398.104199999943376, 6974953.326100000180304 ], [ 636362.104199999943376, 6975043.326100000180304 ], [ 636362.104199999943376, 6975133.326100000180304 ], [ 636380.104199999943376, 6975223.326100000180304 ], [ 636416.104199999943376, 6975313.326100000180304 ], [ 636452.104199999943376, 6975403.326100000180304 ], [ 636488.104199999943376, 6975493.326100000180304 ], [ 636506.104199999943376, 6975583.326100000180304 ], [ 636524.104199999943376, 6975673.326100000180304 ], [ 636524.104199999943376, 6975763.326100000180304 ], [ 636524.104199999943376, 6975853.326100000180304 ], [ 636524.104199999943376, 6975943.326100000180304 ], [ 636524.104199999943376, 6976033.326100000180304 ], [ 636524.104199999943376, 6976123.326100000180304 ], [ 636506.104199999943376, 6976213.326100000180304 ], [ 636470.104199999943376, 6976303.326100000180304 ], [ 636416.104199999943376, 6976393.326100000180304 ], [ 636344.104199999943376, 6976483.326100000180304 ], [ 636272.104199999943376, 6976573.326100000180304 ], [ 636200.104199999943376, 6976663.326100000180304 ], [ 636146.104199999943376, 6976753.326100000180304 ], [ 636092.104199999943376, 6976843.326100000180304 ], [ 636038.104199999943376, 6976933.326100000180304 ], [ 635984.104199999943376, 6977023.326100000180304 ], [ 635930.104199999943376, 6977113.326100000180304 ], [ 635858.104199999943376, 6977203.326100000180304 ], [ 635786.104199999943376, 6977293.326100000180304 ], [ 635714.104199999943376, 6977383.326100000180304 ], [ 635624.104199999943376, 6977455.326100000180304 ], [ 635534.104199999943376, 6977509.326100000180304 ], [ 635444.104199999943376, 6977545.326100000180304 ], [ 635354.104199999943376, 6977563.326100000180304 ], [ 635264.104199999943376, 6977563.326100000180304 ], [ 635174.104199999943376, 6977563.326100000180304 ], [ 635084.104199999943376, 6977563.326100000180304 ], [ 634994.104199999943376, 6977581.326100000180304 ], [ 634904.104199999943376, 6977599.326100000180304 ], [ 634814.104199999943376, 6977635.326100000180304 ], [ 634742.104199999943376, 6977689.326100000180304 ], [ 634688.104199999943376, 6977761.326100000180304 ], [ 634670.104199999943376, 6977833.326100000180304 ], [ 634688.104199999943376, 6977923.326100000180304 ], [ 634742.104199999943376, 6978013.326100000180304 ], [ 634814.104199999943376, 6978103.326100000180304 ], [ 634886.104199999943376, 6978193.326100000180304 ], [ 634940.104199999943376, 6978283.326100000180304 ], [ 634976.104199999943376, 6978373.326100000180304 ], [ 634994.104199999943376, 6978463.326100000180304 ], [ 635012.104199999943376, 6978553.326100000180304 ], [ 635030.104199999943376, 6978643.326100000180304 ], [ 635030.104199999943376, 6978733.326100000180304 ], [ 635012.104199999943376, 6978823.326100000180304 ], [ 634976.104199999943376, 6978913.326100000180304 ], [ 634904.104199999943376, 6979003.326100000180304 ], [ 634814.104199999943376, 6979093.326100000180304 ], [ 634724.104199999943376, 6979183.326100000180304 ], [ 634634.104199999943376, 6979255.326100000180304 ], [ 634544.104199999943376, 6979327.326100000180304 ], [ 634454.104199999943376, 6979399.326100000180304 ], [ 634364.104199999943376, 6979471.326100000180304 ], [ 634274.104199999943376, 6979525.326100000180304 ], [ 634184.104199999943376, 6979597.326100000180304 ], [ 634094.104199999943376, 6979669.326100000180304 ], [ 634022.104199999943376, 6979741.326100000180304 ], [ 633950.104199999943376, 6979813.326100000180304 ], [ 633878.104199999943376, 6979903.326100000180304 ], [ 633824.104199999943376, 6979993.326100000180304 ], [ 633770.104199999943376, 6980083.326100000180304 ], [ 633716.104199999943376, 6980173.326100000180304 ], [ 633662.104199999943376, 6980263.326100000180304 ], [ 633626.104199999943376, 6980353.326100000180304 ], [ 633590.104199999943376, 6980443.326100000180304 ], [ 633572.104199999943376, 6980533.326100000180304 ], [ 633554.104199999943376, 6980623.326100000180304 ], [ 633554.104199999943376, 6980713.326100000180304 ], [ 633554.104199999943376, 6980803.326100000180304 ], [ 633554.104199999943376, 6980893.326100000180304 ], [ 633554.104199999943376, 6980983.326100000180304 ], [ 633572.104199999943376, 6981073.326100000180304 ], [ 633608.104199999943376, 6981163.326100000180304 ], [ 633644.104199999943376, 6981253.326100000180304 ], [ 633680.104199999943376, 6981343.326100000180304 ], [ 633716.104199999943376, 6981433.326100000180304 ], [ 633734.104199999943376, 6981523.326100000180304 ], [ 633734.104199999943376, 6981613.326100000180304 ], [ 633734.104199999943376, 6981703.326100000180304 ], [ 633734.104199999943376, 6981793.326100000180304 ], [ 633716.104199999943376, 6981883.326100000180304 ], [ 633680.104199999943376, 6981955.326100000180304 ], [ 633626.104199999943376, 6982027.326100000180304 ], [ 633554.104199999943376, 6982099.326100000180304 ], [ 633464.104199999943376, 6982171.326100000180304 ], [ 633374.104199999943376, 6982243.326100000180304 ], [ 633302.104199999943376, 6982333.326100000180304 ], [ 633230.104199999943376, 6982423.326100000180304 ], [ 633176.104199999943376, 6982513.326100000180304 ], [ 633140.104199999943376, 6982603.326100000180304 ], [ 633122.104199999943376, 6982693.326100000180304 ], [ 633122.104199999943376, 6982783.326100000180304 ], [ 633140.104199999943376, 6982873.326100000180304 ], [ 633158.104199999943376, 6982963.326100000180304 ], [ 633176.104199999943376, 6983053.326100000180304 ], [ 633194.104199999943376, 6983143.326100000180304 ], [ 633176.104199999943376, 6983233.326100000180304 ], [ 633140.104199999943376, 6983323.326100000180304 ], [ 633104.104199999943376, 6983413.326100000180304 ], [ 633050.104199999943376, 6983503.326100000180304 ], [ 633014.104199999943376, 6983593.326100000180304 ], [ 633014.104199999943376, 6983683.326100000180304 ], [ 633050.104199999943376, 6983773.326100000180304 ], [ 633086.104199999943376, 6983863.326100000180304 ], [ 633140.104199999943376, 6983953.326100000180304 ], [ 633176.104199999943376, 6984043.326100000180304 ], [ 633194.104199999943376, 6984133.326100000180304 ], [ 633194.104199999943376, 6984223.326100000180304 ], [ 633194.104199999943376, 6984313.326100000180304 ], [ 633212.104199999943376, 6984403.326100000180304 ], [ 633230.104199999943376, 6984493.326100000180304 ], [ 633266.104199999943376, 6984583.326100000180304 ], [ 633302.104199999943376, 6984673.326100000180304 ], [ 633356.104199999943376, 6984763.326100000180304 ], [ 633392.104199999943376, 6984853.326100000180304 ], [ 633446.104199999943376, 6984943.326100000180304 ], [ 633482.104199999943376, 6985033.326100000180304 ], [ 633518.104199999943376, 6985123.326100000180304 ], [ 633536.104199999943376, 6985213.326100000180304 ], [ 633554.104199999943376, 6985303.326100000180304 ], [ 633554.104199999943376, 6985393.326100000180304 ], [ 633554.104199999943376, 6985483.326100000180304 ], [ 633572.104199999943376, 6985573.326100000180304 ], [ 633608.104199999943376, 6985645.326100000180304 ], [ 633662.104199999943376, 6985699.326100000180304 ], [ 633734.104199999943376, 6985735.326100000180304 ], [ 633824.104199999943376, 6985753.326100000180304 ], [ 633914.104199999943376, 6985753.326100000180304 ], [ 634004.104199999943376, 6985771.326100000180304 ], [ 634094.104199999943376, 6985807.326100000180304 ], [ 634184.104199999943376, 6985861.326100000180304 ], [ 634256.104199999943376, 6985933.326100000180304 ], [ 634310.104199999943376, 6986023.326100000180304 ], [ 634346.104199999943376, 6986113.326100000180304 ], [ 634346.104199999943376, 6986203.326100000180304 ], [ 634310.104199999943376, 6986293.326100000180304 ], [ 634256.104199999943376, 6986383.326100000180304 ], [ 634202.104199999943376, 6986473.326100000180304 ], [ 634148.104199999943376, 6986563.326100000180304 ], [ 634094.104199999943376, 6986653.326100000180304 ], [ 634058.104199999943376, 6986743.326100000180304 ], [ 634040.104199999943376, 6986833.326100000180304 ], [ 634022.104199999943376, 6986923.326100000180304 ], [ 634004.104199999943376, 6987013.326100000180304 ], [ 634004.104199999943376, 6987103.326100000180304 ], [ 633986.104199999943376, 6987193.326100000180304 ], [ 633968.104199999943376, 6987283.326100000180304 ], [ 633950.104199999943376, 6987373.326100000180304 ], [ 633932.104199999943376, 6987463.326100000180304 ], [ 633932.104199999943376, 6987553.326100000180304 ], [ 633950.104199999943376, 6987643.326100000180304 ], [ 633968.104199999943376, 6987733.326100000180304 ], [ 633986.104199999943376, 6987823.326100000180304 ], [ 634004.104199999943376, 6987913.326100000180304 ], [ 634004.104199999943376, 6988003.326100000180304 ], [ 634004.104199999943376, 6988093.326100000180304 ], [ 634004.104199999943376, 6988183.326100000180304 ], [ 634004.104199999943376, 6988273.326100000180304 ], [ 634004.104199999943376, 6988363.326100000180304 ], [ 634004.104199999943376, 6988453.326100000180304 ], [ 634004.104199999943376, 6988543.326100000180304 ], [ 633986.104199999943376, 6988633.326100000180304 ], [ 633968.104199999943376, 6988723.326100000180304 ], [ 633914.104199999943376, 6988903.326100000180304 ] ] } },
{ "type": "Feature", "properties": { "river": "Itajai_Mirim", "reach": "R1" }, "geometry": { "type": "LineString", "coordinates": [ [ 663614.104199999943376, 6972073.326100000180304 ], [ 663758.104199999943376, 6972199.326100000180304 ], [ 663830.104199999943376, 6972271.326100000180304 ], [ 663902.104199999943376, 6972343.326100000180304 ], [ 663974.104199999943376, 6972433.326100000180304 ], [ 664064.104199999943376, 6972523.326100000180304 ], [ 664118.104199999943376, 6972613.326100000180304 ], [ 664154.104199999943376, 6972703.326100000180304 ], [ 664154.104199999943376, 6972793.326100000180304 ], [ 664136.104199999943376, 6972883.326100000180304 ], [ 664082.104199999943376, 6972973.326100000180304 ], [ 664064.104199999943376, 6973063.326100000180304 ], [ 664064.104199999943376, 6973135.326100000180304 ], [ 664100.104199999943376, 6973207.326100000180304 ], [ 664154.104199999943376, 6973279.326100000180304 ], [ 664226.104199999943376, 6973351.326100000180304 ], [ 664298.104199999943376, 6973423.326100000180304 ], [ 664370.104199999943376, 6973513.326100000180304 ], [ 664406.104199999943376, 6973603.326100000180304 ], [ 664442.104199999943376, 6973693.326100000180304 ], [ 664478.104199999943376, 6973783.326100000180304 ], [ 664496.104199999943376, 6973873.326100000180304 ], [ 664514.104199999943376, 6973963.326100000180304 ], [ 664568.104199999943376, 6974035.326100000180304 ], [ 664622.104199999943376, 6974107.326100000180304 ], [ 664694.104199999943376, 6974161.326100000180304 ], [ 664766.104199999943376, 6974215.326100000180304 ], [ 664820.104199999943376, 6974269.326100000180304 ], [ 664856.104199999943376, 6974341.326100000180304 ], [ 664874.104199999943376, 6974413.326100000180304 ], [ 664892.104199999943376, 6974503.326100000180304 ], [ 664928.104199999943376, 6974593.326100000180304 ], [ 664982.104199999943376, 6974683.326100000180304 ], [ 665054.104199999943376, 6974773.326100000180304 ], [ 665126.104199999943376, 6974863.326100000180304 ], [ 665162.104199999943376, 6974953.326100000180304 ], [ 665180.104199999943376, 6975043.326100000180304 ], [ 665198.104199999943376, 6975133.326100000180304 ], [ 665216.104199999943376, 6975223.326100000180304 ], [ 665234.104199999943376, 6975313.326100000180304 ], [ 665288.104199999943376, 6975403.326100000180304 ], [ 665360.104199999943376, 6975493.326100000180304 ], [ 665432.104199999943376, 6975583.326100000180304 ], [ 665486.104199999943376, 6975673.326100000180304 ], [ 665558.104199999943376, 6975763.326100000180304 ], [ 665612.104199999943376, 6975853.326100000180304 ], [ 665666.104199999943376, 6975943.326100000180304 ], [ 665702.104199999943376, 6976033.326100000180304 ], [ 665738.104199999943376, 6976123.326100000180304 ], [ 665756.104199999943376, 6976213.326100000180304 ], [ 665774.104199999943376, 6976303.326100000180304 ], [ 665774.104199999943376, 6976393.326100000180304 ], [ 665792.104199999943376, 6976483.326100000180304 ], [ 665828.104199999943376, 6976573.326100000180304 ], [ 665882.104199999943376, 6976645.326100000180304 ], [ 665954.104199999943376, 6976717.326100000180304 ], [ 666026.104199999943376, 6976789.326100000180304 ], [ 666080.104199999943376, 6976861.326100000180304 ], [ 666116.104199999943376, 6976933.326100000180304 ], [ 666134.104199999943376, 6977023.326100000180304 ], [ 666152.104199999943376, 6977113.326100000180304 ], [ 666188.104199999943376, 6977203.326100000180304 ], [ 666242.104199999943376, 6977293.326100000180304 ], [ 666296.104199999943376, 6977383.326100000180304 ], [ 666368.104199999943376, 6977473.326100000180304 ], [ 666440.104199999943376, 6977563.326100000180304 ], [ 666494.104199999943376, 6977653.326100000180304 ], [ 666530.104199999943376, 6977743.326100000180304 ], [ 666584.104199999943376, 6977833.326100000180304 ], [ 666620.104199999943376, 6977923.326100000180304 ], [ 666620.104199999943376, 6978013.326100000180304 ], [ 666602.104199999943376, 6978103.326100000180304 ], [ 666584.104199999943376, 6978193.326100000180304 ], [ 666548.104199999943376, 6978283.326100000180304 ], [ 666512.104199999943376, 6978373.326100000180304 ], [ 666512.104199999943376, 6978463.326100000180304 ], [ 666530.104199999943376, 6978553.326100000180304 ], [ 666548.104199999943376, 6978643.326100000180304 ], [ 666566.104199999943376, 6978733.326100000180304 ], [ 666584.104199999943376, 6978823.326100000180304 ], [ 666602.104199999943376, 6978913.326100000180304 ], [ 666638.104199999943376, 6978985.326100000180304 ], [ 666674.104199999943376, 6979057.326100000180304 ], [ 666710.104199999943376, 6979129.326100000180304 ], [ 666764.104199999943376, 6979201.326100000180304 ], [ 666818.104199999943376, 6979255.326100000180304 ], [ 666854.104199999943376, 6979327.326100000180304 ], [ 666908.104199999943376, 6979399.326100000180304 ], [ 666962.104199999943376, 6979471.326100000180304 ], [ 666980.104199999943376, 6979543.326100000180304 ], [ 666980.104199999943376, 6979633.326100000180304 ], [ 666962.104199999943376, 6979723.326100000180304 ], [ 666926.104199999943376, 6979813.326100000180304 ], [ 666908.104199999943376, 6979903.326100000180304 ], [ 666890.104199999943376, 6979993.326100000180304 ], [ 666872.104199999943376, 6980083.326100000180304 ], [ 666890.104199999943376, 6980173.326100000180304 ], [ 666890.104199999943376, 6980263.326100000180304 ], [ 666854.104199999943376, 6980353.326100000180304 ], [ 666818.104199999943376, 6980425.326100000180304 ], [ 666764.104199999943376, 6980497.326100000180304 ], [ 666692.104199999943376, 6980569.326100000180304 ], [ 666656.104199999943376, 6980641.326100000180304 ], [ 666656.104199999943376, 6980695.326100000180304 ], [ 666692.104199999943376, 6980767.326100000180304 ], [ 666764.104199999943376, 6980839.326100000180304 ], [ 666854.104199999943376, 6980893.326100000180304 ], [ 666944.104199999943376, 6980947.326100000180304 ], [ 667034.104199999943376, 6981019.326100000180304 ], [ 667106.104199999943376, 6981091.326100000180304 ], [ 667160.104199999943376, 6981163.326100000180304 ], [ 667196.104199999943376, 6981253.326100000180304 ], [ 667196.104199999943376, 6981343.326100000180304 ], [ 667178.104199999943376, 6981433.326100000180304 ], [ 667160.104199999943376, 6981523.326100000180304 ], [ 667124.104199999943376, 6981613.326100000180304 ], [ 667088.104199999943376, 6981703.326100000180304 ], [ 667088.104199999943376, 6981793.326100000180304 ], [ 667106.104199999943376, 6981865.326100000180304 ], [ 667142.104199999943376, 6981937.326100000180304 ], [ 667196.104199999943376, 6982009.326100000180304 ], [ 667250.104199999943376, 6982081.326100000180304 ], [ 667304.104199999943376, 6982153.326100000180304 ], [ 667358.104199999943376, 6982207.326100000180304 ], [ 667412.104199999943376, 6982243.326100000180304 ], [ 667484.104199999943376, 6982261.326100000180304 ], [ 667574.104199999943376, 6982261.326100000180304 ], [ 667664.104199999943376, 6982243.326100000180304 ], [ 667754.104199999943376, 6982243.326100000180304 ], [ 667844.104199999943376, 6982261.326100000180304 ], [ 667916.104199999943376, 6982297.326100000180304 ], [ 667970.104199999943376, 6982351.326100000180304 ], [ 668006.104199999943376, 6982423.326100000180304 ], [ 668042.104199999943376, 6982513.326100000180304 ], [ 668078.104199999943376, 6982585.326100000180304 ], [ 668132.104199999943376, 6982657.326100000180304 ], [ 668186.104199999943376, 6982729.326100000180304 ], [ 668222.104199999943376, 6982801.326100000180304 ], [ 668240.104199999943376, 6982873.326100000180304 ], [ 668240.104199999943376, 6982963.326100000180304 ], [ 668204.104199999943376, 6983053.326100000180304 ], [ 668168.104199999943376, 6983143.326100000180304 ], [ 668132.104199999943376, 6983233.326100000180304 ], [ 668078.104199999943376, 6983323.326100000180304 ], [ 668006.104199999943376, 6983413.326100000180304 ], [ 667952.104199999943376, 6983503.326100000180304 ], [ 667898.104199999943376, 6983593.326100000180304 ], [ 667862.104199999943376, 6983683.326100000180304 ], [ 667862.104199999943376, 6983773.326100000180304 ], [ 667898.104199999943376, 6983863.326100000180304 ], [ 667952.104199999943376, 6983935.326100000180304 ], [ 668024.104199999943376, 6983989.326100000180304 ], [ 668114.104199999943376, 6984025.326100000180304 ], [ 668204.104199999943376, 6984025.326100000180304 ], [ 668294.104199999943376, 6983989.326100000180304 ], [ 668384.104199999943376, 6983953.326100000180304 ], [ 668474.104199999943376, 6983917.326100000180304 ], [ 668564.104199999943376, 6983881.326100000180304 ], [ 668654.104199999943376, 6983863.326100000180304 ], [ 668744.104199999943376, 6983863.326100000180304 ], [ 668834.104199999943376, 6983845.326100000180304 ], [ 668924.104199999943376, 6983827.326100000180304 ], [ 669014.104199999943376, 6983809.326100000180304 ], [ 669104.104199999943376, 6983791.326100000180304 ], [ 669194.104199999943376, 6983755.326100000180304 ], [ 669284.104199999943376, 6983737.326100000180304 ], [ 669374.104199999943376, 6983701.326100000180304 ], [ 669464.104199999943376, 6983647.326100000180304 ], [ 669554.104199999943376, 6983593.326100000180304 ], [ 669644.104199999943376, 6983575.326100000180304 ], [ 669716.104199999943376, 6983575.326100000180304 ], [ 669770.104199999943376, 6983611.326100000180304 ], [ 669824.104199999943376, 6983683.326100000180304 ], [ 669878.104199999943376, 6983773.326100000180304 ], [ 669914.104199999943376, 6983863.326100000180304 ], [ 669968.104199999943376, 6983953.326100000180304 ], [ 670040.104199999943376, 6984043.326100000180304 ], [ 670112.104199999943376, 6984115.326100000180304 ], [ 670184.104199999943376, 6984169.326100000180304 ], [ 670274.104199999943376, 6984223.326100000180304 ], [ 670346.104199999943376, 6984277.326100000180304 ], [ 670400.104199999943376, 6984331.326100000180304 ], [ 670454.104199999943376, 6984403.326100000180304 ], [ 670508.104199999943376, 6984457.326100000180304 ], [ 670562.104199999943376, 6984493.326100000180304 ], [ 670634.104199999943376, 6984529.326100000180304 ], [ 670706.104199999943376, 6984565.326100000180304 ], [ 670778.104199999943376, 6984601.326100000180304 ], [ 670832.104199999943376, 6984673.326100000180304 ], [ 670868.104199999943376, 6984763.326100000180304 ], [ 670868.104199999943376, 6984853.326100000180304 ], [ 670886.104199999943376, 6984943.326100000180304 ], [ 670904.104199999943376, 6985015.326100000180304 ], [ 670940.104199999943376, 6985069.326100000180304 ], [ 670994.104199999943376, 6985123.326100000180304 ], [ 671084.104199999943376, 6985159.326100000180304 ], [ 671174.104199999943376, 6985159.326100000180304 ], [ 671246.104199999943376, 6985141.326100000180304 ], [ 671300.104199999943376, 6985105.326100000180304 ], [ 671336.104199999943376, 6985033.326100000180304 ], [ 671372.104199999943376, 6984943.326100000180304 ], [ 671408.104199999943376, 6984889.326100000180304 ], [ 671462.104199999943376, 6984853.326100000180304 ], [ 671534.104199999943376, 6984853.326100000180304 ], [ 671624.104199999943376, 6984871.326100000180304 ], [ 671714.104199999943376, 6984889.326100000180304 ], [ 671804.104199999943376, 6984889.326100000180304 ], [ 671894.104199999943376, 6984907.326100000180304 ], [ 671984.104199999943376, 6984907.326100000180304 ], [ 672074.104199999943376, 6984907.326100000180304 ], [ 672164.104199999943376, 6984925.326100000180304 ], [ 672254.104199999943376, 6984943.326100000180304 ], [ 672344.104199999943376, 6984961.326100000180304 ], [ 672434.104199999943376, 6984997.326100000180304 ], [ 672524.104199999943376, 6985051.326100000180304 ], [ 672614.104199999943376, 6985105.326100000180304 ], [ 672704.104199999943376, 6985177.326100000180304 ], [ 672794.104199999943376, 6985231.326100000180304 ], [ 672884.104199999943376, 6985285.326100000180304 ], [ 672956.104199999943376, 6985339.326100000180304 ], [ 673010.104199999943376, 6985411.326100000180304 ], [ 673064.104199999943376, 6985483.326100000180304 ], [ 673100.104199999943376, 6985573.326100000180304 ], [ 673100.104199999943376, 6985663.326100000180304 ], [ 673082.104199999943376, 6985753.326100000180304 ], [ 673082.104199999943376, 6985843.326100000180304 ], [ 673082.104199999943376, 6985915.326100000180304 ], [ 673100.104199999943376, 6985987.326100000180304 ], [ 673154.104199999943376, 6986041.326100000180304 ], [ 673244.104199999943376, 6986077.326100000180304 ], [ 673334.104199999943376, 6986095.326100000180304 ], [ 673424.104199999943376, 6986113.326100000180304 ], [ 673514.104199999943376, 6986113.326100000180304 ], [ 673604.104199999943376, 6986131.326100000180304 ], [ 673694.104199999943376, 6986167.326100000180304 ], [ 673784.104199999943376, 6986203.326100000180304 ], [ 673874.104199999943376, 6986239.326100000180304 ], [ 673964.104199999943376, 6986275.326100000180304 ], [ 674054.104199999943376, 6986293.326100000180304 ], [ 674144.104199999943376, 6986293.326100000180304 ], [ 674234.104199999943376, 6986293.326100000180304 ], [ 674324.104199999943376, 6986311.326100000180304 ], [ 674414.104199999943376, 6986347.326100000180304 ], [ 674504.104199999943376, 6986383.326100000180304 ], [ 674594.104199999943376, 6986437.326100000180304 ], [ 674666.104199999943376, 6986509.326100000180304 ], [ 674738.104199999943376, 6986581.326100000180304 ], [ 674810.104199999943376, 6986635.326100000180304 ], [ 674882.104199999943376, 6986689.326100000180304 ], [ 674954.104199999943376, 6986725.326100000180304 ], [ 675044.104199999943376, 6986743.326100000180304 ], [ 675134.104199999943376, 6986743.326100000180304 ], [ 675224.104199999943376, 6986725.326100000180304 ], [ 675314.104199999943376, 6986689.326100000180304 ], [ 675404.104199999943376, 6986653.326100000180304 ], [ 675494.104199999943376, 6986617.326100000180304 ], [ 675584.104199999943376, 6986599.326100000180304 ], [ 675674.104199999943376, 6986599.326100000180304 ], [ 675764.104199999943376, 6986617.326100000180304 ], [ 675854.104199999943376, 6986635.326100000180304 ], [ 675944.104199999943376, 6986671.326100000180304 ], [ 676034.104199999943376, 6986689.326100000180304 ], [ 676124.104199999943376, 6986707.326100000180304 ], [ 676214.104199999943376, 6986743.326100000180304 ], [ 676286.104199999943376, 6986797.326100000180304 ], [ 676340.104199999943376, 6986851.326100000180304 ], [ 676394.104199999943376, 6986923.326100000180304 ], [ 676448.104199999943376, 6986995.326100000180304 ], [ 676502.104199999943376, 6987031.326100000180304 ], [ 676574.104199999943376, 6987031.326100000180304 ], [ 676664.104199999943376, 6987013.326100000180304 ], [ 676754.104199999943376, 6986995.326100000180304 ], [ 676826.104199999943376, 6986995.326100000180304 ], [ 676898.104199999943376, 6987031.326100000180304 ], [ 676952.104199999943376, 6987103.326100000180304 ], [ 676970.104199999943376, 6987193.326100000180304 ], [ 676988.104199999943376, 6987283.326100000180304 ], [ 677024.104199999943376, 6987373.326100000180304 ], [ 677060.104199999943376, 6987463.326100000180304 ], [ 677114.104199999943376, 6987553.326100000180304 ], [ 677186.104199999943376, 6987643.326100000180304 ], [ 677240.104199999943376, 6987733.326100000180304 ], [ 677276.104199999943376, 6987823.326100000180304 ], [ 677294.104199999943376, 6987913.326100000180304 ], [ 677312.104199999943376, 6988003.326100000180304 ], [ 677312.104199999943376, 6988093.326100000180304 ], [ 677312.104199999943376, 6988183.326100000180304 ], [ 677312.104199999943376, 6988273.326100000180304 ], [ 677330.104199999943376, 6988363.326100000180304 ], [ 677348.104199999943376, 6988435.326100000180304 ], [ 677402.104199999943376, 6988489.326100000180304 ], [ 677474.104199999943376, 6988543.326100000180304 ], [ 677564.104199999943376, 6988579.326100000180304 ], [ 677654.104199999943376, 6988597.326100000180304 ], [ 677744.104199999943376, 6988597.326100000180304 ], [ 677834.104199999943376, 6988597.326100000180304 ], [ 677924.104199999943376, 6988597.326100000180304 ], [ 677996.104199999943376, 6988615.326100000180304 ], [ 678050.104199999943376, 6988651.326100000180304 ], [ 678104.104199999943376, 6988723.326100000180304 ], [ 678140.104199999943376, 6988813.326100000180304 ], [ 678158.104199999943376, 6988903.326100000180304 ], [ 678176.104199999943376, 6988993.326100000180304 ], [ 678212.104199999943376, 6989083.326100000180304 ], [ 678248.104199999943376, 6989173.326100000180304 ], [ 678302.104199999943376, 6989245.326100000180304 ], [ 678374.104199999943376, 6989299.326100000180304 ], [ 678464.104199999943376, 6989335.326100000180304 ], [ 678554.104199999943376, 6989335.326100000180304 ], [ 678644.104199999943376, 6989335.326100000180304 ], [ 678734.104199999943376, 6989353.326100000180304 ], [ 678806.104199999943376, 6989389.326100000180304 ], [ 678878.104199999943376, 6989443.326100000180304 ], [ 678950.104199999943376, 6989533.326100000180304 ], [ 679022.104199999943376, 6989605.326100000180304 ], [ 679094.104199999943376, 6989659.326100000180304 ], [ 679184.104199999943376, 6989695.326100000180304 ], [ 679274.104199999943376, 6989695.326100000180304 ], [ 679364.104199999943376, 6989695.326100000180304 ], [ 679436.104199999943376, 6989713.326100000180304 ], [ 679472.104199999943376, 6989749.326100000180304 ], [ 679490.104199999943376, 6989803.326100000180304 ], [ 679490.104199999943376, 6989893.326100000180304 ], [ 679472.104199999943376, 6989983.326100000180304 ], [ 679472.104199999943376, 6990055.326100000180304 ], [ 679508.104199999943376, 6990091.326100000180304 ], [ 679562.104199999943376, 6990109.326100000180304 ], [ 679634.104199999943376, 6990109.326100000180304 ], [ 679724.104199999943376, 6990073.326100000180304 ], [ 679814.104199999943376, 6990019.326100000180304 ], [ 679904.104199999943376, 6989965.326100000180304 ], [ 679976.104199999943376, 6989893.326100000180304 ], [ 680048.104199999943376, 6989803.326100000180304 ], [ 680102.104199999943376, 6989713.326100000180304 ], [ 680138.104199999943376, 6989623.326100000180304 ], [ 680174.104199999943376, 6989533.326100000180304 ], [ 680228.104199999943376, 6989479.326100000180304 ], [ 680264.104199999943376, 6989461.326100000180304 ], [ 680318.104199999943376, 6989479.326100000180304 ], [ 680390.104199999943376, 6989533.326100000180304 ], [ 680462.104199999943376, 6989605.326100000180304 ], [ 680534.104199999943376, 6989659.326100000180304 ], [ 680624.104199999943376, 6989695.326100000180304 ], [ 680714.104199999943376, 6989713.326100000180304 ], [ 680804.104199999943376, 6989695.326100000180304 ], [ 680894.104199999943376, 6989677.326100000180304 ], [ 680984.104199999943376, 6989641.326100000180304 ], [ 681074.104199999943376, 6989605.326100000180304 ], [ 681164.104199999943376, 6989569.326100000180304 ], [ 681254.104199999943376, 6989551.326100000180304 ], [ 681344.104199999943376, 6989515.326100000180304 ], [ 681434.104199999943376, 6989497.326100000180304 ], [ 681524.104199999943376, 6989479.326100000180304 ], [ 681614.104199999943376, 6989443.326100000180304 ], [ 681704.104199999943376, 6989407.326100000180304 ], [ 681794.104199999943376, 6989371.326100000180304 ], [ 681884.104199999943376, 6989335.326100000180304 ], [ 681974.104199999943376, 6989299.326100000180304 ], [ 682064.104199999943376, 6989281.326100000180304 ], [ 682154.104199999943376, 6989263.326100000180304 ], [ 682244.104199999943376, 6989281.326100000180304 ], [ 682334.104199999943376, 6989317.326100000180304 ], [ 682424.104199999943376, 6989353.326100000180304 ], [ 682514.104199999943376, 6989389.326100000180304 ], [ 682604.104199999943376, 6989425.326100000180304 ], [ 682694.104199999943376, 6989461.326100000180304 ], [ 682766.104199999943376, 6989497.326100000180304 ], [ 682820.104199999943376, 6989551.326100000180304 ], [ 682874.104199999943376, 6989623.326100000180304 ], [ 682928.104199999943376, 6989695.326100000180304 ], [ 682982.104199999943376, 6989749.326100000180304 ], [ 683054.104199999943376, 6989785.326100000180304 ], [ 683144.104199999943376, 6989785.326100000180304 ], [ 683234.104199999943376, 6989767.326100000180304 ], [ 683324.104199999943376, 6989767.326100000180304 ], [ 683414.104199999943376, 6989767.326100000180304 ], [ 683504.104199999943376, 6989767.326100000180304 ], [ 683594.104199999943376, 6989803.326100000180304 ], [ 683684.104199999943376, 6989857.326100000180304 ], [ 683774.104199999943376, 6989911.326100000180304 ], [ 683864.104199999943376, 6989983.326100000180304 ], [ 683954.104199999943376, 6990037.326100000180304 ], [ 684044.104199999943376, 6990055.326100000180304 ], [ 684134.104199999943376, 6990055.326100000180304 ], [ 684224.104199999943376, 6990055.326100000180304 ], [ 684314.104199999943376, 6990037.326100000180304 ], [ 684404.104199999943376, 6990037.326100000180304 ], [ 684494.104199999943376, 6990055.326100000180304 ], [ 684584.104199999943376, 6990091.326100000180304 ], [ 684674.104199999943376, 6990127.326100000180304 ], [ 684764.104199999943376, 6990181.326100000180304 ], [ 684854.104199999943376, 6990253.326100000180304 ], [ 684944.104199999943376, 6990325.326100000180304 ], [ 685034.104199999943376, 6990397.326100000180304 ], [ 685106.104199999943376, 6990469.326100000180304 ], [ 685160.104199999943376, 6990541.326100000180304 ], [ 685178.104199999943376, 6990613.326100000180304 ], [ 685160.104199999943376, 6990703.326100000180304 ], [ 685124.104199999943376, 6990793.326100000180304 ], [ 685106.104199999943376, 6990883.326100000180304 ], [ 685106.104199999943376, 6990955.326100000180304 ], [ 685142.104199999943376, 6991027.326100000180304 ], [ 685214.104199999943376, 6991081.326100000180304 ], [ 685304.104199999943376, 6991135.326100000180304 ], [ 685376.104199999943376, 6991189.326100000180304 ], [ 685430.104199999943376, 6991261.326100000180304 ], [ 685448.104199999943376, 6991333.326100000180304 ], [ 685466.104199999943376, 6991423.326100000180304 ], [ 685484.104199999943376, 6991495.326100000180304 ], [ 685520.104199999943376, 6991549.326100000180304 ], [ 685574.104199999943376, 6991585.326100000180304 ], [ 685664.104199999943376, 6991621.326100000180304 ], [ 685754.104199999943376, 6991621.326100000180304 ], [ 685844.104199999943376, 6991621.326100000180304 ], [ 685934.104199999943376, 6991621.326100000180304 ], [ 686024.104199999943376, 6991603.326100000180304 ], [ 686114.104199999943376, 6991549.326100000180304 ], [ 686204.104199999943376, 6991513.326100000180304 ], [ 686276.104199999943376, 6991495.326100000180304 ], [ 686348.104199999943376, 6991495.326100000180304 ], [ 686420.104199999943376, 6991531.326100000180304 ], [ 686492.104199999943376, 6991567.326100000180304 ], [ 686564.104199999943376, 6991585.326100000180304 ], [ 686654.104199999943376, 6991585.326100000180304 ], [ 686744.104199999943376, 6991585.326100000180304 ], [ 686816.104199999943376, 6991585.326100000180304 ], [ 686870.104199999943376, 6991621.326100000180304 ], [ 686906.104199999943376, 6991693.326100000180304 ], [ 686942.104199999943376, 6991783.326100000180304 ], [ 686978.104199999943376, 6991855.326100000180304 ], [ 687032.104199999943376, 6991909.326100000180304 ], [ 687104.104199999943376, 6991927.326100000180304 ], [ 687194.104199999943376, 6991927.326100000180304 ], [ 687284.104199999943376, 6991891.326100000180304 ], [ 687374.104199999943376, 6991855.326100000180304 ], [ 687446.104199999943376, 6991801.326100000180304 ], [ 687518.104199999943376, 6991747.326100000180304 ], [ 687572.104199999943376, 6991675.326100000180304 ], [ 687590.104199999943376, 6991603.326100000180304 ], [ 687572.104199999943376, 6991513.326100000180304 ], [ 687554.104199999943376, 6991423.326100000180304 ], [ 687518.104199999943376, 6991333.326100000180304 ], [ 687482.104199999943376, 6991243.326100000180304 ], [ 687482.104199999943376, 6991171.326100000180304 ], [ 687518.104199999943376, 6991135.326100000180304 ], [ 687572.104199999943376, 6991135.326100000180304 ], [ 687644.104199999943376, 6991135.326100000180304 ], [ 687734.104199999943376, 6991135.326100000180304 ], [ 687806.104199999943376, 6991117.326100000180304 ], [ 687878.104199999943376, 6991063.326100000180304 ], [ 687950.104199999943376, 6990973.326100000180304 ], [ 688022.104199999943376, 6990919.326100000180304 ], [ 688094.104199999943376, 6990901.326100000180304 ], [ 688166.104199999943376, 6990919.326100000180304 ], [ 688220.104199999943376, 6990973.326100000180304 ], [ 688256.104199999943376, 6991063.326100000180304 ], [ 688274.104199999943376, 6991153.326100000180304 ], [ 688274.104199999943376, 6991243.326100000180304 ], [ 688274.104199999943376, 6991333.326100000180304 ], [ 688292.104199999943376, 6991423.326100000180304 ], [ 688328.104199999943376, 6991513.326100000180304 ], [ 688382.104199999943376, 6991603.326100000180304 ], [ 688454.104199999943376, 6991675.326100000180304 ], [ 688544.104199999943376, 6991711.326100000180304 ], [ 688634.104199999943376, 6991729.326100000180304 ], [ 688706.104199999943376, 6991711.326100000180304 ], [ 688778.104199999943376, 6991657.326100000180304 ], [ 688814.104199999943376, 6991585.326100000180304 ], [ 688814.104199999943376, 6991513.326100000180304 ], [ 688796.104199999943376, 6991423.326100000180304 ], [ 688778.104199999943376, 6991333.326100000180304 ], [ 688760.104199999943376, 6991243.326100000180304 ], [ 688778.104199999943376, 6991153.326100000180304 ], [ 688832.104199999943376, 6991081.326100000180304 ], [ 688904.104199999943376, 6991027.326100000180304 ], [ 688994.104199999943376, 6990973.326100000180304 ], [ 689066.104199999943376, 6990919.326100000180304 ], [ 689102.104199999943376, 6990865.326100000180304 ], [ 689120.104199999943376, 6990793.326100000180304 ], [ 689120.104199999943376, 6990703.326100000180304 ], [ 689120.104199999943376, 6990631.326100000180304 ], [ 689138.104199999943376, 6990559.326100000180304 ], [ 689192.104199999943376, 6990487.326100000180304 ], [ 689264.104199999943376, 6990415.326100000180304 ], [ 689354.104199999943376, 6990343.326100000180304 ], [ 689444.104199999943376, 6990253.326100000180304 ], [ 689534.104199999943376, 6990181.326100000180304 ], [ 689624.104199999943376, 6990145.326100000180304 ], [ 689696.104199999943376, 6990145.326100000180304 ], [ 689750.104199999943376, 6990181.326100000180304 ], [ 689804.104199999943376, 6990253.326100000180304 ], [ 689858.104199999943376, 6990325.326100000180304 ], [ 689912.104199999943376, 6990379.326100000180304 ], [ 689984.104199999943376, 6990415.326100000180304 ], [ 690074.104199999943376, 6990433.326100000180304 ], [ 690164.104199999943376, 6990433.326100000180304 ], [ 690254.104199999943376, 6990433.326100000180304 ], [ 690344.104199999943376, 6990415.326100000180304 ], [ 690434.104199999943376, 6990379.326100000180304 ], [ 690524.104199999943376, 6990343.326100000180304 ], [ 690614.104199999943376, 6990325.326100000180304 ], [ 690686.104199999943376, 6990325.326100000180304 ], [ 690740.104199999943376, 6990361.326100000180304 ], [ 690776.104199999943376, 6990433.326100000180304 ], [ 690794.104199999943376, 6990523.326100000180304 ], [ 690794.104199999943376, 6990613.326100000180304 ], [ 690812.104199999943376, 6990703.326100000180304 ], [ 690848.104199999943376, 6990793.326100000180304 ], [ 690902.104199999943376, 6990865.326100000180304 ], [ 690974.104199999943376, 6990901.326100000180304 ], [ 691064.104199999943376, 6990919.326100000180304 ], [ 691154.104199999943376, 6990937.326100000180304 ], [ 691244.104199999943376, 6990937.326100000180304 ], [ 691334.104199999943376, 6990937.326100000180304 ], [ 691424.104199999943376, 6990955.326100000180304 ], [ 691514.104199999943376, 6990955.326100000180304 ], [ 691604.104199999943376, 6990937.326100000180304 ], [ 691694.104199999943376, 6990901.326100000180304 ], [ 691784.104199999943376, 6990883.326100000180304 ], [ 691874.104199999943376, 6990883.326100000180304 ], [ 691964.104199999943376, 6990901.326100000180304 ], [ 692054.104199999943376, 6990919.326100000180304 ], [ 692144.104199999943376, 6990955.326100000180304 ], [ 692234.104199999943376, 6990973.326100000180304 ], [ 692324.104199999943376, 6990991.326100000180304 ], [ 692396.104199999943376, 6991027.326100000180304 ], [ 692450.104199999943376, 6991081.326100000180304 ], [ 692486.104199999943376, 6991153.326100000180304 ], [ 692522.104199999943376, 6991243.326100000180304 ], [ 692558.104199999943376, 6991297.326100000180304 ], [ 692612.104199999943376, 6991315.326100000180304 ], [ 692684.104199999943376, 6991315.326100000180304 ], [ 692774.104199999943376, 6991297.326100000180304 ], [ 692864.104199999943376, 6991279.326100000180304 ], [ 692954.104199999943376, 6991297.326100000180304 ], [ 693026.104199999943376, 6991351.326100000180304 ], [ 693098.104199999943376, 6991423.326100000180304 ], [ 693170.104199999943376, 6991495.326100000180304 ], [ 693242.104199999943376, 6991549.326100000180304 ], [ 693296.104199999943376, 6991567.326100000180304 ], [ 693350.104199999943376, 6991549.326100000180304 ], [ 693386.104199999943376, 6991495.326100000180304 ], [ 693386.104199999943376, 6991423.326100000180304 ], [ 693350.104199999943376, 6991333.326100000180304 ], [ 693314.104199999943376, 6991243.326100000180304 ], [ 693278.104199999943376, 6991153.326100000180304 ], [ 693224.104199999943376, 6991063.326100000180304 ], [ 693206.104199999943376, 6990973.326100000180304 ], [ 693224.104199999943376, 6990883.326100000180304 ], [ 693260.104199999943376, 6990811.326100000180304 ], [ 693314.104199999943376, 6990757.326100000180304 ], [ 693404.104199999943376, 6990721.326100000180304 ], [ 693494.104199999943376, 6990685.326100000180304 ], [ 693548.104199999943376, 6990649.326100000180304 ], [ 693566.104199999943376, 6990595.326100000180304 ], [ 693566.104199999943376, 6990523.326100000180304 ], [ 693548.104199999943376, 6990433.326100000180304 ], [ 693530.104199999943376, 6990343.326100000180304 ], [ 693548.104199999943376, 6990289.326100000180304 ], [ 693602.104199999943376, 6990253.326100000180304 ], [ 693674.104199999943376, 6990235.326100000180304 ], [ 693764.104199999943376, 6990253.326100000180304 ], [ 693854.104199999943376, 6990289.326100000180304 ], [ 693944.104199999943376, 6990325.326100000180304 ], [ 694034.104199999943376, 6990361.326100000180304 ], [ 694124.104199999943376, 6990379.326100000180304 ], [ 694214.104199999943376, 6990361.326100000180304 ], [ 694286.104199999943376, 6990325.326100000180304 ], [ 694340.104199999943376, 6990253.326100000180304 ], [ 694358.104199999943376, 6990163.326100000180304 ], [ 694376.104199999943376, 6990073.326100000180304 ], [ 694394.104199999943376, 6990001.326100000180304 ], [ 694430.104199999943376, 6989929.326100000180304 ], [ 694484.104199999943376, 6989875.326100000180304 ], [ 694574.104199999943376, 6989857.326100000180304 ], [ 694664.104199999943376, 6989857.326100000180304 ], [ 694754.104199999943376, 6989875.326100000180304 ], [ 694844.104199999943376, 6989911.326100000180304 ], [ 694934.104199999943376, 6989929.326100000180304 ], [ 695024.104199999943376, 6989911.326100000180304 ], [ 695114.104199999943376, 6989875.326100000180304 ], [ 695204.104199999943376, 6989803.326100000180304 ], [ 695294.104199999943376, 6989749.326100000180304 ], [ 695366.104199999943376, 6989731.326100000180304 ], [ 695420.104199999943376, 6989749.326100000180304 ], [ 695456.104199999943376, 6989803.326100000180304 ], [ 695474.104199999943376, 6989893.326100000180304 ], [ 695456.104199999943376, 6989983.326100000180304 ], [ 695420.104199999943376, 6990073.326100000180304 ], [ 695366.104199999943376, 6990163.326100000180304 ], [ 695294.104199999943376, 6990235.326100000180304 ], [ 695222.104199999943376, 6990307.326100000180304 ], [ 695168.104199999943376, 6990379.326100000180304 ], [ 695150.104199999943376, 6990451.326100000180304 ], [ 695150.104199999943376, 6990523.326100000180304 ], [ 695168.104199999943376, 6990613.326100000180304 ], [ 695186.104199999943376, 6990703.326100000180304 ], [ 695204.104199999943376, 6990793.326100000180304 ], [ 695204.104199999943376, 6990883.326100000180304 ], [ 695204.104199999943376, 6990973.326100000180304 ], [ 695204.104199999943376, 6991063.326100000180304 ], [ 695222.104199999943376, 6991153.326100000180304 ], [ 695258.104199999943376, 6991225.326100000180304 ], [ 695312.104199999943376, 6991297.326100000180304 ], [ 695384.104199999943376, 6991369.326100000180304 ], [ 695474.104199999943376, 6991441.326100000180304 ], [ 695546.104199999943376, 6991513.326100000180304 ], [ 695600.104199999943376, 6991603.326100000180304 ], [ 695636.104199999943376, 6991693.326100000180304 ], [ 695654.104199999943376, 6991783.326100000180304 ], [ 695636.104199999943376, 6991873.326100000180304 ], [ 695636.104199999943376, 6991963.326100000180304 ], [ 695654.104199999943376, 6992053.326100000180304 ], [ 695672.104199999943376, 6992143.326100000180304 ], [ 695690.104199999943376, 6992233.326100000180304 ], [ 695708.104199999943376, 6992323.326100000180304 ], [ 695708.104199999943376, 6992413.326100000180304 ], [ 695708.104199999943376, 6992503.326100000180304 ], [ 695726.104199999943376, 6992575.326100000180304 ], [ 695762.104199999943376, 6992629.326100000180304 ], [ 695834.104199999943376, 6992665.326100000180304 ], [ 695924.104199999943376, 6992683.326100000180304 ], [ 696014.104199999943376, 6992665.326100000180304 ], [ 696104.104199999943376, 6992647.326100000180304 ], [ 696194.104199999943376, 6992629.326100000180304 ], [ 696284.104199999943376, 6992611.326100000180304 ], [ 696374.104199999943376, 6992593.326100000180304 ], [ 696464.104199999943376, 6992593.326100000180304 ], [ 696554.104199999943376, 6992611.326100000180304 ], [ 696644.104199999943376, 6992647.326100000180304 ], [ 696734.104199999943376, 6992701.326100000180304 ], [ 696824.104199999943376, 6992755.326100000180304 ], [ 696914.104199999943376, 6992791.326100000180304 ], [ 697004.104199999943376, 6992827.326100000180304 ], [ 697076.104199999943376, 6992863.326100000180304 ], [ 697130.104199999943376, 6992899.326100000180304 ], [ 697184.104199999943376, 6992953.326100000180304 ], [ 697202.104199999943376, 6993043.326100000180304 ], [ 697184.104199999943376, 6993115.326100000180304 ], [ 697148.104199999943376, 6993169.326100000180304 ], [ 697094.104199999943376, 6993223.326100000180304 ], [ 697004.104199999943376, 6993259.326100000180304 ], [ 696914.104199999943376, 6993277.326100000180304 ], [ 696824.104199999943376, 6993295.326100000180304 ], [ 696734.104199999943376, 6993331.326100000180304 ], [ 696644.104199999943376, 6993367.326100000180304 ], [ 696572.104199999943376, 6993421.326100000180304 ], [ 696518.104199999943376, 6993493.326100000180304 ], [ 696482.104199999943376, 6993583.326100000180304 ], [ 696446.104199999943376, 6993673.326100000180304 ], [ 696428.104199999943376, 6993763.326100000180304 ], [ 696392.104199999943376, 6993853.326100000180304 ], [ 696338.104199999943376, 6993943.326100000180304 ], [ 696266.104199999943376, 6994015.326100000180304 ], [ 696194.104199999943376, 6994087.326100000180304 ], [ 696122.104199999943376, 6994159.326100000180304 ], [ 696086.104199999943376, 6994231.326100000180304 ], [ 696086.104199999943376, 6994285.326100000180304 ], [ 696104.104199999943376, 6994357.326100000180304 ], [ 696140.104199999943376, 6994429.326100000180304 ], [ 696158.104199999943376, 6994501.326100000180304 ], [ 696176.104199999943376, 6994573.326100000180304 ], [ 696194.104199999943376, 6994645.326100000180304 ], [ 696230.104199999943376, 6994699.326100000180304 ], [ 696284.104199999943376, 6994753.326100000180304 ], [ 696374.104199999943376, 6994807.326100000180304 ], [ 696446.104199999943376, 6994861.326100000180304 ], [ 696518.104199999943376, 6994933.326100000180304 ], [ 696572.104199999943376, 6995023.326100000180304 ], [ 696608.104199999943376, 6995113.326100000180304 ], [ 696644.104199999943376, 6995203.326100000180304 ], [ 696680.104199999943376, 6995293.326100000180304 ], [ 696680.104199999943376, 6995383.326100000180304 ], [ 696662.104199999943376, 6995473.326100000180304 ], [ 696626.104199999943376, 6995545.326100000180304 ], [ 696554.104199999943376, 6995599.326100000180304 ], [ 696464.104199999943376, 6995653.326100000180304 ], [ 696374.104199999943376, 6995689.326100000180304 ], [ 696284.104199999943376, 6995725.326100000180304 ], [ 696212.104199999943376, 6995779.326100000180304 ], [ 696176.104199999943376, 6995851.326100000180304 ], [ 696176.104199999943376, 6995905.326100000180304 ], [ 696212.104199999943376, 6995959.326100000180304 ], [ 696284.104199999943376, 6995995.326100000180304 ], [ 696374.104199999943376, 6996013.326100000180304 ], [ 696464.104199999943376, 6996013.326100000180304 ], [ 696554.104199999943376, 6996013.326100000180304 ], [ 696644.104199999943376, 6996031.326100000180304 ], [ 696734.104199999943376, 6996067.326100000180304 ], [ 696824.104199999943376, 6996121.326100000180304 ], [ 696914.104199999943376, 6996175.326100000180304 ], [ 697004.104199999943376, 6996211.326100000180304 ], [ 697094.104199999943376, 6996229.326100000180304 ], [ 697184.104199999943376, 6996229.326100000180304 ], [ 697274.104199999943376, 6996193.326100000180304 ], [ 697364.104199999943376, 6996157.326100000180304 ], [ 697454.104199999943376, 6996139.326100000180304 ], [ 697544.104199999943376, 6996121.326100000180304 ], [ 697634.104199999943376, 6996103.326100000180304 ], [ 697724.104199999943376, 6996085.326100000180304 ], [ 697814.104199999943376, 6996049.326100000180304 ], [ 697904.104199999943376, 6995995.326100000180304 ], [ 697994.104199999943376, 6995923.326100000180304 ], [ 698084.104199999943376, 6995833.326100000180304 ], [ 698174.104199999943376, 6995761.326100000180304 ], [ 698264.104199999943376, 6995725.326100000180304 ], [ 698354.104199999943376, 6995707.326100000180304 ], [ 698444.104199999943376, 6995725.326100000180304 ], [ 698534.104199999943376, 6995761.326100000180304 ], [ 698624.104199999943376, 6995797.326100000180304 ], [ 698714.104199999943376, 6995815.326100000180304 ], [ 698804.104199999943376, 6995833.326100000180304 ], [ 698894.104199999943376, 6995833.326100000180304 ], [ 698984.104199999943376, 6995833.326100000180304 ], [ 699074.104199999943376, 6995833.326100000180304 ], [ 699164.104199999943376, 6995833.326100000180304 ], [ 699254.104199999943376, 6995833.326100000180304 ], [ 699326.104199999943376, 6995851.326100000180304 ], [ 699380.104199999943376, 6995887.326100000180304 ], [ 699398.104199999943376, 6995941.326100000180304 ], [ 699416.104199999943376, 6996013.326100000180304 ], [ 699434.104199999943376, 6996085.326100000180304 ], [ 699452.104199999943376, 6996157.326100000180304 ], [ 699488.104199999943376, 6996229.326100000180304 ], [ 699560.104199999943376, 6996301.326100000180304 ], [ 699632.104199999943376, 6996355.326100000180304 ], [ 699704.104199999943376, 6996409.326100000180304 ], [ 699794.104199999943376, 6996427.326100000180304 ], [ 699884.104199999943376, 6996409.326100000180304 ], [ 699974.104199999943376, 6996355.326100000180304 ], [ 700028.104199999943376, 6996283.326100000180304 ], [ 700082.104199999943376, 6996193.326100000180304 ], [ 700136.104199999943376, 6996121.326100000180304 ], [ 700190.104199999943376, 6996049.326100000180304 ], [ 700244.104199999943376, 6996013.326100000180304 ], [ 700334.104199999943376, 6995995.326100000180304 ], [ 700424.104199999943376, 6995995.326100000180304 ], [ 700514.104199999943376, 6996013.326100000180304 ], [ 700604.104199999943376, 6996031.326100000180304 ], [ 700676.104199999943376, 6996013.326100000180304 ], [ 700748.104199999943376, 6995977.326100000180304 ], [ 700820.104199999943376, 6995941.326100000180304 ], [ 700892.104199999943376, 6995905.326100000180304 ], [ 700946.104199999943376, 6995905.326100000180304 ], [ 701000.104199999943376, 6995941.326100000180304 ], [ 701036.104199999943376, 6996013.326100000180304 ], [ 701072.104199999943376, 6996103.326100000180304 ], [ 701108.104199999943376, 6996193.326100000180304 ], [ 701162.104199999943376, 6996283.326100000180304 ], [ 701216.104199999943376, 6996373.326100000180304 ], [ 701252.104199999943376, 6996463.326100000180304 ], [ 701288.104199999943376, 6996553.326100000180304 ], [ 701324.104199999943376, 6996625.326100000180304 ], [ 701360.104199999943376, 6996697.326100000180304 ], [ 701396.104199999943376, 6996769.326100000180304 ], [ 701450.104199999943376, 6996841.326100000180304 ], [ 701486.104199999943376, 6996913.326100000180304 ], [ 701522.104199999943376, 6996985.326100000180304 ], [ 701558.104199999943376, 6997057.326100000180304 ], [ 701612.104199999943376, 6997129.326100000180304 ], [ 701666.104199999943376, 6997201.326100000180304 ], [ 701720.104199999943376, 6997273.326100000180304 ], [ 701756.104199999943376, 6997363.326100000180304 ], [ 701792.104199999943376, 6997453.326100000180304 ], [ 701828.104199999943376, 6997543.326100000180304 ], [ 701882.104199999943376, 6997633.326100000180304 ], [ 701954.104199999943376, 6997687.326100000180304 ], [ 702044.104199999943376, 6997705.326100000180304 ], [ 702134.104199999943376, 6997705.326100000180304 ], [ 702224.104199999943376, 6997669.326100000180304 ], [ 702314.104199999943376, 6997597.326100000180304 ], [ 702404.104199999943376, 6997525.326100000180304 ], [ 702494.104199999943376, 6997453.326100000180304 ], [ 702566.104199999943376, 6997363.326100000180304 ], [ 702638.104199999943376, 6997273.326100000180304 ], [ 702710.104199999943376, 6997183.326100000180304 ], [ 702764.104199999943376, 6997093.326100000180304 ], [ 702818.104199999943376, 6997003.326100000180304 ], [ 702872.104199999943376, 6996913.326100000180304 ], [ 702926.104199999943376, 6996823.326100000180304 ], [ 702980.104199999943376, 6996769.326100000180304 ], [ 703052.104199999943376, 6996751.326100000180304 ], [ 703106.104199999943376, 6996769.326100000180304 ], [ 703178.104199999943376, 6996823.326100000180304 ], [ 703232.104199999943376, 6996913.326100000180304 ], [ 703286.104199999943376, 6997003.326100000180304 ], [ 703340.104199999943376, 6997093.326100000180304 ], [ 703394.104199999943376, 6997183.326100000180304 ], [ 703448.104199999943376, 6997273.326100000180304 ], [ 703520.104199999943376, 6997345.326100000180304 ], [ 703592.104199999943376, 6997417.326100000180304 ], [ 703664.104199999943376, 6997471.326100000180304 ], [ 703754.104199999943376, 6997525.326100000180304 ], [ 703844.104199999943376, 6997543.326100000180304 ], [ 703934.104199999943376, 6997579.326100000180304 ], [ 704024.104199999943376, 6997615.326100000180304 ], [ 704114.104199999943376, 6997669.326100000180304 ], [ 704204.104199999943376, 6997723.326100000180304 ], [ 704276.104199999943376, 6997813.326100000180304 ], [ 704330.104199999943376, 6997903.326100000180304 ], [ 704366.104199999943376, 6997993.326100000180304 ], [ 704384.104199999943376, 6998083.326100000180304 ], [ 704402.104199999943376, 6998173.326100000180304 ], [ 704420.104199999943376, 6998263.326100000180304 ], [ 704456.104199999943376, 6998353.326100000180304 ], [ 704492.104199999943376, 6998443.326100000180304 ], [ 704528.104199999943376, 6998533.326100000180304 ], [ 704546.104199999943376, 6998623.326100000180304 ], [ 704564.104199999943376, 6998713.326100000180304 ], [ 704564.104199999943376, 6998803.326100000180304 ], [ 704564.104199999943376, 6998893.326100000180304 ], [ 704564.104199999943376, 6998983.326100000180304 ], [ 704546.104199999943376, 6999073.326100000180304 ], [ 704510.104199999943376, 6999163.326100000180304 ], [ 704456.104199999943376, 6999235.326100000180304 ], [ 704384.104199999943376, 6999271.326100000180304 ], [ 704312.104199999943376, 6999271.326100000180304 ], [ 704240.104199999943376, 6999235.326100000180304 ], [ 704168.104199999943376, 6999199.326100000180304 ], [ 704096.104199999943376, 6999163.326100000180304 ], [ 704042.104199999943376, 6999163.326100000180304 ], [ 703970.104199999943376, 6999199.326100000180304 ], [ 703916.104199999943376, 6999271.326100000180304 ], [ 703880.104199999943376, 6999343.326100000180304 ], [ 703862.104199999943376, 6999433.326100000180304 ], [ 703844.104199999943376, 6999523.326100000180304 ], [ 703862.104199999943376, 6999613.326100000180304 ], [ 703898.104199999943376, 6999703.326100000180304 ], [ 703952.104199999943376, 6999775.326100000180304 ], [ 704024.104199999943376, 6999847.326100000180304 ], [ 704114.104199999943376, 6999919.326100000180304 ], [ 704204.104199999943376, 6999973.326100000180304 ], [ 704294.104199999943376, 7000027.326100000180304 ], [ 704384.104199999943376, 7000099.326100000180304 ], [ 704474.104199999943376, 7000171.326100000180304 ], [ 704546.104199999943376, 7000243.326100000180304 ], [ 704618.104199999943376, 7000333.326100000180304 ], [ 704672.104199999943376, 7000423.326100000180304 ], [ 704708.104199999943376, 7000513.326100000180304 ], [ 704744.104199999943376, 7000603.326100000180304 ], [ 704798.104199999943376, 7000675.326100000180304 ], [ 704852.104199999943376, 7000747.326100000180304 ], [ 704924.104199999943376, 7000819.326100000180304 ], [ 705014.104199999943376, 7000873.326100000180304 ], [ 705104.104199999943376, 7000927.326100000180304 ], [ 705194.104199999943376, 7000963.326100000180304 ], [ 705284.104199999943376, 7000963.326100000180304 ], [ 705374.104199999943376, 7000927.326100000180304 ], [ 705464.104199999943376, 7000873.326100000180304 ], [ 705554.104199999943376, 7000783.326100000180304 ], [ 705644.104199999943376, 7000693.326100000180304 ], [ 705734.104199999943376, 7000621.326100000180304 ], [ 705824.104199999943376, 7000567.326100000180304 ], [ 705914.104199999943376, 7000531.326100000180304 ], [ 706004.104199999943376, 7000513.326100000180304 ], [ 706094.104199999943376, 7000513.326100000180304 ], [ 706184.104199999943376, 7000531.326100000180304 ], [ 706274.104199999943376, 7000567.326100000180304 ], [ 706364.104199999943376, 7000603.326100000180304 ], [ 706454.104199999943376, 7000639.326100000180304 ], [ 706544.104199999943376, 7000675.326100000180304 ], [ 706634.104199999943376, 7000693.326100000180304 ], [ 706724.104199999943376, 7000711.326100000180304 ], [ 706814.104199999943376, 7000747.326100000180304 ], [ 706904.104199999943376, 7000801.326100000180304 ], [ 706994.104199999943376, 7000855.326100000180304 ], [ 707084.104199999943376, 7000927.326100000180304 ], [ 707174.104199999943376, 7000999.326100000180304 ], [ 707264.104199999943376, 7001071.326100000180304 ], [ 707354.104199999943376, 7001143.326100000180304 ], [ 707426.104199999943376, 7001233.326100000180304 ], [ 707498.104199999943376, 7001323.326100000180304 ], [ 707552.104199999943376, 7001413.326100000180304 ], [ 707588.104199999943376, 7001503.326100000180304 ], [ 707588.104199999943376, 7001593.326100000180304 ], [ 707570.104199999943376, 7001683.326100000180304 ], [ 707516.104199999943376, 7001755.326100000180304 ], [ 707444.104199999943376, 7001827.326100000180304 ], [ 707354.104199999943376, 7001899.326100000180304 ], [ 707282.104199999943376, 7001971.326100000180304 ], [ 707228.104199999943376, 7002043.326100000180304 ], [ 707210.104199999943376, 7002133.326100000180304 ], [ 707228.104199999943376, 7002223.326100000180304 ], [ 707264.104199999943376, 7002313.326100000180304 ], [ 707300.104199999943376, 7002403.326100000180304 ], [ 707336.104199999943376, 7002493.326100000180304 ], [ 707372.104199999943376, 7002583.326100000180304 ], [ 707390.104199999943376, 7002673.326100000180304 ], [ 707408.104199999943376, 7002763.326100000180304 ], [ 707444.104199999943376, 7002835.326100000180304 ], [ 707498.104199999943376, 7002907.326100000180304 ], [ 707552.104199999943376, 7002961.326100000180304 ], [ 707624.104199999943376, 7002997.326100000180304 ], [ 707714.104199999943376, 7003015.326100000180304 ], [ 707804.104199999943376, 7003051.326100000180304 ], [ 707894.104199999943376, 7003069.326100000180304 ], [ 707984.104199999943376, 7003087.326100000180304 ], [ 708074.104199999943376, 7003123.326100000180304 ], [ 708164.104199999943376, 7003159.326100000180304 ], [ 708254.104199999943376, 7003195.326100000180304 ], [ 708344.104199999943376, 7003249.326100000180304 ], [ 708434.104199999943376, 7003321.326100000180304 ], [ 708524.104199999943376, 7003393.326100000180304 ], [ 708614.104199999943376, 7003465.326100000180304 ], [ 708704.104199999943376, 7003537.326100000180304 ], [ 708794.104199999943376, 7003609.326100000180304 ], [ 708884.104199999943376, 7003681.326100000180304 ], [ 708974.104199999943376, 7003753.326100000180304 ], [ 709064.104199999943376, 7003825.326100000180304 ], [ 709136.104199999943376, 7003897.326100000180304 ], [ 709208.104199999943376, 7003969.326100000180304 ], [ 709280.104199999943376, 7004041.326100000180304 ], [ 709352.104199999943376, 7004113.326100000180304 ], [ 709406.104199999943376, 7004203.326100000180304 ], [ 709460.104199999943376, 7004293.326100000180304 ], [ 709496.104199999943376, 7004383.326100000180304 ], [ 709532.104199999943376, 7004473.326100000180304 ], [ 709568.104199999943376, 7004563.326100000180304 ], [ 709604.104199999943376, 7004653.326100000180304 ], [ 709658.104199999943376, 7004743.326100000180304 ], [ 709730.104199999943376, 7004833.326100000180304 ], [ 709784.104199999943376, 7004923.326100000180304 ], [ 709820.104199999943376, 7005013.326100000180304 ], [ 709856.104199999943376, 7005103.326100000180304 ], [ 709874.104199999943376, 7005193.326100000180304 ], [ 709892.104199999943376, 7005283.326100000180304 ], [ 709910.104199999943376, 7005373.326100000180304 ], [ 709946.104199999943376, 7005463.326100000180304 ], [ 709982.104199999943376, 7005553.326100000180304 ], [ 710036.104199999943376, 7005643.326100000180304 ], [ 710072.104199999943376, 7005733.326100000180304 ], [ 710108.104199999943376, 7005823.326100000180304 ], [ 710126.104199999943376, 7005913.326100000180304 ], [ 710144.104199999943376, 7006003.326100000180304 ], [ 710126.104199999943376, 7006093.326100000180304 ], [ 710090.104199999943376, 7006183.326100000180304 ], [ 710054.104199999943376, 7006273.326100000180304 ], [ 710018.104199999943376, 7006363.326100000180304 ], [ 709982.104199999943376, 7006453.326100000180304 ], [ 709982.104199999943376, 7006543.326100000180304 ], [ 710018.104199999943376, 7006633.326100000180304 ], [ 710072.104199999943376, 7006705.326100000180304 ], [ 710144.104199999943376, 7006759.326100000180304 ], [ 710234.104199999943376, 7006795.326100000180304 ], [ 710324.104199999943376, 7006831.326100000180304 ], [ 710414.104199999943376, 7006849.326100000180304 ], [ 710504.104199999943376, 7006867.326100000180304 ], [ 710594.104199999943376, 7006885.326100000180304 ], [ 710684.104199999943376, 7006903.326100000180304 ], [ 710774.104199999943376, 7006903.326100000180304 ], [ 710864.104199999943376, 7006921.326100000180304 ], [ 710936.104199999943376, 7006957.326100000180304 ], [ 710990.104199999943376, 7007011.326100000180304 ], [ 711044.104199999943376, 7007083.326100000180304 ], [ 711098.104199999943376, 7007155.326100000180304 ], [ 711134.104199999943376, 7007227.326100000180304 ], [ 711188.104199999943376, 7007299.326100000180304 ], [ 711260.104199999943376, 7007371.326100000180304 ], [ 711332.104199999943376, 7007443.326100000180304 ], [ 711404.104199999943376, 7007533.326100000180304 ], [ 711476.104199999943376, 7007623.326100000180304 ], [ 711548.104199999943376, 7007713.326100000180304 ], [ 711620.104199999943376, 7007803.326100000180304 ], [ 711692.104199999943376, 7007875.326100000180304 ], [ 711764.104199999943376, 7007947.326100000180304 ], [ 711854.104199999943376, 7008001.326100000180304 ], [ 711944.104199999943376, 7008037.326100000180304 ], [ 712034.104199999943376, 7008055.326100000180304 ], [ 712124.104199999943376, 7008073.326100000180304 ], [ 712214.104199999943376, 7008073.326100000180304 ], [ 712304.104199999943376, 7008073.326100000180304 ], [ 712394.104199999943376, 7008073.326100000180304 ], [ 712466.104199999943376, 7008091.326100000180304 ], [ 712538.104199999943376, 7008127.326100000180304 ], [ 712592.104199999943376, 7008181.326100000180304 ], [ 712646.104199999943376, 7008253.326100000180304 ], [ 712700.104199999943376, 7008343.326100000180304 ], [ 712772.104199999943376, 7008433.326100000180304 ], [ 712844.104199999943376, 7008523.326100000180304 ], [ 712916.104199999943376, 7008613.326100000180304 ], [ 712988.104199999943376, 7008703.326100000180304 ], [ 713060.104199999943376, 7008793.326100000180304 ], [ 713132.104199999943376, 7008883.326100000180304 ], [ 713204.104199999943376, 7008973.326100000180304 ], [ 713276.104199999943376, 7009063.326100000180304 ], [ 713330.104199999943376, 7009153.326100000180304 ], [ 713366.104199999943376, 7009243.326100000180304 ], [ 713384.104199999943376, 7009333.326100000180304 ], [ 713384.104199999943376, 7009423.326100000180304 ], [ 713384.104199999943376, 7009513.326100000180304 ], [ 713402.104199999943376, 7009603.326100000180304 ], [ 713438.104199999943376, 7009693.326100000180304 ], [ 713492.104199999943376, 7009765.326100000180304 ], [ 713564.104199999943376, 7009819.326100000180304 ], [ 713654.104199999943376, 7009837.326100000180304 ], [ 713744.104199999943376, 7009837.326100000180304 ], [ 713834.104199999943376, 7009819.326100000180304 ], [ 713924.104199999943376, 7009801.326100000180304 ], [ 714014.104199999943376, 7009783.326100000180304 ], [ 714104.104199999943376, 7009783.326100000180304 ], [ 714194.104199999943376, 7009783.326100000180304 ], [ 714284.104199999943376, 7009801.326100000180304 ], [ 714374.104199999943376, 7009819.326100000180304 ], [ 714464.104199999943376, 7009855.326100000180304 ], [ 714554.104199999943376, 7009891.326100000180304 ], [ 714644.104199999943376, 7009945.326100000180304 ], [ 714734.104199999943376, 7009999.326100000180304 ], [ 714824.104199999943376, 7010071.326100000180304 ], [ 714914.104199999943376, 7010143.326100000180304 ], [ 714986.104199999943376, 7010233.326100000180304 ], [ 715022.104199999943376, 7010323.326100000180304 ], [ 715040.104199999943376, 7010413.326100000180304 ], [ 715040.104199999943376, 7010503.326100000180304 ], [ 715004.104199999943376, 7010593.326100000180304 ], [ 714968.104199999943376, 7010683.326100000180304 ], [ 714968.104199999943376, 7010773.326100000180304 ], [ 714986.104199999943376, 7010863.326100000180304 ], [ 715022.104199999943376, 7010953.326100000180304 ], [ 715094.104199999943376, 7011025.326100000180304 ], [ 715184.104199999943376, 7011097.326100000180304 ], [ 715274.104199999943376, 7011169.326100000180304 ], [ 715364.104199999943376, 7011241.326100000180304 ], [ 715454.104199999943376, 7011313.326100000180304 ], [ 715544.104199999943376, 7011403.326100000180304 ], [ 715634.104199999943376, 7011493.326100000180304 ], [ 715724.104199999943376, 7011583.326100000180304 ], [ 715796.104199999943376, 7011673.326100000180304 ], [ 715868.104199999943376, 7011763.326100000180304 ], [ 715922.104199999943376, 7011853.326100000180304 ], [ 715958.104199999943376, 7011943.326100000180304 ], [ 715994.104199999943376, 7012033.326100000180304 ], [ 716048.104199999943376, 7012123.326100000180304 ], [ 716084.104199999943376, 7012213.326100000180304 ], [ 716120.104199999943376, 7012303.326100000180304 ], [ 716156.104199999943376, 7012393.326100000180304 ], [ 716192.104199999943376, 7012483.326100000180304 ], [ 716228.104199999943376, 7012555.326100000180304 ], [ 716282.104199999943376, 7012627.326100000180304 ], [ 716336.104199999943376, 7012699.326100000180304 ], [ 716408.104199999943376, 7012771.326100000180304 ], [ 716462.104199999943376, 7012843.326100000180304 ], [ 716498.104199999943376, 7012933.326100000180304 ], [ 716534.104199999943376, 7013023.326100000180304 ], [ 716588.104199999943376, 7013113.326100000180304 ], [ 716642.104199999943376, 7013203.326100000180304 ], [ 716714.104199999943376, 7013293.326100000180304 ], [ 716804.104199999943376, 7013383.326100000180304 ], [ 716894.104199999943376, 7013473.326100000180304 ], [ 716966.104199999943376, 7013563.326100000180304 ], [ 717038.104199999943376, 7013653.326100000180304 ], [ 717110.104199999943376, 7013743.326100000180304 ], [ 717182.104199999943376, 7013833.326100000180304 ], [ 717254.104199999943376, 7013923.326100000180304 ], [ 717344.104199999943376, 7014013.326100000180304 ], [ 717434.104199999943376, 7014103.326100000180304 ], [ 717524.104199999943376, 7014193.326100000180304 ], [ 717614.104199999943376, 7014283.326100000180304 ], [ 717686.104199999943376, 7014373.326100000180304 ], [ 717758.104199999943376, 7014463.326100000180304 ], [ 717812.104199999943376, 7014553.326100000180304 ], [ 717866.104199999943376, 7014643.326100000180304 ], [ 717902.104199999943376, 7014733.326100000180304 ], [ 717956.104199999943376, 7014823.326100000180304 ], [ 717992.104199999943376, 7014913.326100000180304 ], [ 718046.104199999943376, 7015003.326100000180304 ], [ 718100.104199999943376, 7015093.326100000180304 ], [ 718172.104199999943376, 7015165.326100000180304 ], [ 718244.104199999943376, 7015237.326100000180304 ], [ 718334.104199999943376, 7015309.326100000180304 ], [ 718424.104199999943376, 7015363.326100000180304 ], [ 718514.104199999943376, 7015417.326100000180304 ], [ 718604.104199999943376, 7015471.326100000180304 ], [ 718694.104199999943376, 7015525.326100000180304 ], [ 718784.104199999943376, 7015561.326100000180304 ], [ 718874.104199999943376, 7015615.326100000180304 ], [ 718946.104199999943376, 7015669.326100000180304 ], [ 719018.104199999943376, 7015741.326100000180304 ], [ 719090.104199999943376, 7015813.326100000180304 ], [ 719144.104199999943376, 7015903.326100000180304 ], [ 719198.104199999943376, 7015993.326100000180304 ], [ 719270.104199999943376, 7016083.326100000180304 ], [ 719342.104199999943376, 7016173.326100000180304 ], [ 719414.104199999943376, 7016263.326100000180304 ], [ 719504.104199999943376, 7016353.326100000180304 ], [ 719594.104199999943376, 7016443.326100000180304 ], [ 719684.104199999943376, 7016533.326100000180304 ], [ 719774.104199999943376, 7016605.326100000180304 ], [ 719864.104199999943376, 7016677.326100000180304 ], [ 719954.104199999943376, 7016731.326100000180304 ], [ 720044.104199999943376, 7016767.326100000180304 ], [ 720134.104199999943376, 7016767.326100000180304 ], [ 720224.104199999943376, 7016767.326100000180304 ], [ 720314.104199999943376, 7016731.326100000180304 ], [ 720404.104199999943376, 7016695.326100000180304 ], [ 720494.104199999943376, 7016659.326100000180304 ], [ 720584.104199999943376, 7016641.326100000180304 ], [ 720674.104199999943376, 7016641.326100000180304 ], [ 720764.104199999943376, 7016677.326100000180304 ], [ 720854.104199999943376, 7016731.326100000180304 ], [ 720944.104199999943376, 7016803.326100000180304 ], [ 721034.104199999943376, 7016893.326100000180304 ], [ 721124.104199999943376, 7016965.326100000180304 ], [ 721214.104199999943376, 7017019.326100000180304 ], [ 721304.104199999943376, 7017055.326100000180304 ], [ 721394.104199999943376, 7017091.326100000180304 ], [ 721484.104199999943376, 7017127.326100000180304 ], [ 721574.104199999943376, 7017181.326100000180304 ], [ 721646.104199999943376, 7017253.326100000180304 ], [ 721718.104199999943376, 7017343.326100000180304 ], [ 721790.104199999943376, 7017433.326100000180304 ], [ 721862.104199999943376, 7017523.326100000180304 ], [ 721934.104199999943376, 7017613.326100000180304 ], [ 722024.104199999943376, 7017703.326100000180304 ], [ 722114.104199999943376, 7017793.326100000180304 ], [ 722204.104199999943376, 7017883.326100000180304 ], [ 722276.104199999943376, 7017973.326100000180304 ], [ 722330.104199999943376, 7018063.326100000180304 ], [ 722384.104199999943376, 7018153.326100000180304 ], [ 722420.104199999943376, 7018243.326100000180304 ], [ 722438.104199999943376, 7018333.326100000180304 ], [ 722456.104199999943376, 7018423.326100000180304 ], [ 722474.104199999943376, 7018513.326100000180304 ], [ 722492.104199999943376, 7018603.326100000180304 ], [ 722528.104199999943376, 7018693.326100000180304 ], [ 722582.104199999943376, 7018783.326100000180304 ], [ 722654.104199999943376, 7018873.326100000180304 ], [ 722744.104199999943376, 7018963.326100000180304 ], [ 722834.104199999943376, 7019035.326100000180304 ], [ 722924.104199999943376, 7019107.326100000180304 ], [ 723014.104199999943376, 7019161.326100000180304 ], [ 723104.104199999943376, 7019197.326100000180304 ], [ 723194.104199999943376, 7019233.326100000180304 ], [ 723284.104199999943376, 7019269.326100000180304 ], [ 723374.104199999943376, 7019287.326100000180304 ], [ 723464.104199999943376, 7019323.326100000180304 ], [ 723554.104199999943376, 7019359.326100000180304 ], [ 723644.104199999943376, 7019395.326100000180304 ], [ 723734.104199999943376, 7019449.326100000180304 ], [ 723824.104199999943376, 7019503.326100000180304 ], [ 723914.104199999943376, 7019557.326100000180304 ], [ 724004.104199999943376, 7019629.326100000180304 ], [ 724094.104199999943376, 7019683.326100000180304 ], [ 724184.104199999943376, 7019737.326100000180304 ], [ 724274.104199999943376, 7019791.326100000180304 ], [ 724364.104199999943376, 7019845.326100000180304 ], [ 724454.104199999943376, 7019899.326100000180304 ], [ 724544.104199999943376, 7019971.326100000180304 ], [ 724634.104199999943376, 7020025.326100000180304 ], [ 724724.104199999943376, 7020097.326100000180304 ], [ 724814.104199999943376, 7020151.326100000180304 ], [ 724904.104199999943376, 7020205.326100000180304 ], [ 724994.104199999943376, 7020259.326100000180304 ], [ 725084.104199999943376, 7020313.326100000180304 ], [ 725174.104199999943376, 7020367.326100000180304 ], [ 725264.104199999943376, 7020439.326100000180304 ], [ 725354.104199999943376, 7020511.326100000180304 ], [ 725444.104199999943376, 7020565.326100000180304 ], [ 725534.104199999943376, 7020637.326100000180304 ], [ 725624.104199999943376, 7020709.326100000180304 ], [ 725714.104199999943376, 7020763.326100000180304 ], [ 725804.104199999943376, 7020817.326100000180304 ], [ 725894.104199999943376, 7020871.326100000180304 ], [ 725984.104199999943376, 7020925.326100000180304 ], [ 726074.104199999943376, 7020979.326100000180304 ], [ 726164.104199999943376, 7021033.326100000180304 ], [ 726254.104199999943376, 7021087.326100000180304 ], [ 726344.104199999943376, 7021159.326100000180304 ], [ 726434.104199999943376, 7021231.326100000180304 ], [ 726524.104199999943376, 7021285.326100000180304 ], [ 726614.104199999943376, 7021357.326100000180304 ], [ 726704.104199999943376, 7021411.326100000180304 ], [ 726794.104199999943376, 7021465.326100000180304 ], [ 726884.104199999943376, 7021519.326100000180304 ], [ 726974.104199999943376, 7021573.326100000180304 ], [ 727064.104199999943376, 7021627.326100000180304 ], [ 727154.104199999943376, 7021681.326100000180304 ], [ 727244.104199999943376, 7021735.326100000180304 ], [ 727334.104199999943376, 7021789.326100000180304 ], [ 727424.104199999943376, 7021843.326100000180304 ], [ 727514.104199999943376, 7021897.326100000180304 ], [ 727604.104199999943376, 7021951.326100000180304 ], [ 727694.104199999943376, 7022005.326100000180304 ], [ 727784.104199999943376, 7022059.326100000180304 ], [ 727874.104199999943376, 7022131.326100000180304 ], [ 727964.104199999943376, 7022185.326100000180304 ], [ 728054.104199999943376, 7022257.326100000180304 ], [ 728144.104199999943376, 7022329.326100000180304 ], [ 728234.104199999943376, 7022383.326100000180304 ], [ 728324.104199999943376, 7022437.326100000180304 ], [ 728414.104199999943376, 7022491.326100000180304 ], [ 728504.104199999943376, 7022545.326100000180304 ], [ 728594.104199999943376, 7022599.326100000180304 ], [ 728684.104199999943376, 7022653.326100000180304 ], [ 728774.104199999943376, 7022707.326100000180304 ], [ 728864.104199999943376, 7022761.326100000180304 ], [ 728954.104199999943376, 7022815.326100000180304 ], [ 729044.104199999943376, 7022869.326100000180304 ], [ 729134.104199999943376, 7022923.326100000180304 ], [ 729224.104199999943376, 7022977.326100000180304 ], [ 729314.104199999943376, 7023049.326100000180304 ], [ 729404.104199999943376, 7023103.326100000180304 ], [ 729494.104199999943376, 7023157.326100000180304 ], [ 729584.104199999943376, 7023229.326100000180304 ], [ 729674.104199999943376, 7023301.326100000180304 ], [ 729764.104199999943376, 7023373.326100000180304 ], [ 729854.104199999943376, 7023463.326100000180304 ], [ 729944.104199999943376, 7023553.326100000180304 ], [ 730034.104199999943376, 7023643.326100000180304 ], [ 730124.104199999943376, 7023733.326100000180304 ], [ 730304.104199999943376, 7023913.326100000180304 ] ] } },
{ "type": "Feature", "properties": { "river": "Rio_Benedito", "reach": "R1" }, "geometry": { "type": "LineString", "coordinates": [ [ 650474.104199999943376, 7043713.326100000180304 ], [ 650456.104199999943376, 7043533.326100000180304 ], [ 650492.104199999943376, 7043443.326100000180304 ], [ 650564.104199999943376, 7043353.326100000180304 ], [ 650654.104199999943376, 7043281.326100000180304 ], [ 650744.104199999943376, 7043245.326100000180304 ], [ 650834.104199999943376, 7043227.326100000180304 ], [ 650906.104199999943376, 7043209.326100000180304 ], [ 650960.104199999943376, 7043191.326100000180304 ], [ 651014.104199999943376, 7043155.326100000180304 ], [ 651068.104199999943376, 7043083.326100000180304 ], [ 651122.104199999943376, 7042993.326100000180304 ], [ 651176.104199999943376, 7042903.326100000180304 ], [ 651230.104199999943376, 7042813.326100000180304 ], [ 651266.104199999943376, 7042723.326100000180304 ], [ 651302.104199999943376, 7042633.326100000180304 ], [ 651320.104199999943376, 7042543.326100000180304 ], [ 651356.104199999943376, 7042453.326100000180304 ], [ 651410.104199999943376, 7042381.326100000180304 ], [ 651482.104199999943376, 7042327.326100000180304 ], [ 651554.104199999943376, 7042291.326100000180304 ], [ 651644.104199999943376, 7042273.326100000180304 ], [ 651734.104199999943376, 7042255.326100000180304 ], [ 651806.104199999943376, 7042219.326100000180304 ], [ 651860.104199999943376, 7042165.326100000180304 ], [ 651878.104199999943376, 7042093.326100000180304 ], [ 651878.104199999943376, 7042003.326100000180304 ], [ 651860.104199999943376, 7041913.326100000180304 ], [ 651860.104199999943376, 7041823.326100000180304 ], [ 651878.104199999943376, 7041751.326100000180304 ], [ 651914.104199999943376, 7041679.326100000180304 ], [ 651968.104199999943376, 7041607.326100000180304 ], [ 652040.104199999943376, 7041553.326100000180304 ], [ 652112.104199999943376, 7041499.326100000180304 ], [ 652184.104199999943376, 7041427.326100000180304 ], [ 652274.104199999943376, 7041355.326100000180304 ], [ 652346.104199999943376, 7041283.326100000180304 ], [ 652400.104199999943376, 7041193.326100000180304 ], [ 652418.104199999943376, 7041103.326100000180304 ], [ 652400.104199999943376, 7041031.326100000180304 ], [ 652364.104199999943376, 7040959.326100000180304 ], [ 652328.104199999943376, 7040887.326100000180304 ], [ 652292.104199999943376, 7040815.326100000180304 ], [ 652256.104199999943376, 7040743.326100000180304 ], [ 652238.104199999943376, 7040653.326100000180304 ], [ 652220.104199999943376, 7040563.326100000180304 ], [ 652202.104199999943376, 7040473.326100000180304 ], [ 652184.104199999943376, 7040383.326100000180304 ], [ 652202.104199999943376, 7040293.326100000180304 ], [ 652238.104199999943376, 7040203.326100000180304 ], [ 652292.104199999943376, 7040113.326100000180304 ], [ 652364.104199999943376, 7040023.326100000180304 ], [ 652436.104199999943376, 7039933.326100000180304 ], [ 652508.104199999943376, 7039861.326100000180304 ], [ 652580.104199999943376, 7039825.326100000180304 ], [ 652652.104199999943376, 7039825.326100000180304 ], [ 652724.104199999943376, 7039843.326100000180304 ], [ 652814.104199999943376, 7039897.326100000180304 ], [ 652904.104199999943376, 7039933.326100000180304 ], [ 652994.104199999943376, 7039933.326100000180304 ], [ 653084.104199999943376, 7039897.326100000180304 ], [ 653156.104199999943376, 7039843.326100000180304 ], [ 653228.104199999943376, 7039771.326100000180304 ], [ 653300.104199999943376, 7039699.326100000180304 ], [ 653372.104199999943376, 7039627.326100000180304 ], [ 653444.104199999943376, 7039573.326100000180304 ], [ 653534.104199999943376, 7039537.326100000180304 ], [ 653624.104199999943376, 7039501.326100000180304 ], [ 653714.104199999943376, 7039483.326100000180304 ], [ 653804.104199999943376, 7039501.326100000180304 ], [ 653894.104199999943376, 7039501.326100000180304 ], [ 653966.104199999943376, 7039483.326100000180304 ], [ 654038.104199999943376, 7039465.326100000180304 ], [ 654110.104199999943376, 7039447.326100000180304 ], [ 654182.104199999943376, 7039411.326100000180304 ], [ 654254.104199999943376, 7039393.326100000180304 ], [ 654344.104199999943376, 7039393.326100000180304 ], [ 654434.104199999943376, 7039375.326100000180304 ], [ 654524.104199999943376, 7039339.326100000180304 ], [ 654614.104199999943376, 7039285.326100000180304 ], [ 654704.104199999943376, 7039231.326100000180304 ], [ 654794.104199999943376, 7039159.326100000180304 ], [ 654866.104199999943376, 7039087.326100000180304 ], [ 654920.104199999943376, 7039015.326100000180304 ], [ 654974.104199999943376, 7038961.326100000180304 ], [ 655028.104199999943376, 7038889.326100000180304 ], [ 655082.104199999943376, 7038817.326100000180304 ], [ 655154.104199999943376, 7038745.326100000180304 ], [ 655226.104199999943376, 7038673.326100000180304 ], [ 655298.104199999943376, 7038583.326100000180304 ], [ 655370.104199999943376, 7038493.326100000180304 ], [ 655442.104199999943376, 7038421.326100000180304 ], [ 655514.104199999943376, 7038349.326100000180304 ], [ 655586.104199999943376, 7038277.326100000180304 ], [ 655640.104199999943376, 7038205.326100000180304 ], [ 655676.104199999943376, 7038133.326100000180304 ], [ 655694.104199999943376, 7038043.326100000180304 ], [ 655712.104199999943376, 7037953.326100000180304 ], [ 655748.104199999943376, 7037863.326100000180304 ], [ 655802.104199999943376, 7037773.326100000180304 ], [ 655874.104199999943376, 7037701.326100000180304 ], [ 655964.104199999943376, 7037647.326100000180304 ], [ 656054.104199999943376, 7037611.326100000180304 ], [ 656144.104199999943376, 7037593.326100000180304 ], [ 656234.104199999943376, 7037575.326100000180304 ], [ 656324.104199999943376, 7037539.326100000180304 ], [ 656396.104199999943376, 7037485.326100000180304 ], [ 656450.104199999943376, 7037413.326100000180304 ], [ 656468.104199999943376, 7037323.326100000180304 ], [ 656450.104199999943376, 7037233.326100000180304 ], [ 656396.104199999943376, 7037143.326100000180304 ], [ 656324.104199999943376, 7037071.326100000180304 ], [ 656234.104199999943376, 7037017.326100000180304 ], [ 656144.104199999943376, 7036981.326100000180304 ], [ 656054.104199999943376, 7036981.326100000180304 ], [ 655964.104199999943376, 7036981.326100000180304 ], [ 655874.104199999943376, 7036963.326100000180304 ], [ 655784.104199999943376, 7036927.326100000180304 ], [ 655730.104199999943376, 7036873.326100000180304 ], [ 655694.104199999943376, 7036783.326100000180304 ], [ 655676.104199999943376, 7036693.326100000180304 ], [ 655676.104199999943376, 7036603.326100000180304 ], [ 655712.104199999943376, 7036513.326100000180304 ], [ 655748.104199999943376, 7036423.326100000180304 ], [ 655802.104199999943376, 7036333.326100000180304 ], [ 655874.104199999943376, 7036261.326100000180304 ], [ 655964.104199999943376, 7036207.326100000180304 ], [ 656054.104199999943376, 7036189.326100000180304 ], [ 656144.104199999943376, 7036207.326100000180304 ], [ 656234.104199999943376, 7036243.326100000180304 ], [ 656324.104199999943376, 7036279.326100000180304 ], [ 656414.104199999943376, 7036297.326100000180304 ], [ 656504.104199999943376, 7036297.326100000180304 ], [ 656594.104199999943376, 7036297.326100000180304 ], [ 656684.104199999943376, 7036315.326100000180304 ], [ 656774.104199999943376, 7036351.326100000180304 ], [ 656864.104199999943376, 7036405.326100000180304 ], [ 656954.104199999943376, 7036459.326100000180304 ], [ 657044.104199999943376, 7036495.326100000180304 ], [ 657134.104199999943376, 7036513.326100000180304 ], [ 657224.104199999943376, 7036513.326100000180304 ], [ 657314.104199999943376, 7036531.326100000180304 ], [ 657386.104199999943376, 7036567.326100000180304 ], [ 657440.104199999943376, 7036621.326100000180304 ], [ 657476.104199999943376, 7036693.326100000180304 ], [ 657512.104199999943376, 7036783.326100000180304 ], [ 657530.104199999943376, 7036873.326100000180304 ], [ 657548.104199999943376, 7036963.326100000180304 ], [ 657584.104199999943376, 7037053.326100000180304 ], [ 657638.104199999943376, 7037125.326100000180304 ], [ 657692.104199999943376, 7037161.326100000180304 ], [ 657764.104199999943376, 7037179.326100000180304 ], [ 657854.104199999943376, 7037179.326100000180304 ], [ 657944.104199999943376, 7037179.326100000180304 ], [ 658016.104199999943376, 7037197.326100000180304 ], [ 658088.104199999943376, 7037251.326100000180304 ], [ 658160.104199999943376, 7037287.326100000180304 ], [ 658232.104199999943376, 7037323.326100000180304 ], [ 658304.104199999943376, 7037341.326100000180304 ], [ 658394.104199999943376, 7037341.326100000180304 ], [ 658484.104199999943376, 7037305.326100000180304 ], [ 658538.104199999943376, 7037269.326100000180304 ], [ 658574.104199999943376, 7037215.326100000180304 ], [ 658610.104199999943376, 7037143.326100000180304 ], [ 658646.104199999943376, 7037053.326100000180304 ], [ 658682.104199999943376, 7036963.326100000180304 ], [ 658754.104199999943376, 7036891.326100000180304 ], [ 658844.104199999943376, 7036819.326100000180304 ], [ 658934.104199999943376, 7036747.326100000180304 ], [ 659006.104199999943376, 7036675.326100000180304 ], [ 659078.104199999943376, 7036621.326100000180304 ], [ 659150.104199999943376, 7036567.326100000180304 ], [ 659222.104199999943376, 7036531.326100000180304 ], [ 659276.104199999943376, 7036531.326100000180304 ], [ 659330.104199999943376, 7036567.326100000180304 ], [ 659366.104199999943376, 7036621.326100000180304 ], [ 659402.104199999943376, 7036693.326100000180304 ], [ 659438.104199999943376, 7036783.326100000180304 ], [ 659492.104199999943376, 7036855.326100000180304 ], [ 659564.104199999943376, 7036909.326100000180304 ], [ 659654.104199999943376, 7036945.326100000180304 ], [ 659744.104199999943376, 7036945.326100000180304 ], [ 659834.104199999943376, 7036945.326100000180304 ], [ 659924.104199999943376, 7036945.326100000180304 ], [ 660014.104199999943376, 7036963.326100000180304 ], [ 660104.104199999943376, 7036999.326100000180304 ], [ 660194.104199999943376, 7037053.326100000180304 ], [ 660284.104199999943376, 7037071.326100000180304 ], [ 660374.104199999943376, 7037089.326100000180304 ], [ 660464.104199999943376, 7037071.326100000180304 ], [ 660554.104199999943376, 7037035.326100000180304 ], [ 660644.104199999943376, 7036999.326100000180304 ], [ 660734.104199999943376, 7036981.326100000180304 ], [ 660824.104199999943376, 7036963.326100000180304 ], [ 660914.104199999943376, 7036945.326100000180304 ], [ 660986.104199999943376, 7036909.326100000180304 ], [ 661058.104199999943376, 7036855.326100000180304 ], [ 661130.104199999943376, 7036783.326100000180304 ], [ 661202.104199999943376, 7036711.326100000180304 ], [ 661274.104199999943376, 7036639.326100000180304 ], [ 661364.104199999943376, 7036567.326100000180304 ], [ 661454.104199999943376, 7036531.326100000180304 ], [ 661544.104199999943376, 7036513.326100000180304 ], [ 661634.104199999943376, 7036513.326100000180304 ], [ 661724.104199999943376, 7036549.326100000180304 ], [ 661796.104199999943376, 7036621.326100000180304 ], [ 661832.104199999943376, 7036693.326100000180304 ], [ 661850.104199999943376, 7036783.326100000180304 ], [ 661850.104199999943376, 7036873.326100000180304 ], [ 661832.104199999943376, 7036963.326100000180304 ], [ 661814.104199999943376, 7037053.326100000180304 ], [ 661832.104199999943376, 7037143.326100000180304 ], [ 661868.104199999943376, 7037215.326100000180304 ], [ 661922.104199999943376, 7037269.326100000180304 ], [ 661994.104199999943376, 7037305.326100000180304 ], [ 662084.104199999943376, 7037323.326100000180304 ], [ 662174.104199999943376, 7037323.326100000180304 ], [ 662264.104199999943376, 7037323.326100000180304 ], [ 662336.104199999943376, 7037305.326100000180304 ], [ 662372.104199999943376, 7037269.326100000180304 ], [ 662390.104199999943376, 7037215.326100000180304 ], [ 662390.104199999943376, 7037143.326100000180304 ], [ 662372.104199999943376, 7037053.326100000180304 ], [ 662372.104199999943376, 7036963.326100000180304 ], [ 662390.104199999943376, 7036873.326100000180304 ], [ 662426.104199999943376, 7036783.326100000180304 ], [ 662462.104199999943376, 7036693.326100000180304 ], [ 662498.104199999943376, 7036603.326100000180304 ], [ 662516.104199999943376, 7036513.326100000180304 ], [ 662534.104199999943376, 7036423.326100000180304 ], [ 662516.104199999943376, 7036333.326100000180304 ], [ 662498.104199999943376, 7036243.326100000180304 ], [ 662498.104199999943376, 7036153.326100000180304 ], [ 662516.104199999943376, 7036063.326100000180304 ], [ 662552.104199999943376, 7035973.326100000180304 ], [ 662624.104199999943376, 7035883.326100000180304 ], [ 662696.104199999943376, 7035793.326100000180304 ], [ 662768.104199999943376, 7035703.326100000180304 ], [ 662822.104199999943376, 7035613.326100000180304 ], [ 662858.104199999943376, 7035523.326100000180304 ], [ 662858.104199999943376, 7035433.326100000180304 ], [ 662858.104199999943376, 7035343.326100000180304 ], [ 662840.104199999943376, 7035253.326100000180304 ], [ 662822.104199999943376, 7035163.326100000180304 ], [ 662822.104199999943376, 7035073.326100000180304 ], [ 662858.104199999943376, 7034983.326100000180304 ], [ 662894.104199999943376, 7034893.326100000180304 ], [ 662930.104199999943376, 7034803.326100000180304 ], [ 662966.104199999943376, 7034713.326100000180304 ], [ 663002.104199999943376, 7034623.326100000180304 ], [ 663020.104199999943376, 7034533.326100000180304 ], [ 663038.104199999943376, 7034443.326100000180304 ], [ 663074.104199999943376, 7034353.326100000180304 ], [ 663128.104199999943376, 7034263.326100000180304 ], [ 663182.104199999943376, 7034173.326100000180304 ], [ 663254.104199999943376, 7034083.326100000180304 ], [ 663344.104199999943376, 7033993.326100000180304 ], [ 663434.104199999943376, 7033903.326100000180304 ], [ 663506.104199999943376, 7033813.326100000180304 ], [ 663578.104199999943376, 7033723.326100000180304 ], [ 663632.104199999943376, 7033633.326100000180304 ], [ 663686.104199999943376, 7033561.326100000180304 ], [ 663740.104199999943376, 7033489.326100000180304 ], [ 663812.104199999943376, 7033417.326100000180304 ], [ 663884.104199999943376, 7033345.326100000180304 ], [ 663956.104199999943376, 7033273.326100000180304 ], [ 664028.104199999943376, 7033183.326100000180304 ], [ 664082.104199999943376, 7033093.326100000180304 ], [ 664136.104199999943376, 7033003.326100000180304 ], [ 664190.104199999943376, 7032913.326100000180304 ], [ 664244.104199999943376, 7032823.326100000180304 ], [ 664298.104199999943376, 7032733.326100000180304 ], [ 664370.104199999943376, 7032643.326100000180304 ], [ 664424.104199999943376, 7032553.326100000180304 ], [ 664478.104199999943376, 7032463.326100000180304 ], [ 664532.104199999943376, 7032373.326100000180304 ], [ 664586.104199999943376, 7032283.326100000180304 ], [ 664640.104199999943376, 7032211.326100000180304 ], [ 664712.104199999943376, 7032175.326100000180304 ], [ 664784.104199999943376, 7032157.326100000180304 ], [ 664874.104199999943376, 7032175.326100000180304 ], [ 664964.104199999943376, 7032193.326100000180304 ], [ 665054.104199999943376, 7032211.326100000180304 ], [ 665144.104199999943376, 7032211.326100000180304 ], [ 665234.104199999943376, 7032193.326100000180304 ], [ 665306.104199999943376, 7032139.326100000180304 ], [ 665360.104199999943376, 7032085.326100000180304 ], [ 665378.104199999943376, 7032013.326100000180304 ], [ 665378.104199999943376, 7031923.326100000180304 ], [ 665360.104199999943376, 7031833.326100000180304 ], [ 665360.104199999943376, 7031743.326100000180304 ], [ 665342.104199999943376, 7031653.326100000180304 ], [ 665342.104199999943376, 7031563.326100000180304 ], [ 665342.104199999943376, 7031473.326100000180304 ], [ 665360.104199999943376, 7031383.326100000180304 ], [ 665378.104199999943376, 7031311.326100000180304 ], [ 665432.104199999943376, 7031257.326100000180304 ], [ 665504.104199999943376, 7031203.326100000180304 ], [ 665594.104199999943376, 7031167.326100000180304 ], [ 665684.104199999943376, 7031149.326100000180304 ], [ 665774.104199999943376, 7031131.326100000180304 ], [ 665864.104199999943376, 7031095.326100000180304 ], [ 665954.104199999943376, 7031077.326100000180304 ], [ 666044.104199999943376, 7031059.326100000180304 ], [ 666134.104199999943376, 7031041.326100000180304 ], [ 666224.104199999943376, 7031041.326100000180304 ], [ 666314.104199999943376, 7031077.326100000180304 ], [ 666404.104199999943376, 7031113.326100000180304 ], [ 666494.104199999943376, 7031149.326100000180304 ], [ 666584.104199999943376, 7031203.326100000180304 ], [ 666674.104199999943376, 7031257.326100000180304 ], [ 666764.104199999943376, 7031311.326100000180304 ], [ 666836.104199999943376, 7031383.326100000180304 ], [ 666890.104199999943376, 7031473.326100000180304 ], [ 666926.104199999943376, 7031563.326100000180304 ], [ 666962.104199999943376, 7031653.326100000180304 ], [ 666998.104199999943376, 7031725.326100000180304 ], [ 667052.104199999943376, 7031761.326100000180304 ], [ 667106.104199999943376, 7031761.326100000180304 ], [ 667160.104199999943376, 7031725.326100000180304 ], [ 667214.104199999943376, 7031653.326100000180304 ], [ 667268.104199999943376, 7031563.326100000180304 ], [ 667322.104199999943376, 7031491.326100000180304 ], [ 667394.104199999943376, 7031455.326100000180304 ], [ 667484.104199999943376, 7031437.326100000180304 ], [ 667574.104199999943376, 7031455.326100000180304 ], [ 667664.104199999943376, 7031509.326100000180304 ], [ 667754.104199999943376, 7031563.326100000180304 ], [ 667844.104199999943376, 7031599.326100000180304 ], [ 667934.104199999943376, 7031635.326100000180304 ], [ 668024.104199999943376, 7031635.326100000180304 ], [ 668114.104199999943376, 7031617.326100000180304 ], [ 668204.104199999943376, 7031599.326100000180304 ], [ 668294.104199999943376, 7031581.326100000180304 ], [ 668384.104199999943376, 7031563.326100000180304 ], [ 668474.104199999943376, 7031545.326100000180304 ], [ 668564.104199999943376, 7031509.326100000180304 ], [ 668654.104199999943376, 7031473.326100000180304 ], [ 668744.104199999943376, 7031437.326100000180304 ], [ 668834.104199999943376, 7031419.326100000180304 ], [ 668924.104199999943376, 7031437.326100000180304 ], [ 669014.104199999943376, 7031491.326100000180304 ], [ 669104.104199999943376, 7031563.326100000180304 ], [ 669194.104199999943376, 7031635.326100000180304 ], [ 669284.104199999943376, 7031689.326100000180304 ], [ 669374.104199999943376, 7031743.326100000180304 ], [ 669464.104199999943376, 7031779.326100000180304 ], [ 669554.104199999943376, 7031797.326100000180304 ], [ 669644.104199999943376, 7031797.326100000180304 ], [ 669734.104199999943376, 7031797.326100000180304 ], [ 669824.104199999943376, 7031797.326100000180304 ], [ 669914.104199999943376, 7031815.326100000180304 ], [ 670004.104199999943376, 7031833.326100000180304 ], [ 670094.104199999943376, 7031869.326100000180304 ], [ 670184.104199999943376, 7031905.326100000180304 ], [ 670274.104199999943376, 7031941.326100000180304 ], [ 670364.104199999943376, 7031941.326100000180304 ], [ 670436.104199999943376, 7031923.326100000180304 ], [ 670490.104199999943376, 7031887.326100000180304 ], [ 670544.104199999943376, 7031833.326100000180304 ], [ 670598.104199999943376, 7031761.326100000180304 ], [ 670652.104199999943376, 7031725.326100000180304 ], [ 670724.104199999943376, 7031707.326100000180304 ], [ 670796.104199999943376, 7031689.326100000180304 ], [ 670868.104199999943376, 7031671.326100000180304 ], [ 670940.104199999943376, 7031653.326100000180304 ], [ 671012.104199999943376, 7031635.326100000180304 ], [ 671084.104199999943376, 7031599.326100000180304 ], [ 671174.104199999943376, 7031581.326100000180304 ], [ 671246.104199999943376, 7031563.326100000180304 ], [ 671318.104199999943376, 7031545.326100000180304 ], [ 671390.104199999943376, 7031491.326100000180304 ], [ 671462.104199999943376, 7031437.326100000180304 ], [ 671525.104199999943376, 7031374.326100000180304 ] ] } },
{ "type": "Feature", "properties": { "river": "Rio_Benedito", "reach": "R2" }, "geometry": { "type": "LineString", "coordinates": [ [ 671525.104199999943376, 7031374.326100000180304 ], [ 671534.104199999943376, 7031365.326100000180304 ], [ 671624.104199999943376, 7031293.326100000180304 ], [ 671714.104199999943376, 7031203.326100000180304 ], [ 671804.104199999943376, 7031131.326100000180304 ], [ 671894.104199999943376, 7031059.326100000180304 ], [ 671984.104199999943376, 7030987.326100000180304 ], [ 672056.104199999943376, 7030915.326100000180304 ], [ 672092.104199999943376, 7030843.326100000180304 ], [ 672092.104199999943376, 7030771.326100000180304 ], [ 672056.104199999943376, 7030699.326100000180304 ], [ 671984.104199999943376, 7030627.326100000180304 ], [ 671912.104199999943376, 7030555.326100000180304 ], [ 671858.104199999943376, 7030483.326100000180304 ], [ 671822.104199999943376, 7030393.326100000180304 ], [ 671804.104199999943376, 7030303.326100000180304 ], [ 671804.104199999943376, 7030213.326100000180304 ], [ 671804.104199999943376, 7030123.326100000180304 ], [ 671804.104199999943376, 7030033.326100000180304 ], [ 671804.104199999943376, 7029943.326100000180304 ], [ 671804.104199999943376, 7029853.326100000180304 ], [ 671786.104199999943376, 7029763.326100000180304 ], [ 671750.104199999943376, 7029673.326100000180304 ], [ 671696.104199999943376, 7029583.326100000180304 ], [ 671624.104199999943376, 7029493.326100000180304 ], [ 671552.104199999943376, 7029403.326100000180304 ], [ 671516.104199999943376, 7029313.326100000180304 ], [ 671516.104199999943376, 7029241.326100000180304 ], [ 671552.104199999943376, 7029169.326100000180304 ], [ 671624.104199999943376, 7029097.326100000180304 ], [ 671714.104199999943376, 7029043.326100000180304 ], [ 671804.104199999943376, 7029007.326100000180304 ], [ 671894.104199999943376, 7028971.326100000180304 ], [ 671984.104199999943376, 7028935.326100000180304 ], [ 672074.104199999943376, 7028899.326100000180304 ], [ 672146.104199999943376, 7028845.326100000180304 ], [ 672182.104199999943376, 7028773.326100000180304 ], [ 672200.104199999943376, 7028683.326100000180304 ], [ 672218.104199999943376, 7028593.326100000180304 ], [ 672236.104199999943376, 7028521.326100000180304 ], [ 672272.104199999943376, 7028449.326100000180304 ], [ 672344.104199999943376, 7028377.326100000180304 ], [ 672434.104199999943376, 7028305.326100000180304 ], [ 672524.104199999943376, 7028269.326100000180304 ], [ 672614.104199999943376, 7028251.326100000180304 ], [ 672704.104199999943376, 7028251.326100000180304 ], [ 672794.104199999943376, 7028251.326100000180304 ], [ 672884.104199999943376, 7028251.326100000180304 ], [ 672956.104199999943376, 7028215.326100000180304 ], [ 673010.104199999943376, 7028143.326100000180304 ], [ 673046.104199999943376, 7028053.326100000180304 ], [ 673064.104199999943376, 7027963.326100000180304 ], [ 673082.104199999943376, 7027873.326100000180304 ], [ 673100.104199999943376, 7027783.326100000180304 ], [ 673136.104199999943376, 7027693.326100000180304 ], [ 673172.104199999943376, 7027603.326100000180304 ], [ 673208.104199999943376, 7027513.326100000180304 ], [ 673226.104199999943376, 7027423.326100000180304 ], [ 673262.104199999943376, 7027333.326100000180304 ], [ 673280.104199999943376, 7027243.326100000180304 ], [ 673316.104199999943376, 7027153.326100000180304 ], [ 673352.104199999943376, 7027063.326100000180304 ], [ 673388.104199999943376, 7026973.326100000180304 ], [ 673406.104199999943376, 7026883.326100000180304 ], [ 673424.104199999943376, 7026793.326100000180304 ], [ 673424.104199999943376, 7026703.326100000180304 ], [ 673442.104199999943376, 7026613.326100000180304 ], [ 673478.104199999943376, 7026523.326100000180304 ], [ 673532.104199999943376, 7026451.326100000180304 ], [ 673604.104199999943376, 7026397.326100000180304 ], [ 673694.104199999943376, 7026361.326100000180304 ], [ 673784.104199999943376, 7026343.326100000180304 ], [ 673874.104199999943376, 7026325.326100000180304 ], [ 673964.104199999943376, 7026289.326100000180304 ], [ 674054.104199999943376, 7026235.326100000180304 ], [ 674144.104199999943376, 7026163.326100000180304 ], [ 674234.104199999943376, 7026091.326100000180304 ], [ 674324.104199999943376, 7026037.326100000180304 ], [ 674414.104199999943376, 7025983.326100000180304 ], [ 674504.104199999943376, 7025929.326100000180304 ], [ 674594.104199999943376, 7025893.326100000180304 ], [ 674666.104199999943376, 7025839.326100000180304 ], [ 674720.104199999943376, 7025767.326100000180304 ], [ 674774.104199999943376, 7025695.326100000180304 ], [ 674810.104199999943376, 7025623.326100000180304 ], [ 674828.104199999943376, 7025533.326100000180304 ], [ 674846.104199999943376, 7025443.326100000180304 ], [ 674864.104199999943376, 7025353.326100000180304 ], [ 674864.104199999943376, 7025263.326100000180304 ], [ 674864.104199999943376, 7025173.326100000180304 ], [ 674864.104199999943376, 7025083.326100000180304 ], [ 674882.104199999943376, 7024993.326100000180304 ], [ 674900.104199999943376, 7024903.326100000180304 ], [ 674936.104199999943376, 7024831.326100000180304 ], [ 674972.104199999943376, 7024759.326100000180304 ], [ 675026.104199999943376, 7024687.326100000180304 ], [ 675080.104199999943376, 7024615.326100000180304 ], [ 675152.104199999943376, 7024561.326100000180304 ], [ 675314.104199999943376, 7024453.326100000180304 ] ] } },
{ "type": "Feature", "properties": { "river": "Rio_dos_Cedros", "reach": "R1" }, "geometry": { "type": "LineString", "coordinates": [ [ 665054.104199999943376, 7050373.326100000180304 ], [ 665234.104199999943376, 7050301.326100000180304 ], [ 665324.104199999943376, 7050283.326100000180304 ], [ 665414.104199999943376, 7050265.326100000180304 ], [ 665504.104199999943376, 7050229.326100000180304 ], [ 665594.104199999943376, 7050193.326100000180304 ], [ 665684.104199999943376, 7050139.326100000180304 ], [ 665774.104199999943376, 7050067.326100000180304 ], [ 665846.104199999943376, 7049995.326100000180304 ], [ 665918.104199999943376, 7049923.326100000180304 ], [ 665990.104199999943376, 7049833.326100000180304 ], [ 666062.104199999943376, 7049743.326100000180304 ], [ 666116.104199999943376, 7049653.326100000180304 ], [ 666188.104199999943376, 7049563.326100000180304 ], [ 666260.104199999943376, 7049473.326100000180304 ], [ 666314.104199999943376, 7049383.326100000180304 ], [ 666350.104199999943376, 7049293.326100000180304 ], [ 666404.104199999943376, 7049203.326100000180304 ], [ 666458.104199999943376, 7049113.326100000180304 ], [ 666512.104199999943376, 7049041.326100000180304 ], [ 666584.104199999943376, 7048969.326100000180304 ], [ 666674.104199999943376, 7048915.326100000180304 ], [ 666764.104199999943376, 7048861.326100000180304 ], [ 666854.104199999943376, 7048825.326100000180304 ], [ 666944.104199999943376, 7048771.326100000180304 ], [ 667034.104199999943376, 7048735.326100000180304 ], [ 667106.104199999943376, 7048681.326100000180304 ], [ 667178.104199999943376, 7048627.326100000180304 ], [ 667232.104199999943376, 7048555.326100000180304 ], [ 667268.104199999943376, 7048483.326100000180304 ], [ 667304.104199999943376, 7048393.326100000180304 ], [ 667358.104199999943376, 7048303.326100000180304 ], [ 667412.104199999943376, 7048231.326100000180304 ], [ 667484.104199999943376, 7048177.326100000180304 ], [ 667574.104199999943376, 7048123.326100000180304 ], [ 667664.104199999943376, 7048069.326100000180304 ], [ 667736.104199999943376, 7048015.326100000180304 ], [ 667790.104199999943376, 7047943.326100000180304 ], [ 667826.104199999943376, 7047853.326100000180304 ], [ 667844.104199999943376, 7047763.326100000180304 ], [ 667844.104199999943376, 7047673.326100000180304 ], [ 667844.104199999943376, 7047583.326100000180304 ], [ 667844.104199999943376, 7047493.326100000180304 ], [ 667862.104199999943376, 7047403.326100000180304 ], [ 667898.104199999943376, 7047313.326100000180304 ], [ 667934.104199999943376, 7047223.326100000180304 ], [ 667970.104199999943376, 7047133.326100000180304 ], [ 668006.104199999943376, 7047043.326100000180304 ], [ 668042.104199999943376, 7046953.326100000180304 ], [ 668060.104199999943376, 7046863.326100000180304 ], [ 668078.104199999943376, 7046773.326100000180304 ], [ 668114.104199999943376, 7046683.326100000180304 ], [ 668168.104199999943376, 7046593.326100000180304 ], [ 668222.104199999943376, 7046521.326100000180304 ], [ 668294.104199999943376, 7046467.326100000180304 ], [ 668384.104199999943376, 7046413.326100000180304 ], [ 668474.104199999943376, 7046359.326100000180304 ], [ 668564.104199999943376, 7046323.326100000180304 ], [ 668654.104199999943376, 7046287.326100000180304 ], [ 668744.104199999943376, 7046251.326100000180304 ], [ 668834.104199999943376, 7046251.326100000180304 ], [ 668924.104199999943376, 7046269.326100000180304 ], [ 669014.104199999943376, 7046287.326100000180304 ], [ 669104.104199999943376, 7046287.326100000180304 ], [ 669176.104199999943376, 7046269.326100000180304 ], [ 669230.104199999943376, 7046215.326100000180304 ], [ 669284.104199999943376, 7046143.326100000180304 ], [ 669338.104199999943376, 7046071.326100000180304 ], [ 669392.104199999943376, 7045999.326100000180304 ], [ 669464.104199999943376, 7045927.326100000180304 ], [ 669554.104199999943376, 7045855.326100000180304 ], [ 669644.104199999943376, 7045801.326100000180304 ], [ 669734.104199999943376, 7045747.326100000180304 ], [ 669824.104199999943376, 7045693.326100000180304 ], [ 669914.104199999943376, 7045639.326100000180304 ], [ 670004.104199999943376, 7045603.326100000180304 ], [ 670094.104199999943376, 7045567.326100000180304 ], [ 670184.104199999943376, 7045531.326100000180304 ], [ 670274.104199999943376, 7045495.326100000180304 ], [ 670346.104199999943376, 7045459.326100000180304 ], [ 670400.104199999943376, 7045405.326100000180304 ], [ 670454.104199999943376, 7045333.326100000180304 ], [ 670472.104199999943376, 7045243.326100000180304 ], [ 670490.104199999943376, 7045153.326100000180304 ], [ 670526.104199999943376, 7045063.326100000180304 ], [ 670580.104199999943376, 7044991.326100000180304 ], [ 670634.104199999943376, 7044955.326100000180304 ], [ 670706.104199999943376, 7044955.326100000180304 ], [ 670778.104199999943376, 7044991.326100000180304 ], [ 670850.104199999943376, 7045063.326100000180304 ], [ 670922.104199999943376, 7045153.326100000180304 ], [ 670994.104199999943376, 7045225.326100000180304 ], [ 671084.104199999943376, 7045297.326100000180304 ], [ 671174.104199999943376, 7045351.326100000180304 ], [ 671264.104199999943376, 7045369.326100000180304 ], [ 671354.104199999943376, 7045369.326100000180304 ], [ 671444.104199999943376, 7045369.326100000180304 ], [ 671534.104199999943376, 7045333.326100000180304 ], [ 671624.104199999943376, 7045297.326100000180304 ], [ 671714.104199999943376, 7045279.326100000180304 ], [ 671804.104199999943376, 7045279.326100000180304 ], [ 671894.104199999943376, 7045297.326100000180304 ], [ 671984.104199999943376, 7045333.326100000180304 ], [ 672074.104199999943376, 7045351.326100000180304 ], [ 672164.104199999943376, 7045369.326100000180304 ], [ 672236.104199999943376, 7045351.326100000180304 ], [ 672290.104199999943376, 7045297.326100000180304 ], [ 672326.104199999943376, 7045225.326100000180304 ], [ 672344.104199999943376, 7045153.326100000180304 ], [ 672344.104199999943376, 7045063.326100000180304 ], [ 672344.104199999943376, 7044973.326100000180304 ], [ 672362.104199999943376, 7044883.326100000180304 ], [ 672398.104199999943376, 7044793.326100000180304 ], [ 672416.104199999943376, 7044703.326100000180304 ], [ 672416.104199999943376, 7044613.326100000180304 ], [ 672416.104199999943376, 7044523.326100000180304 ], [ 672398.104199999943376, 7044433.326100000180304 ], [ 672380.104199999943376, 7044343.326100000180304 ], [ 672380.104199999943376, 7044253.326100000180304 ], [ 672416.104199999943376, 7044163.326100000180304 ], [ 672470.104199999943376, 7044073.326100000180304 ], [ 672542.104199999943376, 7044001.326100000180304 ], [ 672614.104199999943376, 7043929.326100000180304 ], [ 672686.104199999943376, 7043857.326100000180304 ], [ 672758.104199999943376, 7043785.326100000180304 ], [ 672830.104199999943376, 7043731.326100000180304 ], [ 672902.104199999943376, 7043677.326100000180304 ], [ 672974.104199999943376, 7043641.326100000180304 ], [ 673046.104199999943376, 7043605.326100000180304 ], [ 673100.104199999943376, 7043569.326100000180304 ], [ 673154.104199999943376, 7043515.326100000180304 ], [ 673190.104199999943376, 7043443.326100000180304 ], [ 673208.104199999943376, 7043353.326100000180304 ], [ 673226.104199999943376, 7043263.326100000180304 ], [ 673244.104199999943376, 7043173.326100000180304 ], [ 673244.104199999943376, 7043083.326100000180304 ], [ 673244.104199999943376, 7042993.326100000180304 ], [ 673226.104199999943376, 7042903.326100000180304 ], [ 673190.104199999943376, 7042813.326100000180304 ], [ 673154.104199999943376, 7042723.326100000180304 ], [ 673100.104199999943376, 7042633.326100000180304 ], [ 673028.104199999943376, 7042543.326100000180304 ], [ 672956.104199999943376, 7042453.326100000180304 ], [ 672884.104199999943376, 7042363.326100000180304 ], [ 672812.104199999943376, 7042273.326100000180304 ], [ 672740.104199999943376, 7042183.326100000180304 ], [ 672668.104199999943376, 7042111.326100000180304 ], [ 672596.104199999943376, 7042039.326100000180304 ], [ 672542.104199999943376, 7041967.326100000180304 ], [ 672470.104199999943376, 7041895.326100000180304 ], [ 672416.104199999943376, 7041823.326100000180304 ], [ 672362.104199999943376, 7041733.326100000180304 ], [ 672308.104199999943376, 7041643.326100000180304 ], [ 672236.104199999943376, 7041553.326100000180304 ], [ 672164.104199999943376, 7041463.326100000180304 ], [ 672074.104199999943376, 7041373.326100000180304 ], [ 672020.104199999943376, 7041283.326100000180304 ], [ 672002.104199999943376, 7041193.326100000180304 ], [ 672020.104199999943376, 7041103.326100000180304 ], [ 672074.104199999943376, 7041013.326100000180304 ], [ 672128.104199999943376, 7040923.326100000180304 ], [ 672146.104199999943376, 7040833.326100000180304 ], [ 672146.104199999943376, 7040743.326100000180304 ], [ 672128.104199999943376, 7040653.326100000180304 ], [ 672092.104199999943376, 7040563.326100000180304 ], [ 672074.104199999943376, 7040473.326100000180304 ], [ 672074.104199999943376, 7040383.326100000180304 ], [ 672074.104199999943376, 7040293.326100000180304 ], [ 672074.104199999943376, 7040203.326100000180304 ], [ 672056.104199999943376, 7040113.326100000180304 ], [ 672020.104199999943376, 7040041.326100000180304 ], [ 671966.104199999943376, 7039969.326100000180304 ], [ 671912.104199999943376, 7039897.326100000180304 ], [ 671876.104199999943376, 7039825.326100000180304 ], [ 671858.104199999943376, 7039753.326100000180304 ], [ 671858.104199999943376, 7039663.326100000180304 ], [ 671876.104199999943376, 7039573.326100000180304 ], [ 671912.104199999943376, 7039483.326100000180304 ], [ 671930.104199999943376, 7039393.326100000180304 ], [ 671948.104199999943376, 7039303.326100000180304 ], [ 671948.104199999943376, 7039213.326100000180304 ], [ 671930.104199999943376, 7039123.326100000180304 ], [ 671912.104199999943376, 7039033.326100000180304 ], [ 671912.104199999943376, 7038961.326100000180304 ], [ 671930.104199999943376, 7038889.326100000180304 ], [ 671984.104199999943376, 7038817.326100000180304 ], [ 672074.104199999943376, 7038745.326100000180304 ], [ 672164.104199999943376, 7038673.326100000180304 ], [ 672236.104199999943376, 7038583.326100000180304 ], [ 672272.104199999943376, 7038493.326100000180304 ], [ 672290.104199999943376, 7038403.326100000180304 ], [ 672272.104199999943376, 7038313.326100000180304 ], [ 672236.104199999943376, 7038223.326100000180304 ], [ 672200.104199999943376, 7038133.326100000180304 ], [ 672182.104199999943376, 7038043.326100000180304 ], [ 672164.104199999943376, 7037953.326100000180304 ], [ 672146.104199999943376, 7037863.326100000180304 ], [ 672128.104199999943376, 7037773.326100000180304 ], [ 672110.104199999943376, 7037683.326100000180304 ], [ 672092.104199999943376, 7037593.326100000180304 ], [ 672074.104199999943376, 7037503.326100000180304 ], [ 672074.104199999943376, 7037413.326100000180304 ], [ 672074.104199999943376, 7037323.326100000180304 ], [ 672074.104199999943376, 7037233.326100000180304 ], [ 672092.104199999943376, 7037143.326100000180304 ], [ 672110.104199999943376, 7037053.326100000180304 ], [ 672146.104199999943376, 7036963.326100000180304 ], [ 672182.104199999943376, 7036873.326100000180304 ], [ 672200.104199999943376, 7036783.326100000180304 ], [ 672182.104199999943376, 7036693.326100000180304 ], [ 672146.104199999943376, 7036603.326100000180304 ], [ 672074.104199999943376, 7036513.326100000180304 ], [ 672020.104199999943376, 7036423.326100000180304 ], [ 672002.104199999943376, 7036333.326100000180304 ], [ 671984.104199999943376, 7036243.326100000180304 ], [ 671966.104199999943376, 7036153.326100000180304 ], [ 671948.104199999943376, 7036063.326100000180304 ], [ 671894.104199999943376, 7035973.326100000180304 ], [ 671822.104199999943376, 7035883.326100000180304 ], [ 671768.104199999943376, 7035793.326100000180304 ], [ 671750.104199999943376, 7035703.326100000180304 ], [ 671768.104199999943376, 7035613.326100000180304 ], [ 671804.104199999943376, 7035523.326100000180304 ], [ 671840.104199999943376, 7035433.326100000180304 ], [ 671876.104199999943376, 7035343.326100000180304 ], [ 671876.104199999943376, 7035253.326100000180304 ], [ 671840.104199999943376, 7035163.326100000180304 ], [ 671786.104199999943376, 7035073.326100000180304 ], [ 671714.104199999943376, 7035001.326100000180304 ], [ 671624.104199999943376, 7034929.326100000180304 ], [ 671534.104199999943376, 7034857.326100000180304 ], [ 671462.104199999943376, 7034785.326100000180304 ], [ 671408.104199999943376, 7034713.326100000180304 ], [ 671390.104199999943376, 7034623.326100000180304 ], [ 671390.104199999943376, 7034533.326100000180304 ], [ 671408.104199999943376, 7034443.326100000180304 ], [ 671408.104199999943376, 7034353.326100000180304 ], [ 671390.104199999943376, 7034281.326100000180304 ], [ 671336.104199999943376, 7034227.326100000180304 ], [ 671264.104199999943376, 7034173.326100000180304 ], [ 671174.104199999943376, 7034137.326100000180304 ], [ 671084.104199999943376, 7034101.326100000180304 ], [ 670994.104199999943376, 7034047.326100000180304 ], [ 670922.104199999943376, 7033975.326100000180304 ], [ 670886.104199999943376, 7033903.326100000180304 ], [ 670886.104199999943376, 7033831.326100000180304 ], [ 670922.104199999943376, 7033759.326100000180304 ], [ 670994.104199999943376, 7033687.326100000180304 ], [ 671084.104199999943376, 7033615.326100000180304 ], [ 671174.104199999943376, 7033543.326100000180304 ], [ 671264.104199999943376, 7033453.326100000180304 ], [ 671336.104199999943376, 7033363.326100000180304 ], [ 671390.104199999943376, 7033273.326100000180304 ], [ 671426.104199999943376, 7033183.326100000180304 ], [ 671444.104199999943376, 7033093.326100000180304 ], [ 671444.104199999943376, 7033003.326100000180304 ], [ 671426.104199999943376, 7032913.326100000180304 ], [ 671408.104199999943376, 7032823.326100000180304 ], [ 671408.104199999943376, 7032733.326100000180304 ], [ 671426.104199999943376, 7032643.326100000180304 ], [ 671462.104199999943376, 7032571.326100000180304 ], [ 671534.104199999943376, 7032517.326100000180304 ], [ 671624.104199999943376, 7032463.326100000180304 ], [ 671678.104199999943376, 7032409.326100000180304 ], [ 671696.104199999943376, 7032373.326100000180304 ], [ 671678.104199999943376, 7032319.326100000180304 ], [ 671642.104199999943376, 7032247.326100000180304 ], [ 671588.104199999943376, 7032175.326100000180304 ], [ 671552.104199999943376, 7032103.326100000180304 ], [ 671534.104199999943376, 7032013.326100000180304 ], [ 671534.104199999943376, 7031923.326100000180304 ], [ 671534.104199999943376, 7031833.326100000180304 ], [ 671534.104199999943376, 7031743.326100000180304 ], [ 671534.104199999943376, 7031653.326100000180304 ], [ 671534.104199999943376, 7031563.326100000180304 ], [ 671534.104199999943376, 7031383.326100000180304 ] ] } },
{ "type": "Feature", "properties": { "river": "Rio_Trombudo", "reach": "R1" }, "geometry": { "type": "LineString", "coordinates": [ [ 615734.104199999943376, 6969013.326100000180304 ], [ 615716.104199999943376, 6969193.326100000180304 ], [ 615698.104199999943376, 6969283.326100000180304 ], [ 615680.104199999943376, 6969373.326100000180304 ], [ 615662.104199999943376, 6969463.326100000180304 ], [ 615662.104199999943376, 6969553.326100000180304 ], [ 615698.104199999943376, 6969643.326100000180304 ], [ 615734.104199999943376, 6969733.326100000180304 ], [ 615770.104199999943376, 6969823.326100000180304 ], [ 615824.104199999943376, 6969913.326100000180304 ], [ 615842.104199999943376, 6970003.326100000180304 ], [ 615842.104199999943376, 6970093.326100000180304 ], [ 615842.104199999943376, 6970183.326100000180304 ], [ 615860.104199999943376, 6970255.326100000180304 ], [ 615878.104199999943376, 6970327.326100000180304 ], [ 615914.104199999943376, 6970399.326100000180304 ], [ 615950.104199999943376, 6970471.326100000180304 ], [ 616004.104199999943376, 6970543.326100000180304 ], [ 616058.104199999943376, 6970633.326100000180304 ], [ 616112.104199999943376, 6970723.326100000180304 ], [ 616148.104199999943376, 6970813.326100000180304 ], [ 616184.104199999943376, 6970903.326100000180304 ], [ 616184.104199999943376, 6970993.326100000180304 ], [ 616184.104199999943376, 6971083.326100000180304 ], [ 616166.104199999943376, 6971173.326100000180304 ], [ 616166.104199999943376, 6971263.326100000180304 ], [ 616166.104199999943376, 6971353.326100000180304 ], [ 616184.104199999943376, 6971443.326100000180304 ], [ 616184.104199999943376, 6971533.326100000180304 ], [ 616184.104199999943376, 6971623.326100000180304 ], [ 616184.104199999943376, 6971713.326100000180304 ], [ 616184.104199999943376, 6971803.326100000180304 ], [ 616184.104199999943376, 6971893.326100000180304 ], [ 616184.104199999943376, 6971983.326100000180304 ], [ 616202.104199999943376, 6972073.326100000180304 ], [ 616238.104199999943376, 6972163.326100000180304 ], [ 616292.104199999943376, 6972253.326100000180304 ], [ 616364.104199999943376, 6972343.326100000180304 ], [ 616454.104199999943376, 6972433.326100000180304 ], [ 616544.104199999943376, 6972523.326100000180304 ], [ 616634.104199999943376, 6972613.326100000180304 ], [ 616724.104199999943376, 6972703.326100000180304 ], [ 616814.104199999943376, 6972793.326100000180304 ], [ 616904.104199999943376, 6972883.326100000180304 ], [ 616958.104199999943376, 6972973.326100000180304 ], [ 616994.104199999943376, 6973063.326100000180304 ], [ 616994.104199999943376, 6973153.326100000180304 ], [ 616976.104199999943376, 6973243.326100000180304 ], [ 616958.104199999943376, 6973333.326100000180304 ], [ 616976.104199999943376, 6973423.326100000180304 ], [ 617012.104199999943376, 6973495.326100000180304 ], [ 617066.104199999943376, 6973567.326100000180304 ], [ 617120.104199999943376, 6973639.326100000180304 ], [ 617174.104199999943376, 6973711.326100000180304 ], [ 617228.104199999943376, 6973783.326100000180304 ], [ 617282.104199999943376, 6973873.326100000180304 ], [ 617354.104199999943376, 6973963.326100000180304 ], [ 617426.104199999943376, 6974053.326100000180304 ], [ 617498.104199999943376, 6974143.326100000180304 ], [ 617552.104199999943376, 6974233.326100000180304 ], [ 617588.104199999943376, 6974323.326100000180304 ], [ 617624.104199999943376, 6974413.326100000180304 ], [ 617678.104199999943376, 6974503.326100000180304 ], [ 617732.104199999943376, 6974593.326100000180304 ], [ 617786.104199999943376, 6974683.326100000180304 ], [ 617822.104199999943376, 6974773.326100000180304 ], [ 617822.104199999943376, 6974863.326100000180304 ], [ 617804.104199999943376, 6974953.326100000180304 ], [ 617786.104199999943376, 6975043.326100000180304 ], [ 617786.104199999943376, 6975115.326100000180304 ], [ 617822.104199999943376, 6975151.326100000180304 ], [ 617894.104199999943376, 6975187.326100000180304 ], [ 617984.104199999943376, 6975205.326100000180304 ], [ 618056.104199999943376, 6975223.326100000180304 ], [ 618128.104199999943376, 6975259.326100000180304 ], [ 618182.104199999943376, 6975331.326100000180304 ], [ 618218.104199999943376, 6975403.326100000180304 ], [ 618236.104199999943376, 6975493.326100000180304 ], [ 618254.104199999943376, 6975583.326100000180304 ], [ 618272.104199999943376, 6975673.326100000180304 ], [ 618308.104199999943376, 6975763.326100000180304 ], [ 618362.104199999943376, 6975853.326100000180304 ], [ 618434.104199999943376, 6975943.326100000180304 ], [ 618506.104199999943376, 6976033.326100000180304 ], [ 618560.104199999943376, 6976123.326100000180304 ], [ 618596.104199999943376, 6976213.326100000180304 ], [ 618614.104199999943376, 6976303.326100000180304 ], [ 618614.104199999943376, 6976393.326100000180304 ], [ 618614.104199999943376, 6976483.326100000180304 ], [ 618614.104199999943376, 6976573.326100000180304 ], [ 618614.104199999943376, 6976663.326100000180304 ], [ 618614.104199999943376, 6976753.326100000180304 ], [ 618614.104199999943376, 6976843.326100000180304 ], [ 618614.104199999943376, 6976933.326100000180304 ], [ 618614.104199999943376, 6977023.326100000180304 ], [ 618632.104199999943376, 6977113.326100000180304 ], [ 618668.104199999943376, 6977203.326100000180304 ], [ 618704.104199999943376, 6977293.326100000180304 ], [ 618758.104199999943376, 6977383.326100000180304 ], [ 618812.104199999943376, 6977473.326100000180304 ], [ 618848.104199999943376, 6977563.326100000180304 ], [ 618866.104199999943376, 6977653.326100000180304 ], [ 618884.104199999943376, 6977743.326100000180304 ], [ 618884.104199999943376, 6977833.326100000180304 ], [ 618902.104199999943376, 6977923.326100000180304 ], [ 618920.104199999943376, 6978013.326100000180304 ], [ 618938.104199999943376, 6978103.326100000180304 ], [ 618956.104199999943376, 6978193.326100000180304 ], [ 618974.104199999943376, 6978283.326100000180304 ], [ 618992.104199999943376, 6978373.326100000180304 ], [ 619010.104199999943376, 6978463.326100000180304 ], [ 619046.104199999943376, 6978553.326100000180304 ], [ 619082.104199999943376, 6978643.326100000180304 ], [ 619118.104199999943376, 6978733.326100000180304 ], [ 619154.104199999943376, 6978805.326100000180304 ], [ 619208.104199999943376, 6978877.326100000180304 ], [ 619244.104199999943376, 6978949.326100000180304 ], [ 619280.104199999943376, 6979021.326100000180304 ], [ 619316.104199999943376, 6979093.326100000180304 ], [ 619352.104199999943376, 6979183.326100000180304 ], [ 619370.104199999943376, 6979273.326100000180304 ], [ 619406.104199999943376, 6979363.326100000180304 ], [ 619442.104199999943376, 6979453.326100000180304 ], [ 619496.104199999943376, 6979543.326100000180304 ], [ 619550.104199999943376, 6979633.326100000180304 ], [ 619622.104199999943376, 6979705.326100000180304 ], [ 619694.104199999943376, 6979759.326100000180304 ], [ 619784.104199999943376, 6979795.326100000180304 ], [ 619874.104199999943376, 6979831.326100000180304 ], [ 619964.104199999943376, 6979867.326100000180304 ], [ 620036.104199999943376, 6979921.326100000180304 ], [ 620108.104199999943376, 6979993.326100000180304 ], [ 620180.104199999943376, 6980083.326100000180304 ], [ 620252.104199999943376, 6980173.326100000180304 ], [ 620324.104199999943376, 6980263.326100000180304 ], [ 620414.104199999943376, 6980353.326100000180304 ], [ 620486.104199999943376, 6980443.326100000180304 ], [ 620540.104199999943376, 6980533.326100000180304 ], [ 620576.104199999943376, 6980623.326100000180304 ], [ 620594.104199999943376, 6980713.326100000180304 ], [ 620612.104199999943376, 6980803.326100000180304 ], [ 620648.104199999943376, 6980875.326100000180304 ], [ 620702.104199999943376, 6980911.326100000180304 ], [ 620774.104199999943376, 6980911.326100000180304 ], [ 620864.104199999943376, 6980875.326100000180304 ], [ 620954.104199999943376, 6980821.326100000180304 ], [ 621044.104199999943376, 6980767.326100000180304 ], [ 621134.104199999943376, 6980731.326100000180304 ], [ 621224.104199999943376, 6980713.326100000180304 ], [ 621314.104199999943376, 6980713.326100000180304 ], [ 621404.104199999943376, 6980731.326100000180304 ], [ 621494.104199999943376, 6980749.326100000180304 ], [ 621584.104199999943376, 6980785.326100000180304 ], [ 621674.104199999943376, 6980821.326100000180304 ], [ 621764.104199999943376, 6980857.326100000180304 ], [ 621854.104199999943376, 6980875.326100000180304 ], [ 621944.104199999943376, 6980911.326100000180304 ], [ 622034.104199999943376, 6980947.326100000180304 ], [ 622124.104199999943376, 6981001.326100000180304 ], [ 622214.104199999943376, 6981073.326100000180304 ], [ 622304.104199999943376, 6981145.326100000180304 ], [ 622394.104199999943376, 6981181.326100000180304 ], [ 622484.104199999943376, 6981217.326100000180304 ], [ 622556.104199999943376, 6981253.326100000180304 ], [ 622610.104199999943376, 6981289.326100000180304 ], [ 622646.104199999943376, 6981343.326100000180304 ], [ 622646.104199999943376, 6981433.326100000180304 ], [ 622646.104199999943376, 6981523.326100000180304 ], [ 622664.104199999943376, 6981595.326100000180304 ], [ 622700.104199999943376, 6981667.326100000180304 ], [ 622754.104199999943376, 6981739.326100000180304 ], [ 622844.104199999943376, 6981811.326100000180304 ], [ 622934.104199999943376, 6981847.326100000180304 ], [ 623006.104199999943376, 6981865.326100000180304 ], [ 623078.104199999943376, 6981847.326100000180304 ], [ 623150.104199999943376, 6981811.326100000180304 ], [ 623222.104199999943376, 6981775.326100000180304 ], [ 623276.104199999943376, 6981775.326100000180304 ], [ 623330.104199999943376, 6981811.326100000180304 ], [ 623384.104199999943376, 6981883.326100000180304 ], [ 623438.104199999943376, 6981973.326100000180304 ], [ 623492.104199999943376, 6982063.326100000180304 ], [ 623564.104199999943376, 6982153.326100000180304 ], [ 623654.104199999943376, 6982225.326100000180304 ], [ 623744.104199999943376, 6982297.326100000180304 ], [ 623834.104199999943376, 6982351.326100000180304 ], [ 623924.104199999943376, 6982405.326100000180304 ], [ 624014.104199999943376, 6982441.326100000180304 ], [ 624104.104199999943376, 6982459.326100000180304 ], [ 624194.104199999943376, 6982441.326100000180304 ], [ 624284.104199999943376, 6982405.326100000180304 ], [ 624356.104199999943376, 6982333.326100000180304 ], [ 624428.104199999943376, 6982243.326100000180304 ], [ 624500.104199999943376, 6982153.326100000180304 ], [ 624572.104199999943376, 6982081.326100000180304 ], [ 624644.104199999943376, 6982027.326100000180304 ], [ 624734.104199999943376, 6982009.326100000180304 ], [ 624806.104199999943376, 6982027.326100000180304 ], [ 624860.104199999943376, 6982081.326100000180304 ], [ 624914.104199999943376, 6982153.326100000180304 ], [ 624950.104199999943376, 6982243.326100000180304 ], [ 624986.104199999943376, 6982333.326100000180304 ], [ 625040.104199999943376, 6982405.326100000180304 ], [ 625094.104199999943376, 6982477.326100000180304 ], [ 625148.104199999943376, 6982531.326100000180304 ], [ 625220.104199999943376, 6982549.326100000180304 ], [ 625292.104199999943376, 6982549.326100000180304 ], [ 625364.104199999943376, 6982567.326100000180304 ], [ 625454.104199999943376, 6982567.326100000180304 ], [ 625544.104199999943376, 6982585.326100000180304 ], [ 625634.104199999943376, 6982639.326100000180304 ], [ 625724.104199999943376, 6982711.326100000180304 ], [ 625814.104199999943376, 6982783.326100000180304 ], [ 625904.104199999943376, 6982873.326100000180304 ], [ 625976.104199999943376, 6982963.326100000180304 ], [ 626030.104199999943376, 6983053.326100000180304 ], [ 626084.104199999943376, 6983143.326100000180304 ], [ 626138.104199999943376, 6983233.326100000180304 ], [ 626192.104199999943376, 6983305.326100000180304 ], [ 626264.104199999943376, 6983377.326100000180304 ], [ 626336.104199999943376, 6983449.326100000180304 ], [ 626408.104199999943376, 6983521.326100000180304 ], [ 626480.104199999943376, 6983593.326100000180304 ], [ 626552.104199999943376, 6983683.326100000180304 ], [ 626624.104199999943376, 6983773.326100000180304 ], [ 626714.104199999943376, 6983863.326100000180304 ], [ 626804.104199999943376, 6983953.326100000180304 ], [ 626894.104199999943376, 6984025.326100000180304 ], [ 626984.104199999943376, 6984079.326100000180304 ], [ 627074.104199999943376, 6984115.326100000180304 ], [ 627164.104199999943376, 6984151.326100000180304 ], [ 627254.104199999943376, 6984187.326100000180304 ], [ 627344.104199999943376, 6984241.326100000180304 ], [ 627434.104199999943376, 6984295.326100000180304 ], [ 627524.104199999943376, 6984349.326100000180304 ], [ 627614.104199999943376, 6984385.326100000180304 ], [ 627704.104199999943376, 6984403.326100000180304 ], [ 627794.104199999943376, 6984403.326100000180304 ], [ 627884.104199999943376, 6984421.326100000180304 ], [ 627974.104199999943376, 6984457.326100000180304 ], [ 628064.104199999943376, 6984493.326100000180304 ], [ 628154.104199999943376, 6984529.326100000180304 ], [ 628244.104199999943376, 6984565.326100000180304 ], [ 628334.104199999943376, 6984583.326100000180304 ], [ 628424.104199999943376, 6984583.326100000180304 ], [ 628514.104199999943376, 6984601.326100000180304 ], [ 628604.104199999943376, 6984619.326100000180304 ], [ 628694.104199999943376, 6984655.326100000180304 ], [ 628784.104199999943376, 6984709.326100000180304 ], [ 628874.104199999943376, 6984781.326100000180304 ], [ 628964.104199999943376, 6984853.326100000180304 ], [ 629054.104199999943376, 6984943.326100000180304 ], [ 629144.104199999943376, 6985033.326100000180304 ], [ 629234.104199999943376, 6985123.326100000180304 ], [ 629324.104199999943376, 6985195.326100000180304 ], [ 629414.104199999943376, 6985249.326100000180304 ], [ 629504.104199999943376, 6985303.326100000180304 ], [ 629594.104199999943376, 6985357.326100000180304 ], [ 629774.104199999943376, 6985483.326100000180304 ] ] } },
{ "type": "Feature", "properties": { "river": "Rio_Iraputa", "reach": "R1" }, "geometry": { "type": "LineString", "coordinates": [ [ 586574.104199999943376, 7052893.326100000180304 ], [ 586754.104199999943376, 7052785.326100000180304 ], [ 586826.104199999943376, 7052785.326100000180304 ], [ 586880.104199999943376, 7052821.326100000180304 ], [ 586916.104199999943376, 7052893.326100000180304 ], [ 586952.104199999943376, 7052983.326100000180304 ], [ 586988.104199999943376, 7053073.326100000180304 ], [ 587042.104199999943376, 7053163.326100000180304 ], [ 587114.104199999943376, 7053253.326100000180304 ], [ 587186.104199999943376, 7053343.326100000180304 ], [ 587240.104199999943376, 7053433.326100000180304 ], [ 587276.104199999943376, 7053523.326100000180304 ], [ 587294.104199999943376, 7053613.326100000180304 ], [ 587312.104199999943376, 7053703.326100000180304 ], [ 587330.104199999943376, 7053793.326100000180304 ], [ 587366.104199999943376, 7053883.326100000180304 ], [ 587420.104199999943376, 7053973.326100000180304 ], [ 587492.104199999943376, 7054063.326100000180304 ], [ 587564.104199999943376, 7054135.326100000180304 ], [ 587654.104199999943376, 7054171.326100000180304 ], [ 587744.104199999943376, 7054171.326100000180304 ], [ 587816.104199999943376, 7054135.326100000180304 ], [ 587852.104199999943376, 7054063.326100000180304 ], [ 587870.104199999943376, 7053973.326100000180304 ], [ 587888.104199999943376, 7053883.326100000180304 ], [ 587906.104199999943376, 7053793.326100000180304 ], [ 587942.104199999943376, 7053721.326100000180304 ], [ 588014.104199999943376, 7053667.326100000180304 ], [ 588104.104199999943376, 7053649.326100000180304 ], [ 588194.104199999943376, 7053667.326100000180304 ], [ 588284.104199999943376, 7053721.326100000180304 ], [ 588356.104199999943376, 7053793.326100000180304 ], [ 588410.104199999943376, 7053883.326100000180304 ], [ 588446.104199999943376, 7053973.326100000180304 ], [ 588446.104199999943376, 7054063.326100000180304 ], [ 588410.104199999943376, 7054153.326100000180304 ], [ 588356.104199999943376, 7054225.326100000180304 ], [ 588284.104199999943376, 7054297.326100000180304 ], [ 588212.104199999943376, 7054369.326100000180304 ], [ 588158.104199999943376, 7054441.326100000180304 ], [ 588122.104199999943376, 7054513.326100000180304 ], [ 588122.104199999943376, 7054603.326100000180304 ], [ 588158.104199999943376, 7054675.326100000180304 ], [ 588212.104199999943376, 7054729.326100000180304 ], [ 588284.104199999943376, 7054783.326100000180304 ], [ 588356.104199999943376, 7054837.326100000180304 ], [ 588410.104199999943376, 7054891.326100000180304 ], [ 588428.104199999943376, 7054963.326100000180304 ], [ 588428.104199999943376, 7055053.326100000180304 ], [ 588392.104199999943376, 7055143.326100000180304 ], [ 588356.104199999943376, 7055233.326100000180304 ], [ 588320.104199999943376, 7055323.326100000180304 ], [ 588284.104199999943376, 7055413.326100000180304 ], [ 588230.104199999943376, 7055485.326100000180304 ], [ 588176.104199999943376, 7055539.326100000180304 ], [ 588104.104199999943376, 7055575.326100000180304 ], [ 588014.104199999943376, 7055593.326100000180304 ], [ 587924.104199999943376, 7055593.326100000180304 ], [ 587834.104199999943376, 7055593.326100000180304 ], [ 587744.104199999943376, 7055611.326100000180304 ], [ 587654.104199999943376, 7055647.326100000180304 ], [ 587564.104199999943376, 7055701.326100000180304 ], [ 587474.104199999943376, 7055773.326100000180304 ], [ 587420.104199999943376, 7055863.326100000180304 ], [ 587402.104199999943376, 7055953.326100000180304 ], [ 587384.104199999943376, 7056043.326100000180304 ], [ 587366.104199999943376, 7056115.326100000180304 ], [ 587348.104199999943376, 7056169.326100000180304 ], [ 587294.104199999943376, 7056205.326100000180304 ], [ 587204.104199999943376, 7056241.326100000180304 ], [ 587114.104199999943376, 7056277.326100000180304 ], [ 587042.104199999943376, 7056331.326100000180304 ], [ 586970.104199999943376, 7056403.326100000180304 ], [ 586916.104199999943376, 7056493.326100000180304 ], [ 586898.104199999943376, 7056583.326100000180304 ], [ 586916.104199999943376, 7056655.326100000180304 ], [ 586952.104199999943376, 7056727.326100000180304 ], [ 587024.104199999943376, 7056799.326100000180304 ], [ 587114.104199999943376, 7056871.326100000180304 ], [ 587168.104199999943376, 7056943.326100000180304 ], [ 587186.104199999943376, 7057015.326100000180304 ], [ 587168.104199999943376, 7057069.326100000180304 ], [ 587114.104199999943376, 7057105.326100000180304 ], [ 587024.104199999943376, 7057141.326100000180304 ], [ 586934.104199999943376, 7057177.326100000180304 ], [ 586862.104199999943376, 7057231.326100000180304 ], [ 586808.104199999943376, 7057303.326100000180304 ], [ 586772.104199999943376, 7057393.326100000180304 ], [ 586754.104199999943376, 7057483.326100000180304 ], [ 586754.104199999943376, 7057573.326100000180304 ], [ 586736.104199999943376, 7057663.326100000180304 ], [ 586700.104199999943376, 7057753.326100000180304 ], [ 586664.104199999943376, 7057843.326100000180304 ], [ 586628.104199999943376, 7057933.326100000180304 ], [ 586592.104199999943376, 7058023.326100000180304 ], [ 586574.104199999943376, 7058113.326100000180304 ], [ 586574.104199999943376, 7058203.326100000180304 ], [ 586574.104199999943376, 7058293.326100000180304 ], [ 586574.104199999943376, 7058383.326100000180304 ], [ 586574.104199999943376, 7058473.326100000180304 ], [ 586574.104199999943376, 7058563.326100000180304 ], [ 586574.104199999943376, 7058653.326100000180304 ], [ 586574.104199999943376, 7058743.326100000180304 ], [ 586592.104199999943376, 7058833.326100000180304 ], [ 586628.104199999943376, 7058905.326100000180304 ], [ 586682.104199999943376, 7058959.326100000180304 ], [ 586754.104199999943376, 7058995.326100000180304 ], [ 586844.104199999943376, 7059031.326100000180304 ], [ 586934.104199999943376, 7059067.326100000180304 ], [ 587006.104199999943376, 7059121.326100000180304 ], [ 587060.104199999943376, 7059193.326100000180304 ], [ 587078.104199999943376, 7059283.326100000180304 ], [ 587078.104199999943376, 7059373.326100000180304 ], [ 587042.104199999943376, 7059463.326100000180304 ], [ 586988.104199999943376, 7059553.326100000180304 ], [ 586916.104199999943376, 7059643.326100000180304 ], [ 586844.104199999943376, 7059733.326100000180304 ], [ 586754.104199999943376, 7059823.326100000180304 ], [ 586664.104199999943376, 7059913.326100000180304 ], [ 586610.104199999943376, 7060003.326100000180304 ], [ 586592.104199999943376, 7060075.326100000180304 ], [ 586610.104199999943376, 7060147.326100000180304 ], [ 586664.104199999943376, 7060201.326100000180304 ], [ 586754.104199999943376, 7060237.326100000180304 ], [ 586844.104199999943376, 7060255.326100000180304 ], [ 586934.104199999943376, 7060291.326100000180304 ], [ 587024.104199999943376, 7060327.326100000180304 ], [ 587096.104199999943376, 7060381.326100000180304 ], [ 587168.104199999943376, 7060453.326100000180304 ], [ 587222.104199999943376, 7060543.326100000180304 ], [ 587276.104199999943376, 7060633.326100000180304 ], [ 587312.104199999943376, 7060723.326100000180304 ], [ 587348.104199999943376, 7060813.326100000180304 ], [ 587366.104199999943376, 7060903.326100000180304 ], [ 587402.104199999943376, 7060993.326100000180304 ], [ 587438.104199999943376, 7061083.326100000180304 ], [ 587492.104199999943376, 7061173.326100000180304 ], [ 587564.104199999943376, 7061263.326100000180304 ], [ 587636.104199999943376, 7061353.326100000180304 ], [ 587672.104199999943376, 7061443.326100000180304 ], [ 587672.104199999943376, 7061533.326100000180304 ], [ 587636.104199999943376, 7061605.326100000180304 ], [ 587564.104199999943376, 7061659.326100000180304 ], [ 587474.104199999943376, 7061695.326100000180304 ], [ 587384.104199999943376, 7061713.326100000180304 ], [ 587294.104199999943376, 7061713.326100000180304 ], [ 587204.104199999943376, 7061713.326100000180304 ], [ 587114.104199999943376, 7061713.326100000180304 ], [ 587024.104199999943376, 7061713.326100000180304 ], [ 586934.104199999943376, 7061731.326100000180304 ], [ 586880.104199999943376, 7061767.326100000180304 ], [ 586862.104199999943376, 7061803.326100000180304 ], [ 586880.104199999943376, 7061857.326100000180304 ], [ 586934.104199999943376, 7061911.326100000180304 ], [ 587024.104199999943376, 7061947.326100000180304 ], [ 587114.104199999943376, 7061983.326100000180304 ], [ 587204.104199999943376, 7062037.326100000180304 ], [ 587276.104199999943376, 7062091.326100000180304 ], [ 587312.104199999943376, 7062163.326100000180304 ], [ 587330.104199999943376, 7062253.326100000180304 ], [ 587312.104199999943376, 7062343.326100000180304 ], [ 587258.104199999943376, 7062415.326100000180304 ], [ 587186.104199999943376, 7062487.326100000180304 ], [ 587114.104199999943376, 7062541.326100000180304 ], [ 587024.104199999943376, 7062595.326100000180304 ], [ 586934.104199999943376, 7062631.326100000180304 ], [ 586844.104199999943376, 7062685.326100000180304 ], [ 586754.104199999943376, 7062739.326100000180304 ], [ 586682.104199999943376, 7062811.326100000180304 ], [ 586646.104199999943376, 7062883.326100000180304 ], [ 586646.104199999943376, 7062973.326100000180304 ], [ 586682.104199999943376, 7063063.326100000180304 ], [ 586754.104199999943376, 7063153.326100000180304 ], [ 586826.104199999943376, 7063243.326100000180304 ], [ 586880.104199999943376, 7063333.326100000180304 ], [ 586916.104199999943376, 7063423.326100000180304 ], [ 586952.104199999943376, 7063513.326100000180304 ], [ 586970.104199999943376, 7063603.326100000180304 ], [ 586988.104199999943376, 7063693.326100000180304 ], [ 587024.104199999943376, 7063783.326100000180304 ], [ 587060.104199999943376, 7063873.326100000180304 ], [ 587078.104199999943376, 7063963.326100000180304 ], [ 587096.104199999943376, 7064053.326100000180304 ], [ 587114.104199999943376, 7064143.326100000180304 ], [ 587114.104199999943376, 7064233.326100000180304 ], [ 587114.104199999943376, 7064323.326100000180304 ], [ 587114.104199999943376, 7064413.326100000180304 ], [ 587114.104199999943376, 7064503.326100000180304 ], [ 587132.104199999943376, 7064593.326100000180304 ], [ 587150.104199999943376, 7064683.326100000180304 ], [ 587168.104199999943376, 7064773.326100000180304 ], [ 587186.104199999943376, 7064863.326100000180304 ], [ 587204.104199999943376, 7064953.326100000180304 ], [ 587186.104199999943376, 7065043.326100000180304 ], [ 587168.104199999943376, 7065133.326100000180304 ], [ 587168.104199999943376, 7065223.326100000180304 ], [ 587168.104199999943376, 7065313.326100000180304 ], [ 587150.104199999943376, 7065403.326100000180304 ], [ 587150.104199999943376, 7065493.326100000180304 ], [ 587150.104199999943376, 7065583.326100000180304 ], [ 587132.104199999943376, 7065673.326100000180304 ], [ 587114.104199999943376, 7065763.326100000180304 ], [ 587132.104199999943376, 7065853.326100000180304 ], [ 587168.104199999943376, 7065925.326100000180304 ], [ 587222.104199999943376, 7065979.326100000180304 ], [ 587294.104199999943376, 7066015.326100000180304 ], [ 587474.104199999943376, 7066033.326100000180304 ] ] } },
{ "type": "Feature", "properties": { "river": "Rio_Taio", "reach": "R1" }, "geometry": { "type": "LineString", "coordinates": [ [ 583514.104199999943376, 6991063.326100000180304 ], [ 583694.104199999943376, 6991009.326100000180304 ], [ 583784.104199999943376, 6990991.326100000180304 ], [ 583874.104199999943376, 6991009.326100000180304 ], [ 583964.104199999943376, 6990991.326100000180304 ], [ 584054.104199999943376, 6990991.326100000180304 ], [ 584144.104199999943376, 6990973.326100000180304 ], [ 584234.104199999943376, 6990955.326100000180304 ], [ 584324.104199999943376, 6990901.326100000180304 ], [ 584414.104199999943376, 6990883.326100000180304 ], [ 584486.104199999943376, 6990883.326100000180304 ], [ 584540.104199999943376, 6990919.326100000180304 ], [ 584594.104199999943376, 6990973.326100000180304 ], [ 584648.104199999943376, 6991027.326100000180304 ], [ 584702.104199999943376, 6991063.326100000180304 ], [ 584774.104199999943376, 6991081.326100000180304 ], [ 584864.104199999943376, 6991063.326100000180304 ], [ 584954.104199999943376, 6991009.326100000180304 ], [ 585044.104199999943376, 6990973.326100000180304 ], [ 585134.104199999943376, 6990955.326100000180304 ], [ 585224.104199999943376, 6990955.326100000180304 ], [ 585314.104199999943376, 6990955.326100000180304 ], [ 585404.104199999943376, 6990973.326100000180304 ], [ 585494.104199999943376, 6990991.326100000180304 ], [ 585584.104199999943376, 6990973.326100000180304 ], [ 585674.104199999943376, 6990937.326100000180304 ], [ 585764.104199999943376, 6990901.326100000180304 ], [ 585836.104199999943376, 6990847.326100000180304 ], [ 585908.104199999943376, 6990793.326100000180304 ], [ 585980.104199999943376, 6990739.326100000180304 ], [ 586052.104199999943376, 6990667.326100000180304 ], [ 586124.104199999943376, 6990613.326100000180304 ], [ 586214.104199999943376, 6990577.326100000180304 ], [ 586304.104199999943376, 6990541.326100000180304 ], [ 586394.104199999943376, 6990523.326100000180304 ], [ 586484.104199999943376, 6990541.326100000180304 ], [ 586574.104199999943376, 6990577.326100000180304 ], [ 586664.104199999943376, 6990595.326100000180304 ], [ 586754.104199999943376, 6990613.326100000180304 ], [ 586844.104199999943376, 6990631.326100000180304 ], [ 586934.104199999943376, 6990631.326100000180304 ], [ 587024.104199999943376, 6990613.326100000180304 ], [ 587114.104199999943376, 6990613.326100000180304 ], [ 587204.104199999943376, 6990613.326100000180304 ], [ 587294.104199999943376, 6990595.326100000180304 ], [ 587384.104199999943376, 6990559.326100000180304 ], [ 587456.104199999943376, 6990505.326100000180304 ], [ 587528.104199999943376, 6990433.326100000180304 ], [ 587600.104199999943376, 6990343.326100000180304 ], [ 587672.104199999943376, 6990253.326100000180304 ], [ 587726.104199999943376, 6990163.326100000180304 ], [ 587780.104199999943376, 6990073.326100000180304 ], [ 587834.104199999943376, 6989983.326100000180304 ], [ 587870.104199999943376, 6989893.326100000180304 ], [ 587888.104199999943376, 6989803.326100000180304 ], [ 587924.104199999943376, 6989713.326100000180304 ], [ 587978.104199999943376, 6989641.326100000180304 ], [ 588032.104199999943376, 6989587.326100000180304 ], [ 588104.104199999943376, 6989569.326100000180304 ], [ 588194.104199999943376, 6989569.326100000180304 ], [ 588284.104199999943376, 6989587.326100000180304 ], [ 588374.104199999943376, 6989605.326100000180304 ], [ 588464.104199999943376, 6989605.326100000180304 ], [ 588554.104199999943376, 6989587.326100000180304 ], [ 588644.104199999943376, 6989551.326100000180304 ], [ 588734.104199999943376, 6989515.326100000180304 ], [ 588824.104199999943376, 6989479.326100000180304 ], [ 588914.104199999943376, 6989461.326100000180304 ], [ 589004.104199999943376, 6989443.326100000180304 ], [ 589094.104199999943376, 6989461.326100000180304 ], [ 589184.104199999943376, 6989497.326100000180304 ], [ 589274.104199999943376, 6989551.326100000180304 ], [ 589364.104199999943376, 6989623.326100000180304 ], [ 589454.104199999943376, 6989677.326100000180304 ], [ 589544.104199999943376, 6989713.326100000180304 ], [ 589634.104199999943376, 6989731.326100000180304 ], [ 589724.104199999943376, 6989731.326100000180304 ], [ 589814.104199999943376, 6989731.326100000180304 ], [ 589904.104199999943376, 6989749.326100000180304 ], [ 589994.104199999943376, 6989767.326100000180304 ], [ 590084.104199999943376, 6989785.326100000180304 ], [ 590174.104199999943376, 6989803.326100000180304 ], [ 590264.104199999943376, 6989821.326100000180304 ], [ 590354.104199999943376, 6989839.326100000180304 ], [ 590444.104199999943376, 6989839.326100000180304 ], [ 590534.104199999943376, 6989839.326100000180304 ], [ 590624.104199999943376, 6989839.326100000180304 ], [ 590714.104199999943376, 6989821.326100000180304 ], [ 590804.104199999943376, 6989803.326100000180304 ], [ 590894.104199999943376, 6989821.326100000180304 ], [ 590984.104199999943376, 6989839.326100000180304 ], [ 591074.104199999943376, 6989857.326100000180304 ], [ 591164.104199999943376, 6989857.326100000180304 ], [ 591254.104199999943376, 6989839.326100000180304 ], [ 591326.104199999943376, 6989785.326100000180304 ], [ 591398.104199999943376, 6989713.326100000180304 ], [ 591470.104199999943376, 6989641.326100000180304 ], [ 591542.104199999943376, 6989605.326100000180304 ], [ 591614.104199999943376, 6989605.326100000180304 ], [ 591704.104199999943376, 6989641.326100000180304 ], [ 591794.104199999943376, 6989695.326100000180304 ], [ 591884.104199999943376, 6989767.326100000180304 ], [ 591956.104199999943376, 6989839.326100000180304 ], [ 592010.104199999943376, 6989911.326100000180304 ], [ 592046.104199999943376, 6989983.326100000180304 ], [ 592082.104199999943376, 6990073.326100000180304 ], [ 592100.104199999943376, 6990163.326100000180304 ], [ 592118.104199999943376, 6990253.326100000180304 ], [ 592154.104199999943376, 6990343.326100000180304 ], [ 592172.104199999943376, 6990433.326100000180304 ], [ 592154.104199999943376, 6990523.326100000180304 ], [ 592154.104199999943376, 6990613.326100000180304 ], [ 592154.104199999943376, 6990703.326100000180304 ], [ 592118.104199999943376, 6990793.326100000180304 ], [ 592100.104199999943376, 6990883.326100000180304 ], [ 592118.104199999943376, 6990973.326100000180304 ], [ 592136.104199999943376, 6991063.326100000180304 ], [ 592172.104199999943376, 6991153.326100000180304 ], [ 592244.104199999943376, 6991243.326100000180304 ], [ 592334.104199999943376, 6991297.326100000180304 ], [ 592406.104199999943376, 6991315.326100000180304 ], [ 592460.104199999943376, 6991297.326100000180304 ], [ 592514.104199999943376, 6991243.326100000180304 ], [ 592568.104199999943376, 6991171.326100000180304 ], [ 592604.104199999943376, 6991135.326100000180304 ], [ 592658.104199999943376, 6991135.326100000180304 ], [ 592730.104199999943376, 6991171.326100000180304 ], [ 592784.104199999943376, 6991243.326100000180304 ], [ 592838.104199999943376, 6991333.326100000180304 ], [ 592892.104199999943376, 6991423.326100000180304 ], [ 592928.104199999943376, 6991513.326100000180304 ], [ 592964.104199999943376, 6991603.326100000180304 ], [ 593018.104199999943376, 6991675.326100000180304 ], [ 593072.104199999943376, 6991747.326100000180304 ], [ 593126.104199999943376, 6991819.326100000180304 ], [ 593198.104199999943376, 6991891.326100000180304 ], [ 593270.104199999943376, 6991963.326100000180304 ], [ 593342.104199999943376, 6992053.326100000180304 ], [ 593396.104199999943376, 6992143.326100000180304 ], [ 593450.104199999943376, 6992233.326100000180304 ], [ 593504.104199999943376, 6992323.326100000180304 ], [ 593558.104199999943376, 6992413.326100000180304 ], [ 593594.104199999943376, 6992503.326100000180304 ], [ 593630.104199999943376, 6992593.326100000180304 ], [ 593666.104199999943376, 6992683.326100000180304 ], [ 593684.104199999943376, 6992773.326100000180304 ], [ 593684.104199999943376, 6992863.326100000180304 ], [ 593684.104199999943376, 6992953.326100000180304 ], [ 593684.104199999943376, 6993043.326100000180304 ], [ 593684.104199999943376, 6993133.326100000180304 ], [ 593702.104199999943376, 6993223.326100000180304 ], [ 593738.104199999943376, 6993313.326100000180304 ], [ 593774.104199999943376, 6993403.326100000180304 ], [ 593810.104199999943376, 6993493.326100000180304 ], [ 593846.104199999943376, 6993583.326100000180304 ], [ 593882.104199999943376, 6993673.326100000180304 ], [ 593918.104199999943376, 6993763.326100000180304 ], [ 593972.104199999943376, 6993853.326100000180304 ], [ 594044.104199999943376, 6993943.326100000180304 ], [ 594134.104199999943376, 6994033.326100000180304 ], [ 594224.104199999943376, 6994123.326100000180304 ], [ 594314.104199999943376, 6994213.326100000180304 ], [ 594386.104199999943376, 6994303.326100000180304 ], [ 594440.104199999943376, 6994393.326100000180304 ], [ 594494.104199999943376, 6994465.326100000180304 ], [ 594548.104199999943376, 6994519.326100000180304 ], [ 594602.104199999943376, 6994573.326100000180304 ], [ 594674.104199999943376, 6994627.326100000180304 ], [ 594764.104199999943376, 6994681.326100000180304 ], [ 594854.104199999943376, 6994735.326100000180304 ], [ 594944.104199999943376, 6994789.326100000180304 ], [ 595034.104199999943376, 6994825.326100000180304 ], [ 595124.104199999943376, 6994843.326100000180304 ], [ 595214.104199999943376, 6994861.326100000180304 ], [ 595304.104199999943376, 6994879.326100000180304 ], [ 595394.104199999943376, 6994915.326100000180304 ], [ 595466.104199999943376, 6994969.326100000180304 ], [ 595520.104199999943376, 6995041.326100000180304 ], [ 595574.104199999943376, 6995113.326100000180304 ], [ 595610.104199999943376, 6995203.326100000180304 ], [ 595628.104199999943376, 6995293.326100000180304 ], [ 595646.104199999943376, 6995383.326100000180304 ], [ 595664.104199999943376, 6995473.326100000180304 ], [ 595664.104199999943376, 6995563.326100000180304 ], [ 595664.104199999943376, 6995653.326100000180304 ], [ 595664.104199999943376, 6995743.326100000180304 ], [ 595664.104199999943376, 6995833.326100000180304 ], [ 595646.104199999943376, 6995923.326100000180304 ], [ 595628.104199999943376, 6996013.326100000180304 ], [ 595610.104199999943376, 6996103.326100000180304 ], [ 595610.104199999943376, 6996193.326100000180304 ], [ 595610.104199999943376, 6996283.326100000180304 ], [ 595628.104199999943376, 6996373.326100000180304 ], [ 595664.104199999943376, 6996463.326100000180304 ], [ 595718.104199999943376, 6996553.326100000180304 ], [ 595772.104199999943376, 6996643.326100000180304 ], [ 595844.104199999943376, 6996733.326100000180304 ], [ 595934.104199999943376, 6996823.326100000180304 ], [ 596024.104199999943376, 6996913.326100000180304 ], [ 596114.104199999943376, 6997003.326100000180304 ], [ 596204.104199999943376, 6997093.326100000180304 ], [ 596294.104199999943376, 6997183.326100000180304 ], [ 596384.104199999943376, 6997273.326100000180304 ], [ 596474.104199999943376, 6997363.326100000180304 ], [ 596564.104199999943376, 6997435.326100000180304 ], [ 596654.104199999943376, 6997489.326100000180304 ], [ 596744.104199999943376, 6997525.326100000180304 ], [ 596834.104199999943376, 6997561.326100000180304 ], [ 596924.104199999943376, 6997597.326100000180304 ], [ 597014.104199999943376, 6997651.326100000180304 ], [ 597104.104199999943376, 6997723.326100000180304 ], [ 597194.104199999943376, 6997813.326100000180304 ], [ 597284.104199999943376, 6997903.326100000180304 ], [ 597374.104199999943376, 6997993.326100000180304 ], [ 597446.104199999943376, 6998083.326100000180304 ], [ 597500.104199999943376, 6998173.326100000180304 ], [ 597536.104199999943376, 6998263.326100000180304 ], [ 597554.104199999943376, 6998353.326100000180304 ], [ 597554.104199999943376, 6998443.326100000180304 ], [ 597554.104199999943376, 6998533.326100000180304 ], [ 597554.104199999943376, 6998623.326100000180304 ], [ 597554.104199999943376, 6998713.326100000180304 ], [ 597554.104199999943376, 6998803.326100000180304 ], [ 597554.104199999943376, 6998893.326100000180304 ], [ 597554.104199999943376, 6998983.326100000180304 ], [ 597554.104199999943376, 6999073.326100000180304 ], [ 597554.104199999943376, 6999163.326100000180304 ], [ 597572.104199999943376, 6999253.326100000180304 ], [ 597608.104199999943376, 6999343.326100000180304 ], [ 597662.104199999943376, 6999433.326100000180304 ], [ 597734.104199999943376, 6999505.326100000180304 ], [ 597824.104199999943376, 6999577.326100000180304 ], [ 597914.104199999943376, 6999631.326100000180304 ], [ 598004.104199999943376, 6999667.326100000180304 ], [ 598094.104199999943376, 6999685.326100000180304 ], [ 598184.104199999943376, 6999703.326100000180304 ], [ 598274.104199999943376, 6999685.326100000180304 ], [ 598364.104199999943376, 6999667.326100000180304 ], [ 598454.104199999943376, 6999649.326100000180304 ], [ 598544.104199999943376, 6999649.326100000180304 ], [ 598634.104199999943376, 6999667.326100000180304 ], [ 598724.104199999943376, 6999721.326100000180304 ], [ 598814.104199999943376, 6999793.326100000180304 ], [ 598904.104199999943376, 6999883.326100000180304 ], [ 598994.104199999943376, 6999973.326100000180304 ], [ 599066.104199999943376, 7000063.326100000180304 ], [ 599120.104199999943376, 7000153.326100000180304 ], [ 599174.104199999943376, 7000333.326100000180304 ] ] } },
{ "type": "Feature", "properties": { "river": "Rio_das_Pombas", "reach": "R1" }, "geometry": { "type": "LineString", "coordinates": [ [ 606464.104199999943376, 6986563.326100000180304 ], [ 606644.104199999943376, 6986563.326100000180304 ], [ 606734.104199999943376, 6986563.326100000180304 ], [ 606824.104199999943376, 6986563.326100000180304 ], [ 606914.104199999943376, 6986545.326100000180304 ], [ 607004.104199999943376, 6986527.326100000180304 ], [ 607094.104199999943376, 6986491.326100000180304 ], [ 607184.104199999943376, 6986437.326100000180304 ], [ 607274.104199999943376, 6986383.326100000180304 ], [ 607364.104199999943376, 6986329.326100000180304 ], [ 607454.104199999943376, 6986257.326100000180304 ], [ 607544.104199999943376, 6986185.326100000180304 ], [ 607634.104199999943376, 6986131.326100000180304 ], [ 607724.104199999943376, 6986077.326100000180304 ], [ 607814.104199999943376, 6986041.326100000180304 ], [ 607904.104199999943376, 6986023.326100000180304 ], [ 607994.104199999943376, 6986023.326100000180304 ], [ 608084.104199999943376, 6986023.326100000180304 ], [ 608174.104199999943376, 6986023.326100000180304 ], [ 608264.104199999943376, 6986005.326100000180304 ], [ 608354.104199999943376, 6985969.326100000180304 ], [ 608444.104199999943376, 6985915.326100000180304 ], [ 608534.104199999943376, 6985843.326100000180304 ], [ 608624.104199999943376, 6985753.326100000180304 ], [ 608714.104199999943376, 6985681.326100000180304 ], [ 608804.104199999943376, 6985645.326100000180304 ], [ 608876.104199999943376, 6985645.326100000180304 ], [ 608930.104199999943376, 6985681.326100000180304 ], [ 608984.104199999943376, 6985753.326100000180304 ], [ 609020.104199999943376, 6985843.326100000180304 ], [ 609038.104199999943376, 6985933.326100000180304 ], [ 609056.104199999943376, 6986023.326100000180304 ], [ 609092.104199999943376, 6986113.326100000180304 ], [ 609128.104199999943376, 6986185.326100000180304 ], [ 609182.104199999943376, 6986239.326100000180304 ], [ 609254.104199999943376, 6986257.326100000180304 ], [ 609344.104199999943376, 6986239.326100000180304 ], [ 609434.104199999943376, 6986185.326100000180304 ], [ 609524.104199999943376, 6986113.326100000180304 ], [ 609614.104199999943376, 6986023.326100000180304 ], [ 609704.104199999943376, 6985951.326100000180304 ], [ 609794.104199999943376, 6985915.326100000180304 ], [ 609866.104199999943376, 6985915.326100000180304 ], [ 609920.104199999943376, 6985951.326100000180304 ], [ 609974.104199999943376, 6986023.326100000180304 ], [ 610028.104199999943376, 6986113.326100000180304 ], [ 610082.104199999943376, 6986185.326100000180304 ], [ 610154.104199999943376, 6986239.326100000180304 ], [ 610244.104199999943376, 6986293.326100000180304 ], [ 610334.104199999943376, 6986329.326100000180304 ], [ 610424.104199999943376, 6986329.326100000180304 ], [ 610514.104199999943376, 6986311.326100000180304 ], [ 610604.104199999943376, 6986275.326100000180304 ], [ 610694.104199999943376, 6986203.326100000180304 ], [ 610784.104199999943376, 6986113.326100000180304 ], [ 610874.104199999943376, 6986023.326100000180304 ], [ 610964.104199999943376, 6985951.326100000180304 ], [ 611054.104199999943376, 6985879.326100000180304 ], [ 611144.104199999943376, 6985843.326100000180304 ], [ 611234.104199999943376, 6985843.326100000180304 ], [ 611324.104199999943376, 6985879.326100000180304 ], [ 611396.104199999943376, 6985933.326100000180304 ], [ 611468.104199999943376, 6986023.326100000180304 ], [ 611540.104199999943376, 6986113.326100000180304 ], [ 611612.104199999943376, 6986185.326100000180304 ], [ 611666.104199999943376, 6986257.326100000180304 ], [ 611738.104199999943376, 6986329.326100000180304 ], [ 611810.104199999943376, 6986401.326100000180304 ], [ 611882.104199999943376, 6986473.326100000180304 ], [ 611954.104199999943376, 6986563.326100000180304 ], [ 612044.104199999943376, 6986635.326100000180304 ], [ 612134.104199999943376, 6986671.326100000180304 ], [ 612224.104199999943376, 6986671.326100000180304 ], [ 612314.104199999943376, 6986671.326100000180304 ], [ 612404.104199999943376, 6986635.326100000180304 ], [ 612494.104199999943376, 6986599.326100000180304 ], [ 612584.104199999943376, 6986581.326100000180304 ], [ 612674.104199999943376, 6986599.326100000180304 ], [ 612764.104199999943376, 6986617.326100000180304 ], [ 612854.104199999943376, 6986671.326100000180304 ], [ 612944.104199999943376, 6986725.326100000180304 ], [ 613016.104199999943376, 6986797.326100000180304 ], [ 613088.104199999943376, 6986851.326100000180304 ], [ 613160.104199999943376, 6986905.326100000180304 ], [ 613232.104199999943376, 6986941.326100000180304 ], [ 613304.104199999943376, 6986977.326100000180304 ], [ 613394.104199999943376, 6987013.326100000180304 ], [ 613484.104199999943376, 6987067.326100000180304 ], [ 613574.104199999943376, 6987103.326100000180304 ], [ 613664.104199999943376, 6987139.326100000180304 ], [ 613736.104199999943376, 6987193.326100000180304 ], [ 613808.104199999943376, 6987247.326100000180304 ], [ 613862.104199999943376, 6987301.326100000180304 ], [ 613916.104199999943376, 6987355.326100000180304 ], [ 613970.104199999943376, 6987427.326100000180304 ], [ 614024.104199999943376, 6987499.326100000180304 ], [ 614060.104199999943376, 6987571.326100000180304 ], [ 614078.104199999943376, 6987643.326100000180304 ], [ 614060.104199999943376, 6987733.326100000180304 ], [ 614024.104199999943376, 6987823.326100000180304 ], [ 614006.104199999943376, 6987895.326100000180304 ], [ 614006.104199999943376, 6987967.326100000180304 ], [ 614042.104199999943376, 6988021.326100000180304 ], [ 614114.104199999943376, 6988075.326100000180304 ], [ 614204.104199999943376, 6988129.326100000180304 ], [ 614294.104199999943376, 6988165.326100000180304 ], [ 614384.104199999943376, 6988183.326100000180304 ], [ 614474.104199999943376, 6988183.326100000180304 ], [ 614564.104199999943376, 6988165.326100000180304 ], [ 614654.104199999943376, 6988111.326100000180304 ], [ 614744.104199999943376, 6988075.326100000180304 ], [ 614834.104199999943376, 6988039.326100000180304 ], [ 614924.104199999943376, 6988039.326100000180304 ], [ 615014.104199999943376, 6988057.326100000180304 ], [ 615086.104199999943376, 6988111.326100000180304 ], [ 615140.104199999943376, 6988183.326100000180304 ], [ 615194.104199999943376, 6988273.326100000180304 ], [ 615248.104199999943376, 6988363.326100000180304 ], [ 615302.104199999943376, 6988453.326100000180304 ], [ 615374.104199999943376, 6988525.326100000180304 ], [ 615464.104199999943376, 6988597.326100000180304 ], [ 615554.104199999943376, 6988651.326100000180304 ], [ 615644.104199999943376, 6988705.326100000180304 ], [ 615734.104199999943376, 6988741.326100000180304 ], [ 615824.104199999943376, 6988777.326100000180304 ], [ 615914.104199999943376, 6988813.326100000180304 ], [ 616004.104199999943376, 6988849.326100000180304 ], [ 616094.104199999943376, 6988867.326100000180304 ], [ 616184.104199999943376, 6988885.326100000180304 ], [ 616274.104199999943376, 6988921.326100000180304 ], [ 616364.104199999943376, 6988957.326100000180304 ], [ 616436.104199999943376, 6989011.326100000180304 ], [ 616490.104199999943376, 6989083.326100000180304 ], [ 616526.104199999943376, 6989173.326100000180304 ], [ 616544.104199999943376, 6989263.326100000180304 ], [ 616526.104199999943376, 6989353.326100000180304 ], [ 616490.104199999943376, 6989443.326100000180304 ], [ 616436.104199999943376, 6989533.326100000180304 ], [ 616382.104199999943376, 6989623.326100000180304 ], [ 616310.104199999943376, 6989713.326100000180304 ], [ 616256.104199999943376, 6989803.326100000180304 ], [ 616220.104199999943376, 6989893.326100000180304 ], [ 616220.104199999943376, 6989983.326100000180304 ], [ 616220.104199999943376, 6990073.326100000180304 ], [ 616256.104199999943376, 6990145.326100000180304 ], [ 616310.104199999943376, 6990217.326100000180304 ], [ 616382.104199999943376, 6990271.326100000180304 ], [ 616454.104199999943376, 6990307.326100000180304 ], [ 616544.104199999943376, 6990325.326100000180304 ], [ 616634.104199999943376, 6990361.326100000180304 ], [ 616724.104199999943376, 6990397.326100000180304 ], [ 616814.104199999943376, 6990451.326100000180304 ], [ 616904.104199999943376, 6990523.326100000180304 ], [ 616994.104199999943376, 6990595.326100000180304 ], [ 617084.104199999943376, 6990667.326100000180304 ], [ 617174.104199999943376, 6990739.326100000180304 ], [ 617264.104199999943376, 6990793.326100000180304 ], [ 617354.104199999943376, 6990829.326100000180304 ], [ 617444.104199999943376, 6990865.326100000180304 ], [ 617534.104199999943376, 6990883.326100000180304 ], [ 617624.104199999943376, 6990883.326100000180304 ], [ 617714.104199999943376, 6990883.326100000180304 ], [ 617804.104199999943376, 6990883.326100000180304 ], [ 617894.104199999943376, 6990901.326100000180304 ], [ 617966.104199999943376, 6990937.326100000180304 ], [ 618020.104199999943376, 6990991.326100000180304 ], [ 618056.104199999943376, 6991063.326100000180304 ], [ 618074.104199999943376, 6991153.326100000180304 ], [ 618092.104199999943376, 6991243.326100000180304 ], [ 618110.104199999943376, 6991333.326100000180304 ], [ 618128.104199999943376, 6991423.326100000180304 ], [ 618146.104199999943376, 6991513.326100000180304 ], [ 618164.104199999943376, 6991603.326100000180304 ], [ 618164.104199999943376, 6991693.326100000180304 ], [ 618182.104199999943376, 6991783.326100000180304 ], [ 618218.104199999943376, 6991855.326100000180304 ], [ 618254.104199999943376, 6991927.326100000180304 ], [ 618308.104199999943376, 6991999.326100000180304 ], [ 618362.104199999943376, 6992071.326100000180304 ], [ 618398.104199999943376, 6992143.326100000180304 ], [ 618434.104199999943376, 6992233.326100000180304 ], [ 618524.104199999943376, 6992413.326100000180304 ] ] } },
{ "type": "Feature", "properties": { "river": "Rio_do_Testo", "reach": "R1" }, "geometry": { "type": "LineString", "coordinates": [ [ 682604.104199999943376, 7030303.326100000180304 ], [ 682730.104199999943376, 7030123.326100000180304 ], [ 682784.104199999943376, 7030033.326100000180304 ], [ 682838.104199999943376, 7029943.326100000180304 ], [ 682874.104199999943376, 7029853.326100000180304 ], [ 682928.104199999943376, 7029763.326100000180304 ], [ 683000.104199999943376, 7029673.326100000180304 ], [ 683072.104199999943376, 7029583.326100000180304 ], [ 683144.104199999943376, 7029511.326100000180304 ], [ 683234.104199999943376, 7029439.326100000180304 ], [ 683324.104199999943376, 7029367.326100000180304 ], [ 683414.104199999943376, 7029295.326100000180304 ], [ 683504.104199999943376, 7029223.326100000180304 ], [ 683576.104199999943376, 7029133.326100000180304 ], [ 683630.104199999943376, 7029043.326100000180304 ], [ 683666.104199999943376, 7028953.326100000180304 ], [ 683684.104199999943376, 7028863.326100000180304 ], [ 683666.104199999943376, 7028773.326100000180304 ], [ 683630.104199999943376, 7028701.326100000180304 ], [ 683576.104199999943376, 7028647.326100000180304 ], [ 683504.104199999943376, 7028593.326100000180304 ], [ 683414.104199999943376, 7028557.326100000180304 ], [ 683324.104199999943376, 7028521.326100000180304 ], [ 683252.104199999943376, 7028467.326100000180304 ], [ 683180.104199999943376, 7028395.326100000180304 ], [ 683126.104199999943376, 7028323.326100000180304 ], [ 683090.104199999943376, 7028233.326100000180304 ], [ 683072.104199999943376, 7028143.326100000180304 ], [ 683072.104199999943376, 7028053.326100000180304 ], [ 683090.104199999943376, 7027963.326100000180304 ], [ 683108.104199999943376, 7027873.326100000180304 ], [ 683126.104199999943376, 7027783.326100000180304 ], [ 683162.104199999943376, 7027693.326100000180304 ], [ 683198.104199999943376, 7027603.326100000180304 ], [ 683234.104199999943376, 7027513.326100000180304 ], [ 683270.104199999943376, 7027423.326100000180304 ], [ 683306.104199999943376, 7027333.326100000180304 ], [ 683324.104199999943376, 7027243.326100000180304 ], [ 683324.104199999943376, 7027153.326100000180304 ], [ 683324.104199999943376, 7027063.326100000180304 ], [ 683324.104199999943376, 7026973.326100000180304 ], [ 683342.104199999943376, 7026883.326100000180304 ], [ 683378.104199999943376, 7026793.326100000180304 ], [ 683432.104199999943376, 7026739.326100000180304 ], [ 683486.104199999943376, 7026721.326100000180304 ], [ 683558.104199999943376, 7026721.326100000180304 ], [ 683630.104199999943376, 7026757.326100000180304 ], [ 683702.104199999943376, 7026829.326100000180304 ], [ 683774.104199999943376, 7026883.326100000180304 ], [ 683864.104199999943376, 7026901.326100000180304 ], [ 683954.104199999943376, 7026919.326100000180304 ], [ 684044.104199999943376, 7026919.326100000180304 ], [ 684134.104199999943376, 7026883.326100000180304 ], [ 684224.104199999943376, 7026829.326100000180304 ], [ 684314.104199999943376, 7026775.326100000180304 ], [ 684404.104199999943376, 7026703.326100000180304 ], [ 684458.104199999943376, 7026613.326100000180304 ], [ 684494.104199999943376, 7026523.326100000180304 ], [ 684530.104199999943376, 7026433.326100000180304 ], [ 684548.104199999943376, 7026343.326100000180304 ], [ 684548.104199999943376, 7026253.326100000180304 ], [ 684584.104199999943376, 7026163.326100000180304 ], [ 684602.104199999943376, 7026073.326100000180304 ], [ 684620.104199999943376, 7025983.326100000180304 ], [ 684638.104199999943376, 7025893.326100000180304 ], [ 684638.104199999943376, 7025803.326100000180304 ], [ 684620.104199999943376, 7025713.326100000180304 ], [ 684602.104199999943376, 7025641.326100000180304 ], [ 684548.104199999943376, 7025569.326100000180304 ], [ 684476.104199999943376, 7025497.326100000180304 ], [ 684404.104199999943376, 7025425.326100000180304 ], [ 684332.104199999943376, 7025353.326100000180304 ], [ 684296.104199999943376, 7025263.326100000180304 ], [ 684296.104199999943376, 7025173.326100000180304 ], [ 684332.104199999943376, 7025083.326100000180304 ], [ 684404.104199999943376, 7024993.326100000180304 ], [ 684494.104199999943376, 7024903.326100000180304 ], [ 684584.104199999943376, 7024813.326100000180304 ], [ 684674.104199999943376, 7024723.326100000180304 ], [ 684764.104199999943376, 7024651.326100000180304 ], [ 684854.104199999943376, 7024615.326100000180304 ], [ 684944.104199999943376, 7024579.326100000180304 ], [ 685034.104199999943376, 7024543.326100000180304 ], [ 685124.104199999943376, 7024525.326100000180304 ], [ 685304.104199999943376, 7024453.326100000180304 ] ] } }
]
}
