{
"type": "FeatureCollection",
"name": "taha_ai_secoes",
"crs": { "type": "name", "properties": { "name": "urn:ogc:def:crs:EPSG::31982" } },
"features": [
{ "type": "Feature", "properties": { "river": "Itajai_Acu", "reach": "R1", "rs": 173425.51 }, "geometry": { "type": "LineString", "coordinates": [ [ 635197.07999999995809, 6990236.25 ], [ 635206.150000000023283, 6989571.019999999552965 ] ] } },
{ "type": "Feature", "properties": { "river": "Itajai_Acu", "reach": "R1", "rs": 172425.51 }, "geometry": { "type": "LineString", "coordinates": [ [ 635978.439999999944121, 6990218.440000000409782 ], [ 636343.25, 6989674.46 ] ] } },
{ "type": "Feature", "properties": { "river": "Itajai_Acu", "reach": "R1", "rs": 171425.51 }, "geometry": { "type": "LineString", "coordinates": [ [ 635899.96999999997206, 6990315.67 ], [ 636219.599999999976717, 6990887.370000000111759 ] ] } },
{ "type": "Feature", "properties": { "river": "Itajai_Acu", "reach": "R1", "rs": 170425.51 }, "geometry": { "type": "LineString", "coordinates": [ [ 636423.10999999998603, 6991356.29 ], [ 636671.14000000001397, 6990750.089999999850988 ] ] } },
{ "type": "Feature", "properties": { "river": "Itajai_Acu", "reach": "R1", "rs": 169425.51 }, "geometry": { "type": "LineString", "coordinates": [ [ 637117.03000000002794, 6992047.679999999701977 ], [ 637356.790000000037253, 6991441.299999999813735 ] ] } },
{ "type": "Feature", "properties": { "river": "Itajai_Acu", "reach": "R1", "rs": 168425.51 }, "geometry": { "type": "LineString", "coordinates": [ [ 638131.12, 6991909.179999999701977 ], [ 638220.050000000046566, 6991217.03000000026077 ] ] } },
{ "type": "Feature", "properties": { "river": "Itajai_Acu", "reach": "R1", "rs": 167425.51 }, "geometry": { "type": "LineString", "coordinates": [ [ 638664.310000000055879, 6992385.870000000111759 ], [ 639209.459999999962747, 6991880.120000000111759 ] ] } },
{ "type": "Feature", "properties": { "river": "Itajai_Acu", "reach": "R1", "rs": 166425.51 }, "geometry": { "type": "LineString", "coordinates": [ [ 639150.410000000032596, 6993129.480000000447035 ], [ 639840.88, 6992740.860000000335276 ] ] } },
{ "type": "Feature", "properties": { "river": "Itajai_Acu", "reach": "R1", "rs": 165425.51 }, "geometry": { "type": "LineString", "coordinates": [ [ 640639.300000000046566, 6993032.21 ], [ 639887.35999999998603, 6992782.509999999776483 ] ] } },
{ "type": "Feature", "properties": { "river": "Itajai_Acu", "reach": "R1", "rs": 164425.51 }, "geometry": { "type": "LineString", "coordinates": [ [ 640465.910000000032596, 6992516.400000000372529 ], [ 640608.62, 6991737.04 ] ] } },
{ "type": "Feature", "properties": { "river": "Itajai_Acu", "reach": "R1", "rs": 163425.51 }, "geometry": { "type": "LineString", "coordinates": [ [ 640304.46999999997206, 6993191.120000000111759 ], [ 640971.49, 6992657.400000000372529 ] ] } },
{ "type": "Feature", "properties": { "river": "Itajai_Acu", "reach": "R1", "rs": 162425.51 }, "geometry": { "type": "LineString", "coordinates": [ [ 640891.89000000001397, 6993999.049999999813735 ], [ 641595.160000000032596, 6993411.809999999590218 ] ] } },
{ "type": "Feature", "properties": { "river": "Itajai_Acu", "reach": "R1", "rs": 161425.51 }, "geometry": { "type": "LineString", "coordinates": [ [ 642314.0, 6994232.599999999627471 ], [ 642092.790000000037253, 6993254.33 ] ] } },
{ "type": "Feature", "properties": { "river": "Itajai_Acu", "reach": "R1", "rs": 160425.51 }, "geometry": { "type": "LineString", "coordinates": [ [ 643230.92000000004191, 6993807.96 ], [ 642990.85999999998603, 6992879.25 ] ] } },
{ "type": "Feature", "properties": { "river": "Itajai_Acu", "reach": "R1", "rs": 159425.51 }, "geometry": { "type": "LineString", "coordinates": [ [ 643616.89000000001397, 6993968.240000000223517 ], [ 644306.430000000051223, 6993383.759999999776483 ] ] } },
{ "type": "Feature", "properties": { "river": "Itajai_Acu", "reach": "R1", "rs": 158425.51 }, "geometry": { "type": "LineString", "coordinates": [ [ 643557.650000000023283, 6994286.150000000372529 ], [ 644239.589999999967404, 6994748.320000000298023 ] ] } },
{ "type": "Feature", "properties": { "river": "Itajai_Acu", "reach": "R1", "rs": 157425.51 }, "geometry": { "type": "LineString", "coordinates": [ [ 643085.660000000032596, 6995182.410000000149012 ], [ 643774.849999999976717, 6995612.200000000186265 ] ] } },
{ "type": "Feature", "properties": { "river": "Itajai_Acu", "reach": "R1", "rs": 156425.51 }, "geometry": { "type": "LineString", "coordinates": [ [ 643264.069999999948777, 6996597.440000000409782 ], [ 643483.589999999967404, 6995815.450000000186265 ] ] } },
{ "type": "Feature", "properties": { "river": "Itajai_Acu", "reach": "R1", "rs": 155425.51 }, "geometry": { "type": "LineString", "coordinates": [ [ 644434.75, 6995953.570000000298023 ], [ 643864.63, 6995375.070000000298023 ] ] } },
{ "type": "Feature", "properties": { "river": "Itajai_Acu", "reach": "R1", "rs": 154425.51 }, "geometry": { "type": "LineString", "coordinates": [ [ 644645.03000000002794, 6995946.58 ], [ 645259.53000000002794, 6995386.629999999888241 ] ] } },
{ "type": "Feature", "properties": { "river": "Itajai_Acu", "reach": "R1", "rs": 153425.51 }, "geometry": { "type": "LineString", "coordinates": [ [ 644966.28000000002794, 6996410.160000000149012 ], [ 645768.28000000002794, 6996626.269999999552965 ] ] } },
{ "type": "Feature", "properties": { "river": "Itajai_Acu", "reach": "R1", "rs": 152425.51 }, "geometry": { "type": "LineString", "coordinates": [ [ 644541.25, 6997443.17 ], [ 645341.060000000055879, 6997315.299999999813735 ] ] } },
{ "type": "Feature", "properties": { "river": "Itajai_Acu", "reach": "R1", "rs": 151605.71 }, "geometry": { "type": "LineString", "coordinates": [ [ 645516.569999999948777, 6998034.589999999850988 ], [ 645650.810000000055879, 6997276.17 ] ] } },
{ "type": "Feature", "properties": { "river": "Itajai_Acu", "reach": "R1", "rs": 150979.71 }, "geometry": { "type": "LineString", "coordinates": [ [ 646164.63, 6998206.099999999627471 ], [ 646155.160000000032596, 6997492.190000000409782 ] ] } },
{ "type": "Feature", "properties": { "river": "Itajai_Acu", "reach": "R1", "rs": 150765.52 }, "geometry": { "type": "LineString", "coordinates": [ [ 646479.89000000001397, 6998081.809999999590218 ], [ 646212.10999999998603, 6997470.559999999590218 ] ] } },
{ "type": "Feature", "properties": { "river": "Itajai_Acu", "reach": "R1", "rs": 150611.31 }, "geometry": { "type": "LineString", "coordinates": [ [ 646607.189999999944121, 6997940.730000000447035 ], [ 646307.270000000018626, 6997397.299999999813735 ] ] } },
{ "type": "Feature", "properties": { "river": "Itajai_Acu", "reach": "R1", "rs": 150461.31 }, "geometry": { "type": "LineString", "coordinates": [ [ 646685.040000000037253, 6997863.019999999552965 ], [ 646500.770000000018626, 6997289.570000000298023 ] ] } },
{ "type": "Feature", "properties": { "river": "Itajai_Acu", "reach": "R1", "rs": 150311.31 }, "geometry": { "type": "LineString", "coordinates": [ [ 646741.180000000051223, 6997833.639999999664724 ], [ 646795.099999999976717, 6997190.879999999888241 ] ] } },
{ "type": "Feature", "properties": { "river": "Itajai_Acu", "reach": "R1", "rs": 150161.31 }, "geometry": { "type": "LineString", "coordinates": [ [ 646789.660000000032596, 6997851.150000000372529 ], [ 647117.699999999953434, 6997291.299999999813735 ] ] } },
{ "type": "Feature", "properties": { "river": "Itajai_Acu", "reach": "R1", "rs": 150011.31 }, "geometry": { "type": "LineString", "coordinates": [ [ 646829.57999999995809, 6997892.0 ], [ 647365.39000000001397, 6997524.58 ] ] } },
{ "type": "Feature", "properties": { "river": "Itajai_Acu", "reach": "R1", "rs": 149861.31 }, "geometry": { "type": "LineString", "coordinates": [ [ 646862.24, 6997926.129999999888241 ], [ 647458.76, 6997864.200000000186265 ] ] } },
{ "type": "Feature", "properties": { "river": "Itajai_Acu", "reach": "R1", "rs": 149711.31 }, "geometry": { "type": "LineString", "coordinates": [ [ 646844.37, 6997982.03000000026077 ], [ 647403.550000000046566, 6998165.769999999552965 ] ] } },
{ "type": "Feature", "properties": { "river": "Itajai_Acu", "reach": "R1", "rs": 149561.31 }, "geometry": { "type": "LineString", "coordinates": [ [ 646741.979999999981374, 6998070.25 ], [ 647292.589999999967404, 6998312.17 ] ] } },
{ "type": "Feature", "properties": { "river": "Itajai_Acu", "reach": "R1", "rs": 149411.31 }, "geometry": { "type": "LineString", "coordinates": [ [ 646600.01, 6998235.599999999627471 ], [ 647244.599999999976717, 6998362.400000000372529 ] ] } },
{ "type": "Feature", "properties": { "river": "Itajai_Acu", "reach": "R1", "rs": 149261.31 }, "geometry": { "type": "LineString", "coordinates": [ [ 646511.290000000037253, 6998469.75 ], [ 647267.28000000002794, 6998406.230000000447035 ] ] } },
{ "type": "Feature", "properties": { "river": "Itajai_Acu", "reach": "R1", "rs": 149111.31 }, "geometry": { "type": "LineString", "coordinates": [ [ 646363.51, 6998691.410000000149012 ], [ 647308.07999999995809, 6998507.849999999627471 ] ] } },
{ "type": "Feature", "properties": { "river": "Itajai_Acu", "reach": "R1", "rs": 148961.31 }, "geometry": { "type": "LineString", "coordinates": [ [ 646203.310000000055879, 6998866.570000000298023 ], [ 647521.24, 6998625.200000000186265 ] ] } },
{ "type": "Feature", "properties": { "river": "Itajai_Acu", "reach": "R1", "rs": 148811.31 }, "geometry": { "type": "LineString", "coordinates": [ [ 646103.550000000046566, 6999018.799999999813735 ], [ 647780.300000000046566, 6998744.79 ] ] } },
{ "type": "Feature", "properties": { "river": "Itajai_Acu", "reach": "R1", "rs": 148661.31 }, "geometry": { "type": "LineString", "coordinates": [ [ 646149.01, 6999180.320000000298023 ], [ 647994.10999999998603, 6998842.17 ] ] } },
{ "type": "Feature", "properties": { "river": "Itajai_Acu", "reach": "R1", "rs": 148511.31 }, "geometry": { "type": "LineString", "coordinates": [ [ 646212.67000000004191, 6999279.78000000026077 ], [ 647990.28000000002794, 6999043.129999999888241 ] ] } },
{ "type": "Feature", "properties": { "river": "Itajai_Acu", "reach": "R1", "rs": 148361.31 }, "geometry": { "type": "LineString", "coordinates": [ [ 646235.180000000051223, 6999363.700000000186265 ], [ 647915.62, 6999270.589999999850988 ] ] } },
{ "type": "Feature", "properties": { "river": "Itajai_Acu", "reach": "R1", "rs": 148211.31 }, "geometry": { "type": "LineString", "coordinates": [ [ 646249.949999999953434, 6999414.089999999850988 ], [ 647732.180000000051223, 6999514.059999999590218 ] ] } },
{ "type": "Feature", "properties": { "river": "Itajai_Acu", "reach": "R1", "rs": 148061.31 }, "geometry": { "type": "LineString", "coordinates": [ [ 646258.75, 6999462.769999999552965 ], [ 647535.67000000004191, 6999715.46999999973923 ] ] } },
{ "type": "Feature", "properties": { "river": "Itajai_Acu", "reach": "R1", "rs": 147911.31 }, "geometry": { "type": "LineString", "coordinates": [ [ 646251.050000000046566, 6999535.049999999813735 ], [ 647320.88, 6999858.940000000409782 ] ] } },
{ "type": "Feature", "properties": { "river": "Itajai_Acu", "reach": "R1", "rs": 147761.31 }, "geometry": { "type": "LineString", "coordinates": [ [ 646178.459999999962747, 6999740.440000000409782 ], [ 647244.03000000002794, 6999963.320000000298023 ] ] } },
{ "type": "Feature", "properties": { "river": "Itajai_Acu", "reach": "R1", "rs": 147611.31 }, "geometry": { "type": "LineString", "coordinates": [ [ 646133.790000000037253, 7000088.5 ], [ 647220.63, 7000026.150000000372529 ] ] } },
{ "type": "Feature", "properties": { "river": "Itajai_Acu", "reach": "R1", "rs": 147461.31 }, "geometry": { "type": "LineString", "coordinates": [ [ 646230.339999999967404, 7000485.79 ], [ 647235.189999999944121, 7000066.990000000223517 ] ] } },
{ "type": "Feature", "properties": { "river": "Itajai_Acu", "reach": "R1", "rs": 147311.31 }, "geometry": { "type": "LineString", "coordinates": [ [ 646409.92000000004191, 7000772.019999999552965 ], [ 647284.349999999976717, 7000123.570000000298023 ] ] } },
{ "type": "Feature", "properties": { "river": "Itajai_Acu", "reach": "R1", "rs": 147161.31 }, "geometry": { "type": "LineString", "coordinates": [ [ 646570.14000000001397, 7000948.429999999701977 ], [ 647394.520000000018626, 7000177.25 ] ] } },
{ "type": "Feature", "properties": { "river": "Itajai_Acu", "reach": "R1", "rs": 147011.31 }, "geometry": { "type": "LineString", "coordinates": [ [ 646688.12, 7001113.92 ], [ 647511.459999999962747, 7000239.190000000409782 ] ] } },
{ "type": "Feature", "properties": { "river": "Itajai_Acu", "reach": "R1", "rs": 146861.31 }, "geometry": { "type": "LineString", "coordinates": [ [ 646797.13, 7001276.980000000447035 ], [ 647617.790000000037253, 7000316.099999999627471 ] ] } },
{ "type": "Feature", "properties": { "river": "Itajai_Acu", "reach": "R1", "rs": 146711.31 }, "geometry": { "type": "LineString", "coordinates": [ [ 647001.040000000037253, 7001406.099999999627471 ], [ 647687.53000000002794, 7000401.71999999973923 ] ] } },
{ "type": "Feature", "properties": { "river": "Itajai_Acu", "reach": "R1", "rs": 146561.31 }, "geometry": { "type": "LineString", "coordinates": [ [ 647312.979999999981374, 7001398.150000000372529 ], [ 647751.32999999995809, 7000472.379999999888241 ] ] } },
{ "type": "Feature", "properties": { "river": "Itajai_Acu", "reach": "R1", "rs": 146411.31 }, "geometry": { "type": "LineString", "coordinates": [ [ 647644.12, 7001316.33 ], [ 647808.680000000051223, 7000490.519999999552965 ] ] } },
{ "type": "Feature", "properties": { "river": "Itajai_Acu", "reach": "R1", "rs": 146261.31 }, "geometry": { "type": "LineString", "coordinates": [ [ 647914.39000000001397, 7001195.019999999552965 ], [ 647851.28000000002794, 7000506.259999999776483 ] ] } },
{ "type": "Feature", "properties": { "river": "Itajai_Acu", "reach": "R1", "rs": 146111.31 }, "geometry": { "type": "LineString", "coordinates": [ [ 648115.82999999995809, 7001081.410000000149012 ], [ 647908.39000000001397, 7000481.480000000447035 ] ] } },
{ "type": "Feature", "properties": { "river": "Itajai_Acu", "reach": "R1", "rs": 145961.31 }, "geometry": { "type": "LineString", "coordinates": [ [ 648250.089999999967404, 7000943.58 ], [ 647999.07999999995809, 7000423.03000000026077 ] ] } },
{ "type": "Feature", "properties": { "river": "Itajai_Acu", "reach": "R1", "rs": 145811.31 }, "geometry": { "type": "LineString", "coordinates": [ [ 648338.07999999995809, 7000860.950000000186265 ], [ 648186.060000000055879, 7000315.54 ] ] } },
{ "type": "Feature", "properties": { "river": "Itajai_Acu", "reach": "R1", "rs": 145661.31 }, "geometry": { "type": "LineString", "coordinates": [ [ 648401.229999999981374, 7000836.21 ], [ 648488.300000000046566, 7000236.21 ] ] } },
{ "type": "Feature", "properties": { "river": "Itajai_Acu", "reach": "R1", "rs": 145511.31 }, "geometry": { "type": "LineString", "coordinates": [ [ 648438.28000000002794, 7000857.620000000111759 ], [ 648847.540000000037253, 7000357.320000000298023 ] ] } },
{ "type": "Feature", "properties": { "river": "Itajai_Acu", "reach": "R1", "rs": 145361.31 }, "geometry": { "type": "LineString", "coordinates": [ [ 648460.709999999962747, 7000906.889999999664724 ], [ 649088.38, 7000648.870000000111759 ] ] } },
{ "type": "Feature", "properties": { "river": "Itajai_Acu", "reach": "R1", "rs": 145211.31 }, "geometry": { "type": "LineString", "coordinates": [ [ 648471.32999999995809, 7000984.58 ], [ 649155.64000000001397, 7000962.059999999590218 ] ] } },
{ "type": "Feature", "properties": { "river": "Itajai_Acu", "reach": "R1", "rs": 145061.31 }, "geometry": { "type": "LineString", "coordinates": [ [ 648416.71999999997206, 7001063.450000000186265 ], [ 649114.14000000001397, 7001254.490000000223517 ] ] } },
{ "type": "Feature", "properties": { "river": "Itajai_Acu", "reach": "R1", "rs": 144911.31 }, "geometry": { "type": "LineString", "coordinates": [ [ 648328.680000000051223, 7001136.42 ], [ 649052.839999999967404, 7001494.599999999627471 ] ] } },
{ "type": "Feature", "properties": { "river": "Itajai_Acu", "reach": "R1", "rs": 144761.31 }, "geometry": { "type": "LineString", "coordinates": [ [ 648166.430000000051223, 7001167.940000000409782 ], [ 648999.319999999948777, 7001713.509999999776483 ] ] } },
{ "type": "Feature", "properties": { "river": "Itajai_Acu", "reach": "R1", "rs": 144611.31 }, "geometry": { "type": "LineString", "coordinates": [ [ 647946.349999999976717, 7001155.240000000223517 ], [ 649024.800000000046566, 7001970.730000000447035 ] ] } },
{ "type": "Feature", "properties": { "river": "Itajai_Acu", "reach": "R1", "rs": 144461.31 }, "geometry": { "type": "LineString", "coordinates": [ [ 647682.729999999981374, 7001099.629999999888241 ], [ 648927.459999999962747, 7002126.940000000409782 ] ] } },
{ "type": "Feature", "properties": { "river": "Itajai_Acu", "reach": "R1", "rs": 144311.31 }, "geometry": { "type": "LineString", "coordinates": [ [ 647550.89000000001397, 7001083.980000000447035 ], [ 648768.12, 7002271.389999999664724 ] ] } },
{ "type": "Feature", "properties": { "river": "Itajai_Acu", "reach": "R1", "rs": 144161.31 }, "geometry": { "type": "LineString", "coordinates": [ [ 647506.459999999962747, 7001229.700000000186265 ], [ 648570.290000000037253, 7002302.839999999850988 ] ] } },
{ "type": "Feature", "properties": { "river": "Itajai_Acu", "reach": "R1", "rs": 144011.31 }, "geometry": { "type": "LineString", "coordinates": [ [ 647460.32999999995809, 7001463.42 ], [ 648487.01, 7002370.299999999813735 ] ] } },
{ "type": "Feature", "properties": { "river": "Itajai_Acu", "reach": "R1", "rs": 143861.31 }, "geometry": { "type": "LineString", "coordinates": [ [ 647397.67000000004191, 7001737.400000000372529 ], [ 648456.32999999995809, 7002403.110000000335276 ] ] } },
{ "type": "Feature", "properties": { "river": "Itajai_Acu", "reach": "R1", "rs": 143711.31 }, "geometry": { "type": "LineString", "coordinates": [ [ 647333.42000000004191, 7001954.299999999813735 ], [ 648396.550000000046566, 7002452.320000000298023 ] ] } },
{ "type": "Feature", "properties": { "river": "Itajai_Acu", "reach": "R1", "rs": 143561.31 }, "geometry": { "type": "LineString", "coordinates": [ [ 647336.449999999953434, 7002110.320000000298023 ], [ 648313.949999999953434, 7002585.089999999850988 ] ] } },
{ "type": "Feature", "properties": { "river": "Itajai_Acu", "reach": "R1", "rs": 143411.31 }, "geometry": { "type": "LineString", "coordinates": [ [ 647294.99, 7002183.179999999701977 ], [ 648147.060000000055879, 7002738.78000000026077 ] ] } },
{ "type": "Feature", "properties": { "river": "Itajai_Acu", "reach": "R1", "rs": 143261.31 }, "geometry": { "type": "LineString", "coordinates": [ [ 647265.770000000018626, 7002217.230000000447035 ], [ 647942.790000000037253, 7002888.480000000447035 ] ] } },
{ "type": "Feature", "properties": { "river": "Itajai_Acu", "reach": "R1", "rs": 143111.31 }, "geometry": { "type": "LineString", "coordinates": [ [ 647174.949999999953434, 7002294.230000000447035 ], [ 647769.150000000023283, 7002958.049999999813735 ] ] } },
{ "type": "Feature", "properties": { "river": "Itajai_Acu", "reach": "R1", "rs": 142961.31 }, "geometry": { "type": "LineString", "coordinates": [ [ 647034.199999999953434, 7002403.71 ], [ 647617.520000000018626, 7002983.259999999776483 ] ] } },
{ "type": "Feature", "properties": { "river": "Itajai_Acu", "reach": "R1", "rs": 142811.31 }, "geometry": { "type": "LineString", "coordinates": [ [ 646866.24, 7002616.33 ], [ 647520.160000000032596, 7003009.96999999973923 ] ] } },
{ "type": "Feature", "properties": { "river": "Itajai_Acu", "reach": "R1", "rs": 142661.31 }, "geometry": { "type": "LineString", "coordinates": [ [ 646756.849999999976717, 7002890.75 ], [ 647448.63, 7003065.839999999850988 ] ] } },
{ "type": "Feature", "properties": { "river": "Itajai_Acu", "reach": "R1", "rs": 142511.31 }, "geometry": { "type": "LineString", "coordinates": [ [ 646737.770000000018626, 7003197.58 ], [ 647432.64000000001397, 7003148.059999999590218 ] ] } },
{ "type": "Feature", "properties": { "river": "Itajai_Acu", "reach": "R1", "rs": 142361.31 }, "geometry": { "type": "LineString", "coordinates": [ [ 646816.520000000018626, 7003544.389999999664724 ], [ 647430.78000000002794, 7003215.79 ] ] } },
{ "type": "Feature", "properties": { "river": "Itajai_Acu", "reach": "R1", "rs": 142211.31 }, "geometry": { "type": "LineString", "coordinates": [ [ 647081.38, 7003853.059999999590218 ], [ 647446.709999999962747, 7003259.910000000149012 ] ] } },
{ "type": "Feature", "properties": { "river": "Itajai_Acu", "reach": "R1", "rs": 142061.31 }, "geometry": { "type": "LineString", "coordinates": [ [ 647428.87, 7003941.129999999888241 ], [ 647514.63, 7003249.799999999813735 ] ] } },
{ "type": "Feature", "properties": { "river": "Itajai_Acu", "reach": "R1", "rs": 141911.31 }, "geometry": { "type": "LineString", "coordinates": [ [ 647642.03000000002794, 7003918.21999999973923 ], [ 647635.520000000018626, 7003206.309999999590218 ] ] } },
{ "type": "Feature", "properties": { "river": "Itajai_Acu", "reach": "R1", "rs": 141761.31 }, "geometry": { "type": "LineString", "coordinates": [ [ 647731.24, 7003921.139999999664724 ], [ 647821.569999999948777, 7003089.049999999813735 ] ] } },
{ "type": "Feature", "properties": { "river": "Itajai_Acu", "reach": "R1", "rs": 141611.31 }, "geometry": { "type": "LineString", "coordinates": [ [ 647780.199999999953434, 7003996.28000000026077 ], [ 648056.800000000046566, 7002996.019999999552965 ] ] } },
{ "type": "Feature", "properties": { "river": "Itajai_Acu", "reach": "R1", "rs": 141461.31 }, "geometry": { "type": "LineString", "coordinates": [ [ 647885.939999999944121, 7004094.910000000149012 ], [ 648255.310000000055879, 7002917.25 ] ] } },
{ "type": "Feature", "properties": { "river": "Itajai_Acu", "reach": "R1", "rs": 141311.31 }, "geometry": { "type": "LineString", "coordinates": [ [ 648095.949999999953434, 7004121.679999999701977 ], [ 648356.709999999962747, 7002848.53000000026077 ] ] } },
{ "type": "Feature", "properties": { "river": "Itajai_Acu", "reach": "R1", "rs": 141161.31 }, "geometry": { "type": "LineString", "coordinates": [ [ 648310.349999999976717, 7004082.299999999813735 ], [ 648430.32999999995809, 7002862.490000000223517 ] ] } },
{ "type": "Feature", "properties": { "river": "Itajai_Acu", "reach": "R1", "rs": 141011.31 }, "geometry": { "type": "LineString", "coordinates": [ [ 648456.839999999967404, 7004012.429999999701977 ], [ 648587.32999999995809, 7002942.910000000149012 ] ] } },
{ "type": "Feature", "properties": { "river": "Itajai_Acu", "reach": "R1", "rs": 140861.31 }, "geometry": { "type": "LineString", "coordinates": [ [ 648539.32999999995809, 7004014.179999999701977 ], [ 648796.32999999995809, 7003099.009999999776483 ] ] } },
{ "type": "Feature", "properties": { "river": "Itajai_Acu", "reach": "R1", "rs": 140711.31 }, "geometry": { "type": "LineString", "coordinates": [ [ 648579.949999999953434, 7004032.490000000223517 ], [ 649012.939999999944121, 7003260.46 ] ] } },
{ "type": "Feature", "properties": { "river": "Itajai_Acu", "reach": "R1", "rs": 140561.31 }, "geometry": { "type": "LineString", "coordinates": [ [ 648650.849999999976717, 7004096.42 ], [ 649173.310000000055879, 7003384.339999999850988 ] ] } },
{ "type": "Feature", "properties": { "river": "Itajai_Acu", "reach": "R1", "rs": 140411.31 }, "geometry": { "type": "LineString", "coordinates": [ [ 648783.01, 7004216.370000000111759 ], [ 649257.26, 7003472.71 ] ] } },
{ "type": "Feature", "properties": { "river": "Itajai_Acu", "reach": "R1", "rs": 140261.31 }, "geometry": { "type": "LineString", "coordinates": [ [ 648988.060000000055879, 7004379.46999999973923 ], [ 649295.76, 7003503.33 ] ] } },
{ "type": "Feature", "properties": { "river": "Itajai_Acu", "reach": "R2", "rs": 140111.31 }, "geometry": { "type": "LineString", "coordinates": [ [ 649236.050000000046566, 7004564.120000000111759 ], [ 649341.53000000002794, 7003496.610000000335276 ] ] } },
{ "type": "Feature", "properties": { "river": "Itajai_Acu", "reach": "R2", "rs": 139772.01 }, "geometry": { "type": "LineString", "coordinates": [ [ 649867.349999999976717, 7004710.370000000111759 ], [ 649509.89000000001397, 7003470.71 ] ] } },
{ "type": "Feature", "properties": { "river": "Itajai_Acu", "reach": "R2", "rs": 139095.56 }, "geometry": { "type": "LineString", "coordinates": [ [ 650877.310000000055879, 7004341.870000000111759 ], [ 649892.430000000051223, 7003178.440000000409782 ] ] } },
{ "type": "Feature", "properties": { "river": "Itajai_Acu", "reach": "R2", "rs": 138757.85 }, "geometry": { "type": "LineString", "coordinates": [ [ 651193.160000000032596, 7004137.049999999813735 ], [ 649969.790000000037253, 7002786.46 ] ] } },
{ "type": "Feature", "properties": { "river": "Itajai_Acu", "reach": "R2", "rs": 138603.86 }, "geometry": { "type": "LineString", "coordinates": [ [ 651250.99, 7004092.360000000335276 ], [ 649992.39000000001397, 7002479.120000000111759 ] ] } },
{ "type": "Feature", "properties": { "river": "Itajai_Acu", "reach": "R2", "rs": 138453.86 }, "geometry": { "type": "LineString", "coordinates": [ [ 651287.319999999948777, 7004066.089999999850988 ], [ 650132.520000000018626, 7002254.089999999850988 ] ] } },
{ "type": "Feature", "properties": { "river": "Itajai_Acu", "reach": "R2", "rs": 138303.86 }, "geometry": { "type": "LineString", "coordinates": [ [ 651331.400000000023283, 7004037.679999999701977 ], [ 650420.900000000023283, 7002284.28000000026077 ] ] } },
{ "type": "Feature", "properties": { "river": "Itajai_Acu", "reach": "R2", "rs": 138153.86 }, "geometry": { "type": "LineString", "coordinates": [ [ 651407.770000000018626, 7004009.839999999850988 ], [ 650682.910000000032596, 7002372.0 ] ] } },
{ "type": "Feature", "properties": { "river": "Itajai_Acu", "reach": "R2", "rs": 138003.86 }, "geometry": { "type": "LineString", "coordinates": [ [ 651537.599999999976717, 7003957.259999999776483 ], [ 650877.74, 7002429.370000000111759 ] ] } },
{ "type": "Feature", "properties": { "river": "Itajai_Acu", "reach": "R2", "rs": 137853.86 }, "geometry": { "type": "LineString", "coordinates": [ [ 651768.17000000004191, 7003810.33 ], [ 650966.0, 7002412.21 ] ] } },
{ "type": "Feature", "properties": { "river": "Itajai_Acu", "reach": "R2", "rs": 137703.86 }, "geometry": { "type": "LineString", "coordinates": [ [ 652022.96999999997206, 7003589.620000000111759 ], [ 651010.25, 7002388.400000000372529 ] ] } },
{ "type": "Feature", "properties": { "river": "Itajai_Acu", "reach": "R2", "rs": 137553.86 }, "geometry": { "type": "LineString", "coordinates": [ [ 652227.839999999967404, 7003313.78000000026077 ], [ 651036.520000000018626, 7002351.650000000372529 ] ] } },
{ "type": "Feature", "properties": { "river": "Itajai_Acu", "reach": "R2", "rs": 137403.86 }, "geometry": { "type": "LineString", "coordinates": [ [ 652341.949999999953434, 7003141.660000000149012 ], [ 651096.959999999962747, 7002250.059999999590218 ] ] } },
{ "type": "Feature", "properties": { "river": "Itajai_Acu", "reach": "R2", "rs": 137253.86 }, "geometry": { "type": "LineString", "coordinates": [ [ 652403.849999999976717, 7003047.099999999627471 ], [ 651079.310000000055879, 7002021.480000000447035 ] ] } },
{ "type": "Feature", "properties": { "river": "Itajai_Acu", "reach": "R2", "rs": 137103.86 }, "geometry": { "type": "LineString", "coordinates": [ [ 652428.949999999953434, 7003009.400000000372529 ], [ 651117.78000000002794, 7001748.46999999973923 ] ] } },
{ "type": "Feature", "properties": { "river": "Itajai_Acu", "reach": "R2", "rs": 136953.86 }, "geometry": { "type": "LineString", "coordinates": [ [ 652488.38, 7002965.059999999590218 ], [ 651160.709999999962747, 7001474.78000000026077 ] ] } },
{ "type": "Feature", "properties": { "river": "Itajai_Acu", "reach": "R2", "rs": 136803.86 }, "geometry": { "type": "LineString", "coordinates": [ [ 652599.349999999976717, 7002946.910000000149012 ], [ 651285.32999999995809, 7001304.389999999664724 ] ] } },
{ "type": "Feature", "properties": { "river": "Itajai_Acu", "reach": "R2", "rs": 136653.86 }, "geometry": { "type": "LineString", "coordinates": [ [ 652625.24, 7002707.46999999973923 ], [ 651493.12, 7001356.910000000149012 ] ] } },
{ "type": "Feature", "properties": { "river": "Itajai_Acu", "reach": "R2", "rs": 136503.86 }, "geometry": { "type": "LineString", "coordinates": [ [ 652609.07999999995809, 7002396.400000000372529 ], [ 651720.99, 7001459.660000000149012 ] ] } },
{ "type": "Feature", "properties": { "river": "Itajai_Acu", "reach": "R2", "rs": 136353.86 }, "geometry": { "type": "LineString", "coordinates": [ [ 652500.709999999962747, 7002040.849999999627471 ], [ 651973.839999999967404, 7001544.410000000149012 ] ] } },
{ "type": "Feature", "properties": { "river": "Itajai_Acu", "reach": "R2", "rs": 136203.86 }, "geometry": { "type": "LineString", "coordinates": [ [ 652523.699999999953434, 7001851.589999999850988 ], [ 652074.13, 7001445.700000000186265 ] ] } },
{ "type": "Feature", "properties": { "river": "Itajai_Acu", "reach": "R2", "rs": 136034.82 }, "geometry": { "type": "LineString", "coordinates": [ [ 652608.849999999976717, 7001728.33 ], [ 652225.37, 7001286.679999999701977 ] ] } },
{ "type": "Feature", "properties": { "river": "Itajai_Acu", "reach": "R2", "rs": 135796.82 }, "geometry": { "type": "LineString", "coordinates": [ [ 652689.67000000004191, 7001638.08 ], [ 652696.060000000055879, 7001053.299999999813735 ] ] } },
{ "type": "Feature", "properties": { "river": "Itajai_Acu", "reach": "R2", "rs": 135378.62 }, "geometry": { "type": "LineString", "coordinates": [ [ 652647.729999999981374, 7001747.259999999776483 ], [ 653178.46999999997206, 7001850.370000000111759 ] ] } },
{ "type": "Feature", "properties": { "river": "Itajai_Acu", "reach": "R2", "rs": 134686.31 }, "geometry": { "type": "LineString", "coordinates": [ [ 652619.67000000004191, 7002440.78000000026077 ], [ 653114.78000000002794, 7002473.25 ] ] } },
{ "type": "Feature", "properties": { "river": "Itajai_Acu", "reach": "R2", "rs": 133729.04 }, "geometry": { "type": "LineString", "coordinates": [ [ 652918.03000000002794, 7003470.889999999664724 ], [ 653217.810000000055879, 7003081.820000000298023 ] ] } },
{ "type": "Feature", "properties": { "river": "Itajai_Acu", "reach": "R2", "rs": 132799.96 }, "geometry": { "type": "LineString", "coordinates": [ [ 653877.979999999981374, 7003688.150000000372529 ], [ 653985.290000000037253, 7003168.879999999888241 ] ] } },
{ "type": "Feature", "properties": { "river": "Itajai_Acu", "reach": "R2", "rs": 131874.69 }, "geometry": { "type": "LineString", "coordinates": [ [ 653866.930000000051223, 7003994.28000000026077 ], [ 654363.069999999948777, 7004274.150000000372529 ] ] } },
{ "type": "Feature", "properties": { "river": "Itajai_Acu", "reach": "R2", "rs": 130891.8 }, "geometry": { "type": "LineString", "coordinates": [ [ 654565.660000000032596, 7005000.870000000111759 ], [ 654371.67000000004191, 7004444.379999999888241 ] ] } },
{ "type": "Feature", "properties": { "river": "Itajai_Acu", "reach": "R2", "rs": 130407.83 }, "geometry": { "type": "LineString", "coordinates": [ [ 655057.540000000037253, 7004617.389999999664724 ], [ 654611.39000000001397, 7004202.820000000298023 ] ] } },
{ "type": "Feature", "properties": { "river": "Itajai_Acu", "reach": "R2", "rs": 129998.43 }, "geometry": { "type": "LineString", "coordinates": [ [ 655224.209999999962747, 7004519.190000000409782 ], [ 655077.589999999967404, 7003857.58 ] ] } },
{ "type": "Feature", "properties": { "river": "Itajai_Acu", "reach": "R2", "rs": 129522.51 }, "geometry": { "type": "LineString", "coordinates": [ [ 655558.300000000046566, 7004586.349999999627471 ], [ 655676.13, 7003840.089999999850988 ] ] } },
{ "type": "Feature", "properties": { "river": "Itajai_Acu", "reach": "R2", "rs": 128801.86 }, "geometry": { "type": "LineString", "coordinates": [ [ 655906.76, 7004842.129999999888241 ], [ 656546.819999999948777, 7004233.900000000372529 ] ] } },
{ "type": "Feature", "properties": { "river": "Itajai_Acu", "reach": "R2", "rs": 127801.86 }, "geometry": { "type": "LineString", "coordinates": [ [ 656313.17000000004191, 7005524.309999999590218 ], [ 657283.35999999998603, 7005163.150000000372529 ] ] } },
{ "type": "Feature", "properties": { "river": "Itajai_Acu", "reach": "R2", "rs": 126801.86 }, "geometry": { "type": "LineString", "coordinates": [ [ 657351.400000000023283, 7006669.019999999552965 ], [ 657442.14000000001397, 7005513.96999999973923 ] ] } },
{ "type": "Feature", "properties": { "river": "Itajai_Acu", "reach": "R2", "rs": 125801.86 }, "geometry": { "type": "LineString", "coordinates": [ [ 658420.589999999967404, 7006193.33 ], [ 658059.959999999962747, 7004994.599999999627471 ] ] } },
{ "type": "Feature", "properties": { "river": "Itajai_Acu", "reach": "R2", "rs": 124828.88 }, "geometry": { "type": "LineString", "coordinates": [ [ 658730.099999999976717, 7006228.549999999813735 ], [ 659572.020000000018626, 7005263.78000000026077 ] ] } },
{ "type": "Feature", "properties": { "river": "Itajai_Acu", "reach": "R2", "rs": 124032.88 }, "geometry": { "type": "LineString", "coordinates": [ [ 658723.680000000051223, 7006522.400000000372529 ], [ 660026.319999999948777, 7006391.889999999664724 ] ] } },
{ "type": "Feature", "properties": { "river": "Itajai_Acu", "reach": "R2", "rs": 123041.68 }, "geometry": { "type": "LineString", "coordinates": [ [ 658728.270000000018626, 7007008.160000000149012 ], [ 659814.64000000001397, 7007755.120000000111759 ] ] } },
{ "type": "Feature", "properties": { "river": "Itajai_Acu", "reach": "R2", "rs": 122041.68 }, "geometry": { "type": "LineString", "coordinates": [ [ 658399.38, 7008529.559999999590218 ], [ 659504.99, 7007982.379999999888241 ] ] } },
{ "type": "Feature", "properties": { "river": "Itajai_Acu", "reach": "R2", "rs": 121041.68 }, "geometry": { "type": "LineString", "coordinates": [ [ 659128.060000000055879, 7009287.92 ], [ 660096.939999999944121, 7008670.610000000335276 ] ] } },
{ "type": "Feature", "properties": { "river": "Itajai_Acu", "reach": "R2", "rs": 120041.68 }, "geometry": { "type": "LineString", "coordinates": [ [ 660030.01, 7010048.769999999552965 ], [ 660605.400000000023283, 7009153.730000000447035 ] ] } },
{ "type": "Feature", "properties": { "river": "Itajai_Acu", "reach": "R2", "rs": 119041.68 }, "geometry": { "type": "LineString", "coordinates": [ [ 661047.339999999967404, 7010363.349999999627471 ], [ 661381.67000000004191, 7009379.099999999627471 ] ] } },
{ "type": "Feature", "properties": { "river": "Itajai_Acu", "reach": "R2", "rs": 118041.68 }, "geometry": { "type": "LineString", "coordinates": [ [ 661101.07999999995809, 7010635.990000000223517 ], [ 661967.459999999962747, 7011093.320000000298023 ] ] } },
{ "type": "Feature", "properties": { "river": "Itajai_Acu", "reach": "R2", "rs": 117041.68 }, "geometry": { "type": "LineString", "coordinates": [ [ 660599.87, 7011647.54 ], [ 661518.32999999995809, 7011698.25 ] ] } },
{ "type": "Feature", "properties": { "river": "Itajai_Acu", "reach": "R2", "rs": 116041.68 }, "geometry": { "type": "LineString", "coordinates": [ [ 660440.189999999944121, 7012571.54 ], [ 661368.050000000046566, 7012749.71999999973923 ] ] } },
{ "type": "Feature", "properties": { "river": "Itajai_Acu", "reach": "R2", "rs": 115041.68 }, "geometry": { "type": "LineString", "coordinates": [ [ 659967.160000000032596, 7013314.96 ], [ 660873.189999999944121, 7013749.950000000186265 ] ] } },
{ "type": "Feature", "properties": { "river": "Itajai_Acu", "reach": "R2", "rs": 114041.68 }, "geometry": { "type": "LineString", "coordinates": [ [ 660484.5, 7014868.509999999776483 ], [ 661081.660000000032596, 7013914.490000000223517 ] ] } },
{ "type": "Feature", "properties": { "river": "Itajai_Acu", "reach": "R2", "rs": 113041.68 }, "geometry": { "type": "LineString", "coordinates": [ [ 660903.26, 7015234.349999999627471 ], [ 662025.25, 7014692.549999999813735 ] ] } },
{ "type": "Feature", "properties": { "river": "Itajai_Acu", "reach": "R2", "rs": 112041.68 }, "geometry": { "type": "LineString", "coordinates": [ [ 661008.35999999998603, 7015585.17 ], [ 662353.770000000018626, 7015985.759999999776483 ] ] } },
{ "type": "Feature", "properties": { "river": "Itajai_Acu", "reach": "R2", "rs": 111041.68 }, "geometry": { "type": "LineString", "coordinates": [ [ 660541.310000000055879, 7016642.809999999590218 ], [ 662015.26, 7016815.71 ] ] } },
{ "type": "Feature", "properties": { "river": "Itajai_Acu", "reach": "R2", "rs": 110041.68 }, "geometry": { "type": "LineString", "coordinates": [ [ 661392.42000000004191, 7018284.179999999701977 ], [ 662317.089999999967404, 7017097.870000000111759 ] ] } },
{ "type": "Feature", "properties": { "river": "Itajai_Acu", "reach": "R2", "rs": 109041.68 }, "geometry": { "type": "LineString", "coordinates": [ [ 663265.699999999953434, 7018634.21999999973923 ], [ 662540.42000000004191, 7017369.339999999850988 ] ] } },
{ "type": "Feature", "properties": { "river": "Itajai_Acu", "reach": "R2", "rs": 108041.68 }, "geometry": { "type": "LineString", "coordinates": [ [ 664057.32999999995809, 7017723.700000000186265 ], [ 663118.849999999976717, 7016731.889999999664724 ] ] } },
{ "type": "Feature", "properties": { "river": "Itajai_Acu", "reach": "R2", "rs": 107041.68 }, "geometry": { "type": "LineString", "coordinates": [ [ 664720.64000000001397, 7017130.440000000409782 ], [ 663984.60999999998603, 7016081.71999999973923 ] ] } },
{ "type": "Feature", "properties": { "river": "Itajai_Acu", "reach": "R2", "rs": 106041.68 }, "geometry": { "type": "LineString", "coordinates": [ [ 665183.88, 7016805.08 ], [ 665256.089999999967404, 7015697.849999999627471 ] ] } },
{ "type": "Feature", "properties": { "river": "Itajai_Acu", "reach": "R2", "rs": 105041.68 }, "geometry": { "type": "LineString", "coordinates": [ [ 666186.85999999998603, 7016970.04 ], [ 666220.85999999998603, 7015968.79 ] ] } },
{ "type": "Feature", "properties": { "river": "Itajai_Acu", "reach": "R2", "rs": 104041.68 }, "geometry": { "type": "LineString", "coordinates": [ [ 666516.62, 7016948.820000000298023 ], [ 667331.53000000002794, 7016601.92 ] ] } },
{ "type": "Feature", "properties": { "river": "Itajai_Acu", "reach": "R2", "rs": 103041.68 }, "geometry": { "type": "LineString", "coordinates": [ [ 666011.24, 7016959.849999999627471 ], [ 666680.99, 7017539.370000000111759 ] ] } },
{ "type": "Feature", "properties": { "river": "Itajai_Acu", "reach": "R2", "rs": 102041.68 }, "geometry": { "type": "LineString", "coordinates": [ [ 667081.07999999995809, 7018438.009999999776483 ], [ 666800.78000000002794, 7017597.860000000335276 ] ] } },
{ "type": "Feature", "properties": { "river": "Itajai_Acu", "reach": "R2", "rs": 101041.68 }, "geometry": { "type": "LineString", "coordinates": [ [ 667857.660000000032596, 7018059.379999999888241 ], [ 667747.85999999998603, 7017179.389999999664724 ] ] } },
{ "type": "Feature", "properties": { "river": "Itajai_Acu", "reach": "R2", "rs": 100041.68 }, "geometry": { "type": "LineString", "coordinates": [ [ 668627.13, 7018112.490000000223517 ], [ 668866.88, 7017101.259999999776483 ] ] } },
{ "type": "Feature", "properties": { "river": "Itajai_Acu", "reach": "R2", "rs": 99041.68 }, "geometry": { "type": "LineString", "coordinates": [ [ 669052.349999999976717, 7018191.509999999776483 ], [ 670156.800000000046566, 7017610.990000000223517 ] ] } },
{ "type": "Feature", "properties": { "river": "Itajai_Acu", "reach": "R2", "rs": 98041.68 }, "geometry": { "type": "LineString", "coordinates": [ [ 669121.089999999967404, 7019261.21999999973923 ], [ 670312.709999999962747, 7018436.25 ] ] } },
{ "type": "Feature", "properties": { "river": "Itajai_Acu", "reach": "R2", "rs": 97041.68 }, "geometry": { "type": "LineString", "coordinates": [ [ 669541.949999999953434, 7019885.360000000335276 ], [ 671023.459999999962747, 7019354.519999999552965 ] ] } },
{ "type": "Feature", "properties": { "river": "Itajai_Acu", "reach": "R2", "rs": 96041.68 }, "geometry": { "type": "LineString", "coordinates": [ [ 669723.88, 7020810.629999999888241 ], [ 671302.24, 7020357.370000000111759 ] ] } },
{ "type": "Feature", "properties": { "river": "Itajai_Acu", "reach": "R2", "rs": 95041.68 }, "geometry": { "type": "LineString", "coordinates": [ [ 669732.180000000051223, 7021763.809999999590218 ], [ 671480.089999999967404, 7021375.950000000186265 ] ] } },
{ "type": "Feature", "properties": { "river": "Itajai_Acu", "reach": "R2", "rs": 94041.68 }, "geometry": { "type": "LineString", "coordinates": [ [ 671200.24, 7023230.839999999850988 ], [ 671768.520000000018626, 7021482.480000000447035 ] ] } },
{ "type": "Feature", "properties": { "river": "Itajai_Acu", "reach": "R2", "rs": 93041.68 }, "geometry": { "type": "LineString", "coordinates": [ [ 671687.520000000018626, 7023062.860000000335276 ], [ 672971.75, 7021777.759999999776483 ] ] } },
{ "type": "Feature", "properties": { "river": "Itajai_Acu", "reach": "R2", "rs": 92115.28 }, "geometry": { "type": "LineString", "coordinates": [ [ 672388.589999999967404, 7023673.190000000409782 ], [ 673588.180000000051223, 7022452.599999999627471 ] ] } },
{ "type": "Feature", "properties": { "river": "Itajai_Acu", "reach": "R2", "rs": 91416.8 }, "geometry": { "type": "LineString", "coordinates": [ [ 673422.729999999981374, 7024197.5 ], [ 673868.64000000001397, 7022627.42 ] ] } },
{ "type": "Feature", "properties": { "river": "Itajai_Acu", "reach": "R2", "rs": 91266.8 }, "geometry": { "type": "LineString", "coordinates": [ [ 673696.410000000032596, 7024214.0 ], [ 673921.040000000037253, 7022607.110000000335276 ] ] } },
{ "type": "Feature", "properties": { "river": "Itajai_Acu", "reach": "R2", "rs": 91116.8 }, "geometry": { "type": "LineString", "coordinates": [ [ 673834.64000000001397, 7024224.160000000149012 ], [ 674079.28000000002794, 7022620.190000000409782 ] ] } },
{ "type": "Feature", "properties": { "river": "Itajai_Acu", "reach": "R2", "rs": 90912.24 }, "geometry": { "type": "LineString", "coordinates": [ [ 673936.24, 7024229.46 ], [ 674377.270000000018626, 7022633.83 ] ] } },
{ "type": "Feature", "properties": { "river": "Itajai_Acu", "reach": "R2", "rs": 90564.21 }, "geometry": { "type": "LineString", "coordinates": [ [ 674044.800000000046566, 7024253.690000000409782 ], [ 674884.24, 7022892.849999999627471 ] ] } },
{ "type": "Feature", "properties": { "river": "Itajai_Acu", "reach": "R2", "rs": 89862.86 }, "geometry": { "type": "LineString", "coordinates": [ [ 674380.430000000051223, 7024591.509999999776483 ], [ 675400.910000000032596, 7023629.259999999776483 ] ] } },
{ "type": "Feature", "properties": { "river": "Itajai_Acu", "reach": "R3", "rs": 88862.86 }, "geometry": { "type": "LineString", "coordinates": [ [ 675510.540000000037253, 7025120.929999999701977 ], [ 676029.64000000001397, 7024083.839999999850988 ] ] } },
{ "type": "Feature", "properties": { "river": "Itajai_Acu", "reach": "R3", "rs": 87862.86 }, "geometry": { "type": "LineString", "coordinates": [ [ 676056.49, 7025563.509999999776483 ], [ 676805.53000000002794, 7024941.839999999850988 ] ] } },
{ "type": "Feature", "properties": { "river": "Itajai_Acu", "reach": "R3", "rs": 87587.18 }, "geometry": { "type": "LineString", "coordinates": [ [ 676392.189999999944121, 7025866.639999999664724 ], [ 676920.229999999981374, 7025104.929999999701977 ] ] } },
{ "type": "Feature", "properties": { "river": "Itajai_Acu", "reach": "R3", "rs": 87425.39 }, "geometry": { "type": "LineString", "coordinates": [ [ 676746.57999999995809, 7026002.559999999590218 ], [ 676973.910000000032596, 7025138.070000000298023 ] ] } },
{ "type": "Feature", "properties": { "river": "Itajai_Acu", "reach": "R3", "rs": 87224.31 }, "geometry": { "type": "LineString", "coordinates": [ [ 677243.400000000023283, 7026003.25 ], [ 677031.699999999953434, 7025134.799999999813735 ] ] } },
{ "type": "Feature", "properties": { "river": "Itajai_Acu", "reach": "R3", "rs": 86882.94 }, "geometry": { "type": "LineString", "coordinates": [ [ 677789.709999999962747, 7025666.139999999664724 ], [ 677181.26, 7025011.309999999590218 ] ] } },
{ "type": "Feature", "properties": { "river": "Itajai_Acu", "reach": "R3", "rs": 86502.84 }, "geometry": { "type": "LineString", "coordinates": [ [ 677854.74, 7025571.389999999664724 ], [ 677560.78000000002794, 7024662.089999999850988 ] ] } },
{ "type": "Feature", "properties": { "river": "Itajai_Acu", "reach": "R3", "rs": 86352.2 }, "geometry": { "type": "LineString", "coordinates": [ [ 677923.13, 7025576.110000000335276 ], [ 677736.49, 7024528.099999999627471 ] ] } },
{ "type": "Feature", "properties": { "river": "Itajai_Acu", "reach": "R3", "rs": 86202.2 }, "geometry": { "type": "LineString", "coordinates": [ [ 678105.839999999967404, 7025560.92 ], [ 677835.650000000023283, 7024419.089999999850988 ] ] } },
{ "type": "Feature", "properties": { "river": "Itajai_Acu", "reach": "R3", "rs": 86052.2 }, "geometry": { "type": "LineString", "coordinates": [ [ 678334.560000000055879, 7025505.230000000447035 ], [ 677879.32999999995809, 7024334.009999999776483 ] ] } },
{ "type": "Feature", "properties": { "river": "Itajai_Acu", "reach": "R3", "rs": 85902.2 }, "geometry": { "type": "LineString", "coordinates": [ [ 678479.76, 7025313.17 ], [ 677923.430000000051223, 7024240.730000000447035 ] ] } },
{ "type": "Feature", "properties": { "river": "Itajai_Acu", "reach": "R3", "rs": 85752.2 }, "geometry": { "type": "LineString", "coordinates": [ [ 678577.229999999981374, 7025158.46 ], [ 678023.49, 7024139.490000000223517 ] ] } },
{ "type": "Feature", "properties": { "river": "Itajai_Acu", "reach": "R3", "rs": 85602.2 }, "geometry": { "type": "LineString", "coordinates": [ [ 678637.17000000004191, 7024986.75 ], [ 678204.49, 7024090.42 ] ] } },
{ "type": "Feature", "properties": { "river": "Itajai_Acu", "reach": "R3", "rs": 85452.2 }, "geometry": { "type": "LineString", "coordinates": [ [ 678739.459999999962747, 7024935.46 ], [ 678446.910000000032596, 7024104.309999999590218 ] ] } },
{ "type": "Feature", "properties": { "river": "Itajai_Acu", "reach": "R3", "rs": 85302.2 }, "geometry": { "type": "LineString", "coordinates": [ [ 678777.979999999981374, 7024905.17 ], [ 678773.07999999995809, 7024138.21 ] ] } },
{ "type": "Feature", "properties": { "river": "Itajai_Acu", "reach": "R3", "rs": 85152.2 }, "geometry": { "type": "LineString", "coordinates": [ [ 678818.709999999962747, 7024913.75 ], [ 679047.5, 7024217.71999999973923 ] ] } },
{ "type": "Feature", "properties": { "river": "Itajai_Acu", "reach": "R3", "rs": 85002.2 }, "geometry": { "type": "LineString", "coordinates": [ [ 678887.74, 7024984.860000000335276 ], [ 679233.0, 7024335.660000000149012 ] ] } },
{ "type": "Feature", "properties": { "river": "Itajai_Acu", "reach": "R3", "rs": 84852.2 }, "geometry": { "type": "LineString", "coordinates": [ [ 679044.01, 7025116.299999999813735 ], [ 679303.25, 7024392.629999999888241 ] ] } },
{ "type": "Feature", "properties": { "river": "Itajai_Acu", "reach": "R3", "rs": 84702.2 }, "geometry": { "type": "LineString", "coordinates": [ [ 679273.14000000001397, 7025197.370000000111759 ], [ 679346.709999999962747, 7024398.639999999664724 ] ] } },
{ "type": "Feature", "properties": { "river": "Itajai_Acu", "reach": "R3", "rs": 84525.93 }, "geometry": { "type": "LineString", "coordinates": [ [ 679489.12, 7025206.049999999813735 ], [ 679475.770000000018626, 7024373.269999999552965 ] ] } },
{ "type": "Feature", "properties": { "river": "Itajai_Acu", "reach": "R3", "rs": 84253.76 }, "geometry": { "type": "LineString", "coordinates": [ [ 679574.51, 7025191.08 ], [ 679922.910000000032596, 7024424.179999999701977 ] ] } },
{ "type": "Feature", "properties": { "river": "Itajai_Acu", "reach": "R3", "rs": 83732.86 }, "geometry": { "type": "LineString", "coordinates": [ [ 679726.699999999953434, 7025452.240000000223517 ], [ 680446.520000000018626, 7024939.879999999888241 ] ] } },
{ "type": "Feature", "properties": { "river": "Itajai_Acu", "reach": "R3", "rs": 82796.06 }, "geometry": { "type": "LineString", "coordinates": [ [ 680738.49, 7026282.92 ], [ 680812.49, 7025256.03000000026077 ] ] } },
{ "type": "Feature", "properties": { "river": "Itajai_Acu", "reach": "R3", "rs": 81796.06 }, "geometry": { "type": "LineString", "coordinates": [ [ 681920.180000000051223, 7025974.910000000149012 ], [ 681471.060000000055879, 7024852.139999999664724 ] ] } },
{ "type": "Feature", "properties": { "river": "Itajai_Acu", "reach": "R3", "rs": 80796.06 }, "geometry": { "type": "LineString", "coordinates": [ [ 683010.14000000001397, 7025403.71 ], [ 682063.99, 7024430.690000000409782 ] ] } },
{ "type": "Feature", "properties": { "river": "Itajai_Acu", "reach": "R3", "rs": 79796.06 }, "geometry": { "type": "LineString", "coordinates": [ [ 683687.550000000046566, 7024656.71999999973923 ], [ 682663.050000000046566, 7023637.259999999776483 ] ] } },
{ "type": "Feature", "properties": { "river": "Itajai_Acu", "reach": "R3", "rs": 78796.06 }, "geometry": { "type": "LineString", "coordinates": [ [ 683836.0, 7024316.400000000372529 ], [ 684260.589999999967404, 7022841.059999999590218 ] ] } },
{ "type": "Feature", "properties": { "river": "Itajai_Acu", "reach": "R3", "rs": 77796.06 }, "geometry": { "type": "LineString", "coordinates": [ [ 684596.689999999944121, 7024770.03000000026077 ], [ 685257.92000000004191, 7023376.849999999627471 ] ] } },
{ "type": "Feature", "properties": { "river": "Itajai_Acu", "reach": "R4", "rs": 76830.06 }, "geometry": { "type": "LineString", "coordinates": [ [ 685874.790000000037253, 7024891.179999999701977 ], [ 685671.03000000002794, 7023496.320000000298023 ] ] } },
{ "type": "Feature", "properties": { "river": "Itajai_Acu", "reach": "R4", "rs": 76023.24 }, "geometry": { "type": "LineString", "coordinates": [ [ 686218.099999999976717, 7024921.910000000149012 ], [ 686948.589999999967404, 7023977.21999999973923 ] ] } },
{ "type": "Feature", "properties": { "river": "Itajai_Acu", "reach": "R4", "rs": 75230.33 }, "geometry": { "type": "LineString", "coordinates": [ [ 686889.0, 7025269.83 ], [ 687562.439999999944121, 7024485.339999999850988 ] ] } },
{ "type": "Feature", "properties": { "river": "Itajai_Acu", "reach": "R4", "rs": 74955.31 }, "geometry": { "type": "LineString", "coordinates": [ [ 686901.160000000032596, 7025353.67 ], [ 687719.540000000037253, 7024922.089999999850988 ] ] } },
{ "type": "Feature", "properties": { "river": "Itajai_Acu", "reach": "R4", "rs": 74805.31 }, "geometry": { "type": "LineString", "coordinates": [ [ 686970.810000000055879, 7025492.629999999888241 ], [ 687709.699999999953434, 7025092.870000000111759 ] ] } },
{ "type": "Feature", "properties": { "river": "Itajai_Acu", "reach": "R4", "rs": 74655.31 }, "geometry": { "type": "LineString", "coordinates": [ [ 687062.900000000023283, 7025638.059999999590218 ], [ 687734.189999999944121, 7025235.33 ] ] } },
{ "type": "Feature", "properties": { "river": "Itajai_Acu", "reach": "R4", "rs": 74505.31 }, "geometry": { "type": "LineString", "coordinates": [ [ 687236.85999999998603, 7025840.990000000223517 ], [ 687750.28000000002794, 7025327.490000000223517 ] ] } },
{ "type": "Feature", "properties": { "river": "Itajai_Acu", "reach": "R4", "rs": 74355.31 }, "geometry": { "type": "LineString", "coordinates": [ [ 687494.569999999948777, 7025996.009999999776483 ], [ 687782.89000000001397, 7025375.860000000335276 ] ] } },
{ "type": "Feature", "properties": { "river": "Itajai_Acu", "reach": "R4", "rs": 74205.31 }, "geometry": { "type": "LineString", "coordinates": [ [ 687812.939999999944121, 7026008.320000000298023 ], [ 687829.550000000046566, 7025366.870000000111759 ] ] } },
{ "type": "Feature", "properties": { "river": "Itajai_Acu", "reach": "R4", "rs": 73993.83 }, "geometry": { "type": "LineString", "coordinates": [ [ 688146.270000000018626, 7025944.21 ], [ 687950.729999999981374, 7025333.070000000298023 ] ] } },
{ "type": "Feature", "properties": { "river": "Itajai_Acu", "reach": "R4", "rs": 73499.3 }, "geometry": { "type": "LineString", "coordinates": [ [ 688603.85999999998603, 7025743.589999999850988 ], [ 688389.930000000051223, 7025110.200000000186265 ] ] } },
{ "type": "Feature", "properties": { "river": "Itajai_Acu", "reach": "R4", "rs": 72805.13 }, "geometry": { "type": "LineString", "coordinates": [ [ 688641.550000000046566, 7025878.03000000026077 ], [ 689201.5, 7025465.599999999627471 ] ] } },
{ "type": "Feature", "properties": { "river": "Itajai_Acu", "reach": "R4", "rs": 71955.99 }, "geometry": { "type": "LineString", "coordinates": [ [ 689953.35999999998603, 7025916.78000000026077 ], [ 689421.910000000032596, 7025427.58 ] ] } },
{ "type": "Feature", "properties": { "river": "Itajai_Acu", "reach": "R4", "rs": 70955.99 }, "geometry": { "type": "LineString", "coordinates": [ [ 690436.21999999997206, 7024940.21999999973923 ], [ 689808.150000000023283, 7024615.71999999973923 ] ] } },
{ "type": "Feature", "properties": { "river": "Itajai_Acu", "reach": "R4", "rs": 69955.99 }, "geometry": { "type": "LineString", "coordinates": [ [ 690956.32999999995809, 7024249.46999999973923 ], [ 690445.479999999981374, 7023738.610000000335276 ] ] } },
{ "type": "Feature", "properties": { "river": "Itajai_Acu", "reach": "R4", "rs": 68955.99 }, "geometry": { "type": "LineString", "coordinates": [ [ 691450.25, 7023769.370000000111759 ], [ 691443.339999999967404, 7023086.75 ] ] } },
{ "type": "Feature", "properties": { "river": "Itajai_Acu", "reach": "R4", "rs": 67955.99 }, "geometry": { "type": "LineString", "coordinates": [ [ 692373.400000000023283, 7024059.58 ], [ 692405.87, 7023402.129999999888241 ] ] } },
{ "type": "Feature", "properties": { "river": "Itajai_Acu", "reach": "R4", "rs": 66955.99 }, "geometry": { "type": "LineString", "coordinates": [ [ 692548.82999999995809, 7022796.96 ], [ 692122.38, 7023223.179999999701977 ] ] } },
{ "type": "Feature", "properties": { "river": "Itajai_Acu", "reach": "R4", "rs": 65955.99 }, "geometry": { "type": "LineString", "coordinates": [ [ 692092.319999999948777, 7022152.28000000026077 ], [ 691496.51, 7022244.690000000409782 ] ] } },
{ "type": "Feature", "properties": { "river": "Itajai_Acu", "reach": "R4", "rs": 64955.99 }, "geometry": { "type": "LineString", "coordinates": [ [ 692256.660000000032596, 7021459.089999999850988 ], [ 691794.35999999998603, 7021061.299999999813735 ] ] } },
{ "type": "Feature", "properties": { "river": "Itajai_Acu", "reach": "R4", "rs": 63955.99 }, "geometry": { "type": "LineString", "coordinates": [ [ 692377.63, 7021275.33 ], [ 692982.930000000051223, 7021160.96999999973923 ] ] } },
{ "type": "Feature", "properties": { "river": "Itajai_Acu", "reach": "R4", "rs": 62955.99 }, "geometry": { "type": "LineString", "coordinates": [ [ 693265.07999999995809, 7022151.54 ], [ 693397.87, 7021543.740000000223517 ] ] } },
{ "type": "Feature", "properties": { "river": "Itajai_Acu", "reach": "R4", "rs": 61955.99 }, "geometry": { "type": "LineString", "coordinates": [ [ 693856.62, 7022440.769999999552965 ], [ 694450.800000000046566, 7022187.160000000149012 ] ] } },
{ "type": "Feature", "properties": { "river": "Itajai_Acu", "reach": "R4", "rs": 60955.99 }, "geometry": { "type": "LineString", "coordinates": [ [ 693797.21999999997206, 7023387.490000000223517 ], [ 694444.75, 7023212.450000000186265 ] ] } },
{ "type": "Feature", "properties": { "river": "Itajai_Acu", "reach": "R4", "rs": 59955.99 }, "geometry": { "type": "LineString", "coordinates": [ [ 695206.71999999997206, 7023445.21 ], [ 694618.569999999948777, 7023029.5 ] ] } },
{ "type": "Feature", "properties": { "river": "Itajai_Acu", "reach": "R4", "rs": 58955.99 }, "geometry": { "type": "LineString", "coordinates": [ [ 695873.400000000023283, 7022814.759999999776483 ], [ 695342.699999999953434, 7022257.28000000026077 ] ] } },
{ "type": "Feature", "properties": { "river": "Itajai_Acu", "reach": "R4", "rs": 57955.99 }, "geometry": { "type": "LineString", "coordinates": [ [ 696179.88, 7022735.21999999973923 ], [ 696646.449999999953434, 7021972.429999999701977 ] ] } },
{ "type": "Feature", "properties": { "river": "Itajai_Acu", "reach": "R4", "rs": 56955.99 }, "geometry": { "type": "LineString", "coordinates": [ [ 696445.849999999976717, 7023326.769999999552965 ], [ 697369.75, 7022960.339999999850988 ] ] } },
{ "type": "Feature", "properties": { "river": "Itajai_Acu", "reach": "R4", "rs": 55955.99 }, "geometry": { "type": "LineString", "coordinates": [ [ 697531.46999999997206, 7024231.21999999973923 ], [ 697879.709999999962747, 7023220.620000000111759 ] ] } },
{ "type": "Feature", "properties": { "river": "Itajai_Acu", "reach": "R4", "rs": 54955.99 }, "geometry": { "type": "LineString", "coordinates": [ [ 698517.67000000004191, 7024508.42 ], [ 698820.270000000018626, 7023407.929999999701977 ] ] } },
{ "type": "Feature", "properties": { "river": "Itajai_Acu", "reach": "R4", "rs": 53955.99 }, "geometry": { "type": "LineString", "coordinates": [ [ 700222.24, 7024230.03000000026077 ], [ 699137.439999999944121, 7023478.269999999552965 ] ] } },
{ "type": "Feature", "properties": { "river": "Itajai_Acu", "reach": "R4", "rs": 52955.99 }, "geometry": { "type": "LineString", "coordinates": [ [ 700673.49, 7023015.089999999850988 ], [ 699169.32999999995809, 7022702.78000000026077 ] ] } },
{ "type": "Feature", "properties": { "river": "Itajai_Acu", "reach": "R4", "rs": 51955.99 }, "geometry": { "type": "LineString", "coordinates": [ [ 700937.290000000037253, 7022531.299999999813735 ], [ 699649.89000000001397, 7021501.379999999888241 ] ] } },
{ "type": "Feature", "properties": { "river": "Itajai_Acu", "reach": "R4", "rs": 50955.99 }, "geometry": { "type": "LineString", "coordinates": [ [ 701400.180000000051223, 7021764.53000000026077 ], [ 700282.660000000032596, 7020543.78000000026077 ] ] } },
{ "type": "Feature", "properties": { "river": "Itajai_Acu", "reach": "R4", "rs": 49955.99 }, "geometry": { "type": "LineString", "coordinates": [ [ 702014.74, 7021049.740000000223517 ], [ 701060.689999999944121, 7019730.25 ] ] } },
{ "type": "Feature", "properties": { "river": "Itajai_Acu", "reach": "R4", "rs": 48955.99 }, "geometry": { "type": "LineString", "coordinates": [ [ 702688.60999999998603, 7020439.190000000409782 ], [ 701997.569999999948777, 7018959.490000000223517 ] ] } },
{ "type": "Feature", "properties": { "river": "Itajai_Acu", "reach": "R4", "rs": 47955.99 }, "geometry": { "type": "LineString", "coordinates": [ [ 702837.550000000046566, 7020664.870000000111759 ], [ 704252.800000000046566, 7019840.28000000026077 ] ] } },
{ "type": "Feature", "properties": { "river": "Itajai_Acu", "reach": "R4", "rs": 46955.99 }, "geometry": { "type": "LineString", "coordinates": [ [ 703564.71999999997206, 7021512.759999999776483 ], [ 704722.92000000004191, 7020354.559999999590218 ] ] } },
{ "type": "Feature", "properties": { "river": "Itajai_Acu", "reach": "R4", "rs": 45955.99 }, "geometry": { "type": "LineString", "coordinates": [ [ 704331.229999999981374, 7022380.160000000149012 ], [ 705292.63, 7020777.809999999590218 ] ] } },
{ "type": "Feature", "properties": { "river": "Itajai_Acu", "reach": "R4", "rs": 44955.99 }, "geometry": { "type": "LineString", "coordinates": [ [ 705693.87, 7022955.940000000409782 ], [ 705567.07999999995809, 7020860.429999999701977 ] ] } },
{ "type": "Feature", "properties": { "river": "Itajai_Acu", "reach": "R4", "rs": 43955.99 }, "geometry": { "type": "LineString", "coordinates": [ [ 706685.21999999997206, 7022863.650000000372529 ], [ 706557.67000000004191, 7020770.46 ] ] } },
{ "type": "Feature", "properties": { "river": "Itajai_Acu", "reach": "R4", "rs": 42955.99 }, "geometry": { "type": "LineString", "coordinates": [ [ 707878.75, 7022422.320000000298023 ], [ 707162.599999999976717, 7020701.200000000186265 ] ] } },
{ "type": "Feature", "properties": { "river": "Itajai_Acu", "reach": "R4", "rs": 41955.99 }, "geometry": { "type": "LineString", "coordinates": [ [ 708723.050000000046566, 7021493.54 ], [ 707569.569999999948777, 7020340.059999999590218 ] ] } },
{ "type": "Feature", "properties": { "river": "Itajai_Acu", "reach": "R4", "rs": 40955.99 }, "geometry": { "type": "LineString", "coordinates": [ [ 709430.160000000032596, 7020786.440000000409782 ], [ 708276.62, 7019632.889999999664724 ] ] } },
{ "type": "Feature", "properties": { "river": "Itajai_Acu", "reach": "R4", "rs": 39955.99 }, "geometry": { "type": "LineString", "coordinates": [ [ 709600.37, 7020607.190000000409782 ], [ 710671.67000000004191, 7019376.889999999664724 ] ] } },
{ "type": "Feature", "properties": { "river": "Itajai_Acu", "reach": "R4", "rs": 38955.99 }, "geometry": { "type": "LineString", "coordinates": [ [ 710367.689999999944121, 7021332.299999999813735 ], [ 711278.800000000046566, 7019979.089999999850988 ] ] } },
{ "type": "Feature", "properties": { "river": "Itajai_Acu", "reach": "R4", "rs": 37955.99 }, "geometry": { "type": "LineString", "coordinates": [ [ 711143.550000000046566, 7021967.450000000186265 ], [ 712151.75, 7020399.160000000149012 ] ] } },
{ "type": "Feature", "properties": { "river": "Itajai_Acu", "reach": "R4", "rs": 36955.99 }, "geometry": { "type": "LineString", "coordinates": [ [ 712400.949999999953434, 7022718.629999999888241 ], [ 712439.87, 7020555.009999999776483 ] ] } },
{ "type": "Feature", "properties": { "river": "Itajai_Acu", "reach": "R4", "rs": 35955.99 }, "geometry": { "type": "LineString", "coordinates": [ [ 713030.96999999997206, 7023092.660000000149012 ], [ 713767.10999999998603, 7020692.440000000409782 ] ] } },
{ "type": "Feature", "properties": { "river": "Itajai_Acu", "reach": "R4", "rs": 34955.99 }, "geometry": { "type": "LineString", "coordinates": [ [ 713759.199999999953434, 7023529.71999999973923 ], [ 714928.959999999962747, 7020867.559999999590218 ] ] } },
{ "type": "Feature", "properties": { "river": "Itajai_Acu", "reach": "R4", "rs": 33955.99 }, "geometry": { "type": "LineString", "coordinates": [ [ 714499.75, 7023976.620000000111759 ], [ 716039.680000000051223, 7021127.58 ] ] } },
{ "type": "Feature", "properties": { "river": "Itajai_Acu", "reach": "R4", "rs": 32955.99 }, "geometry": { "type": "LineString", "coordinates": [ [ 714564.729999999981374, 7024383.29 ], [ 717308.63, 7022174.379999999888241 ] ] } },
{ "type": "Feature", "properties": { "river": "Itajai_Acu", "reach": "R4", "rs": 31955.99 }, "geometry": { "type": "LineString", "coordinates": [ [ 715678.800000000046566, 7025452.309999999590218 ], [ 717422.12, 7022795.049999999813735 ] ] } },
{ "type": "Feature", "properties": { "river": "Itajai_Acu", "reach": "R4", "rs": 30955.99 }, "geometry": { "type": "LineString", "coordinates": [ [ 717202.790000000037253, 7025792.54 ], [ 717823.410000000032596, 7023320.400000000372529 ] ] } },
{ "type": "Feature", "properties": { "river": "Itajai_Acu", "reach": "R4", "rs": 29955.99 }, "geometry": { "type": "LineString", "coordinates": [ [ 717861.800000000046566, 7025757.570000000298023 ], [ 718858.71999999997206, 7024117.429999999701977 ] ] } },
{ "type": "Feature", "properties": { "river": "Itajai_Acu", "reach": "R4", "rs": 28955.99 }, "geometry": { "type": "LineString", "coordinates": [ [ 718756.089999999967404, 7025910.009999999776483 ], [ 719744.800000000046566, 7024835.730000000447035 ] ] } },
{ "type": "Feature", "properties": { "river": "Itajai_Acu", "reach": "R4", "rs": 27955.99 }, "geometry": { "type": "LineString", "coordinates": [ [ 720293.0, 7026160.150000000372529 ], [ 720015.069999999948777, 7024905.139999999664724 ] ] } },
{ "type": "Feature", "properties": { "river": "Itajai_Acu", "reach": "R4", "rs": 26955.99 }, "geometry": { "type": "LineString", "coordinates": [ [ 721224.03000000002794, 7025099.53000000026077 ], [ 720205.660000000032596, 7024655.849999999627471 ] ] } },
{ "type": "Feature", "properties": { "river": "Itajai_Acu", "reach": "R4", "rs": 25955.99 }, "geometry": { "type": "LineString", "coordinates": [ [ 721598.24, 7024340.879999999888241 ], [ 720796.339999999967404, 7023564.799999999813735 ] ] } },
{ "type": "Feature", "properties": { "river": "Itajai_Acu", "reach": "R4", "rs": 24955.99 }, "geometry": { "type": "LineString", "coordinates": [ [ 721764.57999999995809, 7024315.349999999627471 ], [ 722647.599999999976717, 7023779.700000000186265 ] ] } },
{ "type": "Feature", "properties": { "river": "Itajai_Acu", "reach": "R4", "rs": 23955.99 }, "geometry": { "type": "LineString", "coordinates": [ [ 721911.020000000018626, 7025079.440000000409782 ], [ 722860.650000000023283, 7025079.440000000409782 ] ] } },
{ "type": "Feature", "properties": { "river": "Itajai_Acu", "reach": "R4", "rs": 22955.99 }, "geometry": { "type": "LineString", "coordinates": [ [ 721786.76, 7026079.440000000409782 ], [ 722772.35999999998603, 7026079.440000000409782 ] ] } },
{ "type": "Feature", "properties": { "river": "Itajai_Acu", "reach": "R4", "rs": 21955.99 }, "geometry": { "type": "LineString", "coordinates": [ [ 721677.39000000001397, 7027200.230000000447035 ], [ 722766.650000000023283, 7026987.429999999701977 ] ] } },
{ "type": "Feature", "properties": { "river": "Itajai_Acu", "reach": "R4", "rs": 20955.99 }, "geometry": { "type": "LineString", "coordinates": [ [ 723096.770000000018626, 7028352.820000000298023 ], [ 722991.07999999995809, 7027123.78000000026077 ] ] } },
{ "type": "Feature", "properties": { "river": "Itajai_Acu", "reach": "R4", "rs": 19955.99 }, "geometry": { "type": "LineString", "coordinates": [ [ 723944.949999999953434, 7028178.04 ], [ 724058.14000000001397, 7026950.200000000186265 ] ] } },
{ "type": "Feature", "properties": { "river": "Itajai_Acu", "reach": "R4", "rs": 18955.99 }, "geometry": { "type": "LineString", "coordinates": [ [ 724102.660000000032596, 7028464.320000000298023 ], [ 725141.85999999998603, 7027823.21999999973923 ] ] } },
{ "type": "Feature", "properties": { "river": "Itajai_Acu", "reach": "R4", "rs": 17955.99 }, "geometry": { "type": "LineString", "coordinates": [ [ 724462.28000000002794, 7029400.79 ], [ 725478.939999999944121, 7028745.429999999701977 ] ] } },
{ "type": "Feature", "properties": { "river": "Itajai_Acu", "reach": "R4", "rs": 16955.99 }, "geometry": { "type": "LineString", "coordinates": [ [ 726250.10999999998603, 7029975.04 ], [ 725707.089999999967404, 7028907.04 ] ] } },
{ "type": "Feature", "properties": { "river": "Itajai_Acu", "reach": "R4", "rs": 15955.99 }, "geometry": { "type": "LineString", "coordinates": [ [ 727220.5, 7028810.639999999664724 ], [ 726126.21999999997206, 7028441.58 ] ] } },
{ "type": "Feature", "properties": { "river": "Itajai_Acu", "reach": "R4", "rs": 14955.99 }, "geometry": { "type": "LineString", "coordinates": [ [ 727239.67000000004191, 7027495.96 ], [ 726061.910000000032596, 7027687.019999999552965 ] ] } },
{ "type": "Feature", "properties": { "river": "Itajai_Acu", "reach": "R4", "rs": 13955.99 }, "geometry": { "type": "LineString", "coordinates": [ [ 726673.13, 7026432.809999999590218 ], [ 725546.189999999944121, 7027046.620000000111759 ] ] } },
{ "type": "Feature", "properties": { "river": "Itajai_Acu", "reach": "R4", "rs": 12955.99 }, "geometry": { "type": "LineString", "coordinates": [ [ 726575.24, 7025963.049999999813735 ], [ 725336.37, 7025499.450000000186265 ] ] } },
{ "type": "Feature", "properties": { "river": "Itajai_Acu", "reach": "R4", "rs": 11955.99 }, "geometry": { "type": "LineString", "coordinates": [ [ 726792.21999999997206, 7025764.679999999701977 ], [ 726754.439999999944121, 7024484.559999999590218 ] ] } },
{ "type": "Feature", "properties": { "river": "Itajai_Acu", "reach": "R4", "rs": 10955.99 }, "geometry": { "type": "LineString", "coordinates": [ [ 727166.410000000032596, 7026112.299999999813735 ], [ 728005.599999999976717, 7025273.099999999627471 ] ] } },
{ "type": "Feature", "properties": { "river": "Itajai_Acu", "reach": "R4", "rs": 9955.99 }, "geometry": { "type": "LineString", "coordinates": [ [ 728084.5, 7026863.940000000409782 ], [ 728608.479999999981374, 7025799.940000000409782 ] ] } },
{ "type": "Feature", "properties": { "river": "Itajai_Acu", "reach": "R4", "rs": 8955.99 }, "geometry": { "type": "LineString", "coordinates": [ [ 729659.400000000023283, 7026812.620000000111759 ], [ 728879.209999999962747, 7025920.370000000111759 ] ] } },
{ "type": "Feature", "properties": { "river": "Itajai_Acu", "reach": "R4", "rs": 7955.99 }, "geometry": { "type": "LineString", "coordinates": [ [ 730170.87, 7025405.740000000223517 ], [ 729045.910000000032596, 7025509.660000000149012 ] ] } },
{ "type": "Feature", "properties": { "river": "Itajai_Acu", "reach": "R4", "rs": 6955.99 }, "geometry": { "type": "LineString", "coordinates": [ [ 729995.67000000004191, 7024792.440000000409782 ], [ 729061.979999999981374, 7024259.589999999850988 ] ] } },
{ "type": "Feature", "properties": { "river": "Itajai_Acu", "reach": "R5", "rs": 5955.99 }, "geometry": { "type": "LineString", "coordinates": [ [ 730257.64000000001397, 7024683.820000000298023 ], [ 730395.689999999944121, 7023672.889999999664724 ] ] } },
{ "type": "Feature", "properties": { "river": "Itajai_Acu", "reach": "R5", "rs": 4955.99 }, "geometry": { "type": "LineString", "coordinates": [ [ 731235.17000000004191, 7025035.870000000111759 ], [ 731285.160000000032596, 7024016.769999999552965 ] ] } },
{ "type": "Feature", "properties": { "river": "Itajai_Acu", "reach": "R5", "rs": 3955.99 }, "geometry": { "type": "LineString", "coordinates": [ [ 732653.160000000032596, 7023826.690000000409782 ], [ 731473.76, 7023831.54 ] ] } },
{ "type": "Feature", "properties": { "river": "Itajai_Acu", "reach": "R5", "rs": 2955.99 }, "geometry": { "type": "LineString", "coordinates": [ [ 732343.13, 7023438.179999999701977 ], [ 731211.85999999998603, 7022722.78000000026077 ] ] } },
{ "type": "Feature", "properties": { "river": "Itajai_Acu", "reach": "R5", "rs": 1980.82 }, "geometry": { "type": "LineString", "coordinates": [ [ 732862.680000000051223, 7023624.46999999973923 ], [ 732177.07999999995809, 7021840.259999999776483 ] ] } },
{ "type": "Feature", "properties": { "river": "Itajai_Acu", "reach": "R5", "rs": 980.82 }, "geometry": { "type": "LineString", "coordinates": [ [ 733983.310000000055879, 7022732.42 ], [ 732339.12, 7021088.240000000223517 ] ] } },
{ "type": "Feature", "properties": { "river": "Itajai_Acu", "reach": "R5", "rs": 75.0 }, "geometry": { "type": "LineString", "coordinates": [ [ 734346.87, 7022393.240000000223517 ], [ 733256.410000000032596, 7019880.620000000111759 ] ] } },
{ "type": "Feature", "properties": { "river": "Itajai_Norte", "reach": "R1", "rs": 118822.95 }, "geometry": { "type": "LineString", "coordinates": [ [ 588556.319999999948777, 7067111.03000000026077 ], [ 587891.07999999995809, 7066421.570000000298023 ] ] } },
{ "type": "Feature", "properties": { "river": "Itajai_Norte", "reach": "R1", "rs": 118116.53 }, "geometry": { "type": "LineString", "coordinates": [ [ 588715.92000000004191, 7067068.03000000026077 ], [ 589027.839999999967404, 7066162.160000000149012 ] ] } },
{ "type": "Feature", "properties": { "river": "Itajai_Norte", "reach": "R2", "rs": 117426.12 }, "geometry": { "type": "LineString", "coordinates": [ [ 589749.660000000032596, 7066930.150000000372529 ], [ 589193.439999999944121, 7066150.08 ] ] } },
{ "type": "Feature", "properties": { "river": "Itajai_Norte", "reach": "R2", "rs": 116746.12 }, "geometry": { "type": "LineString", "coordinates": [ [ 590295.0, 7066483.629999999888241 ], [ 589681.99, 7065722.25 ] ] } },
{ "type": "Feature", "properties": { "river": "Itajai_Norte", "reach": "R2", "rs": 116596.12 }, "geometry": { "type": "LineString", "coordinates": [ [ 590365.270000000018626, 7066452.509999999776483 ], [ 589867.25, 7065588.900000000372529 ] ] } },
{ "type": "Feature", "properties": { "river": "Itajai_Norte", "reach": "R2", "rs": 116446.12 }, "geometry": { "type": "LineString", "coordinates": [ [ 590419.49, 7066452.08 ], [ 590078.71999999997206, 7065435.940000000409782 ] ] } },
{ "type": "Feature", "properties": { "river": "Itajai_Norte", "reach": "R2", "rs": 116296.12 }, "geometry": { "type": "LineString", "coordinates": [ [ 590514.540000000037253, 7066451.58 ], [ 590263.599999999976717, 7065302.070000000298023 ] ] } },
{ "type": "Feature", "properties": { "river": "Itajai_Norte", "reach": "R2", "rs": 116146.12 }, "geometry": { "type": "LineString", "coordinates": [ [ 590701.53000000002794, 7066573.230000000447035 ], [ 590370.839999999967404, 7065137.809999999590218 ] ] } },
{ "type": "Feature", "properties": { "river": "Itajai_Norte", "reach": "R2", "rs": 115996.12 }, "geometry": { "type": "LineString", "coordinates": [ [ 590937.209999999962747, 7066652.639999999664724 ], [ 590424.21999999997206, 7065017.099999999627471 ] ] } },
{ "type": "Feature", "properties": { "river": "Itajai_Norte", "reach": "R2", "rs": 115846.12 }, "geometry": { "type": "LineString", "coordinates": [ [ 591118.51, 7066732.860000000335276 ], [ 590549.21999999997206, 7064913.990000000223517 ] ] } },
{ "type": "Feature", "properties": { "river": "Itajai_Norte", "reach": "R2", "rs": 115684.77 }, "geometry": { "type": "LineString", "coordinates": [ [ 591147.24, 7066607.79 ], [ 590809.35999999998603, 7064844.370000000111759 ] ] } },
{ "type": "Feature", "properties": { "river": "Itajai_Norte", "reach": "R2", "rs": 115488.04 }, "geometry": { "type": "LineString", "coordinates": [ [ 591220.85999999998603, 7066433.849999999627471 ], [ 591132.699999999953434, 7064841.339999999850988 ] ] } },
{ "type": "Feature", "properties": { "river": "Itajai_Norte", "reach": "R2", "rs": 115318.3 }, "geometry": { "type": "LineString", "coordinates": [ [ 591353.49, 7066263.940000000409782 ], [ 591353.49, 7064910.25 ] ] } },
{ "type": "Feature", "properties": { "river": "Itajai_Norte", "reach": "R2", "rs": 115168.3 }, "geometry": { "type": "LineString", "coordinates": [ [ 591471.819999999948777, 7066202.46 ], [ 591556.85999999998603, 7065023.17 ] ] } },
{ "type": "Feature", "properties": { "river": "Itajai_Norte", "reach": "R2", "rs": 115018.3 }, "geometry": { "type": "LineString", "coordinates": [ [ 591547.650000000023283, 7066198.599999999627471 ], [ 591807.88, 7065139.71 ] ] } },
{ "type": "Feature", "properties": { "river": "Itajai_Norte", "reach": "R2", "rs": 114868.3 }, "geometry": { "type": "LineString", "coordinates": [ [ 591591.540000000037253, 7066208.349999999627471 ], [ 592070.87, 7065286.450000000186265 ] ] } },
{ "type": "Feature", "properties": { "river": "Itajai_Norte", "reach": "R2", "rs": 114718.3 }, "geometry": { "type": "LineString", "coordinates": [ [ 591632.89000000001397, 7066257.160000000149012 ], [ 592277.819999999948777, 7065456.150000000372529 ] ] } },
{ "type": "Feature", "properties": { "river": "Itajai_Norte", "reach": "R2", "rs": 114568.3 }, "geometry": { "type": "LineString", "coordinates": [ [ 591713.589999999967404, 7066380.759999999776483 ], [ 592392.35999999998603, 7065569.17 ] ] } },
{ "type": "Feature", "properties": { "river": "Itajai_Norte", "reach": "R2", "rs": 114418.3 }, "geometry": { "type": "LineString", "coordinates": [ [ 591857.949999999953434, 7066564.940000000409782 ], [ 592430.180000000051223, 7065616.96999999973923 ] ] } },
{ "type": "Feature", "properties": { "river": "Itajai_Norte", "reach": "R2", "rs": 114268.3 }, "geometry": { "type": "LineString", "coordinates": [ [ 592053.020000000018626, 7066728.589999999850988 ], [ 592471.689999999944121, 7065631.46 ] ] } },
{ "type": "Feature", "properties": { "river": "Itajai_Norte", "reach": "R2", "rs": 114118.3 }, "geometry": { "type": "LineString", "coordinates": [ [ 592243.35999999998603, 7066870.549999999813735 ], [ 592541.650000000023283, 7065682.33 ] ] } },
{ "type": "Feature", "properties": { "river": "Itajai_Norte", "reach": "R2", "rs": 113968.3 }, "geometry": { "type": "LineString", "coordinates": [ [ 592341.26, 7067013.299999999813735 ], [ 592690.21999999997206, 7065757.349999999627471 ] ] } },
{ "type": "Feature", "properties": { "river": "Itajai_Norte", "reach": "R2", "rs": 113818.3 }, "geometry": { "type": "LineString", "coordinates": [ [ 592426.46999999997206, 7067152.620000000111759 ], [ 592834.76, 7065850.879999999888241 ] ] } },
{ "type": "Feature", "properties": { "river": "Itajai_Norte", "reach": "R2", "rs": 113668.3 }, "geometry": { "type": "LineString", "coordinates": [ [ 592612.89000000001397, 7067270.519999999552965 ], [ 592944.680000000051223, 7065898.440000000409782 ] ] } },
{ "type": "Feature", "properties": { "river": "Itajai_Norte", "reach": "R2", "rs": 113518.3 }, "geometry": { "type": "LineString", "coordinates": [ [ 592975.88, 7067282.160000000149012 ], [ 592986.07999999995809, 7065918.379999999888241 ] ] } },
{ "type": "Feature", "properties": { "river": "Itajai_Norte", "reach": "R2", "rs": 113368.3 }, "geometry": { "type": "LineString", "coordinates": [ [ 593312.449999999953434, 7067176.46 ], [ 593027.449999999953434, 7065900.179999999701977 ] ] } },
{ "type": "Feature", "properties": { "river": "Itajai_Norte", "reach": "R2", "rs": 113218.3 }, "geometry": { "type": "LineString", "coordinates": [ [ 593524.74, 7067041.870000000111759 ], [ 593117.13, 7065856.679999999701977 ] ] } },
{ "type": "Feature", "properties": { "river": "Itajai_Norte", "reach": "R2", "rs": 113068.3 }, "geometry": { "type": "LineString", "coordinates": [ [ 593583.21999999997206, 7066910.259999999776483 ], [ 593267.32999999995809, 7065708.980000000447035 ] ] } },
{ "type": "Feature", "properties": { "river": "Itajai_Norte", "reach": "R2", "rs": 112918.3 }, "geometry": { "type": "LineString", "coordinates": [ [ 593669.550000000046566, 7066812.730000000447035 ], [ 593441.060000000055879, 7065636.200000000186265 ] ] } },
{ "type": "Feature", "properties": { "river": "Itajai_Norte", "reach": "R2", "rs": 112768.3 }, "geometry": { "type": "LineString", "coordinates": [ [ 593749.339999999967404, 7066712.42 ], [ 593642.75, 7065564.200000000186265 ] ] } },
{ "type": "Feature", "properties": { "river": "Itajai_Norte", "reach": "R2", "rs": 112618.3 }, "geometry": { "type": "LineString", "coordinates": [ [ 593845.63, 7066700.019999999552965 ], [ 593854.040000000037253, 7065587.549999999813735 ] ] } },
{ "type": "Feature", "properties": { "river": "Itajai_Norte", "reach": "R2", "rs": 112440.17 }, "geometry": { "type": "LineString", "coordinates": [ [ 593898.930000000051223, 7066698.71999999973923 ], [ 594169.96999999997206, 7065619.740000000223517 ] ] } },
{ "type": "Feature", "properties": { "river": "Itajai_Norte", "reach": "R2", "rs": 112093.04 }, "geometry": { "type": "LineString", "coordinates": [ [ 594164.349999999976717, 7066824.08 ], [ 594542.62, 7065777.860000000335276 ] ] } },
{ "type": "Feature", "properties": { "river": "Itajai_Norte", "reach": "R2", "rs": 111638.68 }, "geometry": { "type": "LineString", "coordinates": [ [ 594886.5, 7066887.740000000223517 ], [ 594673.14000000001397, 7065792.049999999813735 ] ] } },
{ "type": "Feature", "properties": { "river": "Itajai_Norte", "reach": "R2", "rs": 111049.37 }, "geometry": { "type": "LineString", "coordinates": [ [ 595254.01, 7066770.700000000186265 ], [ 595452.310000000055879, 7065668.360000000335276 ] ] } },
{ "type": "Feature", "properties": { "river": "Itajai_Norte", "reach": "R2", "rs": 110899.37 }, "geometry": { "type": "LineString", "coordinates": [ [ 595291.76, 7066801.509999999776483 ], [ 595702.979999999981374, 7065755.660000000149012 ] ] } },
{ "type": "Feature", "properties": { "river": "Itajai_Norte", "reach": "R2", "rs": 110749.37 }, "geometry": { "type": "LineString", "coordinates": [ [ 595426.42000000004191, 7066865.04 ], [ 595845.63, 7065802.71999999973923 ] ] } },
{ "type": "Feature", "properties": { "river": "Itajai_Norte", "reach": "R2", "rs": 110599.37 }, "geometry": { "type": "LineString", "coordinates": [ [ 595572.810000000055879, 7066989.269999999552965 ], [ 595961.64000000001397, 7065818.509999999776483 ] ] } },
{ "type": "Feature", "properties": { "river": "Itajai_Norte", "reach": "R2", "rs": 110449.37 }, "geometry": { "type": "LineString", "coordinates": [ [ 595806.339999999967404, 7067000.599999999627471 ], [ 596031.74, 7065771.809999999590218 ] ] } },
{ "type": "Feature", "properties": { "river": "Itajai_Norte", "reach": "R2", "rs": 110299.37 }, "geometry": { "type": "LineString", "coordinates": [ [ 596006.910000000032596, 7066992.150000000372529 ], [ 596119.930000000051223, 7065750.570000000298023 ] ] } },
{ "type": "Feature", "properties": { "river": "Itajai_Norte", "reach": "R2", "rs": 110149.37 }, "geometry": { "type": "LineString", "coordinates": [ [ 596155.339999999967404, 7066897.309999999590218 ], [ 596289.85999999998603, 7065734.28000000026077 ] ] } },
{ "type": "Feature", "properties": { "river": "Itajai_Norte", "reach": "R2", "rs": 109999.37 }, "geometry": { "type": "LineString", "coordinates": [ [ 596250.21999999997206, 7066899.03000000026077 ], [ 596541.910000000032596, 7065741.799999999813735 ] ] } },
{ "type": "Feature", "properties": { "river": "Itajai_Norte", "reach": "R2", "rs": 109742.77 }, "geometry": { "type": "LineString", "coordinates": [ [ 596318.319999999948777, 7066931.509999999776483 ], [ 597095.21999999997206, 7065966.700000000186265 ] ] } },
{ "type": "Feature", "properties": { "river": "Itajai_Norte", "reach": "R2", "rs": 109524.74 }, "geometry": { "type": "LineString", "coordinates": [ [ 596370.67000000004191, 7067000.400000000372529 ], [ 597465.78000000002794, 7066287.559999999590218 ] ] } },
{ "type": "Feature", "properties": { "river": "Itajai_Norte", "reach": "R2", "rs": 109374.74 }, "geometry": { "type": "LineString", "coordinates": [ [ 596393.930000000051223, 7067101.019999999552965 ], [ 597625.810000000055879, 7066491.980000000447035 ] ] } },
{ "type": "Feature", "properties": { "river": "Itajai_Norte", "reach": "R2", "rs": 109224.74 }, "geometry": { "type": "LineString", "coordinates": [ [ 596297.14000000001397, 7067287.190000000409782 ], [ 597719.319999999948777, 7066658.299999999813735 ] ] } },
{ "type": "Feature", "properties": { "river": "Itajai_Norte", "reach": "R2", "rs": 109074.74 }, "geometry": { "type": "LineString", "coordinates": [ [ 596210.949999999953434, 7067547.490000000223517 ], [ 597746.540000000037253, 7066738.339999999850988 ] ] } },
{ "type": "Feature", "properties": { "river": "Itajai_Norte", "reach": "R2", "rs": 108924.74 }, "geometry": { "type": "LineString", "coordinates": [ [ 596177.050000000046566, 7067800.71999999973923 ], [ 597794.0, 7066813.83 ] ] } },
{ "type": "Feature", "properties": { "river": "Itajai_Norte", "reach": "R2", "rs": 108774.74 }, "geometry": { "type": "LineString", "coordinates": [ [ 596286.540000000037253, 7067996.870000000111759 ], [ 597839.51, 7066872.839999999850988 ] ] } },
{ "type": "Feature", "properties": { "river": "Itajai_Norte", "reach": "R2", "rs": 108624.74 }, "geometry": { "type": "LineString", "coordinates": [ [ 596369.959999999962747, 7068110.200000000186265 ], [ 597933.60999999998603, 7067000.650000000372529 ] ] } },
{ "type": "Feature", "properties": { "river": "Itajai_Norte", "reach": "R2", "rs": 108474.74 }, "geometry": { "type": "LineString", "coordinates": [ [ 596486.310000000055879, 7068259.79 ], [ 597999.24, 7067089.099999999627471 ] ] } },
{ "type": "Feature", "properties": { "river": "Itajai_Norte", "reach": "R2", "rs": 108324.74 }, "geometry": { "type": "LineString", "coordinates": [ [ 596627.939999999944121, 7068377.25 ], [ 597943.01, 7067287.860000000335276 ] ] } },
{ "type": "Feature", "properties": { "river": "Itajai_Norte", "reach": "R2", "rs": 108174.74 }, "geometry": { "type": "LineString", "coordinates": [ [ 596811.709999999962747, 7068496.259999999776483 ], [ 597857.75, 7067499.03000000026077 ] ] } },
{ "type": "Feature", "properties": { "river": "Itajai_Norte", "reach": "R2", "rs": 108024.74 }, "geometry": { "type": "LineString", "coordinates": [ [ 596996.37, 7068608.950000000186265 ], [ 597791.449999999953434, 7067730.79 ] ] } },
{ "type": "Feature", "properties": { "river": "Itajai_Norte", "reach": "R2", "rs": 107874.74 }, "geometry": { "type": "LineString", "coordinates": [ [ 597173.400000000023283, 7068752.650000000372529 ], [ 597843.74, 7067849.299999999813735 ] ] } },
{ "type": "Feature", "properties": { "river": "Itajai_Norte", "reach": "R2", "rs": 107724.74 }, "geometry": { "type": "LineString", "coordinates": [ [ 597440.67000000004191, 7068927.929999999701977 ], [ 597903.930000000051223, 7067905.75 ] ] } },
{ "type": "Feature", "properties": { "river": "Itajai_Norte", "reach": "R2", "rs": 107574.74 }, "geometry": { "type": "LineString", "coordinates": [ [ 597826.339999999967404, 7069043.839999999850988 ], [ 597945.020000000018626, 7067927.879999999888241 ] ] } },
{ "type": "Feature", "properties": { "river": "Itajai_Norte", "reach": "R2", "rs": 107424.74 }, "geometry": { "type": "LineString", "coordinates": [ [ 598233.099999999976717, 7069008.200000000186265 ], [ 597986.53000000002794, 7067913.370000000111759 ] ] } },
{ "type": "Feature", "properties": { "river": "Itajai_Norte", "reach": "R2", "rs": 107274.74 }, "geometry": { "type": "LineString", "coordinates": [ [ 598494.12, 7068912.440000000409782 ], [ 598075.800000000046566, 7067871.059999999590218 ] ] } },
{ "type": "Feature", "properties": { "river": "Itajai_Norte", "reach": "R2", "rs": 106963.14 }, "geometry": { "type": "LineString", "coordinates": [ [ 598652.71999999997206, 7068826.92 ], [ 598386.099999999976717, 7067622.570000000298023 ] ] } },
{ "type": "Feature", "properties": { "river": "Itajai_Norte", "reach": "R2", "rs": 106346.36 }, "geometry": { "type": "LineString", "coordinates": [ [ 599054.35999999998603, 7068939.599999999627471 ], [ 599105.57999999995809, 7067507.019999999552965 ] ] } },
{ "type": "Feature", "properties": { "river": "Itajai_Norte", "reach": "R2", "rs": 105751.04 }, "geometry": { "type": "LineString", "coordinates": [ [ 599861.290000000037253, 7068800.379999999888241 ], [ 599474.14000000001397, 7067213.440000000409782 ] ] } },
{ "type": "Feature", "properties": { "river": "Itajai_Norte", "reach": "R2", "rs": 105120.49 }, "geometry": { "type": "LineString", "coordinates": [ [ 600878.150000000023283, 7068431.059999999590218 ], [ 599710.430000000051223, 7067252.660000000149012 ] ] } },
{ "type": "Feature", "properties": { "river": "Itajai_Norte", "reach": "R2", "rs": 104188.49 }, "geometry": { "type": "LineString", "coordinates": [ [ 601412.199999999953434, 7067834.160000000149012 ], [ 600450.819999999948777, 7066560.509999999776483 ] ] } },
{ "type": "Feature", "properties": { "river": "Itajai_Norte", "reach": "R2", "rs": 103256.49 }, "geometry": { "type": "LineString", "coordinates": [ [ 602212.0, 7066684.019999999552965 ], [ 600766.01, 7066176.349999999627471 ] ] } },
{ "type": "Feature", "properties": { "river": "Itajai_Norte", "reach": "R2", "rs": 102377.73 }, "geometry": { "type": "LineString", "coordinates": [ [ 602541.160000000032596, 7066725.150000000372529 ], [ 601746.810000000055879, 7065444.200000000186265 ] ] } },
{ "type": "Feature", "properties": { "river": "Itajai_Norte", "reach": "R2", "rs": 101516.48 }, "geometry": { "type": "LineString", "coordinates": [ [ 603311.160000000032596, 7065312.589999999850988 ], [ 601866.930000000051223, 7065237.980000000447035 ] ] } },
{ "type": "Feature", "properties": { "river": "Itajai_Norte", "reach": "R2", "rs": 100566.6 }, "geometry": { "type": "LineString", "coordinates": [ [ 603567.53000000002794, 7064914.620000000111759 ], [ 602463.26, 7064183.480000000447035 ] ] } },
{ "type": "Feature", "properties": { "river": "Itajai_Norte", "reach": "R2", "rs": 99566.6 }, "geometry": { "type": "LineString", "coordinates": [ [ 603821.930000000051223, 7064233.46 ], [ 603164.290000000037253, 7063196.549999999813735 ] ] } },
{ "type": "Feature", "properties": { "river": "Itajai_Norte", "reach": "R2", "rs": 98588.72 }, "geometry": { "type": "LineString", "coordinates": [ [ 604523.290000000037253, 7062885.360000000335276 ], [ 603437.74, 7063151.049999999813735 ] ] } },
{ "type": "Feature", "properties": { "river": "Itajai_Norte", "reach": "R2", "rs": 97792.72 }, "geometry": { "type": "LineString", "coordinates": [ [ 604253.74, 7062467.53000000026077 ], [ 603255.12, 7062139.019999999552965 ] ] } },
{ "type": "Feature", "properties": { "river": "Itajai_Norte", "reach": "R2", "rs": 96996.72 }, "geometry": { "type": "LineString", "coordinates": [ [ 604496.650000000023283, 7061570.839999999850988 ], [ 603489.199999999953434, 7061590.809999999590218 ] ] } },
{ "type": "Feature", "properties": { "river": "Itajai_Norte", "reach": "R2", "rs": 96642.72 }, "geometry": { "type": "LineString", "coordinates": [ [ 604414.46999999997206, 7061278.990000000223517 ], [ 603382.810000000055879, 7061170.230000000447035 ] ] } },
{ "type": "Feature", "properties": { "river": "Itajai_Norte", "reach": "R2", "rs": 96254.72 }, "geometry": { "type": "LineString", "coordinates": [ [ 604478.62, 7061152.860000000335276 ], [ 603602.770000000018626, 7060438.29 ] ] } },
{ "type": "Feature", "properties": { "river": "Itajai_Norte", "reach": "R2", "rs": 95730.37 }, "geometry": { "type": "LineString", "coordinates": [ [ 604604.17000000004191, 7061093.17 ], [ 604592.10999999998603, 7059860.79 ] ] } },
{ "type": "Feature", "properties": { "river": "Itajai_Norte", "reach": "R2", "rs": 94809.58 }, "geometry": { "type": "LineString", "coordinates": [ [ 605382.050000000046566, 7060745.04 ], [ 605293.310000000055879, 7059437.259999999776483 ] ] } },
{ "type": "Feature", "properties": { "river": "Itajai_Norte", "reach": "R2", "rs": 93889.6 }, "geometry": { "type": "LineString", "coordinates": [ [ 606225.51, 7061068.25 ], [ 606294.60999999998603, 7059573.929999999701977 ] ] } },
{ "type": "Feature", "properties": { "river": "Itajai_Norte", "reach": "R2", "rs": 92991.6 }, "geometry": { "type": "LineString", "coordinates": [ [ 607310.46999999997206, 7060610.860000000335276 ], [ 606440.87, 7059209.53000000026077 ] ] } },
{ "type": "Feature", "properties": { "river": "Itajai_Norte", "reach": "R2", "rs": 92204.13 }, "geometry": { "type": "LineString", "coordinates": [ [ 608114.57999999995809, 7060081.070000000298023 ], [ 606971.21999999997206, 7058938.599999999627471 ] ] } },
{ "type": "Feature", "properties": { "river": "Itajai_Norte", "reach": "R2", "rs": 91544.13 }, "geometry": { "type": "LineString", "coordinates": [ [ 608462.28000000002794, 7059627.389999999664724 ], [ 607646.39000000001397, 7058607.950000000186265 ] ] } },
{ "type": "Feature", "properties": { "river": "Itajai_Norte", "reach": "R2", "rs": 90870.01 }, "geometry": { "type": "LineString", "coordinates": [ [ 608795.300000000046566, 7058735.120000000111759 ], [ 607903.979999999981374, 7058387.070000000298023 ] ] } },
{ "type": "Feature", "properties": { "river": "Itajai_Norte", "reach": "R2", "rs": 90210.01 }, "geometry": { "type": "LineString", "coordinates": [ [ 608812.930000000051223, 7057982.78000000026077 ], [ 608088.729999999981374, 7057903.71999999973923 ] ] } },
{ "type": "Feature", "properties": { "river": "Itajai_Norte", "reach": "R2", "rs": 89652.25 }, "geometry": { "type": "LineString", "coordinates": [ [ 608749.71999999997206, 7057443.589999999850988 ], [ 608129.189999999944121, 7057372.96 ] ] } },
{ "type": "Feature", "properties": { "river": "Itajai_Norte", "reach": "R2", "rs": 89230.25 }, "geometry": { "type": "LineString", "coordinates": [ [ 608861.76, 7057418.839999999850988 ], [ 608712.650000000023283, 7056880.25 ] ] } },
{ "type": "Feature", "properties": { "river": "Itajai_Norte", "reach": "R2", "rs": 88831.05 }, "geometry": { "type": "LineString", "coordinates": [ [ 609155.92000000004191, 7057392.730000000447035 ], [ 609225.339999999967404, 7056838.21 ] ] } },
{ "type": "Feature", "properties": { "river": "Itajai_Norte", "reach": "R2", "rs": 88390.86 }, "geometry": { "type": "LineString", "coordinates": [ [ 609653.839999999967404, 7057497.53000000026077 ], [ 609570.62, 7056924.269999999552965 ] ] } },
{ "type": "Feature", "properties": { "river": "Itajai_Norte", "reach": "R2", "rs": 87899.94 }, "geometry": { "type": "LineString", "coordinates": [ [ 610230.57999999995809, 7057008.730000000447035 ], [ 609643.62, 7056815.320000000298023 ] ] } },
{ "type": "Feature", "properties": { "river": "Itajai_Norte", "reach": "R2", "rs": 87411.2 }, "geometry": { "type": "LineString", "coordinates": [ [ 610382.949999999953434, 7056801.129999999888241 ], [ 609945.74, 7056260.269999999552965 ] ] } },
{ "type": "Feature", "properties": { "river": "Itajai_Norte", "reach": "R2", "rs": 87194.46 }, "geometry": { "type": "LineString", "coordinates": [ [ 610611.160000000032596, 7056777.860000000335276 ], [ 610086.430000000051223, 7056062.67 ] ] } },
{ "type": "Feature", "properties": { "river": "Itajai_Norte", "reach": "R2", "rs": 86979.52 }, "geometry": { "type": "LineString", "coordinates": [ [ 610864.410000000032596, 7056662.240000000223517 ], [ 610150.650000000023283, 7055878.160000000149012 ] ] } },
{ "type": "Feature", "properties": { "river": "Itajai_Norte", "reach": "R2", "rs": 86808.33 }, "geometry": { "type": "LineString", "coordinates": [ [ 611081.71999999997206, 7056573.96 ], [ 610137.03000000002794, 7055682.150000000372529 ] ] } },
{ "type": "Feature", "properties": { "river": "Itajai_Norte", "reach": "R2", "rs": 86658.33 }, "geometry": { "type": "LineString", "coordinates": [ [ 611301.189999999944121, 7056525.46999999973923 ], [ 610124.71999999997206, 7055514.049999999813735 ] ] } },
{ "type": "Feature", "properties": { "river": "Itajai_Norte", "reach": "R2", "rs": 86508.33 }, "geometry": { "type": "LineString", "coordinates": [ [ 611547.76, 7056416.730000000447035 ], [ 610065.560000000055879, 7055388.54 ] ] } },
{ "type": "Feature", "properties": { "river": "Itajai_Norte", "reach": "R2", "rs": 86358.33 }, "geometry": { "type": "LineString", "coordinates": [ [ 611731.85999999998603, 7056270.71999999973923 ], [ 610046.900000000023283, 7055285.009999999776483 ] ] } },
{ "type": "Feature", "properties": { "river": "Itajai_Norte", "reach": "R2", "rs": 86208.33 }, "geometry": { "type": "LineString", "coordinates": [ [ 611790.17000000004191, 7056128.929999999701977 ], [ 610248.25, 7055234.160000000149012 ] ] } },
{ "type": "Feature", "properties": { "river": "Itajai_Norte", "reach": "R2", "rs": 86058.33 }, "geometry": { "type": "LineString", "coordinates": [ [ 611822.67000000004191, 7056075.049999999813735 ], [ 610503.92000000004191, 7055145.730000000447035 ] ] } },
{ "type": "Feature", "properties": { "river": "Itajai_Norte", "reach": "R2", "rs": 85908.33 }, "geometry": { "type": "LineString", "coordinates": [ [ 611877.01, 7056018.660000000149012 ], [ 610760.900000000023283, 7055102.740000000223517 ] ] } },
{ "type": "Feature", "properties": { "river": "Itajai_Norte", "reach": "R2", "rs": 85758.33 }, "geometry": { "type": "LineString", "coordinates": [ [ 612043.349999999976717, 7055826.620000000111759 ], [ 610835.430000000051223, 7055035.5 ] ] } },
{ "type": "Feature", "properties": { "river": "Itajai_Norte", "reach": "R2", "rs": 85608.33 }, "geometry": { "type": "LineString", "coordinates": [ [ 612214.479999999981374, 7055501.299999999813735 ], [ 610860.569999999948777, 7054999.120000000111759 ] ] } },
{ "type": "Feature", "properties": { "river": "Itajai_Norte", "reach": "R2", "rs": 85458.33 }, "geometry": { "type": "LineString", "coordinates": [ [ 612284.839999999967404, 7055191.200000000186265 ], [ 610864.410000000032596, 7054930.46 ] ] } },
{ "type": "Feature", "properties": { "river": "Itajai_Norte", "reach": "R2", "rs": 85308.33 }, "geometry": { "type": "LineString", "coordinates": [ [ 612294.87, 7054988.179999999701977 ], [ 610816.709999999962747, 7054800.309999999590218 ] ] } },
{ "type": "Feature", "properties": { "river": "Itajai_Norte", "reach": "R2", "rs": 85158.33 }, "geometry": { "type": "LineString", "coordinates": [ [ 612310.71999999997206, 7054921.67 ], [ 610813.680000000051223, 7054602.46 ] ] } },
{ "type": "Feature", "properties": { "river": "Itajai_Norte", "reach": "R2", "rs": 85008.33 }, "geometry": { "type": "LineString", "coordinates": [ [ 612323.57999999995809, 7054862.370000000111759 ], [ 610865.14000000001397, 7054409.440000000409782 ] ] } },
{ "type": "Feature", "properties": { "river": "Itajai_Norte", "reach": "R2", "rs": 84858.33 }, "geometry": { "type": "LineString", "coordinates": [ [ 612350.349999999976717, 7054769.629999999888241 ], [ 610976.939999999944121, 7054258.78000000026077 ] ] } },
{ "type": "Feature", "properties": { "river": "Itajai_Norte", "reach": "R2", "rs": 84702.95 }, "geometry": { "type": "LineString", "coordinates": [ [ 612362.32999999995809, 7054556.809999999590218 ], [ 611068.14000000001397, 7054153.120000000111759 ] ] } },
{ "type": "Feature", "properties": { "river": "Itajai_Norte", "reach": "R2", "rs": 84526.43 }, "geometry": { "type": "LineString", "coordinates": [ [ 612338.42000000004191, 7054195.389999999664724 ], [ 611103.67000000004191, 7054080.769999999552965 ] ] } },
{ "type": "Feature", "properties": { "river": "Itajai_Norte", "reach": "R2", "rs": 84309.37 }, "geometry": { "type": "LineString", "coordinates": [ [ 612194.0, 7053748.730000000447035 ], [ 611089.790000000037253, 7054019.360000000335276 ] ] } },
{ "type": "Feature", "properties": { "river": "Itajai_Norte", "reach": "R2", "rs": 84057.37 }, "geometry": { "type": "LineString", "coordinates": [ [ 611990.96999999997206, 7053475.71 ], [ 611010.680000000051223, 7053833.049999999813735 ] ] } },
{ "type": "Feature", "properties": { "river": "Itajai_Norte", "reach": "R2", "rs": 83817.69 }, "geometry": { "type": "LineString", "coordinates": [ [ 611877.300000000046566, 7053272.740000000223517 ], [ 610877.339999999967404, 7053618.360000000335276 ] ] } },
{ "type": "Feature", "properties": { "river": "Itajai_Norte", "reach": "R2", "rs": 83599.69 }, "geometry": { "type": "LineString", "coordinates": [ [ 611765.37, 7053101.110000000335276 ], [ 610739.160000000032596, 7053413.200000000186265 ] ] } },
{ "type": "Feature", "properties": { "river": "Itajai_Norte", "reach": "R2", "rs": 83381.69 }, "geometry": { "type": "LineString", "coordinates": [ [ 611733.520000000018626, 7052975.83 ], [ 610553.24, 7053116.519999999552965 ] ] } },
{ "type": "Feature", "properties": { "river": "Itajai_Norte", "reach": "R2", "rs": 83165.9 }, "geometry": { "type": "LineString", "coordinates": [ [ 611668.53000000002794, 7052905.929999999701977 ], [ 610482.680000000051223, 7052686.070000000298023 ] ] } },
{ "type": "Feature", "properties": { "river": "Itajai_Norte", "reach": "R2", "rs": 82979.46 }, "geometry": { "type": "LineString", "coordinates": [ [ 611682.96999999997206, 7052769.75 ], [ 610531.74, 7052420.639999999664724 ] ] } },
{ "type": "Feature", "properties": { "river": "Itajai_Norte", "reach": "R2", "rs": 82818.37 }, "geometry": { "type": "LineString", "coordinates": [ [ 611686.959999999962747, 7052591.139999999664724 ], [ 610614.099999999976717, 7052309.08 ] ] } },
{ "type": "Feature", "properties": { "river": "Itajai_Norte", "reach": "R2", "rs": 82668.37 }, "geometry": { "type": "LineString", "coordinates": [ [ 611676.959999999962747, 7052472.769999999552965 ], [ 610686.699999999953434, 7052105.349999999627471 ] ] } },
{ "type": "Feature", "properties": { "river": "Itajai_Norte", "reach": "R2", "rs": 82518.37 }, "geometry": { "type": "LineString", "coordinates": [ [ 611688.199999999953434, 7052431.009999999776483 ], [ 610897.099999999976717, 7051809.42 ] ] } },
{ "type": "Feature", "properties": { "river": "Itajai_Norte", "reach": "R2", "rs": 82350.75 }, "geometry": { "type": "LineString", "coordinates": [ [ 611731.14000000001397, 7052391.429999999701977 ], [ 611213.46999999997206, 7051602.450000000186265 ] ] } },
{ "type": "Feature", "properties": { "river": "Itajai_Norte", "reach": "R2", "rs": 82137.85 }, "geometry": { "type": "LineString", "coordinates": [ [ 611909.089999999967404, 7052276.21999999973923 ], [ 611437.050000000046566, 7051566.679999999701977 ] ] } },
{ "type": "Feature", "properties": { "river": "Itajai_Norte", "reach": "R2", "rs": 81799.38 }, "geometry": { "type": "LineString", "coordinates": [ [ 612184.38, 7051949.349999999627471 ], [ 611578.38, 7051499.849999999627471 ] ] } },
{ "type": "Feature", "properties": { "river": "Itajai_Norte", "reach": "R2", "rs": 81488.56 }, "geometry": { "type": "LineString", "coordinates": [ [ 612290.28000000002794, 7051775.049999999813735 ], [ 611947.959999999962747, 7051162.5 ] ] } },
{ "type": "Feature", "properties": { "river": "Itajai_Norte", "reach": "R2", "rs": 81248.69 }, "geometry": { "type": "LineString", "coordinates": [ [ 612357.729999999981374, 7051774.04 ], [ 612461.38, 7051104.099999999627471 ] ] } },
{ "type": "Feature", "properties": { "river": "Itajai_Norte", "reach": "R2", "rs": 81016.79 }, "geometry": { "type": "LineString", "coordinates": [ [ 612511.74, 7051859.110000000335276 ], [ 612760.64000000001397, 7051228.54 ] ] } },
{ "type": "Feature", "properties": { "river": "Itajai_Norte", "reach": "R2", "rs": 80834.37 }, "geometry": { "type": "LineString", "coordinates": [ [ 612720.28000000002794, 7051995.009999999776483 ], [ 612849.040000000037253, 7051271.309999999590218 ] ] } },
{ "type": "Feature", "properties": { "river": "Itajai_Norte", "reach": "R2", "rs": 80684.37 }, "geometry": { "type": "LineString", "coordinates": [ [ 612949.209999999962747, 7052071.929999999701977 ], [ 612893.25, 7051286.92 ] ] } },
{ "type": "Feature", "properties": { "river": "Itajai_Norte", "reach": "R2", "rs": 80534.37 }, "geometry": { "type": "LineString", "coordinates": [ [ 613201.310000000055879, 7052139.54 ], [ 612950.270000000018626, 7051259.059999999590218 ] ] } },
{ "type": "Feature", "properties": { "river": "Itajai_Norte", "reach": "R2", "rs": 80307.13 }, "geometry": { "type": "LineString", "coordinates": [ [ 613423.85999999998603, 7052121.339999999850988 ], [ 613167.550000000046566, 7051178.339999999850988 ] ] } },
{ "type": "Feature", "properties": { "river": "Itajai_Norte", "reach": "R2", "rs": 79987.13 }, "geometry": { "type": "LineString", "coordinates": [ [ 613750.540000000037253, 7052119.889999999664724 ], [ 613481.790000000037253, 7051127.610000000335276 ] ] } },
{ "type": "Feature", "properties": { "river": "Itajai_Norte", "reach": "R2", "rs": 79623.39 }, "geometry": { "type": "LineString", "coordinates": [ [ 614344.14000000001397, 7051711.25 ], [ 613579.699999999953434, 7051088.28000000026077 ] ] } },
{ "type": "Feature", "properties": { "river": "Itajai_Norte", "reach": "R2", "rs": 79201.39 }, "geometry": { "type": "LineString", "coordinates": [ [ 614556.229999999981374, 7051071.46999999973923 ], [ 613624.75, 7050865.349999999627471 ] ] } },
{ "type": "Feature", "properties": { "river": "Itajai_Norte", "reach": "R2", "rs": 78752.66 }, "geometry": { "type": "LineString", "coordinates": [ [ 614613.63, 7050888.089999999850988 ], [ 613855.800000000046566, 7050270.009999999776483 ] ] } },
{ "type": "Feature", "properties": { "river": "Itajai_Norte", "reach": "R2", "rs": 78262.66 }, "geometry": { "type": "LineString", "coordinates": [ [ 614957.459999999962747, 7050525.799999999813735 ], [ 614186.839999999967404, 7049921.25 ] ] } },
{ "type": "Feature", "properties": { "river": "Itajai_Norte", "reach": "R2", "rs": 77772.66 }, "geometry": { "type": "LineString", "coordinates": [ [ 615266.74, 7049814.679999999701977 ], [ 614290.729999999981374, 7049715.79 ] ] } },
{ "type": "Feature", "properties": { "river": "Itajai_Norte", "reach": "R2", "rs": 77282.66 }, "geometry": { "type": "LineString", "coordinates": [ [ 615186.790000000037253, 7049652.179999999701977 ], [ 614496.770000000018626, 7049010.059999999590218 ] ] } },
{ "type": "Feature", "properties": { "river": "Itajai_Norte", "reach": "R2", "rs": 76792.66 }, "geometry": { "type": "LineString", "coordinates": [ [ 615472.24, 7049625.370000000111759 ], [ 615090.589999999967404, 7048763.519999999552965 ] ] } },
{ "type": "Feature", "properties": { "river": "Itajai_Norte", "reach": "R2", "rs": 76302.66 }, "geometry": { "type": "LineString", "coordinates": [ [ 616104.39000000001397, 7048979.599999999627471 ], [ 615211.060000000055879, 7048678.900000000372529 ] ] } },
{ "type": "Feature", "properties": { "river": "Itajai_Norte", "reach": "R2", "rs": 75872.58 }, "geometry": { "type": "LineString", "coordinates": [ [ 616128.560000000055879, 7048299.58 ], [ 615163.32999999995809, 7048457.320000000298023 ] ] } },
{ "type": "Feature", "properties": { "river": "Itajai_Norte", "reach": "R2", "rs": 75556.03 }, "geometry": { "type": "LineString", "coordinates": [ [ 616080.82999999995809, 7047987.96999999973923 ], [ 615051.479999999981374, 7048156.190000000409782 ] ] } },
{ "type": "Feature", "properties": { "river": "Itajai_Norte", "reach": "R2", "rs": 75282.53 }, "geometry": { "type": "LineString", "coordinates": [ [ 616027.339999999967404, 7047744.799999999813735 ], [ 614909.21999999997206, 7047876.96999999973923 ] ] } },
{ "type": "Feature", "properties": { "river": "Itajai_Norte", "reach": "R2", "rs": 75046.23 }, "geometry": { "type": "LineString", "coordinates": [ [ 615981.74, 7047611.110000000335276 ], [ 614811.25, 7047529.21999999973923 ] ] } },
{ "type": "Feature", "properties": { "river": "Itajai_Norte", "reach": "R2", "rs": 74828.23 }, "geometry": { "type": "LineString", "coordinates": [ [ 615995.449999999953434, 7047511.809999999590218 ], [ 614794.199999999953434, 7047149.240000000223517 ] ] } },
{ "type": "Feature", "properties": { "river": "Itajai_Norte", "reach": "R2", "rs": 74610.23 }, "geometry": { "type": "LineString", "coordinates": [ [ 616021.46999999997206, 7047451.839999999850988 ], [ 614920.39000000001397, 7046719.04 ] ] } },
{ "type": "Feature", "properties": { "river": "Itajai_Norte", "reach": "R2", "rs": 74392.23 }, "geometry": { "type": "LineString", "coordinates": [ [ 616106.39000000001397, 7047368.849999999627471 ], [ 615115.660000000032596, 7046393.179999999701977 ] ] } },
{ "type": "Feature", "properties": { "river": "Itajai_Norte", "reach": "R2", "rs": 74174.23 }, "geometry": { "type": "LineString", "coordinates": [ [ 616333.699999999953434, 7047289.230000000447035 ], [ 615274.770000000018626, 7046242.620000000111759 ] ] } },
{ "type": "Feature", "properties": { "river": "Itajai_Norte", "reach": "R2", "rs": 73956.23 }, "geometry": { "type": "LineString", "coordinates": [ [ 616627.25, 7047143.25 ], [ 615349.540000000037253, 7046167.160000000149012 ] ] } },
{ "type": "Feature", "properties": { "river": "Itajai_Norte", "reach": "R2", "rs": 73738.23 }, "geometry": { "type": "LineString", "coordinates": [ [ 616828.660000000032596, 7046860.08 ], [ 615382.270000000018626, 7046110.46 ] ] } },
{ "type": "Feature", "properties": { "river": "Itajai_Norte", "reach": "R2", "rs": 73520.23 }, "geometry": { "type": "LineString", "coordinates": [ [ 616877.089999999967404, 7046557.71 ], [ 615425.819999999948777, 7045995.570000000298023 ] ] } },
{ "type": "Feature", "properties": { "river": "Itajai_Norte", "reach": "R2", "rs": 73267.49 }, "geometry": { "type": "LineString", "coordinates": [ [ 616871.910000000032596, 7046271.71 ], [ 615500.290000000037253, 7045775.700000000186265 ] ] } },
{ "type": "Feature", "properties": { "river": "Itajai_Norte", "reach": "R2", "rs": 72946.0 }, "geometry": { "type": "LineString", "coordinates": [ [ 616968.729999999981374, 7046018.269999999552965 ], [ 615641.26, 7045405.259999999776483 ] ] } },
{ "type": "Feature", "properties": { "river": "Itajai_Norte", "reach": "R2", "rs": 72509.61 }, "geometry": { "type": "LineString", "coordinates": [ [ 617017.85999999998603, 7045894.910000000149012 ], [ 616173.550000000046566, 7044696.679999999701977 ] ] } },
{ "type": "Feature", "properties": { "river": "Itajai_Norte", "reach": "R2", "rs": 71879.98 }, "geometry": { "type": "LineString", "coordinates": [ [ 617394.589999999967404, 7045883.25 ], [ 617131.92000000004191, 7044437.46 ] ] } },
{ "type": "Feature", "properties": { "river": "Itajai_Norte", "reach": "R2", "rs": 71083.98 }, "geometry": { "type": "LineString", "coordinates": [ [ 618304.770000000018626, 7045616.589999999850988 ], [ 617640.060000000055879, 7044193.259999999776483 ] ] } },
{ "type": "Feature", "properties": { "river": "Itajai_Norte", "reach": "R2", "rs": 70219.98 }, "geometry": { "type": "LineString", "coordinates": [ [ 619271.78000000002794, 7044731.71 ], [ 617818.87, 7044026.389999999664724 ] ] } },
{ "type": "Feature", "properties": { "river": "Itajai_Norte", "reach": "R2", "rs": 69331.78 }, "geometry": { "type": "LineString", "coordinates": [ [ 619559.62, 7043675.820000000298023 ], [ 618081.229999999981374, 7043434.21999999973923 ] ] } },
{ "type": "Feature", "properties": { "river": "Itajai_Norte", "reach": "R2", "rs": 68442.78 }, "geometry": { "type": "LineString", "coordinates": [ [ 619644.10999999998603, 7043117.54 ], [ 618685.180000000051223, 7042350.400000000372529 ] ] } },
{ "type": "Feature", "properties": { "river": "Itajai_Norte", "reach": "R2", "rs": 67544.78 }, "geometry": { "type": "LineString", "coordinates": [ [ 620119.939999999944121, 7042307.860000000335276 ], [ 619281.24, 7041735.629999999888241 ] ] } },
{ "type": "Feature", "properties": { "river": "Itajai_Norte", "reach": "R2", "rs": 66694.81 }, "geometry": { "type": "LineString", "coordinates": [ [ 620401.53000000002794, 7041259.320000000298023 ], [ 619437.689999999944121, 7041256.950000000186265 ] ] } },
{ "type": "Feature", "properties": { "river": "Itajai_Norte", "reach": "R2", "rs": 65796.81 }, "geometry": { "type": "LineString", "coordinates": [ [ 620504.089999999967404, 7041086.990000000223517 ], [ 620377.900000000023283, 7040131.440000000409782 ] ] } },
{ "type": "Feature", "properties": { "river": "Itajai_Norte", "reach": "R2", "rs": 65259.83 }, "geometry": { "type": "LineString", "coordinates": [ [ 621106.550000000046566, 7041030.839999999850988 ], [ 620827.10999999998603, 7040108.389999999664724 ] ] } },
{ "type": "Feature", "properties": { "river": "Itajai_Norte", "reach": "R2", "rs": 64890.61 }, "geometry": { "type": "LineString", "coordinates": [ [ 621627.13, 7040766.870000000111759 ], [ 620924.810000000055879, 7040064.150000000372529 ] ] } },
{ "type": "Feature", "properties": { "river": "Itajai_Norte", "reach": "R2", "rs": 64536.61 }, "geometry": { "type": "LineString", "coordinates": [ [ 621955.189999999944121, 7040402.160000000149012 ], [ 621033.99, 7039887.5 ] ] } },
{ "type": "Feature", "properties": { "river": "Itajai_Norte", "reach": "R2", "rs": 64182.61 }, "geometry": { "type": "LineString", "coordinates": [ [ 622177.800000000046566, 7040067.809999999590218 ], [ 621171.82999999995809, 7039611.490000000223517 ] ] } },
{ "type": "Feature", "properties": { "river": "Itajai_Norte", "reach": "R2", "rs": 63857.9 }, "geometry": { "type": "LineString", "coordinates": [ [ 622323.979999999981374, 7039729.79 ], [ 621267.76, 7039344.28000000026077 ] ] } },
{ "type": "Feature", "properties": { "river": "Itajai_Norte", "reach": "R2", "rs": 63537.9 }, "geometry": { "type": "LineString", "coordinates": [ [ 622319.0, 7039444.980000000447035 ], [ 621396.51, 7038988.799999999813735 ] ] } },
{ "type": "Feature", "properties": { "river": "Itajai_Norte", "reach": "R2", "rs": 63232.86 }, "geometry": { "type": "LineString", "coordinates": [ [ 622408.209999999962747, 7039132.549999999813735 ], [ 621544.0, 7038747.33 ] ] } },
{ "type": "Feature", "properties": { "river": "Itajai_Norte", "reach": "R2", "rs": 62924.41 }, "geometry": { "type": "LineString", "coordinates": [ [ 622431.14000000001397, 7038688.549999999813735 ], [ 621568.32999999995809, 7038661.79 ] ] } },
{ "type": "Feature", "properties": { "river": "Itajai_Norte", "reach": "R2", "rs": 62513.21 }, "geometry": { "type": "LineString", "coordinates": [ [ 622375.849999999976717, 7038302.879999999888241 ], [ 621516.67000000004191, 7038219.410000000149012 ] ] } },
{ "type": "Feature", "properties": { "river": "Itajai_Norte", "reach": "R2", "rs": 61952.56 }, "geometry": { "type": "LineString", "coordinates": [ [ 622504.339999999967404, 7038254.610000000335276 ], [ 622335.92000000004191, 7037407.96999999973923 ] ] } },
{ "type": "Feature", "properties": { "river": "Itajai_Norte", "reach": "R2", "rs": 61205.42 }, "geometry": { "type": "LineString", "coordinates": [ [ 623205.32999999995809, 7038245.910000000149012 ], [ 623141.459999999962747, 7037367.200000000186265 ] ] } },
{ "type": "Feature", "properties": { "river": "Itajai_Norte", "reach": "R2", "rs": 60417.23 }, "geometry": { "type": "LineString", "coordinates": [ [ 624101.270000000018626, 7037786.259999999776483 ], [ 623400.229999999981374, 7037161.46 ] ] } },
{ "type": "Feature", "properties": { "river": "Itajai_Norte", "reach": "R2", "rs": 59655.23 }, "geometry": { "type": "LineString", "coordinates": [ [ 624538.400000000023283, 7036943.96999999973923 ], [ 623533.37, 7036802.740000000223517 ] ] } },
{ "type": "Feature", "properties": { "river": "Itajai_Norte", "reach": "R2", "rs": 58893.23 }, "geometry": { "type": "LineString", "coordinates": [ [ 624290.57999999995809, 7035992.53000000026077 ], [ 623389.28000000002794, 7036574.639999999664724 ] ] } },
{ "type": "Feature", "properties": { "river": "Itajai_Norte", "reach": "R2", "rs": 58130.59 }, "geometry": { "type": "LineString", "coordinates": [ [ 624338.229999999981374, 7035833.129999999888241 ], [ 623617.770000000018626, 7035009.5 ] ] } },
{ "type": "Feature", "properties": { "river": "Itajai_Norte", "reach": "R2", "rs": 57130.59 }, "geometry": { "type": "LineString", "coordinates": [ [ 625200.410000000032596, 7035095.160000000149012 ], [ 624194.12, 7034647.589999999850988 ] ] } },
{ "type": "Feature", "properties": { "river": "Itajai_Norte", "reach": "R2", "rs": 56130.59 }, "geometry": { "type": "LineString", "coordinates": [ [ 625550.430000000051223, 7034370.29 ], [ 624576.96999999997206, 7033520.740000000223517 ] ] } },
{ "type": "Feature", "properties": { "river": "Itajai_Norte", "reach": "R2", "rs": 55168.09 }, "geometry": { "type": "LineString", "coordinates": [ [ 626257.89000000001397, 7033577.820000000298023 ], [ 624941.319999999948777, 7032788.679999999701977 ] ] } },
{ "type": "Feature", "properties": { "river": "Itajai_Norte", "reach": "R2", "rs": 54707.0 }, "geometry": { "type": "LineString", "coordinates": [ [ 626606.569999999948777, 7033504.96999999973923 ], [ 625296.550000000046566, 7032226.759999999776483 ] ] } },
{ "type": "Feature", "properties": { "river": "Itajai_Norte", "reach": "R2", "rs": 54106.52 }, "geometry": { "type": "LineString", "coordinates": [ [ 627049.310000000055879, 7033114.410000000149012 ], [ 625703.020000000018626, 7031768.120000000111759 ] ] } },
{ "type": "Feature", "properties": { "river": "Itajai_Norte", "reach": "R2", "rs": 53456.04 }, "geometry": { "type": "LineString", "coordinates": [ [ 627515.599999999976717, 7032660.769999999552965 ], [ 626156.660000000032596, 7031301.839999999850988 ] ] } },
{ "type": "Feature", "properties": { "river": "Itajai_Norte", "reach": "R2", "rs": 52961.52 }, "geometry": { "type": "LineString", "coordinates": [ [ 627874.040000000037253, 7032274.67 ], [ 626497.569999999948777, 7030988.58 ] ] } },
{ "type": "Feature", "properties": { "river": "Itajai_Norte", "reach": "R2", "rs": 52258.45 }, "geometry": { "type": "LineString", "coordinates": [ [ 628348.430000000051223, 7031370.71999999973923 ], [ 626682.339999999967404, 7030681.79 ] ] } },
{ "type": "Feature", "properties": { "river": "Itajai_Norte", "reach": "R2", "rs": 51395.35 }, "geometry": { "type": "LineString", "coordinates": [ [ 628561.64000000001397, 7030817.25 ], [ 627307.770000000018626, 7029700.150000000372529 ] ] } },
{ "type": "Feature", "properties": { "river": "Itajai_Norte", "reach": "R2", "rs": 50863.12 }, "geometry": { "type": "LineString", "coordinates": [ [ 628965.12, 7030111.429999999701977 ], [ 627530.540000000037253, 7029616.46999999973923 ] ] } },
{ "type": "Feature", "properties": { "river": "Itajai_Norte", "reach": "R2", "rs": 50267.8 }, "geometry": { "type": "LineString", "coordinates": [ [ 629021.49, 7029441.46 ], [ 627617.76, 7029135.509999999776483 ] ] } },
{ "type": "Feature", "properties": { "river": "Itajai_Norte", "reach": "R2", "rs": 49546.62 }, "geometry": { "type": "LineString", "coordinates": [ [ 629219.060000000055879, 7029338.129999999888241 ], [ 628418.339999999967404, 7028249.690000000409782 ] ] } },
{ "type": "Feature", "properties": { "river": "Itajai_Norte", "reach": "R2", "rs": 48905.07 }, "geometry": { "type": "LineString", "coordinates": [ [ 629454.979999999981374, 7029197.519999999552965 ], [ 629301.089999999967404, 7027926.929999999701977 ] ] } },
{ "type": "Feature", "properties": { "river": "Itajai_Norte", "reach": "R2", "rs": 48755.07 }, "geometry": { "type": "LineString", "coordinates": [ [ 629559.449999999953434, 7029201.53000000026077 ], [ 629492.82999999995809, 7027994.849999999627471 ] ] } },
{ "type": "Feature", "properties": { "river": "Itajai_Norte", "reach": "R2", "rs": 48605.07 }, "geometry": { "type": "LineString", "coordinates": [ [ 629786.199999999953434, 7029212.71999999973923 ], [ 629593.060000000055879, 7028024.42 ] ] } },
{ "type": "Feature", "properties": { "river": "Itajai_Norte", "reach": "R2", "rs": 48455.07 }, "geometry": { "type": "LineString", "coordinates": [ [ 630080.319999999948777, 7029194.059999999590218 ], [ 629649.75, 7028012.75 ] ] } },
{ "type": "Feature", "properties": { "river": "Itajai_Norte", "reach": "R2", "rs": 48305.07 }, "geometry": { "type": "LineString", "coordinates": [ [ 630409.12, 7029124.440000000409782 ], [ 629688.050000000046566, 7027989.320000000298023 ] ] } },
{ "type": "Feature", "properties": { "river": "Itajai_Norte", "reach": "R2", "rs": 48148.34 }, "geometry": { "type": "LineString", "coordinates": [ [ 630665.439999999944121, 7028991.950000000186265 ], [ 629751.949999999953434, 7027931.21 ] ] } },
{ "type": "Feature", "properties": { "river": "Itajai_Norte", "reach": "R2", "rs": 47980.26 }, "geometry": { "type": "LineString", "coordinates": [ [ 630852.53000000002794, 7028838.240000000223517 ], [ 629778.28000000002794, 7027775.099999999627471 ] ] } },
{ "type": "Feature", "properties": { "river": "Itajai_Norte", "reach": "R2", "rs": 47685.0 }, "geometry": { "type": "LineString", "coordinates": [ [ 631069.64000000001397, 7028454.370000000111759 ], [ 629866.810000000055879, 7027588.46999999973923 ] ] } },
{ "type": "Feature", "properties": { "river": "Itajai_Norte", "reach": "R2", "rs": 47185.54 }, "geometry": { "type": "LineString", "coordinates": [ [ 631166.540000000037253, 7027815.320000000298023 ], [ 629994.050000000046566, 7027187.839999999850988 ] ] } },
{ "type": "Feature", "properties": { "river": "Itajai_Norte", "reach": "R2", "rs": 46421.72 }, "geometry": { "type": "LineString", "coordinates": [ [ 631377.910000000032596, 7026984.42 ], [ 630345.53000000002794, 7026643.75 ] ] } },
{ "type": "Feature", "properties": { "river": "Itajai_Norte", "reach": "R2", "rs": 45421.72 }, "geometry": { "type": "LineString", "coordinates": [ [ 631305.680000000051223, 7025852.639999999664724 ], [ 630355.17000000004191, 7025890.059999999590218 ] ] } },
{ "type": "Feature", "properties": { "river": "Itajai_Norte", "reach": "R2", "rs": 44421.72 }, "geometry": { "type": "LineString", "coordinates": [ [ 631101.459999999962747, 7025052.360000000335276 ], [ 630285.939999999944121, 7024562.660000000149012 ] ] } },
{ "type": "Feature", "properties": { "river": "Itajai_Norte", "reach": "R2", "rs": 44271.72 }, "geometry": { "type": "LineString", "coordinates": [ [ 631140.10999999998603, 7025028.990000000223517 ], [ 630590.770000000018626, 7024296.83 ] ] } },
{ "type": "Feature", "properties": { "river": "Itajai_Norte", "reach": "R2", "rs": 44121.72 }, "geometry": { "type": "LineString", "coordinates": [ [ 631202.459999999962747, 7025002.480000000447035 ], [ 630908.25, 7024173.740000000223517 ] ] } },
{ "type": "Feature", "properties": { "river": "Itajai_Norte", "reach": "R2", "rs": 43971.72 }, "geometry": { "type": "LineString", "coordinates": [ [ 631320.28000000002794, 7025013.759999999776483 ], [ 631155.439999999944121, 7024235.259999999776483 ] ] } },
{ "type": "Feature", "properties": { "river": "Itajai_Norte", "reach": "R2", "rs": 43821.72 }, "geometry": { "type": "LineString", "coordinates": [ [ 631470.76, 7025094.440000000409782 ], [ 631338.040000000037253, 7024282.320000000298023 ] ] } },
{ "type": "Feature", "properties": { "river": "Itajai_Norte", "reach": "R2", "rs": 43562.05 }, "geometry": { "type": "LineString", "coordinates": [ [ 631711.449999999953434, 7025101.990000000223517 ], [ 631622.319999999948777, 7024300.799999999813735 ] ] } },
{ "type": "Feature", "properties": { "river": "Itajai_Norte", "reach": "R2", "rs": 42883.92 }, "geometry": { "type": "LineString", "coordinates": [ [ 632193.99, 7025250.099999999627471 ], [ 632399.770000000018626, 7024438.700000000186265 ] ] } },
{ "type": "Feature", "properties": { "river": "Itajai_Norte", "reach": "R2", "rs": 41883.92 }, "geometry": { "type": "LineString", "coordinates": [ [ 633389.270000000018626, 7024279.740000000223517 ], [ 632606.560000000055879, 7024408.08 ] ] } },
{ "type": "Feature", "properties": { "river": "Itajai_Norte", "reach": "R2", "rs": 40883.92 }, "geometry": { "type": "LineString", "coordinates": [ [ 633673.300000000046566, 7023698.139999999664724 ], [ 632969.53000000002794, 7023332.339999999850988 ] ] } },
{ "type": "Feature", "properties": { "river": "Itajai_Norte", "reach": "R2", "rs": 39883.92 }, "geometry": { "type": "LineString", "coordinates": [ [ 633485.430000000051223, 7022422.110000000335276 ], [ 632723.28000000002794, 7022730.190000000409782 ] ] } },
{ "type": "Feature", "properties": { "river": "Itajai_Norte", "reach": "R2", "rs": 38883.92 }, "geometry": { "type": "LineString", "coordinates": [ [ 633715.150000000023283, 7022324.660000000149012 ], [ 633404.560000000055879, 7021508.900000000372529 ] ] } },
{ "type": "Feature", "properties": { "river": "Itajai_Norte", "reach": "R2", "rs": 37883.92 }, "geometry": { "type": "LineString", "coordinates": [ [ 634710.650000000023283, 7021722.54 ], [ 634062.810000000055879, 7021027.17 ] ] } },
{ "type": "Feature", "properties": { "river": "Itajai_Norte", "reach": "R2", "rs": 36883.92 }, "geometry": { "type": "LineString", "coordinates": [ [ 635307.939999999944121, 7020554.980000000447035 ], [ 634255.910000000032596, 7020446.33 ] ] } },
{ "type": "Feature", "properties": { "river": "Itajai_Norte", "reach": "R2", "rs": 35883.92 }, "geometry": { "type": "LineString", "coordinates": [ [ 635462.21999999997206, 7019642.240000000223517 ], [ 634349.75, 7019380.110000000335276 ] ] } },
{ "type": "Feature", "properties": { "river": "Itajai_Norte", "reach": "R2", "rs": 34883.92 }, "geometry": { "type": "LineString", "coordinates": [ [ 635906.790000000037253, 7019009.42 ], [ 634930.51, 7018308.96 ] ] } },
{ "type": "Feature", "properties": { "river": "Itajai_Norte", "reach": "R2", "rs": 33883.92 }, "geometry": { "type": "LineString", "coordinates": [ [ 636129.53000000002794, 7017420.259999999776483 ], [ 635129.410000000032596, 7018065.129999999888241 ] ] } },
{ "type": "Feature", "properties": { "river": "Itajai_Norte", "reach": "R2", "rs": 32883.92 }, "geometry": { "type": "LineString", "coordinates": [ [ 635863.24, 7017166.46999999973923 ], [ 634788.150000000023283, 7016683.870000000111759 ] ] } },
{ "type": "Feature", "properties": { "river": "Itajai_Norte", "reach": "R2", "rs": 31883.92 }, "geometry": { "type": "LineString", "coordinates": [ [ 636253.37, 7017069.900000000372529 ], [ 635956.770000000018626, 7015941.349999999627471 ] ] } },
{ "type": "Feature", "properties": { "river": "Itajai_Norte", "reach": "R2", "rs": 30883.92 }, "geometry": { "type": "LineString", "coordinates": [ [ 637101.479999999981374, 7016965.79 ], [ 637030.459999999962747, 7015801.070000000298023 ] ] } },
{ "type": "Feature", "properties": { "river": "Itajai_Norte", "reach": "R2", "rs": 29883.92 }, "geometry": { "type": "LineString", "coordinates": [ [ 638447.75, 7015747.92 ], [ 637272.14000000001397, 7015749.83 ] ] } },
{ "type": "Feature", "properties": { "river": "Itajai_Norte", "reach": "R2", "rs": 28953.59 }, "geometry": { "type": "LineString", "coordinates": [ [ 638884.14000000001397, 7015104.740000000223517 ], [ 637704.01, 7014929.610000000335276 ] ] } },
{ "type": "Feature", "properties": { "river": "Itajai_Norte", "reach": "R2", "rs": 27953.59 }, "geometry": { "type": "LineString", "coordinates": [ [ 637998.75, 7013880.139999999664724 ], [ 637013.42000000004191, 7014766.929999999701977 ] ] } },
{ "type": "Feature", "properties": { "river": "Itajai_Norte", "reach": "R2", "rs": 26953.59 }, "geometry": { "type": "LineString", "coordinates": [ [ 638224.71999999997206, 7013592.230000000447035 ], [ 636794.21999999997206, 7013358.46 ] ] } },
{ "type": "Feature", "properties": { "river": "Itajai_Norte", "reach": "R2", "rs": 25953.59 }, "geometry": { "type": "LineString", "coordinates": [ [ 638174.25, 7013055.889999999664724 ], [ 637073.020000000018626, 7011944.46999999973923 ] ] } },
{ "type": "Feature", "properties": { "river": "Itajai_Norte", "reach": "R2", "rs": 24980.02 }, "geometry": { "type": "LineString", "coordinates": [ [ 639139.32999999995809, 7012593.21 ], [ 637820.60999999998603, 7011733.889999999664724 ] ] } },
{ "type": "Feature", "properties": { "river": "Itajai_Norte", "reach": "R2", "rs": 23980.02 }, "geometry": { "type": "LineString", "coordinates": [ [ 639616.160000000032596, 7011598.410000000149012 ], [ 638206.310000000055879, 7010931.129999999888241 ] ] } },
{ "type": "Feature", "properties": { "river": "Itajai_Norte", "reach": "R2", "rs": 22980.02 }, "geometry": { "type": "LineString", "coordinates": [ [ 639806.60999999998603, 7010736.849999999627471 ], [ 638797.39000000001397, 7009957.67 ] ] } },
{ "type": "Feature", "properties": { "river": "Itajai_Norte", "reach": "R2", "rs": 21980.02 }, "geometry": { "type": "LineString", "coordinates": [ [ 639825.939999999944121, 7009369.730000000447035 ], [ 638868.569999999948777, 7009582.929999999701977 ] ] } },
{ "type": "Feature", "properties": { "river": "Itajai_Norte", "reach": "R2", "rs": 20980.02 }, "geometry": { "type": "LineString", "coordinates": [ [ 639675.88, 7008521.860000000335276 ], [ 639019.28000000002794, 7008341.320000000298023 ] ] } },
{ "type": "Feature", "properties": { "river": "Itajai_Norte", "reach": "R2", "rs": 19980.02 }, "geometry": { "type": "LineString", "coordinates": [ [ 640041.680000000051223, 7007739.589999999850988 ], [ 639643.229999999981374, 7007262.629999999888241 ] ] } },
{ "type": "Feature", "properties": { "river": "Itajai_Norte", "reach": "R2", "rs": 19411.37 }, "geometry": { "type": "LineString", "coordinates": [ [ 640179.599999999976717, 7007678.400000000372529 ], [ 640715.64000000001397, 7007509.519999999552965 ] ] } },
{ "type": "Feature", "properties": { "river": "Itajai_Norte", "reach": "R2", "rs": 18991.2 }, "geometry": { "type": "LineString", "coordinates": [ [ 640052.17000000004191, 7007921.589999999850988 ], [ 640537.53000000002794, 7008138.990000000223517 ] ] } },
{ "type": "Feature", "properties": { "river": "Itajai_Norte", "reach": "R2", "rs": 18279.93 }, "geometry": { "type": "LineString", "coordinates": [ [ 640084.689999999944121, 7008749.480000000447035 ], [ 640611.430000000051223, 7008521.889999999664724 ] ] } },
{ "type": "Feature", "properties": { "river": "Itajai_Norte", "reach": "R2", "rs": 17297.88 }, "geometry": { "type": "LineString", "coordinates": [ [ 639764.0, 7009491.870000000111759 ], [ 640371.82999999995809, 7009590.610000000335276 ] ] } },
{ "type": "Feature", "properties": { "river": "Itajai_Norte", "reach": "R2", "rs": 16365.88 }, "geometry": { "type": "LineString", "coordinates": [ [ 640811.10999999998603, 7010154.700000000186265 ], [ 640648.729999999981374, 7009523.490000000223517 ] ] } },
{ "type": "Feature", "properties": { "river": "Itajai_Norte", "reach": "R2", "rs": 15800.94 }, "geometry": { "type": "LineString", "coordinates": [ [ 641440.38, 7009638.110000000335276 ], [ 640849.39000000001397, 7009379.980000000447035 ] ] } },
{ "type": "Feature", "properties": { "river": "Itajai_Norte", "reach": "R2", "rs": 15650.94 }, "geometry": { "type": "LineString", "coordinates": [ [ 641494.040000000037253, 7009454.730000000447035 ], [ 640869.300000000046566, 7009275.53000000026077 ] ] } },
{ "type": "Feature", "properties": { "river": "Itajai_Norte", "reach": "R2", "rs": 15500.94 }, "geometry": { "type": "LineString", "coordinates": [ [ 641490.42000000004191, 7009348.440000000409782 ], [ 640888.62, 7009075.019999999552965 ] ] } },
{ "type": "Feature", "properties": { "river": "Itajai_Norte", "reach": "R2", "rs": 15350.94 }, "geometry": { "type": "LineString", "coordinates": [ [ 641504.71999999997206, 7009306.650000000372529 ], [ 641018.099999999976717, 7008840.160000000149012 ] ] } },
{ "type": "Feature", "properties": { "river": "Itajai_Norte", "reach": "R2", "rs": 15200.94 }, "geometry": { "type": "LineString", "coordinates": [ [ 641549.24, 7009297.450000000186265 ], [ 641245.82999999995809, 7008694.139999999664724 ] ] } },
{ "type": "Feature", "properties": { "river": "Itajai_Norte", "reach": "R2", "rs": 15050.94 }, "geometry": { "type": "LineString", "coordinates": [ [ 641663.900000000023283, 7009282.08 ], [ 641431.089999999967404, 7008646.870000000111759 ] ] } },
{ "type": "Feature", "properties": { "river": "Itajai_Norte", "reach": "R2", "rs": 14900.94 }, "geometry": { "type": "LineString", "coordinates": [ [ 641855.53000000002794, 7009216.490000000223517 ], [ 641515.589999999967404, 7008617.809999999590218 ] ] } },
{ "type": "Feature", "properties": { "river": "Itajai_Norte", "reach": "R2", "rs": 14750.94 }, "geometry": { "type": "LineString", "coordinates": [ [ 642060.57999999995809, 7009088.610000000335276 ], [ 641557.38, 7008601.450000000186265 ] ] } },
{ "type": "Feature", "properties": { "river": "Itajai_Norte", "reach": "R2", "rs": 14600.94 }, "geometry": { "type": "LineString", "coordinates": [ [ 642184.57999999995809, 7008916.0 ], [ 641587.17000000004191, 7008528.08 ] ] } },
{ "type": "Feature", "properties": { "river": "Itajai_Norte", "reach": "R2", "rs": 14406.18 }, "geometry": { "type": "LineString", "coordinates": [ [ 642219.300000000046566, 7008771.129999999888241 ], [ 641699.92000000004191, 7008303.940000000409782 ] ] } },
{ "type": "Feature", "properties": { "river": "Itajai_Norte", "reach": "R2", "rs": 14026.02 }, "geometry": { "type": "LineString", "coordinates": [ [ 642335.0, 7008730.349999999627471 ], [ 642290.57999999995809, 7008046.490000000223517 ] ] } },
{ "type": "Feature", "properties": { "river": "Itajai_Norte", "reach": "R2", "rs": 13876.02 }, "geometry": { "type": "LineString", "coordinates": [ [ 642439.270000000018626, 7008696.940000000409782 ], [ 642512.599999999976717, 7007965.820000000298023 ] ] } },
{ "type": "Feature", "properties": { "river": "Itajai_Norte", "reach": "R2", "rs": 13726.02 }, "geometry": { "type": "LineString", "coordinates": [ [ 642538.24, 7008679.21 ], [ 642785.74, 7007920.58 ] ] } },
{ "type": "Feature", "properties": { "river": "Itajai_Norte", "reach": "R2", "rs": 13576.02 }, "geometry": { "type": "LineString", "coordinates": [ [ 642596.400000000023283, 7008704.910000000149012 ], [ 643096.229999999981374, 7008063.480000000447035 ] ] } },
{ "type": "Feature", "properties": { "river": "Itajai_Norte", "reach": "R2", "rs": 13426.02 }, "geometry": { "type": "LineString", "coordinates": [ [ 642627.650000000023283, 7008735.96 ], [ 643305.930000000051223, 7008381.21 ] ] } },
{ "type": "Feature", "properties": { "river": "Itajai_Norte", "reach": "R2", "rs": 13276.02 }, "geometry": { "type": "LineString", "coordinates": [ [ 642633.810000000055879, 7008794.04 ], [ 643346.770000000018626, 7008711.379999999888241 ] ] } },
{ "type": "Feature", "properties": { "river": "Itajai_Norte", "reach": "R2", "rs": 13126.02 }, "geometry": { "type": "LineString", "coordinates": [ [ 642602.060000000055879, 7008912.759999999776483 ], [ 643333.17000000004191, 7008915.349999999627471 ] ] } },
{ "type": "Feature", "properties": { "river": "Itajai_Norte", "reach": "R2", "rs": 12976.02 }, "geometry": { "type": "LineString", "coordinates": [ [ 642509.099999999976717, 7009095.03000000026077 ], [ 643242.790000000037253, 7009020.679999999701977 ] ] } },
{ "type": "Feature", "properties": { "river": "Itajai_Norte", "reach": "R2", "rs": 12826.02 }, "geometry": { "type": "LineString", "coordinates": [ [ 642492.270000000018626, 7009335.769999999552965 ], [ 643197.479999999981374, 7009099.400000000372529 ] ] } },
{ "type": "Feature", "properties": { "river": "Itajai_Norte", "reach": "R2", "rs": 12503.89 }, "geometry": { "type": "LineString", "coordinates": [ [ 642603.540000000037253, 7009658.929999999701977 ], [ 643276.92000000004191, 7009392.089999999850988 ] ] } },
{ "type": "Feature", "properties": { "river": "Itajai_Norte", "reach": "R2", "rs": 11755.58 }, "geometry": { "type": "LineString", "coordinates": [ [ 642691.689999999944121, 7010382.29 ], [ 643358.76, 7010133.120000000111759 ] ] } },
{ "type": "Feature", "properties": { "river": "Itajai_Norte", "reach": "R2", "rs": 11080.94 }, "geometry": { "type": "LineString", "coordinates": [ [ 643896.900000000023283, 7010828.5 ], [ 643519.589999999967404, 7010239.070000000298023 ] ] } },
{ "type": "Feature", "properties": { "river": "Itajai_Norte", "reach": "R2", "rs": 10856.28 }, "geometry": { "type": "LineString", "coordinates": [ [ 644152.63, 7010483.820000000298023 ], [ 643535.349999999976717, 7010154.03000000026077 ] ] } },
{ "type": "Feature", "properties": { "river": "Itajai_Norte", "reach": "R2", "rs": 10706.28 }, "geometry": { "type": "LineString", "coordinates": [ [ 644198.42000000004191, 7010346.570000000298023 ], [ 643572.24, 7010003.099999999627471 ] ] } },
{ "type": "Feature", "properties": { "river": "Itajai_Norte", "reach": "R2", "rs": 10556.28 }, "geometry": { "type": "LineString", "coordinates": [ [ 644216.060000000055879, 7010304.700000000186265 ], [ 643669.680000000051223, 7009802.67 ] ] } },
{ "type": "Feature", "properties": { "river": "Itajai_Norte", "reach": "R2", "rs": 10406.28 }, "geometry": { "type": "LineString", "coordinates": [ [ 644300.12, 7010262.71999999973923 ], [ 643819.709999999962747, 7009689.17 ] ] } },
{ "type": "Feature", "properties": { "river": "Itajai_Norte", "reach": "R2", "rs": 10256.28 }, "geometry": { "type": "LineString", "coordinates": [ [ 644425.290000000037253, 7010178.259999999776483 ], [ 643948.569999999948777, 7009612.299999999813735 ] ] } },
{ "type": "Feature", "properties": { "river": "Itajai_Norte", "reach": "R2", "rs": 10106.28 }, "geometry": { "type": "LineString", "coordinates": [ [ 644641.35999999998603, 7010015.559999999590218 ], [ 644020.910000000032596, 7009577.58 ] ] } },
{ "type": "Feature", "properties": { "river": "Itajai_Norte", "reach": "R2", "rs": 9956.28 }, "geometry": { "type": "LineString", "coordinates": [ [ 644861.849999999976717, 7009788.690000000409782 ], [ 644061.180000000051223, 7009529.33 ] ] } },
{ "type": "Feature", "properties": { "river": "Itajai_Norte", "reach": "R2", "rs": 9806.28 }, "geometry": { "type": "LineString", "coordinates": [ [ 644938.89000000001397, 7009433.129999999888241 ], [ 644053.189999999944121, 7009483.910000000149012 ] ] } },
{ "type": "Feature", "properties": { "river": "Itajai_Norte", "reach": "R2", "rs": 9656.28 }, "geometry": { "type": "LineString", "coordinates": [ [ 644875.680000000051223, 7009164.660000000149012 ], [ 644037.92000000004191, 7009397.25 ] ] } },
{ "type": "Feature", "properties": { "river": "Itajai_Norte", "reach": "R2", "rs": 9506.28 }, "geometry": { "type": "LineString", "coordinates": [ [ 644731.400000000023283, 7008991.799999999813735 ], [ 643914.910000000032596, 7009320.349999999627471 ] ] } },
{ "type": "Feature", "properties": { "river": "Itajai_Norte", "reach": "R2", "rs": 9356.28 }, "geometry": { "type": "LineString", "coordinates": [ [ 644657.930000000051223, 7008867.809999999590218 ], [ 643767.64000000001397, 7009210.700000000186265 ] ] } },
{ "type": "Feature", "properties": { "river": "Itajai_Norte", "reach": "R2", "rs": 9206.28 }, "geometry": { "type": "LineString", "coordinates": [ [ 644617.550000000046566, 7008774.870000000111759 ], [ 643605.770000000018626, 7009055.96999999973923 ] ] } },
{ "type": "Feature", "properties": { "river": "Itajai_Norte", "reach": "R2", "rs": 9056.28 }, "geometry": { "type": "LineString", "coordinates": [ [ 644600.5, 7008732.629999999888241 ], [ 643493.589999999967404, 7008802.620000000111759 ] ] } },
{ "type": "Feature", "properties": { "river": "Itajai_Norte", "reach": "R2", "rs": 8906.28 }, "geometry": { "type": "LineString", "coordinates": [ [ 644603.650000000023283, 7008670.589999999850988 ], [ 643468.459999999962747, 7008550.46 ] ] } },
{ "type": "Feature", "properties": { "river": "Itajai_Norte", "reach": "R2", "rs": 8756.28 }, "geometry": { "type": "LineString", "coordinates": [ [ 644679.67000000004191, 7008591.019999999552965 ], [ 643494.180000000051223, 7008333.339999999850988 ] ] } },
{ "type": "Feature", "properties": { "river": "Itajai_Norte", "reach": "R2", "rs": 8606.28 }, "geometry": { "type": "LineString", "coordinates": [ [ 644764.479999999981374, 7008379.110000000335276 ], [ 643520.160000000032596, 7008271.46999999973923 ] ] } },
{ "type": "Feature", "properties": { "river": "Itajai_Norte", "reach": "R2", "rs": 8456.28 }, "geometry": { "type": "LineString", "coordinates": [ [ 644726.62, 7008148.849999999627471 ], [ 643579.10999999998603, 7008215.259999999776483 ] ] } },
{ "type": "Feature", "properties": { "river": "Itajai_Norte", "reach": "R2", "rs": 8306.28 }, "geometry": { "type": "LineString", "coordinates": [ [ 644538.560000000055879, 7007952.42 ], [ 643593.35999999998603, 7008158.639999999664724 ] ] } },
{ "type": "Feature", "properties": { "river": "Itajai_Norte", "reach": "R2", "rs": 8156.28 }, "geometry": { "type": "LineString", "coordinates": [ [ 644366.060000000055879, 7007822.509999999776483 ], [ 643605.439999999944121, 7008031.809999999590218 ] ] } },
{ "type": "Feature", "properties": { "river": "Itajai_Norte", "reach": "R2", "rs": 8006.28 }, "geometry": { "type": "LineString", "coordinates": [ [ 644274.62, 7007724.450000000186265 ], [ 643534.87, 7007818.179999999701977 ] ] } },
{ "type": "Feature", "properties": { "river": "Itajai_Norte", "reach": "R2", "rs": 7856.28 }, "geometry": { "type": "LineString", "coordinates": [ [ 644261.459999999962747, 7007642.740000000223517 ], [ 643556.82999999995809, 7007514.259999999776483 ] ] } },
{ "type": "Feature", "properties": { "river": "Itajai_Norte", "reach": "R2", "rs": 7706.28 }, "geometry": { "type": "LineString", "coordinates": [ [ 644267.28000000002794, 7007596.940000000409782 ], [ 643736.589999999967404, 7007173.71999999973923 ] ] } },
{ "type": "Feature", "properties": { "river": "Itajai_Norte", "reach": "R2", "rs": 7556.28 }, "geometry": { "type": "LineString", "coordinates": [ [ 644321.040000000037253, 7007577.33 ], [ 644037.76, 7007001.96999999973923 ] ] } },
{ "type": "Feature", "properties": { "river": "Itajai_Norte", "reach": "R2", "rs": 7406.28 }, "geometry": { "type": "LineString", "coordinates": [ [ 644419.339999999967404, 7007569.83 ], [ 644283.03000000002794, 7006942.67 ] ] } },
{ "type": "Feature", "properties": { "river": "Itajai_Norte", "reach": "R2", "rs": 7256.28 }, "geometry": { "type": "LineString", "coordinates": [ [ 644594.10999999998603, 7007634.940000000409782 ], [ 644418.430000000051223, 7006946.120000000111759 ] ] } },
{ "type": "Feature", "properties": { "river": "Itajai_Norte", "reach": "R2", "rs": 7106.28 }, "geometry": { "type": "LineString", "coordinates": [ [ 644823.930000000051223, 7007628.559999999590218 ], [ 644475.660000000032596, 7006930.700000000186265 ] ] } },
{ "type": "Feature", "properties": { "river": "Itajai_Norte", "reach": "R2", "rs": 6956.28 }, "geometry": { "type": "LineString", "coordinates": [ [ 645087.99, 7007569.950000000186265 ], [ 644506.040000000037253, 7006896.650000000372529 ] ] } },
{ "type": "Feature", "properties": { "river": "Itajai_Norte", "reach": "R2", "rs": 6806.28 }, "geometry": { "type": "LineString", "coordinates": [ [ 645271.589999999967404, 7007449.75 ], [ 644564.99, 7006822.870000000111759 ] ] } },
{ "type": "Feature", "properties": { "river": "Itajai_Norte", "reach": "R2", "rs": 6656.28 }, "geometry": { "type": "LineString", "coordinates": [ [ 645432.319999999948777, 7007305.79 ], [ 644583.89000000001397, 7006712.490000000223517 ] ] } },
{ "type": "Feature", "properties": { "river": "Itajai_Norte", "reach": "R2", "rs": 6506.28 }, "geometry": { "type": "LineString", "coordinates": [ [ 645506.410000000032596, 7007068.21 ], [ 644580.49, 7006643.0 ] ] } },
{ "type": "Feature", "properties": { "river": "Itajai_Norte", "reach": "R2", "rs": 6356.28 }, "geometry": { "type": "LineString", "coordinates": [ [ 645505.63, 7006839.950000000186265 ], [ 644549.26, 7006560.129999999888241 ] ] } },
{ "type": "Feature", "properties": { "river": "Itajai_Norte", "reach": "R2", "rs": 6206.28 }, "geometry": { "type": "LineString", "coordinates": [ [ 645468.64000000001397, 7006644.71 ], [ 644548.87, 7006460.79 ] ] } },
{ "type": "Feature", "properties": { "river": "Itajai_Norte", "reach": "R2", "rs": 6056.28 }, "geometry": { "type": "LineString", "coordinates": [ [ 645476.78000000002794, 7006564.429999999701977 ], [ 644598.26, 7006197.070000000298023 ] ] } },
{ "type": "Feature", "properties": { "river": "Itajai_Norte", "reach": "R2", "rs": 5906.28 }, "geometry": { "type": "LineString", "coordinates": [ [ 645486.290000000037253, 7006521.379999999888241 ], [ 644702.410000000032596, 7005872.5 ] ] } },
{ "type": "Feature", "properties": { "river": "Itajai_Norte", "reach": "R2", "rs": 5756.28 }, "geometry": { "type": "LineString", "coordinates": [ [ 645532.209999999962747, 7006508.160000000149012 ], [ 644918.300000000046566, 7005574.96 ] ] } },
{ "type": "Feature", "properties": { "river": "Itajai_Norte", "reach": "R2", "rs": 5606.28 }, "geometry": { "type": "LineString", "coordinates": [ [ 645621.21999999997206, 7006470.179999999701977 ], [ 645119.599999999976717, 7005378.53000000026077 ] ] } },
{ "type": "Feature", "properties": { "river": "Itajai_Norte", "reach": "R2", "rs": 5456.28 }, "geometry": { "type": "LineString", "coordinates": [ [ 645736.96999999997206, 7006478.900000000372529 ], [ 645343.839999999967404, 7005256.389999999664724 ] ] } },
{ "type": "Feature", "properties": { "river": "Itajai_Norte", "reach": "R2", "rs": 5306.28 }, "geometry": { "type": "LineString", "coordinates": [ [ 645818.819999999948777, 7006498.879999999888241 ], [ 645640.229999999981374, 7005233.049999999813735 ] ] } },
{ "type": "Feature", "properties": { "river": "Itajai_Norte", "reach": "R2", "rs": 5156.28 }, "geometry": { "type": "LineString", "coordinates": [ [ 645870.13, 7006550.009999999776483 ], [ 645952.82999999995809, 7005309.950000000186265 ] ] } },
{ "type": "Feature", "properties": { "river": "Itajai_Norte", "reach": "R2", "rs": 5006.28 }, "geometry": { "type": "LineString", "coordinates": [ [ 645923.96999999997206, 7006564.400000000372529 ], [ 646207.569999999948777, 7005466.71999999973923 ] ] } },
{ "type": "Feature", "properties": { "river": "Itajai_Norte", "reach": "R2", "rs": 4817.75 }, "geometry": { "type": "LineString", "coordinates": [ [ 646038.76, 7006632.17 ], [ 646430.76, 7005606.71999999973923 ] ] } },
{ "type": "Feature", "properties": { "river": "Itajai_Norte", "reach": "R2", "rs": 4567.03 }, "geometry": { "type": "LineString", "coordinates": [ [ 646212.64000000001397, 7006747.570000000298023 ], [ 646693.38, 7005746.28000000026077 ] ] } },
{ "type": "Feature", "properties": { "river": "Itajai_Norte", "reach": "R2", "rs": 4225.02 }, "geometry": { "type": "LineString", "coordinates": [ [ 646487.900000000023283, 7006926.320000000298023 ], [ 646968.75, 7005987.089999999850988 ] ] } },
{ "type": "Feature", "properties": { "river": "Itajai_Norte", "reach": "R2", "rs": 3766.46 }, "geometry": { "type": "LineString", "coordinates": [ [ 647252.900000000023283, 7007193.46 ], [ 647139.42000000004191, 7006203.639999999664724 ] ] } },
{ "type": "Feature", "properties": { "river": "Itajai_Norte", "reach": "R2", "rs": 3260.34 }, "geometry": { "type": "LineString", "coordinates": [ [ 647801.71999999997206, 7006892.889999999664724 ], [ 647491.42000000004191, 7006028.509999999776483 ] ] } },
{ "type": "Feature", "properties": { "river": "Itajai_Norte", "reach": "R2", "rs": 2875.77 }, "geometry": { "type": "LineString", "coordinates": [ [ 647955.430000000051223, 7006993.629999999888241 ], [ 647951.319999999948777, 7006059.900000000372529 ] ] } },
{ "type": "Feature", "properties": { "river": "Itajai_Norte", "reach": "R2", "rs": 2521.77 }, "geometry": { "type": "LineString", "coordinates": [ [ 648781.03000000002794, 7006572.839999999850988 ], [ 648030.71999999997206, 7006017.059999999590218 ] ] } },
{ "type": "Feature", "properties": { "river": "Itajai_Norte", "reach": "R2", "rs": 2184.93 }, "geometry": { "type": "LineString", "coordinates": [ [ 648979.13, 7006110.049999999813735 ], [ 648113.349999999976717, 7005760.379999999888241 ] ] } },
{ "type": "Feature", "properties": { "river": "Itajai_Norte", "reach": "R2", "rs": 1835.96 }, "geometry": { "type": "LineString", "coordinates": [ [ 649094.88, 7005877.929999999701977 ], [ 648166.089999999967404, 7005352.480000000447035 ] ] } },
{ "type": "Feature", "properties": { "river": "Itajai_Norte", "reach": "R2", "rs": 1464.82 }, "geometry": { "type": "LineString", "coordinates": [ [ 649340.51, 7005352.28000000026077 ], [ 648094.60999999998603, 7005099.089999999850988 ] ] } },
{ "type": "Feature", "properties": { "river": "Itajai_Norte", "reach": "R2", "rs": 1194.63 }, "geometry": { "type": "LineString", "coordinates": [ [ 649373.53000000002794, 7005009.860000000335276 ], [ 647904.01, 7004876.089999999850988 ] ] } },
{ "type": "Feature", "properties": { "river": "Itajai_Norte", "reach": "R2", "rs": 942.63 }, "geometry": { "type": "LineString", "coordinates": [ [ 649420.069999999948777, 7004862.889999999664724 ], [ 647914.339999999967404, 7004510.110000000335276 ] ] } },
{ "type": "Feature", "properties": { "river": "Itajai_Norte", "reach": "R2", "rs": 690.63 }, "geometry": { "type": "LineString", "coordinates": [ [ 649463.770000000018626, 7004707.160000000149012 ], [ 647990.930000000051223, 7004162.620000000111759 ] ] } },
{ "type": "Feature", "properties": { "river": "Itajai_Norte", "reach": "R2", "rs": 410.44 }, "geometry": { "type": "LineString", "coordinates": [ [ 649490.550000000046566, 7004626.83 ], [ 648179.979999999981374, 7003678.21 ] ] } },
{ "type": "Feature", "properties": { "river": "Itajai_Norte", "reach": "R2", "rs": 75.0 }, "geometry": { "type": "LineString", "coordinates": [ [ 649622.51, 7004526.870000000111759 ], [ 648540.92000000004191, 7003260.480000000447035 ] ] } },
{ "type": "Feature", "properties": { "river": "Itajai_Oeste", "reach": "R1", "rs": 56723.3 }, "geometry": { "type": "LineString", "coordinates": [ [ 599805.5, 7001168.240000000223517 ], [ 600099.319999999948777, 7000002.83 ] ] } },
{ "type": "Feature", "properties": { "river": "Itajai_Oeste", "reach": "R1", "rs": 56023.83 }, "geometry": { "type": "LineString", "coordinates": [ [ 600226.12, 7001425.78000000026077 ], [ 600757.089999999967404, 7000527.92 ] ] } },
{ "type": "Feature", "properties": { "river": "Itajai_Oeste", "reach": "R2", "rs": 55121.36 }, "geometry": { "type": "LineString", "coordinates": [ [ 601406.699999999953434, 7001652.58 ], [ 601430.07999999995809, 7000804.339999999850988 ] ] } },
{ "type": "Feature", "properties": { "river": "Itajai_Oeste", "reach": "R2", "rs": 54129.32 }, "geometry": { "type": "LineString", "coordinates": [ [ 602034.180000000051223, 7001628.519999999552965 ], [ 602502.699999999953434, 7001040.650000000372529 ] ] } },
{ "type": "Feature", "properties": { "river": "Itajai_Oeste", "reach": "R2", "rs": 53253.81 }, "geometry": { "type": "LineString", "coordinates": [ [ 603290.550000000046566, 7000932.089999999850988 ], [ 602611.290000000037253, 7000966.71999999973923 ] ] } },
{ "type": "Feature", "properties": { "river": "Itajai_Oeste", "reach": "R2", "rs": 52253.81 }, "geometry": { "type": "LineString", "coordinates": [ [ 603078.85999999998603, 7000137.019999999552965 ], [ 602485.810000000055879, 6999885.089999999850988 ] ] } },
{ "type": "Feature", "properties": { "river": "Itajai_Oeste", "reach": "R2", "rs": 51253.81 }, "geometry": { "type": "LineString", "coordinates": [ [ 603640.71999999997206, 6999985.259999999776483 ], [ 603526.64000000001397, 6999313.809999999590218 ] ] } },
{ "type": "Feature", "properties": { "river": "Itajai_Oeste", "reach": "R2", "rs": 50253.81 }, "geometry": { "type": "LineString", "coordinates": [ [ 604637.89000000001397, 6999054.71 ], [ 603952.21999999997206, 6998874.870000000111759 ] ] } },
{ "type": "Feature", "properties": { "river": "Itajai_Oeste", "reach": "R2", "rs": 49253.81 }, "geometry": { "type": "LineString", "coordinates": [ [ 604606.49, 6999010.71999999973923 ], [ 604985.96999999997206, 6998379.33 ] ] } },
{ "type": "Feature", "properties": { "river": "Itajai_Oeste", "reach": "R2", "rs": 48281.76 }, "geometry": { "type": "LineString", "coordinates": [ [ 605969.900000000023283, 6998982.360000000335276 ], [ 605485.42000000004191, 6998439.349999999627471 ] ] } },
{ "type": "Feature", "properties": { "river": "Itajai_Oeste", "reach": "R2", "rs": 47315.76 }, "geometry": { "type": "LineString", "coordinates": [ [ 606349.60999999998603, 6998231.53000000026077 ], [ 606003.939999999944121, 6997591.150000000372529 ] ] } },
{ "type": "Feature", "properties": { "river": "Itajai_Oeste", "reach": "R2", "rs": 46315.76 }, "geometry": { "type": "LineString", "coordinates": [ [ 606601.62, 6996991.690000000409782 ], [ 606162.290000000037253, 6997570.53000000026077 ] ] } },
{ "type": "Feature", "properties": { "river": "Itajai_Oeste", "reach": "R2", "rs": 45315.76 }, "geometry": { "type": "LineString", "coordinates": [ [ 606617.160000000032596, 6996836.110000000335276 ], [ 606158.770000000018626, 6996284.0 ] ] } },
{ "type": "Feature", "properties": { "river": "Itajai_Oeste", "reach": "R2", "rs": 44315.76 }, "geometry": { "type": "LineString", "coordinates": [ [ 606885.13, 6997126.269999999552965 ], [ 607380.689999999944121, 6996619.889999999664724 ] ] } },
{ "type": "Feature", "properties": { "river": "Itajai_Oeste", "reach": "R2", "rs": 43315.76 }, "geometry": { "type": "LineString", "coordinates": [ [ 607616.85999999998603, 6997214.339999999850988 ], [ 608215.839999999967404, 6996851.150000000372529 ] ] } },
{ "type": "Feature", "properties": { "river": "Itajai_Oeste", "reach": "R2", "rs": 42315.76 }, "geometry": { "type": "LineString", "coordinates": [ [ 608419.62, 6998089.96999999973923 ], [ 608713.51, 6997454.129999999888241 ] ] } },
{ "type": "Feature", "properties": { "river": "Itajai_Oeste", "reach": "R2", "rs": 41315.76 }, "geometry": { "type": "LineString", "coordinates": [ [ 609079.229999999981374, 6997156.96 ], [ 608381.819999999948777, 6997222.450000000186265 ] ] } },
{ "type": "Feature", "properties": { "river": "Itajai_Oeste", "reach": "R2", "rs": 40315.76 }, "geometry": { "type": "LineString", "coordinates": [ [ 608984.699999999953434, 6996801.03000000026077 ], [ 609154.150000000023283, 6996121.349999999627471 ] ] } },
{ "type": "Feature", "properties": { "river": "Itajai_Oeste", "reach": "R2", "rs": 39315.76 }, "geometry": { "type": "LineString", "coordinates": [ [ 609716.560000000055879, 6997034.099999999627471 ], [ 610184.310000000055879, 6996498.009999999776483 ] ] } },
{ "type": "Feature", "properties": { "river": "Itajai_Oeste", "reach": "R2", "rs": 38315.76 }, "geometry": { "type": "LineString", "coordinates": [ [ 610833.01, 6997270.879999999888241 ], [ 610761.160000000032596, 6996518.92 ] ] } },
{ "type": "Feature", "properties": { "river": "Itajai_Oeste", "reach": "R2", "rs": 37315.76 }, "geometry": { "type": "LineString", "coordinates": [ [ 611638.589999999967404, 6996721.269999999552965 ], [ 611576.42000000004191, 6995946.639999999664724 ] ] } },
{ "type": "Feature", "properties": { "river": "Itajai_Oeste", "reach": "R2", "rs": 36315.76 }, "geometry": { "type": "LineString", "coordinates": [ [ 612493.790000000037253, 6996546.04 ], [ 611768.729999999981374, 6996237.799999999813735 ] ] } },
{ "type": "Feature", "properties": { "river": "Itajai_Oeste", "reach": "R2", "rs": 35315.76 }, "geometry": { "type": "LineString", "coordinates": [ [ 612756.63, 6996040.820000000298023 ], [ 612632.10999999998603, 6995285.349999999627471 ] ] } },
{ "type": "Feature", "properties": { "river": "Itajai_Oeste", "reach": "R2", "rs": 34315.76 }, "geometry": { "type": "LineString", "coordinates": [ [ 613419.699999999953434, 6994889.08 ], [ 612736.89000000001397, 6995235.509999999776483 ] ] } },
{ "type": "Feature", "properties": { "river": "Itajai_Oeste", "reach": "R2", "rs": 33315.76 }, "geometry": { "type": "LineString", "coordinates": [ [ 613046.439999999944121, 6994488.620000000111759 ], [ 612470.540000000037253, 6993991.480000000447035 ] ] } },
{ "type": "Feature", "properties": { "river": "Itajai_Oeste", "reach": "R2", "rs": 32315.76 }, "geometry": { "type": "LineString", "coordinates": [ [ 612976.339999999967404, 6994928.839999999850988 ], [ 613579.479999999981374, 6994473.150000000372529 ] ] } },
{ "type": "Feature", "properties": { "river": "Itajai_Oeste", "reach": "R2", "rs": 31315.76 }, "geometry": { "type": "LineString", "coordinates": [ [ 614194.89000000001397, 6995233.29 ], [ 614283.75, 6994487.5 ] ] } },
{ "type": "Feature", "properties": { "river": "Itajai_Oeste", "reach": "R2", "rs": 30536.22 }, "geometry": { "type": "LineString", "coordinates": [ [ 615025.5, 6995546.79 ], [ 614842.459999999962747, 6994818.370000000111759 ] ] } },
{ "type": "Feature", "properties": { "river": "Itajai_Oeste", "reach": "R2", "rs": 29560.24 }, "geometry": { "type": "LineString", "coordinates": [ [ 615004.46999999997206, 6994145.46999999973923 ], [ 614369.25, 6994563.410000000149012 ] ] } },
{ "type": "Feature", "properties": { "river": "Itajai_Oeste", "reach": "R2", "rs": 28560.24 }, "geometry": { "type": "LineString", "coordinates": [ [ 614809.64000000001397, 6993698.769999999552965 ], [ 614200.99, 6993212.519999999552965 ] ] } },
{ "type": "Feature", "properties": { "river": "Itajai_Oeste", "reach": "R2", "rs": 27560.24 }, "geometry": { "type": "LineString", "coordinates": [ [ 615182.459999999962747, 6993782.980000000447035 ], [ 615640.599999999976717, 6993071.259999999776483 ] ] } },
{ "type": "Feature", "properties": { "river": "Itajai_Oeste", "reach": "R2", "rs": 26560.24 }, "geometry": { "type": "LineString", "coordinates": [ [ 616290.82999999995809, 6994078.379999999888241 ], [ 616370.439999999944121, 6993177.400000000372529 ] ] } },
{ "type": "Feature", "properties": { "river": "Itajai_Oeste", "reach": "R2", "rs": 25602.79 }, "geometry": { "type": "LineString", "coordinates": [ [ 617329.290000000037253, 6993237.009999999776483 ], [ 616464.939999999944121, 6992812.950000000186265 ] ] } },
{ "type": "Feature", "properties": { "river": "Itajai_Oeste", "reach": "R2", "rs": 24602.79 }, "geometry": { "type": "LineString", "coordinates": [ [ 617482.599999999976717, 6992829.28000000026077 ], [ 617386.180000000051223, 6991817.370000000111759 ] ] } },
{ "type": "Feature", "properties": { "river": "Itajai_Oeste", "reach": "R2", "rs": 23602.79 }, "geometry": { "type": "LineString", "coordinates": [ [ 618451.14000000001397, 6992988.440000000409782 ], [ 618362.85999999998603, 6991957.049999999813735 ] ] } },
{ "type": "Feature", "properties": { "river": "Itajai_Oeste", "reach": "R3", "rs": 22602.79 }, "geometry": { "type": "LineString", "coordinates": [ [ 619514.99, 6992782.58 ], [ 619246.96999999997206, 6991773.320000000298023 ] ] } },
{ "type": "Feature", "properties": { "river": "Itajai_Oeste", "reach": "R3", "rs": 21602.79 }, "geometry": { "type": "LineString", "coordinates": [ [ 620647.650000000023283, 6992353.110000000335276 ], [ 619952.819999999948777, 6991621.28000000026077 ] ] } },
{ "type": "Feature", "properties": { "river": "Itajai_Oeste", "reach": "R3", "rs": 20602.79 }, "geometry": { "type": "LineString", "coordinates": [ [ 620722.5, 6991054.349999999627471 ], [ 619871.449999999953434, 6991286.67 ] ] } },
{ "type": "Feature", "properties": { "river": "Itajai_Oeste", "reach": "R3", "rs": 19602.79 }, "geometry": { "type": "LineString", "coordinates": [ [ 621039.46999999997206, 6990840.639999999664724 ], [ 620698.709999999962747, 6990183.620000000111759 ] ] } },
{ "type": "Feature", "properties": { "river": "Itajai_Oeste", "reach": "R3", "rs": 18602.79 }, "geometry": { "type": "LineString", "coordinates": [ [ 621315.589999999967404, 6990610.190000000409782 ], [ 621787.37, 6990242.639999999664724 ] ] } },
{ "type": "Feature", "properties": { "river": "Itajai_Oeste", "reach": "R3", "rs": 17602.79 }, "geometry": { "type": "LineString", "coordinates": [ [ 621719.560000000055879, 6991372.700000000186265 ], [ 622231.709999999962747, 6991094.42 ] ] } },
{ "type": "Feature", "properties": { "river": "Itajai_Oeste", "reach": "R3", "rs": 16816.35 }, "geometry": { "type": "LineString", "coordinates": [ [ 622760.78000000002794, 6990817.129999999888241 ], [ 622179.900000000023283, 6990769.019999999552965 ] ] } },
{ "type": "Feature", "properties": { "river": "Itajai_Oeste", "reach": "R3", "rs": 15840.58 }, "geometry": { "type": "LineString", "coordinates": [ [ 622772.800000000046566, 6989942.480000000447035 ], [ 622226.42000000004191, 6989739.490000000223517 ] ] } },
{ "type": "Feature", "properties": { "river": "Itajai_Oeste", "reach": "R3", "rs": 14840.58 }, "geometry": { "type": "LineString", "coordinates": [ [ 623000.959999999962747, 6990039.950000000186265 ], [ 623403.189999999944121, 6989550.049999999813735 ] ] } },
{ "type": "Feature", "properties": { "river": "Itajai_Oeste", "reach": "R3", "rs": 13840.58 }, "geometry": { "type": "LineString", "coordinates": [ [ 624314.51, 6990257.139999999664724 ], [ 623820.46999999997206, 6989782.839999999850988 ] ] } },
{ "type": "Feature", "properties": { "river": "Itajai_Oeste", "reach": "R3", "rs": 12840.58 }, "geometry": { "type": "LineString", "coordinates": [ [ 624765.449999999953434, 6989243.559999999590218 ], [ 624089.310000000055879, 6988926.71999999973923 ] ] } },
{ "type": "Feature", "properties": { "river": "Itajai_Oeste", "reach": "R3", "rs": 11840.58 }, "geometry": { "type": "LineString", "coordinates": [ [ 625418.71999999997206, 6989048.990000000223517 ], [ 625071.410000000032596, 6988312.889999999664724 ] ] } },
{ "type": "Feature", "properties": { "river": "Itajai_Oeste", "reach": "R3", "rs": 10840.58 }, "geometry": { "type": "LineString", "coordinates": [ [ 626123.439999999944121, 6988107.03000000026077 ], [ 625342.78000000002794, 6987569.599999999627471 ] ] } },
{ "type": "Feature", "properties": { "river": "Itajai_Oeste", "reach": "R3", "rs": 9840.58 }, "geometry": { "type": "LineString", "coordinates": [ [ 626530.660000000032596, 6988223.370000000111759 ], [ 626699.49, 6987113.049999999813735 ] ] } },
{ "type": "Feature", "properties": { "river": "Itajai_Oeste", "reach": "R3", "rs": 8840.58 }, "geometry": { "type": "LineString", "coordinates": [ [ 627662.62, 6987975.78000000026077 ], [ 627455.839999999967404, 6986804.900000000372529 ] ] } },
{ "type": "Feature", "properties": { "river": "Itajai_Oeste", "reach": "R3", "rs": 7840.58 }, "geometry": { "type": "LineString", "coordinates": [ [ 628515.21999999997206, 6986963.78000000026077 ], [ 627464.060000000055879, 6986409.620000000111759 ] ] } },
{ "type": "Feature", "properties": { "river": "Itajai_Oeste", "reach": "R3", "rs": 6856.24 }, "geometry": { "type": "LineString", "coordinates": [ [ 629114.82999999995809, 6986700.03000000026077 ], [ 628705.069999999948777, 6985641.269999999552965 ] ] } },
{ "type": "Feature", "properties": { "river": "Itajai_Oeste", "reach": "R3", "rs": 6063.93 }, "geometry": { "type": "LineString", "coordinates": [ [ 629820.930000000051223, 6986056.490000000223517 ], [ 628961.49, 6985314.71 ] ] } },
{ "type": "Feature", "properties": { "river": "Itajai_Oeste", "reach": "R4", "rs": 5069.37 }, "geometry": { "type": "LineString", "coordinates": [ [ 629956.729999999981374, 6985990.54 ], [ 630936.020000000018626, 6985415.0 ] ] } },
{ "type": "Feature", "properties": { "river": "Itajai_Oeste", "reach": "R4", "rs": 4069.37 }, "geometry": { "type": "LineString", "coordinates": [ [ 630554.51, 6986937.33 ], [ 631256.82999999995809, 6986043.799999999813735 ] ] } },
{ "type": "Feature", "properties": { "river": "Itajai_Oeste", "reach": "R4", "rs": 3069.37 }, "geometry": { "type": "LineString", "coordinates": [ [ 631437.349999999976717, 6987468.150000000372529 ], [ 632085.089999999967404, 6986421.639999999664724 ] ] } },
{ "type": "Feature", "properties": { "river": "Itajai_Oeste", "reach": "R4", "rs": 2069.37 }, "geometry": { "type": "LineString", "coordinates": [ [ 631776.310000000055879, 6988105.389999999664724 ], [ 632960.25, 6987511.849999999627471 ] ] } },
{ "type": "Feature", "properties": { "river": "Itajai_Oeste", "reach": "R4", "rs": 1069.37 }, "geometry": { "type": "LineString", "coordinates": [ [ 632987.28000000002794, 6988874.480000000447035 ], [ 633265.38, 6987483.990000000223517 ] ] } },
{ "type": "Feature", "properties": { "river": "Itajai_Oeste", "reach": "R4", "rs": 75.0 }, "geometry": { "type": "LineString", "coordinates": [ [ 633190.39000000001397, 6989020.400000000372529 ], [ 634545.62, 6988603.070000000298023 ] ] } },
{ "type": "Feature", "properties": { "river": "Itajai_Sul", "reach": "R1", "rs": 71452.57 }, "geometry": { "type": "LineString", "coordinates": [ [ 657946.24, 6938280.549999999813735 ], [ 658640.290000000037253, 6938828.349999999627471 ] ] } },
{ "type": "Feature", "properties": { "river": "Itajai_Sul", "reach": "R1", "rs": 71209.1 }, "geometry": { "type": "LineString", "coordinates": [ [ 657914.459999999962747, 6938348.849999999627471 ], [ 658331.040000000037253, 6939108.559999999590218 ] ] } },
{ "type": "Feature", "properties": { "river": "Itajai_Sul", "reach": "R1", "rs": 70841.72 }, "geometry": { "type": "LineString", "coordinates": [ [ 657784.349999999976717, 6938312.740000000223517 ], [ 657742.28000000002794, 6939160.349999999627471 ] ] } },
{ "type": "Feature", "properties": { "river": "Itajai_Sul", "reach": "R1", "rs": 70196.39 }, "geometry": { "type": "LineString", "coordinates": [ [ 657126.51, 6938742.299999999813735 ], [ 657606.28000000002794, 6939429.58 ] ] } },
{ "type": "Feature", "properties": { "river": "Itajai_Sul", "reach": "R1", "rs": 69600.96 }, "geometry": { "type": "LineString", "coordinates": [ [ 656881.78000000002794, 6938601.54 ], [ 656704.270000000018626, 6939417.700000000186265 ] ] } },
{ "type": "Feature", "properties": { "river": "Itajai_Sul", "reach": "R1", "rs": 69082.18 }, "geometry": { "type": "LineString", "coordinates": [ [ 656052.24, 6938749.389999999664724 ], [ 656561.53000000002794, 6939407.690000000409782 ] ] } },
{ "type": "Feature", "properties": { "river": "Itajai_Sul", "reach": "R1", "rs": 68514.39 }, "geometry": { "type": "LineString", "coordinates": [ [ 655718.24, 6939276.929999999701977 ], [ 656256.07999999995809, 6939825.849999999627471 ] ] } },
{ "type": "Feature", "properties": { "river": "Itajai_Sul", "reach": "R1", "rs": 68220.34 }, "geometry": { "type": "LineString", "coordinates": [ [ 655577.069999999948777, 6939415.349999999627471 ], [ 655889.900000000023283, 6939996.190000000409782 ] ] } },
{ "type": "Feature", "properties": { "river": "Itajai_Sul", "reach": "R1", "rs": 67980.98 }, "geometry": { "type": "LineString", "coordinates": [ [ 655369.39000000001397, 6939608.570000000298023 ], [ 655727.479999999981374, 6940027.29 ] ] } },
{ "type": "Feature", "properties": { "river": "Itajai_Sul", "reach": "R1", "rs": 67710.53 }, "geometry": { "type": "LineString", "coordinates": [ [ 655293.060000000055879, 6939757.980000000447035 ], [ 655421.42000000004191, 6940247.450000000186265 ] ] } },
{ "type": "Feature", "properties": { "river": "Itajai_Sul", "reach": "R1", "rs": 67454.35 }, "geometry": { "type": "LineString", "coordinates": [ [ 655230.099999999976717, 6939700.910000000149012 ], [ 654969.24, 6940134.509999999776483 ] ] } },
{ "type": "Feature", "properties": { "river": "Itajai_Sul", "reach": "R1", "rs": 67084.38 }, "geometry": { "type": "LineString", "coordinates": [ [ 654926.430000000051223, 6939455.889999999664724 ], [ 654709.089999999967404, 6939912.860000000335276 ] ] } },
{ "type": "Feature", "properties": { "river": "Itajai_Sul", "reach": "R1", "rs": 66444.0 }, "geometry": { "type": "LineString", "coordinates": [ [ 654110.76, 6939781.379999999888241 ], [ 654589.76, 6939996.03000000026077 ] ] } },
{ "type": "Feature", "properties": { "river": "Itajai_Sul", "reach": "R1", "rs": 65591.73 }, "geometry": { "type": "LineString", "coordinates": [ [ 653714.589999999967404, 6940553.200000000186265 ], [ 654268.21999999997206, 6940756.980000000447035 ] ] } },
{ "type": "Feature", "properties": { "river": "Itajai_Sul", "reach": "R1", "rs": 64693.73 }, "geometry": { "type": "LineString", "coordinates": [ [ 653640.050000000046566, 6941201.71999999973923 ], [ 654310.589999999967404, 6941693.04 ] ] } },
{ "type": "Feature", "properties": { "river": "Itajai_Sul", "reach": "R1", "rs": 63860.67 }, "geometry": { "type": "LineString", "coordinates": [ [ 652988.270000000018626, 6941983.450000000186265 ], [ 654064.13, 6942317.58 ] ] } },
{ "type": "Feature", "properties": { "river": "Itajai_Sul", "reach": "R1", "rs": 63082.11 }, "geometry": { "type": "LineString", "coordinates": [ [ 652757.76, 6942404.900000000372529 ], [ 653800.660000000032596, 6943302.0 ] ] } },
{ "type": "Feature", "properties": { "river": "Itajai_Sul", "reach": "R1", "rs": 62196.94 }, "geometry": { "type": "LineString", "coordinates": [ [ 652149.37, 6943752.360000000335276 ], [ 653516.51, 6943388.21999999973923 ] ] } },
{ "type": "Feature", "properties": { "river": "Itajai_Sul", "reach": "R1", "rs": 61359.94 }, "geometry": { "type": "LineString", "coordinates": [ [ 652310.64000000001397, 6944446.299999999813735 ], [ 653667.479999999981374, 6944298.17 ] ] } },
{ "type": "Feature", "properties": { "river": "Itajai_Sul", "reach": "R1", "rs": 60547.28 }, "geometry": { "type": "LineString", "coordinates": [ [ 652155.64000000001397, 6945144.42 ], [ 653477.599999999976717, 6945112.120000000111759 ] ] } },
{ "type": "Feature", "properties": { "river": "Itajai_Sul", "reach": "R1", "rs": 59581.28 }, "geometry": { "type": "LineString", "coordinates": [ [ 652587.540000000037253, 6945709.299999999813735 ], [ 653752.050000000046566, 6946152.379999999888241 ] ] } },
{ "type": "Feature", "properties": { "river": "Itajai_Sul", "reach": "R1", "rs": 58637.05 }, "geometry": { "type": "LineString", "coordinates": [ [ 652222.17000000004191, 6946402.730000000447035 ], [ 653180.560000000055879, 6947072.690000000409782 ] ] } },
{ "type": "Feature", "properties": { "river": "Itajai_Sul", "reach": "R1", "rs": 57902.62 }, "geometry": { "type": "LineString", "coordinates": [ [ 652099.64000000001397, 6947505.610000000335276 ], [ 653153.439999999944121, 6947326.519999999552965 ] ] } },
{ "type": "Feature", "properties": { "river": "Itajai_Sul", "reach": "R1", "rs": 57156.69 }, "geometry": { "type": "LineString", "coordinates": [ [ 652355.96999999997206, 6948270.799999999813735 ], [ 653340.550000000046566, 6947948.320000000298023 ] ] } },
{ "type": "Feature", "properties": { "river": "Itajai_Sul", "reach": "R1", "rs": 56226.66 }, "geometry": { "type": "LineString", "coordinates": [ [ 652399.96999999997206, 6948570.96999999973923 ], [ 652978.64000000001397, 6949410.46 ] ] } },
{ "type": "Feature", "properties": { "river": "Itajai_Sul", "reach": "R1", "rs": 55324.45 }, "geometry": { "type": "LineString", "coordinates": [ [ 651505.17000000004191, 6948693.03000000026077 ], [ 652146.96999999997206, 6949485.29 ] ] } },
{ "type": "Feature", "properties": { "river": "Itajai_Sul", "reach": "R1", "rs": 54494.45 }, "geometry": { "type": "LineString", "coordinates": [ [ 651196.78000000002794, 6949353.71999999973923 ], [ 651689.290000000037253, 6950207.519999999552965 ] ] } },
{ "type": "Feature", "properties": { "river": "Itajai_Sul", "reach": "R1", "rs": 53572.41 }, "geometry": { "type": "LineString", "coordinates": [ [ 650253.53000000002794, 6950280.110000000335276 ], [ 651197.85999999998603, 6950077.08 ] ] } },
{ "type": "Feature", "properties": { "river": "Itajai_Sul", "reach": "R1", "rs": 52572.41 }, "geometry": { "type": "LineString", "coordinates": [ [ 650549.53000000002794, 6950655.049999999813735 ], [ 651174.680000000051223, 6951386.42 ] ] } },
{ "type": "Feature", "properties": { "river": "Itajai_Sul", "reach": "R1", "rs": 51572.41 }, "geometry": { "type": "LineString", "coordinates": [ [ 650141.51, 6950505.009999999776483 ], [ 649820.85999999998603, 6951460.96 ] ] } },
{ "type": "Feature", "properties": { "river": "Itajai_Sul", "reach": "R1", "rs": 50572.41 }, "geometry": { "type": "LineString", "coordinates": [ [ 648759.050000000046566, 6951492.29 ], [ 649784.800000000046566, 6951665.480000000447035 ] ] } },
{ "type": "Feature", "properties": { "river": "Itajai_Sul", "reach": "R1", "rs": 49572.41 }, "geometry": { "type": "LineString", "coordinates": [ [ 648389.57999999995809, 6952439.46999999973923 ], [ 649438.87, 6952582.08 ] ] } },
{ "type": "Feature", "properties": { "river": "Itajai_Sul", "reach": "R1", "rs": 48679.99 }, "geometry": { "type": "LineString", "coordinates": [ [ 648478.71999999997206, 6952745.679999999701977 ], [ 649041.270000000018626, 6953750.480000000447035 ] ] } },
{ "type": "Feature", "properties": { "river": "Itajai_Sul", "reach": "R1", "rs": 48051.49 }, "geometry": { "type": "LineString", "coordinates": [ [ 647814.67000000004191, 6953097.129999999888241 ], [ 648628.42000000004191, 6954045.379999999888241 ] ] } },
{ "type": "Feature", "properties": { "river": "Itajai_Sul", "reach": "R1", "rs": 47255.09 }, "geometry": { "type": "LineString", "coordinates": [ [ 647267.87, 6953617.440000000409782 ], [ 648080.410000000032596, 6954689.150000000372529 ] ] } },
{ "type": "Feature", "properties": { "river": "Itajai_Sul", "reach": "R1", "rs": 46255.09 }, "geometry": { "type": "LineString", "coordinates": [ [ 646556.87, 6953876.54 ], [ 646995.62, 6955248.400000000372529 ] ] } },
{ "type": "Feature", "properties": { "river": "Itajai_Sul", "reach": "R1", "rs": 45255.09 }, "geometry": { "type": "LineString", "coordinates": [ [ 645448.650000000023283, 6954398.950000000186265 ], [ 646505.709999999962747, 6955505.549999999813735 ] ] } },
{ "type": "Feature", "properties": { "river": "Itajai_Sul", "reach": "R1", "rs": 44255.09 }, "geometry": { "type": "LineString", "coordinates": [ [ 644666.449999999953434, 6954508.660000000149012 ], [ 645419.650000000023283, 6955943.259999999776483 ] ] } },
{ "type": "Feature", "properties": { "river": "Itajai_Sul", "reach": "R1", "rs": 43255.09 }, "geometry": { "type": "LineString", "coordinates": [ [ 643917.42000000004191, 6955173.730000000447035 ], [ 644680.430000000051223, 6956603.139999999664724 ] ] } },
{ "type": "Feature", "properties": { "river": "Itajai_Sul", "reach": "R1", "rs": 42313.91 }, "geometry": { "type": "LineString", "coordinates": [ [ 642915.38, 6955716.349999999627471 ], [ 644051.689999999944121, 6956871.429999999701977 ] ] } },
{ "type": "Feature", "properties": { "river": "Itajai_Sul", "reach": "R1", "rs": 41490.41 }, "geometry": { "type": "LineString", "coordinates": [ [ 642447.660000000032596, 6956129.139999999664724 ], [ 643219.209999999962747, 6957446.049999999813735 ] ] } },
{ "type": "Feature", "properties": { "river": "Itajai_Sul", "reach": "R1", "rs": 41340.41 }, "geometry": { "type": "LineString", "coordinates": [ [ 642357.270000000018626, 6956323.940000000409782 ], [ 643069.709999999962747, 6957430.200000000186265 ] ] } },
{ "type": "Feature", "properties": { "river": "Itajai_Sul", "reach": "R1", "rs": 41190.41 }, "geometry": { "type": "LineString", "coordinates": [ [ 642264.040000000037253, 6956530.519999999552965 ], [ 642918.57999999995809, 6957393.309999999590218 ] ] } },
{ "type": "Feature", "properties": { "river": "Itajai_Sul", "reach": "R1", "rs": 41040.41 }, "geometry": { "type": "LineString", "coordinates": [ [ 642181.150000000023283, 6956695.740000000223517 ], [ 642763.14000000001397, 6957407.67 ] ] } },
{ "type": "Feature", "properties": { "river": "Itajai_Sul", "reach": "R1", "rs": 40872.63 }, "geometry": { "type": "LineString", "coordinates": [ [ 642072.5, 6956785.059999999590218 ], [ 642584.10999999998603, 6957491.860000000335276 ] ] } },
{ "type": "Feature", "properties": { "river": "Itajai_Sul", "reach": "R1", "rs": 40609.37 }, "geometry": { "type": "LineString", "coordinates": [ [ 642013.25, 6956841.129999999888241 ], [ 642203.839999999967404, 6957667.320000000298023 ] ] } },
{ "type": "Feature", "properties": { "river": "Itajai_Sul", "reach": "R1", "rs": 39916.47 }, "geometry": { "type": "LineString", "coordinates": [ [ 641922.10999999998603, 6956605.58 ], [ 641330.069999999948777, 6957212.549999999813735 ] ] } },
{ "type": "Feature", "properties": { "river": "Itajai_Sul", "reach": "R1", "rs": 38916.47 }, "geometry": { "type": "LineString", "coordinates": [ [ 640566.589999999967404, 6957109.629999999888241 ], [ 641296.01, 6957541.900000000372529 ] ] } },
{ "type": "Feature", "properties": { "river": "Itajai_Sul", "reach": "R1", "rs": 37951.11 }, "geometry": { "type": "LineString", "coordinates": [ [ 640148.729999999981374, 6958082.200000000186265 ], [ 640957.900000000023283, 6958344.389999999664724 ] ] } },
{ "type": "Feature", "properties": { "river": "Itajai_Sul", "reach": "R1", "rs": 37023.18 }, "geometry": { "type": "LineString", "coordinates": [ [ 639716.76, 6958842.299999999813735 ], [ 640523.270000000018626, 6959174.889999999664724 ] ] } },
{ "type": "Feature", "properties": { "river": "Itajai_Sul", "reach": "R1", "rs": 36023.18 }, "geometry": { "type": "LineString", "coordinates": [ [ 639696.85999999998603, 6960206.28000000026077 ], [ 640430.839999999967404, 6959806.160000000149012 ] ] } },
{ "type": "Feature", "properties": { "river": "Itajai_Sul", "reach": "R1", "rs": 35023.18 }, "geometry": { "type": "LineString", "coordinates": [ [ 640255.540000000037253, 6960793.900000000372529 ], [ 641047.400000000023283, 6960705.25 ] ] } },
{ "type": "Feature", "properties": { "river": "Itajai_Sul", "reach": "R1", "rs": 34023.18 }, "geometry": { "type": "LineString", "coordinates": [ [ 640140.910000000032596, 6961639.96 ], [ 640860.63, 6961805.650000000372529 ] ] } },
{ "type": "Feature", "properties": { "river": "Itajai_Sul", "reach": "R1", "rs": 33023.18 }, "geometry": { "type": "LineString", "coordinates": [ [ 639851.040000000037253, 6961742.120000000111759 ], [ 639972.12, 6962470.67 ] ] } },
{ "type": "Feature", "properties": { "river": "Itajai_Sul", "reach": "R1", "rs": 32023.18 }, "geometry": { "type": "LineString", "coordinates": [ [ 639894.07999999995809, 6962885.019999999552965 ], [ 640506.63, 6962472.440000000409782 ] ] } },
{ "type": "Feature", "properties": { "river": "Itajai_Sul", "reach": "R1", "rs": 31079.61 }, "geometry": { "type": "LineString", "coordinates": [ [ 639519.939999999944121, 6962948.309999999590218 ], [ 639849.60999999998603, 6963609.190000000409782 ] ] } },
{ "type": "Feature", "properties": { "river": "Itajai_Sul", "reach": "R1", "rs": 30079.61 }, "geometry": { "type": "LineString", "coordinates": [ [ 638783.810000000055879, 6963409.53000000026077 ], [ 638898.439999999944121, 6964151.990000000223517 ] ] } },
{ "type": "Feature", "properties": { "river": "Itajai_Sul", "reach": "R1", "rs": 29079.61 }, "geometry": { "type": "LineString", "coordinates": [ [ 637983.38, 6964374.440000000409782 ], [ 638758.25, 6964480.410000000149012 ] ] } },
{ "type": "Feature", "properties": { "river": "Itajai_Sul", "reach": "R1", "rs": 28079.61 }, "geometry": { "type": "LineString", "coordinates": [ [ 638251.050000000046566, 6965078.320000000298023 ], [ 639099.14000000001397, 6965343.360000000335276 ] ] } },
{ "type": "Feature", "properties": { "river": "Itajai_Sul", "reach": "R1", "rs": 27079.61 }, "geometry": { "type": "LineString", "coordinates": [ [ 637640.51, 6965951.71 ], [ 638614.089999999967404, 6966136.339999999850988 ] ] } },
{ "type": "Feature", "properties": { "river": "Itajai_Sul", "reach": "R1", "rs": 26079.61 }, "geometry": { "type": "LineString", "coordinates": [ [ 637318.560000000055879, 6966627.53000000026077 ], [ 638200.660000000032596, 6967192.490000000223517 ] ] } },
{ "type": "Feature", "properties": { "river": "Itajai_Sul", "reach": "R1", "rs": 25290.34 }, "geometry": { "type": "LineString", "coordinates": [ [ 636938.040000000037253, 6967476.389999999664724 ], [ 637912.900000000023283, 6967804.110000000335276 ] ] } },
{ "type": "Feature", "properties": { "river": "Itajai_Sul", "reach": "R1", "rs": 25004.34 }, "geometry": { "type": "LineString", "coordinates": [ [ 636863.5, 6967924.690000000409782 ], [ 637863.910000000032596, 6967951.049999999813735 ] ] } },
{ "type": "Feature", "properties": { "river": "Itajai_Sul", "reach": "R1", "rs": 24627.58 }, "geometry": { "type": "LineString", "coordinates": [ [ 637060.520000000018626, 6968596.759999999776483 ], [ 637901.37, 6968054.099999999627471 ] ] } },
{ "type": "Feature", "properties": { "river": "Itajai_Sul", "reach": "R1", "rs": 23965.98 }, "geometry": { "type": "LineString", "coordinates": [ [ 637473.229999999981374, 6969043.099999999627471 ], [ 638361.589999999967404, 6968582.320000000298023 ] ] } },
{ "type": "Feature", "properties": { "river": "Itajai_Sul", "reach": "R1", "rs": 22972.08 }, "geometry": { "type": "LineString", "coordinates": [ [ 637276.040000000037253, 6969268.519999999552965 ], [ 638029.089999999967404, 6969987.320000000298023 ] ] } },
{ "type": "Feature", "properties": { "river": "Itajai_Sul", "reach": "R1", "rs": 21972.08 }, "geometry": { "type": "LineString", "coordinates": [ [ 636541.01, 6970146.259999999776483 ], [ 637493.14000000001397, 6970660.610000000335276 ] ] } },
{ "type": "Feature", "properties": { "river": "Itajai_Sul", "reach": "R1", "rs": 20972.08 }, "geometry": { "type": "LineString", "coordinates": [ [ 636378.42000000004191, 6971277.860000000335276 ], [ 637522.60999999998603, 6971489.070000000298023 ] ] } },
{ "type": "Feature", "properties": { "river": "Itajai_Sul", "reach": "R1", "rs": 19972.08 }, "geometry": { "type": "LineString", "coordinates": [ [ 636451.550000000046566, 6972437.480000000447035 ], [ 637627.17000000004191, 6972246.450000000186265 ] ] } },
{ "type": "Feature", "properties": { "river": "Itajai_Sul", "reach": "R1", "rs": 19196.24 }, "geometry": { "type": "LineString", "coordinates": [ [ 636578.560000000055879, 6973327.71 ], [ 637710.76, 6972879.46 ] ] } },
{ "type": "Feature", "properties": { "river": "Itajai_Sul", "reach": "R1", "rs": 18373.05 }, "geometry": { "type": "LineString", "coordinates": [ [ 636430.449999999953434, 6973453.28000000026077 ], [ 637457.75, 6974081.480000000447035 ] ] } },
{ "type": "Feature", "properties": { "river": "Itajai_Sul", "reach": "R1", "rs": 17373.05 }, "geometry": { "type": "LineString", "coordinates": [ [ 636601.150000000023283, 6973915.200000000186265 ], [ 637181.89000000001397, 6974970.049999999813735 ] ] } },
{ "type": "Feature", "properties": { "river": "Itajai_Sul", "reach": "R1", "rs": 16475.05 }, "geometry": { "type": "LineString", "coordinates": [ [ 635739.75, 6975138.950000000186265 ], [ 636943.800000000046566, 6975123.29 ] ] } },
{ "type": "Feature", "properties": { "river": "Itajai_Sul", "reach": "R1", "rs": 15577.05 }, "geometry": { "type": "LineString", "coordinates": [ [ 635882.17000000004191, 6975961.299999999813735 ], [ 637104.64000000001397, 6976040.160000000149012 ] ] } },
{ "type": "Feature", "properties": { "river": "Itajai_Sul", "reach": "R1", "rs": 14657.85 }, "geometry": { "type": "LineString", "coordinates": [ [ 635561.01, 6976446.71 ], [ 636647.930000000051223, 6977135.429999999701977 ] ] } },
{ "type": "Feature", "properties": { "river": "Itajai_Sul", "reach": "R1", "rs": 13724.04 }, "geometry": { "type": "LineString", "coordinates": [ [ 635250.900000000023283, 6976895.320000000298023 ], [ 635811.74, 6978121.660000000149012 ] ] } },
{ "type": "Feature", "properties": { "river": "Itajai_Sul", "reach": "R1", "rs": 12792.04 }, "geometry": { "type": "LineString", "coordinates": [ [ 634044.96999999997206, 6977570.71 ], [ 635367.959999999962747, 6977995.110000000335276 ] ] } },
{ "type": "Feature", "properties": { "river": "Itajai_Sul", "reach": "R1", "rs": 11876.47 }, "geometry": { "type": "LineString", "coordinates": [ [ 634350.959999999962747, 6978646.71999999973923 ], [ 635758.63, 6978540.309999999590218 ] ] } },
{ "type": "Feature", "properties": { "river": "Itajai_Sul", "reach": "R1", "rs": 10938.39 }, "geometry": { "type": "LineString", "coordinates": [ [ 634119.339999999967404, 6978807.08 ], [ 635008.14000000001397, 6979932.389999999664724 ] ] } },
{ "type": "Feature", "properties": { "river": "Itajai_Sul", "reach": "R1", "rs": 9943.07 }, "geometry": { "type": "LineString", "coordinates": [ [ 633253.14000000001397, 6979640.480000000447035 ], [ 634475.300000000046566, 6980437.53000000026077 ] ] } },
{ "type": "Feature", "properties": { "river": "Itajai_Sul", "reach": "R1", "rs": 8943.07 }, "geometry": { "type": "LineString", "coordinates": [ [ 632845.069999999948777, 6981039.230000000447035 ], [ 634340.689999999944121, 6980845.480000000447035 ] ] } },
{ "type": "Feature", "properties": { "river": "Itajai_Sul", "reach": "R1", "rs": 7943.07 }, "geometry": { "type": "LineString", "coordinates": [ [ 633001.939999999944121, 6981612.870000000111759 ], [ 634439.839999999967404, 6982225.059999999590218 ] ] } },
{ "type": "Feature", "properties": { "river": "Itajai_Sul", "reach": "R1", "rs": 6943.07 }, "geometry": { "type": "LineString", "coordinates": [ [ 632319.35999999998603, 6982611.400000000372529 ], [ 633924.849999999976717, 6982783.160000000149012 ] ] } },
{ "type": "Feature", "properties": { "river": "Itajai_Sul", "reach": "R1", "rs": 5943.07 }, "geometry": { "type": "LineString", "coordinates": [ [ 632203.949999999953434, 6983654.070000000298023 ], [ 633824.26, 6983651.160000000149012 ] ] } },
{ "type": "Feature", "properties": { "river": "Itajai_Sul", "reach": "R1", "rs": 4943.07 }, "geometry": { "type": "LineString", "coordinates": [ [ 632517.449999999953434, 6984892.860000000335276 ], [ 634030.540000000037253, 6984313.25 ] ] } },
{ "type": "Feature", "properties": { "river": "Itajai_Sul", "reach": "R1", "rs": 3943.07 }, "geometry": { "type": "LineString", "coordinates": [ [ 632808.699999999953434, 6985830.349999999627471 ], [ 634323.060000000055879, 6985254.049999999813735 ] ] } },
{ "type": "Feature", "properties": { "river": "Itajai_Sul", "reach": "R1", "rs": 2943.07 }, "geometry": { "type": "LineString", "coordinates": [ [ 633544.060000000055879, 6986272.240000000223517 ], [ 635112.290000000037253, 6985864.759999999776483 ] ] } },
{ "type": "Feature", "properties": { "river": "Itajai_Sul", "reach": "R1", "rs": 1943.07 }, "geometry": { "type": "LineString", "coordinates": [ [ 633210.01, 6986855.309999999590218 ], [ 634808.92000000004191, 6987117.769999999552965 ] ] } },
{ "type": "Feature", "properties": { "river": "Itajai_Sul", "reach": "R1", "rs": 943.07 }, "geometry": { "type": "LineString", "coordinates": [ [ 633196.26, 6988032.910000000149012 ], [ 634811.949999999953434, 6987910.589999999850988 ] ] } },
{ "type": "Feature", "properties": { "river": "Itajai_Sul", "reach": "R1", "rs": 75.0 }, "geometry": { "type": "LineString", "coordinates": [ [ 633151.050000000046566, 6988629.650000000372529 ], [ 634720.26, 6989033.33 ] ] } },
{ "type": "Feature", "properties": { "river": "Itajai_Mirim", "reach": "R1", "rs": 104438.39 }, "geometry": { "type": "LineString", "coordinates": [ [ 666562.5, 6981093.46999999973923 ], [ 666924.209999999962747, 6980718.79 ] ] } },
{ "type": "Feature", "properties": { "river": "Itajai_Mirim", "reach": "R1", "rs": 104288.39 }, "geometry": { "type": "LineString", "coordinates": [ [ 666721.160000000032596, 6981190.660000000149012 ], [ 667048.849999999976717, 6980767.139999999664724 ] ] } },
{ "type": "Feature", "properties": { "river": "Itajai_Mirim", "reach": "R1", "rs": 104138.39 }, "geometry": { "type": "LineString", "coordinates": [ [ 666811.37, 6981257.070000000298023 ], [ 667217.430000000051223, 6980842.240000000223517 ] ] } },
{ "type": "Feature", "properties": { "river": "Itajai_Mirim", "reach": "R1", "rs": 103988.39 }, "geometry": { "type": "LineString", "coordinates": [ [ 666855.01, 6981294.379999999888241 ], [ 667401.069999999948777, 6980989.33 ] ] } },
{ "type": "Feature", "properties": { "river": "Itajai_Mirim", "reach": "R1", "rs": 103831.03 }, "geometry": { "type": "LineString", "coordinates": [ [ 666875.24, 6981334.53000000026077 ], [ 667520.88, 6981222.92 ] ] } },
{ "type": "Feature", "properties": { "river": "Itajai_Mirim", "reach": "R1", "rs": 103502.46 }, "geometry": { "type": "LineString", "coordinates": [ [ 666810.5, 6981536.0 ], [ 667460.459999999962747, 6981662.67 ] ] } },
{ "type": "Feature", "properties": { "river": "Itajai_Mirim", "reach": "R1", "rs": 102915.43 }, "geometry": { "type": "LineString", "coordinates": [ [ 667045.849999999976717, 6982357.269999999552965 ], [ 667521.069999999948777, 6981876.309999999590218 ] ] } },
{ "type": "Feature", "properties": { "river": "Itajai_Mirim", "reach": "R1", "rs": 102765.43 }, "geometry": { "type": "LineString", "coordinates": [ [ 667241.89000000001397, 6982503.650000000372529 ], [ 667544.339999999967404, 6981917.58 ] ] } },
{ "type": "Feature", "properties": { "river": "Itajai_Mirim", "reach": "R1", "rs": 102615.43 }, "geometry": { "type": "LineString", "coordinates": [ [ 667473.39000000001397, 6982549.559999999590218 ], [ 667592.10999999998603, 6981920.799999999813735 ] ] } },
{ "type": "Feature", "properties": { "river": "Itajai_Mirim", "reach": "R1", "rs": 102465.43 }, "geometry": { "type": "LineString", "coordinates": [ [ 667649.03000000002794, 6982508.67 ], [ 667711.12, 6981898.559999999590218 ] ] } },
{ "type": "Feature", "properties": { "river": "Itajai_Mirim", "reach": "R1", "rs": 102315.43 }, "geometry": { "type": "LineString", "coordinates": [ [ 667732.62, 6982507.769999999552965 ], [ 667944.800000000046566, 6981930.519999999552965 ] ] } },
{ "type": "Feature", "properties": { "river": "Itajai_Mirim", "reach": "R1", "rs": 102165.43 }, "geometry": { "type": "LineString", "coordinates": [ [ 667770.199999999953434, 6982528.320000000298023 ], [ 668218.21999999997206, 6982043.46999999973923 ] ] } },
{ "type": "Feature", "properties": { "river": "Itajai_Mirim", "reach": "R1", "rs": 102015.43 }, "geometry": { "type": "LineString", "coordinates": [ [ 667802.040000000037253, 6982613.889999999664724 ], [ 668419.439999999944121, 6982190.46999999973923 ] ] } },
{ "type": "Feature", "properties": { "river": "Itajai_Mirim", "reach": "R1", "rs": 101865.43 }, "geometry": { "type": "LineString", "coordinates": [ [ 667830.349999999976717, 6982741.379999999888241 ], [ 668599.520000000018626, 6982311.019999999552965 ] ] } },
{ "type": "Feature", "properties": { "river": "Itajai_Mirim", "reach": "R1", "rs": 101715.43 }, "geometry": { "type": "LineString", "coordinates": [ [ 667883.38, 6982849.559999999590218 ], [ 668736.439999999944121, 6982466.599999999627471 ] ] } },
{ "type": "Feature", "properties": { "river": "Itajai_Mirim", "reach": "R1", "rs": 101565.43 }, "geometry": { "type": "LineString", "coordinates": [ [ 667889.589999999967404, 6982908.019999999552965 ], [ 668766.689999999944121, 6982772.379999999888241 ] ] } },
{ "type": "Feature", "properties": { "river": "Itajai_Mirim", "reach": "R1", "rs": 101415.43 }, "geometry": { "type": "LineString", "coordinates": [ [ 667878.839999999967404, 6982949.92 ], [ 668664.32999999995809, 6983065.940000000409782 ] ] } },
{ "type": "Feature", "properties": { "river": "Itajai_Mirim", "reach": "R1", "rs": 101265.43 }, "geometry": { "type": "LineString", "coordinates": [ [ 667846.46999999997206, 6983005.309999999590218 ], [ 668487.99, 6983273.599999999627471 ] ] } },
{ "type": "Feature", "properties": { "river": "Itajai_Mirim", "reach": "R1", "rs": 101115.43 }, "geometry": { "type": "LineString", "coordinates": [ [ 667790.03000000002794, 6983100.17 ], [ 668358.87, 6983416.360000000335276 ] ] } },
{ "type": "Feature", "properties": { "river": "Itajai_Mirim", "reach": "R1", "rs": 100947.78 }, "geometry": { "type": "LineString", "coordinates": [ [ 667688.680000000051223, 6983215.929999999701977 ], [ 668205.810000000055879, 6983532.33 ] ] } },
{ "type": "Feature", "properties": { "river": "Itajai_Mirim", "reach": "R1", "rs": 100750.9 }, "geometry": { "type": "LineString", "coordinates": [ [ 667506.38, 6983435.679999999701977 ], [ 668109.650000000023283, 6983653.139999999664724 ] ] } },
{ "type": "Feature", "properties": { "river": "Itajai_Mirim", "reach": "R1", "rs": 100500.46 }, "geometry": { "type": "LineString", "coordinates": [ [ 667472.520000000018626, 6983951.929999999701977 ], [ 668085.209999999962747, 6983749.940000000409782 ] ] } },
{ "type": "Feature", "properties": { "river": "Itajai_Mirim", "reach": "R1", "rs": 100148.63 }, "geometry": { "type": "LineString", "coordinates": [ [ 668090.819999999948777, 6984455.28000000026077 ], [ 668164.300000000046566, 6983810.46999999973923 ] ] } },
{ "type": "Feature", "properties": { "river": "Itajai_Mirim", "reach": "R1", "rs": 99895.83 }, "geometry": { "type": "LineString", "coordinates": [ [ 668485.099999999976717, 6984279.740000000223517 ], [ 668311.96999999997206, 6983749.759999999776483 ] ] } },
{ "type": "Feature", "properties": { "river": "Itajai_Mirim", "reach": "R1", "rs": 99561.38 }, "geometry": { "type": "LineString", "coordinates": [ [ 668755.21999999997206, 6984142.190000000409782 ], [ 668641.49, 6983592.29 ] ] } },
{ "type": "Feature", "properties": { "river": "Itajai_Mirim", "reach": "R1", "rs": 99046.39 }, "geometry": { "type": "LineString", "coordinates": [ [ 669268.729999999981374, 6983971.599999999627471 ], [ 669094.439999999944121, 6983433.589999999850988 ] ] } },
{ "type": "Feature", "properties": { "river": "Itajai_Mirim", "reach": "R1", "rs": 98651.42 }, "geometry": { "type": "LineString", "coordinates": [ [ 669598.520000000018626, 6983817.200000000186265 ], [ 669474.930000000051223, 6983183.980000000447035 ] ] } },
{ "type": "Feature", "properties": { "river": "Itajai_Mirim", "reach": "R1", "rs": 98314.41 }, "geometry": { "type": "LineString", "coordinates": [ [ 669663.810000000055879, 6983851.849999999627471 ], [ 670187.51, 6983383.21 ] ] } },
{ "type": "Feature", "properties": { "river": "Itajai_Mirim", "reach": "R1", "rs": 98111.57 }, "geometry": { "type": "LineString", "coordinates": [ [ 669732.300000000046566, 6984003.740000000223517 ], [ 670325.680000000051223, 6983622.92 ] ] } },
{ "type": "Feature", "properties": { "river": "Itajai_Mirim", "reach": "R1", "rs": 97873.07 }, "geometry": { "type": "LineString", "coordinates": [ [ 669864.900000000023283, 6984272.650000000372529 ], [ 670391.71999999997206, 6983745.839999999850988 ] ] } },
{ "type": "Feature", "properties": { "river": "Itajai_Mirim", "reach": "R1", "rs": 97487.45 }, "geometry": { "type": "LineString", "coordinates": [ [ 670147.89000000001397, 6984564.04 ], [ 670609.790000000037253, 6984028.009999999776483 ] ] } },
{ "type": "Feature", "properties": { "river": "Itajai_Mirim", "reach": "R1", "rs": 97068.59 }, "geometry": { "type": "LineString", "coordinates": [ [ 670441.75, 6984871.570000000298023 ], [ 670879.319999999948777, 6984332.17 ] ] } },
{ "type": "Feature", "properties": { "river": "Itajai_Mirim", "reach": "R1", "rs": 96772.61 }, "geometry": { "type": "LineString", "coordinates": [ [ 670494.14000000001397, 6984925.71999999973923 ], [ 671067.660000000032596, 6984701.04 ] ] } },
{ "type": "Feature", "properties": { "river": "Itajai_Mirim", "reach": "R1", "rs": 96607.67 }, "geometry": { "type": "LineString", "coordinates": [ [ 670515.449999999953434, 6985097.509999999776483 ], [ 671046.99, 6984874.950000000186265 ] ] } },
{ "type": "Feature", "properties": { "river": "Itajai_Mirim", "reach": "R1", "rs": 96457.67 }, "geometry": { "type": "LineString", "coordinates": [ [ 670684.770000000018626, 6985328.259999999776483 ], [ 671066.709999999962747, 6984961.519999999552965 ] ] } },
{ "type": "Feature", "properties": { "river": "Itajai_Mirim", "reach": "R1", "rs": 96307.67 }, "geometry": { "type": "LineString", "coordinates": [ [ 670988.050000000046566, 6985469.240000000223517 ], [ 671114.25, 6984994.129999999888241 ] ] } },
{ "type": "Feature", "properties": { "river": "Itajai_Mirim", "reach": "R1", "rs": 96157.67 }, "geometry": { "type": "LineString", "coordinates": [ [ 671324.439999999944121, 6985416.03000000026077 ], [ 671158.819999999948777, 6984993.67 ] ] } },
{ "type": "Feature", "properties": { "river": "Itajai_Mirim", "reach": "R1", "rs": 96007.67 }, "geometry": { "type": "LineString", "coordinates": [ [ 671517.89000000001397, 6985268.33 ], [ 671215.209999999962747, 6984930.389999999664724 ] ] } },
{ "type": "Feature", "properties": { "river": "Itajai_Mirim", "reach": "R1", "rs": 95857.67 }, "geometry": { "type": "LineString", "coordinates": [ [ 671561.790000000037253, 6985148.410000000149012 ], [ 671264.699999999953434, 6984753.25 ] ] } },
{ "type": "Feature", "properties": { "river": "Itajai_Mirim", "reach": "R1", "rs": 95651.58 }, "geometry": { "type": "LineString", "coordinates": [ [ 671608.99, 6985144.990000000223517 ], [ 671532.449999999953434, 6984615.42 ] ] } },
{ "type": "Feature", "properties": { "river": "Itajai_Mirim", "reach": "R1", "rs": 95285.05 }, "geometry": { "type": "LineString", "coordinates": [ [ 671903.569999999948777, 6985194.03000000026077 ], [ 671957.930000000051223, 6984596.83 ] ] } },
{ "type": "Feature", "properties": { "river": "Itajai_Mirim", "reach": "R1", "rs": 94641.32 }, "geometry": { "type": "LineString", "coordinates": [ [ 672362.229999999981374, 6985376.389999999664724 ], [ 672735.709999999962747, 6984728.25 ] ] } },
{ "type": "Feature", "properties": { "river": "Itajai_Mirim", "reach": "R1", "rs": 93947.32 }, "geometry": { "type": "LineString", "coordinates": [ [ 672630.88, 6985671.950000000186265 ], [ 673531.35999999998603, 6985315.46999999973923 ] ] } },
{ "type": "Feature", "properties": { "river": "Itajai_Mirim", "reach": "R1", "rs": 93259.83 }, "geometry": { "type": "LineString", "coordinates": [ [ 673023.709999999962747, 6986613.179999999701977 ], [ 673494.270000000018626, 6985547.429999999701977 ] ] } },
{ "type": "Feature", "properties": { "river": "Itajai_Mirim", "reach": "R1", "rs": 92827.85 }, "geometry": { "type": "LineString", "coordinates": [ [ 673497.49, 6986775.110000000335276 ], [ 673856.520000000018626, 6985568.889999999664724 ] ] } },
{ "type": "Feature", "properties": { "river": "Itajai_Mirim", "reach": "R1", "rs": 92655.36 }, "geometry": { "type": "LineString", "coordinates": [ [ 673637.10999999998603, 6986821.92 ], [ 674046.62, 6985619.980000000447035 ] ] } },
{ "type": "Feature", "properties": { "river": "Itajai_Mirim", "reach": "R1", "rs": 92505.36 }, "geometry": { "type": "LineString", "coordinates": [ [ 673852.599999999976717, 6986866.179999999701977 ], [ 674118.699999999953434, 6985642.299999999813735 ] ] } },
{ "type": "Feature", "properties": { "river": "Itajai_Mirim", "reach": "R1", "rs": 92355.36 }, "geometry": { "type": "LineString", "coordinates": [ [ 674032.21999999997206, 6986836.190000000409782 ], [ 674238.069999999948777, 6985680.29 ] ] } },
{ "type": "Feature", "properties": { "river": "Itajai_Mirim", "reach": "R1", "rs": 92205.36 }, "geometry": { "type": "LineString", "coordinates": [ [ 674170.209999999962747, 6986824.240000000223517 ], [ 674393.85999999998603, 6985741.190000000409782 ] ] } },
{ "type": "Feature", "properties": { "river": "Itajai_Mirim", "reach": "R1", "rs": 92055.36 }, "geometry": { "type": "LineString", "coordinates": [ [ 674220.89000000001397, 6986844.25 ], [ 674612.25, 6985870.730000000447035 ] ] } },
{ "type": "Feature", "properties": { "river": "Itajai_Mirim", "reach": "R1", "rs": 91905.36 }, "geometry": { "type": "LineString", "coordinates": [ [ 674263.01, 6986859.950000000186265 ], [ 674805.400000000023283, 6986030.599999999627471 ] ] } },
{ "type": "Feature", "properties": { "river": "Itajai_Mirim", "reach": "R1", "rs": 91755.36 }, "geometry": { "type": "LineString", "coordinates": [ [ 674341.57999999995809, 6986932.71 ], [ 674912.21999999997206, 6986194.96999999973923 ] ] } },
{ "type": "Feature", "properties": { "river": "Itajai_Mirim", "reach": "R1", "rs": 91605.36 }, "geometry": { "type": "LineString", "coordinates": [ [ 674461.660000000032596, 6987040.400000000372529 ], [ 674991.49, 6986323.509999999776483 ] ] } },
{ "type": "Feature", "properties": { "river": "Itajai_Mirim", "reach": "R1", "rs": 91455.36 }, "geometry": { "type": "LineString", "coordinates": [ [ 674674.550000000046566, 6987206.309999999590218 ], [ 675046.12, 6986371.160000000149012 ] ] } },
{ "type": "Feature", "properties": { "river": "Itajai_Mirim", "reach": "R1", "rs": 91305.36 }, "geometry": { "type": "LineString", "coordinates": [ [ 674969.439999999944121, 6987320.92 ], [ 675087.270000000018626, 6986387.509999999776483 ] ] } },
{ "type": "Feature", "properties": { "river": "Itajai_Mirim", "reach": "R1", "rs": 91155.36 }, "geometry": { "type": "LineString", "coordinates": [ [ 675286.459999999962747, 6987333.679999999701977 ], [ 675135.229999999981374, 6986378.009999999776483 ] ] } },
{ "type": "Feature", "properties": { "river": "Itajai_Mirim", "reach": "R1", "rs": 90975.46 }, "geometry": { "type": "LineString", "coordinates": [ [ 675524.900000000023283, 6987215.610000000335276 ], [ 675254.900000000023283, 6986323.78000000026077 ] ] } },
{ "type": "Feature", "properties": { "river": "Itajai_Mirim", "reach": "R1", "rs": 90728.82 }, "geometry": { "type": "LineString", "coordinates": [ [ 675634.88, 6987094.46 ], [ 675564.040000000037253, 6986225.08 ] ] } },
{ "type": "Feature", "properties": { "river": "Itajai_Mirim", "reach": "R1", "rs": 90324.36 }, "geometry": { "type": "LineString", "coordinates": [ [ 675870.099999999976717, 6987087.929999999701977 ], [ 676095.13, 6986306.990000000223517 ] ] } },
{ "type": "Feature", "properties": { "river": "Itajai_Mirim", "reach": "R1", "rs": 89972.04 }, "geometry": { "type": "LineString", "coordinates": [ [ 676092.74, 6987076.480000000447035 ], [ 676554.770000000018626, 6986508.21 ] ] } },
{ "type": "Feature", "properties": { "river": "Itajai_Mirim", "reach": "R1", "rs": 89755.45 }, "geometry": { "type": "LineString", "coordinates": [ [ 676305.63, 6987224.75 ], [ 676633.449999999953434, 6986638.379999999888241 ] ] } },
{ "type": "Feature", "properties": { "river": "Itajai_Mirim", "reach": "R1", "rs": 89552.06 }, "geometry": { "type": "LineString", "coordinates": [ [ 676593.770000000018626, 6987233.179999999701977 ], [ 676685.53000000002794, 6986628.940000000409782 ] ] } },
{ "type": "Feature", "properties": { "river": "Itajai_Mirim", "reach": "R1", "rs": 89375.56 }, "geometry": { "type": "LineString", "coordinates": [ [ 676737.540000000037253, 6987200.71 ], [ 676915.270000000018626, 6986615.96 ] ] } },
{ "type": "Feature", "properties": { "river": "Itajai_Mirim", "reach": "R1", "rs": 89215.78 }, "geometry": { "type": "LineString", "coordinates": [ [ 676773.60999999998603, 6987220.900000000372529 ], [ 677218.229999999981374, 6986802.79 ] ] } },
{ "type": "Feature", "properties": { "river": "Itajai_Mirim", "reach": "R1", "rs": 89053.79 }, "geometry": { "type": "LineString", "coordinates": [ [ 676779.560000000055879, 6987311.120000000111759 ], [ 677331.699999999953434, 6987072.730000000447035 ] ] } },
{ "type": "Feature", "properties": { "river": "Itajai_Mirim", "reach": "R1", "rs": 88825.72 }, "geometry": { "type": "LineString", "coordinates": [ [ 676824.67000000004191, 6987551.429999999701977 ], [ 677390.589999999967404, 6987275.049999999813735 ] ] } },
{ "type": "Feature", "properties": { "river": "Itajai_Mirim", "reach": "R1", "rs": 88481.54 }, "geometry": { "type": "LineString", "coordinates": [ [ 676970.39000000001397, 6987854.269999999552965 ], [ 677572.060000000055879, 6987571.679999999701977 ] ] } },
{ "type": "Feature", "properties": { "river": "Itajai_Mirim", "reach": "R1", "rs": 88093.54 }, "geometry": { "type": "LineString", "coordinates": [ [ 676975.479999999981374, 6988136.25 ], [ 677671.650000000023283, 6988072.879999999888241 ] ] } },
{ "type": "Feature", "properties": { "river": "Itajai_Mirim", "reach": "R1", "rs": 87705.54 }, "geometry": { "type": "LineString", "coordinates": [ [ 677124.959999999962747, 6988696.019999999552965 ], [ 677654.63, 6988245.79 ] ] } },
{ "type": "Feature", "properties": { "river": "Itajai_Mirim", "reach": "R1", "rs": 87312.15 }, "geometry": { "type": "LineString", "coordinates": [ [ 677705.209999999962747, 6988937.160000000149012 ], [ 677788.180000000051223, 6988257.490000000223517 ] ] } },
{ "type": "Feature", "properties": { "river": "Itajai_Mirim", "reach": "R1", "rs": 86840.38 }, "geometry": { "type": "LineString", "coordinates": [ [ 677827.189999999944121, 6988943.940000000409782 ], [ 678402.74, 6988638.089999999850988 ] ] } },
{ "type": "Feature", "properties": { "river": "Itajai_Mirim", "reach": "R1", "rs": 86185.23 }, "geometry": { "type": "LineString", "coordinates": [ [ 678309.709999999962747, 6989639.910000000149012 ], [ 678538.75, 6989064.070000000298023 ] ] } },
{ "type": "Feature", "properties": { "river": "Itajai_Mirim", "reach": "R1", "rs": 85457.23 }, "geometry": { "type": "LineString", "coordinates": [ [ 678874.400000000023283, 6989917.360000000335276 ], [ 679182.62, 6989415.980000000447035 ] ] } },
{ "type": "Feature", "properties": { "river": "Itajai_Mirim", "reach": "R1", "rs": 84763.23 }, "geometry": { "type": "LineString", "coordinates": [ [ 679163.32999999995809, 6990125.910000000149012 ], [ 679698.300000000046566, 6989880.570000000298023 ] ] } },
{ "type": "Feature", "properties": { "river": "Itajai_Mirim", "reach": "R1", "rs": 84037.69 }, "geometry": { "type": "LineString", "coordinates": [ [ 680283.459999999962747, 6990052.900000000372529 ], [ 679822.400000000023283, 6989687.110000000335276 ] ] } },
{ "type": "Feature", "properties": { "river": "Itajai_Mirim", "reach": "R1", "rs": 83371.9 }, "geometry": { "type": "LineString", "coordinates": [ [ 680274.020000000018626, 6989874.21999999973923 ], [ 680541.53000000002794, 6989349.990000000223517 ] ] } },
{ "type": "Feature", "properties": { "river": "Itajai_Mirim", "reach": "R1", "rs": 82677.9 }, "geometry": { "type": "LineString", "coordinates": [ [ 681172.790000000037253, 6989931.099999999627471 ], [ 680976.46999999997206, 6989344.25 ] ] } },
{ "type": "Feature", "properties": { "river": "Itajai_Mirim", "reach": "R1", "rs": 81857.05 }, "geometry": { "type": "LineString", "coordinates": [ [ 681958.569999999948777, 6989681.870000000111759 ], [ 681734.589999999967404, 6989051.389999999664724 ] ] } },
{ "type": "Feature", "properties": { "river": "Itajai_Mirim", "reach": "R1", "rs": 81166.61 }, "geometry": { "type": "LineString", "coordinates": [ [ 682346.060000000055879, 6989752.860000000335276 ], [ 682647.770000000018626, 6989012.04 ] ] } },
{ "type": "Feature", "properties": { "river": "Itajai_Mirim", "reach": "R1", "rs": 80540.61 }, "geometry": { "type": "LineString", "coordinates": [ [ 682766.589999999967404, 6990153.259999999776483 ], [ 683198.310000000055879, 6989345.740000000223517 ] ] } },
{ "type": "Feature", "properties": { "river": "Itajai_Mirim", "reach": "R1", "rs": 79954.8 }, "geometry": { "type": "LineString", "coordinates": [ [ 683405.569999999948777, 6990270.759999999776483 ], [ 683702.76, 6989303.940000000409782 ] ] } },
{ "type": "Feature", "properties": { "river": "Itajai_Mirim", "reach": "R1", "rs": 79368.28 }, "geometry": { "type": "LineString", "coordinates": [ [ 683986.78000000002794, 6990562.58 ], [ 684137.150000000023283, 6989595.980000000447035 ] ] } },
{ "type": "Feature", "properties": { "river": "Itajai_Mirim", "reach": "R1", "rs": 78691.03 }, "geometry": { "type": "LineString", "coordinates": [ [ 684474.10999999998603, 6990572.259999999776483 ], [ 684927.96999999997206, 6989794.099999999627471 ] ] } },
{ "type": "Feature", "properties": { "river": "Itajai_Mirim", "reach": "R1", "rs": 77906.95 }, "geometry": { "type": "LineString", "coordinates": [ [ 684714.270000000018626, 6990716.849999999627471 ], [ 685517.87, 6990738.049999999813735 ] ] } },
{ "type": "Feature", "properties": { "river": "Itajai_Mirim", "reach": "R1", "rs": 77122.94 }, "geometry": { "type": "LineString", "coordinates": [ [ 685111.770000000018626, 6991538.71 ], [ 685775.290000000037253, 6991177.629999999888241 ] ] } },
{ "type": "Feature", "properties": { "river": "Itajai_Mirim", "reach": "R1", "rs": 76445.56 }, "geometry": { "type": "LineString", "coordinates": [ [ 686039.430000000051223, 6991936.450000000186265 ], [ 685891.82999999995809, 6991265.099999999627471 ] ] } },
{ "type": "Feature", "properties": { "river": "Itajai_Mirim", "reach": "R1", "rs": 75724.31 }, "geometry": { "type": "LineString", "coordinates": [ [ 686579.37, 6991869.269999999552965 ], [ 686720.709999999962747, 6991262.150000000372529 ] ] } },
{ "type": "Feature", "properties": { "river": "Itajai_Mirim", "reach": "R1", "rs": 74931.14 }, "geometry": { "type": "LineString", "coordinates": [ [ 687305.82999999995809, 6992152.269999999552965 ], [ 687183.12, 6991619.21999999973923 ] ] } },
{ "type": "Feature", "properties": { "river": "Itajai_Mirim", "reach": "R1", "rs": 74138.03 }, "geometry": { "type": "LineString", "coordinates": [ [ 687758.949999999953434, 6991304.820000000298023 ], [ 687248.57999999995809, 6991299.29 ] ] } },
{ "type": "Feature", "properties": { "river": "Itajai_Mirim", "reach": "R1", "rs": 73704.54 }, "geometry": { "type": "LineString", "coordinates": [ [ 687854.25, 6991364.650000000372529 ], [ 687680.810000000055879, 6990907.009999999776483 ] ] } },
{ "type": "Feature", "properties": { "river": "Itajai_Mirim", "reach": "R1", "rs": 73246.28 }, "geometry": { "type": "LineString", "coordinates": [ [ 688063.12, 6991154.299999999813735 ], [ 688206.35999999998603, 6990695.379999999888241 ] ] } },
{ "type": "Feature", "properties": { "river": "Itajai_Mirim", "reach": "R1", "rs": 72700.15 }, "geometry": { "type": "LineString", "coordinates": [ [ 688044.060000000055879, 6991471.740000000223517 ], [ 688507.64000000001397, 6991344.379999999888241 ] ] } },
{ "type": "Feature", "properties": { "river": "Itajai_Mirim", "reach": "R1", "rs": 71762.03 }, "geometry": { "type": "LineString", "coordinates": [ [ 689057.53000000002794, 6991401.759999999776483 ], [ 688565.17000000004191, 6991408.820000000298023 ] ] } },
{ "type": "Feature", "properties": { "river": "Itajai_Mirim", "reach": "R1", "rs": 70825.44 }, "geometry": { "type": "LineString", "coordinates": [ [ 689392.76, 6990724.139999999664724 ], [ 688906.479999999981374, 6990552.42 ] ] } },
{ "type": "Feature", "properties": { "river": "Itajai_Mirim", "reach": "R1", "rs": 69915.27 }, "geometry": { "type": "LineString", "coordinates": [ [ 689615.38, 6990502.019999999552965 ], [ 689924.57999999995809, 6989994.519999999552965 ] ] } },
{ "type": "Feature", "properties": { "river": "Itajai_Mirim", "reach": "R1", "rs": 69062.14 }, "geometry": { "type": "LineString", "coordinates": [ [ 690561.349999999976717, 6990686.269999999552965 ], [ 690516.790000000037253, 6990013.549999999813735 ] ] } },
{ "type": "Feature", "properties": { "river": "Itajai_Mirim", "reach": "R1", "rs": 68293.47 }, "geometry": { "type": "LineString", "coordinates": [ [ 690655.28000000002794, 6991193.570000000298023 ], [ 691119.680000000051223, 6990615.940000000409782 ] ] } },
{ "type": "Feature", "properties": { "river": "Itajai_Mirim", "reach": "R1", "rs": 67442.61 }, "geometry": { "type": "LineString", "coordinates": [ [ 691788.310000000055879, 6991343.089999999850988 ], [ 691714.689999999944121, 6990608.589999999850988 ] ] } },
{ "type": "Feature", "properties": { "river": "Itajai_Mirim", "reach": "R1", "rs": 66673.46 }, "geometry": { "type": "LineString", "coordinates": [ [ 692109.729999999981374, 6991447.259999999776483 ], [ 692617.74, 6990933.96 ] ] } },
{ "type": "Feature", "properties": { "river": "Itajai_Mirim", "reach": "R1", "rs": 65867.71 }, "geometry": { "type": "LineString", "coordinates": [ [ 692811.99, 6991804.990000000223517 ], [ 693217.050000000046566, 6991224.92 ] ] } },
{ "type": "Feature", "properties": { "river": "Itajai_Mirim", "reach": "R1", "rs": 65071.71 }, "geometry": { "type": "LineString", "coordinates": [ [ 693717.199999999953434, 6990988.299999999813735 ], [ 693034.270000000018626, 6991173.160000000149012 ] ] } },
{ "type": "Feature", "properties": { "river": "Itajai_Mirim", "reach": "R1", "rs": 64197.3 }, "geometry": { "type": "LineString", "coordinates": [ [ 694012.180000000051223, 6990561.440000000409782 ], [ 693328.75, 6990378.410000000149012 ] ] } },
{ "type": "Feature", "properties": { "river": "Itajai_Mirim", "reach": "R1", "rs": 63407.81 }, "geometry": { "type": "LineString", "coordinates": [ [ 694221.71999999997206, 6990848.490000000223517 ], [ 694098.14000000001397, 6990066.799999999813735 ] ] } },
{ "type": "Feature", "properties": { "river": "Itajai_Mirim", "reach": "R1", "rs": 62577.81 }, "geometry": { "type": "LineString", "coordinates": [ [ 694663.930000000051223, 6990336.879999999888241 ], [ 694654.150000000023283, 6989461.650000000372529 ] ] } },
{ "type": "Feature", "properties": { "river": "Itajai_Mirim", "reach": "R1", "rs": 61679.81 }, "geometry": { "type": "LineString", "coordinates": [ [ 695070.96999999997206, 6990053.46 ], [ 695843.99, 6989566.929999999701977 ] ] } },
{ "type": "Feature", "properties": { "river": "Itajai_Mirim", "reach": "R1", "rs": 60824.69 }, "geometry": { "type": "LineString", "coordinates": [ [ 694723.540000000037253, 6990555.620000000111759 ], [ 695591.10999999998603, 6990563.21 ] ] } },
{ "type": "Feature", "properties": { "river": "Itajai_Mirim", "reach": "R1", "rs": 59986.62 }, "geometry": { "type": "LineString", "coordinates": [ [ 695091.339999999967404, 6991580.179999999701977 ], [ 695668.589999999967404, 6991073.940000000409782 ] ] } },
{ "type": "Feature", "properties": { "river": "Itajai_Mirim", "reach": "R1", "rs": 59165.79 }, "geometry": { "type": "LineString", "coordinates": [ [ 695353.46999999997206, 6992088.519999999552965 ], [ 696062.910000000032596, 6992010.059999999590218 ] ] } },
{ "type": "Feature", "properties": { "river": "Itajai_Mirim", "reach": "R1", "rs": 58227.33 }, "geometry": { "type": "LineString", "coordinates": [ [ 696128.63, 6992895.71999999973923 ], [ 696038.53000000002794, 6992247.17 ] ] } },
{ "type": "Feature", "properties": { "river": "Itajai_Mirim", "reach": "R1", "rs": 57359.79 }, "geometry": { "type": "LineString", "coordinates": [ [ 696797.410000000032596, 6993011.450000000186265 ], [ 697088.800000000046566, 6992443.929999999701977 ] ] } },
{ "type": "Feature", "properties": { "river": "Itajai_Mirim", "reach": "R1", "rs": 56539.65 }, "geometry": { "type": "LineString", "coordinates": [ [ 696824.339999999967404, 6993044.879999999888241 ], [ 697039.089999999967404, 6993615.610000000335276 ] ] } },
{ "type": "Feature", "properties": { "river": "Itajai_Mirim", "reach": "R1", "rs": 55539.65 }, "geometry": { "type": "LineString", "coordinates": [ [ 696106.400000000023283, 6993826.070000000298023 ], [ 696565.060000000055879, 6994179.629999999888241 ] ] } },
{ "type": "Feature", "properties": { "river": "Itajai_Mirim", "reach": "R1", "rs": 54567.59 }, "geometry": { "type": "LineString", "coordinates": [ [ 696142.560000000055879, 6994978.83 ], [ 696558.89000000001397, 6994566.17 ] ] } },
{ "type": "Feature", "properties": { "river": "Itajai_Mirim", "reach": "R1", "rs": 54043.59 }, "geometry": { "type": "LineString", "coordinates": [ [ 696351.21999999997206, 6995275.71999999973923 ], [ 696933.5, 6995113.009999999776483 ] ] } },
{ "type": "Feature", "properties": { "river": "Itajai_Mirim", "reach": "R1", "rs": 53382.53 }, "geometry": { "type": "LineString", "coordinates": [ [ 696195.42000000004191, 6995415.929999999701977 ], [ 696539.060000000055879, 6995944.509999999776483 ] ] } },
{ "type": "Feature", "properties": { "river": "Itajai_Mirim", "reach": "R1", "rs": 52435.22 }, "geometry": { "type": "LineString", "coordinates": [ [ 696624.819999999948777, 6996392.71 ], [ 696865.800000000046566, 6995796.139999999664724 ] ] } },
{ "type": "Feature", "properties": { "river": "Itajai_Mirim", "reach": "R1", "rs": 51435.22 }, "geometry": { "type": "LineString", "coordinates": [ [ 697807.60999999998603, 6996425.110000000335276 ], [ 697599.38, 6995802.679999999701977 ] ] } },
{ "type": "Feature", "properties": { "river": "Itajai_Mirim", "reach": "R1", "rs": 50488.93 }, "geometry": { "type": "LineString", "coordinates": [ [ 698432.729999999981374, 6996152.009999999776483 ], [ 698583.680000000051223, 6995429.269999999552965 ] ] } },
{ "type": "Feature", "properties": { "river": "Itajai_Mirim", "reach": "R1", "rs": 49527.86 }, "geometry": { "type": "LineString", "coordinates": [ [ 699032.03000000002794, 6996217.33 ], [ 699695.199999999953434, 6995748.110000000335276 ] ] } },
{ "type": "Feature", "properties": { "river": "Itajai_Mirim", "reach": "R1", "rs": 48527.86 }, "geometry": { "type": "LineString", "coordinates": [ [ 700424.74, 6996562.83 ], [ 699767.599999999976717, 6995988.450000000186265 ] ] } },
{ "type": "Feature", "properties": { "river": "Itajai_Mirim", "reach": "R1", "rs": 47582.9 }, "geometry": { "type": "LineString", "coordinates": [ [ 700855.85999999998603, 6996409.940000000409782 ], [ 700865.26, 6995545.870000000111759 ] ] } },
{ "type": "Feature", "properties": { "river": "Itajai_Mirim", "reach": "R1", "rs": 46712.96 }, "geometry": { "type": "LineString", "coordinates": [ [ 700871.699999999953434, 6996797.519999999552965 ], [ 701637.160000000032596, 6996426.910000000149012 ] ] } },
{ "type": "Feature", "properties": { "river": "Itajai_Mirim", "reach": "R1", "rs": 45712.96 }, "geometry": { "type": "LineString", "coordinates": [ [ 701368.96999999997206, 6997683.860000000335276 ], [ 702117.020000000018626, 6997279.25 ] ] } },
{ "type": "Feature", "properties": { "river": "Itajai_Mirim", "reach": "R1", "rs": 44712.96 }, "geometry": { "type": "LineString", "coordinates": [ [ 702900.5, 6997714.370000000111759 ], [ 702276.82999999995809, 6997136.150000000372529 ] ] } },
{ "type": "Feature", "properties": { "river": "Itajai_Mirim", "reach": "R1", "rs": 43746.96 }, "geometry": { "type": "LineString", "coordinates": [ [ 702904.28000000002794, 6997218.879999999888241 ], [ 703370.78000000002794, 6996507.78000000026077 ] ] } },
{ "type": "Feature", "properties": { "river": "Itajai_Mirim", "reach": "R1", "rs": 42747.2 }, "geometry": { "type": "LineString", "coordinates": [ [ 703615.459999999962747, 6997975.349999999627471 ], [ 703987.439999999944121, 6997168.900000000372529 ] ] } },
{ "type": "Feature", "properties": { "river": "Itajai_Mirim", "reach": "R1", "rs": 41747.2 }, "geometry": { "type": "LineString", "coordinates": [ [ 703952.560000000055879, 6998373.320000000298023 ], [ 704842.189999999944121, 6998117.269999999552965 ] ] } },
{ "type": "Feature", "properties": { "river": "Itajai_Mirim", "reach": "R1", "rs": 40747.2 }, "geometry": { "type": "LineString", "coordinates": [ [ 704130.17000000004191, 6998826.42 ], [ 704838.17000000004191, 6999569.389999999664724 ] ] } },
{ "type": "Feature", "properties": { "river": "Itajai_Mirim", "reach": "R1", "rs": 39747.2 }, "geometry": { "type": "LineString", "coordinates": [ [ 703304.96999999997206, 6999716.509999999776483 ], [ 704423.099999999976717, 6999466.019999999552965 ] ] } },
{ "type": "Feature", "properties": { "river": "Itajai_Mirim", "reach": "R1", "rs": 38747.2 }, "geometry": { "type": "LineString", "coordinates": [ [ 704096.92000000004191, 7000651.46 ], [ 705066.589999999967404, 6999861.25 ] ] } },
{ "type": "Feature", "properties": { "river": "Itajai_Mirim", "reach": "R1", "rs": 37747.2 }, "geometry": { "type": "LineString", "coordinates": [ [ 705203.03000000002794, 7001576.299999999813735 ], [ 705247.199999999953434, 7000284.04 ] ] } },
{ "type": "Feature", "properties": { "river": "Itajai_Mirim", "reach": "R1", "rs": 36747.2 }, "geometry": { "type": "LineString", "coordinates": [ [ 706051.310000000055879, 7001111.53000000026077 ], [ 706109.87, 6999827.990000000223517 ] ] } },
{ "type": "Feature", "properties": { "river": "Itajai_Mirim", "reach": "R1", "rs": 35747.2 }, "geometry": { "type": "LineString", "coordinates": [ [ 706665.67000000004191, 7001357.509999999776483 ], [ 707402.01, 7000289.059999999590218 ] ] } },
{ "type": "Feature", "properties": { "river": "Itajai_Mirim", "reach": "R1", "rs": 34747.2 }, "geometry": { "type": "LineString", "coordinates": [ [ 706995.290000000037253, 7001503.980000000447035 ], [ 708270.290000000037253, 7001764.509999999776483 ] ] } },
{ "type": "Feature", "properties": { "river": "Itajai_Mirim", "reach": "R1", "rs": 33747.2 }, "geometry": { "type": "LineString", "coordinates": [ [ 706758.35999999998603, 7002659.83 ], [ 707984.050000000046566, 7002230.450000000186265 ] ] } },
{ "type": "Feature", "properties": { "river": "Itajai_Mirim", "reach": "R1", "rs": 32747.2 }, "geometry": { "type": "LineString", "coordinates": [ [ 707776.290000000037253, 7003683.440000000409782 ], [ 708183.300000000046566, 7002427.299999999813735 ] ] } },
{ "type": "Feature", "properties": { "river": "Itajai_Mirim", "reach": "R1", "rs": 31747.2 }, "geometry": { "type": "LineString", "coordinates": [ [ 708392.540000000037253, 7004133.559999999590218 ], [ 709181.92000000004191, 7003146.839999999850988 ] ] } },
{ "type": "Feature", "properties": { "river": "Itajai_Mirim", "reach": "R1", "rs": 30747.2 }, "geometry": { "type": "LineString", "coordinates": [ [ 708855.14000000001397, 7004637.490000000223517 ], [ 709944.87, 7004118.950000000186265 ] ] } },
{ "type": "Feature", "properties": { "river": "Itajai_Mirim", "reach": "R1", "rs": 29747.2 }, "geometry": { "type": "LineString", "coordinates": [ [ 709205.560000000055879, 7005439.629999999888241 ], [ 710296.13, 7005126.46 ] ] } },
{ "type": "Feature", "properties": { "river": "Itajai_Mirim", "reach": "R1", "rs": 28747.2 }, "geometry": { "type": "LineString", "coordinates": [ [ 709395.680000000051223, 7005985.740000000223517 ], [ 710500.089999999967404, 7006306.33 ] ] } },
{ "type": "Feature", "properties": { "river": "Itajai_Mirim", "reach": "R1", "rs": 27747.2 }, "geometry": { "type": "LineString", "coordinates": [ [ 710313.07999999995809, 7007580.480000000447035 ], [ 710566.60999999998603, 7006443.049999999813735 ] ] } },
{ "type": "Feature", "properties": { "river": "Itajai_Mirim", "reach": "R1", "rs": 26747.2 }, "geometry": { "type": "LineString", "coordinates": [ [ 710686.35999999998603, 7007834.78000000026077 ], [ 711587.099999999976717, 7007095.389999999664724 ] ] } },
{ "type": "Feature", "properties": { "river": "Itajai_Mirim", "reach": "R1", "rs": 25747.2 }, "geometry": { "type": "LineString", "coordinates": [ [ 711755.689999999944121, 7008747.67 ], [ 712099.790000000037253, 7007611.950000000186265 ] ] } },
{ "type": "Feature", "properties": { "river": "Itajai_Mirim", "reach": "R1", "rs": 24747.2 }, "geometry": { "type": "LineString", "coordinates": [ [ 712203.35999999998603, 7008901.629999999888241 ], [ 713167.339999999967404, 7008173.519999999552965 ] ] } },
{ "type": "Feature", "properties": { "river": "Itajai_Mirim", "reach": "R1", "rs": 23747.2 }, "geometry": { "type": "LineString", "coordinates": [ [ 712657.930000000051223, 7009453.240000000223517 ], [ 713846.62, 7009139.410000000149012 ] ] } },
{ "type": "Feature", "properties": { "river": "Itajai_Mirim", "reach": "R1", "rs": 22747.2 }, "geometry": { "type": "LineString", "coordinates": [ [ 714020.150000000023283, 7010530.71 ], [ 713886.729999999981374, 7009308.549999999813735 ] ] } },
{ "type": "Feature", "properties": { "river": "Itajai_Mirim", "reach": "R1", "rs": 21747.2 }, "geometry": { "type": "LineString", "coordinates": [ [ 714347.62, 7010630.230000000447035 ], [ 715197.229999999981374, 7009741.610000000335276 ] ] } },
{ "type": "Feature", "properties": { "river": "Itajai_Mirim", "reach": "R1", "rs": 20747.2 }, "geometry": { "type": "LineString", "coordinates": [ [ 714476.040000000037253, 7011439.299999999813735 ], [ 715523.10999999998603, 7010650.54 ] ] } },
{ "type": "Feature", "properties": { "river": "Itajai_Mirim", "reach": "R1", "rs": 19747.2 }, "geometry": { "type": "LineString", "coordinates": [ [ 715213.540000000037253, 7012124.67 ], [ 716314.540000000037253, 7011272.259999999776483 ] ] } },
{ "type": "Feature", "properties": { "river": "Itajai_Mirim", "reach": "R1", "rs": 18747.2 }, "geometry": { "type": "LineString", "coordinates": [ [ 715609.82999999995809, 7012954.480000000447035 ], [ 716861.959999999962747, 7012176.950000000186265 ] ] } },
{ "type": "Feature", "properties": { "river": "Itajai_Mirim", "reach": "R1", "rs": 17747.2 }, "geometry": { "type": "LineString", "coordinates": [ [ 716250.180000000051223, 7013869.870000000111759 ], [ 717350.74, 7012889.490000000223517 ] ] } },
{ "type": "Feature", "properties": { "river": "Itajai_Mirim", "reach": "R1", "rs": 16747.2 }, "geometry": { "type": "LineString", "coordinates": [ [ 716935.28000000002794, 7014646.679999999701977 ], [ 717969.550000000046566, 7013627.009999999776483 ] ] } },
{ "type": "Feature", "properties": { "river": "Itajai_Mirim", "reach": "R1", "rs": 15747.2 }, "geometry": { "type": "LineString", "coordinates": [ [ 717385.229999999981374, 7015334.200000000186265 ], [ 718606.42000000004191, 7014588.480000000447035 ] ] } },
{ "type": "Feature", "properties": { "river": "Itajai_Mirim", "reach": "R1", "rs": 14747.2 }, "geometry": { "type": "LineString", "coordinates": [ [ 718394.199999999953434, 7016187.230000000447035 ], [ 719135.14000000001397, 7014988.349999999627471 ] ] } },
{ "type": "Feature", "properties": { "river": "Itajai_Mirim", "reach": "R1", "rs": 13747.2 }, "geometry": { "type": "LineString", "coordinates": [ [ 718900.14000000001397, 7016790.46999999973923 ], [ 719941.28000000002794, 7015840.559999999590218 ] ] } },
{ "type": "Feature", "properties": { "river": "Itajai_Mirim", "reach": "R1", "rs": 12747.2 }, "geometry": { "type": "LineString", "coordinates": [ [ 720422.930000000051223, 7017469.980000000447035 ], [ 720129.35999999998603, 7016091.54 ] ] } },
{ "type": "Feature", "properties": { "river": "Itajai_Mirim", "reach": "R1", "rs": 11747.2 }, "geometry": { "type": "LineString", "coordinates": [ [ 720708.21999999997206, 7017633.660000000149012 ], [ 721505.459999999962747, 7016410.519999999552965 ] ] } },
{ "type": "Feature", "properties": { "river": "Itajai_Mirim", "reach": "R1", "rs": 10747.2 }, "geometry": { "type": "LineString", "coordinates": [ [ 721312.430000000051223, 7018095.740000000223517 ], [ 722426.589999999967404, 7017119.230000000447035 ] ] } },
{ "type": "Feature", "properties": { "river": "Itajai_Mirim", "reach": "R1", "rs": 9747.2 }, "geometry": { "type": "LineString", "coordinates": [ [ 721685.680000000051223, 7018582.21 ], [ 723143.020000000018626, 7018214.400000000372529 ] ] } },
{ "type": "Feature", "properties": { "river": "Itajai_Mirim", "reach": "R1", "rs": 8747.2 }, "geometry": { "type": "LineString", "coordinates": [ [ 722663.89000000001397, 7019809.480000000447035 ], [ 723368.069999999948777, 7018514.679999999701977 ] ] } },
{ "type": "Feature", "properties": { "river": "Itajai_Mirim", "reach": "R1", "rs": 7747.2 }, "geometry": { "type": "LineString", "coordinates": [ [ 723526.339999999967404, 7020185.83 ], [ 724323.37, 7018946.019999999552965 ] ] } },
{ "type": "Feature", "properties": { "river": "Itajai_Mirim", "reach": "R1", "rs": 6747.2 }, "geometry": { "type": "LineString", "coordinates": [ [ 724358.39000000001397, 7020736.910000000149012 ], [ 725155.430000000051223, 7019497.110000000335276 ] ] } },
{ "type": "Feature", "properties": { "river": "Itajai_Mirim", "reach": "R1", "rs": 5747.2 }, "geometry": { "type": "LineString", "coordinates": [ [ 725165.569999999948777, 7021283.78000000026077 ], [ 726000.63, 7020069.269999999552965 ] ] } },
{ "type": "Feature", "properties": { "river": "Itajai_Mirim", "reach": "R1", "rs": 4747.2 }, "geometry": { "type": "LineString", "coordinates": [ [ 725984.10999999998603, 7021814.28000000026077 ], [ 726856.42000000004191, 7020626.230000000447035 ] ] } },
{ "type": "Feature", "properties": { "river": "Itajai_Mirim", "reach": "R1", "rs": 3747.2 }, "geometry": { "type": "LineString", "coordinates": [ [ 726888.410000000032596, 7022381.33 ], [ 727646.729999999981374, 7021117.480000000447035 ] ] } },
{ "type": "Feature", "properties": { "river": "Itajai_Mirim", "reach": "R1", "rs": 2747.2 }, "geometry": { "type": "LineString", "coordinates": [ [ 727545.92000000004191, 7023105.83 ], [ 728659.349999999976717, 7021486.480000000447035 ] ] } },
{ "type": "Feature", "properties": { "river": "Itajai_Mirim", "reach": "R1", "rs": 1747.2 }, "geometry": { "type": "LineString", "coordinates": [ [ 727955.849999999976717, 7024483.519999999552965 ], [ 729967.150000000023283, 7021131.349999999627471 ] ] } },
{ "type": "Feature", "properties": { "river": "Itajai_Mirim", "reach": "R1", "rs": 747.2 }, "geometry": { "type": "LineString", "coordinates": [ [ 727830.10999999998603, 7025542.870000000111759 ], [ 731749.699999999953434, 7021195.67 ] ] } },
{ "type": "Feature", "properties": { "river": "Itajai_Mirim", "reach": "R1", "rs": 75.0 }, "geometry": { "type": "LineString", "coordinates": [ [ 727690.400000000023283, 7026420.96 ], [ 732856.57999999995809, 7021254.78000000026077 ] ] } },
{ "type": "Feature", "properties": { "river": "Rio_Benedito", "reach": "R1", "rs": 31768.4 }, "geometry": { "type": "LineString", "coordinates": [ [ 656147.410000000032596, 7036475.5 ], [ 656287.63, 7035648.929999999701977 ] ] } },
{ "type": "Feature", "properties": { "river": "Rio_Benedito", "reach": "R1", "rs": 31618.4 }, "geometry": { "type": "LineString", "coordinates": [ [ 656268.069999999948777, 7036576.71999999973923 ], [ 656447.92000000004191, 7035707.03000000026077 ] ] } },
{ "type": "Feature", "properties": { "river": "Rio_Benedito", "reach": "R1", "rs": 31468.4 }, "geometry": { "type": "LineString", "coordinates": [ [ 656405.150000000023283, 7036704.589999999850988 ], [ 656580.430000000051223, 7035720.349999999627471 ] ] } },
{ "type": "Feature", "properties": { "river": "Rio_Benedito", "reach": "R1", "rs": 31318.4 }, "geometry": { "type": "LineString", "coordinates": [ [ 656509.14000000001397, 7036815.410000000149012 ], [ 656758.770000000018626, 7035732.269999999552965 ] ] } },
{ "type": "Feature", "properties": { "river": "Rio_Benedito", "reach": "R1", "rs": 31168.4 }, "geometry": { "type": "LineString", "coordinates": [ [ 656567.550000000046566, 7036878.58 ], [ 656978.540000000037253, 7035800.759999999776483 ] ] } },
{ "type": "Feature", "properties": { "river": "Rio_Benedito", "reach": "R1", "rs": 31018.4 }, "geometry": { "type": "LineString", "coordinates": [ [ 656712.0, 7036851.54 ], [ 657126.38, 7035904.799999999813735 ] ] } },
{ "type": "Feature", "properties": { "river": "Rio_Benedito", "reach": "R1", "rs": 30868.4 }, "geometry": { "type": "LineString", "coordinates": [ [ 656921.979999999981374, 7036836.299999999813735 ], [ 657189.589999999967404, 7036003.440000000409782 ] ] } },
{ "type": "Feature", "properties": { "river": "Rio_Benedito", "reach": "R1", "rs": 30718.4 }, "geometry": { "type": "LineString", "coordinates": [ [ 657099.89000000001397, 7036783.240000000223517 ], [ 657299.35999999998603, 7036113.950000000186265 ] ] } },
{ "type": "Feature", "properties": { "river": "Rio_Benedito", "reach": "R1", "rs": 30568.4 }, "geometry": { "type": "LineString", "coordinates": [ [ 657194.57999999995809, 7036786.339999999850988 ], [ 657487.040000000037253, 7036237.46999999973923 ] ] } },
{ "type": "Feature", "properties": { "river": "Rio_Benedito", "reach": "R1", "rs": 30418.4 }, "geometry": { "type": "LineString", "coordinates": [ [ 657229.60999999998603, 7036811.349999999627471 ], [ 657658.74, 7036443.690000000409782 ] ] } },
{ "type": "Feature", "properties": { "river": "Rio_Benedito", "reach": "R1", "rs": 30268.4 }, "geometry": { "type": "LineString", "coordinates": [ [ 657246.349999999976717, 7036876.980000000447035 ], [ 657747.709999999962747, 7036659.490000000223517 ] ] } },
{ "type": "Feature", "properties": { "river": "Rio_Benedito", "reach": "R1", "rs": 30118.4 }, "geometry": { "type": "LineString", "coordinates": [ [ 657269.25, 7037016.620000000111759 ], [ 657766.770000000018626, 7036820.71999999973923 ] ] } },
{ "type": "Feature", "properties": { "river": "Rio_Benedito", "reach": "R1", "rs": 29968.4 }, "geometry": { "type": "LineString", "coordinates": [ [ 657344.51, 7037227.240000000223517 ], [ 657783.10999999998603, 7036908.110000000335276 ] ] } },
{ "type": "Feature", "properties": { "river": "Rio_Benedito", "reach": "R1", "rs": 29818.4 }, "geometry": { "type": "LineString", "coordinates": [ [ 657520.89000000001397, 7037452.940000000409782 ], [ 657809.12, 7036944.139999999664724 ] ] } },
{ "type": "Feature", "properties": { "river": "Rio_Benedito", "reach": "R1", "rs": 29668.4 }, "geometry": { "type": "LineString", "coordinates": [ [ 657711.310000000055879, 7037569.04 ], [ 657908.939999999944121, 7036944.53000000026077 ] ] } },
{ "type": "Feature", "properties": { "river": "Rio_Benedito", "reach": "R1", "rs": 29518.4 }, "geometry": { "type": "LineString", "coordinates": [ [ 657845.37, 7037663.04 ], [ 658050.209999999962747, 7036959.940000000409782 ] ] } },
{ "type": "Feature", "properties": { "river": "Rio_Benedito", "reach": "R1", "rs": 29368.4 }, "geometry": { "type": "LineString", "coordinates": [ [ 657931.21999999997206, 7037776.049999999813735 ], [ 658188.35999999998603, 7037044.980000000447035 ] ] } },
{ "type": "Feature", "properties": { "river": "Rio_Benedito", "reach": "R1", "rs": 29218.4 }, "geometry": { "type": "LineString", "coordinates": [ [ 658132.459999999962747, 7037874.429999999701977 ], [ 658292.770000000018626, 7037108.089999999850988 ] ] } },
{ "type": "Feature", "properties": { "river": "Rio_Benedito", "reach": "R1", "rs": 29068.4 }, "geometry": { "type": "LineString", "coordinates": [ [ 658512.400000000023283, 7037887.71999999973923 ], [ 658348.21999999997206, 7037122.190000000409782 ] ] } },
{ "type": "Feature", "properties": { "river": "Rio_Benedito", "reach": "R1", "rs": 28918.4 }, "geometry": { "type": "LineString", "coordinates": [ [ 658856.060000000055879, 7037678.96 ], [ 658388.410000000032596, 7037101.429999999701977 ] ] } },
{ "type": "Feature", "properties": { "river": "Rio_Benedito", "reach": "R1", "rs": 28768.4 }, "geometry": { "type": "LineString", "coordinates": [ [ 659000.37, 7037423.75 ], [ 658424.069999999948777, 7037020.570000000298023 ] ] } },
{ "type": "Feature", "properties": { "river": "Rio_Benedito", "reach": "R1", "rs": 28618.4 }, "geometry": { "type": "LineString", "coordinates": [ [ 659029.589999999967404, 7037253.58 ], [ 658435.270000000018626, 7036857.690000000409782 ] ] } },
{ "type": "Feature", "properties": { "river": "Rio_Benedito", "reach": "R1", "rs": 28468.4 }, "geometry": { "type": "LineString", "coordinates": [ [ 659024.699999999953434, 7037129.33 ], [ 658491.63, 7036665.200000000186265 ] ] } },
{ "type": "Feature", "properties": { "river": "Rio_Benedito", "reach": "R1", "rs": 28318.4 }, "geometry": { "type": "LineString", "coordinates": [ [ 659049.13, 7037004.990000000223517 ], [ 658595.310000000055879, 7036483.04 ] ] } },
{ "type": "Feature", "properties": { "river": "Rio_Benedito", "reach": "R1", "rs": 28168.4 }, "geometry": { "type": "LineString", "coordinates": [ [ 659097.650000000023283, 7036845.230000000447035 ], [ 658719.209999999962747, 7036368.480000000447035 ] ] } },
{ "type": "Feature", "properties": { "river": "Rio_Benedito", "reach": "R1", "rs": 28018.4 }, "geometry": { "type": "LineString", "coordinates": [ [ 659179.339999999967404, 7036764.820000000298023 ], [ 658929.550000000046566, 7036271.799999999813735 ] ] } },
{ "type": "Feature", "properties": { "river": "Rio_Benedito", "reach": "R1", "rs": 27868.4 }, "geometry": { "type": "LineString", "coordinates": [ [ 659218.300000000046566, 7036709.33 ], [ 659244.209999999962747, 7036205.46999999973923 ] ] } },
{ "type": "Feature", "properties": { "river": "Rio_Benedito", "reach": "R1", "rs": 27718.4 }, "geometry": { "type": "LineString", "coordinates": [ [ 659243.810000000055879, 7036740.570000000298023 ], [ 659526.819999999948777, 7036360.839999999850988 ] ] } },
{ "type": "Feature", "properties": { "river": "Rio_Benedito", "reach": "R1", "rs": 27568.4 }, "geometry": { "type": "LineString", "coordinates": [ [ 659277.099999999976717, 7036841.440000000409782 ], [ 659649.75, 7036549.17 ] ] } },
{ "type": "Feature", "properties": { "river": "Rio_Benedito", "reach": "R1", "rs": 27418.4 }, "geometry": { "type": "LineString", "coordinates": [ [ 659351.689999999944121, 7037020.759999999776483 ], [ 659690.75, 7036636.28000000026077 ] ] } },
{ "type": "Feature", "properties": { "river": "Rio_Benedito", "reach": "R1", "rs": 27268.4 }, "geometry": { "type": "LineString", "coordinates": [ [ 659531.62, 7037172.370000000111759 ], [ 659729.67000000004191, 7036657.480000000447035 ] ] } },
{ "type": "Feature", "properties": { "river": "Rio_Benedito", "reach": "R1", "rs": 27118.4 }, "geometry": { "type": "LineString", "coordinates": [ [ 659719.42000000004191, 7037268.940000000409782 ], [ 659818.040000000037253, 7036653.700000000186265 ] ] } },
{ "type": "Feature", "properties": { "river": "Rio_Benedito", "reach": "R1", "rs": 26968.4 }, "geometry": { "type": "LineString", "coordinates": [ [ 659851.410000000032596, 7037346.730000000447035 ], [ 659983.699999999953434, 7036586.849999999627471 ] ] } },
{ "type": "Feature", "properties": { "river": "Rio_Benedito", "reach": "R1", "rs": 26818.4 }, "geometry": { "type": "LineString", "coordinates": [ [ 659932.290000000037253, 7037476.53000000026077 ], [ 660178.439999999944121, 7036566.519999999552965 ] ] } },
{ "type": "Feature", "properties": { "river": "Rio_Benedito", "reach": "R1", "rs": 26668.4 }, "geometry": { "type": "LineString", "coordinates": [ [ 660053.32999999995809, 7037616.839999999850988 ], [ 660321.88, 7036568.799999999813735 ] ] } },
{ "type": "Feature", "properties": { "river": "Rio_Benedito", "reach": "R1", "rs": 26518.4 }, "geometry": { "type": "LineString", "coordinates": [ [ 660318.96999999997206, 7037687.46 ], [ 660365.900000000023283, 7036582.990000000223517 ] ] } },
{ "type": "Feature", "properties": { "river": "Rio_Benedito", "reach": "R1", "rs": 26368.4 }, "geometry": { "type": "LineString", "coordinates": [ [ 660589.160000000032596, 7037646.980000000447035 ], [ 660406.910000000032596, 7036566.96 ] ] } },
{ "type": "Feature", "properties": { "river": "Rio_Benedito", "reach": "R1", "rs": 26218.4 }, "geometry": { "type": "LineString", "coordinates": [ [ 660784.38, 7037568.309999999590218 ], [ 660496.729999999981374, 7036522.190000000409782 ] ] } },
{ "type": "Feature", "properties": { "river": "Rio_Benedito", "reach": "R1", "rs": 26068.4 }, "geometry": { "type": "LineString", "coordinates": [ [ 660949.479999999981374, 7037519.570000000298023 ], [ 660616.78000000002794, 7036472.549999999813735 ] ] } },
{ "type": "Feature", "properties": { "river": "Rio_Benedito", "reach": "R1", "rs": 25918.4 }, "geometry": { "type": "LineString", "coordinates": [ [ 661148.62, 7037443.389999999664724 ], [ 660696.21999999997206, 7036440.610000000335276 ] ] } },
{ "type": "Feature", "properties": { "river": "Rio_Benedito", "reach": "R1", "rs": 25768.4 }, "geometry": { "type": "LineString", "coordinates": [ [ 661307.300000000046566, 7037237.92 ], [ 660731.42000000004191, 7036400.79 ] ] } },
{ "type": "Feature", "properties": { "river": "Rio_Benedito", "reach": "R1", "rs": 25618.4 }, "geometry": { "type": "LineString", "coordinates": [ [ 661382.42000000004191, 7037011.570000000298023 ], [ 660796.060000000055879, 7036353.389999999664724 ] ] } },
{ "type": "Feature", "properties": { "river": "Rio_Benedito", "reach": "R1", "rs": 25468.4 }, "geometry": { "type": "LineString", "coordinates": [ [ 661409.349999999976717, 7036841.860000000335276 ], [ 660942.71999999997206, 7036238.28000000026077 ] ] } },
{ "type": "Feature", "properties": { "river": "Rio_Benedito", "reach": "R1", "rs": 25318.4 }, "geometry": { "type": "LineString", "coordinates": [ [ 661473.410000000032596, 7036752.79 ], [ 661158.76, 7036101.96999999973923 ] ] } },
{ "type": "Feature", "properties": { "river": "Rio_Benedito", "reach": "R1", "rs": 25168.4 }, "geometry": { "type": "LineString", "coordinates": [ [ 661541.5, 7036723.28000000026077 ], [ 661483.660000000032596, 7036060.849999999627471 ] ] } },
{ "type": "Feature", "properties": { "river": "Rio_Benedito", "reach": "R1", "rs": 25018.4 }, "geometry": { "type": "LineString", "coordinates": [ [ 661594.439999999944121, 7036720.0 ], [ 661803.550000000046566, 7036190.440000000409782 ] ] } },
{ "type": "Feature", "properties": { "river": "Rio_Benedito", "reach": "R1", "rs": 24868.4 }, "geometry": { "type": "LineString", "coordinates": [ [ 661629.410000000032596, 7036745.410000000149012 ], [ 662001.209999999962747, 7036440.700000000186265 ] ] } },
{ "type": "Feature", "properties": { "river": "Rio_Benedito", "reach": "R1", "rs": 24718.4 }, "geometry": { "type": "LineString", "coordinates": [ [ 661642.87, 7036800.009999999776483 ], [ 662061.709999999962747, 7036699.79 ] ] } },
{ "type": "Feature", "properties": { "river": "Rio_Benedito", "reach": "R1", "rs": 24568.4 }, "geometry": { "type": "LineString", "coordinates": [ [ 661630.449999999953434, 7036909.17 ], [ 662062.770000000018626, 7036892.190000000409782 ] ] } },
{ "type": "Feature", "properties": { "river": "Rio_Benedito", "reach": "R1", "rs": 24418.4 }, "geometry": { "type": "LineString", "coordinates": [ [ 661595.560000000055879, 7037080.440000000409782 ], [ 662022.67000000004191, 7037017.059999999590218 ] ] } },
{ "type": "Feature", "properties": { "river": "Rio_Benedito", "reach": "R1", "rs": 24268.4 }, "geometry": { "type": "LineString", "coordinates": [ [ 661631.939999999944121, 7037326.009999999776483 ], [ 662024.979999999981374, 7037087.75 ] ] } },
{ "type": "Feature", "properties": { "river": "Rio_Benedito", "reach": "R1", "rs": 24118.4 }, "geometry": { "type": "LineString", "coordinates": [ [ 661794.199999999953434, 7037576.67 ], [ 662057.53000000002794, 7037129.240000000223517 ] ] } },
{ "type": "Feature", "properties": { "river": "Rio_Benedito", "reach": "R1", "rs": 23968.4 }, "geometry": { "type": "LineString", "coordinates": [ [ 662055.35999999998603, 7037724.089999999850988 ], [ 662130.520000000018626, 7037147.379999999888241 ] ] } },
{ "type": "Feature", "properties": { "river": "Rio_Benedito", "reach": "R1", "rs": 23818.4 }, "geometry": { "type": "LineString", "coordinates": [ [ 662424.199999999953434, 7037734.429999999701977 ], [ 662190.939999999944121, 7037158.879999999888241 ] ] } },
{ "type": "Feature", "properties": { "river": "Rio_Benedito", "reach": "R1", "rs": 23668.4 }, "geometry": { "type": "LineString", "coordinates": [ [ 662745.520000000018626, 7037500.17 ], [ 662230.85999999998603, 7037152.610000000335276 ] ] } },
{ "type": "Feature", "properties": { "river": "Rio_Benedito", "reach": "R1", "rs": 23518.4 }, "geometry": { "type": "LineString", "coordinates": [ [ 662817.550000000046566, 7037190.610000000335276 ], [ 662208.300000000046566, 7037070.28000000026077 ] ] } },
{ "type": "Feature", "properties": { "river": "Rio_Benedito", "reach": "R1", "rs": 23311.87 }, "geometry": { "type": "LineString", "coordinates": [ [ 662821.87, 7036975.54 ], [ 662181.650000000023283, 7036865.5 ] ] } },
{ "type": "Feature", "properties": { "river": "Rio_Benedito", "reach": "R1", "rs": 22933.31 }, "geometry": { "type": "LineString", "coordinates": [ [ 662970.689999999944121, 7036622.679999999701977 ], [ 662195.85999999998603, 7036490.940000000409782 ] ] } },
{ "type": "Feature", "properties": { "river": "Rio_Benedito", "reach": "R1", "rs": 22278.33 }, "geometry": { "type": "LineString", "coordinates": [ [ 663046.439999999944121, 7036188.78000000026077 ], [ 662195.959999999962747, 7035680.5 ] ] } },
{ "type": "Feature", "properties": { "river": "Rio_Benedito", "reach": "R1", "rs": 21558.4 }, "geometry": { "type": "LineString", "coordinates": [ [ 663429.42000000004191, 7035260.769999999552965 ], [ 662262.64000000001397, 7035305.150000000372529 ] ] } },
{ "type": "Feature", "properties": { "river": "Rio_Benedito", "reach": "R1", "rs": 20724.42 }, "geometry": { "type": "LineString", "coordinates": [ [ 663610.900000000023283, 7034699.360000000335276 ], [ 662447.160000000032596, 7034278.0 ] ] } },
{ "type": "Feature", "properties": { "river": "Rio_Benedito", "reach": "R1", "rs": 19767.3 }, "geometry": { "type": "LineString", "coordinates": [ [ 664077.28000000002794, 7034091.0 ], [ 663082.729999999981374, 7033349.33 ] ] } },
{ "type": "Feature", "properties": { "river": "Rio_Benedito", "reach": "R1", "rs": 19617.3 }, "geometry": { "type": "LineString", "coordinates": [ [ 664152.430000000051223, 7033976.71 ], [ 663170.26, 7033211.96999999973923 ] ] } },
{ "type": "Feature", "properties": { "river": "Rio_Benedito", "reach": "R1", "rs": 19467.3 }, "geometry": { "type": "LineString", "coordinates": [ [ 664227.599999999976717, 7033883.099999999627471 ], [ 663279.099999999976717, 7033069.059999999590218 ] ] } },
{ "type": "Feature", "properties": { "river": "Rio_Benedito", "reach": "R1", "rs": 19317.3 }, "geometry": { "type": "LineString", "coordinates": [ [ 664324.020000000018626, 7033791.929999999701977 ], [ 663394.819999999948777, 7032948.089999999850988 ] ] } },
{ "type": "Feature", "properties": { "river": "Rio_Benedito", "reach": "R1", "rs": 19167.3 }, "geometry": { "type": "LineString", "coordinates": [ [ 664451.17000000004191, 7033662.650000000372529 ], [ 663477.60999999998603, 7032863.29 ] ] } },
{ "type": "Feature", "properties": { "river": "Rio_Benedito", "reach": "R1", "rs": 19017.3 }, "geometry": { "type": "LineString", "coordinates": [ [ 664568.85999999998603, 7033505.740000000223517 ], [ 663536.75, 7032778.58 ] ] } },
{ "type": "Feature", "properties": { "river": "Rio_Benedito", "reach": "R1", "rs": 18867.3 }, "geometry": { "type": "LineString", "coordinates": [ [ 664667.430000000051223, 7033346.28000000026077 ], [ 663592.520000000018626, 7032680.79 ] ] } },
{ "type": "Feature", "properties": { "river": "Rio_Benedito", "reach": "R1", "rs": 18717.3 }, "geometry": { "type": "LineString", "coordinates": [ [ 664743.150000000023283, 7033221.0 ], [ 663671.160000000032596, 7032548.83 ] ] } },
{ "type": "Feature", "properties": { "river": "Rio_Benedito", "reach": "R1", "rs": 18567.3 }, "geometry": { "type": "LineString", "coordinates": [ [ 664756.400000000023283, 7033059.769999999552965 ], [ 663751.709999999962747, 7032413.889999999664724 ] ] } },
{ "type": "Feature", "properties": { "river": "Rio_Benedito", "reach": "R1", "rs": 18417.3 }, "geometry": { "type": "LineString", "coordinates": [ [ 664745.689999999944121, 7032875.309999999590218 ], [ 663866.35999999998603, 7032310.019999999552965 ] ] } },
{ "type": "Feature", "properties": { "river": "Rio_Benedito", "reach": "R1", "rs": 18267.3 }, "geometry": { "type": "LineString", "coordinates": [ [ 664723.209999999962747, 7032680.240000000223517 ], [ 664006.540000000037253, 7032225.809999999590218 ] ] } },
{ "type": "Feature", "properties": { "river": "Rio_Benedito", "reach": "R1", "rs": 18117.3 }, "geometry": { "type": "LineString", "coordinates": [ [ 664752.810000000055879, 7032536.54 ], [ 664195.51, 7032145.660000000149012 ] ] } },
{ "type": "Feature", "properties": { "river": "Rio_Benedito", "reach": "R1", "rs": 17967.3 }, "geometry": { "type": "LineString", "coordinates": [ [ 664787.07999999995809, 7032460.929999999701977 ], [ 664403.099999999976717, 7032012.21999999973923 ] ] } },
{ "type": "Feature", "properties": { "river": "Rio_Benedito", "reach": "R1", "rs": 17817.3 }, "geometry": { "type": "LineString", "coordinates": [ [ 664816.550000000046566, 7032430.67 ], [ 664648.75, 7031931.839999999850988 ] ] } },
{ "type": "Feature", "properties": { "river": "Rio_Benedito", "reach": "R1", "rs": 17667.3 }, "geometry": { "type": "LineString", "coordinates": [ [ 664876.560000000055879, 7032449.570000000298023 ], [ 664875.0, 7031944.809999999590218 ] ] } },
{ "type": "Feature", "properties": { "river": "Rio_Benedito", "reach": "R1", "rs": 17517.3 }, "geometry": { "type": "LineString", "coordinates": [ [ 665015.680000000051223, 7032478.889999999664724 ], [ 665028.24, 7031995.839999999850988 ] ] } },
{ "type": "Feature", "properties": { "river": "Rio_Benedito", "reach": "R1", "rs": 17367.3 }, "geometry": { "type": "LineString", "coordinates": [ [ 665244.910000000032596, 7032475.839999999850988 ], [ 665116.819999999948777, 7032003.83 ] ] } },
{ "type": "Feature", "properties": { "river": "Rio_Benedito", "reach": "R1", "rs": 17217.3 }, "geometry": { "type": "LineString", "coordinates": [ [ 665519.069999999948777, 7032365.730000000447035 ], [ 665157.939999999944121, 7031990.809999999590218 ] ] } },
{ "type": "Feature", "properties": { "river": "Rio_Benedito", "reach": "R1", "rs": 16894.88 }, "geometry": { "type": "LineString", "coordinates": [ [ 665731.01, 7031837.29 ], [ 665153.550000000046566, 7031852.070000000298023 ] ] } },
{ "type": "Feature", "properties": { "river": "Rio_Benedito", "reach": "R1", "rs": 16217.2 }, "geometry": { "type": "LineString", "coordinates": [ [ 665747.979999999981374, 7031569.54 ], [ 665339.599999999976717, 7031038.980000000447035 ] ] } },
{ "type": "Feature", "properties": { "river": "Rio_Benedito", "reach": "R1", "rs": 15268.82 }, "geometry": { "type": "LineString", "coordinates": [ [ 666212.71999999997206, 7031558.769999999552965 ], [ 666505.209999999962747, 7030799.900000000372529 ] ] } },
{ "type": "Feature", "properties": { "river": "Rio_Benedito", "reach": "R1", "rs": 14268.82 }, "geometry": { "type": "LineString", "coordinates": [ [ 667044.87, 7032264.83 ], [ 667102.12, 7031335.160000000149012 ] ] } },
{ "type": "Feature", "properties": { "river": "Rio_Benedito", "reach": "R1", "rs": 13268.82 }, "geometry": { "type": "LineString", "coordinates": [ [ 667777.449999999953434, 7032125.559999999590218 ], [ 668001.75, 7031109.490000000223517 ] ] } },
{ "type": "Feature", "properties": { "river": "Rio_Benedito", "reach": "R1", "rs": 12268.82 }, "geometry": { "type": "LineString", "coordinates": [ [ 668794.76, 7031976.480000000447035 ], [ 668913.800000000046566, 7030870.240000000223517 ] ] } },
{ "type": "Feature", "properties": { "river": "Rio_Benedito", "reach": "R1", "rs": 11268.82 }, "geometry": { "type": "LineString", "coordinates": [ [ 669695.099999999976717, 7032387.259999999776483 ], [ 669798.99, 7031245.980000000447035 ] ] } },
{ "type": "Feature", "properties": { "river": "Rio_Benedito", "reach": "R1", "rs": 10268.82 }, "geometry": { "type": "LineString", "coordinates": [ [ 670929.599999999976717, 7032237.75 ], [ 670380.85999999998603, 7031264.799999999813735 ] ] } },
{ "type": "Feature", "properties": { "river": "Rio_Benedito", "reach": "R1", "rs": 9489.09 }, "geometry": { "type": "LineString", "coordinates": [ [ 671662.25, 7031972.269999999552965 ], [ 671126.599999999976717, 7031072.019999999552965 ] ] } },
{ "type": "Feature", "properties": { "river": "Rio_Benedito", "reach": "R2", "rs": 8944.5 }, "geometry": { "type": "LineString", "coordinates": [ [ 672127.37, 7031538.96 ], [ 671469.660000000032596, 7030763.46999999973923 ] ] } },
{ "type": "Feature", "properties": { "river": "Rio_Benedito", "reach": "R2", "rs": 8031.67 }, "geometry": { "type": "LineString", "coordinates": [ [ 672319.729999999981374, 7030237.059999999590218 ], [ 671391.209999999962747, 7030651.599999999627471 ] ] } },
{ "type": "Feature", "properties": { "river": "Rio_Benedito", "reach": "R2", "rs": 7031.67 }, "geometry": { "type": "LineString", "coordinates": [ [ 672079.87, 7029238.519999999552965 ], [ 671202.790000000037253, 7029753.019999999552965 ] ] } },
{ "type": "Feature", "properties": { "river": "Rio_Benedito", "reach": "R2", "rs": 6031.67 }, "geometry": { "type": "LineString", "coordinates": [ [ 672455.189999999944121, 7029259.96 ], [ 671751.82999999995809, 7028514.54 ] ] } },
{ "type": "Feature", "properties": { "river": "Rio_Benedito", "reach": "R2", "rs": 5031.67 }, "geometry": { "type": "LineString", "coordinates": [ [ 672816.680000000051223, 7028764.429999999701977 ], [ 672642.0, 7027737.570000000298023 ] ] } },
{ "type": "Feature", "properties": { "river": "Rio_Benedito", "reach": "R2", "rs": 4031.67 }, "geometry": { "type": "LineString", "coordinates": [ [ 673744.42000000004191, 7027678.940000000409782 ], [ 672668.13, 7027321.990000000223517 ] ] } },
{ "type": "Feature", "properties": { "river": "Rio_Benedito", "reach": "R2", "rs": 3031.67 }, "geometry": { "type": "LineString", "coordinates": [ [ 673999.430000000051223, 7026835.900000000372529 ], [ 672932.930000000051223, 7026247.139999999664724 ] ] } },
{ "type": "Feature", "properties": { "river": "Rio_Benedito", "reach": "R2", "rs": 2031.67 }, "geometry": { "type": "LineString", "coordinates": [ [ 674660.729999999981374, 7026589.240000000223517 ], [ 673953.660000000032596, 7025505.700000000186265 ] ] } },
{ "type": "Feature", "properties": { "river": "Rio_Benedito", "reach": "R2", "rs": 1031.67 }, "geometry": { "type": "LineString", "coordinates": [ [ 675520.78000000002794, 7025365.509999999776483 ], [ 674207.430000000051223, 7025245.96 ] ] } },
{ "type": "Feature", "properties": { "river": "Rio_Benedito", "reach": "R2", "rs": 133.67 }, "geometry": { "type": "LineString", "coordinates": [ [ 675630.21999999997206, 7025047.309999999590218 ], [ 674775.550000000046566, 7024007.629999999888241 ] ] } },
{ "type": "Feature", "properties": { "river": "Rio_Benedito", "reach": "R2", "rs": 75.0 }, "geometry": { "type": "LineString", "coordinates": [ [ 675664.42000000004191, 7025043.509999999776483 ], [ 674838.979999999981374, 7023946.349999999627471 ] ] } },
{ "type": "Feature", "properties": { "river": "Rio_dos_Cedros", "reach": "R1", "rs": 22427.92 }, "geometry": { "type": "LineString", "coordinates": [ [ 668245.459999999962747, 7048145.139999999664724 ], [ 667478.37, 7047750.099999999627471 ] ] } },
{ "type": "Feature", "properties": { "river": "Rio_dos_Cedros", "reach": "R1", "rs": 22277.92 }, "geometry": { "type": "LineString", "coordinates": [ [ 668332.319999999948777, 7047871.769999999552965 ], [ 667486.599999999976717, 7047700.75 ] ] } },
{ "type": "Feature", "properties": { "river": "Rio_dos_Cedros", "reach": "R1", "rs": 22127.92 }, "geometry": { "type": "LineString", "coordinates": [ [ 668341.209999999962747, 7047676.53000000026077 ], [ 667477.550000000046566, 7047583.269999999552965 ] ] } },
{ "type": "Feature", "properties": { "river": "Rio_dos_Cedros", "reach": "R1", "rs": 21977.92 }, "geometry": { "type": "LineString", "coordinates": [ [ 668340.74, 7047558.860000000335276 ], [ 667439.82999999995809, 7047402.29 ] ] } },
{ "type": "Feature", "properties": { "river": "Rio_dos_Cedros", "reach": "R1", "rs": 21827.92 }, "geometry": { "type": "LineString", "coordinates": [ [ 668370.89000000001397, 7047471.759999999776483 ], [ 667450.01, 7047200.04 ] ] } },
{ "type": "Feature", "properties": { "river": "Rio_dos_Cedros", "reach": "R1", "rs": 21677.92 }, "geometry": { "type": "LineString", "coordinates": [ [ 668412.709999999962747, 7047373.070000000298023 ], [ 667481.37, 7047008.900000000372529 ] ] } },
{ "type": "Feature", "properties": { "river": "Rio_dos_Cedros", "reach": "R1", "rs": 21527.92 }, "geometry": { "type": "LineString", "coordinates": [ [ 668462.939999999944121, 7047208.240000000223517 ], [ 667529.38, 7046890.71 ] ] } },
{ "type": "Feature", "properties": { "river": "Rio_dos_Cedros", "reach": "R1", "rs": 21377.92 }, "geometry": { "type": "LineString", "coordinates": [ [ 668499.28000000002794, 7047057.620000000111759 ], [ 667575.75, 7046753.990000000223517 ] ] } },
{ "type": "Feature", "properties": { "river": "Rio_dos_Cedros", "reach": "R1", "rs": 21227.92 }, "geometry": { "type": "LineString", "coordinates": [ [ 668507.959999999962747, 7046932.509999999776483 ], [ 667617.199999999953434, 7046579.309999999590218 ] ] } },
{ "type": "Feature", "properties": { "river": "Rio_dos_Cedros", "reach": "R1", "rs": 21077.92 }, "geometry": { "type": "LineString", "coordinates": [ [ 668534.199999999953434, 7046873.589999999850988 ], [ 667724.07999999995809, 7046361.799999999813735 ] ] } },
{ "type": "Feature", "properties": { "river": "Rio_dos_Cedros", "reach": "R1", "rs": 20927.92 }, "geometry": { "type": "LineString", "coordinates": [ [ 668558.660000000032596, 7046836.519999999552965 ], [ 667889.209999999962747, 7046157.410000000149012 ] ] } },
{ "type": "Feature", "properties": { "river": "Rio_dos_Cedros", "reach": "R1", "rs": 20777.92 }, "geometry": { "type": "LineString", "coordinates": [ [ 668613.849999999976717, 7046809.379999999888241 ], [ 668091.21999999997206, 7046017.309999999590218 ] ] } },
{ "type": "Feature", "properties": { "river": "Rio_dos_Cedros", "reach": "R1", "rs": 20627.92 }, "geometry": { "type": "LineString", "coordinates": [ [ 668698.51, 7046771.549999999813735 ], [ 668276.13, 7045916.599999999627471 ] ] } },
{ "type": "Feature", "properties": { "river": "Rio_dos_Cedros", "reach": "R1", "rs": 20477.92 }, "geometry": { "type": "LineString", "coordinates": [ [ 668769.819999999948777, 7046752.740000000223517 ], [ 668506.900000000023283, 7045890.839999999850988 ] ] } },
{ "type": "Feature", "properties": { "river": "Rio_dos_Cedros", "reach": "R1", "rs": 20327.92 }, "geometry": { "type": "LineString", "coordinates": [ [ 668818.78000000002794, 7046735.150000000372529 ], [ 668737.050000000046566, 7045890.46 ] ] } },
{ "type": "Feature", "properties": { "river": "Rio_dos_Cedros", "reach": "R1", "rs": 20177.92 }, "geometry": { "type": "LineString", "coordinates": [ [ 668926.660000000032596, 7046759.230000000447035 ], [ 668916.339999999967404, 7045967.799999999813735 ] ] } },
{ "type": "Feature", "properties": { "river": "Rio_dos_Cedros", "reach": "R1", "rs": 20027.92 }, "geometry": { "type": "LineString", "coordinates": [ [ 669163.14000000001397, 7046773.54 ], [ 669010.88, 7045992.089999999850988 ] ] } },
{ "type": "Feature", "properties": { "river": "Rio_dos_Cedros", "reach": "R1", "rs": 19877.92 }, "geometry": { "type": "LineString", "coordinates": [ [ 669462.17000000004191, 7046669.450000000186265 ], [ 669049.410000000032596, 7045983.230000000447035 ] ] } },
{ "type": "Feature", "properties": { "river": "Rio_dos_Cedros", "reach": "R1", "rs": 19727.92 }, "geometry": { "type": "LineString", "coordinates": [ [ 669657.17000000004191, 7046472.549999999813735 ], [ 669082.46999999997206, 7045914.889999999664724 ] ] } },
{ "type": "Feature", "properties": { "river": "Rio_dos_Cedros", "reach": "R1", "rs": 19577.92 }, "geometry": { "type": "LineString", "coordinates": [ [ 669753.82999999995809, 7046345.549999999813735 ], [ 669142.939999999944121, 7045775.28000000026077 ] ] } },
{ "type": "Feature", "properties": { "river": "Rio_dos_Cedros", "reach": "R1", "rs": 19427.92 }, "geometry": { "type": "LineString", "coordinates": [ [ 669820.199999999953434, 7046282.5 ], [ 669236.75, 7045594.480000000447035 ] ] } },
{ "type": "Feature", "properties": { "river": "Rio_dos_Cedros", "reach": "R1", "rs": 19277.92 }, "geometry": { "type": "LineString", "coordinates": [ [ 669902.03000000002794, 7046228.639999999664724 ], [ 669355.38, 7045429.150000000372529 ] ] } },
{ "type": "Feature", "properties": { "river": "Rio_dos_Cedros", "reach": "R1", "rs": 19127.92 }, "geometry": { "type": "LineString", "coordinates": [ [ 670000.589999999967404, 7046170.490000000223517 ], [ 669496.290000000037253, 7045306.96 ] ] } },
{ "type": "Feature", "properties": { "river": "Rio_dos_Cedros", "reach": "R1", "rs": 18977.92 }, "geometry": { "type": "LineString", "coordinates": [ [ 670090.819999999948777, 7046077.910000000149012 ], [ 669671.78000000002794, 7045261.690000000409782 ] ] } },
{ "type": "Feature", "properties": { "river": "Rio_dos_Cedros", "reach": "R1", "rs": 18827.92 }, "geometry": { "type": "LineString", "coordinates": [ [ 670185.89000000001397, 7045979.799999999813735 ], [ 669848.32999999995809, 7045236.410000000149012 ] ] } },
{ "type": "Feature", "properties": { "river": "Rio_dos_Cedros", "reach": "R1", "rs": 18677.92 }, "geometry": { "type": "LineString", "coordinates": [ [ 670303.699999999953434, 7045878.339999999850988 ], [ 670009.03000000002794, 7045226.46 ] ] } },
{ "type": "Feature", "properties": { "river": "Rio_dos_Cedros", "reach": "R1", "rs": 18527.92 }, "geometry": { "type": "LineString", "coordinates": [ [ 670460.85999999998603, 7045737.839999999850988 ], [ 670096.050000000046566, 7045198.139999999664724 ] ] } },
{ "type": "Feature", "properties": { "river": "Rio_dos_Cedros", "reach": "R1", "rs": 18377.92 }, "geometry": { "type": "LineString", "coordinates": [ [ 670592.550000000046566, 7045543.740000000223517 ], [ 670135.430000000051223, 7045177.83 ] ] } },
{ "type": "Feature", "properties": { "river": "Rio_dos_Cedros", "reach": "R1", "rs": 18227.92 }, "geometry": { "type": "LineString", "coordinates": [ [ 670621.689999999944121, 7045338.53000000026077 ], [ 670156.060000000055879, 7045107.849999999627471 ] ] } },
{ "type": "Feature", "properties": { "river": "Rio_dos_Cedros", "reach": "R1", "rs": 18077.92 }, "geometry": { "type": "LineString", "coordinates": [ [ 670634.650000000023283, 7045193.400000000372529 ], [ 670203.51, 7044941.879999999888241 ] ] } },
{ "type": "Feature", "properties": { "river": "Rio_dos_Cedros", "reach": "R1", "rs": 17927.92 }, "geometry": { "type": "LineString", "coordinates": [ [ 670660.040000000037253, 7045119.04 ], [ 670400.64000000001397, 7044693.96 ] ] } },
{ "type": "Feature", "properties": { "river": "Rio_dos_Cedros", "reach": "R1", "rs": 17777.92 }, "geometry": { "type": "LineString", "coordinates": [ [ 670697.020000000018626, 7045111.009999999776483 ], [ 670769.209999999962747, 7044629.139999999664724 ] ] } },
{ "type": "Feature", "properties": { "river": "Rio_dos_Cedros", "reach": "R1", "rs": 17627.92 }, "geometry": { "type": "LineString", "coordinates": [ [ 670750.38, 7045173.79 ], [ 671026.51, 7044785.42 ] ] } },
{ "type": "Feature", "properties": { "river": "Rio_dos_Cedros", "reach": "R1", "rs": 17477.92 }, "geometry": { "type": "LineString", "coordinates": [ [ 670814.849999999976717, 7045293.490000000223517 ], [ 671143.540000000037253, 7044941.299999999813735 ] ] } },
{ "type": "Feature", "properties": { "river": "Rio_dos_Cedros", "reach": "R1", "rs": 17306.65 }, "geometry": { "type": "LineString", "coordinates": [ [ 670936.089999999967404, 7045472.360000000335276 ], [ 671224.03000000002794, 7045030.549999999813735 ] ] } },
{ "type": "Feature", "properties": { "river": "Rio_dos_Cedros", "reach": "R1", "rs": 16989.63 }, "geometry": { "type": "LineString", "coordinates": [ [ 671360.5, 7045654.690000000409782 ], [ 671351.089999999967404, 7045081.79 ] ] } },
{ "type": "Feature", "properties": { "river": "Rio_dos_Cedros", "reach": "R1", "rs": 16325.93 }, "geometry": { "type": "LineString", "coordinates": [ [ 671945.560000000055879, 7045678.759999999776483 ], [ 672035.87, 7045050.849999999627471 ] ] } },
{ "type": "Feature", "properties": { "river": "Rio_dos_Cedros", "reach": "R1", "rs": 15696.59 }, "geometry": { "type": "LineString", "coordinates": [ [ 672745.430000000051223, 7045075.549999999813735 ], [ 672061.270000000018626, 7044949.83 ] ] } },
{ "type": "Feature", "properties": { "river": "Rio_dos_Cedros", "reach": "R1", "rs": 14907.97 }, "geometry": { "type": "LineString", "coordinates": [ [ 672844.42000000004191, 7044345.53000000026077 ], [ 672111.199999999953434, 7044157.78000000026077 ] ] } },
{ "type": "Feature", "properties": { "river": "Rio_dos_Cedros", "reach": "R1", "rs": 14116.71 }, "geometry": { "type": "LineString", "coordinates": [ [ 673211.689999999944121, 7044075.96999999973923 ], [ 672723.439999999944121, 7043369.980000000447035 ] ] } },
{ "type": "Feature", "properties": { "river": "Rio_dos_Cedros", "reach": "R1", "rs": 13283.66 }, "geometry": { "type": "LineString", "coordinates": [ [ 673733.51, 7042893.03000000026077 ], [ 672815.589999999967404, 7043037.33 ] ] } },
{ "type": "Feature", "properties": { "river": "Rio_dos_Cedros", "reach": "R1", "rs": 12283.66 }, "geometry": { "type": "LineString", "coordinates": [ [ 673077.26, 7041815.03000000026077 ], [ 672323.459999999962747, 7042472.129999999888241 ] ] } },
{ "type": "Feature", "properties": { "river": "Rio_dos_Cedros", "reach": "R1", "rs": 11283.66 }, "geometry": { "type": "LineString", "coordinates": [ [ 672512.650000000023283, 7041133.429999999701977 ], [ 671632.439999999944121, 7041608.019999999552965 ] ] } },
{ "type": "Feature", "properties": { "river": "Rio_dos_Cedros", "reach": "R1", "rs": 10283.66 }, "geometry": { "type": "LineString", "coordinates": [ [ 672570.14000000001397, 7040368.21 ], [ 671578.060000000055879, 7040493.809999999590218 ] ] } },
{ "type": "Feature", "properties": { "river": "Rio_dos_Cedros", "reach": "R1", "rs": 9317.66 }, "geometry": { "type": "LineString", "coordinates": [ [ 672386.979999999981374, 7039613.730000000447035 ], [ 671402.020000000018626, 7039440.929999999701977 ] ] } },
{ "type": "Feature", "properties": { "river": "Rio_dos_Cedros", "reach": "R1", "rs": 8326.46 }, "geometry": { "type": "LineString", "coordinates": [ [ 672569.660000000032596, 7038966.740000000223517 ], [ 671783.46999999997206, 7038348.759999999776483 ] ] } },
{ "type": "Feature", "properties": { "river": "Rio_dos_Cedros", "reach": "R1", "rs": 7336.46 }, "geometry": { "type": "LineString", "coordinates": [ [ 672609.01, 7037628.46999999973923 ], [ 671626.339999999967404, 7037813.860000000335276 ] ] } },
{ "type": "Feature", "properties": { "river": "Rio_dos_Cedros", "reach": "R1", "rs": 6336.46 }, "geometry": { "type": "LineString", "coordinates": [ [ 672667.959999999962747, 7036689.509999999776483 ], [ 671695.949999999953434, 7036803.860000000335276 ] ] } },
{ "type": "Feature", "properties": { "river": "Rio_dos_Cedros", "reach": "R1", "rs": 5336.46 }, "geometry": { "type": "LineString", "coordinates": [ [ 672226.660000000032596, 7035681.28000000026077 ], [ 671334.28000000002794, 7036028.139999999664724 ] ] } },
{ "type": "Feature", "properties": { "river": "Rio_dos_Cedros", "reach": "R1", "rs": 4364.36 }, "geometry": { "type": "LineString", "coordinates": [ [ 671990.589999999967404, 7034667.490000000223517 ], [ 671327.699999999953434, 7035328.490000000223517 ] ] } },
{ "type": "Feature", "properties": { "river": "Rio_dos_Cedros", "reach": "R1", "rs": 3463.09 }, "geometry": { "type": "LineString", "coordinates": [ [ 671657.07999999995809, 7033933.809999999590218 ], [ 670957.449999999953434, 7034555.799999999813735 ] ] } },
{ "type": "Feature", "properties": { "river": "Rio_dos_Cedros", "reach": "R1", "rs": 2494.83 }, "geometry": { "type": "LineString", "coordinates": [ [ 671405.660000000032596, 7033915.29 ], [ 670772.03000000002794, 7033226.179999999701977 ] ] } },
{ "type": "Feature", "properties": { "river": "Rio_dos_Cedros", "reach": "R1", "rs": 1494.83 }, "geometry": { "type": "LineString", "coordinates": [ [ 671836.650000000023283, 7032813.46 ], [ 670924.689999999944121, 7032602.059999999590218 ] ] } },
{ "type": "Feature", "properties": { "river": "Rio_dos_Cedros", "reach": "R1", "rs": 494.83 }, "geometry": { "type": "LineString", "coordinates": [ [ 671990.790000000037253, 7031852.08 ], [ 671034.92000000004191, 7031906.660000000149012 ] ] } },
{ "type": "Feature", "properties": { "river": "Rio_dos_Cedros", "reach": "R1", "rs": 75.0 }, "geometry": { "type": "LineString", "coordinates": [ [ 672012.819999999948777, 7031458.33 ], [ 671034.099999999976717, 7031458.33 ] ] } },
{ "type": "Feature", "properties": { "river": "Rio_Trombudo", "reach": "R1", "rs": 20310.09 }, "geometry": { "type": "LineString", "coordinates": [ [ 616530.050000000046566, 6973471.650000000372529 ], [ 617402.85999999998603, 6973292.83 ] ] } },
{ "type": "Feature", "properties": { "river": "Rio_Trombudo", "reach": "R1", "rs": 20086.83 }, "geometry": { "type": "LineString", "coordinates": [ [ 616692.42000000004191, 6973810.879999999888241 ], [ 617450.089999999967404, 6973342.160000000149012 ] ] } },
{ "type": "Feature", "properties": { "river": "Rio_Trombudo", "reach": "R1", "rs": 19774.1 }, "geometry": { "type": "LineString", "coordinates": [ [ 616890.819999999948777, 6974097.339999999850988 ], [ 617613.21999999997206, 6973565.879999999888241 ] ] } },
{ "type": "Feature", "properties": { "river": "Rio_Trombudo", "reach": "R1", "rs": 19220.89 }, "geometry": { "type": "LineString", "coordinates": [ [ 617164.099999999976717, 6974504.75 ], [ 617971.060000000055879, 6974060.04 ] ] } },
{ "type": "Feature", "properties": { "river": "Rio_Trombudo", "reach": "R1", "rs": 18341.84 }, "geometry": { "type": "LineString", "coordinates": [ [ 617348.92000000004191, 6975297.620000000111759 ], [ 618217.089999999967404, 6974893.200000000186265 ] ] } },
{ "type": "Feature", "properties": { "river": "Rio_Trombudo", "reach": "R1", "rs": 17686.53 }, "geometry": { "type": "LineString", "coordinates": [ [ 617768.51, 6975650.400000000372529 ], [ 618701.25, 6975324.03000000026077 ] ] } },
{ "type": "Feature", "properties": { "river": "Rio_Trombudo", "reach": "R1", "rs": 17004.9 }, "geometry": { "type": "LineString", "coordinates": [ [ 618093.520000000018626, 6976315.820000000298023 ], [ 618979.839999999967404, 6975852.740000000223517 ] ] } },
{ "type": "Feature", "properties": { "river": "Rio_Trombudo", "reach": "R1", "rs": 16338.34 }, "geometry": { "type": "LineString", "coordinates": [ [ 618114.099999999976717, 6976735.650000000372529 ], [ 619114.099999999976717, 6976735.650000000372529 ] ] } },
{ "type": "Feature", "properties": { "river": "Rio_Trombudo", "reach": "R1", "rs": 15675.56 }, "geometry": { "type": "LineString", "coordinates": [ [ 618296.85999999998603, 6977581.089999999850988 ], [ 619203.39000000001397, 6977158.96999999973923 ] ] } },
{ "type": "Feature", "properties": { "river": "Rio_Trombudo", "reach": "R1", "rs": 15063.97 }, "geometry": { "type": "LineString", "coordinates": [ [ 618414.310000000055879, 6978032.240000000223517 ], [ 619401.209999999962747, 6977870.96999999973923 ] ] } },
{ "type": "Feature", "properties": { "river": "Rio_Trombudo", "reach": "R1", "rs": 14724.95 }, "geometry": { "type": "LineString", "coordinates": [ [ 618486.51, 6978394.089999999850988 ], [ 619461.99, 6978174.0 ] ] } },
{ "type": "Feature", "properties": { "river": "Rio_Trombudo", "reach": "R1", "rs": 14401.31 }, "geometry": { "type": "LineString", "coordinates": [ [ 618595.189999999944121, 6978772.160000000149012 ], [ 619529.60999999998603, 6978415.980000000447035 ] ] } },
{ "type": "Feature", "properties": { "river": "Rio_Trombudo", "reach": "R1", "rs": 14171.16 }, "geometry": { "type": "LineString", "coordinates": [ [ 618707.64000000001397, 6979030.429999999701977 ], [ 619600.270000000018626, 6978579.629999999888241 ] ] } },
{ "type": "Feature", "properties": { "river": "Rio_Trombudo", "reach": "R1", "rs": 14005.61 }, "geometry": { "type": "LineString", "coordinates": [ [ 618798.540000000037253, 6979176.059999999590218 ], [ 619684.939999999944121, 6978713.139999999664724 ] ] } },
{ "type": "Feature", "properties": { "river": "Rio_Trombudo", "reach": "R1", "rs": 13766.64 }, "geometry": { "type": "LineString", "coordinates": [ [ 618878.13, 6979344.660000000149012 ], [ 619808.07999999995809, 6978976.980000000447035 ] ] } },
{ "type": "Feature", "properties": { "river": "Rio_Trombudo", "reach": "R1", "rs": 13370.66 }, "geometry": { "type": "LineString", "coordinates": [ [ 619061.76, 6979791.129999999888241 ], [ 619911.03000000002794, 6979263.160000000149012 ] ] } },
{ "type": "Feature", "properties": { "river": "Rio_Trombudo", "reach": "R1", "rs": 12726.15 }, "geometry": { "type": "LineString", "coordinates": [ [ 619719.449999999953434, 6980284.25 ], [ 620280.75, 6979480.17 ] ] } },
{ "type": "Feature", "properties": { "river": "Rio_Trombudo", "reach": "R1", "rs": 12098.13 }, "geometry": { "type": "LineString", "coordinates": [ [ 620049.550000000046566, 6980635.83 ], [ 620810.88, 6980049.03000000026077 ] ] } },
{ "type": "Feature", "properties": { "river": "Rio_Trombudo", "reach": "R1", "rs": 11537.44 }, "geometry": { "type": "LineString", "coordinates": [ [ 620344.07999999995809, 6981186.629999999888241 ], [ 620973.74, 6980486.21999999973923 ] ] } },
{ "type": "Feature", "properties": { "river": "Rio_Trombudo", "reach": "R1", "rs": 10881.51 }, "geometry": { "type": "LineString", "coordinates": [ [ 621275.13, 6981152.660000000149012 ], [ 621175.229999999981374, 6980216.150000000372529 ] ] } },
{ "type": "Feature", "properties": { "river": "Rio_Trombudo", "reach": "R1", "rs": 10723.9 }, "geometry": { "type": "LineString", "coordinates": [ [ 621321.319999999948777, 6981164.690000000409782 ], [ 621455.949999999953434, 6980232.54 ] ] } },
{ "type": "Feature", "properties": { "river": "Rio_Trombudo", "reach": "R1", "rs": 10571.32 }, "geometry": { "type": "LineString", "coordinates": [ [ 621403.949999999953434, 6981187.349999999627471 ], [ 621675.650000000023283, 6980289.849999999627471 ] ] } },
{ "type": "Feature", "properties": { "river": "Rio_Trombudo", "reach": "R1", "rs": 10421.32 }, "geometry": { "type": "LineString", "coordinates": [ [ 621525.810000000055879, 6981251.370000000111759 ], [ 621827.75, 6980356.129999999888241 ] ] } },
{ "type": "Feature", "properties": { "river": "Rio_Trombudo", "reach": "R1", "rs": 10271.32 }, "geometry": { "type": "LineString", "coordinates": [ [ 621651.85999999998603, 6981306.769999999552965 ], [ 621979.64000000001397, 6980413.139999999664724 ] ] } },
{ "type": "Feature", "properties": { "river": "Rio_Trombudo", "reach": "R1", "rs": 10121.32 }, "geometry": { "type": "LineString", "coordinates": [ [ 621760.290000000037253, 6981356.089999999850988 ], [ 622145.63, 6980482.230000000447035 ] ] } },
{ "type": "Feature", "properties": { "river": "Rio_Trombudo", "reach": "R1", "rs": 9971.32 }, "geometry": { "type": "LineString", "coordinates": [ [ 621842.810000000055879, 6981394.08 ], [ 622327.569999999948777, 6980580.480000000447035 ] ] } },
{ "type": "Feature", "properties": { "river": "Rio_Trombudo", "reach": "R1", "rs": 9666.59 }, "geometry": { "type": "LineString", "coordinates": [ [ 622093.939999999944121, 6981574.46 ], [ 622564.650000000023283, 6980761.849999999627471 ] ] } },
{ "type": "Feature", "properties": { "river": "Rio_Trombudo", "reach": "R1", "rs": 9234.19 }, "geometry": { "type": "LineString", "coordinates": [ [ 622205.89000000001397, 6981600.25 ], [ 623064.439999999944121, 6981219.75 ] ] } },
{ "type": "Feature", "properties": { "river": "Rio_Trombudo", "reach": "R1", "rs": 8708.04 }, "geometry": { "type": "LineString", "coordinates": [ [ 622724.150000000023283, 6982281.690000000409782 ], [ 623045.040000000037253, 6981399.120000000111759 ] ] } },
{ "type": "Feature", "properties": { "river": "Rio_Trombudo", "reach": "R1", "rs": 7924.21 }, "geometry": { "type": "LineString", "coordinates": [ [ 623121.410000000032596, 6982370.759999999776483 ], [ 623852.479999999981374, 6981781.320000000298023 ] ] } },
{ "type": "Feature", "properties": { "river": "Rio_Trombudo", "reach": "R1", "rs": 7255.73 }, "geometry": { "type": "LineString", "coordinates": [ [ 623964.01, 6982923.889999999664724 ], [ 624105.99, 6981983.370000000111759 ] ] } },
{ "type": "Feature", "properties": { "river": "Rio_Trombudo", "reach": "R1", "rs": 6560.36 }, "geometry": { "type": "LineString", "coordinates": [ [ 624828.339999999967404, 6982495.910000000149012 ], [ 624325.199999999953434, 6981669.67 ] ] } },
{ "type": "Feature", "properties": { "river": "Rio_Trombudo", "reach": "R1", "rs": 5649.43 }, "geometry": { "type": "LineString", "coordinates": [ [ 624980.060000000055879, 6982989.129999999888241 ], [ 625396.810000000055879, 6982093.690000000409782 ] ] } },
{ "type": "Feature", "properties": { "river": "Rio_Trombudo", "reach": "R1", "rs": 4669.33 }, "geometry": { "type": "LineString", "coordinates": [ [ 625591.290000000037253, 6983286.96999999973923 ], [ 626403.569999999948777, 6982710.769999999552965 ] ] } },
{ "type": "Feature", "properties": { "river": "Rio_Trombudo", "reach": "R1", "rs": 3708.68 }, "geometry": { "type": "LineString", "coordinates": [ [ 626227.64000000001397, 6984076.71 ], [ 626969.88, 6983406.58 ] ] } },
{ "type": "Feature", "properties": { "river": "Rio_Trombudo", "reach": "R1", "rs": 2822.21 }, "geometry": { "type": "LineString", "coordinates": [ [ 627091.540000000037253, 6984671.860000000335276 ], [ 627554.430000000051223, 6983785.440000000409782 ] ] } },
{ "type": "Feature", "properties": { "river": "Rio_Trombudo", "reach": "R1", "rs": 2119.92 }, "geometry": { "type": "LineString", "coordinates": [ [ 627826.150000000023283, 6984934.96 ], [ 628122.64000000001397, 6983979.929999999701977 ] ] } },
{ "type": "Feature", "properties": { "river": "Rio_Trombudo", "reach": "R1", "rs": 1437.22 }, "geometry": { "type": "LineString", "coordinates": [ [ 628452.550000000046566, 6985097.120000000111759 ], [ 628805.540000000037253, 6984161.490000000223517 ] ] } },
{ "type": "Feature", "properties": { "river": "Rio_Trombudo", "reach": "R1", "rs": 590.03 }, "geometry": { "type": "LineString", "coordinates": [ [ 628972.449999999953434, 6985554.28000000026077 ], [ 629589.17000000004191, 6984767.099999999627471 ] ] } },
{ "type": "Feature", "properties": { "river": "Rio_Trombudo", "reach": "R1", "rs": 75.0 }, "geometry": { "type": "LineString", "coordinates": [ [ 629435.32999999995809, 6985856.349999999627471 ], [ 629989.99, 6985024.28000000026077 ] ] } },
{ "type": "Feature", "properties": { "river": "Rio_Iraputa", "reach": "R1", "rs": 18859.33 }, "geometry": { "type": "LineString", "coordinates": [ [ 586774.01, 7052994.570000000298023 ], [ 587145.62, 7052531.120000000111759 ] ] } },
{ "type": "Feature", "properties": { "river": "Rio_Iraputa", "reach": "R1", "rs": 18709.33 }, "geometry": { "type": "LineString", "coordinates": [ [ 586790.32999999995809, 7053082.71999999973923 ], [ 587241.439999999944121, 7052807.990000000223517 ] ] } },
{ "type": "Feature", "properties": { "river": "Rio_Iraputa", "reach": "R1", "rs": 18559.33 }, "geometry": { "type": "LineString", "coordinates": [ [ 586830.810000000055879, 7053228.240000000223517 ], [ 587257.449999999953434, 7052977.389999999664724 ] ] } },
{ "type": "Feature", "properties": { "river": "Rio_Iraputa", "reach": "R1", "rs": 18409.33 }, "geometry": { "type": "LineString", "coordinates": [ [ 586904.03000000002794, 7053372.429999999701977 ], [ 587313.57999999995809, 7053102.099999999627471 ] ] } },
{ "type": "Feature", "properties": { "river": "Rio_Iraputa", "reach": "R1", "rs": 18186.76 }, "geometry": { "type": "LineString", "coordinates": [ [ 586995.71999999997206, 7053537.92 ], [ 587446.930000000051223, 7053316.04 ] ] } },
{ "type": "Feature", "properties": { "river": "Rio_Iraputa", "reach": "R1", "rs": 17744.25 }, "geometry": { "type": "LineString", "coordinates": [ [ 587107.99, 7053949.46 ], [ 587570.270000000018626, 7053751.67 ] ] } },
{ "type": "Feature", "properties": { "river": "Rio_Iraputa", "reach": "R1", "rs": 16965.57 }, "geometry": { "type": "LineString", "coordinates": [ [ 588103.17000000004191, 7054112.129999999888241 ], [ 587650.88, 7053892.46999999973923 ] ] } },
{ "type": "Feature", "properties": { "river": "Rio_Iraputa", "reach": "R1", "rs": 16024.83 }, "geometry": { "type": "LineString", "coordinates": [ [ 588176.060000000055879, 7053998.009999999776483 ], [ 588669.069999999948777, 7053899.179999999701977 ] ] } },
{ "type": "Feature", "properties": { "river": "Rio_Iraputa", "reach": "R1", "rs": 15294.13 }, "geometry": { "type": "LineString", "coordinates": [ [ 587858.189999999944121, 7054577.660000000149012 ], [ 588368.87, 7054550.410000000149012 ] ] } },
{ "type": "Feature", "properties": { "river": "Rio_Iraputa", "reach": "R1", "rs": 14871.33 }, "geometry": { "type": "LineString", "coordinates": [ [ 588151.040000000037253, 7054998.509999999776483 ], [ 588631.699999999953434, 7054738.650000000372529 ] ] } },
{ "type": "Feature", "properties": { "river": "Rio_Iraputa", "reach": "R1", "rs": 14573.28 }, "geometry": { "type": "LineString", "coordinates": [ [ 588121.57999999995809, 7055082.889999999664724 ], [ 588713.99, 7055230.269999999552965 ] ] } },
{ "type": "Feature", "properties": { "river": "Rio_Iraputa", "reach": "R1", "rs": 14127.82 }, "geometry": { "type": "LineString", "coordinates": [ [ 588027.26, 7055317.58 ], [ 588412.520000000018626, 7055869.379999999888241 ] ] } },
{ "type": "Feature", "properties": { "river": "Rio_Iraputa", "reach": "R1", "rs": 13611.42 }, "geometry": { "type": "LineString", "coordinates": [ [ 587588.74, 7055404.03000000026077 ], [ 587851.839999999967404, 7056062.509999999776483 ] ] } },
{ "type": "Feature", "properties": { "river": "Rio_Iraputa", "reach": "R1", "rs": 12861.32 }, "geometry": { "type": "LineString", "coordinates": [ [ 587119.17000000004191, 7056040.46999999973923 ], [ 587609.42000000004191, 7056562.509999999776483 ] ] } },
{ "type": "Feature", "properties": { "river": "Rio_Iraputa", "reach": "R1", "rs": 11938.48 }, "geometry": { "type": "LineString", "coordinates": [ [ 586899.069999999948777, 7056978.629999999888241 ], [ 587505.709999999962747, 7056628.46999999973923 ] ] } },
{ "type": "Feature", "properties": { "river": "Rio_Iraputa", "reach": "R1", "rs": 11455.37 }, "geometry": { "type": "LineString", "coordinates": [ [ 586803.88, 7056986.309999999590218 ], [ 587213.650000000023283, 7057525.110000000335276 ] ] } },
{ "type": "Feature", "properties": { "river": "Rio_Iraputa", "reach": "R1", "rs": 10967.73 }, "geometry": { "type": "LineString", "coordinates": [ [ 586523.680000000051223, 7057532.690000000409782 ], [ 587157.550000000046566, 7057691.200000000186265 ] ] } },
{ "type": "Feature", "properties": { "river": "Rio_Iraputa", "reach": "R1", "rs": 10331.3 }, "geometry": { "type": "LineString", "coordinates": [ [ 586282.150000000023283, 7058167.440000000409782 ], [ 586954.199999999953434, 7058230.79 ] ] } },
{ "type": "Feature", "properties": { "river": "Rio_Iraputa", "reach": "R1", "rs": 10163.66 }, "geometry": { "type": "LineString", "coordinates": [ [ 586221.78000000002794, 7058362.5 ], [ 586926.270000000018626, 7058362.700000000186265 ] ] } },
{ "type": "Feature", "properties": { "river": "Rio_Iraputa", "reach": "R1", "rs": 10001.34 }, "geometry": { "type": "LineString", "coordinates": [ [ 586162.74, 7058530.03000000026077 ], [ 586896.62, 7058520.92 ] ] } },
{ "type": "Feature", "properties": { "river": "Rio_Iraputa", "reach": "R1", "rs": 9810.71 }, "geometry": { "type": "LineString", "coordinates": [ [ 586163.540000000037253, 7058792.730000000447035 ], [ 586891.099999999976717, 7058655.96 ] ] } },
{ "type": "Feature", "properties": { "river": "Rio_Iraputa", "reach": "R1", "rs": 9647.39 }, "geometry": { "type": "LineString", "coordinates": [ [ 586247.96999999997206, 7059090.610000000335276 ], [ 586867.42000000004191, 7058719.070000000298023 ] ] } },
{ "type": "Feature", "properties": { "river": "Rio_Iraputa", "reach": "R1", "rs": 9441.77 }, "geometry": { "type": "LineString", "coordinates": [ [ 586519.699999999953434, 7059353.339999999850988 ], [ 586921.51, 7058774.83 ] ] } },
{ "type": "Feature", "properties": { "river": "Rio_Iraputa", "reach": "R1", "rs": 9074.91 }, "geometry": { "type": "LineString", "coordinates": [ [ 586667.790000000037253, 7059373.230000000447035 ], [ 587289.099999999976717, 7059096.78000000026077 ] ] } },
{ "type": "Feature", "properties": { "river": "Rio_Iraputa", "reach": "R1", "rs": 8381.06 }, "geometry": { "type": "LineString", "coordinates": [ [ 586457.680000000051223, 7059512.71999999973923 ], [ 586973.550000000046566, 7059955.809999999590218 ] ] } },
{ "type": "Feature", "properties": { "river": "Rio_Iraputa", "reach": "R1", "rs": 7947.0 }, "geometry": { "type": "LineString", "coordinates": [ [ 586241.57999999995809, 7060364.269999999552965 ], [ 586835.810000000055879, 7060033.599999999627471 ] ] } },
{ "type": "Feature", "properties": { "river": "Rio_Iraputa", "reach": "R1", "rs": 7580.34 }, "geometry": { "type": "LineString", "coordinates": [ [ 586758.39000000001397, 7060683.299999999813735 ], [ 587058.62, 7060073.129999999888241 ] ] } },
{ "type": "Feature", "properties": { "river": "Rio_Iraputa", "reach": "R1", "rs": 7362.91 }, "geometry": { "type": "LineString", "coordinates": [ [ 586825.810000000055879, 7060730.110000000335276 ], [ 587341.290000000037253, 7060191.570000000298023 ] ] } },
{ "type": "Feature", "properties": { "river": "Rio_Iraputa", "reach": "R1", "rs": 7167.88 }, "geometry": { "type": "LineString", "coordinates": [ [ 586851.35999999998603, 7060805.17 ], [ 587568.020000000018626, 7060376.03000000026077 ] ] } },
{ "type": "Feature", "properties": { "river": "Rio_Iraputa", "reach": "R1", "rs": 7017.88 }, "geometry": { "type": "LineString", "coordinates": [ [ 586868.53000000002794, 7060892.480000000447035 ], [ 587733.660000000032596, 7060525.049999999813735 ] ] } },
{ "type": "Feature", "properties": { "river": "Rio_Iraputa", "reach": "R1", "rs": 6867.88 }, "geometry": { "type": "LineString", "coordinates": [ [ 586905.46999999997206, 7061013.940000000409782 ], [ 587804.60999999998603, 7060682.049999999813735 ] ] } },
{ "type": "Feature", "properties": { "river": "Rio_Iraputa", "reach": "R1", "rs": 6717.88 }, "geometry": { "type": "LineString", "coordinates": [ [ 587042.78000000002794, 7061144.440000000409782 ], [ 587830.49, 7060805.160000000149012 ] ] } },
{ "type": "Feature", "properties": { "river": "Rio_Iraputa", "reach": "R1", "rs": 6567.88 }, "geometry": { "type": "LineString", "coordinates": [ [ 587219.020000000018626, 7061268.120000000111759 ], [ 587851.87, 7060900.379999999888241 ] ] } },
{ "type": "Feature", "properties": { "river": "Rio_Iraputa", "reach": "R1", "rs": 6417.88 }, "geometry": { "type": "LineString", "coordinates": [ [ 587391.189999999944121, 7061342.730000000447035 ], [ 587929.680000000051223, 7061021.820000000298023 ] ] } },
{ "type": "Feature", "properties": { "river": "Rio_Iraputa", "reach": "R1", "rs": 6267.88 }, "geometry": { "type": "LineString", "coordinates": [ [ 587474.660000000032596, 7061423.5 ], [ 588023.51, 7061236.019999999552965 ] ] } },
{ "type": "Feature", "properties": { "river": "Rio_Iraputa", "reach": "R1", "rs": 6117.88 }, "geometry": { "type": "LineString", "coordinates": [ [ 587498.71999999997206, 7061479.320000000298023 ], [ 587994.069999999948777, 7061568.78000000026077 ] ] } },
{ "type": "Feature", "properties": { "river": "Rio_Iraputa", "reach": "R1", "rs": 5967.88 }, "geometry": { "type": "LineString", "coordinates": [ [ 587472.74, 7061510.17 ], [ 587777.71999999997206, 7061808.660000000149012 ] ] } },
{ "type": "Feature", "properties": { "river": "Rio_Iraputa", "reach": "R1", "rs": 5817.88 }, "geometry": { "type": "LineString", "coordinates": [ [ 587406.14000000001397, 7061530.990000000223517 ], [ 587526.35999999998603, 7061873.96999999973923 ] ] } },
{ "type": "Feature", "properties": { "river": "Rio_Iraputa", "reach": "R1", "rs": 5667.88 }, "geometry": { "type": "LineString", "coordinates": [ [ 587296.479999999981374, 7061526.679999999701977 ], [ 587333.069999999948777, 7061876.33 ] ] } },
{ "type": "Feature", "properties": { "river": "Rio_Iraputa", "reach": "R1", "rs": 5517.88 }, "geometry": { "type": "LineString", "coordinates": [ [ 587152.64000000001397, 7061514.639999999664724 ], [ 587175.449999999953434, 7061853.54 ] ] } },
{ "type": "Feature", "properties": { "river": "Rio_Iraputa", "reach": "R1", "rs": 5367.88 }, "geometry": { "type": "LineString", "coordinates": [ [ 586938.040000000037253, 7061511.400000000372529 ], [ 587066.540000000037253, 7061846.110000000335276 ] ] } },
{ "type": "Feature", "properties": { "river": "Rio_Iraputa", "reach": "R1", "rs": 4934.72 }, "geometry": { "type": "LineString", "coordinates": [ [ 586899.160000000032596, 7062146.92 ], [ 587118.560000000055879, 7061837.980000000447035 ] ] } },
{ "type": "Feature", "properties": { "river": "Rio_Iraputa", "reach": "R1", "rs": 4158.96 }, "geometry": { "type": "LineString", "coordinates": [ [ 586986.689999999944121, 7062304.58 ], [ 587240.03000000002794, 7062622.480000000447035 ] ] } },
{ "type": "Feature", "properties": { "river": "Rio_Iraputa", "reach": "R1", "rs": 3601.47 }, "geometry": { "type": "LineString", "coordinates": [ [ 586434.290000000037253, 7062670.450000000186265 ], [ 586852.699999999953434, 7062900.799999999813735 ] ] } },
{ "type": "Feature", "properties": { "river": "Rio_Iraputa", "reach": "R1", "rs": 2752.76 }, "geometry": { "type": "LineString", "coordinates": [ [ 586682.680000000051223, 7063651.429999999701977 ], [ 587191.900000000023283, 7063484.96 ] ] } },
{ "type": "Feature", "properties": { "river": "Rio_Iraputa", "reach": "R1", "rs": 2071.62 }, "geometry": { "type": "LineString", "coordinates": [ [ 586792.57999999995809, 7064241.629999999888241 ], [ 587435.63, 7064197.509999999776483 ] ] } },
{ "type": "Feature", "properties": { "river": "Rio_Iraputa", "reach": "R1", "rs": 1642.19 }, "geometry": { "type": "LineString", "coordinates": [ [ 586768.85999999998603, 7064705.099999999627471 ], [ 587481.85999999998603, 7064592.71 ] ] } },
{ "type": "Feature", "properties": { "river": "Rio_Iraputa", "reach": "R1", "rs": 1192.34 }, "geometry": { "type": "LineString", "coordinates": [ [ 586730.300000000046566, 7065070.740000000223517 ], [ 587541.53000000002794, 7065100.78000000026077 ] ] } },
{ "type": "Feature", "properties": { "river": "Rio_Iraputa", "reach": "R1", "rs": 797.57 }, "geometry": { "type": "LineString", "coordinates": [ [ 586664.99, 7065433.690000000409782 ], [ 587505.150000000023283, 7065512.799999999813735 ] ] } },
{ "type": "Feature", "properties": { "river": "Rio_Iraputa", "reach": "R1", "rs": 282.4 }, "geometry": { "type": "LineString", "coordinates": [ [ 586874.26, 7066337.46 ], [ 587444.75, 7065698.450000000186265 ] ] } },
{ "type": "Feature", "properties": { "river": "Rio_Iraputa", "reach": "R1", "rs": 75.0 }, "geometry": { "type": "LineString", "coordinates": [ [ 587241.39000000001397, 7066500.21 ], [ 587512.229999999981374, 7065687.54 ] ] } },
{ "type": "Feature", "properties": { "river": "Rio_Taio", "reach": "R1", "rs": 17163.66 }, "geometry": { "type": "LineString", "coordinates": [ [ 589176.14000000001397, 6989989.610000000335276 ], [ 589609.01, 6989187.78000000026077 ] ] } },
{ "type": "Feature", "properties": { "river": "Rio_Taio", "reach": "R1", "rs": 17013.66 }, "geometry": { "type": "LineString", "coordinates": [ [ 589349.64000000001397, 6990123.660000000149012 ], [ 589674.03000000002794, 6989227.08 ] ] } },
{ "type": "Feature", "properties": { "river": "Rio_Taio", "reach": "R1", "rs": 16863.66 }, "geometry": { "type": "LineString", "coordinates": [ [ 589553.87, 6990217.799999999813735 ], [ 589745.040000000037253, 6989240.629999999888241 ] ] } },
{ "type": "Feature", "properties": { "river": "Rio_Taio", "reach": "R1", "rs": 16713.66 }, "geometry": { "type": "LineString", "coordinates": [ [ 589736.0, 6990227.339999999850988 ], [ 589862.07999999995809, 6989235.320000000298023 ] ] } },
{ "type": "Feature", "properties": { "river": "Rio_Taio", "reach": "R1", "rs": 16563.66 }, "geometry": { "type": "LineString", "coordinates": [ [ 589870.67000000004191, 6990252.019999999552965 ], [ 590022.17000000004191, 6989263.559999999590218 ] ] } },
{ "type": "Feature", "properties": { "river": "Rio_Taio", "reach": "R1", "rs": 16413.66 }, "geometry": { "type": "LineString", "coordinates": [ [ 589995.449999999953434, 6990277.5 ], [ 590191.569999999948777, 6989296.92 ] ] } },
{ "type": "Feature", "properties": { "river": "Rio_Taio", "reach": "R1", "rs": 16263.66 }, "geometry": { "type": "LineString", "coordinates": [ [ 590168.589999999967404, 6990311.410000000149012 ], [ 590312.599999999976717, 6989321.839999999850988 ] ] } },
{ "type": "Feature", "properties": { "river": "Rio_Taio", "reach": "R1", "rs": 16113.66 }, "geometry": { "type": "LineString", "coordinates": [ [ 590348.599999999976717, 6990337.740000000223517 ], [ 590428.099999999976717, 6989340.910000000149012 ] ] } },
{ "type": "Feature", "properties": { "river": "Rio_Taio", "reach": "R1", "rs": 15963.66 }, "geometry": { "type": "LineString", "coordinates": [ [ 590557.689999999944121, 6990335.610000000335276 ], [ 590519.0, 6989343.04 ] ] } },
{ "type": "Feature", "properties": { "river": "Rio_Taio", "reach": "R1", "rs": 15813.66 }, "geometry": { "type": "LineString", "coordinates": [ [ 590697.459999999962747, 6990319.950000000186265 ], [ 590677.75, 6989381.349999999627471 ] ] } },
{ "type": "Feature", "properties": { "river": "Rio_Taio", "reach": "R1", "rs": 15663.66 }, "geometry": { "type": "LineString", "coordinates": [ [ 590817.99, 6990251.179999999701977 ], [ 590848.63, 6989415.33 ] ] } },
{ "type": "Feature", "properties": { "river": "Rio_Taio", "reach": "R1", "rs": 15513.66 }, "geometry": { "type": "LineString", "coordinates": [ [ 590959.199999999953434, 6990232.42 ], [ 591000.67000000004191, 6989492.879999999888241 ] ] } },
{ "type": "Feature", "properties": { "river": "Rio_Taio", "reach": "R1", "rs": 15363.66 }, "geometry": { "type": "LineString", "coordinates": [ [ 591167.46999999997206, 6990165.740000000223517 ], [ 591087.03000000002794, 6989513.509999999776483 ] ] } },
{ "type": "Feature", "properties": { "river": "Rio_Taio", "reach": "R1", "rs": 15213.66 }, "geometry": { "type": "LineString", "coordinates": [ [ 591386.569999999948777, 6990075.71999999973923 ], [ 591129.849999999976717, 6989509.71 ] ] } },
{ "type": "Feature", "properties": { "river": "Rio_Taio", "reach": "R1", "rs": 15063.66 }, "geometry": { "type": "LineString", "coordinates": [ [ 591508.939999999944121, 6989931.21 ], [ 591206.12, 6989429.700000000186265 ] ] } },
{ "type": "Feature", "properties": { "river": "Rio_Taio", "reach": "R1", "rs": 14913.66 }, "geometry": { "type": "LineString", "coordinates": [ [ 591572.12, 6989855.240000000223517 ], [ 591387.939999999944121, 6989299.099999999627471 ] ] } },
{ "type": "Feature", "properties": { "river": "Rio_Taio", "reach": "R1", "rs": 14763.66 }, "geometry": { "type": "LineString", "coordinates": [ [ 591611.180000000051223, 6989853.240000000223517 ], [ 591682.60999999998603, 6989254.58 ] ] } },
{ "type": "Feature", "properties": { "river": "Rio_Taio", "reach": "R1", "rs": 14613.66 }, "geometry": { "type": "LineString", "coordinates": [ [ 591654.050000000046566, 6989890.450000000186265 ], [ 591970.819999999948777, 6989337.759999999776483 ] ] } },
{ "type": "Feature", "properties": { "river": "Rio_Taio", "reach": "R1", "rs": 14463.66 }, "geometry": { "type": "LineString", "coordinates": [ [ 591721.020000000018626, 6989953.110000000335276 ], [ 592196.17000000004191, 6989455.110000000335276 ] ] } },
{ "type": "Feature", "properties": { "river": "Rio_Taio", "reach": "R1", "rs": 14313.66 }, "geometry": { "type": "LineString", "coordinates": [ [ 591734.040000000037253, 6990062.570000000298023 ], [ 592377.38, 6989620.96999999973923 ] ] } },
{ "type": "Feature", "properties": { "river": "Rio_Taio", "reach": "R1", "rs": 14163.66 }, "geometry": { "type": "LineString", "coordinates": [ [ 591700.699999999953434, 6990173.549999999813735 ], [ 592499.37, 6989829.190000000409782 ] ] } },
{ "type": "Feature", "properties": { "river": "Rio_Taio", "reach": "R1", "rs": 14013.66 }, "geometry": { "type": "LineString", "coordinates": [ [ 591657.089999999967404, 6990300.240000000223517 ], [ 592508.87, 6990035.429999999701977 ] ] } },
{ "type": "Feature", "properties": { "river": "Rio_Taio", "reach": "R1", "rs": 13863.66 }, "geometry": { "type": "LineString", "coordinates": [ [ 591666.839999999967404, 6990380.03000000026077 ], [ 592513.160000000032596, 6990248.639999999664724 ] ] } },
{ "type": "Feature", "properties": { "river": "Rio_Taio", "reach": "R1", "rs": 13664.89 }, "geometry": { "type": "LineString", "coordinates": [ [ 591673.650000000023283, 6990516.179999999701977 ], [ 592486.839999999967404, 6990488.240000000223517 ] ] } },
{ "type": "Feature", "properties": { "river": "Rio_Taio", "reach": "R1", "rs": 13336.66 }, "geometry": { "type": "LineString", "coordinates": [ [ 591620.37, 6990802.25 ], [ 592440.76, 6990831.5 ] ] } },
{ "type": "Feature", "properties": { "river": "Rio_Taio", "reach": "R1", "rs": 12859.82 }, "geometry": { "type": "LineString", "coordinates": [ [ 591980.21999999997206, 6991667.389999999664724 ], [ 592440.479999999981374, 6990978.910000000149012 ] ] } },
{ "type": "Feature", "properties": { "river": "Rio_Taio", "reach": "R1", "rs": 12299.29 }, "geometry": { "type": "LineString", "coordinates": [ [ 592529.790000000037253, 6991628.700000000186265 ], [ 592845.24, 6990862.96999999973923 ] ] } },
{ "type": "Feature", "properties": { "river": "Rio_Taio", "reach": "R1", "rs": 11801.95 }, "geometry": { "type": "LineString", "coordinates": [ [ 592529.550000000046566, 6991848.509999999776483 ], [ 593294.180000000051223, 6991402.03000000026077 ] ] } },
{ "type": "Feature", "properties": { "river": "Rio_Taio", "reach": "R1", "rs": 11168.56 }, "geometry": { "type": "LineString", "coordinates": [ [ 592953.96999999997206, 6992375.240000000223517 ], [ 593721.689999999944121, 6991828.139999999664724 ] ] } },
{ "type": "Feature", "properties": { "river": "Rio_Taio", "reach": "R1", "rs": 10273.69 }, "geometry": { "type": "LineString", "coordinates": [ [ 593185.17000000004191, 6992935.509999999776483 ], [ 594183.03000000002794, 6992870.110000000335276 ] ] } },
{ "type": "Feature", "properties": { "river": "Rio_Taio", "reach": "R1", "rs": 9368.49 }, "geometry": { "type": "LineString", "coordinates": [ [ 593481.63, 6994007.150000000372529 ], [ 594355.92000000004191, 6993521.740000000223517 ] ] } },
{ "type": "Feature", "properties": { "river": "Rio_Taio", "reach": "R1", "rs": 8420.72 }, "geometry": { "type": "LineString", "coordinates": [ [ 594154.770000000018626, 6994832.690000000409782 ], [ 594885.49, 6994150.009999999776483 ] ] } },
{ "type": "Feature", "properties": { "river": "Rio_Taio", "reach": "R1", "rs": 7778.11 }, "geometry": { "type": "LineString", "coordinates": [ [ 594900.949999999953434, 6995304.730000000447035 ], [ 595216.040000000037253, 6994355.67 ] ] } },
{ "type": "Feature", "properties": { "river": "Rio_Taio", "reach": "R1", "rs": 6965.98 }, "geometry": { "type": "LineString", "coordinates": [ [ 595145.180000000051223, 6995424.309999999590218 ], [ 596113.39000000001397, 6995174.139999999664724 ] ] } },
{ "type": "Feature", "properties": { "river": "Rio_Taio", "reach": "R1", "rs": 6003.45 }, "geometry": { "type": "LineString", "coordinates": [ [ 595112.76, 6996304.46999999973923 ], [ 596107.439999999944121, 6996201.450000000186265 ] ] } },
{ "type": "Feature", "properties": { "river": "Rio_Taio", "reach": "R1", "rs": 5222.53 }, "geometry": { "type": "LineString", "coordinates": [ [ 595656.849999999976717, 6997253.179999999701977 ], [ 596366.040000000037253, 6996548.160000000149012 ] ] } },
{ "type": "Feature", "properties": { "river": "Rio_Taio", "reach": "R1", "rs": 4392.96 }, "geometry": { "type": "LineString", "coordinates": [ [ 596357.540000000037253, 6997894.480000000447035 ], [ 596873.599999999976717, 6997037.929999999701977 ] ] } },
{ "type": "Feature", "properties": { "river": "Rio_Taio", "reach": "R1", "rs": 3417.93 }, "geometry": { "type": "LineString", "coordinates": [ [ 597000.709999999962747, 6998326.809999999590218 ], [ 597794.040000000037253, 6997718.009999999776483 ] ] } },
{ "type": "Feature", "properties": { "river": "Rio_Taio", "reach": "R1", "rs": 2475.77 }, "geometry": { "type": "LineString", "coordinates": [ [ 597054.10999999998603, 6998925.860000000335276 ], [ 598054.099999999976717, 6998921.75 ] ] } },
{ "type": "Feature", "properties": { "river": "Rio_Taio", "reach": "R1", "rs": 1612.75 }, "geometry": { "type": "LineString", "coordinates": [ [ 597708.020000000018626, 7000086.429999999701977 ], [ 598134.650000000023283, 6999182.0 ] ] } },
{ "type": "Feature", "properties": { "river": "Rio_Taio", "reach": "R1", "rs": 1142.1 }, "geometry": { "type": "LineString", "coordinates": [ [ 598406.189999999944121, 7000163.71999999973923 ], [ 598350.199999999953434, 6999165.29 ] ] } },
{ "type": "Feature", "properties": { "river": "Rio_Taio", "reach": "R1", "rs": 501.37 }, "geometry": { "type": "LineString", "coordinates": [ [ 598565.51, 7000251.599999999627471 ], [ 599290.849999999976717, 6999563.200000000186265 ] ] } },
{ "type": "Feature", "properties": { "river": "Rio_Taio", "reach": "R1", "rs": 123.27 }, "geometry": { "type": "LineString", "coordinates": [ [ 598687.12, 7000429.950000000186265 ], [ 599590.24, 7000000.559999999590218 ] ] } },
{ "type": "Feature", "properties": { "river": "Rio_Taio", "reach": "R1", "rs": 75.0 }, "geometry": { "type": "LineString", "coordinates": [ [ 598693.89000000001397, 7000460.549999999813735 ], [ 599611.21999999997206, 7000062.429999999701977 ] ] } },
{ "type": "Feature", "properties": { "river": "Rio_das_Pombas", "reach": "R1", "rs": 17433.79 }, "geometry": { "type": "LineString", "coordinates": [ [ 606539.099999999976717, 6987011.360000000335276 ], [ 606539.099999999976717, 6986113.740000000223517 ] ] } },
{ "type": "Feature", "properties": { "river": "Rio_das_Pombas", "reach": "R1", "rs": 16486.57 }, "geometry": { "type": "LineString", "coordinates": [ [ 607670.150000000023283, 6986656.75 ], [ 607161.57999999995809, 6985917.099999999627471 ] ] } },
{ "type": "Feature", "properties": { "river": "Rio_das_Pombas", "reach": "R1", "rs": 15513.29 }, "geometry": { "type": "LineString", "coordinates": [ [ 608465.60999999998603, 6986407.120000000111759 ], [ 608153.42000000004191, 6985565.54 ] ] } },
{ "type": "Feature", "properties": { "river": "Rio_das_Pombas", "reach": "R1", "rs": 14513.29 }, "geometry": { "type": "LineString", "coordinates": [ [ 608614.849999999976717, 6986070.099999999627471 ], [ 609453.770000000018626, 6985750.83 ] ] } },
{ "type": "Feature", "properties": { "river": "Rio_das_Pombas", "reach": "R1", "rs": 13513.29 }, "geometry": { "type": "LineString", "coordinates": [ [ 609860.12, 6986371.240000000223517 ], [ 609552.459999999962747, 6985527.990000000223517 ] ] } },
{ "type": "Feature", "properties": { "river": "Rio_das_Pombas", "reach": "R1", "rs": 12513.29 }, "geometry": { "type": "LineString", "coordinates": [ [ 610655.979999999981374, 6986736.110000000335276 ], [ 610390.819999999948777, 6985878.0 ] ] } },
{ "type": "Feature", "properties": { "river": "Rio_das_Pombas", "reach": "R1", "rs": 11513.29 }, "geometry": { "type": "LineString", "coordinates": [ [ 611125.319999999948777, 6986293.139999999664724 ], [ 611569.62, 6985499.92 ] ] } },
{ "type": "Feature", "properties": { "river": "Rio_das_Pombas", "reach": "R1", "rs": 10513.29 }, "geometry": { "type": "LineString", "coordinates": [ [ 611808.040000000037253, 6987028.46 ], [ 612242.310000000055879, 6986232.370000000111759 ] ] } },
{ "type": "Feature", "properties": { "river": "Rio_das_Pombas", "reach": "R1", "rs": 9615.26 }, "geometry": { "type": "LineString", "coordinates": [ [ 612648.17000000004191, 6987081.929999999701977 ], [ 613096.28000000002794, 6986308.5 ] ] } },
{ "type": "Feature", "properties": { "river": "Rio_das_Pombas", "reach": "R1", "rs": 8644.38 }, "geometry": { "type": "LineString", "coordinates": [ [ 613466.339999999967404, 6987543.900000000372529 ], [ 613937.71999999997206, 6986819.480000000447035 ] ] } },
{ "type": "Feature", "properties": { "river": "Rio_das_Pombas", "reach": "R1", "rs": 7683.58 }, "geometry": { "type": "LineString", "coordinates": [ [ 613618.459999999962747, 6988129.75 ], [ 614406.709999999962747, 6987828.0 ] ] } },
{ "type": "Feature", "properties": { "river": "Rio_das_Pombas", "reach": "R1", "rs": 6826.68 }, "geometry": { "type": "LineString", "coordinates": [ [ 614869.449999999953434, 6988464.190000000409782 ], [ 614687.74, 6987650.320000000298023 ] ] } },
{ "type": "Feature", "properties": { "river": "Rio_das_Pombas", "reach": "R1", "rs": 6031.53 }, "geometry": { "type": "LineString", "coordinates": [ [ 615048.729999999981374, 6988778.110000000335276 ], [ 615648.540000000037253, 6988204.570000000298023 ] ] } },
{ "type": "Feature", "properties": { "river": "Rio_das_Pombas", "reach": "R1", "rs": 5292.35 }, "geometry": { "type": "LineString", "coordinates": [ [ 615863.300000000046566, 6989232.429999999701977 ], [ 616119.10999999998603, 6988442.950000000186265 ] ] } },
{ "type": "Feature", "properties": { "river": "Rio_das_Pombas", "reach": "R1", "rs": 4320.94 }, "geometry": { "type": "LineString", "coordinates": [ [ 616103.709999999962747, 6989299.75 ], [ 616872.729999999981374, 6989629.820000000298023 ] ] } },
{ "type": "Feature", "properties": { "river": "Rio_das_Pombas", "reach": "R1", "rs": 3320.94 }, "geometry": { "type": "LineString", "coordinates": [ [ 616223.26, 6990648.120000000111759 ], [ 616652.540000000037253, 6989913.570000000298023 ] ] } },
{ "type": "Feature", "properties": { "river": "Rio_das_Pombas", "reach": "R1", "rs": 2362.63 }, "geometry": { "type": "LineString", "coordinates": [ [ 617032.75, 6991160.099999999627471 ], [ 617465.35999999998603, 6990374.79 ] ] } },
{ "type": "Feature", "properties": { "river": "Rio_das_Pombas", "reach": "R1", "rs": 1456.81 }, "geometry": { "type": "LineString", "coordinates": [ [ 617653.660000000032596, 6991283.099999999627471 ], [ 618470.040000000037253, 6990826.46 ] ] } },
{ "type": "Feature", "properties": { "river": "Rio_das_Pombas", "reach": "R1", "rs": 529.59 }, "geometry": { "type": "LineString", "coordinates": [ [ 617844.07999999995809, 6992180.660000000149012 ], [ 618699.040000000037253, 6991720.53000000026077 ] ] } },
{ "type": "Feature", "properties": { "river": "Rio_das_Pombas", "reach": "R1", "rs": 75.0 }, "geometry": { "type": "LineString", "coordinates": [ [ 618049.459999999962747, 6992553.29 ], [ 618931.67000000004191, 6992139.200000000186265 ] ] } },
{ "type": "Feature", "properties": { "river": "Rio_do_Testo", "reach": "R1", "rs": 6083.3 }, "geometry": { "type": "LineString", "coordinates": [ [ 683563.540000000037253, 7028265.099999999627471 ], [ 683245.21999999997206, 7028753.71 ] ] } },
{ "type": "Feature", "properties": { "river": "Rio_do_Testo", "reach": "R1", "rs": 5838.51 }, "geometry": { "type": "LineString", "coordinates": [ [ 683419.57999999995809, 7028206.150000000372529 ], [ 682973.709999999962747, 7028580.139999999664724 ] ] } },
{ "type": "Feature", "properties": { "river": "Rio_do_Testo", "reach": "R1", "rs": 5524.11 }, "geometry": { "type": "LineString", "coordinates": [ [ 683346.5, 7028094.860000000335276 ], [ 682767.589999999967404, 7028140.79 ] ] } },
{ "type": "Feature", "properties": { "river": "Rio_do_Testo", "reach": "R1", "rs": 4835.83 }, "geometry": { "type": "LineString", "coordinates": [ [ 683488.959999999962747, 7027538.410000000149012 ], [ 682925.150000000023283, 7027345.559999999590218 ] ] } },
{ "type": "Feature", "properties": { "river": "Rio_do_Testo", "reach": "R1", "rs": 4243.26 }, "geometry": { "type": "LineString", "coordinates": [ [ 683567.540000000037253, 7026982.04 ], [ 683006.28000000002794, 7026725.42 ] ] } },
{ "type": "Feature", "properties": { "river": "Rio_do_Testo", "reach": "R1", "rs": 3693.34 }, "geometry": { "type": "LineString", "coordinates": [ [ 683656.89000000001397, 7027095.67 ], [ 683917.910000000032596, 7026513.059999999590218 ] ] } },
{ "type": "Feature", "properties": { "river": "Rio_do_Testo", "reach": "R1", "rs": 2929.22 }, "geometry": { "type": "LineString", "coordinates": [ [ 684623.10999999998603, 7026808.58 ], [ 684111.38, 7026423.660000000149012 ] ] } },
{ "type": "Feature", "properties": { "river": "Rio_do_Testo", "reach": "R1", "rs": 2203.38 }, "geometry": { "type": "LineString", "coordinates": [ [ 684861.17000000004191, 7025999.410000000149012 ], [ 684228.28000000002794, 7025924.139999999664724 ] ] } },
{ "type": "Feature", "properties": { "river": "Rio_do_Testo", "reach": "R1", "rs": 1794.3 }, "geometry": { "type": "LineString", "coordinates": [ [ 684759.17000000004191, 7025456.700000000186265 ], [ 684220.87, 7025792.349999999627471 ] ] } },
{ "type": "Feature", "properties": { "river": "Rio_do_Testo", "reach": "R1", "rs": 1489.39 }, "geometry": { "type": "LineString", "coordinates": [ [ 684555.85999999998603, 7025258.379999999888241 ], [ 683986.699999999953434, 7025545.150000000372529 ] ] } },
{ "type": "Feature", "properties": { "river": "Rio_do_Testo", "reach": "R1", "rs": 1221.33 }, "geometry": { "type": "LineString", "coordinates": [ [ 684544.979999999981374, 7025189.08 ], [ 683935.21999999997206, 7024984.28000000026077 ] ] } },
{ "type": "Feature", "properties": { "river": "Rio_do_Testo", "reach": "R1", "rs": 770.54 }, "geometry": { "type": "LineString", "coordinates": [ [ 684773.979999999981374, 7024958.21999999973923 ], [ 684335.199999999953434, 7024453.139999999664724 ] ] } },
{ "type": "Feature", "properties": { "river": "Rio_do_Testo", "reach": "R1", "rs": 308.09 }, "geometry": { "type": "LineString", "coordinates": [ [ 685120.85999999998603, 7024849.190000000409782 ], [ 684858.660000000032596, 7024124.120000000111759 ] ] } },
{ "type": "Feature", "properties": { "river": "Rio_do_Testo", "reach": "R1", "rs": 75.0 }, "geometry": { "type": "LineString", "coordinates": [ [ 685362.199999999953434, 7024855.450000000186265 ], [ 685081.189999999944121, 7024032.059999999590218 ] ] } }
]
}
