nivel;camada;onde;mensagem
Fatal;Rivers;Itajai_Acu - R2;Polyline has duplicate points - consider filtering.
Fatal;Cross Sections;Itajai_Norte, R1 (118822.9);XS intersects < 2 banklines
Fatal;Cross Sections;Itajai_Norte, R1 (118747.9);XS intersects < 2 banklines
Fatal;Cross Sections;Itajai_Norte, R1 (118597.9);XS intersects < 2 banklines
Fatal;Cross Sections;Itajai_Norte, R1 (118447.9);XS intersects < 2 banklines
Fatal;Cross Sections;Itajai_Norte, R1 (118297.9);XS intersects < 2 banklines
Fatal;Cross Sections;Itajai_Norte, R1 (118103.9);XS intersects < 2 banklines
Fatal;Cross Sections;Itajai_Norte, R1 (117835.6);XS intersects < 2 banklines
Fatal;Cross Sections;Itajai_Norte, R1 (117486.0);XS intersects < 2 banklines
Fatal;Cross Sections;Itajai_Norte, R1 (116981.0);XS intersects < 2 banklines
Fatal;Cross Sections;Itajai_Norte, R1 (116783.7);XS intersects < 2 banklines
Fatal;Cross Sections;Itajai_Norte, R1 (116633.7);XS intersects < 2 banklines
Fatal;Cross Sections;Itajai_Norte, R1 (116483.7);XS intersects < 2 banklines
Fatal;Cross Sections;Itajai_Norte, R1 (116333.7);XS intersects < 2 banklines
Fatal;Cross Sections;Itajai_Norte, R1 (116183.7);XS intersects < 2 banklines
Fatal;Cross Sections;Itajai_Norte, R1 (116033.7);XS intersects < 2 banklines
Fatal;Cross Sections;Itajai_Norte, R1 (115883.7);XS intersects < 2 banklines
Fatal;Cross Sections;Itajai_Norte, R1 (115733.7);XS intersects < 2 banklines
Fatal;Cross Sections;Itajai_Norte, R1 (115583.7);XS intersects < 2 banklines
Fatal;Cross Sections;Itajai_Norte, R1 (115433.7);XS intersects < 2 banklines
Fatal;Cross Sections;Itajai_Norte, R1 (115283.7);XS intersects < 2 banklines
Fatal;Cross Sections;Itajai_Norte, R1 (115133.7);XS intersects < 2 banklines
Fatal;Cross Sections;Itajai_Norte, R1 (114983.7);XS intersects < 2 banklines
Fatal;Cross Sections;Itajai_Norte, R1 (114833.7);XS intersects < 2 banklines
Fatal;Cross Sections;Itajai_Norte, R1 (114683.7);XS intersects < 2 banklines
Fatal;Cross Sections;Itajai_Norte, R1 (114533.7);XS intersects < 2 banklines
Fatal;Cross Sections;Itajai_Norte, R1 (114383.7);XS intersects < 2 banklines
Fatal;Cross Sections;Itajai_Norte, R1 (114233.7);XS intersects < 2 banklines
Fatal;Cross Sections;Itajai_Norte, R1 (114083.7);XS intersects < 2 banklines
Fatal;Cross Sections;Itajai_Norte, R1 (113933.7);XS intersects < 2 banklines
Fatal;Cross Sections;Itajai_Norte, R1 (113783.7);XS intersects < 2 banklines
Fatal;Cross Sections;Itajai_Norte, R1 (113633.7);XS intersects < 2 banklines
Fatal;Cross Sections;Itajai_Norte, R1 (113483.7);XS intersects < 2 banklines
Fatal;Cross Sections;Itajai_Norte, R1 (113333.7);XS intersects < 2 banklines
Fatal;Cross Sections;Itajai_Norte, R1 (113183.7);XS intersects < 2 banklines
Fatal;Cross Sections;Itajai_Norte, R1 (113033.7);XS intersects < 2 banklines
Fatal;Cross Sections;Itajai_Norte, R1 (112883.7);XS intersects < 2 banklines
Fatal;Cross Sections;Itajai_Norte, R1 (112733.7);XS intersects < 2 banklines
Fatal;Cross Sections;Itajai_Norte, R1 (112583.7);XS intersects < 2 banklines
Fatal;Cross Sections;Itajai_Norte, R1 (112433.7);XS intersects < 2 banklines
Fatal;Cross Sections;Itajai_Norte, R1 (112283.7);XS intersects < 2 banklines
Fatal;Cross Sections;Itajai_Norte, R1 (112133.7);XS intersects < 2 banklines
Fatal;Cross Sections;Itajai_Norte, R1 (111983.7);XS intersects < 2 banklines
Fatal;Cross Sections;Itajai_Norte, R1 (111833.7);XS intersects < 2 banklines
Fatal;Cross Sections;Itajai_Norte, R1 (111683.7);XS intersects < 2 banklines
Fatal;Cross Sections;Itajai_Norte, R1 (111533.7);XS intersects < 2 banklines
Fatal;Cross Sections;Itajai_Norte, R1 (111383.7);XS intersects < 2 banklines
Fatal;Cross Sections;Itajai_Norte, R1 (111233.7);XS intersects < 2 banklines
Fatal;Cross Sections;Itajai_Norte, R1 (111083.7);XS intersects < 2 banklines
Fatal;Cross Sections;Itajai_Norte, R1 (110933.7);XS intersects < 2 banklines
Fatal;Cross Sections;Itajai_Norte, R1 (110783.7);XS intersects < 2 banklines
Fatal;Cross Sections;Itajai_Norte, R1 (110633.7);XS intersects < 2 banklines
Fatal;Cross Sections;Itajai_Norte, R1 (110483.7);XS intersects < 2 banklines
Fatal;Cross Sections;Itajai_Norte, R1 (110333.7);XS intersects < 2 banklines
Fatal;Cross Sections;Itajai_Norte, R1 (110183.7);XS intersects < 2 banklines
Fatal;Cross Sections;Itajai_Norte, R1 (110033.7);XS intersects < 2 banklines
Fatal;Cross Sections;Itajai_Norte, R1 (109883.7);XS intersects < 2 banklines
Fatal;Cross Sections;Itajai_Norte, R1 (109733.7);XS intersects < 2 banklines
Fatal;Cross Sections;Itajai_Norte, R1 (109583.7);XS intersects < 2 banklines
Fatal;Cross Sections;Itajai_Norte, R1 (109433.7);XS intersects < 2 banklines
Fatal;Cross Sections;Itajai_Norte, R1 (109283.7);XS intersects < 2 banklines
Fatal;Cross Sections;Itajai_Norte, R1 (109133.7);XS intersects < 2 banklines
Fatal;Cross Sections;Itajai_Norte, R1 (108983.7);XS intersects < 2 banklines
Fatal;Cross Sections;Itajai_Norte, R1 (108833.7);XS intersects < 2 banklines
Fatal;Cross Sections;Itajai_Norte, R1 (108683.7);XS intersects < 2 banklines
Fatal;Cross Sections;Itajai_Norte, R1 (108533.7);XS intersects < 2 banklines
Fatal;Cross Sections;Itajai_Norte, R1 (108383.7);XS intersects < 2 banklines
Fatal;Cross Sections;Itajai_Norte, R1 (108233.7);XS intersects < 2 banklines
Fatal;Cross Sections;Itajai_Norte, R1 (108083.7);XS intersects < 2 banklines
Fatal;Cross Sections;Itajai_Norte, R1 (107933.7);XS intersects < 2 banklines
Fatal;Cross Sections;Itajai_Norte, R1 (107783.7);XS intersects < 2 banklines
Fatal;Cross Sections;Itajai_Norte, R1 (107633.7);XS intersects < 2 banklines
Fatal;Cross Sections;Itajai_Norte, R1 (107483.7);XS intersects < 2 banklines
Fatal;Cross Sections;Itajai_Norte, R1 (107333.7);XS intersects < 2 banklines
Fatal;Cross Sections;Itajai_Norte, R1 (107183.7);XS intersects < 2 banklines
Fatal;Cross Sections;Itajai_Norte, R1 (107033.7);XS intersects < 2 banklines
Fatal;Cross Sections;Itajai_Norte, R1 (106883.7);XS intersects < 2 banklines
Fatal;Cross Sections;Itajai_Norte, R1 (106733.7);XS intersects < 2 banklines
Fatal;Cross Sections;Itajai_Norte, R1 (106583.7);XS intersects < 2 banklines
Fatal;Cross Sections;Itajai_Norte, R1 (106433.7);XS intersects < 2 banklines
Fatal;Cross Sections;Itajai_Norte, R1 (106283.7);XS intersects < 2 banklines
Fatal;Cross Sections;Itajai_Norte, R1 (106133.7);XS intersects < 2 banklines
Fatal;Cross Sections;Itajai_Norte, R1 (105981.1);XS intersects < 2 banklines
Fatal;Cross Sections;Itajai_Norte, R1 (105800.7);XS intersects < 2 banklines
Fatal;Cross Sections;Itajai_Norte, R1 (105539.1);XS intersects < 2 banklines
Fatal;Cross Sections;Itajai_Norte, R1 (105085.4);XS intersects < 2 banklines
Fatal;Cross Sections;Itajai_Norte, R1 (104153.4);XS intersects < 2 banklines
Fatal;Cross Sections;Itajai_Norte, R1 (103221.4);XS intersects < 2 banklines
Fatal;Cross Sections;Itajai_Norte, R1 (102347.4);XS intersects < 2 banklines
Fatal;Cross Sections;Itajai_Norte, R1 (101551.4);XS intersects < 2 banklines
Fatal;Cross Sections;Itajai_Norte, R1 (100593.2);XS intersects < 2 banklines
Fatal;Cross Sections;Itajai_Norte, R1 (99593.20);XS intersects < 2 banklines
Fatal;Cross Sections;Itajai_Norte, R1 (98608.09);XS intersects < 2 banklines
Fatal;Cross Sections;Itajai_Norte, R1 (97812.09);XS intersects < 2 banklines
Fatal;Cross Sections;Itajai_Norte, R1 (97016.09);XS intersects < 2 banklines
Fatal;Cross Sections;Itajai_Norte, R1 (96662.09);XS intersects < 2 banklines
Fatal;Cross Sections;Itajai_Norte, R1 (96276.02);XS intersects < 2 banklines
Fatal;Cross Sections;Itajai_Norte, R1 (95771.94);XS intersects < 2 banklines
Fatal;Cross Sections;Itajai_Norte, R1 (94856.81);XS intersects < 2 banklines
Fatal;Cross Sections;Itajai_Norte, R1 (93930.40);XS intersects < 2 banklines
Fatal;Cross Sections;Itajai_Norte, R1 (92998.40);XS intersects < 2 banklines
Fatal;Cross Sections;Itajai_Norte, R1 (92209.08);XS intersects < 2 banklines
Fatal;Cross Sections;Itajai_Norte, R1 (91549.08);XS intersects < 2 banklines
Fatal;Cross Sections;Itajai_Norte, R1 (90889.08);XS intersects < 2 banklines
Fatal;Cross Sections;Itajai_Norte, R1 (90229.08);XS intersects < 2 banklines
Fatal;Cross Sections;Itajai_Norte, R1 (89637.98);XS intersects < 2 banklines
Fatal;Cross Sections;Itajai_Norte, R1 (89215.98);XS intersects < 2 banklines
Fatal;Cross Sections;Itajai_Norte, R1 (88818.72);XS intersects < 2 banklines
Fatal;Cross Sections;Itajai_Norte, R1 (88375.18);XS intersects < 2 banklines
Fatal;Cross Sections;Itajai_Norte, R1 (87882.22);XS intersects < 2 banklines
Fatal;Cross Sections;Itajai_Norte, R1 (87408.82);XS intersects < 2 banklines
Fatal;Cross Sections;Itajai_Norte, R1 (87192.40);XS intersects < 2 banklines
Fatal;Cross Sections;Itajai_Norte, R1 (86977.47);XS intersects < 2 banklines
Fatal;Cross Sections;Itajai_Norte, R1 (86806.81);XS intersects < 2 banklines
Fatal;Cross Sections;Itajai_Norte, R1 (86656.81);XS intersects < 2 banklines
Fatal;Cross Sections;Itajai_Norte, R1 (86506.81);XS intersects < 2 banklines
Fatal;Cross Sections;Itajai_Norte, R1 (86356.81);XS intersects < 2 banklines
Fatal;Cross Sections;Itajai_Norte, R1 (86206.81);XS intersects < 2 banklines
Fatal;Cross Sections;Itajai_Norte, R1 (86056.81);XS intersects < 2 banklines
Fatal;Cross Sections;Itajai_Norte, R1 (85906.81);XS intersects < 2 banklines
Fatal;Cross Sections;Itajai_Norte, R1 (85756.81);XS intersects < 2 banklines
Fatal;Cross Sections;Itajai_Norte, R1 (85606.81);XS intersects < 2 banklines
Fatal;Cross Sections;Itajai_Norte, R1 (85456.81);XS intersects < 2 banklines
Fatal;Cross Sections;Itajai_Norte, R1 (85306.81);XS intersects < 2 banklines
Fatal;Cross Sections;Itajai_Norte, R1 (85156.81);XS intersects < 2 banklines
Fatal;Cross Sections;Itajai_Norte, R1 (85006.81);XS intersects < 2 banklines
Fatal;Cross Sections;Itajai_Norte, R1 (84856.81);XS intersects < 2 banklines
Fatal;Cross Sections;Itajai_Norte, R1 (84701.22);XS intersects < 2 banklines
Fatal;Cross Sections;Itajai_Norte, R1 (84524.46);XS intersects < 2 banklines
Fatal;Cross Sections;Itajai_Norte, R1 (84323.67);XS intersects < 2 banklines
Fatal;Cross Sections;Itajai_Norte, R1 (84105.67);XS intersects < 2 banklines
Fatal;Cross Sections;Itajai_Norte, R1 (83881.92);XS intersects < 2 banklines
Fatal;Cross Sections;Itajai_Norte, R1 (83632.10);XS intersects < 2 banklines
Fatal;Cross Sections;Itajai_Norte, R1 (83416.25);XS intersects < 2 banklines
Fatal;Cross Sections;Itajai_Norte, R1 (83229.76);XS intersects < 2 banklines
Fatal;Cross Sections;Itajai_Norte, R1 (83022.89);XS intersects < 2 banklines
Fatal;Cross Sections;Itajai_Norte, R1 (82821.90);XS intersects < 2 banklines
Fatal;Cross Sections;Itajai_Norte, R1 (82648.24);XS intersects < 2 banklines
Fatal;Cross Sections;Itajai_Norte, R1 (82498.20);XS intersects < 2 banklines
Fatal;Cross Sections;Itajai_Norte, R1 (82307.47);XS intersects < 2 banklines
Fatal;Cross Sections;Itajai_Norte, R1 (82034.06);XS intersects < 2 banklines
Fatal;Cross Sections;Itajai_Norte, R1 (81662.96);XS intersects < 2 banklines
Fatal;Cross Sections;Itajai_Norte, R1 (81435.58);XS intersects < 2 banklines
Fatal;Cross Sections;Itajai_Norte, R1 (81188.50);XS intersects < 2 banklines
Fatal;Cross Sections;Itajai_Norte, R1 (80964.78);XS intersects < 2 banklines
Fatal;Cross Sections;Itajai_Norte, R1 (80796.55);XS intersects < 2 banklines
Fatal;Cross Sections;Itajai_Norte, R1 (80646.55);XS intersects < 2 banklines
Fatal;Cross Sections;Itajai_Norte, R1 (80495.60);XS intersects < 2 banklines
Fatal;Cross Sections;Itajai_Norte, R1 (80242.01);XS intersects < 2 banklines
Fatal;Cross Sections;Itajai_Norte, R1 (79922.01);XS intersects < 2 banklines
Fatal;Cross Sections;Itajai_Norte, R1 (79540.55);XS intersects < 2 banklines
Fatal;Cross Sections;Itajai_Norte, R1 (79118.55);XS intersects < 2 banklines
Fatal;Cross Sections;Itajai_Norte, R1 (78658.56);XS intersects < 2 banklines
Fatal;Cross Sections;Itajai_Norte, R1 (78168.56);XS intersects < 2 banklines
Fatal;Cross Sections;Itajai_Norte, R1 (77678.56);XS intersects < 2 banklines
Fatal;Cross Sections;Itajai_Norte, R1 (77528.56);XS intersects < 2 banklines
Fatal;Cross Sections;Itajai_Norte, R1 (77378.56);XS intersects < 2 banklines
Fatal;Cross Sections;Itajai_Norte, R1 (77228.56);XS intersects < 2 banklines
Fatal;Cross Sections;Itajai_Norte, R1 (77078.56);XS intersects < 2 banklines
Fatal;Cross Sections;Itajai_Norte, R1 (76928.56);XS intersects < 2 banklines
Fatal;Cross Sections;Itajai_Norte, R1 (76778.56);XS intersects < 2 banklines
Fatal;Cross Sections;Itajai_Norte, R1 (76628.56);XS intersects < 2 banklines
Fatal;Cross Sections;Itajai_Norte, R1 (76478.56);XS intersects < 2 banklines
Fatal;Cross Sections;Itajai_Norte, R1 (76328.56);XS intersects < 2 banklines
Fatal;Cross Sections;Itajai_Norte, R1 (76112.49);XS intersects < 2 banklines
Fatal;Cross Sections;Itajai_Norte, R1 (75734.14);XS intersects < 2 banklines
Fatal;Cross Sections;Itajai_Norte, R1 (75436.42);XS intersects < 2 banklines
Fatal;Cross Sections;Itajai_Norte, R1 (75179.18);XS intersects < 2 banklines
Fatal;Cross Sections;Itajai_Norte, R1 (74956.94);XS intersects < 2 banklines
Fatal;Cross Sections;Itajai_Norte, R1 (74738.94);XS intersects < 2 banklines
Fatal;Cross Sections;Itajai_Norte, R1 (74520.94);XS intersects < 2 banklines
Fatal;Cross Sections;Itajai_Norte, R1 (74302.94);XS intersects < 2 banklines
Fatal;Cross Sections;Itajai_Norte, R1 (74084.94);XS intersects < 2 banklines
Fatal;Cross Sections;Itajai_Norte, R1 (73866.94);XS intersects < 2 banklines
Fatal;Cross Sections;Itajai_Norte, R1 (73648.94);XS intersects < 2 banklines
Fatal;Cross Sections;Itajai_Norte, R1 (73430.94);XS intersects < 2 banklines
Fatal;Cross Sections;Itajai_Norte, R1 (73153.91);XS intersects < 2 banklines
Fatal;Cross Sections;Itajai_Norte, R1 (72801.53);XS intersects < 2 banklines
Fatal;Cross Sections;Itajai_Norte, R1 (72651.53);XS intersects < 2 banklines
Fatal;Cross Sections;Itajai_Norte, R1 (72501.53);XS intersects < 2 banklines
Fatal;Cross Sections;Itajai_Norte, R1 (72351.53);XS intersects < 2 banklines
Fatal;Cross Sections;Itajai_Norte, R1 (72201.53);XS intersects < 2 banklines
Fatal;Cross Sections;Itajai_Norte, R1 (72051.53);XS intersects < 2 banklines
Fatal;Cross Sections;Itajai_Norte, R1 (71901.53);XS intersects < 2 banklines
Fatal;Cross Sections;Itajai_Norte, R1 (71751.53);XS intersects < 2 banklines
Fatal;Cross Sections;Itajai_Norte, R1 (71598.13);XS intersects < 2 banklines
Fatal;Cross Sections;Itajai_Norte, R1 (71442.31);XS intersects < 2 banklines
Fatal;Cross Sections;Itajai_Norte, R1 (71286.50);XS intersects < 2 banklines
Fatal;Cross Sections;Itajai_Norte, R1 (70814.99);XS intersects < 2 banklines
Fatal;Cross Sections;Itajai_Norte, R1 (69928.27);XS intersects < 2 banklines
Fatal;Cross Sections;Itajai_Norte, R1 (69030.27);XS intersects < 2 banklines
Fatal;Cross Sections;Itajai_Norte, R1 (68182.28);XS intersects < 2 banklines
Fatal;Cross Sections;Itajai_Norte, R1 (67284.28);XS intersects < 2 banklines
Fatal;Cross Sections;Itajai_Norte, R1 (66420.28);XS intersects < 2 banklines
Fatal;Cross Sections;Itajai_Norte, R1 (65584.20);XS intersects < 2 banklines
Fatal;Cross Sections;Itajai_Norte, R1 (65154.21);XS intersects < 2 banklines
Fatal;Cross Sections;Itajai_Norte, R1 (64833.36);XS intersects < 2 banklines
Fatal;Cross Sections;Itajai_Norte, R1 (64479.36);XS intersects < 2 banklines
Fatal;Cross Sections;Itajai_Norte, R1 (64125.36);XS intersects < 2 banklines
Fatal;Cross Sections;Itajai_Norte, R1 (63771.36);XS intersects < 2 banklines
Fatal;Cross Sections;Itajai_Norte, R1 (63434.57);XS intersects < 2 banklines
Fatal;Cross Sections;Itajai_Norte, R1 (63143.59);XS intersects < 2 banklines
Fatal;Cross Sections;Itajai_Norte, R1 (62821.82);XS intersects < 2 banklines
Fatal;Cross Sections;Itajai_Norte, R1 (62379.11);XS intersects < 2 banklines
Fatal;Cross Sections;Itajai_Norte, R1 (61810.86);XS intersects < 2 banklines
Fatal;Cross Sections;Itajai_Norte, R1 (61048.86);XS intersects < 2 banklines
Fatal;Cross Sections;Itajai_Norte, R1 (60232.34);XS intersects < 2 banklines
Fatal;Cross Sections;Itajai_Norte, R1 (59470.34);XS intersects < 2 banklines
Fatal;Cross Sections;Itajai_Norte, R1 (58708.34);XS intersects < 2 banklines
Fatal;Cross Sections;Itajai_Norte, R1 (57920.55);XS intersects < 2 banklines
Fatal;Cross Sections;Itajai_Norte, R1 (57114.70);XS intersects < 2 banklines
Fatal;Cross Sections;Itajai_Norte, R1 (56507.59);XS intersects < 2 banklines
Fatal;Cross Sections;Itajai_Norte, R1 (55841.84);XS intersects < 2 banklines
Fatal;Cross Sections;Itajai_Norte, R1 (55607.87);XS intersects < 2 banklines
Fatal;Cross Sections;Itajai_Norte, R1 (55457.87);XS intersects < 2 banklines
Fatal;Cross Sections;Itajai_Norte, R1 (55307.87);XS intersects < 2 banklines
Fatal;Cross Sections;Itajai_Norte, R1 (55157.87);XS intersects < 2 banklines
Fatal;Cross Sections;Itajai_Norte, R1 (55007.87);XS intersects < 2 banklines
Fatal;Cross Sections;Itajai_Norte, R1 (54786.99);XS intersects < 2 banklines
Fatal;Cross Sections;Itajai_Norte, R1 (54368.39);XS intersects < 2 banklines
Fatal;Cross Sections;Itajai_Norte, R1 (53678.98);XS intersects < 2 banklines
Fatal;Cross Sections;Itajai_Norte, R1 (52765.96);XS intersects < 2 banklines
Fatal;Cross Sections;Itajai_Norte, R1 (52400.17);XS intersects < 2 banklines
Fatal;Cross Sections;Itajai_Norte, R1 (52183.98);XS intersects < 2 banklines
Fatal;Cross Sections;Itajai_Norte, R1 (51970.19);XS intersects < 2 banklines
Fatal;Cross Sections;Itajai_Norte, R1 (51683.81);XS intersects < 2 banklines
Fatal;Cross Sections;Itajai_Norte, R1 (51509.98);XS intersects < 2 banklines
Fatal;Cross Sections;Itajai_Norte, R1 (51271.48);XS intersects < 2 banklines
Fatal;Cross Sections;Itajai_Norte, R1 (51042.24);XS intersects < 2 banklines
Fatal;Cross Sections;Itajai_Norte, R1 (50892.24);XS intersects < 2 banklines
Fatal;Cross Sections;Itajai_Norte, R1 (50742.24);XS intersects < 2 banklines
Fatal;Cross Sections;Itajai_Norte, R1 (50592.24);XS intersects < 2 banklines
Fatal;Cross Sections;Itajai_Norte, R1 (50442.24);XS intersects < 2 banklines
Fatal;Cross Sections;Itajai_Norte, R1 (50292.24);XS intersects < 2 banklines
Fatal;Cross Sections;Itajai_Norte, R1 (50142.24);XS intersects < 2 banklines
Fatal;Cross Sections;Itajai_Norte, R1 (49991.11);XS intersects < 2 banklines
Fatal;Cross Sections;Itajai_Norte, R1 (49810.21);XS intersects < 2 banklines
Fatal;Cross Sections;Itajai_Norte, R1 (49557.66);XS intersects < 2 banklines
Fatal;Cross Sections;Itajai_Norte, R1 (49257.01);XS intersects < 2 banklines
Fatal;Cross Sections;Itajai_Norte, R1 (49080.21);XS intersects < 2 banklines
Fatal;Cross Sections;Itajai_Norte, R1 (48930.21);XS intersects < 2 banklines
Fatal;Cross Sections;Itajai_Norte, R1 (48780.21);XS intersects < 2 banklines
Fatal;Cross Sections;Itajai_Norte, R1 (48630.21);XS intersects < 2 banklines
Fatal;Cross Sections;Itajai_Norte, R1 (48480.21);XS intersects < 2 banklines
Fatal;Cross Sections;Itajai_Norte, R1 (48330.21);XS intersects < 2 banklines
Fatal;Cross Sections;Itajai_Norte, R1 (48178.92);XS intersects < 2 banklines
Fatal;Cross Sections;Itajai_Norte, R1 (48024.73);XS intersects < 2 banklines
Fatal;Cross Sections;Itajai_Norte, R1 (47783.09);XS intersects < 2 banklines
Fatal;Cross Sections;Itajai_Norte, R1 (47375.60);XS intersects < 2 banklines
Fatal;Cross Sections;Itajai_Norte, R1 (46637.23);XS intersects < 2 banklines
Fatal;Cross Sections;Itajai_Norte, R1 (45637.23);XS intersects < 2 banklines
Fatal;Cross Sections;Itajai_Norte, R1 (44638.97);XS intersects < 2 banklines
Fatal;Cross Sections;Itajai_Norte, R1 (44488.97);XS intersects < 2 banklines
Fatal;Cross Sections;Itajai_Norte, R1 (44338.97);XS intersects < 2 banklines
Fatal;Cross Sections;Itajai_Norte, R1 (44188.97);XS intersects < 2 banklines
Fatal;Cross Sections;Itajai_Norte, R1 (44038.97);XS intersects < 2 banklines
Fatal;Cross Sections;Itajai_Norte, R1 (43888.97);XS intersects < 2 banklines
Fatal;Cross Sections;Itajai_Norte, R1 (43738.97);XS intersects < 2 banklines
Fatal;Cross Sections;Itajai_Norte, R1 (43588.97);XS intersects < 2 banklines
Fatal;Cross Sections;Itajai_Norte, R1 (43312.57);XS intersects < 2 banklines
Fatal;Cross Sections;Itajai_Norte, R1 (42519.43);XS intersects < 2 banklines
Fatal;Cross Sections;Itajai_Norte, R1 (41519.43);XS intersects < 2 banklines
Fatal;Cross Sections;Itajai_Norte, R1 (40519.43);XS intersects < 2 banklines
Fatal;Cross Sections;Itajai_Norte, R1 (39519.43);XS intersects < 2 banklines
Fatal;Cross Sections;Itajai_Norte, R1 (38519.43);XS intersects < 2 banklines
Fatal;Cross Sections;Itajai_Norte, R1 (37519.43);XS intersects < 2 banklines
Fatal;Cross Sections;Itajai_Norte, R1 (36519.43);XS intersects < 2 banklines
Fatal;Cross Sections;Itajai_Norte, R1 (35519.43);XS intersects < 2 banklines
Fatal;Cross Sections;Itajai_Norte, R1 (34519.43);XS intersects < 2 banklines
Fatal;Cross Sections;Itajai_Norte, R1 (33519.43);XS intersects < 2 banklines
Fatal;Cross Sections;Itajai_Norte, R1 (32519.43);XS intersects < 2 banklines
Fatal;Cross Sections;Itajai_Norte, R1 (31519.43);XS intersects < 2 banklines
Fatal;Cross Sections;Itajai_Norte, R1 (30519.43);XS intersects < 2 banklines
Fatal;Cross Sections;Itajai_Norte, R1 (29519.43);XS intersects < 2 banklines
Fatal;Cross Sections;Itajai_Norte, R1 (28519.43);XS intersects < 2 banklines
Fatal;Cross Sections;Itajai_Norte, R1 (27519.43);XS intersects < 2 banklines
Fatal;Cross Sections;Itajai_Norte, R1 (26519.43);XS intersects < 2 banklines
Fatal;Cross Sections;Itajai_Norte, R1 (25519.43);XS intersects < 2 banklines
Fatal;Cross Sections;Itajai_Norte, R1 (24519.43);XS intersects < 2 banklines
Fatal;Cross Sections;Itajai_Norte, R1 (23519.43);XS intersects < 2 banklines
Fatal;Cross Sections;Itajai_Norte, R1 (22519.43);XS intersects < 2 banklines
Fatal;Cross Sections;Itajai_Norte, R1 (21519.43);XS intersects < 2 banklines
Fatal;Cross Sections;Itajai_Norte, R1 (20519.43);XS intersects < 2 banklines
Fatal;Cross Sections;Itajai_Norte, R1 (19624.30);XS intersects < 2 banklines
Fatal;Cross Sections;Itajai_Norte, R1 (19229.87);XS intersects < 2 banklines
Fatal;Cross Sections;Itajai_Norte, R1 (18636.71);XS intersects < 2 banklines
Fatal;Cross Sections;Itajai_Norte, R1 (17768.13);XS intersects < 2 banklines
Fatal;Cross Sections;Itajai_Norte, R1 (16785.79);XS intersects < 2 banklines
Fatal;Cross Sections;Itajai_Norte, R1 (15899.55);XS intersects < 2 banklines
Fatal;Cross Sections;Itajai_Norte, R1 (15749.55);XS intersects < 2 banklines
Fatal;Cross Sections;Itajai_Norte, R1 (15599.55);XS intersects < 2 banklines
Fatal;Cross Sections;Itajai_Norte, R1 (15449.55);XS intersects < 2 banklines
Fatal;Cross Sections;Itajai_Norte, R1 (15299.55);XS intersects < 2 banklines
Fatal;Cross Sections;Itajai_Norte, R1 (15149.55);XS intersects < 2 banklines
Fatal;Cross Sections;Itajai_Norte, R1 (14999.55);XS intersects < 2 banklines
Fatal;Cross Sections;Itajai_Norte, R1 (14849.55);XS intersects < 2 banklines
Fatal;Cross Sections;Itajai_Norte, R1 (14699.55);XS intersects < 2 banklines
Fatal;Cross Sections;Itajai_Norte, R1 (14549.55);XS intersects < 2 banklines
Fatal;Cross Sections;Itajai_Norte, R1 (14332.64);XS intersects < 2 banklines
Fatal;Cross Sections;Itajai_Norte, R1 (14057.05);XS intersects < 2 banklines
Fatal;Cross Sections;Itajai_Norte, R1 (13907.05);XS intersects < 2 banklines
Fatal;Cross Sections;Itajai_Norte, R1 (13757.05);XS intersects < 2 banklines
Fatal;Cross Sections;Itajai_Norte, R1 (13607.05);XS intersects < 2 banklines
Fatal;Cross Sections;Itajai_Norte, R1 (13457.05);XS intersects < 2 banklines
Fatal;Cross Sections;Itajai_Norte, R1 (13307.05);XS intersects < 2 banklines
Fatal;Cross Sections;Itajai_Norte, R1 (13157.05);XS intersects < 2 banklines
Fatal;Cross Sections;Itajai_Norte, R1 (13007.05);XS intersects < 2 banklines
Fatal;Cross Sections;Itajai_Norte, R1 (12837.89);XS intersects < 2 banklines
Fatal;Cross Sections;Itajai_Norte, R1 (12518.31);XS intersects < 2 banklines
Fatal;Cross Sections;Itajai_Norte, R1 (11770.01);XS intersects < 2 banklines
Fatal;Cross Sections;Itajai_Norte, R1 (11093.41);XS intersects < 2 banklines
Fatal;Cross Sections;Itajai_Norte, R1 (10863.66);XS intersects < 2 banklines
Fatal;Cross Sections;Itajai_Norte, R1 (10713.66);XS intersects < 2 banklines
Fatal;Cross Sections;Itajai_Norte, R1 (10563.66);XS intersects < 2 banklines
Fatal;Cross Sections;Itajai_Norte, R1 (10413.66);XS intersects < 2 banklines
Fatal;Cross Sections;Itajai_Norte, R1 (10263.66);XS intersects < 2 banklines
Fatal;Cross Sections;Itajai_Norte, R1 (10113.66);XS intersects < 2 banklines
Fatal;Cross Sections;Itajai_Norte, R1 (9963.66);XS intersects < 2 banklines
Fatal;Cross Sections;Itajai_Norte, R1 (9813.66);XS intersects < 2 banklines
Fatal;Cross Sections;Itajai_Norte, R1 (9663.66);XS intersects < 2 banklines
Fatal;Cross Sections;Itajai_Norte, R1 (9513.66);XS intersects < 2 banklines
Fatal;Cross Sections;Itajai_Norte, R1 (9363.66);XS intersects < 2 banklines
Fatal;Cross Sections;Itajai_Norte, R1 (9213.66);XS intersects < 2 banklines
Fatal;Cross Sections;Itajai_Norte, R1 (9063.66);XS intersects < 2 banklines
Fatal;Cross Sections;Itajai_Norte, R1 (8913.66);XS intersects < 2 banklines
Fatal;Cross Sections;Itajai_Norte, R1 (8763.66);XS intersects < 2 banklines
Fatal;Cross Sections;Itajai_Norte, R1 (8613.66);XS intersects < 2 banklines
Fatal;Cross Sections;Itajai_Norte, R1 (8463.66);XS intersects < 2 banklines
Fatal;Cross Sections;Itajai_Norte, R1 (8313.66);XS intersects < 2 banklines
Fatal;Cross Sections;Itajai_Norte, R1 (8163.66);XS intersects < 2 banklines
Fatal;Cross Sections;Itajai_Norte, R1 (8013.66);XS intersects < 2 banklines
Fatal;Cross Sections;Itajai_Norte, R1 (7863.66);XS intersects < 2 banklines
Fatal;Cross Sections;Itajai_Norte, R1 (7713.66);XS intersects < 2 banklines
Fatal;Cross Sections;Itajai_Norte, R1 (7563.66);XS intersects < 2 banklines
Fatal;Cross Sections;Itajai_Norte, R1 (7413.66);XS intersects < 2 banklines
Fatal;Cross Sections;Itajai_Norte, R1 (7263.66);XS intersects < 2 banklines
Fatal;Cross Sections;Itajai_Norte, R1 (7113.66);XS intersects < 2 banklines
Fatal;Cross Sections;Itajai_Norte, R1 (6963.66);XS intersects < 2 banklines
Fatal;Cross Sections;Itajai_Norte, R1 (6813.66);XS intersects < 2 banklines
Fatal;Cross Sections;Itajai_Norte, R1 (6663.66);XS intersects < 2 banklines
Fatal;Cross Sections;Itajai_Norte, R1 (6513.66);XS intersects < 2 banklines
Fatal;Cross Sections;Itajai_Norte, R1 (6363.66);XS intersects < 2 banklines
Fatal;Cross Sections;Itajai_Norte, R1 (6213.66);XS intersects < 2 banklines
Fatal;Cross Sections;Itajai_Norte, R1 (6063.66);XS intersects < 2 banklines
Fatal;Cross Sections;Itajai_Norte, R1 (5913.66);XS intersects < 2 banklines
Fatal;Cross Sections;Itajai_Norte, R1 (5763.66);XS intersects < 2 banklines
Fatal;Cross Sections;Itajai_Norte, R1 (5613.66);XS intersects < 2 banklines
Fatal;Cross Sections;Itajai_Norte, R1 (5463.66);XS intersects < 2 banklines
Fatal;Cross Sections;Itajai_Norte, R1 (5313.66);XS intersects < 2 banklines
Fatal;Cross Sections;Itajai_Norte, R1 (5163.66);XS intersects < 2 banklines
Fatal;Cross Sections;Itajai_Norte, R1 (5013.66);XS intersects < 2 banklines
Fatal;Cross Sections;Itajai_Norte, R1 (4845.40);XS intersects < 2 banklines
Fatal;Cross Sections;Itajai_Norte, R1 (4639.96);XS intersects < 2 banklines
Fatal;Cross Sections;Itajai_Norte, R1 (4350.70);XS intersects < 2 banklines
Fatal;Cross Sections;Itajai_Norte, R1 (3943.42);XS intersects < 2 banklines
Fatal;Cross Sections;Itajai_Norte, R1 (3425.60);XS intersects < 2 banklines
Fatal;Cross Sections;Itajai_Norte, R1 (3030.08);XS intersects < 2 banklines
Fatal;Cross Sections;Itajai_Norte, R1 (2676.08);XS intersects < 2 banklines
Fatal;Cross Sections;Itajai_Norte, R1 (2322.08);XS intersects < 2 banklines
Fatal;Cross Sections;Itajai_Norte, R1 (1957.76);XS intersects < 2 banklines
Fatal;Cross Sections;Itajai_Norte, R1 (1569.76);XS intersects < 2 banklines
Fatal;Cross Sections;Itajai_Norte, R1 (1271.03);XS intersects < 2 banklines
Fatal;Cross Sections;Itajai_Norte, R1 (1036.29);XS intersects < 2 banklines
Fatal;Cross Sections;Itajai_Norte, R1 (818.29);XS intersects < 2 banklines
Fatal;Cross Sections;Itajai_Norte, R1 (578.62);XS intersects < 2 banklines
Fatal;Cross Sections;Itajai_Norte, R1 (254.91);XS intersects > 2 banklines
Fatal;Cross Sections;Itajai_Norte, R1 (254.91);XS must intersect exactly one Reach.
Fatal;Cross Sections;Itajai_Norte, R1 (75.00);XS intersects > 2 banklines
Fatal;Cross Sections;Itajai_Norte, R1 (75.00);XS must intersect exactly one Reach.
Fatal;Cross Sections;Itajai_Oeste, R1 (56723.30);XS intersects < 2 banklines
Fatal;Cross Sections;Itajai_Oeste, R1 (56088.63);XS intersects < 2 banklines
Fatal;Cross Sections;Itajai_Oeste, R1 (55237.11);XS intersects < 2 banklines
Fatal;Cross Sections;Itajai_Oeste, R1 (54341.45);XS intersects < 2 banklines
Fatal;Cross Sections;Itajai_Oeste, R1 (53765.84);XS intersects < 2 banklines
Fatal;Cross Sections;Itajai_Oeste, R1 (53094.32);XS intersects < 2 banklines
Fatal;Cross Sections;Itajai_Oeste, R1 (52112.09);XS intersects < 2 banklines
Fatal;Cross Sections;Itajai_Oeste, R1 (51112.09);XS intersects < 2 banklines
Fatal;Cross Sections;Itajai_Oeste, R1 (50112.09);XS intersects < 2 banklines
Fatal;Cross Sections;Itajai_Oeste, R1 (49112.09);XS intersects < 2 banklines
Fatal;Cross Sections;Itajai_Oeste, R1 (48169.00);XS intersects < 2 banklines
Fatal;Cross Sections;Itajai_Oeste, R1 (47423.82);XS intersects < 2 banklines
Fatal;Cross Sections;Itajai_Oeste, R1 (46935.70);XS intersects < 2 banklines
Fatal;Cross Sections;Itajai_Oeste, R1 (46785.70);XS intersects < 2 banklines
Fatal;Cross Sections;Itajai_Oeste, R1 (46635.70);XS intersects < 2 banklines
Fatal;Cross Sections;Itajai_Oeste, R1 (46485.70);XS intersects < 2 banklines
Fatal;Cross Sections;Itajai_Oeste, R1 (46211.59);XS intersects < 2 banklines
Fatal;Cross Sections;Itajai_Oeste, R1 (45565.90);XS intersects < 2 banklines
Fatal;Cross Sections;Itajai_Oeste, R1 (44565.90);XS intersects < 2 banklines
Fatal;Cross Sections;Itajai_Oeste, R1 (43646.57);XS intersects < 2 banklines
Fatal;Cross Sections;Itajai_Oeste, R1 (43496.57);XS intersects < 2 banklines
Fatal;Cross Sections;Itajai_Oeste, R1 (43346.57);XS intersects < 2 banklines
Fatal;Cross Sections;Itajai_Oeste, R1 (43196.57);XS intersects < 2 banklines
Fatal;Cross Sections;Itajai_Oeste, R1 (43046.57);XS intersects < 2 banklines
Fatal;Cross Sections;Itajai_Oeste, R1 (42896.57);XS intersects < 2 banklines
Fatal;Cross Sections;Itajai_Oeste, R1 (42746.57);XS intersects < 2 banklines
Fatal;Cross Sections;Itajai_Oeste, R1 (42420.70);XS intersects < 2 banklines
Fatal;Cross Sections;Itajai_Oeste, R1 (41481.11);XS intersects < 2 banklines
Fatal;Cross Sections;Itajai_Oeste, R1 (40481.11);XS intersects < 2 banklines
Fatal;Cross Sections;Itajai_Oeste, R1 (39544.33);XS intersects < 2 banklines
Fatal;Cross Sections;Itajai_Oeste, R1 (39219.38);XS intersects < 2 banklines
Fatal;Cross Sections;Itajai_Oeste, R1 (38799.95);XS intersects < 2 banklines
Fatal;Cross Sections;Itajai_Oeste, R1 (38103.21);XS intersects < 2 banklines
Fatal;Cross Sections;Itajai_Oeste, R1 (37220.30);XS intersects < 2 banklines
Fatal;Cross Sections;Itajai_Oeste, R1 (36702.74);XS intersects < 2 banklines
Fatal;Cross Sections;Itajai_Oeste, R1 (36207.27);XS intersects < 2 banklines
Fatal;Cross Sections;Itajai_Oeste, R1 (35534.56);XS intersects < 2 banklines
Fatal;Cross Sections;Itajai_Oeste, R1 (34534.56);XS intersects < 2 banklines
Fatal;Cross Sections;Itajai_Oeste, R1 (33534.56);XS intersects < 2 banklines
Fatal;Cross Sections;Itajai_Oeste, R1 (32534.56);XS intersects < 2 banklines
Fatal;Cross Sections;Itajai_Oeste, R1 (31534.56);XS intersects < 2 banklines
Fatal;Cross Sections;Itajai_Oeste, R1 (30772.69);XS intersects < 2 banklines
Fatal;Cross Sections;Itajai_Oeste, R1 (30441.03);XS intersects < 2 banklines
Fatal;Cross Sections;Itajai_Oeste, R1 (30025.60);XS intersects < 2 banklines
Fatal;Cross Sections;Itajai_Oeste, R1 (29177.15);XS intersects < 2 banklines
Fatal;Cross Sections;Itajai_Oeste, R1 (28177.15);XS intersects < 2 banklines
Fatal;Cross Sections;Itajai_Oeste, R1 (27599.89);XS intersects < 2 banklines
Fatal;Cross Sections;Itajai_Oeste, R1 (26840.69);XS intersects < 2 banklines
Fatal;Cross Sections;Itajai_Oeste, R1 (26306.77);XS intersects < 2 banklines
Fatal;Cross Sections;Itajai_Oeste, R1 (25709.40);XS intersects < 2 banklines
Fatal;Cross Sections;Itajai_Oeste, R1 (24748.95);XS intersects < 2 banklines
Fatal;Cross Sections;Itajai_Oeste, R1 (23916.35);XS intersects < 2 banklines
Fatal;Cross Sections;Itajai_Oeste, R1 (23077.59);XS intersects < 2 banklines
Fatal;Cross Sections;Itajai_Oeste, R1 (22077.59);XS intersects < 2 banklines
Fatal;Cross Sections;Itajai_Oeste, R1 (21077.59);XS intersects < 2 banklines
Fatal;Cross Sections;Itajai_Oeste, R1 (20077.59);XS intersects < 2 banklines
Fatal;Cross Sections;Itajai_Oeste, R1 (19077.59);XS intersects < 2 banklines
Fatal;Cross Sections;Itajai_Oeste, R1 (18077.59);XS intersects < 2 banklines
Fatal;Cross Sections;Itajai_Oeste, R1 (17077.59);XS intersects < 2 banklines
Fatal;Cross Sections;Itajai_Oeste, R1 (16077.59);XS intersects < 2 banklines
Fatal;Cross Sections;Itajai_Oeste, R1 (15077.59);XS intersects < 2 banklines
Fatal;Cross Sections;Itajai_Oeste, R1 (14077.59);XS intersects < 2 banklines
Fatal;Cross Sections;Itajai_Oeste, R1 (13077.59);XS intersects < 2 banklines
Fatal;Cross Sections;Itajai_Oeste, R1 (12077.59);XS intersects < 2 banklines
Fatal;Cross Sections;Itajai_Oeste, R1 (11077.59);XS intersects < 2 banklines
Fatal;Cross Sections;Itajai_Oeste, R1 (10077.59);XS intersects < 2 banklines
Fatal;Cross Sections;Itajai_Oeste, R1 (9077.59);XS intersects < 2 banklines
Fatal;Cross Sections;Itajai_Oeste, R1 (8077.59);XS intersects < 2 banklines
Fatal;Cross Sections;Itajai_Oeste, R1 (7077.59);XS intersects < 2 banklines
Fatal;Cross Sections;Itajai_Oeste, R1 (6285.28);XS intersects < 2 banklines
Fatal;Cross Sections;Itajai_Oeste, R1 (5367.61);XS intersects < 2 banklines
Fatal;Cross Sections;Itajai_Oeste, R1 (4367.61);XS intersects < 2 banklines
Fatal;Cross Sections;Itajai_Oeste, R1 (3367.61);XS intersects < 2 banklines
Fatal;Cross Sections;Itajai_Oeste, R1 (2367.61);XS intersects < 2 banklines
Fatal;Cross Sections;Itajai_Oeste, R1 (1367.61);XS intersects < 2 banklines
Fatal;Cross Sections;Itajai_Oeste, R1 (367.61);XS intersects < 2 banklines
Fatal;Cross Sections;Itajai_Oeste, R1 (367.61);XS must intersect exactly one Reach.
Fatal;Cross Sections;Itajai_Oeste, R1 (75.00);XS intersects < 2 banklines
Fatal;Cross Sections;Itajai_Oeste, R1 (75.00);XS must intersect exactly one Reach.
Fatal;Cross Sections;Itajai_Sul, R1 (77846.19);XS intersects < 2 banklines
Fatal;Cross Sections;Itajai_Sul, R1 (77057.19);XS intersects < 2 banklines
Fatal;Cross Sections;Itajai_Sul, R1 (76480.70);XS intersects < 2 banklines
Fatal;Cross Sections;Itajai_Sul, R1 (75922.70);XS intersects < 2 banklines
Fatal;Cross Sections;Itajai_Sul, R1 (75127.72);XS intersects < 2 banklines
Fatal;Cross Sections;Itajai_Sul, R1 (74343.55);XS intersects < 2 banklines
Fatal;Cross Sections;Itajai_Sul, R1 (73809.96);XS intersects < 2 banklines
Fatal;Cross Sections;Itajai_Sul, R1 (73283.97);XS intersects < 2 banklines
Fatal;Cross Sections;Itajai_Sul, R1 (72793.97);XS intersects < 2 banklines
Fatal;Cross Sections;Itajai_Sul, R1 (72317.51);XS intersects < 2 banklines
Fatal;Cross Sections;Itajai_Sul, R1 (71910.84);XS intersects < 2 banklines
Fatal;Cross Sections;Itajai_Sul, R1 (71643.91);XS intersects < 2 banklines
Fatal;Cross Sections;Itajai_Sul, R1 (71422.19);XS intersects < 2 banklines
Fatal;Cross Sections;Itajai_Sul, R1 (71170.33);XS intersects < 2 banklines
Fatal;Cross Sections;Itajai_Sul, R1 (70781.52);XS intersects < 2 banklines
Fatal;Cross Sections;Itajai_Sul, R1 (70119.81);XS intersects < 2 banklines
Fatal;Cross Sections;Itajai_Sul, R1 (69547.83);XS intersects < 2 banklines
Fatal;Cross Sections;Itajai_Sul, R1 (69004.60);XS intersects < 2 banklines
Fatal;Cross Sections;Itajai_Sul, R1 (68315.23);XS intersects < 2 banklines
Fatal;Cross Sections;Itajai_Sul, R1 (68165.23);XS intersects < 2 banklines
Fatal;Cross Sections;Itajai_Sul, R1 (68015.23);XS intersects < 2 banklines
Fatal;Cross Sections;Itajai_Sul, R1 (67865.23);XS intersects < 2 banklines
Fatal;Cross Sections;Itajai_Sul, R1 (67715.23);XS intersects < 2 banklines
Fatal;Cross Sections;Itajai_Sul, R1 (67565.23);XS intersects < 2 banklines
Fatal;Cross Sections;Itajai_Sul, R1 (67397.89);XS intersects < 2 banklines
Fatal;Cross Sections;Itajai_Sul, R1 (67163.26);XS intersects < 2 banklines
Fatal;Cross Sections;Itajai_Sul, R1 (66496.79);XS intersects < 2 banklines
Fatal;Cross Sections;Itajai_Sul, R1 (65598.79);XS intersects < 2 banklines
Fatal;Cross Sections;Itajai_Sul, R1 (64700.79);XS intersects < 2 banklines
Fatal;Cross Sections;Itajai_Sul, R1 (63866.77);XS intersects < 2 banklines
Fatal;Cross Sections;Itajai_Sul, R1 (63089.04);XS intersects < 2 banklines
Fatal;Cross Sections;Itajai_Sul, R1 (62203.87);XS intersects < 2 banklines
Fatal;Cross Sections;Itajai_Sul, R1 (61364.98);XS intersects < 2 banklines
Fatal;Cross Sections;Itajai_Sul, R1 (60553.69);XS intersects < 2 banklines
Fatal;Cross Sections;Itajai_Sul, R1 (59587.69);XS intersects < 2 banklines
Fatal;Cross Sections;Itajai_Sul, R1 (58678.34);XS intersects < 2 banklines
Fatal;Cross Sections;Itajai_Sul, R1 (58007.63);XS intersects < 2 banklines
Fatal;Cross Sections;Itajai_Sul, R1 (57275.94);XS intersects < 2 banklines
Fatal;Cross Sections;Itajai_Sul, R1 (56356.79);XS intersects < 2 banklines
Fatal;Cross Sections;Itajai_Sul, R1 (55428.12);XS intersects < 2 banklines
Fatal;Cross Sections;Itajai_Sul, R1 (54598.12);XS intersects < 2 banklines
Fatal;Cross Sections;Itajai_Sul, R1 (53714.25);XS intersects < 2 banklines
Fatal;Cross Sections;Itajai_Sul, R1 (52714.25);XS intersects < 2 banklines
Fatal;Cross Sections;Itajai_Sul, R1 (51714.25);XS intersects < 2 banklines
Fatal;Cross Sections;Itajai_Sul, R1 (50714.25);XS intersects < 2 banklines
Fatal;Cross Sections;Itajai_Sul, R1 (49714.25);XS intersects < 2 banklines
Fatal;Cross Sections;Itajai_Sul, R1 (48782.25);XS intersects < 2 banklines
Fatal;Cross Sections;Itajai_Sul, R1 (48167.66);XS intersects < 2 banklines
Fatal;Cross Sections;Itajai_Sul, R1 (47621.56);XS intersects < 2 banklines
Fatal;Cross Sections;Itajai_Sul, R1 (46944.53);XS intersects < 2 banklines
Fatal;Cross Sections;Itajai_Sul, R1 (46157.46);XS intersects < 2 banklines
Fatal;Cross Sections;Itajai_Sul, R1 (45262.96);XS intersects < 2 banklines
Fatal;Cross Sections;Itajai_Sul, R1 (44346.00);XS intersects < 2 banklines
Fatal;Cross Sections;Itajai_Sul, R1 (43346.00);XS intersects < 2 banklines
Fatal;Cross Sections;Itajai_Sul, R1 (42886.17);XS intersects < 2 banklines
Fatal;Cross Sections;Itajai_Sul, R1 (42467.07);XS intersects < 2 banklines
Fatal;Cross Sections;Itajai_Sul, R1 (41878.55);XS intersects < 2 banklines
Fatal;Cross Sections;Itajai_Sul, R1 (41516.72);XS intersects < 2 banklines
Fatal;Cross Sections;Itajai_Sul, R1 (41366.72);XS intersects < 2 banklines
Fatal;Cross Sections;Itajai_Sul, R1 (41216.72);XS intersects < 2 banklines
Fatal;Cross Sections;Itajai_Sul, R1 (41066.72);XS intersects < 2 banklines
Fatal;Cross Sections;Itajai_Sul, R1 (40916.72);XS intersects < 2 banklines
Fatal;Cross Sections;Itajai_Sul, R1 (40766.72);XS intersects < 2 banklines
Fatal;Cross Sections;Itajai_Sul, R1 (40616.72);XS intersects < 2 banklines
Fatal;Cross Sections;Itajai_Sul, R1 (40382.51);XS intersects < 2 banklines
Fatal;Cross Sections;Itajai_Sul, R1 (39845.99);XS intersects < 2 banklines
Fatal;Cross Sections;Itajai_Sul, R1 (39067.50);XS intersects < 2 banklines
Fatal;Cross Sections;Itajai_Sul, R1 (38081.60);XS intersects < 2 banklines
Fatal;Cross Sections;Itajai_Sul, R1 (37171.41);XS intersects < 2 banklines
Fatal;Cross Sections;Itajai_Sul, R1 (36171.41);XS intersects < 2 banklines
Fatal;Cross Sections;Itajai_Sul, R1 (35171.41);XS intersects < 2 banklines
Fatal;Cross Sections;Itajai_Sul, R1 (34171.41);XS intersects < 2 banklines
Fatal;Cross Sections;Itajai_Sul, R1 (33171.41);XS intersects < 2 banklines
Fatal;Cross Sections;Itajai_Sul, R1 (32171.41);XS intersects < 2 banklines
Fatal;Cross Sections;Itajai_Sul, R1 (31171.41);XS intersects < 2 banklines
Fatal;Cross Sections;Itajai_Sul, R1 (30171.50);XS intersects < 2 banklines
Fatal;Cross Sections;Itajai_Sul, R1 (29171.50);XS intersects < 2 banklines
Fatal;Cross Sections;Itajai_Sul, R1 (28171.50);XS intersects < 2 banklines
Fatal;Cross Sections;Itajai_Sul, R1 (27171.50);XS intersects < 2 banklines
Fatal;Cross Sections;Itajai_Sul, R1 (26171.50);XS intersects < 2 banklines
Fatal;Cross Sections;Itajai_Sul, R1 (25273.37);XS intersects < 2 banklines
Fatal;Cross Sections;Itajai_Sul, R1 (25027.58);XS intersects < 2 banklines
Fatal;Cross Sections;Itajai_Sul, R1 (24731.46);XS intersects < 2 banklines
Fatal;Cross Sections;Itajai_Sul, R1 (24171.02);XS intersects < 2 banklines
Fatal;Cross Sections;Itajai_Sul, R1 (23205.00);XS intersects < 2 banklines
Fatal;Cross Sections;Itajai_Sul, R1 (22205.00);XS intersects < 2 banklines
Fatal;Cross Sections;Itajai_Sul, R1 (21205.00);XS intersects < 2 banklines
Fatal;Cross Sections;Itajai_Sul, R1 (20205.00);XS intersects < 2 banklines
Fatal;Cross Sections;Itajai_Sul, R1 (19361.21);XS intersects < 2 banklines
Fatal;Cross Sections;Itajai_Sul, R1 (18582.89);XS intersects < 2 banklines
Fatal;Cross Sections;Itajai_Sul, R1 (17582.89);XS intersects < 2 banklines
Fatal;Cross Sections;Itajai_Sul, R1 (16628.90);XS intersects < 2 banklines
Fatal;Cross Sections;Itajai_Sul, R1 (15730.90);XS intersects < 2 banklines
Fatal;Cross Sections;Itajai_Sul, R1 (14790.78);XS intersects < 2 banklines
Fatal;Cross Sections;Itajai_Sul, R1 (13858.78);XS intersects < 2 banklines
Fatal;Cross Sections;Itajai_Sul, R1 (12952.29);XS intersects < 2 banklines
Fatal;Cross Sections;Itajai_Sul, R1 (12054.29);XS intersects < 2 banklines
Fatal;Cross Sections;Itajai_Sul, R1 (11140.39);XS intersects < 2 banklines
Fatal;Cross Sections;Itajai_Sul, R1 (10200.01);XS intersects < 2 banklines
Fatal;Cross Sections;Itajai_Sul, R1 (9200.01);XS intersects < 2 banklines
Fatal;Cross Sections;Itajai_Sul, R1 (8200.01);XS intersects < 2 banklines
Fatal;Cross Sections;Itajai_Sul, R1 (7200.01);XS intersects < 2 banklines
Fatal;Cross Sections;Itajai_Sul, R1 (6200.01);XS intersects < 2 banklines
Fatal;Cross Sections;Itajai_Sul, R1 (5200.01);XS intersects < 2 banklines
Fatal;Cross Sections;Itajai_Sul, R1 (4200.01);XS intersects < 2 banklines
Fatal;Cross Sections;Itajai_Sul, R1 (3200.01);XS intersects < 2 banklines
Fatal;Cross Sections;Itajai_Sul, R1 (2200.01);XS intersects < 2 banklines
Fatal;Cross Sections;Itajai_Sul, R1 (1200.01);XS intersects < 2 banklines
Fatal;Cross Sections;Itajai_Sul, R1 (200.01);XS intersects < 2 banklines
Fatal;Cross Sections;Itajai_Sul, R1 (200.01);XS must intersect exactly one Reach.
Fatal;Cross Sections;Itajai_Sul, R1 (75.00);XS intersects < 2 banklines
Fatal;Cross Sections;Itajai_Sul, R1 (75.00);XS must intersect exactly one Reach.
Fatal;Cross Sections;Rio_Benedito, R1 (43762.67);XS intersects < 2 banklines
Fatal;Cross Sections;Rio_Benedito, R1 (42837.67);XS intersects < 2 banklines
Fatal;Cross Sections;Rio_Benedito, R1 (41837.67);XS intersects < 2 banklines
Fatal;Cross Sections;Rio_Benedito, R1 (40837.67);XS intersects < 2 banklines
Fatal;Cross Sections;Rio_Benedito, R1 (39837.67);XS intersects < 2 banklines
Fatal;Cross Sections;Rio_Benedito, R1 (38837.67);XS intersects < 2 banklines
Fatal;Cross Sections;Rio_Benedito, R1 (38220.15);XS intersects < 2 banklines
Fatal;Cross Sections;Rio_Benedito, R1 (38070.15);XS intersects < 2 banklines
Fatal;Cross Sections;Rio_Benedito, R1 (37920.15);XS intersects < 2 banklines
Fatal;Cross Sections;Rio_Benedito, R1 (37770.15);XS intersects < 2 banklines
Fatal;Cross Sections;Rio_Benedito, R1 (37620.15);XS intersects < 2 banklines
Fatal;Cross Sections;Rio_Benedito, R1 (37470.15);XS intersects < 2 banklines
Fatal;Cross Sections;Rio_Benedito, R1 (37320.15);XS intersects < 2 banklines
Fatal;Cross Sections;Rio_Benedito, R1 (37170.15);XS intersects < 2 banklines
Fatal;Cross Sections;Rio_Benedito, R1 (37020.15);XS intersects < 2 banklines
Fatal;Cross Sections;Rio_Benedito, R1 (36870.15);XS intersects < 2 banklines
Fatal;Cross Sections;Rio_Benedito, R1 (36720.15);XS intersects < 2 banklines
Fatal;Cross Sections;Rio_Benedito, R1 (36570.15);XS intersects < 2 banklines
Fatal;Cross Sections;Rio_Benedito, R1 (36420.15);XS intersects < 2 banklines
Fatal;Cross Sections;Rio_Benedito, R1 (36270.15);XS intersects < 2 banklines
Fatal;Cross Sections;Rio_Benedito, R1 (36120.15);XS intersects < 2 banklines
Fatal;Cross Sections;Rio_Benedito, R1 (35970.15);XS intersects < 2 banklines
Fatal;Cross Sections;Rio_Benedito, R1 (35820.15);XS intersects < 2 banklines
Fatal;Cross Sections;Rio_Benedito, R1 (35670.15);XS intersects < 2 banklines
Fatal;Cross Sections;Rio_Benedito, R1 (35520.15);XS intersects < 2 banklines
Fatal;Cross Sections;Rio_Benedito, R1 (35370.15);XS intersects < 2 banklines
Fatal;Cross Sections;Rio_Benedito, R1 (35220.15);XS intersects < 2 banklines
Fatal;Cross Sections;Rio_Benedito, R1 (35070.15);XS intersects < 2 banklines
Fatal;Cross Sections;Rio_Benedito, R1 (34920.15);XS intersects < 2 banklines
Fatal;Cross Sections;Rio_Benedito, R1 (34770.15);XS intersects < 2 banklines
Fatal;Cross Sections;Rio_Benedito, R1 (34620.15);XS intersects < 2 banklines
Fatal;Cross Sections;Rio_Benedito, R1 (34470.15);XS intersects < 2 banklines
Fatal;Cross Sections;Rio_Benedito, R1 (34314.89);XS intersects < 2 banklines
Fatal;Cross Sections;Rio_Benedito, R1 (34135.09);XS intersects < 2 banklines
Fatal;Cross Sections;Rio_Benedito, R1 (33808.48);XS intersects < 2 banklines
Fatal;Cross Sections;Rio_Benedito, R1 (33533.58);XS intersects < 2 banklines
Fatal;Cross Sections;Rio_Benedito, R1 (33357.25);XS intersects < 2 banklines
Fatal;Cross Sections;Rio_Benedito, R1 (33204.62);XS intersects < 2 banklines
Fatal;Cross Sections;Rio_Benedito, R1 (33054.62);XS intersects < 2 banklines
Fatal;Cross Sections;Rio_Benedito, R1 (32904.62);XS intersects < 2 banklines
Fatal;Cross Sections;Rio_Benedito, R1 (32754.62);XS intersects < 2 banklines
Fatal;Cross Sections;Rio_Benedito, R1 (32604.62);XS intersects < 2 banklines
Fatal;Cross Sections;Rio_Benedito, R1 (32454.62);XS intersects < 2 banklines
Fatal;Cross Sections;Rio_Benedito, R1 (32304.62);XS intersects < 2 banklines
Fatal;Cross Sections;Rio_Benedito, R1 (32154.62);XS intersects < 2 banklines
Fatal;Cross Sections;Rio_Benedito, R1 (32004.62);XS intersects < 2 banklines
Fatal;Cross Sections;Rio_Benedito, R1 (31854.62);XS intersects < 2 banklines
Fatal;Cross Sections;Rio_Benedito, R1 (31704.62);XS intersects < 2 banklines
Fatal;Cross Sections;Rio_Benedito, R1 (31554.62);XS intersects < 2 banklines
Fatal;Cross Sections;Rio_Benedito, R1 (31404.62);XS intersects < 2 banklines
Fatal;Cross Sections;Rio_Benedito, R1 (31254.62);XS intersects < 2 banklines
Fatal;Cross Sections;Rio_Benedito, R1 (31104.62);XS intersects < 2 banklines
Fatal;Cross Sections;Rio_Benedito, R1 (30954.62);XS intersects < 2 banklines
Fatal;Cross Sections;Rio_Benedito, R1 (30804.62);XS intersects < 2 banklines
Fatal;Cross Sections;Rio_Benedito, R1 (30654.62);XS intersects < 2 banklines
Fatal;Cross Sections;Rio_Benedito, R1 (30504.62);XS intersects < 2 banklines
Fatal;Cross Sections;Rio_Benedito, R1 (30354.62);XS intersects < 2 banklines
Fatal;Cross Sections;Rio_Benedito, R1 (30204.62);XS intersects < 2 banklines
Fatal;Cross Sections;Rio_Benedito, R1 (30054.62);XS intersects < 2 banklines
Fatal;Cross Sections;Rio_Benedito, R1 (29904.62);XS intersects < 2 banklines
Fatal;Cross Sections;Rio_Benedito, R1 (29754.62);XS intersects < 2 banklines
Fatal;Cross Sections;Rio_Benedito, R1 (29604.62);XS intersects < 2 banklines
Fatal;Cross Sections;Rio_Benedito, R1 (29454.62);XS intersects < 2 banklines
Fatal;Cross Sections;Rio_Benedito, R1 (29304.62);XS intersects < 2 banklines
Fatal;Cross Sections;Rio_Benedito, R1 (29154.62);XS intersects < 2 banklines
Fatal;Cross Sections;Rio_Benedito, R1 (29004.62);XS intersects < 2 banklines
Fatal;Cross Sections;Rio_Benedito, R1 (28854.62);XS intersects < 2 banklines
Fatal;Cross Sections;Rio_Benedito, R1 (28704.62);XS intersects < 2 banklines
Fatal;Cross Sections;Rio_Benedito, R1 (28554.62);XS intersects < 2 banklines
Fatal;Cross Sections;Rio_Benedito, R1 (28404.62);XS intersects < 2 banklines
Fatal;Cross Sections;Rio_Benedito, R1 (28254.62);XS intersects < 2 banklines
Fatal;Cross Sections;Rio_Benedito, R1 (28104.62);XS intersects < 2 banklines
Fatal;Cross Sections;Rio_Benedito, R1 (27954.62);XS intersects < 2 banklines
Fatal;Cross Sections;Rio_Benedito, R1 (27804.62);XS intersects < 2 banklines
Fatal;Cross Sections;Rio_Benedito, R1 (27654.62);XS intersects < 2 banklines
Fatal;Cross Sections;Rio_Benedito, R1 (27504.62);XS intersects < 2 banklines
Fatal;Cross Sections;Rio_Benedito, R1 (27354.62);XS intersects < 2 banklines
Fatal;Cross Sections;Rio_Benedito, R1 (27204.62);XS intersects < 2 banklines
Fatal;Cross Sections;Rio_Benedito, R1 (27054.62);XS intersects < 2 banklines
Fatal;Cross Sections;Rio_Benedito, R1 (26904.62);XS intersects < 2 banklines
Fatal;Cross Sections;Rio_Benedito, R1 (26754.62);XS intersects < 2 banklines
Fatal;Cross Sections;Rio_Benedito, R1 (26604.62);XS intersects < 2 banklines
Fatal;Cross Sections;Rio_Benedito, R1 (26454.62);XS intersects < 2 banklines
Fatal;Cross Sections;Rio_Benedito, R1 (26304.62);XS intersects < 2 banklines
Fatal;Cross Sections;Rio_Benedito, R1 (26154.62);XS intersects < 2 banklines
Fatal;Cross Sections;Rio_Benedito, R1 (26004.62);XS intersects < 2 banklines
Fatal;Cross Sections;Rio_Benedito, R1 (25854.62);XS intersects < 2 banklines
Fatal;Cross Sections;Rio_Benedito, R1 (25704.62);XS intersects < 2 banklines
Fatal;Cross Sections;Rio_Benedito, R1 (25554.62);XS intersects < 2 banklines
Fatal;Cross Sections;Rio_Benedito, R1 (25404.62);XS intersects < 2 banklines
Fatal;Cross Sections;Rio_Benedito, R1 (25254.62);XS intersects < 2 banklines
Fatal;Cross Sections;Rio_Benedito, R1 (25104.62);XS intersects < 2 banklines
Fatal;Cross Sections;Rio_Benedito, R1 (24954.62);XS intersects < 2 banklines
Fatal;Cross Sections;Rio_Benedito, R1 (24804.62);XS intersects < 2 banklines
Fatal;Cross Sections;Rio_Benedito, R1 (24654.62);XS intersects < 2 banklines
Fatal;Cross Sections;Rio_Benedito, R1 (24504.62);XS intersects < 2 banklines
Fatal;Cross Sections;Rio_Benedito, R1 (24354.62);XS intersects < 2 banklines
Fatal;Cross Sections;Rio_Benedito, R1 (24204.62);XS intersects < 2 banklines
Fatal;Cross Sections;Rio_Benedito, R1 (24054.62);XS intersects < 2 banklines
Fatal;Cross Sections;Rio_Benedito, R1 (23904.62);XS intersects < 2 banklines
Fatal;Cross Sections;Rio_Benedito, R1 (23754.62);XS intersects < 2 banklines
Fatal;Cross Sections;Rio_Benedito, R1 (23604.62);XS intersects < 2 banklines
Fatal;Cross Sections;Rio_Benedito, R1 (23454.62);XS intersects < 2 banklines
Fatal;Cross Sections;Rio_Benedito, R1 (23196.05);XS intersects < 2 banklines
Fatal;Cross Sections;Rio_Benedito, R1 (22707.23);XS intersects < 2 banklines
Fatal;Cross Sections;Rio_Benedito, R1 (21995.49);XS intersects < 2 banklines
Fatal;Cross Sections;Rio_Benedito, R1 (21276.42);XS intersects < 2 banklines
Fatal;Cross Sections;Rio_Benedito, R1 (20395.76);XS intersects < 2 banklines
Fatal;Cross Sections;Rio_Benedito, R1 (19568.42);XS intersects < 2 banklines
Fatal;Cross Sections;Rio_Benedito, R1 (19418.42);XS intersects < 2 banklines
Fatal;Cross Sections;Rio_Benedito, R1 (19268.42);XS intersects < 2 banklines
Fatal;Cross Sections;Rio_Benedito, R1 (19118.42);XS intersects < 2 banklines
Fatal;Cross Sections;Rio_Benedito, R1 (18968.42);XS intersects < 2 banklines
Fatal;Cross Sections;Rio_Benedito, R1 (18818.42);XS intersects < 2 banklines
Fatal;Cross Sections;Rio_Benedito, R1 (18668.42);XS intersects < 2 banklines
Fatal;Cross Sections;Rio_Benedito, R1 (18518.42);XS intersects < 2 banklines
Fatal;Cross Sections;Rio_Benedito, R1 (18368.42);XS intersects < 2 banklines
Fatal;Cross Sections;Rio_Benedito, R1 (18218.42);XS intersects < 2 banklines
Fatal;Cross Sections;Rio_Benedito, R1 (18068.42);XS intersects < 2 banklines
Fatal;Cross Sections;Rio_Benedito, R1 (17918.42);XS intersects < 2 banklines
Fatal;Cross Sections;Rio_Benedito, R1 (17768.42);XS intersects < 2 banklines
Fatal;Cross Sections;Rio_Benedito, R1 (17618.42);XS intersects < 2 banklines
Fatal;Cross Sections;Rio_Benedito, R1 (17468.42);XS intersects < 2 banklines
Fatal;Cross Sections;Rio_Benedito, R1 (17318.42);XS intersects < 2 banklines
Fatal;Cross Sections;Rio_Benedito, R1 (17140.85);XS intersects < 2 banklines
Fatal;Cross Sections;Rio_Benedito, R1 (16708.91);XS intersects < 2 banklines
Fatal;Cross Sections;Rio_Benedito, R1 (15928.38);XS intersects < 2 banklines
Fatal;Cross Sections;Rio_Benedito, R1 (14962.38);XS intersects < 2 banklines
Fatal;Cross Sections;Rio_Benedito, R1 (13962.38);XS intersects < 2 banklines
Fatal;Cross Sections;Rio_Benedito, R1 (12962.38);XS intersects < 2 banklines
Fatal;Cross Sections;Rio_Benedito, R1 (11962.38);XS intersects < 2 banklines
Fatal;Cross Sections;Rio_Benedito, R1 (10962.38);XS intersects < 2 banklines
Fatal;Cross Sections;Rio_Benedito, R1 (9962.38);XS intersects < 2 banklines
Fatal;Cross Sections;Rio_Benedito, R1 (9404.38);XS intersects < 2 banklines
Fatal;Cross Sections;Rio_Benedito, R1 (8871.31);XS intersects < 2 banklines
Fatal;Cross Sections;Rio_Benedito, R1 (7898.76);XS intersects < 2 banklines
Fatal;Cross Sections;Rio_Benedito, R1 (6898.76);XS intersects < 2 banklines
Fatal;Cross Sections;Rio_Benedito, R1 (5898.76);XS intersects < 2 banklines
Fatal;Cross Sections;Rio_Benedito, R1 (4898.76);XS intersects < 2 banklines
Fatal;Cross Sections;Rio_Benedito, R1 (3898.76);XS intersects < 2 banklines
Fatal;Cross Sections;Rio_Benedito, R1 (2898.76);XS intersects < 2 banklines
Fatal;Cross Sections;Rio_Benedito, R1 (1898.76);XS intersects < 2 banklines
Fatal;Cross Sections;Rio_Benedito, R1 (898.76);XS intersects < 2 banklines
Fatal;Cross Sections;Rio_Benedito, R1 (0.76);Right Bank Station point is different than the bankline intersection (>1%)
Fatal;Cross Sections;Rio_Benedito, R1 (0.76);XS must intersect exactly one Reach.
Fatal;Cross Sections;Itajai_Acu, R1 (174425.5);Left Bank Station point is different than the bankline intersection (>1%)
Fatal;Cross Sections;Itajai_Acu, R1 (174425.5);Right Bank Station point is different than the bankline intersection (>1%)
Fatal;Cross Sections;Itajai_Acu, R1 (172500.5);XS intersects < 2 banklines
Fatal;Cross Sections;Itajai_Acu, R1 (171500.5);XS intersects > 2 banklines
Fatal;Cross Sections;Itajai_Acu, R1 (170500.5);Left Bank Station point is different than the bankline intersection (>1%)
Fatal;Cross Sections;Itajai_Acu, R1 (170500.5);Right Bank Station point is different than the bankline intersection (>1%)
Fatal;Cross Sections;Itajai_Acu, R1 (169500.5);Left Bank Station point is different than the bankline intersection (>1%)
Fatal;Cross Sections;Itajai_Acu, R1 (169500.5);Right Bank Station point is different than the bankline intersection (>1%)
Fatal;Cross Sections;Itajai_Acu, R1 (168500.5);Left Bank Station point is different than the bankline intersection (>1%)
Fatal;Cross Sections;Itajai_Acu, R1 (168500.5);Right Bank Station point is different than the bankline intersection (>1%)
Fatal;Cross Sections;Itajai_Acu, R1 (167500.5);Left Bank Station point is different than the bankline intersection (>1%)
Fatal;Cross Sections;Itajai_Acu, R1 (167500.5);Right Bank Station point is different than the bankline intersection (>1%)
Fatal;Cross Sections;Itajai_Acu, R1 (166500.5);XS intersects > 2 banklines
Fatal;Cross Sections;Itajai_Acu, R1 (165500.5);Left Bank Station point is different than the bankline intersection (>1%)
Fatal;Cross Sections;Itajai_Acu, R1 (165500.5);Right Bank Station point is different than the bankline intersection (>1%)
Fatal;Cross Sections;Itajai_Acu, R1 (164500.5);XS intersects > 2 banklines
Fatal;Cross Sections;Itajai_Acu, R1 (163500.5);Left Bank Station point is different than the bankline intersection (>1%)
Fatal;Cross Sections;Itajai_Acu, R1 (163500.5);Right Bank Station point is different than the bankline intersection (>1%)
Fatal;Cross Sections;Itajai_Acu, R1 (162500.5);Left Bank Station point is different than the bankline intersection (>1%)
Fatal;Cross Sections;Itajai_Acu, R1 (162500.5);Right Bank Station point is different than the bankline intersection (>1%)
Fatal;Cross Sections;Itajai_Acu, R1 (161500.5);Left Bank Station point is different than the bankline intersection (>1%)
Fatal;Cross Sections;Itajai_Acu, R1 (160500.5);Left Bank Station point is different than the bankline intersection (>1%)
Fatal;Cross Sections;Itajai_Acu, R1 (160500.5);Right Bank Station point is different than the bankline intersection (>1%)
Fatal;Cross Sections;Itajai_Acu, R1 (159500.5);Right Bank Station point is different than the bankline intersection (>1%)
Fatal;Cross Sections;Itajai_Acu, R1 (158500.5);Right Bank Station point is different than the bankline intersection (>1%)
Fatal;Cross Sections;Itajai_Acu, R1 (157500.5);Left Bank Station point is different than the bankline intersection (>1%)
Fatal;Cross Sections;Itajai_Acu, R1 (157500.5);Right Bank Station point is different than the bankline intersection (>1%)
Fatal;Cross Sections;Itajai_Acu, R1 (156500.5);XS intersects < 2 banklines
Fatal;Cross Sections;Itajai_Acu, R1 (155500.5);XS intersects > 2 banklines
Fatal;Cross Sections;Itajai_Acu, R1 (154500.5);Left Bank Station point is different than the bankline intersection (>1%)
Fatal;Cross Sections;Itajai_Acu, R1 (153500.5);Left Bank Station point is different than the bankline intersection (>1%)
Fatal;Cross Sections;Itajai_Acu, R1 (153500.5);Right Bank Station point is different than the bankline intersection (>1%)
Fatal;Cross Sections;Itajai_Acu, R1 (152500.5);XS intersects < 2 banklines
Fatal;Cross Sections;Itajai_Acu, R1 (151670.5);XS intersects > 2 banklines
Fatal;Cross Sections;Itajai_Acu, R1 (151021.3);Left Bank Station point is different than the bankline intersection (>1%)
Fatal;Cross Sections;Itajai_Acu, R1 (151021.3);Right Bank Station point is different than the bankline intersection (>1%)
Fatal;Cross Sections;Itajai_Acu, R1 (150770.3);XS intersects < 2 banklines
Fatal;Cross Sections;Itajai_Acu, R1 (150614.7);XS intersects < 2 banklines
Fatal;Cross Sections;Itajai_Acu, R1 (150464.7);XS intersects < 2 banklines
Fatal;Cross Sections;Itajai_Acu, R1 (150314.7);XS intersects < 2 banklines
Fatal;Cross Sections;Itajai_Acu, R1 (150164.7);XS intersects < 2 banklines
Fatal;Cross Sections;Itajai_Acu, R1 (150014.7);XS intersects < 2 banklines
Fatal;Cross Sections;Itajai_Acu, R1 (149864.7);XS intersects < 2 banklines
Fatal;Cross Sections;Itajai_Acu, R1 (149714.7);XS intersects > 2 banklines
Fatal;Cross Sections;Itajai_Acu, R1 (149564.7);XS intersects > 2 banklines
Fatal;Cross Sections;Itajai_Acu, R1 (149414.7);XS intersects > 2 banklines
Fatal;Cross Sections;Itajai_Acu, R1 (149264.7);XS intersects > 2 banklines
Fatal;Cross Sections;Itajai_Acu, R1 (149114.7);XS intersects > 2 banklines
Fatal;Cross Sections;Itajai_Acu, R1 (148964.7);XS intersects > 2 banklines
Fatal;Cross Sections;Itajai_Acu, R1 (148814.7);XS intersects > 2 banklines
Fatal;Cross Sections;Itajai_Acu, R1 (148514.7);Left Bank Station point is different than the bankline intersection (>1%)
Fatal;Cross Sections;Itajai_Acu, R1 (148514.7);Right Bank Station point is different than the bankline intersection (>1%)
Fatal;Cross Sections;Itajai_Acu, R1 (148364.7);Left Bank Station point is different than the bankline intersection (>1%)
Fatal;Cross Sections;Itajai_Acu, R1 (148364.7);Right Bank Station point is different than the bankline intersection (>1%)
Fatal;Cross Sections;Itajai_Acu, R1 (147914.7);Left Bank Station point is different than the bankline intersection (>1%)
Fatal;Cross Sections;Itajai_Acu, R1 (147914.7);Right Bank Station point is different than the bankline intersection (>1%)
Fatal;Cross Sections;Itajai_Acu, R1 (147614.7);Left Bank Station point is different than the bankline intersection (>1%)
Fatal;Cross Sections;Itajai_Acu, R1 (147614.7);Right Bank Station point is different than the bankline intersection (>1%)
Fatal;Cross Sections;Itajai_Acu, R1 (147464.7);Left Bank Station point is different than the bankline intersection (>1%)
Fatal;Cross Sections;Itajai_Acu, R1 (147464.7);Right Bank Station point is different than the bankline intersection (>1%)
Fatal;Cross Sections;Itajai_Acu, R1 (147314.7);Left Bank Station point is different than the bankline intersection (>1%)
Fatal;Cross Sections;Itajai_Acu, R1 (147164.7);Left Bank Station point is different than the bankline intersection (>1%)
Fatal;Cross Sections;Itajai_Acu, R1 (147014.7);Left Bank Station point is different than the bankline intersection (>1%)
Fatal;Cross Sections;Itajai_Acu, R1 (147014.7);Right Bank Station point is different than the bankline intersection (>1%)
Fatal;Cross Sections;Itajai_Acu, R1 (146864.7);Left Bank Station point is different than the bankline intersection (>1%)
Fatal;Cross Sections;Itajai_Acu, R1 (146864.7);Right Bank Station point is different than the bankline intersection (>1%)
Fatal;Cross Sections;Itajai_Acu, R1 (146714.7);Right Bank Station point is different than the bankline intersection (>1%)
Fatal;Cross Sections;Itajai_Acu, R1 (146564.7);Left Bank Station point is different than the bankline intersection (>1%)
Fatal;Cross Sections;Itajai_Acu, R1 (146564.7);Right Bank Station point is different than the bankline intersection (>1%)
Fatal;Cross Sections;Itajai_Acu, R1 (146414.7);Left Bank Station point is different than the bankline intersection (>1%)
Fatal;Cross Sections;Itajai_Acu, R1 (146414.7);Right Bank Station point is different than the bankline intersection (>1%)
Fatal;Cross Sections;Itajai_Acu, R1 (146264.7);Left Bank Station point is different than the bankline intersection (>1%)
Fatal;Cross Sections;Itajai_Acu, R1 (146264.7);Right Bank Station point is different than the bankline intersection (>1%)
Fatal;Cross Sections;Itajai_Acu, R1 (146114.7);Left Bank Station point is different than the bankline intersection (>1%)
Fatal;Cross Sections;Itajai_Acu, R1 (146114.7);Right Bank Station point is different than the bankline intersection (>1%)
Fatal;Cross Sections;Itajai_Acu, R1 (145964.7);Left Bank Station point is different than the bankline intersection (>1%)
Fatal;Cross Sections;Itajai_Acu, R1 (145964.7);Right Bank Station point is different than the bankline intersection (>1%)
Fatal;Cross Sections;Itajai_Acu, R1 (145814.7);Left Bank Station point is different than the bankline intersection (>1%)
Fatal;Cross Sections;Itajai_Acu, R1 (145814.7);Right Bank Station point is different than the bankline intersection (>1%)
Fatal;Cross Sections;Itajai_Acu, R1 (145664.7);Left Bank Station point is different than the bankline intersection (>1%)
Fatal;Cross Sections;Itajai_Acu, R1 (145664.7);Right Bank Station point is different than the bankline intersection (>1%)
Fatal;Cross Sections;Itajai_Acu, R1 (145514.7);Left Bank Station point is different than the bankline intersection (>1%)
Fatal;Cross Sections;Itajai_Acu, R1 (145514.7);Right Bank Station point is different than the bankline intersection (>1%)
Fatal;Cross Sections;Itajai_Acu, R1 (145364.7);XS intersects < 2 banklines
Fatal;Cross Sections;Itajai_Acu, R1 (145214.7);Right Bank Station point is different than the bankline intersection (>1%)
Fatal;Cross Sections;Itajai_Acu, R1 (145064.7);XS intersects > 2 banklines
Fatal;Cross Sections;Itajai_Acu, R1 (144914.7);XS intersects > 2 banklines
Fatal;Cross Sections;Itajai_Acu, R1 (144764.7);XS intersects > 2 banklines
Fatal;Cross Sections;Itajai_Acu, R1 (144614.7);XS intersects > 2 banklines
Fatal;Cross Sections;Itajai_Acu, R1 (144464.7);XS intersects > 2 banklines
Fatal;Cross Sections;Itajai_Acu, R1 (144314.7);Right Bank Station point is different than the bankline intersection (>1%)
Fatal;Cross Sections;Itajai_Acu, R1 (144164.7);Left Bank Station point is different than the bankline intersection (>1%)
Fatal;Cross Sections;Itajai_Acu, R1 (144164.7);Right Bank Station point is different than the bankline intersection (>1%)
Fatal;Cross Sections;Itajai_Acu, R1 (144014.7);Left Bank Station point is different than the bankline intersection (>1%)
Fatal;Cross Sections;Itajai_Acu, R1 (144014.7);Right Bank Station point is different than the bankline intersection (>1%)
Fatal;Cross Sections;Itajai_Acu, R1 (143864.7);Left Bank Station point is different than the bankline intersection (>1%)
Fatal;Cross Sections;Itajai_Acu, R1 (143864.7);Right Bank Station point is different than the bankline intersection (>1%)
Fatal;Cross Sections;Itajai_Acu, R1 (143714.7);Left Bank Station point is different than the bankline intersection (>1%)
Fatal;Cross Sections;Itajai_Acu, R1 (143714.7);Right Bank Station point is different than the bankline intersection (>1%)
Fatal;Cross Sections;Itajai_Acu, R1 (143564.7);Left Bank Station point is different than the bankline intersection (>1%)
Fatal;Cross Sections;Itajai_Acu, R1 (143564.7);Right Bank Station point is different than the bankline intersection (>1%)
Fatal;Cross Sections;Itajai_Acu, R1 (143414.7);XS intersects < 2 banklines
Fatal;Cross Sections;Itajai_Acu, R1 (143264.7);XS intersects < 2 banklines
Fatal;Cross Sections;Itajai_Acu, R1 (143114.7);XS intersects < 2 banklines
Fatal;Cross Sections;Itajai_Acu, R1 (142964.7);XS intersects < 2 banklines
Fatal;Cross Sections;Itajai_Acu, R1 (142814.7);XS intersects < 2 banklines
Fatal;Cross Sections;Itajai_Acu, R1 (142664.7);XS intersects < 2 banklines
Fatal;Cross Sections;Itajai_Acu, R1 (142514.7);XS intersects < 2 banklines
Fatal;Cross Sections;Itajai_Acu, R1 (142364.7);XS intersects < 2 banklines
Fatal;Cross Sections;Itajai_Acu, R1 (142214.7);XS intersects > 2 banklines
Fatal;Cross Sections;Itajai_Acu, R1 (142064.7);XS intersects > 2 banklines
Fatal;Cross Sections;Itajai_Acu, R1 (141914.7);XS intersects > 2 banklines
Fatal;Cross Sections;Itajai_Acu, R1 (141764.7);XS intersects > 2 banklines
Fatal;Cross Sections;Itajai_Acu, R1 (141614.7);XS intersects > 2 banklines
Fatal;Cross Sections;Itajai_Acu, R1 (141464.7);XS intersects > 2 banklines
Fatal;Cross Sections;Itajai_Acu, R1 (141314.7);XS intersects > 2 banklines
Fatal;Cross Sections;Itajai_Acu, R1 (141164.7);XS intersects > 2 banklines
Fatal;Cross Sections;Itajai_Acu, R1 (141014.7);XS intersects > 2 banklines
Fatal;Cross Sections;Itajai_Acu, R1 (140864.7);Right Bank Station point is different than the bankline intersection (>1%)
Fatal;Cross Sections;Itajai_Acu, R1 (140714.7);Left Bank Station point is different than the bankline intersection (>1%)
Fatal;Cross Sections;Itajai_Acu, R1 (140714.7);Right Bank Station point is different than the bankline intersection (>1%)
Fatal;Cross Sections;Itajai_Acu, R1 (140564.7);Left Bank Station point is different than the bankline intersection (>1%)
Fatal;Cross Sections;Itajai_Acu, R1 (140264.7);Left Bank Station point is different than the bankline intersection (>1%)
Fatal;Cross Sections;Itajai_Acu, R1 (140264.7);Right Bank Station point is different than the bankline intersection (>1%)
Fatal;Cross Sections;Itajai_Acu, R1 (140264.7);XS must intersect exactly one Reach.
Fatal;Cross Sections;Itajai_Acu, R2 (140114.7);Left Bank Station point is different than the bankline intersection (>1%)
Fatal;Cross Sections;Itajai_Acu, R2 (140114.7);Right Bank Station point is different than the bankline intersection (>1%)
Fatal;Cross Sections;Itajai_Acu, R2 (139761.6);Left Bank Station point is different than the bankline intersection (>1%)
Fatal;Cross Sections;Itajai_Acu, R2 (139761.6);Right Bank Station point is different than the bankline intersection (>1%)
Fatal;Cross Sections;Itajai_Acu, R2 (139075.2);Left Bank Station point is different than the bankline intersection (>1%)
Fatal;Cross Sections;Itajai_Acu, R2 (139075.2);Right Bank Station point is different than the bankline intersection (>1%)
Fatal;Cross Sections;Itajai_Acu, R2 (138748.6);Left Bank Station point is different than the bankline intersection (>1%)
Fatal;Cross Sections;Itajai_Acu, R2 (138748.6);Right Bank Station point is different than the bankline intersection (>1%)
Fatal;Cross Sections;Itajai_Acu, R2 (138448.6);Left Bank Station point is different than the bankline intersection (>1%)
Fatal;Cross Sections;Itajai_Acu, R2 (138298.6);Right Bank Station point is different than the bankline intersection (>1%)
Fatal;Cross Sections;Itajai_Acu, R2 (138148.6);Right Bank Station point is different than the bankline intersection (>1%)
Fatal;Cross Sections;Itajai_Acu, R2 (137998.6);Left Bank Station point is different than the bankline intersection (>1%)
Fatal;Cross Sections;Itajai_Acu, R2 (137998.6);Right Bank Station point is different than the bankline intersection (>1%)
Fatal;Cross Sections;Itajai_Acu, R2 (137848.6);Left Bank Station point is different than the bankline intersection (>1%)
Fatal;Cross Sections;Itajai_Acu, R2 (137548.6);Left Bank Station point is different than the bankline intersection (>1%)
Fatal;Cross Sections;Itajai_Acu, R2 (137548.6);Right Bank Station point is different than the bankline intersection (>1%)
Fatal;Cross Sections;Itajai_Acu, R2 (137398.6);Left Bank Station point is different than the bankline intersection (>1%)
Fatal;Cross Sections;Itajai_Acu, R2 (137398.6);Right Bank Station point is different than the bankline intersection (>1%)
Fatal;Cross Sections;Itajai_Acu, R2 (137248.6);Left Bank Station point is different than the bankline intersection (>1%)
Fatal;Cross Sections;Itajai_Acu, R2 (137248.6);Right Bank Station point is different than the bankline intersection (>1%)
Fatal;Cross Sections;Itajai_Acu, R2 (137098.6);Left Bank Station point is different than the bankline intersection (>1%)
Fatal;Cross Sections;Itajai_Acu, R2 (137098.6);Right Bank Station point is different than the bankline intersection (>1%)
Fatal;Cross Sections;Itajai_Acu, R2 (136948.6);Left Bank Station point is different than the bankline intersection (>1%)
Fatal;Cross Sections;Itajai_Acu, R2 (136948.6);Right Bank Station point is different than the bankline intersection (>1%)
Fatal;Cross Sections;Itajai_Acu, R2 (136798.6);Left Bank Station point is different than the bankline intersection (>1%)
Fatal;Cross Sections;Itajai_Acu, R2 (136798.6);Right Bank Station point is different than the bankline intersection (>1%)
Fatal;Cross Sections;Itajai_Acu, R2 (136648.6);Left Bank Station point is different than the bankline intersection (>1%)
Fatal;Cross Sections;Itajai_Acu, R2 (136648.6);Right Bank Station point is different than the bankline intersection (>1%)
Fatal;Cross Sections;Itajai_Acu, R2 (136498.6);Left Bank Station point is different than the bankline intersection (>1%)
Fatal;Cross Sections;Itajai_Acu, R2 (136498.6);Right Bank Station point is different than the bankline intersection (>1%)
Fatal;Cross Sections;Itajai_Acu, R2 (136348.6);XS intersects < 2 banklines
Fatal;Cross Sections;Itajai_Acu, R2 (136198.6);XS intersects < 2 banklines
Fatal;Cross Sections;Itajai_Acu, R2 (136027.4);XS intersects < 2 banklines
Fatal;Cross Sections;Itajai_Acu, R2 (135786.4);Left Bank Station point is different than the bankline intersection (>1%)
Fatal;Cross Sections;Itajai_Acu, R2 (135786.4);Right Bank Station point is different than the bankline intersection (>1%)
Fatal;Cross Sections;Itajai_Acu, R2 (135359.7);XS intersects > 2 banklines
Fatal;Cross Sections;Itajai_Acu, R2 (134623.1);XS intersects > 2 banklines
Fatal;Cross Sections;Itajai_Acu, R2 (133674.4);Right Bank Station point is different than the bankline intersection (>1%)
Fatal;Cross Sections;Itajai_Acu, R2 (132752.7);XS intersects > 2 banklines
Fatal;Cross Sections;Itajai_Acu, R2 (131821.1);XS intersects > 2 banklines
Fatal;Cross Sections;Itajai_Acu, R2 (130845.5);XS intersects > 2 banklines
Fatal;Cross Sections;Itajai_Acu, R2 (130363.6);XS intersects > 2 banklines
Fatal;Cross Sections;Itajai_Acu, R2 (129994.2);Right Bank Station point is different than the bankline intersection (>1%)
Fatal;Cross Sections;Itajai_Acu, R2 (129534.0);Right Bank Station point is different than the bankline intersection (>1%)
Fatal;Cross Sections;Itajai_Acu, R2 (128819.7);Left Bank Station point is different than the bankline intersection (>1%)
Fatal;Cross Sections;Itajai_Acu, R2 (128819.7);Right Bank Station point is different than the bankline intersection (>1%)
Fatal;Cross Sections;Itajai_Acu, R2 (127819.7);Left Bank Station point is different than the bankline intersection (>1%)
Fatal;Cross Sections;Itajai_Acu, R2 (127819.7);Right Bank Station point is different than the bankline intersection (>1%)
Fatal;Cross Sections;Itajai_Acu, R2 (126819.7);Left Bank Station point is different than the bankline intersection (>1%)
Fatal;Cross Sections;Itajai_Acu, R2 (125819.7);Left Bank Station point is different than the bankline intersection (>1%)
Fatal;Cross Sections;Itajai_Acu, R2 (125819.7);Right Bank Station point is different than the bankline intersection (>1%)
Fatal;Cross Sections;Itajai_Acu, R2 (124844.3);Left Bank Station point is different than the bankline intersection (>1%)
Fatal;Cross Sections;Itajai_Acu, R2 (124844.3);Right Bank Station point is different than the bankline intersection (>1%)
Fatal;Cross Sections;Itajai_Acu, R2 (124048.3);Left Bank Station point is different than the bankline intersection (>1%)
Fatal;Cross Sections;Itajai_Acu, R2 (124048.3);Right Bank Station point is different than the bankline intersection (>1%)
Fatal;Cross Sections;Itajai_Acu, R2 (123061.3);Right Bank Station point is different than the bankline intersection (>1%)
Fatal;Cross Sections;Itajai_Acu, R2 (122061.3);Left Bank Station point is different than the bankline intersection (>1%)
Fatal;Cross Sections;Itajai_Acu, R2 (122061.3);Right Bank Station point is different than the bankline intersection (>1%)
Fatal;Cross Sections;Itajai_Acu, R2 (120061.3);Right Bank Station point is different than the bankline intersection (>1%)
Fatal;Cross Sections;Itajai_Acu, R2 (119061.3);Left Bank Station point is different than the bankline intersection (>1%)
Fatal;Cross Sections;Itajai_Acu, R2 (119061.3);Right Bank Station point is different than the bankline intersection (>1%)
Fatal;Cross Sections;Itajai_Acu, R2 (118061.3);XS intersects > 2 banklines
Fatal;Cross Sections;Itajai_Acu, R2 (117061.3);Left Bank Station point is different than the bankline intersection (>1%)
Fatal;Cross Sections;Itajai_Acu, R2 (116061.3);Left Bank Station point is different than the bankline intersection (>1%)
Fatal;Cross Sections;Itajai_Acu, R2 (116061.3);Right Bank Station point is different than the bankline intersection (>1%)
Fatal;Cross Sections;Itajai_Acu, R2 (112061.3);Left Bank Station point is different than the bankline intersection (>1%)
Fatal;Cross Sections;Itajai_Acu, R2 (111061.3);Left Bank Station point is different than the bankline intersection (>1%)
Fatal;Cross Sections;Itajai_Acu, R2 (110061.3);Left Bank Station point is different than the bankline intersection (>1%)
Fatal;Cross Sections;Itajai_Acu, R2 (109061.3);Left Bank Station point is different than the bankline intersection (>1%)
Fatal;Cross Sections;Itajai_Acu, R2 (109061.3);Right Bank Station point is different than the bankline intersection (>1%)
Fatal;Cross Sections;Itajai_Acu, R2 (108061.3);Left Bank Station point is different than the bankline intersection (>1%)
Fatal;Cross Sections;Itajai_Acu, R2 (107061.3);Left Bank Station point is different than the bankline intersection (>1%)
Fatal;Cross Sections;Itajai_Acu, R2 (107061.3);Right Bank Station point is different than the bankline intersection (>1%)
Fatal;Cross Sections;Itajai_Acu, R2 (106061.3);Left Bank Station point is different than the bankline intersection (>1%)
Fatal;Cross Sections;Itajai_Acu, R2 (105061.3);Left Bank Station point is different than the bankline intersection (>1%)
Fatal;Cross Sections;Itajai_Acu, R2 (105061.3);Right Bank Station point is different than the bankline intersection (>1%)
Fatal;Cross Sections;Itajai_Acu, R2 (104061.3);Left Bank Station point is different than the bankline intersection (>1%)
Fatal;Cross Sections;Itajai_Acu, R2 (104061.3);Right Bank Station point is different than the bankline intersection (>1%)
Fatal;Cross Sections;Itajai_Acu, R2 (103061.3);XS intersects > 2 banklines
Fatal;Cross Sections;Itajai_Acu, R2 (102061.3);XS intersects > 2 banklines
Fatal;Cross Sections;Itajai_Acu, R2 (101061.3);Left Bank Station point is different than the bankline intersection (>1%)
Fatal;Cross Sections;Itajai_Acu, R2 (101061.3);Right Bank Station point is different than the bankline intersection (>1%)
Fatal;Cross Sections;Itajai_Acu, R2 (99061.31);Left Bank Station point is different than the bankline intersection (>1%)
Fatal;Cross Sections;Itajai_Acu, R2 (98061.31);Left Bank Station point is different than the bankline intersection (>1%)
Fatal;Cross Sections;Itajai_Acu, R2 (96061.31);Left Bank Station point is different than the bankline intersection (>1%)
Fatal;Cross Sections;Itajai_Acu, R2 (95061.31);Left Bank Station point is different than the bankline intersection (>1%)
Fatal;Cross Sections;Itajai_Acu, R2 (94061.31);Left Bank Station point is different than the bankline intersection (>1%)
Fatal;Cross Sections;Itajai_Acu, R2 (93061.31);Right Bank Station point is different than the bankline intersection (>1%)
Fatal;Cross Sections;Itajai_Acu, R2 (92137.58);Left Bank Station point is different than the bankline intersection (>1%)
Fatal;Cross Sections;Itajai_Acu, R2 (92137.58);Right Bank Station point is different than the bankline intersection (>1%)
Fatal;Cross Sections;Itajai_Acu, R2 (91411.80);Left Bank Station point is different than the bankline intersection (>1%)
Fatal;Cross Sections;Itajai_Acu, R2 (91111.80);Left Bank Station point is different than the bankline intersection (>1%)
Fatal;Cross Sections;Itajai_Acu, R2 (91111.80);Right Bank Station point is different than the bankline intersection (>1%)
Fatal;Cross Sections;Itajai_Acu, R2 (90905.21);Left Bank Station point is different than the bankline intersection (>1%)
Fatal;Cross Sections;Itajai_Acu, R2 (90905.21);Right Bank Station point is different than the bankline intersection (>1%)
Fatal;Cross Sections;Itajai_Acu, R2 (90549.53);Right Bank Station point is different than the bankline intersection (>1%)
Fatal;Cross Sections;Itajai_Acu, R2 (89834.20);Right Bank Station point is different than the bankline intersection (>1%)
Fatal;Cross Sections;Itajai_Acu, R3 (88834.20);Left Bank Station point is different than the bankline intersection (>1%)
Fatal;Cross Sections;Itajai_Acu, R3 (88834.20);Right Bank Station point is different than the bankline intersection (>1%)
Fatal;Cross Sections;Itajai_Acu, R3 (87834.20);Left Bank Station point is different than the bankline intersection (>1%)
Fatal;Cross Sections;Itajai_Acu, R3 (87834.20);Right Bank Station point is different than the bankline intersection (>1%)
Fatal;Cross Sections;Itajai_Acu, R3 (87615.91);Left Bank Station point is different than the bankline intersection (>1%)
Fatal;Cross Sections;Itajai_Acu, R3 (87615.91);Right Bank Station point is different than the bankline intersection (>1%)
Fatal;Cross Sections;Itajai_Acu, R3 (87465.91);Left Bank Station point is different than the bankline intersection (>1%)
Fatal;Cross Sections;Itajai_Acu, R3 (87465.91);Right Bank Station point is different than the bankline intersection (>1%)
Fatal;Cross Sections;Itajai_Acu, R3 (87292.38);Left Bank Station point is different than the bankline intersection (>1%)
Fatal;Cross Sections;Itajai_Acu, R3 (87292.38);Right Bank Station point is different than the bankline intersection (>1%)
Fatal;Cross Sections;Itajai_Acu, R3 (87000.85);Left Bank Station point is different than the bankline intersection (>1%)
Fatal;Cross Sections;Itajai_Acu, R3 (87000.85);Right Bank Station point is different than the bankline intersection (>1%)
Fatal;Cross Sections;Itajai_Acu, R3 (86477.13);Left Bank Station point is different than the bankline intersection (>1%)
Fatal;Cross Sections;Itajai_Acu, R3 (86477.13);Right Bank Station point is different than the bankline intersection (>1%)
Fatal;Cross Sections;Itajai_Acu, R3 (86327.13);Left Bank Station point is different than the bankline intersection (>1%)
Fatal;Cross Sections;Itajai_Acu, R3 (86327.13);Right Bank Station point is different than the bankline intersection (>1%)
Fatal;Cross Sections;Itajai_Acu, R3 (86177.13);Left Bank Station point is different than the bankline intersection (>1%)
Fatal;Cross Sections;Itajai_Acu, R3 (86027.13);Left Bank Station point is different than the bankline intersection (>1%)
Fatal;Cross Sections;Itajai_Acu, R3 (85577.13);Left Bank Station point is different than the bankline intersection (>1%)
Fatal;Cross Sections;Itajai_Acu, R3 (85127.13);Left Bank Station point is different than the bankline intersection (>1%)
Fatal;Cross Sections;Itajai_Acu, R3 (85127.13);Right Bank Station point is different than the bankline intersection (>1%)
Fatal;Cross Sections;Itajai_Acu, R3 (84977.13);Right Bank Station point is different than the bankline intersection (>1%)
Fatal;Cross Sections;Itajai_Acu, R3 (84827.13);Right Bank Station point is different than the bankline intersection (>1%)
Fatal;Cross Sections;Itajai_Acu, R3 (84487.22);Left Bank Station point is different than the bankline intersection (>1%)
Fatal;Cross Sections;Itajai_Acu, R3 (84188.57);Left Bank Station point is different than the bankline intersection (>1%)
Fatal;Cross Sections;Itajai_Acu, R3 (84188.57);Right Bank Station point is different than the bankline intersection (>1%)
Fatal;Cross Sections;Itajai_Acu, R3 (83614.03);Left Bank Station point is different than the bankline intersection (>1%)
Fatal;Cross Sections;Itajai_Acu, R3 (82644.90);Right Bank Station point is different than the bankline intersection (>1%)
Fatal;Cross Sections;Itajai_Acu, R3 (80644.90);Right Bank Station point is different than the bankline intersection (>1%)
Fatal;Cross Sections;Itajai_Acu, R3 (78644.90);Right Bank Station point is different than the bankline intersection (>1%)
Fatal;Cross Sections;Itajai_Acu, R3 (77644.90);Left Bank Station point is different than the bankline intersection (>1%)
Fatal;Cross Sections;Itajai_Acu, R3 (77644.90);Right Bank Station point is different than the bankline intersection (>1%)
Fatal;Cross Sections;Itajai_Acu, R3 (76693.27);Left Bank Station point is different than the bankline intersection (>1%)
Fatal;Cross Sections;Itajai_Acu, R3 (76693.27);Right Bank Station point is different than the bankline intersection (>1%)
Fatal;Cross Sections;Itajai_Acu, R3 (75905.05);Left Bank Station point is different than the bankline intersection (>1%)
Fatal;Cross Sections;Itajai_Acu, R3 (75905.05);Right Bank Station point is different than the bankline intersection (>1%)
Fatal;Cross Sections;Itajai_Acu, R3 (75083.09);Left Bank Station point is different than the bankline intersection (>1%)
Fatal;Cross Sections;Itajai_Acu, R3 (75083.09);Right Bank Station point is different than the bankline intersection (>1%)
Fatal;Cross Sections;Itajai_Acu, R3 (74888.16);Left Bank Station point is different than the bankline intersection (>1%)
Fatal;Cross Sections;Itajai_Acu, R3 (74738.16);Left Bank Station point is different than the bankline intersection (>1%)
Fatal;Cross Sections;Itajai_Acu, R3 (74738.16);Right Bank Station point is different than the bankline intersection (>1%)
Fatal;Cross Sections;Itajai_Acu, R3 (74588.16);Left Bank Station point is different than the bankline intersection (>1%)
Fatal;Cross Sections;Itajai_Acu, R3 (74438.16);Left Bank Station point is different than the bankline intersection (>1%)
Fatal;Cross Sections;Itajai_Acu, R3 (74438.16);Right Bank Station point is different than the bankline intersection (>1%)
Fatal;Cross Sections;Itajai_Acu, R3 (74138.16);Left Bank Station point is different than the bankline intersection (>1%)
Fatal;Cross Sections;Itajai_Acu, R3 (74138.16);Right Bank Station point is different than the bankline intersection (>1%)
Fatal;Cross Sections;Itajai_Acu, R3 (73835.38);Left Bank Station point is different than the bankline intersection (>1%)
Fatal;Cross Sections;Itajai_Acu, R3 (73835.38);Right Bank Station point is different than the bankline intersection (>1%)
Fatal;Cross Sections;Itajai_Acu, R3 (71534.33);Left Bank Station point is different than the bankline intersection (>1%)
Fatal;Cross Sections;Itajai_Acu, R3 (70534.33);Right Bank Station point is different than the bankline intersection (>1%)
Fatal;Cross Sections;Itajai_Acu, R3 (69534.33);Left Bank Station point is different than the bankline intersection (>1%)
Fatal;Cross Sections;Itajai_Acu, R3 (69534.33);Right Bank Station point is different than the bankline intersection (>1%)
Fatal;Cross Sections;Itajai_Acu, R3 (68534.33);XS intersects < 2 banklines
Fatal;Cross Sections;Itajai_Acu, R3 (67534.33);XS intersects < 2 banklines
Fatal;Cross Sections;Itajai_Acu, R3 (66534.33);XS intersects > 2 banklines
Fatal;Cross Sections;Itajai_Acu, R3 (65534.33);XS intersects > 2 banklines
Fatal;Cross Sections;Itajai_Acu, R3 (64534.33);XS intersects > 2 banklines
Fatal;Cross Sections;Itajai_Acu, R3 (63534.33);XS intersects > 2 banklines
Fatal;Cross Sections;Itajai_Acu, R3 (62534.33);Left Bank Station point is different than the bankline intersection (>1%)
Fatal;Cross Sections;Itajai_Acu, R3 (62534.33);Right Bank Station point is different than the bankline intersection (>1%)
Fatal;Cross Sections;Itajai_Acu, R3 (61534.33);XS intersects > 2 banklines
Fatal;Cross Sections;Itajai_Acu, R3 (60534.33);XS intersects > 2 banklines
Fatal;Cross Sections;Itajai_Acu, R3 (59534.33);Right Bank Station point is different than the bankline intersection (>1%)
Fatal;Cross Sections;Itajai_Acu, R3 (56534.33);Left Bank Station point is different than the bankline intersection (>1%)
Fatal;Cross Sections;Itajai_Acu, R3 (55534.33);Left Bank Station point is different than the bankline intersection (>1%)
Fatal;Cross Sections;Itajai_Acu, R3 (53534.33);Left Bank Station point is different than the bankline intersection (>1%)
Fatal;Cross Sections;Itajai_Acu, R3 (52534.33);Left Bank Station point is different than the bankline intersection (>1%)
Fatal;Cross Sections;Itajai_Acu, R3 (51534.33);Left Bank Station point is different than the bankline intersection (>1%)
Fatal;Cross Sections;Itajai_Acu, R3 (51534.33);Right Bank Station point is different than the bankline intersection (>1%)
Fatal;Cross Sections;Itajai_Acu, R3 (49534.33);Left Bank Station point is different than the bankline intersection (>1%)
Fatal;Cross Sections;Itajai_Acu, R3 (48534.33);Right Bank Station point is different than the bankline intersection (>1%)
Fatal;Cross Sections;Itajai_Acu, R3 (47534.33);Left Bank Station point is different than the bankline intersection (>1%)
Fatal;Cross Sections;Itajai_Acu, R3 (46534.33);Left Bank Station point is different than the bankline intersection (>1%)
Fatal;Cross Sections;Itajai_Acu, R3 (46534.33);Right Bank Station point is different than the bankline intersection (>1%)
Fatal;Cross Sections;Itajai_Acu, R3 (45534.33);Left Bank Station point is different than the bankline intersection (>1%)
Fatal;Cross Sections;Itajai_Acu, R3 (43534.33);Left Bank Station point is different than the bankline intersection (>1%)
Fatal;Cross Sections;Itajai_Acu, R3 (42534.33);Left Bank Station point is different than the bankline intersection (>1%)
Fatal;Cross Sections;Itajai_Acu, R3 (42534.33);Right Bank Station point is different than the bankline intersection (>1%)
Fatal;Cross Sections;Itajai_Acu, R3 (41534.33);Left Bank Station point is different than the bankline intersection (>1%)
Fatal;Cross Sections;Itajai_Acu, R3 (40534.33);Left Bank Station point is different than the bankline intersection (>1%)
Fatal;Cross Sections;Itajai_Acu, R3 (39534.33);Left Bank Station point is different than the bankline intersection (>1%)
Fatal;Cross Sections;Itajai_Acu, R3 (38534.33);Left Bank Station point is different than the bankline intersection (>1%)
Fatal;Cross Sections;Itajai_Acu, R3 (37534.33);Left Bank Station point is different than the bankline intersection (>1%)
Fatal;Cross Sections;Itajai_Acu, R3 (37534.33);Right Bank Station point is different than the bankline intersection (>1%)
Fatal;Cross Sections;Itajai_Acu, R3 (36534.33);Left Bank Station point is different than the bankline intersection (>1%)
Fatal;Cross Sections;Itajai_Acu, R3 (35534.33);Left Bank Station point is different than the bankline intersection (>1%)
Fatal;Cross Sections;Itajai_Acu, R3 (34534.33);Left Bank Station point is different than the bankline intersection (>1%)
Fatal;Cross Sections;Itajai_Acu, R3 (34534.33);Right Bank Station point is different than the bankline intersection (>1%)
Fatal;Cross Sections;Itajai_Acu, R3 (33534.33);Right Bank Station point is different than the bankline intersection (>1%)
Fatal;Cross Sections;Itajai_Acu, R3 (32534.33);Left Bank Station point is different than the bankline intersection (>1%)
Fatal;Cross Sections;Itajai_Acu, R3 (32534.33);Right Bank Station point is different than the bankline intersection (>1%)
Fatal;Cross Sections;Itajai_Acu, R3 (31534.33);Left Bank Station point is different than the bankline intersection (>1%)
Fatal;Cross Sections;Itajai_Acu, R3 (31534.33);Right Bank Station point is different than the bankline intersection (>1%)
Fatal;Cross Sections;Itajai_Acu, R3 (30534.33);Left Bank Station point is different than the bankline intersection (>1%)
Fatal;Cross Sections;Itajai_Acu, R3 (29534.33);Left Bank Station point is different than the bankline intersection (>1%)
Fatal;Cross Sections;Itajai_Acu, R3 (28534.33);Left Bank Station point is different than the bankline intersection (>1%)
Fatal;Cross Sections;Itajai_Acu, R3 (27534.33);XS intersects > 2 banklines
Fatal;Cross Sections;Itajai_Acu, R3 (26534.33);XS intersects > 2 banklines
Fatal;Cross Sections;Itajai_Acu, R3 (25534.33);XS intersects > 2 banklines
Fatal;Cross Sections;Itajai_Acu, R3 (24534.33);XS intersects > 2 banklines
Fatal;Cross Sections;Itajai_Acu, R3 (23534.33);XS intersects > 2 banklines
Fatal;Cross Sections;Itajai_Acu, R3 (22534.33);XS intersects > 2 banklines
Fatal;Cross Sections;Itajai_Acu, R3 (21534.33);Left Bank Station point is different than the bankline intersection (>1%)
Fatal;Cross Sections;Itajai_Acu, R3 (21534.33);Right Bank Station point is different than the bankline intersection (>1%)
Fatal;Cross Sections;Itajai_Acu, R3 (20534.33);Left Bank Station point is different than the bankline intersection (>1%)
Fatal;Cross Sections;Itajai_Acu, R3 (20534.33);Right Bank Station point is different than the bankline intersection (>1%)
Fatal;Cross Sections;Itajai_Acu, R3 (19534.33);XS intersects > 2 banklines
Fatal;Cross Sections;Itajai_Acu, R3 (18534.33);XS intersects < 2 banklines
Fatal;Cross Sections;Itajai_Acu, R3 (17534.33);XS intersects < 2 banklines
Fatal;Cross Sections;Itajai_Acu, R3 (16534.33);XS intersects > 2 banklines
Fatal;Cross Sections;Itajai_Acu, R3 (15534.33);XS intersects > 2 banklines
Fatal;Cross Sections;Itajai_Acu, R3 (14534.33);XS intersects > 2 banklines
Fatal;Cross Sections;Itajai_Acu, R3 (13534.33);XS intersects > 2 banklines
Fatal;Cross Sections;Itajai_Acu, R3 (12534.33);XS intersects > 2 banklines
Fatal;Cross Sections;Itajai_Acu, R3 (11534.33);XS intersects > 2 banklines
Fatal;Cross Sections;Itajai_Acu, R3 (10534.33);XS intersects > 2 banklines
Fatal;Cross Sections;Itajai_Acu, R3 (9534.33);XS intersects > 2 banklines
Fatal;Cross Sections;Itajai_Acu, R3 (8534.33);XS intersects > 2 banklines
Fatal;Cross Sections;Itajai_Acu, R3 (7534.33);XS intersects > 2 banklines
Fatal;Cross Sections;Itajai_Acu, R3 (6534.33);XS intersects > 2 banklines
Fatal;Cross Sections;Itajai_Acu, R3 (6534.33);XS must intersect exactly one Reach.
Fatal;Cross Sections;Itajai_Mirim, R1 (114428.3);Left Bank Station point is different than the bankline intersection (>1%)
Fatal;Cross Sections;Itajai_Mirim, R1 (114428.3);Right Bank Station point is different than the bankline intersection (>1%)
Fatal;Cross Sections;Itajai_Mirim, R1 (114353.3);Left Bank Station point is different than the bankline intersection (>1%)
Fatal;Cross Sections;Itajai_Mirim, R1 (114203.3);Left Bank Station point is different than the bankline intersection (>1%)
Fatal;Cross Sections;Itajai_Mirim, R1 (114203.3);Right Bank Station point is different than the bankline intersection (>1%)
Fatal;Cross Sections;Itajai_Mirim, R1 (114053.3);Left Bank Station point is different than the bankline intersection (>1%)
Fatal;Cross Sections;Itajai_Mirim, R1 (113903.3);Left Bank Station point is different than the bankline intersection (>1%)
Fatal;Cross Sections;Itajai_Mirim, R1 (113903.3);Right Bank Station point is different than the bankline intersection (>1%)
Fatal;Cross Sections;Itajai_Mirim, R1 (113753.3);Left Bank Station point is different than the bankline intersection (>1%)
Fatal;Cross Sections;Itajai_Mirim, R1 (113753.3);Right Bank Station point is different than the bankline intersection (>1%)
Fatal;Cross Sections;Itajai_Mirim, R1 (113603.3);Right Bank Station point is different than the bankline intersection (>1%)
Fatal;Cross Sections;Itajai_Mirim, R1 (113453.3);Left Bank Station point is different than the bankline intersection (>1%)
Fatal;Cross Sections;Itajai_Mirim, R1 (113453.3);Right Bank Station point is different than the bankline intersection (>1%)
Fatal;Cross Sections;Itajai_Mirim, R1 (113303.3);Left Bank Station point is different than the bankline intersection (>1%)
Fatal;Cross Sections;Itajai_Mirim, R1 (113303.3);Right Bank Station point is different than the bankline intersection (>1%)
Fatal;Cross Sections;Itajai_Mirim, R1 (113153.3);Left Bank Station point is different than the bankline intersection (>1%)
Fatal;Cross Sections;Itajai_Mirim, R1 (113153.3);Right Bank Station point is different than the bankline intersection (>1%)
Fatal;Cross Sections;Itajai_Mirim, R1 (113003.3);Left Bank Station point is different than the bankline intersection (>1%)
Fatal;Cross Sections;Itajai_Mirim, R1 (113003.3);Right Bank Station point is different than the bankline intersection (>1%)
Fatal;Cross Sections;Itajai_Mirim, R1 (112853.3);Left Bank Station point is different than the bankline intersection (>1%)
Fatal;Cross Sections;Itajai_Mirim, R1 (112853.3);Right Bank Station point is different than the bankline intersection (>1%)
Fatal;Cross Sections;Itajai_Mirim, R1 (112703.3);Left Bank Station point is different than the bankline intersection (>1%)
Fatal;Cross Sections;Itajai_Mirim, R1 (112703.3);Right Bank Station point is different than the bankline intersection (>1%)
Fatal;Cross Sections;Itajai_Mirim, R1 (112553.3);Left Bank Station point is different than the bankline intersection (>1%)
Fatal;Cross Sections;Itajai_Mirim, R1 (112553.3);Right Bank Station point is different than the bankline intersection (>1%)
Fatal;Cross Sections;Itajai_Mirim, R1 (112403.3);Left Bank Station point is different than the bankline intersection (>1%)
Fatal;Cross Sections;Itajai_Mirim, R1 (112403.3);Right Bank Station point is different than the bankline intersection (>1%)
Fatal;Cross Sections;Itajai_Mirim, R1 (112253.3);Left Bank Station point is different than the bankline intersection (>1%)
Fatal;Cross Sections;Itajai_Mirim, R1 (112253.3);Right Bank Station point is different than the bankline intersection (>1%)
Fatal;Cross Sections;Itajai_Mirim, R1 (112103.3);Left Bank Station point is different than the bankline intersection (>1%)
Fatal;Cross Sections;Itajai_Mirim, R1 (112103.3);Right Bank Station point is different than the bankline intersection (>1%)
Fatal;Cross Sections;Itajai_Mirim, R1 (111915.8);Left Bank Station point is different than the bankline intersection (>1%)
Fatal;Cross Sections;Itajai_Mirim, R1 (111915.8);Right Bank Station point is different than the bankline intersection (>1%)
Fatal;Cross Sections;Itajai_Mirim, R1 (111725.2);Left Bank Station point is different than the bankline intersection (>1%)
Fatal;Cross Sections;Itajai_Mirim, R1 (111725.2);Right Bank Station point is different than the bankline intersection (>1%)
Fatal;Cross Sections;Itajai_Mirim, R1 (111575.2);Left Bank Station point is different than the bankline intersection (>1%)
Fatal;Cross Sections;Itajai_Mirim, R1 (111575.2);Right Bank Station point is different than the bankline intersection (>1%)
Fatal;Cross Sections;Itajai_Mirim, R1 (111425.2);Left Bank Station point is different than the bankline intersection (>1%)
Fatal;Cross Sections;Itajai_Mirim, R1 (111425.2);Right Bank Station point is different than the bankline intersection (>1%)
Fatal;Cross Sections;Itajai_Mirim, R1 (111125.2);Right Bank Station point is different than the bankline intersection (>1%)
Fatal;Cross Sections;Itajai_Mirim, R1 (110975.2);Left Bank Station point is different than the bankline intersection (>1%)
Fatal;Cross Sections;Itajai_Mirim, R1 (110975.2);Right Bank Station point is different than the bankline intersection (>1%)
Fatal;Cross Sections;Itajai_Mirim, R1 (110825.2);Left Bank Station point is different than the bankline intersection (>1%)
Fatal;Cross Sections;Itajai_Mirim, R1 (110825.2);Right Bank Station point is different than the bankline intersection (>1%)
Fatal;Cross Sections;Itajai_Mirim, R1 (110675.2);Left Bank Station point is different than the bankline intersection (>1%)
Fatal;Cross Sections;Itajai_Mirim, R1 (110675.2);Right Bank Station point is different than the bankline intersection (>1%)
Fatal;Cross Sections;Itajai_Mirim, R1 (110525.2);Left Bank Station point is different than the bankline intersection (>1%)
Fatal;Cross Sections;Itajai_Mirim, R1 (110525.2);Right Bank Station point is different than the bankline intersection (>1%)
Fatal;Cross Sections;Itajai_Mirim, R1 (110375.2);Left Bank Station point is different than the bankline intersection (>1%)
Fatal;Cross Sections;Itajai_Mirim, R1 (110375.2);Right Bank Station point is different than the bankline intersection (>1%)
Fatal;Cross Sections;Itajai_Mirim, R1 (110225.2);Left Bank Station point is different than the bankline intersection (>1%)
Fatal;Cross Sections;Itajai_Mirim, R1 (110225.2);Right Bank Station point is different than the bankline intersection (>1%)
Fatal;Cross Sections;Itajai_Mirim, R1 (109925.2);Left Bank Station point is different than the bankline intersection (>1%)
Fatal;Cross Sections;Itajai_Mirim, R1 (109925.2);Right Bank Station point is different than the bankline intersection (>1%)
Fatal;Cross Sections;Itajai_Mirim, R1 (109775.2);Left Bank Station point is different than the bankline intersection (>1%)
Fatal;Cross Sections;Itajai_Mirim, R1 (109775.2);Right Bank Station point is different than the bankline intersection (>1%)
Fatal;Cross Sections;Itajai_Mirim, R1 (109625.2);Left Bank Station point is different than the bankline intersection (>1%)
Fatal;Cross Sections;Itajai_Mirim, R1 (109625.2);Right Bank Station point is different than the bankline intersection (>1%)
Fatal;Cross Sections;Itajai_Mirim, R1 (109475.2);Left Bank Station point is different than the bankline intersection (>1%)
Fatal;Cross Sections;Itajai_Mirim, R1 (109475.2);Right Bank Station point is different than the bankline intersection (>1%)
Fatal;Cross Sections;Itajai_Mirim, R1 (109325.2);Left Bank Station point is different than the bankline intersection (>1%)
Fatal;Cross Sections;Itajai_Mirim, R1 (109325.2);Right Bank Station point is different than the bankline intersection (>1%)
Fatal;Cross Sections;Itajai_Mirim, R1 (109175.2);Left Bank Station point is different than the bankline intersection (>1%)
Fatal;Cross Sections;Itajai_Mirim, R1 (109175.2);Right Bank Station point is different than the bankline intersection (>1%)
Fatal;Cross Sections;Itajai_Mirim, R1 (109025.2);Left Bank Station point is different than the bankline intersection (>1%)
Fatal;Cross Sections;Itajai_Mirim, R1 (109025.2);Right Bank Station point is different than the bankline intersection (>1%)
Fatal;Cross Sections;Itajai_Mirim, R1 (108875.2);Left Bank Station point is different than the bankline intersection (>1%)
Fatal;Cross Sections;Itajai_Mirim, R1 (108725.2);Right Bank Station point is different than the bankline intersection (>1%)
Fatal;Cross Sections;Itajai_Mirim, R1 (108575.2);Left Bank Station point is different than the bankline intersection (>1%)
Fatal;Cross Sections;Itajai_Mirim, R1 (108575.2);Right Bank Station point is different than the bankline intersection (>1%)
Fatal;Cross Sections;Itajai_Mirim, R1 (108425.2);Left Bank Station point is different than the bankline intersection (>1%)
Fatal;Cross Sections;Itajai_Mirim, R1 (108425.2);Right Bank Station point is different than the bankline intersection (>1%)
Fatal;Cross Sections;Itajai_Mirim, R1 (108265.5);Left Bank Station point is different than the bankline intersection (>1%)
Fatal;Cross Sections;Itajai_Mirim, R1 (108265.5);Right Bank Station point is different than the bankline intersection (>1%)
Fatal;Cross Sections;Itajai_Mirim, R1 (108086.2);Left Bank Station point is different than the bankline intersection (>1%)
Fatal;Cross Sections;Itajai_Mirim, R1 (108086.2);Right Bank Station point is different than the bankline intersection (>1%)
Fatal;Cross Sections;Itajai_Mirim, R1 (107926.0);Left Bank Station point is different than the bankline intersection (>1%)
Fatal;Cross Sections;Itajai_Mirim, R1 (107926.0);Right Bank Station point is different than the bankline intersection (>1%)
Fatal;Cross Sections;Itajai_Mirim, R1 (107776.0);Left Bank Station point is different than the bankline intersection (>1%)
Fatal;Cross Sections;Itajai_Mirim, R1 (107776.0);Right Bank Station point is different than the bankline intersection (>1%)
Fatal;Cross Sections;Itajai_Mirim, R1 (107626.0);Left Bank Station point is different than the bankline intersection (>1%)
Fatal;Cross Sections;Itajai_Mirim, R1 (107626.0);Right Bank Station point is different than the bankline intersection (>1%)
Fatal;Cross Sections;Itajai_Mirim, R1 (107476.0);Left Bank Station point is different than the bankline intersection (>1%)
Fatal;Cross Sections;Itajai_Mirim, R1 (107476.0);Right Bank Station point is different than the bankline intersection (>1%)
Fatal;Cross Sections;Itajai_Mirim, R1 (107326.0);Left Bank Station point is different than the bankline intersection (>1%)
Fatal;Cross Sections;Itajai_Mirim, R1 (107326.0);Right Bank Station point is different than the bankline intersection (>1%)
Fatal;Cross Sections;Itajai_Mirim, R1 (107176.0);Left Bank Station point is different than the bankline intersection (>1%)
Fatal;Cross Sections;Itajai_Mirim, R1 (107176.0);Right Bank Station point is different than the bankline intersection (>1%)
Fatal;Cross Sections;Itajai_Mirim, R1 (107026.0);Left Bank Station point is different than the bankline intersection (>1%)
Fatal;Cross Sections;Itajai_Mirim, R1 (107026.0);Right Bank Station point is different than the bankline intersection (>1%)
Fatal;Cross Sections;Itajai_Mirim, R1 (106876.0);Right Bank Station point is different than the bankline intersection (>1%)
Fatal;Cross Sections;Itajai_Mirim, R1 (106726.0);Left Bank Station point is different than the bankline intersection (>1%)
Fatal;Cross Sections;Itajai_Mirim, R1 (106576.0);Left Bank Station point is different than the bankline intersection (>1%)
Fatal;Cross Sections;Itajai_Mirim, R1 (106576.0);Right Bank Station point is different than the bankline intersection (>1%)
Fatal;Cross Sections;Itajai_Mirim, R1 (106426.0);Left Bank Station point is different than the bankline intersection (>1%)
Fatal;Cross Sections;Itajai_Mirim, R1 (106426.0);Right Bank Station point is different than the bankline intersection (>1%)
Fatal;Cross Sections;Itajai_Mirim, R1 (106276.0);Left Bank Station point is different than the bankline intersection (>1%)
Fatal;Cross Sections;Itajai_Mirim, R1 (106276.0);Right Bank Station point is different than the bankline intersection (>1%)
Fatal;Cross Sections;Itajai_Mirim, R1 (106126.0);Left Bank Station point is different than the bankline intersection (>1%)
Fatal;Cross Sections;Itajai_Mirim, R1 (106126.0);Right Bank Station point is different than the bankline intersection (>1%)
Fatal;Cross Sections;Itajai_Mirim, R1 (105826.0);Left Bank Station point is different than the bankline intersection (>1%)
Fatal;Cross Sections;Itajai_Mirim, R1 (105826.0);Right Bank Station point is different than the bankline intersection (>1%)
Fatal;Cross Sections;Itajai_Mirim, R1 (105676.0);Left Bank Station point is different than the bankline intersection (>1%)
Fatal;Cross Sections;Itajai_Mirim, R1 (105676.0);Right Bank Station point is different than the bankline intersection (>1%)
Fatal;Cross Sections;Itajai_Mirim, R1 (105526.0);Left Bank Station point is different than the bankline intersection (>1%)
Fatal;Cross Sections;Itajai_Mirim, R1 (105526.0);Right Bank Station point is different than the bankline intersection (>1%)
Fatal;Cross Sections;Itajai_Mirim, R1 (105376.0);Left Bank Station point is different than the bankline intersection (>1%)
Fatal;Cross Sections;Itajai_Mirim, R1 (105376.0);Right Bank Station point is different than the bankline intersection (>1%)
Fatal;Cross Sections;Itajai_Mirim, R1 (105226.0);Left Bank Station point is different than the bankline intersection (>1%)
Fatal;Cross Sections;Itajai_Mirim, R1 (105226.0);Right Bank Station point is different than the bankline intersection (>1%)
Fatal;Cross Sections;Itajai_Mirim, R1 (105076.0);XS intersects > 2 banklines
Fatal;Cross Sections;Itajai_Mirim, R1 (104926.0);XS intersects > 2 banklines
Fatal;Cross Sections;Itajai_Mirim, R1 (104776.0);XS intersects > 2 banklines
Fatal;Cross Sections;Itajai_Mirim, R1 (104626.0);XS intersects > 2 banklines
Fatal;Cross Sections;Itajai_Mirim, R1 (104476.0);Left Bank Station point is different than the bankline intersection (>1%)
Fatal;Cross Sections;Itajai_Mirim, R1 (104476.0);Right Bank Station point is different than the bankline intersection (>1%)
Fatal;Cross Sections;Itajai_Mirim, R1 (104326.0);Left Bank Station point is different than the bankline intersection (>1%)
Fatal;Cross Sections;Itajai_Mirim, R1 (104326.0);Right Bank Station point is different than the bankline intersection (>1%)
Fatal;Cross Sections;Itajai_Mirim, R1 (104026.0);Left Bank Station point is different than the bankline intersection (>1%)
Fatal;Cross Sections;Itajai_Mirim, R1 (104026.0);Right Bank Station point is different than the bankline intersection (>1%)
Fatal;Cross Sections;Itajai_Mirim, R1 (103876.0);Left Bank Station point is different than the bankline intersection (>1%)
Fatal;Cross Sections;Itajai_Mirim, R1 (103876.0);Right Bank Station point is different than the bankline intersection (>1%)
Fatal;Cross Sections;Itajai_Mirim, R1 (103726.0);Left Bank Station point is different than the bankline intersection (>1%)
Fatal;Cross Sections;Itajai_Mirim, R1 (103726.0);Right Bank Station point is different than the bankline intersection (>1%)
Fatal;Cross Sections;Itajai_Mirim, R1 (103576.0);Left Bank Station point is different than the bankline intersection (>1%)
Fatal;Cross Sections;Itajai_Mirim, R1 (103576.0);Right Bank Station point is different than the bankline intersection (>1%)
Fatal;Cross Sections;Itajai_Mirim, R1 (103426.0);Left Bank Station point is different than the bankline intersection (>1%)
Fatal;Cross Sections;Itajai_Mirim, R1 (103426.0);Right Bank Station point is different than the bankline intersection (>1%)
Fatal;Cross Sections;Itajai_Mirim, R1 (103276.0);Left Bank Station point is different than the bankline intersection (>1%)
Fatal;Cross Sections;Itajai_Mirim, R1 (103276.0);Right Bank Station point is different than the bankline intersection (>1%)
Fatal;Cross Sections;Itajai_Mirim, R1 (103126.0);Left Bank Station point is different than the bankline intersection (>1%)
Fatal;Cross Sections;Itajai_Mirim, R1 (103126.0);Right Bank Station point is different than the bankline intersection (>1%)
Fatal;Cross Sections;Itajai_Mirim, R1 (102826.0);Left Bank Station point is different than the bankline intersection (>1%)
Fatal;Cross Sections;Itajai_Mirim, R1 (102826.0);Right Bank Station point is different than the bankline intersection (>1%)
Fatal;Cross Sections;Itajai_Mirim, R1 (102676.0);Left Bank Station point is different than the bankline intersection (>1%)
Fatal;Cross Sections;Itajai_Mirim, R1 (102676.0);Right Bank Station point is different than the bankline intersection (>1%)
Fatal;Cross Sections;Itajai_Mirim, R1 (102526.0);Left Bank Station point is different than the bankline intersection (>1%)
Fatal;Cross Sections;Itajai_Mirim, R1 (102526.0);Right Bank Station point is different than the bankline intersection (>1%)
Fatal;Cross Sections;Itajai_Mirim, R1 (102376.0);Left Bank Station point is different than the bankline intersection (>1%)
Fatal;Cross Sections;Itajai_Mirim, R1 (102376.0);Right Bank Station point is different than the bankline intersection (>1%)
Fatal;Cross Sections;Itajai_Mirim, R1 (102226.0);Left Bank Station point is different than the bankline intersection (>1%)
Fatal;Cross Sections;Itajai_Mirim, R1 (102226.0);Right Bank Station point is different than the bankline intersection (>1%)
Fatal;Cross Sections;Itajai_Mirim, R1 (102076.0);Left Bank Station point is different than the bankline intersection (>1%)
Fatal;Cross Sections;Itajai_Mirim, R1 (102076.0);Right Bank Station point is different than the bankline intersection (>1%)
Fatal;Cross Sections;Itajai_Mirim, R1 (101926.0);Left Bank Station point is different than the bankline intersection (>1%)
Fatal;Cross Sections;Itajai_Mirim, R1 (101926.0);Right Bank Station point is different than the bankline intersection (>1%)
Fatal;Cross Sections;Itajai_Mirim, R1 (101776.0);Left Bank Station point is different than the bankline intersection (>1%)
Fatal;Cross Sections;Itajai_Mirim, R1 (101776.0);Right Bank Station point is different than the bankline intersection (>1%)
Fatal;Cross Sections;Itajai_Mirim, R1 (101626.0);Left Bank Station point is different than the bankline intersection (>1%)
Fatal;Cross Sections;Itajai_Mirim, R1 (101626.0);Right Bank Station point is different than the bankline intersection (>1%)
Fatal;Cross Sections;Itajai_Mirim, R1 (101476.0);Left Bank Station point is different than the bankline intersection (>1%)
Fatal;Cross Sections;Itajai_Mirim, R1 (101476.0);Right Bank Station point is different than the bankline intersection (>1%)
Fatal;Cross Sections;Itajai_Mirim, R1 (101326.0);Left Bank Station point is different than the bankline intersection (>1%)
Fatal;Cross Sections;Itajai_Mirim, R1 (101326.0);Right Bank Station point is different than the bankline intersection (>1%)
Fatal;Cross Sections;Itajai_Mirim, R1 (101176.0);Left Bank Station point is different than the bankline intersection (>1%)
Fatal;Cross Sections;Itajai_Mirim, R1 (101176.0);Right Bank Station point is different than the bankline intersection (>1%)
Fatal;Cross Sections;Itajai_Mirim, R1 (101005.0);XS intersects > 2 banklines
Fatal;Cross Sections;Itajai_Mirim, R1 (100787.4);XS intersects > 2 banklines
Fatal;Cross Sections;Itajai_Mirim, R1 (100569.4);Left Bank Station point is different than the bankline intersection (>1%)
Fatal;Cross Sections;Itajai_Mirim, R1 (100326.4);Left Bank Station point is different than the bankline intersection (>1%)
Fatal;Cross Sections;Itajai_Mirim, R1 (100112.7);Left Bank Station point is different than the bankline intersection (>1%)
Fatal;Cross Sections;Itajai_Mirim, R1 (100112.7);Right Bank Station point is different than the bankline intersection (>1%)
Fatal;Cross Sections;Itajai_Mirim, R1 (99895.69);XS intersects > 2 banklines
Fatal;Cross Sections;Itajai_Mirim, R1 (99113.32);Left Bank Station point is different than the bankline intersection (>1%)
Fatal;Cross Sections;Itajai_Mirim, R1 (99113.32);Right Bank Station point is different than the bankline intersection (>1%)
Fatal;Cross Sections;Itajai_Mirim, R1 (98273.65);Left Bank Station point is different than the bankline intersection (>1%)
Fatal;Cross Sections;Itajai_Mirim, R1 (98273.65);Right Bank Station point is different than the bankline intersection (>1%)
Fatal;Cross Sections;Itajai_Mirim, R1 (98016.12);Left Bank Station point is different than the bankline intersection (>1%)
Fatal;Cross Sections;Itajai_Mirim, R1 (98016.12);Right Bank Station point is different than the bankline intersection (>1%)
Fatal;Cross Sections;Itajai_Mirim, R1 (97860.90);Left Bank Station point is different than the bankline intersection (>1%)
Fatal;Cross Sections;Itajai_Mirim, R1 (97710.90);Left Bank Station point is different than the bankline intersection (>1%)
Fatal;Cross Sections;Itajai_Mirim, R1 (97710.90);Right Bank Station point is different than the bankline intersection (>1%)
Fatal;Cross Sections;Itajai_Mirim, R1 (97555.13);Left Bank Station point is different than the bankline intersection (>1%)
Fatal;Cross Sections;Itajai_Mirim, R1 (97555.13);Right Bank Station point is different than the bankline intersection (>1%)
Fatal;Cross Sections;Itajai_Mirim, R1 (97378.18);Left Bank Station point is different than the bankline intersection (>1%)
Fatal;Cross Sections;Itajai_Mirim, R1 (97378.18);Right Bank Station point is different than the bankline intersection (>1%)
Fatal;Cross Sections;Itajai_Mirim, R1 (97211.20);Left Bank Station point is different than the bankline intersection (>1%)
Fatal;Cross Sections;Itajai_Mirim, R1 (97211.20);Right Bank Station point is different than the bankline intersection (>1%)
Fatal;Cross Sections;Itajai_Mirim, R1 (97061.20);Left Bank Station point is different than the bankline intersection (>1%)
Fatal;Cross Sections;Itajai_Mirim, R1 (97061.20);Right Bank Station point is different than the bankline intersection (>1%)
Fatal;Cross Sections;Itajai_Mirim, R1 (96911.20);Left Bank Station point is different than the bankline intersection (>1%)
Fatal;Cross Sections;Itajai_Mirim, R1 (96911.20);Right Bank Station point is different than the bankline intersection (>1%)
Fatal;Cross Sections;Itajai_Mirim, R1 (96761.20);Left Bank Station point is different than the bankline intersection (>1%)
Fatal;Cross Sections;Itajai_Mirim, R1 (96761.20);Right Bank Station point is different than the bankline intersection (>1%)
Fatal;Cross Sections;Itajai_Mirim, R1 (96611.20);Left Bank Station point is different than the bankline intersection (>1%)
Fatal;Cross Sections;Itajai_Mirim, R1 (96611.20);Right Bank Station point is different than the bankline intersection (>1%)
Fatal;Cross Sections;Itajai_Mirim, R1 (96461.20);Left Bank Station point is different than the bankline intersection (>1%)
Fatal;Cross Sections;Itajai_Mirim, R1 (96461.20);Right Bank Station point is different than the bankline intersection (>1%)
Fatal;Cross Sections;Itajai_Mirim, R1 (96311.20);Left Bank Station point is different than the bankline intersection (>1%)
Fatal;Cross Sections;Itajai_Mirim, R1 (96311.20);Right Bank Station point is different than the bankline intersection (>1%)
Fatal;Cross Sections;Itajai_Mirim, R1 (96161.20);Left Bank Station point is different than the bankline intersection (>1%)
Fatal;Cross Sections;Itajai_Mirim, R1 (96161.20);Right Bank Station point is different than the bankline intersection (>1%)
Fatal;Cross Sections;Itajai_Mirim, R1 (96011.20);XS intersects > 2 banklines
Fatal;Cross Sections;Itajai_Mirim, R1 (95861.20);Left Bank Station point is different than the bankline intersection (>1%)
Fatal;Cross Sections;Itajai_Mirim, R1 (95861.20);Right Bank Station point is different than the bankline intersection (>1%)
Fatal;Cross Sections;Itajai_Mirim, R1 (95711.20);Left Bank Station point is different than the bankline intersection (>1%)
Fatal;Cross Sections;Itajai_Mirim, R1 (95711.20);Right Bank Station point is different than the bankline intersection (>1%)
Fatal;Cross Sections;Itajai_Mirim, R1 (95503.90);Right Bank Station point is different than the bankline intersection (>1%)
Fatal;Cross Sections;Itajai_Mirim, R1 (95014.69);Left Bank Station point is different than the bankline intersection (>1%)
Fatal;Cross Sections;Itajai_Mirim, R1 (95014.69);Right Bank Station point is different than the bankline intersection (>1%)
Fatal;Cross Sections;Itajai_Mirim, R1 (94357.78);Left Bank Station point is different than the bankline intersection (>1%)
Fatal;Cross Sections;Itajai_Mirim, R1 (94357.78);Right Bank Station point is different than the bankline intersection (>1%)
Fatal;Cross Sections;Itajai_Mirim, R1 (93643.99);Left Bank Station point is different than the bankline intersection (>1%)
Fatal;Cross Sections;Itajai_Mirim, R1 (93643.99);Right Bank Station point is different than the bankline intersection (>1%)
Fatal;Cross Sections;Itajai_Mirim, R1 (93307.40);Left Bank Station point is different than the bankline intersection (>1%)
Fatal;Cross Sections;Itajai_Mirim, R1 (93307.40);Right Bank Station point is different than the bankline intersection (>1%)
Fatal;Cross Sections;Itajai_Mirim, R1 (93014.38);Left Bank Station point is different than the bankline intersection (>1%)
Fatal;Cross Sections;Itajai_Mirim, R1 (93014.38);Right Bank Station point is different than the bankline intersection (>1%)
Fatal;Cross Sections;Itajai_Mirim, R1 (92820.33);Left Bank Station point is different than the bankline intersection (>1%)
Fatal;Cross Sections;Itajai_Mirim, R1 (92820.33);Right Bank Station point is different than the bankline intersection (>1%)
Fatal;Cross Sections;Itajai_Mirim, R1 (92659.73);Left Bank Station point is different than the bankline intersection (>1%)
Fatal;Cross Sections;Itajai_Mirim, R1 (92659.73);Right Bank Station point is different than the bankline intersection (>1%)
Fatal;Cross Sections;Itajai_Mirim, R1 (92509.73);Left Bank Station point is different than the bankline intersection (>1%)
Fatal;Cross Sections;Itajai_Mirim, R1 (92509.73);Right Bank Station point is different than the bankline intersection (>1%)
Fatal;Cross Sections;Itajai_Mirim, R1 (92359.73);Left Bank Station point is different than the bankline intersection (>1%)
Fatal;Cross Sections;Itajai_Mirim, R1 (92359.73);Right Bank Station point is different than the bankline intersection (>1%)
Fatal;Cross Sections;Itajai_Mirim, R1 (92209.73);Left Bank Station point is different than the bankline intersection (>1%)
Fatal;Cross Sections;Itajai_Mirim, R1 (92209.73);Right Bank Station point is different than the bankline intersection (>1%)
Fatal;Cross Sections;Itajai_Mirim, R1 (92059.73);Left Bank Station point is different than the bankline intersection (>1%)
Fatal;Cross Sections;Itajai_Mirim, R1 (92059.73);Right Bank Station point is different than the bankline intersection (>1%)
Fatal;Cross Sections;Itajai_Mirim, R1 (91909.73);Left Bank Station point is different than the bankline intersection (>1%)
Fatal;Cross Sections;Itajai_Mirim, R1 (91909.73);Right Bank Station point is different than the bankline intersection (>1%)
Fatal;Cross Sections;Itajai_Mirim, R1 (91759.73);Left Bank Station point is different than the bankline intersection (>1%)
Fatal;Cross Sections;Itajai_Mirim, R1 (91759.73);Right Bank Station point is different than the bankline intersection (>1%)
Fatal;Cross Sections;Itajai_Mirim, R1 (91609.73);Left Bank Station point is different than the bankline intersection (>1%)
Fatal;Cross Sections;Itajai_Mirim, R1 (91609.73);Right Bank Station point is different than the bankline intersection (>1%)
Fatal;Cross Sections;Itajai_Mirim, R1 (91309.73);Left Bank Station point is different than the bankline intersection (>1%)
Fatal;Cross Sections;Itajai_Mirim, R1 (91309.73);Right Bank Station point is different than the bankline intersection (>1%)
Fatal;Cross Sections;Itajai_Mirim, R1 (91159.73);Left Bank Station point is different than the bankline intersection (>1%)
Fatal;Cross Sections;Itajai_Mirim, R1 (91159.73);Right Bank Station point is different than the bankline intersection (>1%)
Fatal;Cross Sections;Itajai_Mirim, R1 (90978.57);Left Bank Station point is different than the bankline intersection (>1%)
Fatal;Cross Sections;Itajai_Mirim, R1 (90978.57);Right Bank Station point is different than the bankline intersection (>1%)
Fatal;Cross Sections;Itajai_Mirim, R1 (90323.40);Left Bank Station point is different than the bankline intersection (>1%)
Fatal;Cross Sections;Itajai_Mirim, R1 (90323.40);Right Bank Station point is different than the bankline intersection (>1%)
Fatal;Cross Sections;Itajai_Mirim, R1 (89758.55);Left Bank Station point is different than the bankline intersection (>1%)
Fatal;Cross Sections;Itajai_Mirim, R1 (89758.55);Right Bank Station point is different than the bankline intersection (>1%)
Fatal;Cross Sections;Itajai_Mirim, R1 (89555.47);Left Bank Station point is different than the bankline intersection (>1%)
Fatal;Cross Sections;Itajai_Mirim, R1 (89555.47);Right Bank Station point is different than the bankline intersection (>1%)
Fatal;Cross Sections;Itajai_Mirim, R1 (89379.61);Right Bank Station point is different than the bankline intersection (>1%)
Fatal;Cross Sections;Itajai_Mirim, R1 (89220.14);Left Bank Station point is different than the bankline intersection (>1%)
Fatal;Cross Sections;Itajai_Mirim, R1 (89056.60);Left Bank Station point is different than the bankline intersection (>1%)
Fatal;Cross Sections;Itajai_Mirim, R1 (89056.60);Right Bank Station point is different than the bankline intersection (>1%)
Fatal;Cross Sections;Itajai_Mirim, R1 (88826.33);Left Bank Station point is different than the bankline intersection (>1%)
Fatal;Cross Sections;Itajai_Mirim, R1 (88826.33);Right Bank Station point is different than the bankline intersection (>1%)
Fatal;Cross Sections;Itajai_Mirim, R1 (88502.12);Left Bank Station point is different than the bankline intersection (>1%)
Fatal;Cross Sections;Itajai_Mirim, R1 (88502.12);Right Bank Station point is different than the bankline intersection (>1%)
Fatal;Cross Sections;Itajai_Mirim, R1 (88147.95);Left Bank Station point is different than the bankline intersection (>1%)
Fatal;Cross Sections;Itajai_Mirim, R1 (88147.95);Right Bank Station point is different than the bankline intersection (>1%)
Fatal;Cross Sections;Itajai_Mirim, R1 (87371.95);Left Bank Station point is different than the bankline intersection (>1%)
Fatal;Cross Sections;Itajai_Mirim, R1 (87371.95);Right Bank Station point is different than the bankline intersection (>1%)
Fatal;Cross Sections;Itajai_Mirim, R1 (86880.22);Left Bank Station point is different than the bankline intersection (>1%)
Fatal;Cross Sections;Itajai_Mirim, R1 (86880.22);Right Bank Station point is different than the bankline intersection (>1%)
Fatal;Cross Sections;Itajai_Mirim, R1 (86237.99);Left Bank Station point is different than the bankline intersection (>1%)
Fatal;Cross Sections;Itajai_Mirim, R1 (85509.99);Left Bank Station point is different than the bankline intersection (>1%)
Fatal;Cross Sections;Itajai_Mirim, R1 (85509.99);Right Bank Station point is different than the bankline intersection (>1%)
Fatal;Cross Sections;Itajai_Mirim, R1 (84815.99);Left Bank Station point is different than the bankline intersection (>1%)
Fatal;Cross Sections;Itajai_Mirim, R1 (84815.99);Right Bank Station point is different than the bankline intersection (>1%)
Fatal;Cross Sections;Itajai_Mirim, R1 (84096.51);XS intersects > 2 banklines
Fatal;Cross Sections;Itajai_Mirim, R1 (83423.84);Left Bank Station point is different than the bankline intersection (>1%)
Fatal;Cross Sections;Itajai_Mirim, R1 (83423.84);Right Bank Station point is different than the bankline intersection (>1%)
Fatal;Cross Sections;Itajai_Mirim, R1 (81903.03);Left Bank Station point is different than the bankline intersection (>1%)
Fatal;Cross Sections;Itajai_Mirim, R1 (81202.31);Left Bank Station point is different than the bankline intersection (>1%)
Fatal;Cross Sections;Itajai_Mirim, R1 (81202.31);Right Bank Station point is different than the bankline intersection (>1%)
Fatal;Cross Sections;Itajai_Mirim, R1 (80626.90);Left Bank Station point is different than the bankline intersection (>1%)
Fatal;Cross Sections;Itajai_Mirim, R1 (80626.90);Right Bank Station point is different than the bankline intersection (>1%)
Fatal;Cross Sections;Itajai_Mirim, R1 (80288.89);Left Bank Station point is different than the bankline intersection (>1%)
Fatal;Cross Sections;Itajai_Mirim, R1 (80288.89);Right Bank Station point is different than the bankline intersection (>1%)
Fatal;Cross Sections;Itajai_Mirim, R1 (79875.74);Left Bank Station point is different than the bankline intersection (>1%)
Fatal;Cross Sections;Itajai_Mirim, R1 (79875.74);Right Bank Station point is different than the bankline intersection (>1%)
Fatal;Cross Sections;Itajai_Mirim, R1 (79487.68);Left Bank Station point is different than the bankline intersection (>1%)
Fatal;Cross Sections;Itajai_Mirim, R1 (79487.68);Right Bank Station point is different than the bankline intersection (>1%)
Fatal;Cross Sections;Itajai_Mirim, R1 (78825.55);Left Bank Station point is different than the bankline intersection (>1%)
Fatal;Cross Sections;Itajai_Mirim, R1 (78083.20);Left Bank Station point is different than the bankline intersection (>1%)
Fatal;Cross Sections;Itajai_Mirim, R1 (78083.20);Right Bank Station point is different than the bankline intersection (>1%)
Fatal;Cross Sections;Itajai_Mirim, R1 (77886.58);Left Bank Station point is different than the bankline intersection (>1%)
Fatal;Cross Sections;Itajai_Mirim, R1 (77886.58);Right Bank Station point is different than the bankline intersection (>1%)
Fatal;Cross Sections;Itajai_Mirim, R1 (77736.58);Left Bank Station point is different than the bankline intersection (>1%)
Fatal;Cross Sections;Itajai_Mirim, R1 (77736.58);Right Bank Station point is different than the bankline intersection (>1%)
Fatal;Cross Sections;Itajai_Mirim, R1 (77586.58);Left Bank Station point is different than the bankline intersection (>1%)
Fatal;Cross Sections;Itajai_Mirim, R1 (77586.58);Right Bank Station point is different than the bankline intersection (>1%)
Fatal;Cross Sections;Itajai_Mirim, R1 (77436.58);Left Bank Station point is different than the bankline intersection (>1%)
Fatal;Cross Sections;Itajai_Mirim, R1 (77436.58);Right Bank Station point is different than the bankline intersection (>1%)
Fatal;Cross Sections;Itajai_Mirim, R1 (77286.58);Right Bank Station point is different than the bankline intersection (>1%)
Fatal;Cross Sections;Itajai_Mirim, R1 (77136.58);Left Bank Station point is different than the bankline intersection (>1%)
Fatal;Cross Sections;Itajai_Mirim, R1 (77136.58);Right Bank Station point is different than the bankline intersection (>1%)
Fatal;Cross Sections;Itajai_Mirim, R1 (76986.58);Left Bank Station point is different than the bankline intersection (>1%)
Fatal;Cross Sections;Itajai_Mirim, R1 (76986.58);Right Bank Station point is different than the bankline intersection (>1%)
Fatal;Cross Sections;Itajai_Mirim, R1 (76797.87);Left Bank Station point is different than the bankline intersection (>1%)
Fatal;Cross Sections;Itajai_Mirim, R1 (76172.84);Left Bank Station point is different than the bankline intersection (>1%)
Fatal;Cross Sections;Itajai_Mirim, R1 (76172.84);Right Bank Station point is different than the bankline intersection (>1%)
Fatal;Cross Sections;Itajai_Mirim, R1 (75456.94);Left Bank Station point is different than the bankline intersection (>1%)
Fatal;Cross Sections;Itajai_Mirim, R1 (75456.94);Right Bank Station point is different than the bankline intersection (>1%)
Fatal;Cross Sections;Itajai_Mirim, R1 (74688.64);Left Bank Station point is different than the bankline intersection (>1%)
Fatal;Cross Sections;Itajai_Mirim, R1 (74688.64);Right Bank Station point is different than the bankline intersection (>1%)
Fatal;Cross Sections;Itajai_Mirim, R1 (73948.69);Left Bank Station point is different than the bankline intersection (>1%)
Fatal;Cross Sections;Itajai_Mirim, R1 (73948.69);Right Bank Station point is different than the bankline intersection (>1%)
Fatal;Cross Sections;Itajai_Mirim, R1 (73630.17);XS intersects > 2 banklines
Fatal;Cross Sections;Itajai_Mirim, R1 (73266.14);Left Bank Station point is different than the bankline intersection (>1%)
Fatal;Cross Sections;Itajai_Mirim, R1 (73266.14);Right Bank Station point is different than the bankline intersection (>1%)
Fatal;Cross Sections;Itajai_Mirim, R1 (72785.82);Left Bank Station point is different than the bankline intersection (>1%)
Fatal;Cross Sections;Itajai_Mirim, R1 (72785.82);Right Bank Station point is different than the bankline intersection (>1%)
Fatal;Cross Sections;Itajai_Mirim, R1 (72033.50);XS intersects > 2 banklines
Fatal;Cross Sections;Itajai_Mirim, R1 (71489.40);Right Bank Station point is different than the bankline intersection (>1%)
Fatal;Cross Sections;Itajai_Mirim, R1 (70810.48);Left Bank Station point is different than the bankline intersection (>1%)
Fatal;Cross Sections;Itajai_Mirim, R1 (70810.48);Right Bank Station point is different than the bankline intersection (>1%)
Fatal;Cross Sections;Itajai_Mirim, R1 (69920.25);Left Bank Station point is different than the bankline intersection (>1%)
Fatal;Cross Sections;Itajai_Mirim, R1 (69920.25);Right Bank Station point is different than the bankline intersection (>1%)
Fatal;Cross Sections;Itajai_Mirim, R1 (69101.55);Left Bank Station point is different than the bankline intersection (>1%)
Fatal;Cross Sections;Itajai_Mirim, R1 (69101.55);Right Bank Station point is different than the bankline intersection (>1%)
Fatal;Cross Sections;Itajai_Mirim, R1 (68332.26);Left Bank Station point is different than the bankline intersection (>1%)
Fatal;Cross Sections;Itajai_Mirim, R1 (68332.26);Right Bank Station point is different than the bankline intersection (>1%)
Fatal;Cross Sections;Itajai_Mirim, R1 (67479.00);Left Bank Station point is different than the bankline intersection (>1%)
Fatal;Cross Sections;Itajai_Mirim, R1 (67479.00);Right Bank Station point is different than the bankline intersection (>1%)
Fatal;Cross Sections;Itajai_Mirim, R1 (66713.69);Left Bank Station point is different than the bankline intersection (>1%)
Fatal;Cross Sections;Itajai_Mirim, R1 (66713.69);Right Bank Station point is different than the bankline intersection (>1%)
Fatal;Cross Sections;Itajai_Mirim, R1 (65912.30);XS intersects < 2 banklines
Fatal;Cross Sections;Itajai_Mirim, R1 (65116.30);XS intersects > 2 banklines
Fatal;Cross Sections;Itajai_Mirim, R1 (64236.93);Left Bank Station point is different than the bankline intersection (>1%)
Fatal;Cross Sections;Itajai_Mirim, R1 (64236.93);Right Bank Station point is different than the bankline intersection (>1%)
Fatal;Cross Sections;Itajai_Mirim, R1 (63443.16);Left Bank Station point is different than the bankline intersection (>1%)
Fatal;Cross Sections;Itajai_Mirim, R1 (63443.16);Right Bank Station point is different than the bankline intersection (>1%)
Fatal;Cross Sections;Itajai_Mirim, R1 (62613.16);Left Bank Station point is different than the bankline intersection (>1%)
Fatal;Cross Sections;Itajai_Mirim, R1 (62613.16);Right Bank Station point is different than the bankline intersection (>1%)
Fatal;Cross Sections;Itajai_Mirim, R1 (61734.23);Left Bank Station point is different than the bankline intersection (>1%)
Fatal;Cross Sections;Itajai_Mirim, R1 (61734.23);Right Bank Station point is different than the bankline intersection (>1%)
Fatal;Cross Sections;Itajai_Mirim, R1 (60872.82);Left Bank Station point is different than the bankline intersection (>1%)
Fatal;Cross Sections;Itajai_Mirim, R1 (60872.82);Right Bank Station point is different than the bankline intersection (>1%)
Fatal;Cross Sections;Itajai_Mirim, R1 (60020.39);Left Bank Station point is different than the bankline intersection (>1%)
Fatal;Cross Sections;Itajai_Mirim, R1 (60020.39);Right Bank Station point is different than the bankline intersection (>1%)
Fatal;Cross Sections;Itajai_Mirim, R1 (59205.36);Left Bank Station point is different than the bankline intersection (>1%)
Fatal;Cross Sections;Itajai_Mirim, R1 (59205.36);Right Bank Station point is different than the bankline intersection (>1%)
Fatal;Cross Sections;Itajai_Mirim, R1 (57385.72);Left Bank Station point is different than the bankline intersection (>1%)
Fatal;Cross Sections;Itajai_Mirim, R1 (57385.72);Right Bank Station point is different than the bankline intersection (>1%)
Fatal;Cross Sections;Itajai_Mirim, R1 (56548.15);Left Bank Station point is different than the bankline intersection (>1%)
Fatal;Cross Sections;Itajai_Mirim, R1 (55548.15);Left Bank Station point is different than the bankline intersection (>1%)
Fatal;Cross Sections;Itajai_Mirim, R1 (55548.15);Right Bank Station point is different than the bankline intersection (>1%)
Fatal;Cross Sections;Itajai_Mirim, R1 (54603.96);Left Bank Station point is different than the bankline intersection (>1%)
Fatal;Cross Sections;Itajai_Mirim, R1 (54603.96);Right Bank Station point is different than the bankline intersection (>1%)
Fatal;Cross Sections;Itajai_Mirim, R1 (54079.96);XS intersects > 2 banklines
Fatal;Cross Sections;Itajai_Mirim, R1 (53404.06);XS intersects > 2 banklines
Fatal;Cross Sections;Itajai_Mirim, R1 (52458.56);Right Bank Station point is different than the bankline intersection (>1%)
Fatal;Cross Sections;Itajai_Mirim, R1 (51458.56);Left Bank Station point is different than the bankline intersection (>1%)
Fatal;Cross Sections;Itajai_Mirim, R1 (51458.56);Right Bank Station point is different than the bankline intersection (>1%)
Fatal;Cross Sections;Itajai_Mirim, R1 (50512.28);Right Bank Station point is different than the bankline intersection (>1%)
Fatal;Cross Sections;Itajai_Mirim, R1 (48552.91);Right Bank Station point is different than the bankline intersection (>1%)
Fatal;Cross Sections;Itajai_Mirim, R1 (47608.96);Left Bank Station point is different than the bankline intersection (>1%)
Fatal;Cross Sections;Itajai_Mirim, R1 (46743.89);XS intersects > 2 banklines
Fatal;Cross Sections;Itajai_Mirim, R1 (45743.89);Left Bank Station point is different than the bankline intersection (>1%)
Fatal;Cross Sections;Itajai_Mirim, R1 (44776.60);Left Bank Station point is different than the bankline intersection (>1%)
Fatal;Cross Sections;Itajai_Mirim, R1 (43779.77);Left Bank Station point is different than the bankline intersection (>1%)
Fatal;Cross Sections;Itajai_Mirim, R1 (43779.77);Right Bank Station point is different than the bankline intersection (>1%)
Fatal;Cross Sections;Itajai_Mirim, R1 (42783.36);Left Bank Station point is different than the bankline intersection (>1%)
Fatal;Cross Sections;Itajai_Mirim, R1 (42783.36);Right Bank Station point is different than the bankline intersection (>1%)
Fatal;Cross Sections;Itajai_Mirim, R1 (40783.36);Left Bank Station point is different than the bankline intersection (>1%)
Fatal;Cross Sections;Itajai_Mirim, R1 (40783.36);Right Bank Station point is different than the bankline intersection (>1%)
Fatal;Cross Sections;Itajai_Mirim, R1 (39783.36);Left Bank Station point is different than the bankline intersection (>1%)
Fatal;Cross Sections;Itajai_Mirim, R1 (39783.36);Right Bank Station point is different than the bankline intersection (>1%)
Fatal;Cross Sections;Itajai_Mirim, R1 (38783.36);Left Bank Station point is different than the bankline intersection (>1%)
Fatal;Cross Sections;Itajai_Mirim, R1 (38023.69);Left Bank Station point is different than the bankline intersection (>1%)
Fatal;Cross Sections;Itajai_Mirim, R1 (37637.58);Left Bank Station point is different than the bankline intersection (>1%)
Fatal;Cross Sections;Itajai_Mirim, R1 (37637.58);Right Bank Station point is different than the bankline intersection (>1%)
Fatal;Cross Sections;Itajai_Mirim, R1 (37195.39);Left Bank Station point is different than the bankline intersection (>1%)
Fatal;Cross Sections;Itajai_Mirim, R1 (37195.39);Right Bank Station point is different than the bankline intersection (>1%)
Fatal;Cross Sections;Itajai_Mirim, R1 (36699.72);Left Bank Station point is different than the bankline intersection (>1%)
Fatal;Cross Sections;Itajai_Mirim, R1 (36699.72);Right Bank Station point is different than the bankline intersection (>1%)
Fatal;Cross Sections;Itajai_Mirim, R1 (35338.58);Left Bank Station point is different than the bankline intersection (>1%)
Fatal;Cross Sections;Itajai_Mirim, R1 (35338.58);Right Bank Station point is different than the bankline intersection (>1%)
Fatal;Cross Sections;Itajai_Mirim, R1 (34338.58);Right Bank Station point is different than the bankline intersection (>1%)
Fatal;Cross Sections;Itajai_Mirim, R1 (33338.58);Left Bank Station point is different than the bankline intersection (>1%)
Fatal;Cross Sections;Itajai_Mirim, R1 (32338.58);Left Bank Station point is different than the bankline intersection (>1%)
Fatal;Cross Sections;Itajai_Mirim, R1 (32338.58);Right Bank Station point is different than the bankline intersection (>1%)
Fatal;Cross Sections;Itajai_Mirim, R1 (31338.58);Left Bank Station point is different than the bankline intersection (>1%)
Fatal;Cross Sections;Itajai_Mirim, R1 (31338.58);Right Bank Station point is different than the bankline intersection (>1%)
Fatal;Cross Sections;Itajai_Mirim, R1 (30338.58);Left Bank Station point is different than the bankline intersection (>1%)
Fatal;Cross Sections;Itajai_Mirim, R1 (29338.58);Left Bank Station point is different than the bankline intersection (>1%)
Fatal;Cross Sections;Itajai_Mirim, R1 (28338.58);Left Bank Station point is different than the bankline intersection (>1%)
Fatal;Cross Sections;Itajai_Mirim, R1 (27338.58);Left Bank Station point is different than the bankline intersection (>1%)
Fatal;Cross Sections;Itajai_Mirim, R1 (27338.58);Right Bank Station point is different than the bankline intersection (>1%)
Fatal;Cross Sections;Itajai_Mirim, R1 (26338.58);Right Bank Station point is different than the bankline intersection (>1%)
Fatal;Cross Sections;Itajai_Mirim, R1 (25338.58);Left Bank Station point is different than the bankline intersection (>1%)
Fatal;Cross Sections;Itajai_Mirim, R1 (25338.58);Right Bank Station point is different than the bankline intersection (>1%)
Fatal;Cross Sections;Itajai_Mirim, R1 (24338.58);Left Bank Station point is different than the bankline intersection (>1%)
Fatal;Cross Sections;Itajai_Mirim, R1 (24338.58);Right Bank Station point is different than the bankline intersection (>1%)
Fatal;Cross Sections;Itajai_Mirim, R1 (23338.58);Left Bank Station point is different than the bankline intersection (>1%)
Fatal;Cross Sections;Itajai_Mirim, R1 (22338.58);Left Bank Station point is different than the bankline intersection (>1%)
Fatal;Cross Sections;Itajai_Mirim, R1 (22338.58);Right Bank Station point is different than the bankline intersection (>1%)
Fatal;Cross Sections;Itajai_Mirim, R1 (21338.58);Left Bank Station point is different than the bankline intersection (>1%)
Fatal;Cross Sections;Itajai_Mirim, R1 (21338.58);Right Bank Station point is different than the bankline intersection (>1%)
Fatal;Cross Sections;Itajai_Mirim, R1 (19338.58);Left Bank Station point is different than the bankline intersection (>1%)
Fatal;Cross Sections;Itajai_Mirim, R1 (19338.58);Right Bank Station point is different than the bankline intersection (>1%)
Fatal;Cross Sections;Itajai_Mirim, R1 (18338.58);Left Bank Station point is different than the bankline intersection (>1%)
Fatal;Cross Sections;Itajai_Mirim, R1 (18338.58);Right Bank Station point is different than the bankline intersection (>1%)
Fatal;Cross Sections;Itajai_Mirim, R1 (17338.58);Left Bank Station point is different than the bankline intersection (>1%)
Fatal;Cross Sections;Itajai_Mirim, R1 (16338.58);Left Bank Station point is different than the bankline intersection (>1%)
Fatal;Cross Sections;Itajai_Mirim, R1 (16338.58);Right Bank Station point is different than the bankline intersection (>1%)
Fatal;Cross Sections;Itajai_Mirim, R1 (15338.58);Left Bank Station point is different than the bankline intersection (>1%)
Fatal;Cross Sections;Itajai_Mirim, R1 (15338.58);Right Bank Station point is different than the bankline intersection (>1%)
Fatal;Cross Sections;Itajai_Mirim, R1 (14338.58);Right Bank Station point is different than the bankline intersection (>1%)
Fatal;Cross Sections;Itajai_Mirim, R1 (13338.58);Right Bank Station point is different than the bankline intersection (>1%)
Fatal;Cross Sections;Itajai_Mirim, R1 (12338.58);Right Bank Station point is different than the bankline intersection (>1%)
Fatal;Cross Sections;Itajai_Mirim, R1 (11338.58);Left Bank Station point is different than the bankline intersection (>1%)
Fatal;Cross Sections;Itajai_Mirim, R1 (11338.58);Right Bank Station point is different than the bankline intersection (>1%)
Fatal;Cross Sections;Itajai_Mirim, R1 (10338.58);Left Bank Station point is different than the bankline intersection (>1%)
Fatal;Cross Sections;Itajai_Mirim, R1 (9338.58);XS intersects > 2 banklines
Fatal;Cross Sections;Itajai_Mirim, R1 (8338.58);Left Bank Station point is different than the bankline intersection (>1%)
Fatal;Cross Sections;Itajai_Mirim, R1 (8338.58);Right Bank Station point is different than the bankline intersection (>1%)
Fatal;Cross Sections;Itajai_Mirim, R1 (7338.58);XS intersects < 2 banklines
Fatal;Cross Sections;Itajai_Mirim, R1 (6338.58);XS intersects < 2 banklines
Fatal;Cross Sections;Itajai_Mirim, R1 (5338.58);XS intersects < 2 banklines
Fatal;Cross Sections;Itajai_Mirim, R1 (4338.58);XS intersects < 2 banklines
Fatal;Cross Sections;Itajai_Mirim, R1 (3338.58);XS intersects < 2 banklines
Fatal;Cross Sections;Itajai_Mirim, R1 (2338.58);XS intersects < 2 banklines
Fatal;Cross Sections;Itajai_Mirim, R1 (1338.58);XS intersects < 2 banklines
Fatal;Cross Sections;Itajai_Mirim, R1 (338.58);XS intersects < 2 banklines
Fatal;Cross Sections;Itajai_Mirim, R1 (75.00);Left Bank Station point is different than the bankline intersection (>1%)
Fatal;Cross Sections;Itajai_Mirim, R1 (75.00);Right Bank Station point is different than the bankline intersection (>1%)
Fatal;Cross Sections;Itajai_Mirim, R1 (75.00);XS must intersect exactly one Reach.
Fatal;Cross Sections;Itajai_Acu, R4 (5534.33);XS intersects > 2 banklines
Fatal;Cross Sections;Itajai_Acu, R4 (4534.33);XS intersects > 2 banklines
Fatal;Cross Sections;Itajai_Acu, R4 (3534.33);XS intersects > 2 banklines
Fatal;Cross Sections;Itajai_Acu, R4 (2534.33);Left Bank Station point is different than the bankline intersection (>1%)
Fatal;Cross Sections;Itajai_Acu, R4 (1559.16);Left Bank Station point is different than the bankline intersection (>1%)
Fatal;Cross Sections;Itajai_Acu, R4 (1559.16);Right Bank Station point is different than the bankline intersection (>1%)
Fatal;Cross Sections;Itajai_Acu, R4 (559.16);Left Bank Station point is different than the bankline intersection (>1%)
Fatal;Cross Sections;Itajai_Acu, R4 (559.16);Right Bank Station point is different than the bankline intersection (>1%)
Fatal;Cross Sections;Itajai_Acu, R4 (75.00);XS intersects < 2 banklines
Fatal;Edge Lines;0;Polyline has self intersections
Warning;Edge line self intersections;0;This is a edge line self intersection point
Warning;Edge line self intersections;1;This is a edge line self intersection point
Warning;Edge line self intersections;2;This is a edge line self intersection point
Warning;Edge line self intersections;3;This is a edge line self intersection point
Warning;Edge line self intersections;4;This is a edge line self intersection point
Warning;Edge line self intersections;5;This is a edge line self intersection point
Warning;Edge line self intersections;6;This is a edge line self intersection point
Warning;Edge line self intersections;7;This is a edge line self intersection point
Warning;Edge line self intersections;8;This is a edge line self intersection point
Warning;Edge line self intersections;9;This is a edge line self intersection point
Warning;Edge line self intersections;10;This is a edge line self intersection point
Warning;Edge line self intersections;11;This is a edge line self intersection point
Warning;Edge line self intersections;12;This is a edge line self intersection point
Warning;Edge line self intersections;13;This is a edge line self intersection point
Warning;Edge line self intersections;14;This is a edge line self intersection point
Warning;Edge line self intersections;15;This is a edge line self intersection point
Warning;Edge line self intersections;16;This is a edge line self intersection point
Warning;Edge line self intersections;17;This is a edge line self intersection point
Warning;Edge line self intersections;18;This is a edge line self intersection point
Warning;Edge line self intersections;19;This is a edge line self intersection point
Warning;Edge line self intersections;20;This is a edge line self intersection point
Warning;Edge line self intersections;21;This is a edge line self intersection point
Warning;Edge line self intersections;22;This is a edge line self intersection point
Warning;Edge line self intersections;23;This is a edge line self intersection point
Warning;Edge line self intersections;24;This is a edge line self intersection point
Warning;Edge line self intersections;25;This is a edge line self intersection point
Warning;Edge line self intersections;26;This is a edge line self intersection point
Warning;Edge line self intersections;27;This is a edge line self intersection point
Warning;Edge line self intersections;28;This is a edge line self intersection point
Warning;Edge line self intersections;29;This is a edge line self intersection point
Warning;Edge line self intersections;30;This is a edge line self intersection point
Warning;Edge line self intersections;31;This is a edge line self intersection point
Warning;Edge line self intersections;32;This is a edge line self intersection point
Warning;Edge line self intersections;33;This is a edge line self intersection point
Warning;Edge line self intersections;34;This is a edge line self intersection point
Warning;Edge line self intersections;35;This is a edge line self intersection point
Warning;Edge line self intersections;36;This is a edge line self intersection point
Fatal;Edge Lines;1;Polyline has self intersections
Warning;Edge line self intersections;0;This is a edge line self intersection point
Warning;Edge line self intersections;1;This is a edge line self intersection point
Warning;Edge line self intersections;2;This is a edge line self intersection point
Warning;Edge line self intersections;3;This is a edge line self intersection point
Warning;Edge line self intersections;4;This is a edge line self intersection point
Warning;Edge line self intersections;5;This is a edge line self intersection point
Warning;Edge line self intersections;6;This is a edge line self intersection point
Warning;Edge line self intersections;7;This is a edge line self intersection point
Warning;Edge line self intersections;8;This is a edge line self intersection point
Warning;Edge line self intersections;9;This is a edge line self intersection point
Warning;Edge line self intersections;10;This is a edge line self intersection point
Warning;Edge line self intersections;11;This is a edge line self intersection point
Warning;Edge line self intersections;12;This is a edge line self intersection point
Warning;Edge line self intersections;13;This is a edge line self intersection point
Warning;Edge line self intersections;14;This is a edge line self intersection point
Warning;Edge line self intersections;15;This is a edge line self intersection point
Warning;Edge line self intersections;16;This is a edge line self intersection point
Warning;Edge line self intersections;17;This is a edge line self intersection point
Warning;Edge line self intersections;18;This is a edge line self intersection point
Warning;Edge line self intersections;19;This is a edge line self intersection point
Warning;Edge line self intersections;20;This is a edge line self intersection point
Warning;Edge line self intersections;21;This is a edge line self intersection point
Warning;Edge line self intersections;22;This is a edge line self intersection point
Warning;Edge line self intersections;23;This is a edge line self intersection point
Warning;Edge line self intersections;24;This is a edge line self intersection point
Warning;Edge line self intersections;25;This is a edge line self intersection point
Warning;Edge line self intersections;26;This is a edge line self intersection point
Warning;Edge line self intersections;27;This is a edge line self intersection point
Warning;Edge line self intersections;28;This is a edge line self intersection point
Warning;Edge line self intersections;29;This is a edge line self intersection point
Warning;Edge line self intersections;30;This is a edge line self intersection point
Warning;Edge line self intersections;31;This is a edge line self intersection point
Warning;Edge line self intersections;32;This is a edge line self intersection point
Warning;Edge line self intersections;33;This is a edge line self intersection point
Warning;Edge line self intersections;34;This is a edge line self intersection point
Fatal;Edge Lines;2;Polyline has self intersections
Warning;Edge line self intersections;0;This is a edge line self intersection point
Warning;Edge line self intersections;1;This is a edge line self intersection point
Warning;Edge line self intersections;2;This is a edge line self intersection point
Warning;Edge line self intersections;3;This is a edge line self intersection point
Warning;Edge line self intersections;4;This is a edge line self intersection point
Warning;Edge line self intersections;5;This is a edge line self intersection point
Warning;Edge line self intersections;6;This is a edge line self intersection point
Warning;Edge line self intersections;7;This is a edge line self intersection point
Warning;Edge line self intersections;8;This is a edge line self intersection point
Warning;Edge line self intersections;9;This is a edge line self intersection point
Warning;Edge line self intersections;10;This is a edge line self intersection point
Warning;Edge line self intersections;11;This is a edge line self intersection point
Warning;Edge line self intersections;12;This is a edge line self intersection point
Warning;Edge line self intersections;13;This is a edge line self intersection point
Warning;Edge line self intersections;14;This is a edge line self intersection point
Warning;Edge line self intersections;15;This is a edge line self intersection point
Warning;Edge line self intersections;16;This is a edge line self intersection point
Warning;Edge line self intersections;17;This is a edge line self intersection point
Fatal;Edge Lines;3;Polyline has self intersections
Warning;Edge line self intersections;0;This is a edge line self intersection point
Warning;Edge line self intersections;1;This is a edge line self intersection point
Warning;Edge line self intersections;2;This is a edge line self intersection point
Warning;Edge line self intersections;3;This is a edge line self intersection point
Warning;Edge line self intersections;4;This is a edge line self intersection point
Warning;Edge line self intersections;5;This is a edge line self intersection point
Warning;Edge line self intersections;6;This is a edge line self intersection point
Warning;Edge line self intersections;7;This is a edge line self intersection point
Warning;Edge line self intersections;8;This is a edge line self intersection point
Warning;Edge line self intersections;9;This is a edge line self intersection point
Warning;Edge line self intersections;10;This is a edge line self intersection point
Warning;Edge line self intersections;11;This is a edge line self intersection point
Warning;Edge line self intersections;12;This is a edge line self intersection point
Warning;Edge line self intersections;13;This is a edge line self intersection point
Warning;Edge line self intersections;14;This is a edge line self intersection point
Warning;Edge line self intersections;15;This is a edge line self intersection point
Warning;Edge line self intersections;16;This is a edge line self intersection point
Warning;Edge line self intersections;17;This is a edge line self intersection point
Warning;Edge line self intersections;18;This is a edge line self intersection point
Warning;Edge line self intersections;19;This is a edge line self intersection point
Fatal;Edge Lines;4;Polyline has self intersections
Warning;Edge line self intersections;0;This is a edge line self intersection point
Warning;Edge line self intersections;1;This is a edge line self intersection point
Warning;Edge line self intersections;2;This is a edge line self intersection point
Warning;Edge line self intersections;3;This is a edge line self intersection point
Warning;Edge line self intersections;4;This is a edge line self intersection point
Warning;Edge line self intersections;5;This is a edge line self intersection point
Warning;Edge line self intersections;6;This is a edge line self intersection point
Warning;Edge line self intersections;7;This is a edge line self intersection point
Warning;Edge line self intersections;8;This is a edge line self intersection point
Warning;Edge line self intersections;9;This is a edge line self intersection point
Fatal;Edge Lines;5;Polyline has self intersections
Warning;Edge line self intersections;0;This is a edge line self intersection point
Warning;Edge line self intersections;1;This is a edge line self intersection point
Warning;Edge line self intersections;2;This is a edge line self intersection point
Warning;Edge line self intersections;3;This is a edge line self intersection point
Warning;Edge line self intersections;4;This is a edge line self intersection point
Warning;Edge line self intersections;5;This is a edge line self intersection point
Warning;Edge line self intersections;6;This is a edge line self intersection point
Warning;Edge line self intersections;7;This is a edge line self intersection point
Warning;Edge line self intersections;8;This is a edge line self intersection point
Warning;Edge line self intersections;9;This is a edge line self intersection point
Fatal;Edge Lines;6;Polyline has self intersections
Warning;Edge line self intersections;0;This is a edge line self intersection point
Warning;Edge line self intersections;1;This is a edge line self intersection point
Warning;Edge line self intersections;2;This is a edge line self intersection point
Warning;Edge line self intersections;3;This is a edge line self intersection point
Warning;Edge line self intersections;4;This is a edge line self intersection point
Warning;Edge line self intersections;5;This is a edge line self intersection point
Warning;Edge line self intersections;6;This is a edge line self intersection point
Warning;Edge line self intersections;7;This is a edge line self intersection point
Warning;Edge line self intersections;8;This is a edge line self intersection point
Fatal;Edge Lines;7;Polyline has self intersections
Warning;Edge line self intersections;0;This is a edge line self intersection point
Warning;Edge line self intersections;1;This is a edge line self intersection point
Warning;Edge line self intersections;2;This is a edge line self intersection point
Warning;Edge line self intersections;3;This is a edge line self intersection point
Warning;Edge line self intersections;4;This is a edge line self intersection point
Warning;Edge line self intersections;5;This is a edge line self intersection point
Warning;Edge line self intersections;6;This is a edge line self intersection point
Warning;Edge line self intersections;7;This is a edge line self intersection point
Warning;Edge line self intersections;8;This is a edge line self intersection point
Warning;Edge line self intersections;9;This is a edge line self intersection point
Warning;Edge line self intersections;10;This is a edge line self intersection point
Fatal;Edge Lines;8;Polyline has self intersections
Warning;Edge line self intersections;0;This is a edge line self intersection point
Warning;Edge line self intersections;1;This is a edge line self intersection point
Warning;Edge line self intersections;2;This is a edge line self intersection point
Warning;Edge line self intersections;3;This is a edge line self intersection point
Warning;Edge line self intersections;4;This is a edge line self intersection point
Warning;Edge line self intersections;5;This is a edge line self intersection point
Warning;Edge line self intersections;6;This is a edge line self intersection point
Warning;Edge line self intersections;7;This is a edge line self intersection point
Warning;Edge line self intersections;8;This is a edge line self intersection point
Warning;Edge line self intersections;9;This is a edge line self intersection point
Warning;Edge line self intersections;10;This is a edge line self intersection point
Warning;Edge line self intersections;11;This is a edge line self intersection point
Warning;Edge line self intersections;12;This is a edge line self intersection point
Warning;Edge line self intersections;13;This is a edge line self intersection point
Warning;Edge line self intersections;14;This is a edge line self intersection point
Warning;Edge line self intersections;15;This is a edge line self intersection point
Warning;Edge line self intersections;16;This is a edge line self intersection point
Warning;Edge line self intersections;17;This is a edge line self intersection point
Warning;Edge line self intersections;18;This is a edge line self intersection point
Warning;Edge line self intersections;19;This is a edge line self intersection point
Fatal;Edge Lines;9;Polyline has self intersections
Warning;Edge line self intersections;0;This is a edge line self intersection point
Warning;Edge line self intersections;1;This is a edge line self intersection point
Warning;Edge line self intersections;2;This is a edge line self intersection point
Warning;Edge line self intersections;3;This is a edge line self intersection point
Warning;Edge line self intersections;4;This is a edge line self intersection point
Warning;Edge line self intersections;5;This is a edge line self intersection point
Warning;Edge line self intersections;6;This is a edge line self intersection point
Warning;Edge line self intersections;7;This is a edge line self intersection point
Warning;Edge line self intersections;8;This is a edge line self intersection point
Warning;Edge line self intersections;9;This is a edge line self intersection point
Warning;Edge line self intersections;10;This is a edge line self intersection point
Warning;Edge line self intersections;11;This is a edge line self intersection point
Warning;Edge line self intersections;12;This is a edge line self intersection point
Warning;Edge line self intersections;13;This is a edge line self intersection point
Warning;Edge line self intersections;14;This is a edge line self intersection point
Warning;Edge line self intersections;15;This is a edge line self intersection point
Warning;Edge line self intersections;16;This is a edge line self intersection point
Warning;Edge line self intersections;17;This is a edge line self intersection point
Warning;Edge line self intersections;18;This is a edge line self intersection point
Warning;Edge line self intersections;19;This is a edge line self intersection point
Warning;Edge line self intersections;20;This is a edge line self intersection point
Warning;Edge line self intersections;21;This is a edge line self intersection point
Warning;Edge line self intersections;22;This is a edge line self intersection point
Warning;Edge line self intersections;23;This is a edge line self intersection point
Warning;Edge line self intersections;24;This is a edge line self intersection point
Warning;Edge line self intersections;25;This is a edge line self intersection point
Warning;Edge line self intersections;26;This is a edge line self intersection point
Warning;Edge line self intersections;27;This is a edge line self intersection point
Warning;Edge line self intersections;28;This is a edge line self intersection point
Warning;Edge line self intersections;29;This is a edge line self intersection point
Warning;Edge line self intersections;30;This is a edge line self intersection point
Warning;Edge line self intersections;31;This is a edge line self intersection point
Warning;Edge line self intersections;32;This is a edge line self intersection point
Warning;Edge line self intersections;33;This is a edge line self intersection point
Warning;Edge line self intersections;34;This is a edge line self intersection point
Warning;Edge line self intersections;35;This is a edge line self intersection point
Warning;Edge line self intersections;36;This is a edge line self intersection point
Warning;Edge line self intersections;37;This is a edge line self intersection point
Warning;Edge line self intersections;38;This is a edge line self intersection point
Warning;Edge line self intersections;39;This is a edge line self intersection point
Warning;Edge line self intersections;40;This is a edge line self intersection point
Fatal;Edge Lines;10;Polyline has self intersections
Warning;Edge line self intersections;0;This is a edge line self intersection point
Warning;Edge line self intersections;1;This is a edge line self intersection point
Warning;Edge line self intersections;2;This is a edge line self intersection point
Warning;Edge line self intersections;3;This is a edge line self intersection point
Warning;Edge line self intersections;4;This is a edge line self intersection point
Warning;Edge line self intersections;5;This is a edge line self intersection point
Warning;Edge line self intersections;6;This is a edge line self intersection point
Warning;Edge line self intersections;7;This is a edge line self intersection point
Fatal;Edge Lines;11;Polyline has self intersections
Warning;Edge line self intersections;0;This is a edge line self intersection point
Warning;Edge line self intersections;1;This is a edge line self intersection point
Warning;Edge line self intersections;2;This is a edge line self intersection point
Warning;Edge line self intersections;3;This is a edge line self intersection point
Warning;Edge line self intersections;4;This is a edge line self intersection point
Warning;Edge line self intersections;5;This is a edge line self intersection point
Warning;Edge line self intersections;6;This is a edge line self intersection point
Warning;Edge line self intersections;7;This is a edge line self intersection point
Warning;Edge line self intersections;8;This is a edge line self intersection point
Warning;Edge line self intersections;9;This is a edge line self intersection point
Warning;Edge line self intersections;10;This is a edge line self intersection point
Warning;Edge line self intersections;11;This is a edge line self intersection point
Warning;Edge line self intersections;12;This is a edge line self intersection point
Warning;Edge line self intersections;13;This is a edge line self intersection point
Warning;Edge line self intersections;14;This is a edge line self intersection point
Warning;Edge line self intersections;15;This is a edge line self intersection point
Warning;Edge line self intersections;16;This is a edge line self intersection point
Warning;Edge line self intersections;17;This is a edge line self intersection point
Warning;Edge line self intersections;18;This is a edge line self intersection point
Warning;Edge line self intersections;19;This is a edge line self intersection point
Warning;Edge line self intersections;20;This is a edge line self intersection point
Warning;Edge line self intersections;21;This is a edge line self intersection point
Warning;Edge line self intersections;22;This is a edge line self intersection point
Warning;Edge line self intersections;23;This is a edge line self intersection point
Warning;Edge line self intersections;24;This is a edge line self intersection point
Warning;Edge line self intersections;25;This is a edge line self intersection point
Warning;Edge line self intersections;26;This is a edge line self intersection point
Warning;Edge line self intersections;27;This is a edge line self intersection point
Warning;Edge line self intersections;28;This is a edge line self intersection point
Warning;Edge line self intersections;29;This is a edge line self intersection point
Fatal;Edge Lines;12;Polyline has self intersections
Warning;Edge line self intersections;0;This is a edge line self intersection point
Warning;Edge line self intersections;1;This is a edge line self intersection point
Warning;Edge line self intersections;2;This is a edge line self intersection point
Warning;Edge line self intersections;3;This is a edge line self intersection point
Warning;Edge line self intersections;4;This is a edge line self intersection point
Warning;Edge line self intersections;5;This is a edge line self intersection point
Warning;Edge line self intersections;6;This is a edge line self intersection point
Warning;Edge line self intersections;7;This is a edge line self intersection point
Warning;Edge line self intersections;8;This is a edge line self intersection point
Warning;Edge line self intersections;9;This is a edge line self intersection point
Warning;Edge line self intersections;10;This is a edge line self intersection point
Warning;Edge line self intersections;11;This is a edge line self intersection point
Warning;Edge line self intersections;12;This is a edge line self intersection point
Warning;Edge line self intersections;13;This is a edge line self intersection point
Warning;Edge line self intersections;14;This is a edge line self intersection point
Warning;Edge line self intersections;15;This is a edge line self intersection point
Warning;Edge line self intersections;16;This is a edge line self intersection point
Warning;Edge line self intersections;17;This is a edge line self intersection point
Warning;Edge line self intersections;18;This is a edge line self intersection point
Warning;Edge line self intersections;19;This is a edge line self intersection point
Warning;Edge line self intersections;20;This is a edge line self intersection point
Warning;Edge line self intersections;21;This is a edge line self intersection point
Warning;Edge line self intersections;22;This is a edge line self intersection point
Warning;Edge line self intersections;23;This is a edge line self intersection point
Warning;Edge line self intersections;24;This is a edge line self intersection point
Warning;Edge line self intersections;25;This is a edge line self intersection point
Warning;Edge line self intersections;26;This is a edge line self intersection point
Warning;Edge line self intersections;27;This is a edge line self intersection point
Warning;Edge line self intersections;28;This is a edge line self intersection point
Warning;Edge line self intersections;29;This is a edge line self intersection point
Warning;Edge line self intersections;30;This is a edge line self intersection point
Warning;Edge line self intersections;31;This is a edge line self intersection point
Warning;Edge line self intersections;32;This is a edge line self intersection point
Warning;Edge line self intersections;33;This is a edge line self intersection point
Warning;Edge line self intersections;34;This is a edge line self intersection point
Warning;Edge line self intersections;35;This is a edge line self intersection point
Warning;Edge line self intersections;36;This is a edge line self intersection point
Warning;Edge line self intersections;37;This is a edge line self intersection point
Warning;Edge line self intersections;38;This is a edge line self intersection point
Warning;Edge line self intersections;39;This is a edge line self intersection point
Warning;Edge line self intersections;40;This is a edge line self intersection point
Warning;Edge line self intersections;41;This is a edge line self intersection point
Warning;Edge line self intersections;42;This is a edge line self intersection point
Warning;Edge line self intersections;43;This is a edge line self intersection point
Warning;Edge line self intersections;44;This is a edge line self intersection point
Warning;Edge line self intersections;45;This is a edge line self intersection point
Warning;Edge line self intersections;46;This is a edge line self intersection point
Warning;Edge line self intersections;47;This is a edge line self intersection point
Warning;Edge line self intersections;48;This is a edge line self intersection point
Warning;Edge line self intersections;49;This is a edge line self intersection point
Warning;Edge line self intersections;50;This is a edge line self intersection point
Warning;Edge line self intersections;51;This is a edge line self intersection point
Warning;Edge line self intersections;52;This is a edge line self intersection point
Warning;Edge line self intersections;53;This is a edge line self intersection point
Warning;Edge line self intersections;54;This is a edge line self intersection point
Warning;Edge line self intersections;55;This is a edge line self intersection point
Warning;Edge line self intersections;56;This is a edge line self intersection point
Warning;Edge line self intersections;57;This is a edge line self intersection point
Warning;Edge line self intersections;58;This is a edge line self intersection point
Warning;Edge line self intersections;59;This is a edge line self intersection point
Warning;Edge line self intersections;60;This is a edge line self intersection point
Warning;Edge line self intersections;61;This is a edge line self intersection point
Warning;Edge line self intersections;62;This is a edge line self intersection point
Warning;Edge line self intersections;63;This is a edge line self intersection point
Fatal;Edge Lines;13;Polyline has self intersections
Warning;Edge line self intersections;0;This is a edge line self intersection point
Warning;Edge line self intersections;1;This is a edge line self intersection point
Warning;Edge line self intersections;2;This is a edge line self intersection point
Warning;Edge line self intersections;3;This is a edge line self intersection point
Warning;Edge line self intersections;4;This is a edge line self intersection point
Warning;Edge line self intersections;5;This is a edge line self intersection point
Warning;Edge line self intersections;6;This is a edge line self intersection point
Warning;Edge line self intersections;7;This is a edge line self intersection point
Warning;Edge line self intersections;8;This is a edge line self intersection point
Warning;Edge line self intersections;9;This is a edge line self intersection point
Warning;Edge line self intersections;10;This is a edge line self intersection point
Warning;Edge line self intersections;11;This is a edge line self intersection point
Warning;Edge line self intersections;12;This is a edge line self intersection point
Warning;Edge line self intersections;13;This is a edge line self intersection point
Warning;Edge line self intersections;14;This is a edge line self intersection point
Warning;Edge line self intersections;15;This is a edge line self intersection point
Warning;Edge line self intersections;16;This is a edge line self intersection point
Warning;Edge line self intersections;17;This is a edge line self intersection point
Warning;Edge line self intersections;18;This is a edge line self intersection point
Warning;Edge line self intersections;19;This is a edge line self intersection point
Warning;Edge line self intersections;20;This is a edge line self intersection point
Warning;Edge line self intersections;21;This is a edge line self intersection point
Warning;Edge line self intersections;22;This is a edge line self intersection point
Warning;Edge line self intersections;23;This is a edge line self intersection point
Warning;Edge line self intersections;24;This is a edge line self intersection point
Warning;Edge line self intersections;25;This is a edge line self intersection point
Warning;Edge line self intersections;26;This is a edge line self intersection point
Warning;Edge line self intersections;27;This is a edge line self intersection point
Warning;Edge line self intersections;28;This is a edge line self intersection point
Warning;Edge line self intersections;29;This is a edge line self intersection point
Warning;Edge line self intersections;30;This is a edge line self intersection point
Warning;Edge line self intersections;31;This is a edge line self intersection point
Warning;Edge line self intersections;32;This is a edge line self intersection point
Warning;Edge line self intersections;33;This is a edge line self intersection point
Warning;Edge line self intersections;34;This is a edge line self intersection point
Warning;Edge line self intersections;35;This is a edge line self intersection point
Warning;Edge line self intersections;36;This is a edge line self intersection point
Warning;Edge line self intersections;37;This is a edge line self intersection point
Warning;Edge line self intersections;38;This is a edge line self intersection point
Warning;Edge line self intersections;39;This is a edge line self intersection point
Warning;Edge line self intersections;40;This is a edge line self intersection point
Warning;Edge line self intersections;41;This is a edge line self intersection point
Warning;Edge line self intersections;42;This is a edge line self intersection point
Warning;Edge line self intersections;43;This is a edge line self intersection point
Warning;Edge line self intersections;44;This is a edge line self intersection point
Warning;Edge line self intersections;45;This is a edge line self intersection point
Warning;Edge line self intersections;46;This is a edge line self intersection point
Warning;Edge line self intersections;47;This is a edge line self intersection point
Warning;Edge line self intersections;48;This is a edge line self intersection point
Warning;Edge line self intersections;49;This is a edge line self intersection point
Warning;Edge line self intersections;50;This is a edge line self intersection point
Warning;Edge line self intersections;51;This is a edge line self intersection point
Warning;Edge line self intersections;52;This is a edge line self intersection point
Warning;Edge line self intersections;53;This is a edge line self intersection point
Warning;Edge line self intersections;54;This is a edge line self intersection point
Warning;Edge line self intersections;55;This is a edge line self intersection point
Warning;Edge line self intersections;56;This is a edge line self intersection point
Warning;Edge line self intersections;57;This is a edge line self intersection point
Warning;Edge line self intersections;58;This is a edge line self intersection point
Warning;Edge line self intersections;59;This is a edge line self intersection point
Warning;Edge line self intersections;60;This is a edge line self intersection point
Warning;Edge line self intersections;61;This is a edge line self intersection point
Warning;Edge line self intersections;62;This is a edge line self intersection point
Warning;Edge line self intersections;63;This is a edge line self intersection point
Warning;Edge line self intersections;64;This is a edge line self intersection point
Warning;Edge line self intersections;65;This is a edge line self intersection point
Warning;Edge line self intersections;66;This is a edge line self intersection point
Warning;Edge line self intersections;67;This is a edge line self intersection point
Warning;Edge line self intersections;68;This is a edge line self intersection point
Warning;Edge line self intersections;69;This is a edge line self intersection point
Warning;Edge line self intersections;70;This is a edge line self intersection point
Warning;Edge line self intersections;71;This is a edge line self intersection point
Warning;Edge line self intersections;72;This is a edge line self intersection point
Warning;Edge line self intersections;73;This is a edge line self intersection point
Warning;Edge line self intersections;74;This is a edge line self intersection point
Warning;Edge line self intersections;75;This is a edge line self intersection point
Warning;Edge line self intersections;76;This is a edge line self intersection point
Warning;Edge line self intersections;77;This is a edge line self intersection point
Warning;Edge line self intersections;78;This is a edge line self intersection point
Warning;Edge line self intersections;79;This is a edge line self intersection point
Warning;Edge line self intersections;80;This is a edge line self intersection point
Warning;Edge line self intersections;81;This is a edge line self intersection point
Warning;Edge line self intersections;82;This is a edge line self intersection point
Warning;Edge line self intersections;83;This is a edge line self intersection point
Warning;Edge line self intersections;84;This is a edge line self intersection point
Warning;Edge line self intersections;85;This is a edge line self intersection point
Warning;Edge line self intersections;86;This is a edge line self intersection point
Warning;Edge line self intersections;87;This is a edge line self intersection point
Warning;Edge line self intersections;88;This is a edge line self intersection point
Warning;Edge line self intersections;89;This is a edge line self intersection point
Warning;Edge line self intersections;90;This is a edge line self intersection point
Fatal;Edge Lines;14;Polyline has self intersections
Warning;Edge line self intersections;0;This is a edge line self intersection point
Warning;Edge line self intersections;1;This is a edge line self intersection point
Warning;Edge line self intersections;2;This is a edge line self intersection point
Warning;Edge line self intersections;3;This is a edge line self intersection point
Warning;Edge line self intersections;4;This is a edge line self intersection point
Warning;Edge line self intersections;5;This is a edge line self intersection point
Warning;Edge line self intersections;6;This is a edge line self intersection point
Warning;Edge line self intersections;7;This is a edge line self intersection point
Warning;Edge line self intersections;8;This is a edge line self intersection point
Warning;Edge line self intersections;9;This is a edge line self intersection point
Warning;Edge line self intersections;10;This is a edge line self intersection point
Warning;Edge line self intersections;11;This is a edge line self intersection point
Warning;Edge line self intersections;12;This is a edge line self intersection point
Warning;Edge line self intersections;13;This is a edge line self intersection point
Warning;Edge line self intersections;14;This is a edge line self intersection point
Warning;Edge line self intersections;15;This is a edge line self intersection point
Warning;Edge line self intersections;16;This is a edge line self intersection point
Warning;Edge line self intersections;17;This is a edge line self intersection point
Warning;Edge line self intersections;18;This is a edge line self intersection point
Warning;Edge line self intersections;19;This is a edge line self intersection point
Warning;Edge line self intersections;20;This is a edge line self intersection point
Warning;Edge line self intersections;21;This is a edge line self intersection point
Warning;Edge line self intersections;22;This is a edge line self intersection point
Warning;Edge line self intersections;23;This is a edge line self intersection point
Warning;Edge line self intersections;24;This is a edge line self intersection point
Warning;Edge line self intersections;25;This is a edge line self intersection point
Warning;Edge line self intersections;26;This is a edge line self intersection point
Warning;Edge line self intersections;27;This is a edge line self intersection point
Warning;Edge line self intersections;28;This is a edge line self intersection point
Warning;Edge line self intersections;29;This is a edge line self intersection point
Fatal;Edge Lines;15;Polyline has self intersections
Warning;Edge line self intersections;0;This is a edge line self intersection point
Warning;Edge line self intersections;1;This is a edge line self intersection point
Warning;Edge line self intersections;2;This is a edge line self intersection point
Warning;Edge line self intersections;3;This is a edge line self intersection point
Warning;Edge line self intersections;4;This is a edge line self intersection point
Warning;Edge line self intersections;5;This is a edge line self intersection point
Warning;Edge line self intersections;6;This is a edge line self intersection point
Warning;Edge line self intersections;7;This is a edge line self intersection point
Warning;Edge line self intersections;8;This is a edge line self intersection point
Warning;Edge line self intersections;9;This is a edge line self intersection point
Warning;Edge line self intersections;10;This is a edge line self intersection point
Warning;Edge line self intersections;11;This is a edge line self intersection point
Warning;Edge line self intersections;12;This is a edge line self intersection point
Warning;Edge line self intersections;13;This is a edge line self intersection point
Warning;Edge line self intersections;14;This is a edge line self intersection point
Warning;Edge line self intersections;15;This is a edge line self intersection point
Warning;Edge line self intersections;16;This is a edge line self intersection point
Warning;Edge line self intersections;17;This is a edge line self intersection point
Warning;Edge line self intersections;18;This is a edge line self intersection point
Warning;Edge line self intersections;19;This is a edge line self intersection point
Warning;Edge line self intersections;20;This is a edge line self intersection point
Warning;Edge line self intersections;21;This is a edge line self intersection point
Warning;Edge line self intersections;22;This is a edge line self intersection point
Warning;Edge line self intersections;23;This is a edge line self intersection point
Warning;Edge line self intersections;24;This is a edge line self intersection point
Warning;Edge line self intersections;25;This is a edge line self intersection point
Warning;Edge line self intersections;26;This is a edge line self intersection point
Warning;Edge line self intersections;27;This is a edge line self intersection point
Warning;Edge line self intersections;28;This is a edge line self intersection point
Warning;Edge line self intersections;29;This is a edge line self intersection point
Fatal;Edge Lines;16;Polyline has self intersections
Warning;Edge line self intersections;0;This is a edge line self intersection point
Fatal;Edge Lines;17;Polyline has self intersections
Warning;Edge line self intersections;0;This is a edge line self intersection point
Warning;Edge line self intersections;1;This is a edge line self intersection point
Warning;Edge line self intersections;2;This is a edge line self intersection point
Warning;Edge line self intersections;3;This is a edge line self intersection point
Warning;Edge line self intersections;4;This is a edge line self intersection point
Warning;Edge line self intersections;5;This is a edge line self intersection point
