{
"type": "FeatureCollection",
"name": "Itajai_Rede_1983_planicie",
"crs": { "type": "name", "properties": { "name": "urn:ogc:def:crs:OGC:1.3:CRS84" } },
"features": [
{ "type": "Feature", "properties": { "rio": "Itajai_Acu", "reach": "R1", "classe": "Severa", "prof_med": 7.17, "prof_max": 11.53, "larg_max": 1000.0, "rs_ini": 187.54, "rs_fim": 148.41, "area_km2": 9.535 }, "geometry": { "type": "MultiPolygon", "coordinates": [ [ [ [ -49.65118324065029, -27.214814286270862 ], [ -49.644182070301575, -27.207821097914497 ], [ -49.635888806062646, -27.205351673018271 ], [ -49.631380931993959, -27.202756580103888 ], [ -49.628751452233956, -27.203034527560764 ], [ -49.627388077177372, -27.202943732854298 ], [ -49.626679547497766, -27.202249364492467 ], [ -49.62569273892813, -27.20509621040615 ], [ -49.626364642922859, -27.196801198766895 ], [ -49.622179915940762, -27.191763584902979 ], [ -49.618129543254021, -27.189436706782374 ], [ -49.606263987833628, -27.188024728782679 ], [ -49.601081415593875, -27.185909456540134 ], [ -49.592550536479713, -27.181424577788501 ], [ -49.585925579428817, -27.176098019463847 ], [ -49.582556611938152, -27.181671726917262 ], [ -49.581691565571241, -27.174239360654113 ], [ -49.572328065146365, -27.17024656524141 ], [ -49.561971445511496, -27.171688870904003 ], [ -49.553275417291438, -27.174799781659765 ], [ -49.548410271196346, -27.169767518041386 ], [ -49.5491998363498, -27.163606028119041 ], [ -49.554370312839374, -27.156219521858326 ], [ -49.553051460713903, -27.148326160799098 ], [ -49.546436348799439, -27.151307294138569 ], [ -49.539997775842075, -27.15618249667655 ], [ -49.53392311544517, -27.149731949976747 ], [ -49.535057213356119, -27.144663444406095 ], [ -49.538062081746787, -27.13708189006681 ], [ -49.530259875018402, -27.129750302065535 ], [ -49.529161836206875, -27.133349582014191 ], [ -49.530835132141746, -27.130661772842885 ], [ -49.536440081838499, -27.136575239482902 ], [ -49.534279754780584, -27.143493962008542 ], [ -49.531229414815868, -27.151112154335515 ], [ -49.539331304872029, -27.157400695276163 ], [ -49.547848331800644, -27.152058029073846 ], [ -49.552871010970186, -27.149335267138042 ], [ -49.55243177315571, -27.154694240154956 ], [ -49.547724554671682, -27.162806793272665 ], [ -49.54392619745493, -27.171599743564688 ], [ -49.553234736698201, -27.17666999128927 ], [ -49.562795213344629, -27.173120999258781 ], [ -49.572034219833341, -27.17186084312258 ], [ -49.576389892821211, -27.178706842586202 ], [ -49.578726023239959, -27.184078131169084 ], [ -49.580863654705148, -27.184472347258012 ], [ -49.580764987672758, -27.184635564666319 ], [ -49.583075840213183, -27.186132488484645 ], [ -49.582926883365353, -27.184852808906644 ], [ -49.588601867221591, -27.185899113588341 ], [ -49.588385322040665, -27.184583572588 ], [ -49.597047205741909, -27.190310338504844 ], [ -49.6082808206978, -27.195406332361483 ], [ -49.614900082291747, -27.191775697893373 ], [ -49.617865469663769, -27.199923834227512 ], [ -49.622010518280845, -27.199248489007946 ], [ -49.621255625708443, -27.205083400482852 ], [ -49.624358100654334, -27.207068863182222 ], [ -49.629183748280106, -27.210394790315977 ], [ -49.63194501744195, -27.211768760545898 ], [ -49.635589445238082, -27.211825756688501 ], [ -49.641498146664496, -27.212130252797195 ], [ -49.643386884840332, -27.216288481350777 ], [ -49.65118324065029, -27.214814286270862 ] ] ], [ [ [ -49.52854948110943, -27.13433316670687 ], [ -49.527990549431408, -27.132927285674754 ], [ -49.52546853296068, -27.131992733912114 ], [ -49.523624850212393, -27.132937580626457 ], [ -49.519591108169259, -27.129197071122285 ], [ -49.519041956405985, -27.131183281576828 ], [ -49.520121087987391, -27.130662553934275 ], [ -49.524428034664169, -27.135195600270102 ], [ -49.524977549657017, -27.135068108514208 ], [ -49.527105084452892, -27.134060861218824 ], [ -49.527444288621091, -27.136108309868558 ], [ -49.52854948110943, -27.13433316670687 ] ] ], [ [ [ -49.518967854821177, -27.13145129126098 ], [ -49.518444240940177, -27.133345050027454 ], [ -49.519373338543701, -27.131515350357795 ], [ -49.518967854821177, -27.13145129126098 ] ] ], [ [ [ -49.518126375593624, -27.13397101573095 ], [ -49.51816989335061, -27.133120276428471 ], [ -49.518042539949654, -27.132920612700438 ], [ -49.517137597716967, -27.132825107888252 ], [ -49.516931103771434, -27.131873393502492 ], [ -49.518518592570565, -27.13110207189839 ], [ -49.519213942144617, -27.129537062562473 ], [ -49.519439902676247, -27.129056850583442 ], [ -49.519295126907245, -27.128922592186111 ], [ -49.519600853943032, -27.128714793580901 ], [ -49.519884022897344, -27.12811299112861 ], [ -49.519366679039116, -27.126400574426704 ], [ -49.517601104545584, -27.12538985084527 ], [ -49.517926521175667, -27.123916727115017 ], [ -49.517310877621554, -27.122763894014323 ], [ -49.516879412491321, -27.121595507707116 ], [ -49.516813826361641, -27.120346805583345 ], [ -49.516884925023099, -27.119102449939245 ], [ -49.517469525605932, -27.117859018615935 ], [ -49.517605691189679, -27.116582870652085 ], [ -49.51816097496792, -27.115260449897647 ], [ -49.519372344646001, -27.113978675900391 ], [ -49.518040249939219, -27.11266470657986 ], [ -49.517149357648613, -27.111426450444338 ], [ -49.516424761269761, -27.110203795263576 ], [ -49.51552730016563, -27.109061880371009 ], [ -49.514272293704671, -27.108160044899588 ], [ -49.512902595061483, -27.107337828745131 ], [ -49.5113585521134, -27.107064885941934 ], [ -49.509906165833335, -27.106629813664664 ], [ -49.508510619003971, -27.105893721305829 ], [ -49.504958238539224, -27.099153782468026 ], [ -49.50511103865712, -27.098984787195914 ], [ -49.506304477357546, -27.098165405613699 ], [ -49.507583691625314, -27.097372675300829 ], [ -49.508491402822344, -27.096231988907835 ], [ -49.509080928645218, -27.094911472070429 ], [ -49.509563681212803, -27.09364427238194 ], [ -49.510128318161449, -27.092490008603221 ], [ -49.511048565614765, -27.091519573930743 ], [ -49.512165894964582, -27.090669819675661 ], [ -49.513312431324117, -27.08977186941674 ], [ -49.514400477188317, -27.088866842159984 ], [ -49.514996438064749, -27.087516582124938 ], [ -49.515760142098181, -27.086335769452017 ], [ -49.51747766905946, -27.085931279035961 ], [ -49.518737896249981, -27.085065814472227 ], [ -49.519670564512417, -27.083899463905876 ], [ -49.519954805446893, -27.082418637872596 ], [ -49.519357205472453, -27.080527465466062 ], [ -49.516060181567646, -27.08108208084963 ], [ -49.513297772729501, -27.081263050761475 ], [ -49.512117091800341, -27.082145954314029 ], [ -49.511376781569673, -27.083030020086664 ], [ -49.510499673556836, -27.083582214539415 ], [ -49.509386342289012, -27.083549978386568 ], [ -49.508186757584319, -27.083055353863049 ], [ -49.50675456967592, -27.082583231434342 ], [ -49.505215892646447, -27.082353416511069 ], [ -49.503679420617495, -27.082235777290649 ], [ -49.502163125082319, -27.082150068500447 ], [ -49.500723205117495, -27.082191800562772 ], [ -49.49950292176915, -27.081791954703622 ], [ -49.498705305532084, -27.080726389988001 ], [ -49.497923326471103, -27.079499921542137 ], [ -49.49771127452874, -27.076288415204509 ], [ -49.495921971032388, -27.079757985193744 ], [ -49.497048814204497, -27.080362721217671 ], [ -49.497892968307553, -27.081461303020792 ], [ -49.498993954215344, -27.082573027508612 ], [ -49.500499780999569, -27.082939124638823 ], [ -49.502107983016302, -27.083178572871187 ], [ -49.503605848240838, -27.083261367846866 ], [ -49.505042191019093, -27.083367739050701 ], [ -49.50642355648835, -27.083495807114303 ], [ -49.507798436231319, -27.083878069035816 ], [ -49.509152370404557, -27.084480206691179 ], [ -49.510759893912756, -27.084625394943171 ], [ -49.512499233873157, -27.084228090241474 ], [ -49.515376060554956, -27.084551344351642 ], [ -49.514761826221772, -27.082479383521651 ], [ -49.516273013480912, -27.082646390724516 ], [ -49.518473070603221, -27.081329451518126 ], [ -49.518551606756475, -27.082437855809307 ], [ -49.518325730497999, -27.083382794479267 ], [ -49.517521209582746, -27.084341251070526 ], [ -49.516843112207113, -27.085504667262121 ], [ -49.514987486455802, -27.085666560116252 ], [ -49.513823583098066, -27.086463378908608 ], [ -49.513648475561752, -27.088060836636227 ], [ -49.512788636424972, -27.089282660385436 ], [ -49.511716452166972, -27.090205416002647 ], [ -49.510492439211497, -27.091064231847547 ], [ -49.509343307028345, -27.092000209159647 ], [ -49.508756946288102, -27.093314367058849 ], [ -49.508197667184589, -27.094591633035563 ], [ -49.50768207200273, -27.09578536434713 ], [ -49.506875418822538, -27.096807097413119 ], [ -49.505763644572696, -27.097623996154699 ], [ -49.50451643806182, -27.098407459683198 ], [ -49.503451499022212, -27.099390804021798 ], [ -49.502316370980814, -27.100365320228903 ], [ -49.501404525338167, -27.101474989934925 ], [ -49.500721266487297, -27.102746943404036 ], [ -49.500035029245545, -27.104039268763596 ], [ -49.499533703881163, -27.105366792722748 ], [ -49.499312686545565, -27.106836430946526 ], [ -49.499003886654009, -27.108559504361978 ], [ -49.500525743822173, -27.10968634314165 ], [ -49.501028644011477, -27.10756926830825 ], [ -49.501005918752199, -27.106793133832028 ], [ -49.500685432287398, -27.105532496561167 ], [ -49.501002505556592, -27.104267764157985 ], [ -49.501744166257275, -27.103189454452611 ], [ -49.501994127516554, -27.102766844093779 ], [ -49.501944026749072, -27.103359819096912 ], [ -49.501226463443565, -27.104964352029505 ], [ -49.50138427530613, -27.104753443987629 ], [ -49.501909429464938, -27.103769295545447 ], [ -49.501897379711572, -27.103911909583108 ], [ -49.501948761098042, -27.103695586531519 ], [ -49.502324069910109, -27.102992237449083 ], [ -49.505238679660685, -27.100218090869088 ], [ -49.508373426883871, -27.106700477437307 ], [ -49.509674029148677, -27.1072962578607 ], [ -49.511037813418177, -27.107763324132609 ], [ -49.51241518734372, -27.108155155571428 ], [ -49.513408913712794, -27.109020230578686 ], [ -49.514058589685987, -27.11018612479187 ], [ -49.515154571358828, -27.111082584914836 ], [ -49.516119271928162, -27.112109674945629 ], [ -49.516905210928989, -27.113054433103802 ], [ -49.516952561431559, -27.114109750880896 ], [ -49.516658446249785, -27.115019741189567 ], [ -49.516403403321746, -27.116212752700005 ], [ -49.516047706259961, -27.117577332629796 ], [ -49.515467251395911, -27.118817320322357 ], [ -49.515555155116303, -27.120293342976144 ], [ -49.515253564903752, -27.121741754780874 ], [ -49.515494930362777, -27.123201324447944 ], [ -49.514808186136221, -27.124931595991193 ], [ -49.516687842351587, -27.125584668310914 ], [ -49.516862392729941, -27.126818921188811 ], [ -49.51567273135219, -27.127885817994166 ], [ -49.516671612163897, -27.129052078860092 ], [ -49.516947965631225, -27.130309619653342 ], [ -49.515971197873561, -27.131301609501001 ], [ -49.514909646611663, -27.132359922817173 ], [ -49.51450595300831, -27.133789858255692 ], [ -49.516041229947497, -27.134914499053245 ], [ -49.516950727261836, -27.136286124892855 ], [ -49.518126375593624, -27.13397101573095 ] ], [ [ -49.50205165701491, -27.102085935117753 ], [ -49.501791885128135, -27.102357709666776 ], [ -49.500839145311339, -27.104221213988687 ], [ -49.500775880214768, -27.104237508950121 ], [ -49.502080869549523, -27.101740176572356 ], [ -49.50205165701491, -27.102085935117753 ] ] ] ] } },
{ "type": "Feature", "properties": { "rio": "Itajai_Acu", "reach": "R2", "classe": "Severa", "prof_med": 14.03, "prof_max": 35.53, "larg_max": 1844.3, "rs_ini": 148.26, "rs_fim": 94.78, "area_km2": 17.487 }, "geometry": { "type": "Polygon", "coordinates": [ [ [ -49.494953789772097, -27.078025424530612 ], [ -49.493216842873075, -27.078128072513316 ], [ -49.491670816024076, -27.078333645558232 ], [ -49.490121946821468, -27.078456243340128 ], [ -49.488538679240129, -27.07890153109712 ], [ -49.486983290742593, -27.07953019261641 ], [ -49.48496221689485, -27.080836728600953 ], [ -49.482121645214875, -27.083456413494105 ], [ -49.475936591163787, -27.08711261469217 ], [ -49.46989600901906, -27.091948010233665 ], [ -49.468037559348971, -27.093755358184062 ], [ -49.466719231912315, -27.094699699105874 ], [ -49.461000162157227, -27.089630777915776 ], [ -49.460917439168753, -27.088728854258473 ], [ -49.460472285557522, -27.087125500981745 ], [ -49.459079303663735, -27.086057231959234 ], [ -49.458143736271424, -27.084928963140577 ], [ -49.457317351147175, -27.083629535472358 ], [ -49.456125650884836, -27.082628966581435 ], [ -49.454464058607698, -27.082169451276801 ], [ -49.451760962306729, -27.081800577523712 ], [ -49.446523812697052, -27.081224358894548 ], [ -49.445893838647535, -27.077313201508289 ], [ -49.444821999443413, -27.069740432452587 ], [ -49.442982697092617, -27.070058907261089 ], [ -49.441220719010303, -27.07060747038976 ], [ -49.439838037490958, -27.071407487071156 ], [ -49.438804771062969, -27.072728327844558 ], [ -49.437537063430597, -27.074398612864503 ], [ -49.434701123275559, -27.075329179688044 ], [ -49.4313165578926, -27.072751208794653 ], [ -49.424970201062749, -27.072296521968124 ], [ -49.419745268869931, -27.065530758556921 ], [ -49.415857793613938, -27.057877848384923 ], [ -49.405823986837937, -27.061728736961573 ], [ -49.400203107043112, -27.062146220329932 ], [ -49.394899897547198, -27.058242393428518 ], [ -49.39318369361029, -27.050446178446261 ], [ -49.396890483228312, -27.045120546488814 ], [ -49.400623375270222, -27.039119267625889 ], [ -49.39345180835253, -27.03323831537508 ], [ -49.387414892263521, -27.025681213843388 ], [ -49.377971647143589, -27.022032801971626 ], [ -49.372854509074806, -27.018294657571158 ], [ -49.37761528631107, -27.012636589596607 ], [ -49.37865043970659, -27.005220481249832 ], [ -49.379897311445177, -26.997717577729674 ], [ -49.384533506922565, -26.992192942916251 ], [ -49.384062684896044, -26.986503559199871 ], [ -49.37723998999391, -26.981960562865432 ], [ -49.373712218785002, -26.981184293953529 ], [ -49.372885219957773, -26.978522011738431 ], [ -49.372867494486172, -26.973636229004537 ], [ -49.374669127830323, -26.968859717346014 ], [ -49.375501622401764, -26.967740110585837 ], [ -49.377595982907891, -26.967008691147463 ], [ -49.377745313566045, -26.964886823757777 ], [ -49.374731759584414, -26.962381405373655 ], [ -49.375037425235057, -26.960860223287821 ], [ -49.378515978676297, -26.958175153321775 ], [ -49.381734520358968, -26.955306209222698 ], [ -49.374327440462707, -26.955995017986769 ], [ -49.371734832398282, -26.955782241292077 ], [ -49.370301244403812, -26.954593280846321 ], [ -49.36383360227812, -26.948352704991422 ], [ -49.352981593908908, -26.953560112613825 ], [ -49.348370527198782, -26.959610108434706 ], [ -49.340429439994615, -26.964795925710639 ], [ -49.3322656705271, -26.960929082032752 ], [ -49.324535014581237, -26.956776228351323 ], [ -49.326516157749033, -26.955149886956921 ], [ -49.317048118325147, -26.948656529986387 ], [ -49.30942547149187, -26.951038459325606 ], [ -49.301568295766231, -26.950734120954102 ], [ -49.292388339006322, -26.951019775795242 ], [ -49.292287457615728, -26.947386944303421 ], [ -49.289745915327771, -26.93651889626673 ], [ -49.289820097337916, -26.931074838636146 ], [ -49.283217479657523, -26.923296269241362 ], [ -49.279594920491697, -26.914600657730887 ], [ -49.270791264877367, -26.907471069031743 ], [ -49.262927268663113, -26.90997327797735 ], [ -49.259697247797178, -26.900575673037849 ], [ -49.248229002134472, -26.897877978355652 ], [ -49.244276093411209, -26.896337552725591 ], [ -49.241647507474781, -26.895361143365641 ], [ -49.239693050478209, -26.893412754143579 ], [ -49.241011047056226, -26.884914590825801 ], [ -49.235079624917496, -26.892986941523777 ], [ -49.236907057971415, -26.895848841680355 ], [ -49.238554907357653, -26.898226065845062 ], [ -49.240680720592778, -26.89971647658691 ], [ -49.246702421791177, -26.90263681625763 ], [ -49.255829941398403, -26.903630166098264 ], [ -49.258702263628791, -26.912241070738784 ], [ -49.270092218108104, -26.912490391258039 ], [ -49.277512552024504, -26.915634812087475 ], [ -49.276345371161611, -26.92442075626845 ], [ -49.28118697794622, -26.932805504529234 ], [ -49.285676262212363, -26.942657184382462 ], [ -49.28971964152462, -26.946079031812982 ], [ -49.29106747154826, -26.954397698329274 ], [ -49.299762423231968, -26.955219629333662 ], [ -49.309905628385913, -26.955194330904042 ], [ -49.317732133737202, -26.954084211343414 ], [ -49.315818375173407, -26.958353943418132 ], [ -49.319967678671368, -26.969587035045368 ], [ -49.330776270006375, -26.96681221237262 ], [ -49.341482617171671, -26.96682821071748 ], [ -49.351286639886219, -26.963218466234252 ], [ -49.356432866910225, -26.956058006463451 ], [ -49.361426727730482, -26.955235268652228 ], [ -49.368927917277006, -26.955952841479441 ], [ -49.36997863241357, -26.957295701737028 ], [ -49.365783926604017, -26.960821974768056 ], [ -49.361609695259659, -26.960001114040686 ], [ -49.36426997066804, -26.962139248203982 ], [ -49.359806566296847, -26.961464328345574 ], [ -49.367869171802234, -26.975583097069482 ], [ -49.370200943248236, -26.979636783856314 ], [ -49.370211178071358, -26.985023074660468 ], [ -49.376518444641697, -26.983808722473679 ], [ -49.382756650689693, -26.987477948127832 ], [ -49.382886250111575, -26.991227152736489 ], [ -49.378358079023762, -26.997110024995393 ], [ -49.376818565155645, -27.004952407563238 ], [ -49.376216518123655, -27.011692610802317 ], [ -49.371210697133876, -27.018324071614153 ], [ -49.378143634610836, -27.023898832940034 ], [ -49.386055836839468, -27.027075178031218 ], [ -49.390586479299159, -27.03454144269061 ], [ -49.398510019141071, -27.039285798439419 ], [ -49.395578972344218, -27.044074010544904 ], [ -49.391354493871511, -27.04991927866341 ], [ -49.391332406128612, -27.059188034539545 ], [ -49.399576786036448, -27.064063946270398 ], [ -49.406738456870968, -27.063018216189629 ], [ -49.414521362806767, -27.059531784880431 ], [ -49.418167913527725, -27.066521341579335 ], [ -49.423947410026102, -27.073466033395754 ], [ -49.430797415178958, -27.076106749064156 ], [ -49.434951844775874, -27.077001835330318 ], [ -49.438490632601109, -27.075679179277852 ], [ -49.439973208721568, -27.073686368755656 ], [ -49.441095236874709, -27.072538036943548 ], [ -49.442139988477933, -27.071757758287056 ], [ -49.443257637430321, -27.071324357454813 ], [ -49.444554125409859, -27.071068960811203 ], [ -49.444898695286277, -27.076727286221853 ], [ -49.445853393155147, -27.082668644926937 ], [ -49.451868536286028, -27.084208473042025 ], [ -49.453992293627046, -27.083366839751871 ], [ -49.45520913384339, -27.083859239566141 ], [ -49.456331692664747, -27.084633045386383 ], [ -49.457273213346639, -27.085528411315007 ], [ -49.458191656574115, -27.086503107270783 ], [ -49.458478383880788, -27.087742983405136 ], [ -49.458814791104039, -27.088842472547324 ], [ -49.458838667696227, -27.090016889528897 ], [ -49.457887664979793, -27.093070724177693 ], [ -49.457198748610928, -27.101019376023949 ], [ -49.462580607103519, -27.100262337387967 ], [ -49.459324523265295, -27.093461134071145 ], [ -49.461401200804545, -27.090667249726334 ], [ -49.467386624564718, -27.095523628090987 ], [ -49.468896842941639, -27.094612414262642 ], [ -49.47084630504942, -27.09261378885553 ], [ -49.476288738110405, -27.088064285335697 ], [ -49.483292966049781, -27.084558769867435 ], [ -49.486282428198436, -27.08216339390038 ], [ -49.487925245642025, -27.08108902117981 ], [ -49.489145876896295, -27.080514637351474 ], [ -49.490525306841235, -27.080183587494012 ], [ -49.492049250221982, -27.080328538442252 ], [ -49.493506409716282, -27.080196905374397 ], [ -49.494773084032005, -27.079904642645253 ], [ -49.494953789772097, -27.078025424530612 ] ], [ [ -49.459240001274203, -27.093953847696678 ], [ -49.461555230256451, -27.099483685622271 ], [ -49.458917120663465, -27.100069257797657 ], [ -49.459240001274203, -27.093953847696678 ] ], [ [ -49.365334669988542, -26.961199620471589 ], [ -49.365110547380375, -26.961388016699207 ], [ -49.365037486396332, -26.961245250113166 ], [ -49.365334669988542, -26.961199620471589 ] ], [ [ -49.366665379141359, -26.960995294854023 ], [ -49.371530302131738, -26.960248189170855 ], [ -49.372834825458341, -26.961153624709258 ], [ -49.373378924419491, -26.962315183459147 ], [ -49.366665379141359, -26.960995294854023 ] ] ] } },
{ "type": "Feature", "properties": { "rio": "Itajai_Acu", "reach": "R3", "classe": "Severa", "prof_med": 12.84, "prof_max": 17.42, "larg_max": 4163.3, "rs_ini": 94.12, "rs_fim": 6.89, "area_km2": 77.832 }, "geometry": { "type": "Polygon", "coordinates": [ [ [ -49.230819745983979, -26.888821056637347 ], [ -49.223640363320705, -26.884690065395702 ], [ -49.217633986078617, -26.880080687720774 ], [ -49.213996303998094, -26.881910038070092 ], [ -49.21207228544683, -26.885232492397012 ], [ -49.208323925111436, -26.883324107967532 ], [ -49.206315025904061, -26.88427555771467 ], [ -49.20509013729928, -26.885426774026758 ], [ -49.204138468198906, -26.886503525963999 ], [ -49.202879703326623, -26.887183616135424 ], [ -49.20164891212162, -26.887784957594707 ], [ -49.20040377593434, -26.888196226957941 ], [ -49.199315057023625, -26.88848987727291 ], [ -49.198678806704976, -26.887783447776961 ], [ -49.198163768536219, -26.886324615288693 ], [ -49.19539399774164, -26.886566008588801 ], [ -49.193240867251312, -26.886202104657084 ], [ -49.191900011165181, -26.886589855650463 ], [ -49.190814951768324, -26.886435248270672 ], [ -49.189383514863771, -26.886180903891368 ], [ -49.188024453648332, -26.883802822978481 ], [ -49.185500130693207, -26.880968761872605 ], [ -49.180212734803582, -26.87667372102106 ], [ -49.170981128827378, -26.880464440698905 ], [ -49.161746434796548, -26.884047639068687 ], [ -49.154294221938663, -26.890461035744686 ], [ -49.148700711786823, -26.895991717356605 ], [ -49.145529762656558, -26.893439409961776 ], [ -49.136560342734008, -26.88733737722529 ], [ -49.126446033584834, -26.891014283564395 ], [ -49.119699575451961, -26.885381276205521 ], [ -49.112910559701902, -26.881247019425448 ], [ -49.112014754389122, -26.880574746287756 ], [ -49.111831888126709, -26.879399413558055 ], [ -49.110114416257332, -26.877729591649882 ], [ -49.107549823101138, -26.878019260550733 ], [ -49.105900322444619, -26.878770974260746 ], [ -49.104567269685646, -26.879491229352961 ], [ -49.103259432246084, -26.880110867741713 ], [ -49.101848938110578, -26.880595107041721 ], [ -49.098978981050188, -26.880760919322228 ], [ -49.098326757199068, -26.878987932598847 ], [ -49.097069341408194, -26.875031392065651 ], [ -49.089375221773096, -26.875662185646377 ], [ -49.086327528794641, -26.881879490108922 ], [ -49.082124799463273, -26.889668962541364 ], [ -49.075504691730082, -26.896211754699536 ], [ -49.067814610971269, -26.895228548942551 ], [ -49.058487728899046, -26.896784100910889 ], [ -49.065240881979697, -26.903870981625136 ], [ -49.066811581325929, -26.911055237095635 ], [ -49.063672617219346, -26.918855727649589 ], [ -49.060709031125043, -26.916298070217845 ], [ -49.052611784944794, -26.910789658567492 ], [ -49.044284175132951, -26.907610081359397 ], [ -49.045803232221466, -26.898959057893791 ], [ -49.037902793525575, -26.897482756655979 ], [ -49.031513363365235, -26.904480993241211 ], [ -49.026178567556144, -26.906352768233923 ], [ -49.020678924895002, -26.904997711428393 ], [ -49.019248061463983, -26.900043708088578 ], [ -49.011936684575907, -26.893190779863986 ], [ -49.002029780824465, -26.891243235349851 ], [ -48.992315713661228, -26.889675562564069 ], [ -48.987344753919039, -26.898309127460401 ], [ -48.983675670549651, -26.905685788281055 ], [ -48.978202654619515, -26.913263069933766 ], [ -48.971849965489433, -26.918579775843451 ], [ -48.964988019895429, -26.922059845815259 ], [ -48.958412420677014, -26.927521628795571 ], [ -48.954084068084924, -26.923870149864431 ], [ -48.95006748133931, -26.915927058698813 ], [ -48.941913096449802, -26.909651446870221 ], [ -48.931526085208674, -26.907223117959035 ], [ -48.921115164468731, -26.901838325662702 ], [ -48.91151755175084, -26.908833065072624 ], [ -48.902488288512849, -26.913617414064916 ], [ -48.894591656055148, -26.919638819476877 ], [ -48.889012412940552, -26.925446117531866 ], [ -48.883879099148622, -26.91856024077255 ], [ -48.875412509691103, -26.912242548225329 ], [ -48.871842400311586, -26.893263987181115 ], [ -48.856133800935822, -26.907441051120028 ], [ -48.850689249473703, -26.897135990818306 ], [ -48.840810384624646, -26.890444704842555 ], [ -48.828928482116815, -26.898852422341282 ], [ -48.824159318750844, -26.890966168740096 ], [ -48.821675297206937, -26.871713366433042 ], [ -48.813257380809496, -26.866892265295252 ], [ -48.798861930946266, -26.876920072871091 ], [ -48.789688867506229, -26.871870063767048 ], [ -48.781636124484997, -26.86787816241495 ], [ -48.773395602418404, -26.859414541909768 ], [ -48.755373864463891, -26.853531339143235 ], [ -48.750802529964453, -26.842673390170944 ], [ -48.751121826958801, -26.842366548835983 ], [ -48.750330529311221, -26.841552167271853 ], [ -48.749204674235699, -26.838877646564079 ], [ -48.749084611811618, -26.840269872434721 ], [ -48.728615908452895, -26.819198086850843 ], [ -48.711132845881103, -26.836657280985616 ], [ -48.697800529624566, -26.853705024467612 ], [ -48.697997257737775, -26.854027459145051 ], [ -48.685116321559867, -26.86118050355023 ], [ -48.668852651472648, -26.880410836316461 ], [ -48.673528818416095, -26.876386747357373 ], [ -48.686150018289929, -26.871826839477439 ], [ -48.678607770405776, -26.905590462307611 ], [ -48.70352349884557, -26.893406012172541 ], [ -48.703546224382805, -26.893435167354873 ], [ -48.703736328076097, -26.893301901778816 ], [ -48.711179498166089, -26.889660567955605 ], [ -48.710848864889797, -26.888315478295127 ], [ -48.725341270249821, -26.878152636918003 ], [ -48.728940165995986, -26.867682561719132 ], [ -48.727549560248413, -26.858940127820816 ], [ -48.727959511108388, -26.859615116201475 ], [ -48.741807527592329, -26.874222858010775 ], [ -48.742033590909969, -26.877357858880988 ], [ -48.756334156725416, -26.888976245696036 ], [ -48.781234520551884, -26.905987241724887 ], [ -48.789054847312009, -26.894971010247644 ], [ -48.797776064817882, -26.900080576647913 ], [ -48.814592965955946, -26.887387709430254 ], [ -48.820993922893976, -26.892948826602446 ], [ -48.826383106407469, -26.900708869579844 ], [ -48.836565517935213, -26.904136753739341 ], [ -48.845382129829318, -26.908172961804112 ], [ -48.855572119760119, -26.910045410692664 ], [ -48.865465179756256, -26.910817787141621 ], [ -48.873671310223699, -26.915938394318175 ], [ -48.880089220918222, -26.920688675159102 ], [ -48.886916352670504, -26.933227322545605 ], [ -48.897067910804225, -26.921444694990125 ], [ -48.904033148612299, -26.915968061611434 ], [ -48.912182269774462, -26.912113813249832 ], [ -48.921941768371845, -26.911006636744627 ], [ -48.931883635493492, -26.909031771464253 ], [ -48.940271155736994, -26.911895396580086 ], [ -48.947563561146588, -26.917589972832332 ], [ -48.951823051585009, -26.924677613234064 ], [ -48.958295418746523, -26.929333523561965 ], [ -48.96704095032333, -26.924126066373066 ], [ -48.973043882016761, -26.920320623828829 ], [ -48.980215191906957, -26.914653517993777 ], [ -48.986417710333825, -26.907572021144677 ], [ -48.990750961257952, -26.898776078978443 ], [ -48.993042927086719, -26.893285434336367 ], [ -49.001139268589036, -26.894329378562265 ], [ -49.010587348491953, -26.896255709926177 ], [ -49.013658039699109, -26.900525574913949 ], [ -49.018943453727616, -26.906885845115685 ], [ -49.026103821508102, -26.909025329392922 ], [ -49.033540853940721, -26.905929599735462 ], [ -49.039475664612091, -26.898964663778912 ], [ -49.044011674166342, -26.899137811294175 ], [ -49.042342676011899, -26.908194663425377 ], [ -49.052281498332206, -26.912009922868386 ], [ -49.058700441966003, -26.916497408457868 ], [ -49.064995921599952, -26.920228508883081 ], [ -49.069139469132232, -26.911527280568393 ], [ -49.067168553802681, -26.902374223532554 ], [ -49.060374124698583, -26.896615902590291 ], [ -49.066849356204102, -26.89721895041481 ], [ -49.077482041441918, -26.898197245005377 ], [ -49.083987033440835, -26.890940466134687 ], [ -49.088464882061892, -26.882704220857583 ], [ -49.091064125944065, -26.878074865656675 ], [ -49.095599174496982, -26.876905938473051 ], [ -49.096072093692221, -26.879253604903926 ], [ -49.098264785046069, -26.882497670947231 ], [ -49.1022585160189, -26.881733373452157 ], [ -49.103762298010089, -26.881099066328101 ], [ -49.105226069867392, -26.880652102061806 ], [ -49.106376820120261, -26.879885396291321 ], [ -49.107471620800894, -26.879426285223364 ], [ -49.108770874428409, -26.879253652901149 ], [ -49.108913968758046, -26.880688302931389 ], [ -49.108861985084218, -26.88215681675322 ], [ -49.111551429139233, -26.882889986171183 ], [ -49.118761566457565, -26.887007306288776 ], [ -49.126554908237885, -26.892619278261552 ], [ -49.134972746485971, -26.891351560612932 ], [ -49.143627934728258, -26.894508337274406 ], [ -49.149479618259505, -26.898213524780438 ], [ -49.156121530575312, -26.891606763613211 ], [ -49.162832692576821, -26.885907197613932 ], [ -49.171734304406748, -26.881876045270399 ], [ -49.180307017092382, -26.878125023911295 ], [ -49.184252426973451, -26.88188906167289 ], [ -49.186578050654582, -26.884440097317512 ], [ -49.187998000021175, -26.887417829100656 ], [ -49.190361981955348, -26.888240176198938 ], [ -49.192023278110796, -26.888644979162631 ], [ -49.193680204670684, -26.8886389327545 ], [ -49.195180235334782, -26.888200093997007 ], [ -49.196678985723693, -26.888145114484878 ], [ -49.197150750738743, -26.889698312765393 ], [ -49.199066921467285, -26.890320339480304 ], [ -49.200879320763327, -26.889669499189864 ], [ -49.202362403613819, -26.889064615219976 ], [ -49.203764923023058, -26.888373469066671 ], [ -49.204893955328863, -26.887398632261814 ], [ -49.206152832374741, -26.886622467958556 ], [ -49.207347872681659, -26.886090735527869 ], [ -49.208242908443083, -26.885460496059814 ], [ -49.213183657602123, -26.886386103294015 ], [ -49.215139274039203, -26.883167436551268 ], [ -49.217563724978454, -26.88321497995593 ], [ -49.221829133549676, -26.885238891919965 ], [ -49.228262685354146, -26.891993857306602 ], [ -49.230819745983979, -26.888821056637347 ] ], [ [ -48.705580389406876, -26.866454611433571 ], [ -48.706706124576336, -26.868299205057902 ], [ -48.705322593308608, -26.867020843298082 ], [ -48.705580389406876, -26.866454611433571 ] ], [ [ -48.722050258128334, -26.860648040969632 ], [ -48.722714698114181, -26.860566955071651 ], [ -48.723154867990914, -26.861263845588457 ], [ -48.722050258128334, -26.860648040969632 ] ], [ [ -48.694714718427377, -26.882103671195932 ], [ -48.693688713645855, -26.882384271867579 ], [ -48.691436185419889, -26.877896385665959 ], [ -48.694714718427377, -26.882103671195932 ] ], [ [ -48.726405582536202, -26.853609129947543 ], [ -48.725618872522631, -26.850463419777384 ], [ -48.737791152541391, -26.853647239729373 ], [ -48.729133388261978, -26.856760930842103 ], [ -48.726405582536202, -26.853609129947543 ] ] ] } },
{ "type": "Feature", "properties": { "rio": "Itajai_Acu", "reach": "R4", "classe": "Severa", "prof_med": 14.71, "prof_max": 14.96, "larg_max": 4356.2, "rs_ini": 5.89, "rs_fim": 0.07, "area_km2": 15.091 }, "geometry": { "type": "Polygon", "coordinates": [ [ [ -48.676779673751028, -26.893115561210209 ], [ -48.669972251943278, -26.892232113779848 ], [ -48.676572197933851, -26.876833315197608 ], [ -48.646937569708989, -26.873942258607954 ], [ -48.651968407074556, -26.882356277977305 ], [ -48.645575986375434, -26.884438772346233 ], [ -48.632929612923377, -26.895709399223705 ], [ -48.635991265156427, -26.893616907295975 ], [ -48.649616068573131, -26.924479673064919 ], [ -48.660707608822037, -26.91462342190642 ], [ -48.668551359862917, -26.917203523268551 ], [ -48.675476722532771, -26.916443648218607 ], [ -48.676779673751028, -26.893115561210209 ] ] ] } },
{ "type": "Feature", "properties": { "rio": "Itajai_Norte", "reach": "R1", "classe": "Severa", "prof_med": 17.31, "prof_max": 60.97, "larg_max": 1213.7, "rs_ini": 128.73, "rs_fim": 0.07, "area_km2": 19.571 }, "geometry": { "type": "MultiPolygon", "coordinates": [ [ [ [ -50.12149434360424, -26.522800377515367 ], [ -50.116465335099377, -26.518092990355502 ], [ -50.110064468680314, -26.518351111705819 ], [ -50.102648147837982, -26.517556228096083 ], [ -50.096161849084716, -26.522586251172246 ], [ -50.089511804035602, -26.524411515573007 ], [ -50.082742877097864, -26.525378855477928 ], [ -50.077605676408872, -26.523669717415903 ], [ -50.072586847157126, -26.521291005597771 ], [ -50.066199858117166, -26.518519664237779 ], [ -50.061874047918266, -26.521476084310486 ], [ -50.060405500199344, -26.521333287342198 ], [ -50.058938631430763, -26.521497519676743 ], [ -50.056990173617343, -26.521635401804478 ], [ -50.054158354176799, -26.520140577293255 ], [ -50.046757128709785, -26.520104091045994 ], [ -50.037736343290703, -26.518759014910568 ], [ -50.030942768773087, -26.517433709124138 ], [ -50.029056776934915, -26.515009105443941 ], [ -50.028055626400452, -26.51323601758337 ], [ -50.026671563937917, -26.510485230516451 ], [ -50.024076701443896, -26.507500447422682 ], [ -50.018618495269806, -26.498802230629849 ], [ -50.010803425524607, -26.504327600830337 ], [ -50.004540598200357, -26.503473990341782 ], [ -49.99669295500253, -26.504409621954121 ], [ -49.989738829425455, -26.510991377064528 ], [ -49.982208767895443, -26.515798330024023 ], [ -49.979675242493634, -26.521589232074689 ], [ -49.971117254229384, -26.525538581341159 ], [ -49.970339236814411, -26.531611863044205 ], [ -49.965257087996875, -26.53707905026128 ], [ -49.962775337503864, -26.542814390873158 ], [ -49.959319358458771, -26.544038008120314 ], [ -49.955208633927363, -26.548108124144434 ], [ -49.957388148918, -26.5550010816374 ], [ -49.953836137952578, -26.561098857797976 ], [ -49.955499371355828, -26.564369212416192 ], [ -49.95417569786396, -26.568678303970895 ], [ -49.948276789596086, -26.569322762743891 ], [ -49.943731597180438, -26.573140889347862 ], [ -49.937545475863487, -26.5729725559857 ], [ -49.929138920085421, -26.573186719093069 ], [ -49.922852345943987, -26.577994809321243 ], [ -49.917854012072326, -26.582388277665395 ], [ -49.911505228335798, -26.586499133694904 ], [ -49.909201759974586, -26.592157840872481 ], [ -49.908842378360305, -26.595674718859065 ], [ -49.909002327200319, -26.599578070831473 ], [ -49.907330750980243, -26.601473339057673 ], [ -49.902248567417544, -26.601763802433645 ], [ -49.89559733319215, -26.602126563671721 ], [ -49.894522320992273, -26.607561994775821 ], [ -49.889910524735718, -26.609354246130877 ], [ -49.886601318880508, -26.612650468698106 ], [ -49.885489155727811, -26.614386835854706 ], [ -49.884597919617264, -26.615472159568771 ], [ -49.884525592685051, -26.616637288320881 ], [ -49.883650536901094, -26.617379245907184 ], [ -49.882339417637112, -26.617969990189998 ], [ -49.88109874431396, -26.619031357619662 ], [ -49.880406915966475, -26.620409367877482 ], [ -49.880372157676938, -26.621965321026735 ], [ -49.880801715944344, -26.623219475195107 ], [ -49.880690325743515, -26.624382721151061 ], [ -49.880262609108811, -26.625573392123385 ], [ -49.879328418577124, -26.62668562565192 ], [ -49.878885826558253, -26.628039153705945 ], [ -49.878832878565831, -26.629507521434629 ], [ -49.878880188540904, -26.630916782463004 ], [ -49.879584074146564, -26.632176357631412 ], [ -49.880074268176827, -26.633473329052951 ], [ -49.880619481796373, -26.634752467562592 ], [ -49.880651186273518, -26.636389677106632 ], [ -49.880767409171611, -26.638906831328011 ], [ -49.880437877179219, -26.641224233299933 ], [ -49.880348924661213, -26.644243915773487 ], [ -49.88088228432288, -26.645887335593653 ], [ -49.880104760523103, -26.646538760190751 ], [ -49.878746453754182, -26.64685723935736 ], [ -49.876899682162119, -26.647364511676095 ], [ -49.874997371992116, -26.648791159636598 ], [ -49.873340737058612, -26.651226666891393 ], [ -49.870407285445182, -26.651848680713382 ], [ -49.866087990988191, -26.650274634655055 ], [ -49.86173784518985, -26.651173593858239 ], [ -49.8536244303803, -26.649918418665901 ], [ -49.851899610602764, -26.658112414044723 ], [ -49.851797751957854, -26.658889977788473 ], [ -49.851498378808039, -26.659976807997381 ], [ -49.850771726311258, -26.661021826913164 ], [ -49.850022148071147, -26.662318891352989 ], [ -49.849095598180703, -26.66337229929189 ], [ -49.848016278613493, -26.664340746535274 ], [ -49.84701305262351, -26.665441791274709 ], [ -49.846037058046647, -26.66782118441289 ], [ -49.84718682316641, -26.671281720541575 ], [ -49.846000711791739, -26.673145742894093 ], [ -49.841486404314082, -26.673561002112955 ], [ -49.837571293191672, -26.677426171350184 ], [ -49.838924070283007, -26.68557758990498 ], [ -49.83891895828971, -26.690510955756828 ], [ -49.836001710516861, -26.693246453719521 ], [ -49.832926936766327, -26.696336164885881 ], [ -49.829476889627436, -26.702687566480442 ], [ -49.828872082397645, -26.704009279955642 ], [ -49.828501412957273, -26.705291079503564 ], [ -49.828004722944279, -26.706472185440141 ], [ -49.82719514487556, -26.707326881609095 ], [ -49.825949746511526, -26.707731929609771 ], [ -49.824529380174525, -26.707513528734538 ], [ -49.822273335132166, -26.707837638946287 ], [ -49.817941227916037, -26.709055566207585 ], [ -49.81148831983851, -26.711683915092841 ], [ -49.807224845486701, -26.71600788559094 ], [ -49.806277257477859, -26.718585755423064 ], [ -49.805299067338915, -26.720738852245411 ], [ -49.805048530751719, -26.722240937974128 ], [ -49.804853240916444, -26.723764688184577 ], [ -49.80463876058451, -26.72594325820015 ], [ -49.802056724478582, -26.729960388374664 ], [ -49.797452411961132, -26.735304459856291 ], [ -49.795714483773338, -26.737193439775137 ], [ -49.794767854321272, -26.738279666750341 ], [ -49.794091960294587, -26.739514210883279 ], [ -49.793706719439662, -26.7408560411391 ], [ -49.793418796309453, -26.742319772092461 ], [ -49.793285582682799, -26.744207732281005 ], [ -49.793304415587336, -26.746024118802239 ], [ -49.792784340053586, -26.74834291991484 ], [ -49.788802539161857, -26.750178908917466 ], [ -49.781580965737831, -26.750780201861158 ], [ -49.775988439623021, -26.757820405936645 ], [ -49.772026163084163, -26.764833672355234 ], [ -49.772169569479026, -26.773176597426506 ], [ -49.763112659076135, -26.774211086000832 ], [ -49.753707066490406, -26.776825612712567 ], [ -49.75249832144673, -26.777923444081807 ], [ -49.751588551679504, -26.779075744505985 ], [ -49.750965461055294, -26.7803638356236 ], [ -49.750493443058453, -26.781721915110989 ], [ -49.750145817460506, -26.783575463282659 ], [ -49.750322314849249, -26.787641449771975 ], [ -49.754003391000573, -26.791623867792428 ], [ -49.752170562675914, -26.794939482865459 ], [ -49.751114886748937, -26.796274027076493 ], [ -49.749781578545644, -26.796925612780122 ], [ -49.748554136833526, -26.797541383321136 ], [ -49.74717419627045, -26.797911305929453 ], [ -49.745718479430089, -26.798290045464405 ], [ -49.743737647125897, -26.79900471936369 ], [ -49.741367024567595, -26.801821347320985 ], [ -49.742176955860856, -26.805154728777737 ], [ -49.738436303318117, -26.809761365334893 ], [ -49.734239277317258, -26.816267651769436 ], [ -49.7294193808874, -26.820582543249959 ], [ -49.722049419368481, -26.82580976972416 ], [ -49.71479207549045, -26.832250921585242 ], [ -49.710404206065633, -26.840092729146861 ], [ -49.70088881458144, -26.837525746445515 ], [ -49.706158906593167, -26.850269128167231 ], [ -49.70672083158734, -26.85243189351765 ], [ -49.705853962761317, -26.85525469445351 ], [ -49.702996513067113, -26.858034177850509 ], [ -49.694321785036422, -26.858986286353559 ], [ -49.684667157951978, -26.861727708314184 ], [ -49.681833918360027, -26.869938176535687 ], [ -49.679133955268149, -26.876384174666963 ], [ -49.679146505271831, -26.877971781319669 ], [ -49.679273104945644, -26.879494269644645 ], [ -49.679653937977996, -26.881233938457903 ], [ -49.680820976433964, -26.885745971764887 ], [ -49.679741995801557, -26.881818582522783 ], [ -49.680896299153531, -26.890654979072469 ], [ -49.679550108600345, -26.891407836794336 ], [ -49.678238532896579, -26.891943701133325 ], [ -49.677171664561435, -26.892748162452389 ], [ -49.675811647445684, -26.892989364164553 ], [ -49.674122910041405, -26.892813064075064 ], [ -49.671792288335517, -26.89245979351568 ], [ -49.662495773476508, -26.891811701073838 ], [ -49.661205900579169, -26.898721897051693 ], [ -49.656536245471187, -26.905581488961058 ], [ -49.659862628910133, -26.912122863504269 ], [ -49.656482687750028, -26.917364697620684 ], [ -49.647148931983139, -26.920905963674731 ], [ -49.64191493770339, -26.928928801763341 ], [ -49.640741084782768, -26.935931940156475 ], [ -49.637546313619055, -26.942599351623041 ], [ -49.632947526955057, -26.949496023941428 ], [ -49.634994799246158, -26.95803060670206 ], [ -49.633336863914415, -26.96348044940866 ], [ -49.625662900481068, -26.965262477400742 ], [ -49.616409590750237, -26.968163551254406 ], [ -49.60743657547701, -26.974521416752246 ], [ -49.606318674852972, -26.980993906987131 ], [ -49.61352638729209, -26.985297612513108 ], [ -49.614093933638749, -26.992355575607167 ], [ -49.613711466345045, -27.000775545046213 ], [ -49.605790821927144, -27.003538300983042 ], [ -49.600963171845045, -27.010396126923727 ], [ -49.597453416532467, -27.018515816875517 ], [ -49.589148870576352, -27.026538653473985 ], [ -49.594024907758794, -27.034341903554122 ], [ -49.591546744748214, -27.042651759584963 ], [ -49.586374010611472, -27.046401567071371 ], [ -49.587229405963996, -27.042796215201516 ], [ -49.586464607227185, -27.037266431326273 ], [ -49.588676693104802, -27.030525988109584 ], [ -49.584077797478471, -27.02598553771481 ], [ -49.574169197588979, -27.02744830153754 ], [ -49.573790063894542, -27.028915815434377 ], [ -49.573489145612079, -27.03036565505068 ], [ -49.574033771990109, -27.031656220762368 ], [ -49.573184970649521, -27.032534430665113 ], [ -49.572683318798525, -27.033187213598854 ], [ -49.571755410714474, -27.033362959251356 ], [ -49.570354302153859, -27.033138364026524 ], [ -49.568885694123153, -27.033955487272642 ], [ -49.560685877166144, -27.034261775297569 ], [ -49.560785543472761, -27.03352350876515 ], [ -49.560159701853202, -27.032198131801767 ], [ -49.560186758295231, -27.030759579148974 ], [ -49.557618921618591, -27.028286758418439 ], [ -49.555641613642976, -27.020079637890355 ], [ -49.549587270036263, -27.023138441098116 ], [ -49.549163073311774, -27.024222727826452 ], [ -49.547927321977909, -27.024542814794852 ], [ -49.546620060053485, -27.025079951874542 ], [ -49.544709661035547, -27.026706489994762 ], [ -49.544539122473395, -27.031682644564039 ], [ -49.54496877053711, -27.038671690558598 ], [ -49.545171714277586, -27.040322205624758 ], [ -49.545707791064601, -27.041752659116025 ], [ -49.54622026880412, -27.043097708535115 ], [ -49.546963402515701, -27.04430907302611 ], [ -49.547355414196282, -27.045703804025898 ], [ -49.547090062346669, -27.046946318856069 ], [ -49.543013038957973, -27.046628908509966 ], [ -49.538848584364437, -27.049898749868394 ], [ -49.537201112998602, -27.050846993285994 ], [ -49.536122503713557, -27.052494548064612 ], [ -49.535508122073232, -27.054465468478515 ], [ -49.535764755874723, -27.055791225344926 ], [ -49.535538052794827, -27.056849548964497 ], [ -49.53487888507847, -27.057841830659232 ], [ -49.533567991481675, -27.058311260711051 ], [ -49.532256412964529, -27.05862181785464 ], [ -49.531004446110046, -27.058949953631647 ], [ -49.529796642181864, -27.059102593557618 ], [ -49.528635417784322, -27.059282198512477 ], [ -49.527318233007698, -27.059341177466312 ], [ -49.52598394438364, -27.058713335221452 ], [ -49.524781713434386, -27.058014228454084 ], [ -49.523309873869302, -27.058019695668669 ], [ -49.520971568952021, -27.056975745860438 ], [ -49.516274648985444, -27.053619878358838 ], [ -49.511320668632273, -27.055837111767147 ], [ -49.506981190073709, -27.055835144519289 ], [ -49.505243657514519, -27.057905866965704 ], [ -49.503260318171016, -27.060812065131401 ], [ -49.500815950045038, -27.064637461811419 ], [ -49.499660232681975, -27.070236917181528 ], [ -49.498477859189904, -27.074907148382351 ], [ -49.495672106724854, -27.077923855930102 ], [ -49.499289565938469, -27.081641950202723 ], [ -49.499524223612987, -27.075286205361181 ], [ -49.501747311701479, -27.070508964623269 ], [ -49.502272168211128, -27.065474948234282 ], [ -49.50438309314503, -27.061199195955599 ], [ -49.506404309775562, -27.058534091738675 ], [ -49.507345555597936, -27.057352877808501 ], [ -49.509157291173096, -27.059068482774528 ], [ -49.516177861076123, -27.055436846910677 ], [ -49.520311461998297, -27.058110014924978 ], [ -49.522756455450441, -27.060193119330737 ], [ -49.523663095746443, -27.060670322335632 ], [ -49.524851736083363, -27.060697508214513 ], [ -49.526300811657052, -27.061072915218325 ], [ -49.528290737545255, -27.060798192390166 ], [ -49.529940985717843, -27.061117966960751 ], [ -49.53164002429498, -27.061028185913973 ], [ -49.533393835239224, -27.060898174483135 ], [ -49.535685038838579, -27.061104079985167 ], [ -49.537261927423579, -27.060005508144481 ], [ -49.537326365797298, -27.057715771407032 ], [ -49.537312094415128, -27.056073191063366 ], [ -49.537665026793086, -27.054762163111494 ], [ -49.538931475011289, -27.053799536701806 ], [ -49.54040381027837, -27.052979173458109 ], [ -49.540907870729868, -27.051264208903604 ], [ -49.543314434161204, -27.049241092415109 ], [ -49.54851373989294, -27.047699206506429 ], [ -49.549140050777815, -27.045443513713696 ], [ -49.547894447840925, -27.044039496143057 ], [ -49.547746351992139, -27.042724037253514 ], [ -49.547044003441954, -27.041556902335547 ], [ -49.54742827063356, -27.040285000486342 ], [ -49.548865389822048, -27.039449207901274 ], [ -49.545903493578933, -27.030847394414533 ], [ -49.545898213385776, -27.027835810555288 ], [ -49.547272649024251, -27.026064329529582 ], [ -49.548965515135528, -27.026027636673632 ], [ -49.551156985838013, -27.025512942701031 ], [ -49.552085257244137, -27.02405847002823 ], [ -49.554929084686705, -27.021111577162067 ], [ -49.556321586390482, -27.028633326745236 ], [ -49.559129720197653, -27.031277449124129 ], [ -49.559117519850027, -27.03234211806685 ], [ -49.559434842886816, -27.033606645844937 ], [ -49.558997888319503, -27.034834847670272 ], [ -49.559208972145207, -27.035957850374228 ], [ -49.559224787169505, -27.037381064489185 ], [ -49.559474334963149, -27.039105047390823 ], [ -49.561078277015937, -27.04009059851456 ], [ -49.562911013944323, -27.039235851564669 ], [ -49.564356091513915, -27.039596705686094 ], [ -49.565830075541449, -27.039806116282136 ], [ -49.56739800450994, -27.039913473920809 ], [ -49.569218572190316, -27.039935217180957 ], [ -49.56755240846222, -27.038893374311488 ], [ -49.567420776421386, -27.039036083519651 ], [ -49.565942564034181, -27.039002838567725 ], [ -49.565004349560063, -27.038694825539672 ], [ -49.565128180457037, -27.038816862293015 ], [ -49.564876008438802, -27.038652690920962 ], [ -49.564485118618315, -27.03852436019298 ], [ -49.564438792695242, -27.038512836863354 ], [ -49.560794557637735, -27.034731987651053 ], [ -49.561844731034356, -27.035181720423562 ], [ -49.56124979237628, -27.03441075108973 ], [ -49.570092658033651, -27.035506516091612 ], [ -49.570755310832929, -27.035265464459979 ], [ -49.572041996676447, -27.035230647260978 ], [ -49.573949889526141, -27.034859929629139 ], [ -49.575829248921544, -27.033825893029903 ], [ -49.57537469448539, -27.031833675307901 ], [ -49.576123905966945, -27.030383827827002 ], [ -49.577272421785878, -27.029505958240204 ], [ -49.575488548650199, -27.02834667516613 ], [ -49.584373488340759, -27.027139715818969 ], [ -49.587520973772598, -27.03006815431722 ], [ -49.585004158795641, -27.038094043318317 ], [ -49.585501990218795, -27.041874328176341 ], [ -49.584295788556247, -27.048160405141751 ], [ -49.594970274294084, -27.044197729837968 ], [ -49.595528462151947, -27.034351999482698 ], [ -49.589981835533642, -27.026440204121897 ], [ -49.598659770129636, -27.018900020924391 ], [ -49.602421545653193, -27.010945704848535 ], [ -49.606320574874893, -27.004580649836818 ], [ -49.615271314703044, -27.00101220151566 ], [ -49.615052755386273, -26.992531340432404 ], [ -49.615945838692348, -26.982448745631249 ], [ -49.607803632155168, -26.980767439689725 ], [ -49.613509053546409, -26.974358312963655 ], [ -49.616996610590903, -26.971771777606929 ], [ -49.627190081629557, -26.971583966413935 ], [ -49.636418668901811, -26.965941669903465 ], [ -49.636212341407095, -26.957130004093248 ], [ -49.634254041475032, -26.950163325523857 ], [ -49.639279511302654, -26.943540563009091 ], [ -49.642491863726555, -26.936329015643427 ], [ -49.643402655965161, -26.929136444626806 ], [ -49.648453411923903, -26.922636645012751 ], [ -49.656720859529599, -26.918489472661335 ], [ -49.661255273680538, -26.911610336924554 ], [ -49.657876682899705, -26.905752957002175 ], [ -49.663234882329235, -26.898725609236909 ], [ -49.663313519557896, -26.893845191597549 ], [ -49.671421350797189, -26.89403997498453 ], [ -49.674175415816116, -26.894158498643971 ], [ -49.676019545505383, -26.893982574459798 ], [ -49.677626011779218, -26.893818584593031 ], [ -49.679237103589124, -26.893527803953685 ], [ -49.680194123179881, -26.892398607868863 ], [ -49.682066101965191, -26.89328983878351 ], [ -49.681397225959671, -26.887050802583062 ], [ -49.683653409167768, -26.884495045611413 ], [ -49.681643542850203, -26.880878597316741 ], [ -49.681266521809491, -26.879156689554296 ], [ -49.68078705421788, -26.877789024193191 ], [ -49.680788171176289, -26.87637546563321 ], [ -49.683155047856467, -26.870830132183777 ], [ -49.688491963808161, -26.862958789207266 ], [ -49.694083832596043, -26.861134405097747 ], [ -49.704246180972682, -26.860182365105405 ], [ -49.7083166940822, -26.856073707679748 ], [ -49.709122512526378, -26.852465021556505 ], [ -49.708654973485359, -26.848533861164942 ], [ -49.708922520240939, -26.845777621256037 ], [ -49.713378770796588, -26.84203804614226 ], [ -49.717677119147538, -26.833829504149112 ], [ -49.724101998498028, -26.827491686141208 ], [ -49.732112134479458, -26.823032562024544 ], [ -49.736752041897638, -26.817485997596766 ], [ -49.739522694529455, -26.810786763809915 ], [ -49.743673443989771, -26.805262931818053 ], [ -49.743814497319995, -26.802153278816025 ], [ -49.744793771316722, -26.800145447582413 ], [ -49.746228108079102, -26.799485702732891 ], [ -49.747682251362555, -26.799179023008254 ], [ -49.749396957090724, -26.799124003601381 ], [ -49.750502773753489, -26.797871141401828 ], [ -49.751672508117586, -26.796820462086423 ], [ -49.752977972108425, -26.795542959696586 ], [ -49.755486201459235, -26.791407007853252 ], [ -49.751245760807841, -26.787189738602887 ], [ -49.751037491908107, -26.783695205233148 ], [ -49.751292241067432, -26.781911493028943 ], [ -49.751872778504392, -26.780687379370956 ], [ -49.752442380996392, -26.779500659831594 ], [ -49.753147723175452, -26.778381924045984 ], [ -49.754238820308956, -26.777393192669145 ], [ -49.763021579216286, -26.775016598227737 ], [ -49.773161012551093, -26.773657424668475 ], [ -49.772712870270055, -26.765245945505448 ], [ -49.776825933811956, -26.758118206858587 ], [ -49.782072078732035, -26.751458095426592 ], [ -49.788866573065441, -26.750647342044743 ], [ -49.793365733709699, -26.748653277910112 ], [ -49.793752621687212, -26.746063578649419 ], [ -49.793810741756552, -26.744228293754063 ], [ -49.793940810535638, -26.742375181378897 ], [ -49.794073371027757, -26.74092681124246 ], [ -49.794511148317042, -26.73966196016319 ], [ -49.795093525963544, -26.738446627515799 ], [ -49.796012502041201, -26.737397838361701 ], [ -49.797863460816309, -26.735598598801374 ], [ -49.802541009894362, -26.730279046666737 ], [ -49.805148134312454, -26.726059539989286 ], [ -49.80537540618014, -26.723818290414425 ], [ -49.805641315819258, -26.722326262737997 ], [ -49.805879321508044, -26.72087715210602 ], [ -49.806899366611624, -26.718822417635014 ], [ -49.808177902903132, -26.716403743600498 ], [ -49.811802507672432, -26.712221043083705 ], [ -49.818180820256011, -26.709549880660543 ], [ -49.822431350235327, -26.708633767836641 ], [ -49.824622445824062, -26.708589428572534 ], [ -49.826239853949502, -26.708987254994096 ], [ -49.828074667522813, -26.708662931043833 ], [ -49.829324158218725, -26.7073670336958 ], [ -49.830903582872175, -26.706255506724716 ], [ -49.830209551730405, -26.704451886340358 ], [ -49.830815042308984, -26.703131341557711 ], [ -49.833563122030924, -26.696693401577999 ], [ -49.836447695833698, -26.693701542781209 ], [ -49.839600612021883, -26.690792450819945 ], [ -49.839666293964861, -26.685479542925812 ], [ -49.83824163003753, -26.67750024515324 ], [ -49.841682546241543, -26.674141591604158 ], [ -49.846409967278213, -26.673790838770262 ], [ -49.847784740781456, -26.671327572199683 ], [ -49.847009986840298, -26.667867020103763 ], [ -49.847834900918748, -26.665911847456151 ], [ -49.848758467600497, -26.664907073134753 ], [ -49.849987559167708, -26.66409300772499 ], [ -49.851042182583029, -26.663113579803298 ], [ -49.852574350387556, -26.662644618404514 ], [ -49.853864171281622, -26.661636020264989 ], [ -49.854760898594691, -26.660472292353781 ], [ -49.855029790791711, -26.658797367921995 ], [ -49.85736022998416, -26.654381493592449 ], [ -49.862472775372396, -26.652793435354095 ], [ -49.8657330235961, -26.652204012147948 ], [ -49.869894832909957, -26.653398104658173 ], [ -49.874877228019763, -26.652307890641008 ], [ -49.875973617899461, -26.649528382536161 ], [ -49.877484220079502, -26.648382914391995 ], [ -49.879216051575575, -26.648066386246054 ], [ -49.881055993225957, -26.64775248550713 ], [ -49.88245706606213, -26.646329620784876 ], [ -49.882218029566687, -26.644401611375539 ], [ -49.883054970407542, -26.642222967324351 ], [ -49.883523552408235, -26.638257971132337 ], [ -49.88222729535039, -26.63595345913215 ], [ -49.88140431125926, -26.634521827607752 ], [ -49.880774340941628, -26.633231831558913 ], [ -49.880297529062545, -26.631968911885945 ], [ -49.879764016351423, -26.630764954726988 ], [ -49.879732609028721, -26.62949625100838 ], [ -49.880269093355714, -26.628350743223102 ], [ -49.880792198554225, -26.627210559090805 ], [ -49.881421311741938, -26.626052523072211 ], [ -49.882059617308109, -26.624735376425459 ], [ -49.882295698597368, -26.623347151908995 ], [ -49.882168970850429, -26.621908855999131 ], [ -49.88209606098593, -26.62071786541318 ], [ -49.882532855826504, -26.619766825800152 ], [ -49.883195527642215, -26.618908325721407 ], [ -49.884408082332193, -26.61821416434735 ], [ -49.88563400508643, -26.617325843372445 ], [ -49.886206507519368, -26.616026070104621 ], [ -49.886756443550503, -26.61480962997847 ], [ -49.887409699950091, -26.613252989854175 ], [ -49.89059652591861, -26.610068335063389 ], [ -49.895112805695383, -26.608171411941129 ], [ -49.896494172759347, -26.602734378129242 ], [ -49.902006114320578, -26.602472023411387 ], [ -49.907453380537028, -26.602546876072044 ], [ -49.91026416259956, -26.599002329504362 ], [ -49.910105502712049, -26.595824927195036 ], [ -49.910161974126972, -26.592311712174251 ], [ -49.912776976045663, -26.58707179807411 ], [ -49.918433335553551, -26.58317442612416 ], [ -49.923523254968678, -26.579046111640693 ], [ -49.930149915273823, -26.573884358390874 ], [ -49.93755006519082, -26.574117015260637 ], [ -49.945359626905891, -26.574902388080513 ], [ -49.948116641542697, -26.570865338195784 ], [ -49.955456055524181, -26.569503464783217 ], [ -49.956528605482234, -26.563960967442668 ], [ -49.954912204790332, -26.561572533811439 ], [ -49.958468097577615, -26.555280710121764 ], [ -49.956705699861729, -26.548073462263496 ], [ -49.959307456172695, -26.544871491384708 ], [ -49.963880649384734, -26.543388303251344 ], [ -49.966588119539402, -26.53770239667956 ], [ -49.971359404119148, -26.532777128135226 ], [ -49.972290602119202, -26.526584094054748 ], [ -49.979851391406193, -26.522722696118826 ], [ -49.984026310314256, -26.516434972163417 ], [ -49.99084779613743, -26.512089501546242 ], [ -49.996940100405006, -26.506214510097703 ], [ -50.004675043867053, -26.504680601521315 ], [ -50.010790679379156, -26.505471500348456 ], [ -50.017940224792198, -26.503879057726234 ], [ -50.023404071738895, -26.507927334716705 ], [ -50.025921428656829, -26.510929893973039 ], [ -50.02727983425094, -26.513486884831956 ], [ -50.028059909131741, -26.515474200366661 ], [ -50.030232592424227, -26.518033569815845 ], [ -50.037632468998616, -26.519425912549682 ], [ -50.047019748795378, -26.520662994625365 ], [ -50.053873586855168, -26.52069063490147 ], [ -50.056857242538115, -26.522229828297878 ], [ -50.058965073850096, -26.522036160713633 ], [ -50.060437010913283, -26.521804431531201 ], [ -50.061953612724594, -26.52214677554171 ], [ -50.066574453760211, -26.520581351589897 ], [ -50.072306743622491, -26.522752148731509 ], [ -50.076668445321751, -26.524342732287927 ], [ -50.082719668002539, -26.526524624404505 ], [ -50.089992525098133, -26.525325548770933 ], [ -50.097033452064458, -26.52351253909131 ], [ -50.103372611032576, -26.518239140523146 ], [ -50.10970355963557, -26.519309218792014 ], [ -50.115933156534901, -26.518465805356378 ], [ -50.121592524804598, -26.523536142865243 ], [ -50.12149434360424, -26.522800377515367 ] ], [ [ -49.560617204997008, -27.034770449628336 ], [ -49.563005387134574, -27.038163747983894 ], [ -49.561709552019835, -27.038217783450037 ], [ -49.560466234703341, -27.038181970852229 ], [ -49.560510760847677, -27.037165202193002 ], [ -49.560680078602502, -27.036005112918186 ], [ -49.560607909586984, -27.034839302956989 ], [ -49.560617204997008, -27.034770449628336 ] ] ], [ [ [ -49.562057093332093, -27.035456913497747 ], [ -49.561131926565359, -27.034878325371949 ], [ -49.563131148342457, -27.036848720163956 ], [ -49.562057093332093, -27.035456913497747 ] ] ] ] } },
{ "type": "Feature", "properties": { "rio": "Itajai_Oeste", "reach": "R1", "classe": "Severa", "prof_med": 8.56, "prof_max": 9.53, "larg_max": 1298.2, "rs_ini": 68.4, "rs_fim": 0.07, "area_km2": 18.209 }, "geometry": { "type": "MultiPolygon", "coordinates": [ [ [ [ -50.003703818260952, -27.111693668287234 ], [ -49.991438694477367, -27.111804459473539 ], [ -49.982905794128953, -27.107652342423478 ], [ -49.973744938448867, -27.108661586972996 ], [ -49.968187685120292, -27.104679679547974 ], [ -49.961599737058442, -27.111193215341558 ], [ -49.961021949412832, -27.11862426251998 ], [ -49.954307511457223, -27.121671855048497 ], [ -49.946200794644106, -27.127827380988421 ], [ -49.944630246835963, -27.129746622749664 ], [ -49.934364139993612, -27.125010892317324 ], [ -49.931192226094332, -27.134553438133938 ], [ -49.921658064698541, -27.129907410197699 ], [ -49.925731357187303, -27.139158779305927 ], [ -49.932980219250702, -27.135000878896349 ], [ -49.934813445210665, -27.130029731354995 ], [ -49.943346836111104, -27.131509284789868 ], [ -49.949387834090956, -27.128209511958506 ], [ -49.954665702971894, -27.124855195803494 ], [ -49.963727916763986, -27.119905102029893 ], [ -49.963828297234706, -27.110685690712668 ], [ -49.966709538860123, -27.10765965779968 ], [ -49.973795521081612, -27.110516686702873 ], [ -49.983373169351957, -27.112296247546269 ], [ -49.990647947356926, -27.115109852178005 ], [ -49.997807617517921, -27.116407979139961 ], [ -50.003703818260952, -27.111693668287234 ] ] ], [ [ [ -49.92611573376373, -27.140031703898046 ], [ -49.927982235172607, -27.144270354636017 ], [ -49.922934894632789, -27.146567764024947 ], [ -49.920878803287295, -27.146129133503685 ], [ -49.912137828467223, -27.14762819522193 ], [ -49.910992580783955, -27.148474308007771 ], [ -49.915046996804165, -27.14968161764131 ], [ -49.917505669864823, -27.147982786875087 ], [ -49.926733850979794, -27.150104373410183 ], [ -49.928875206357354, -27.142124393425011 ], [ -49.92611573376373, -27.140031703898046 ] ] ], [ [ [ -49.910179850312041, -27.148232278937623 ], [ -49.908593069499616, -27.140132418039101 ], [ -49.904613466452318, -27.139482940708508 ], [ -49.905146769708459, -27.142544083236082 ], [ -49.907670067488802, -27.147484836002782 ], [ -49.910179850312041, -27.148232278937623 ] ] ], [ [ [ -49.904241175015414, -27.13942217605145 ], [ -49.898686852981967, -27.138515486420282 ], [ -49.899734844294031, -27.145999263440064 ], [ -49.891212596037505, -27.147521396856938 ], [ -49.888924362944785, -27.147587195196309 ], [ -49.889900750094746, -27.148552028133523 ], [ -49.89815575645509, -27.149918630657169 ], [ -49.903005881039547, -27.146155813498584 ], [ -49.904241175015414, -27.13942217605145 ] ] ], [ [ [ -49.888756434643319, -27.14759202251475 ], [ -49.885938563245951, -27.147672995835876 ], [ -49.887766039958379, -27.155185094403546 ], [ -49.889172433914553, -27.156181343207336 ], [ -49.888756434643319, -27.14759202251475 ] ] ], [ [ [ -49.887685090825705, -27.155127751426335 ], [ -49.88573213854017, -27.151853689263611 ], [ -49.881291031830159, -27.145964669648215 ], [ -49.87408605601901, -27.150079900297715 ], [ -49.875876375918246, -27.154753817099156 ], [ -49.881975101382338, -27.147149526290729 ], [ -49.883059288096675, -27.151850739820823 ], [ -49.887685090825705, -27.155127751426335 ] ] ], [ [ [ -49.873813044294387, -27.149367124908942 ], [ -49.876756401686173, -27.145008388185367 ], [ -49.873045829358411, -27.147364041371244 ], [ -49.873813044294387, -27.149367124908942 ] ] ], [ [ [ -49.870969572557577, -27.148682063122369 ], [ -49.867394018752215, -27.150951700938187 ], [ -49.862018413855658, -27.156428078679706 ], [ -49.858407973829081, -27.16208722050408 ], [ -49.85810586677804, -27.165132605113229 ], [ -49.856508856571182, -27.164259062154386 ], [ -49.850975693904246, -27.161390893595058 ], [ -49.844183304659154, -27.15973086279476 ], [ -49.840221935802248, -27.164262511523244 ], [ -49.839966259411248, -27.164290127970748 ], [ -49.840156666371996, -27.164337173023874 ], [ -49.838492492873357, -27.166240770670228 ], [ -49.842241721112316, -27.171073097930989 ], [ -49.842940373350785, -27.17414633901808 ], [ -49.842024898359647, -27.177013944911643 ], [ -49.835097960274034, -27.174889724123023 ], [ -49.82470565107301, -27.174554548948141 ], [ -49.818763540081534, -27.175861795897919 ], [ -49.818244971416441, -27.183063031385036 ], [ -49.812227620302735, -27.185514381670966 ], [ -49.807496634893475, -27.185531331652435 ], [ -49.80060883790474, -27.185034957877924 ], [ -49.790930432550034, -27.186109165149549 ], [ -49.780698777086613, -27.190112739364089 ], [ -49.777302620928047, -27.196181427412498 ], [ -49.777148900964953, -27.196440262144719 ], [ -49.779663738686182, -27.199948759488677 ], [ -49.772469438646304, -27.199775836145516 ], [ -49.765087885974324, -27.195795752530959 ], [ -49.762614871298609, -27.204595098699549 ], [ -49.760791662094263, -27.209515519358554 ], [ -49.753894706631293, -27.20645705250509 ], [ -49.745670362385852, -27.206914323386936 ], [ -49.743729075820546, -27.211837382137492 ], [ -49.740635699771033, -27.217467840665709 ], [ -49.730050269269498, -27.21918731498182 ], [ -49.728218363409503, -27.227984966840804 ], [ -49.719623975691839, -27.227125717682135 ], [ -49.710279465249293, -27.229422061573743 ], [ -49.70461705163202, -27.23623669337006 ], [ -49.696376087639941, -27.238722549296593 ], [ -49.688347035914163, -27.244819764519207 ], [ -49.685457071462707, -27.244931317983522 ], [ -49.683526758242166, -27.238770215623752 ], [ -49.674242360144106, -27.233708008483614 ], [ -49.667272190593643, -27.228329767145041 ], [ -49.660615911924125, -27.221709020599498 ], [ -49.651345982697201, -27.220351975988478 ], [ -49.652099159584296, -27.215883061892576 ], [ -49.647183841224923, -27.216965627021132 ], [ -49.650318238250406, -27.221656250195299 ], [ -49.660363284707678, -27.223291644169997 ], [ -49.664879316805973, -27.229833888138071 ], [ -49.672492904581617, -27.237426252762404 ], [ -49.678331620188089, -27.240586996049643 ], [ -49.684008728670257, -27.245747669400487 ], [ -49.697434042932905, -27.251771439268484 ], [ -49.696824383977763, -27.240200059905167 ], [ -49.706700063240397, -27.237221696566827 ], [ -49.710496858348584, -27.230880123736149 ], [ -49.719962418123771, -27.229344755664204 ], [ -49.729257901500361, -27.229359373785115 ], [ -49.734414932338964, -27.221491118558877 ], [ -49.741637218191002, -27.219085700530794 ], [ -49.745228243077506, -27.212258953892277 ], [ -49.74852023083217, -27.208845114909465 ], [ -49.751482974788111, -27.208553414507278 ], [ -49.761639190779043, -27.213400035983206 ], [ -49.766416836385936, -27.205015112580231 ], [ -49.766852061744459, -27.202740908233647 ], [ -49.771536826782615, -27.207365584493402 ], [ -49.780923799085564, -27.203717825470715 ], [ -49.787060683111797, -27.19765785635304 ], [ -49.788962123671112, -27.195283920865393 ], [ -49.790992337826196, -27.194557932982111 ], [ -49.801993420674627, -27.194628212979957 ], [ -49.806703431998287, -27.188656629870991 ], [ -49.811764263919727, -27.189846707080147 ], [ -49.820741961067775, -27.183246277940064 ], [ -49.822331851982881, -27.175147307815081 ], [ -49.824037776049842, -27.176513803637555 ], [ -49.830534443144522, -27.177971771613919 ], [ -49.842398558994091, -27.182443098083674 ], [ -49.846494895189601, -27.173880962031522 ], [ -49.845353315363703, -27.169958675090371 ], [ -49.842463766111727, -27.164907179277424 ], [ -49.850338372845833, -27.166852401277634 ], [ -49.854225422342218, -27.168049936471302 ], [ -49.850573205646398, -27.167495619010928 ], [ -49.856773019691794, -27.172655140744446 ], [ -49.862629971824873, -27.172104248426169 ], [ -49.867434110110949, -27.168350567152967 ], [ -49.861999337901764, -27.160358907284579 ], [ -49.862072549518658, -27.15774648418985 ], [ -49.869220320494499, -27.151684628207178 ], [ -49.870969572557577, -27.148682063122369 ] ] ] ] } },
{ "type": "Feature", "properties": { "rio": "Itajai_Sul", "reach": "R1", "classe": "Severa", "prof_med": 7.87, "prof_max": 14.41, "larg_max": 892.3, "rs_ini": 87.21, "rs_fim": 0.07, "area_km2": 7.379 }, "geometry": { "type": "Polygon", "coordinates": [ [ [ -49.334632079219489, -27.695237527496328 ], [ -49.335230756787567, -27.694535178102548 ], [ -49.336693820514078, -27.694531509900411 ], [ -49.338193687595805, -27.694272254347077 ], [ -49.339712371115816, -27.693994465130633 ], [ -49.342328793627239, -27.692256792613723 ], [ -49.348190430744459, -27.690149152194692 ], [ -49.352932272046587, -27.688949863218905 ], [ -49.358425867142913, -27.68818317898133 ], [ -49.362588501473674, -27.684291721616102 ], [ -49.370764873377624, -27.683096514766078 ], [ -49.375842756200527, -27.680558529500285 ], [ -49.378016335577932, -27.675820824670105 ], [ -49.382434054689753, -27.675413270481123 ], [ -49.386475876021194, -27.671778185234299 ], [ -49.391742181652113, -27.671228966587581 ], [ -49.394139783447564, -27.670123599090189 ], [ -49.395179548286833, -27.668421376249167 ], [ -49.396450655254618, -27.666949849676751 ], [ -49.40000535499491, -27.666502636923777 ], [ -49.404002933265119, -27.664135755038071 ], [ -49.407439240045363, -27.663739542790879 ], [ -49.415185830783244, -27.664271055745193 ], [ -49.418920372027479, -27.660023497690627 ], [ -49.42136346076952, -27.658967519723692 ], [ -49.424266649744062, -27.65779705564076 ], [ -49.424652481545898, -27.655534739430234 ], [ -49.426313538675132, -27.65632515086299 ], [ -49.430693993862803, -27.659552579963929 ], [ -49.436781677473292, -27.655513059198764 ], [ -49.439848823163416, -27.648137290992114 ], [ -49.439759939387848, -27.641995415628561 ], [ -49.444854998967521, -27.635125040781176 ], [ -49.449078073900857, -27.628738475768323 ], [ -49.449829268089431, -27.620716351175009 ], [ -49.449419902267543, -27.614351862341625 ], [ -49.452617517118199, -27.608724084586239 ], [ -49.448130260823071, -27.602876381609079 ], [ -49.453107569811046, -27.595946423576169 ], [ -49.45485874226204, -27.588221497626538 ], [ -49.452060581879842, -27.581099925810427 ], [ -49.454106561361883, -27.574829458223537 ], [ -49.462361853827879, -27.574278796753031 ], [ -49.464553590631176, -27.567810259835991 ], [ -49.474005870903227, -27.5661037236383 ], [ -49.471127556490025, -27.558093627643338 ], [ -49.476868300076141, -27.555617319487496 ], [ -49.485626534040698, -27.556802408710251 ], [ -49.488810277457183, -27.549215977240816 ], [ -49.491925565364241, -27.540597819451712 ], [ -49.494634124853896, -27.535939081608323 ], [ -49.5020570485907, -27.530931078493907 ], [ -49.50815462310311, -27.526514487665796 ], [ -49.513175220316839, -27.524601095325615 ], [ -49.521796314281943, -27.523101173269396 ], [ -49.527678602124489, -27.521525270052226 ], [ -49.534300187499845, -27.517120736656601 ], [ -49.541067768150874, -27.511601913207535 ], [ -49.54902219094447, -27.509000973236237 ], [ -49.555796270180984, -27.503981744343118 ], [ -49.558284712587273, -27.503995843568553 ], [ -49.558729240602261, -27.502011605387288 ], [ -49.560922481356585, -27.500382808982927 ], [ -49.566578074926269, -27.505134795031278 ], [ -49.57291395789516, -27.500557779374351 ], [ -49.577336082755309, -27.492895765241268 ], [ -49.582882105007371, -27.486896366227398 ], [ -49.583185653833198, -27.47759838886908 ], [ -49.577908776719255, -27.471915464316723 ], [ -49.578460877794924, -27.464000775297226 ], [ -49.580039436781682, -27.456487830991847 ], [ -49.587320252684989, -27.455572779436856 ], [ -49.580943705472698, -27.450996748055523 ], [ -49.587887668781008, -27.44630086496646 ], [ -49.596152263159524, -27.442358182943224 ], [ -49.601086257036094, -27.43631355132187 ], [ -49.596885599823615, -27.430143844519282 ], [ -49.602304661158911, -27.423119228249199 ], [ -49.605408381207866, -27.415238801645188 ], [ -49.60982311313343, -27.407520355191281 ], [ -49.610379002293001, -27.405505730960751 ], [ -49.609826540410737, -27.402942348232219 ], [ -49.60677771984448, -27.399438650723614 ], [ -49.605366517292524, -27.392459265543692 ], [ -49.612116776331334, -27.385948391613436 ], [ -49.615408434826257, -27.37787642722801 ], [ -49.616248011885013, -27.369238731557143 ], [ -49.614547254153756, -27.361203753496689 ], [ -49.612573374728278, -27.355458681422103 ], [ -49.615237976575038, -27.34904155123554 ], [ -49.617904144724477, -27.345106417298766 ], [ -49.621752218844193, -27.338051973199075 ], [ -49.620605300681987, -27.330666053114708 ], [ -49.625629029134657, -27.323740885217166 ], [ -49.631682690965064, -27.318189335494189 ], [ -49.639573823200884, -27.315431107014721 ], [ -49.635648862710624, -27.308154470557348 ], [ -49.641138374725408, -27.30232337639821 ], [ -49.648440887246274, -27.296459528057031 ], [ -49.650926613709345, -27.287649308218917 ], [ -49.648721894320623, -27.279287605976538 ], [ -49.656225743593794, -27.273036727428565 ], [ -49.657034308175923, -27.264804345497758 ], [ -49.654836755090116, -27.256888291197868 ], [ -49.652128978015476, -27.248765471978174 ], [ -49.647975618126871, -27.244155513767637 ], [ -49.645065339791707, -27.239536909160893 ], [ -49.648152177807347, -27.230661711779543 ], [ -49.647580576012786, -27.221600843158559 ], [ -49.654337504000672, -27.219713006519619 ], [ -49.646425847057806, -27.215860060255146 ], [ -49.645940402573288, -27.221635039107028 ], [ -49.646573033440944, -27.230578540866912 ], [ -49.643925152378749, -27.238802967626672 ], [ -49.647912817766404, -27.245518862667019 ], [ -49.650899392864936, -27.248741353684558 ], [ -49.654030914947093, -27.257029229988479 ], [ -49.655840004196264, -27.264370406691448 ], [ -49.654601448905346, -27.272825675962839 ], [ -49.647953769060315, -27.279027874486498 ], [ -49.650010793672138, -27.287833533039095 ], [ -49.647723754681941, -27.2960026214067 ], [ -49.640710306010689, -27.301823470979205 ], [ -49.634892843022108, -27.308067345149421 ], [ -49.63875635007242, -27.315501376314192 ], [ -49.63161689509441, -27.31766921886339 ], [ -49.624904172721294, -27.323296299742061 ], [ -49.61989468696833, -27.330423567531369 ], [ -49.62043867128736, -27.338500558751001 ], [ -49.617427488619214, -27.344642294147487 ], [ -49.614726337879581, -27.349849889435493 ], [ -49.611533683654756, -27.355100521998029 ], [ -49.613962243478582, -27.361256226009864 ], [ -49.615745661359796, -27.369387191802417 ], [ -49.614353597492425, -27.377936505865343 ], [ -49.611547626312365, -27.385492861604742 ], [ -49.604318264263149, -27.391983802975872 ], [ -49.606261053223385, -27.399866583937825 ], [ -49.609126828744465, -27.403217345173125 ], [ -49.609854988635583, -27.40544496085629 ], [ -49.608916392845188, -27.407149314782828 ], [ -49.604898984156961, -27.414883254283005 ], [ -49.601729104278363, -27.423012400407938 ], [ -49.595722106503459, -27.430008809225502 ], [ -49.599873343581834, -27.436125848384805 ], [ -49.59617981636611, -27.442097045255085 ], [ -49.587471515116697, -27.445727820916456 ], [ -49.579594620091243, -27.45100817801875 ], [ -49.586622412357052, -27.455480217794058 ], [ -49.579866852675615, -27.455453860156929 ], [ -49.576417810365918, -27.463527566338644 ], [ -49.576654865977396, -27.472360179921299 ], [ -49.581837241209556, -27.477668254740642 ], [ -49.580425876896776, -27.485663781535713 ], [ -49.576192374550878, -27.492648321662646 ], [ -49.572218429392727, -27.500165618298961 ], [ -49.567075545038556, -27.504759309094112 ], [ -49.560881152396043, -27.500177139754658 ], [ -49.557944645810807, -27.501651498964375 ], [ -49.55740039751489, -27.503304344811664 ], [ -49.555721140108588, -27.503782306564091 ], [ -49.547933426949157, -27.508777568818637 ], [ -49.540884438314912, -27.51072914760708 ], [ -49.533874612930092, -27.516618622333286 ], [ -49.528214517155455, -27.519060785380987 ], [ -49.520429949266308, -27.52278103581822 ], [ -49.513254577398811, -27.523241977179431 ], [ -49.507928268589083, -27.525701965758106 ], [ -49.501455102181815, -27.530719497549963 ], [ -49.494182137004493, -27.533240786113179 ], [ -49.489635182368886, -27.540453574855686 ], [ -49.487527529513692, -27.548579970571669 ], [ -49.485169768309447, -27.556189977631483 ], [ -49.476123626561957, -27.552643613912444 ], [ -49.469660252646335, -27.558174390910946 ], [ -49.472686701732357, -27.565318830781987 ], [ -49.464044450481538, -27.567376232552483 ], [ -49.461918978968299, -27.573787074360105 ], [ -49.453573419441625, -27.573780000319175 ], [ -49.451009152034722, -27.581014183767131 ], [ -49.453512557923816, -27.588328923971321 ], [ -49.452156689007069, -27.595090567082448 ], [ -49.447095694567004, -27.60237601899993 ], [ -49.452035198493057, -27.608801893897009 ], [ -49.448210818403155, -27.614132742004589 ], [ -49.449129297848955, -27.6208019341727 ], [ -49.44820896243953, -27.627621908431923 ], [ -49.443547848486119, -27.63481698350073 ], [ -49.439248144642022, -27.641293190533244 ], [ -49.439263848415138, -27.648173752573975 ], [ -49.435433972736988, -27.655142281360892 ], [ -49.430933905700989, -27.659073906887791 ], [ -49.426951462972823, -27.655708707094675 ], [ -49.423972147550181, -27.654883033969671 ], [ -49.423489165325776, -27.657322330905366 ], [ -49.421177318454937, -27.658200310418142 ], [ -49.418107745368914, -27.659341148649169 ], [ -49.414804647128676, -27.66367822995819 ], [ -49.407741144154897, -27.662890681730275 ], [ -49.403192409482443, -27.664337885643281 ], [ -49.400233646539817, -27.665743389525005 ], [ -49.395972464501163, -27.666290885612156 ], [ -49.394334666158564, -27.668052335580697 ], [ -49.393653943272277, -27.669740962228353 ], [ -49.391337641050413, -27.67047125357001 ], [ -49.386091060327246, -27.67019014804281 ], [ -49.382173449547103, -27.674607411366971 ], [ -49.377131693904161, -27.67541031379654 ], [ -49.375628254175702, -27.679904645664301 ], [ -49.37003758647851, -27.682273044240905 ], [ -49.362099735789606, -27.683703178936099 ], [ -49.357718087302715, -27.687094363978741 ], [ -49.353302843778685, -27.688415224068727 ], [ -49.347980067996168, -27.689896010239192 ], [ -49.341814967712644, -27.691825618941618 ], [ -49.339418876922927, -27.693479443740959 ], [ -49.338062242414445, -27.693759843464875 ], [ -49.336631505846185, -27.694062424888251 ], [ -49.335136475389618, -27.694071532423482 ], [ -49.334364451052963, -27.694057621411435 ], [ -49.334632079219489, -27.695237527496328 ] ] ] } },
{ "type": "Feature", "properties": { "rio": "Itajai_Mirim", "reach": "R1", "classe": "Severa", "prof_med": 9.26, "prof_max": 14.61, "larg_max": 1473.9, "rs_ini": 146.04, "rs_fim": 0.04, "area_km2": 33.547 }, "geometry": { "type": "MultiPolygon", "coordinates": [ [ [ [ -49.351125072320748, -27.367486484696236 ], [ -49.350772532722239, -27.366435532485017 ], [ -49.349981483024273, -27.365228142809944 ], [ -49.348720443774319, -27.364592368633954 ], [ -49.347517035549302, -27.36524413819399 ], [ -49.34615457232956, -27.364950479861548 ], [ -49.345058059700207, -27.364144388144307 ], [ -49.34426652017234, -27.363079145891007 ], [ -49.343459523507924, -27.361960100059523 ], [ -49.342500649400165, -27.361015766506092 ], [ -49.341490338617803, -27.360167550491546 ], [ -49.340293400077826, -27.359459321059592 ], [ -49.340145096012257, -27.358393242870132 ], [ -49.340537136770962, -27.35727857453492 ], [ -49.341244751506991, -27.356136224119833 ], [ -49.342595878695015, -27.355280404424793 ], [ -49.342307622004263, -27.353937287063101 ], [ -49.340718806188086, -27.353821060838463 ], [ -49.339325642565001, -27.35325226999651 ], [ -49.338202214338075, -27.352318854216431 ], [ -49.337884666122598, -27.350950226478879 ], [ -49.337361272838443, -27.349841443128899 ], [ -49.337598943699192, -27.348549930036782 ], [ -49.33722458934583, -27.34734784149973 ], [ -49.336616903130846, -27.346289683133548 ], [ -49.33566957163432, -27.344918809248934 ], [ -49.33416698947471, -27.34469347894813 ], [ -49.333047392291725, -27.344258036262907 ], [ -49.333231645231905, -27.343278810605973 ], [ -49.33403456665355, -27.342107491644832 ], [ -49.33416273901161, -27.340762021974889 ], [ -49.332801807916169, -27.339865483917226 ], [ -49.331498415427795, -27.339095017687512 ], [ -49.330620609819164, -27.338208130017332 ], [ -49.331450982896932, -27.337920617901322 ], [ -49.331582279906165, -27.336506492363622 ], [ -49.329669127942104, -27.335099825779729 ], [ -49.329821413203909, -27.332832446430487 ], [ -49.32718470884479, -27.332302482689865 ], [ -49.326737849864216, -27.330930765632861 ], [ -49.326619612305628, -27.329782432369186 ], [ -49.325408135728701, -27.329019536368651 ], [ -49.325355230148368, -27.327719675809284 ], [ -49.323502028126839, -27.326691842048177 ], [ -49.323388544472223, -27.328560465972789 ], [ -49.322450340149949, -27.329534101745114 ], [ -49.322775452269376, -27.326715798637647 ], [ -49.324901115105696, -27.32359478796355 ], [ -49.320934004641337, -27.32230022985819 ], [ -49.321096558208744, -27.31918770126369 ], [ -49.320747882873093, -27.317544186646487 ], [ -49.320464133556285, -27.316155964405628 ], [ -49.318846533180817, -27.316380261766515 ], [ -49.318147415019581, -27.315664070519961 ], [ -49.318353758200004, -27.314118281678546 ], [ -49.317095468025165, -27.311407555260853 ], [ -49.315906403370562, -27.313080055943484 ], [ -49.314858424631439, -27.314105382723746 ], [ -49.313985450782454, -27.314263250639897 ], [ -49.314275752232874, -27.313177034222026 ], [ -49.314593153742187, -27.311923161358912 ], [ -49.31528991721715, -27.310754843687516 ], [ -49.316042087008114, -27.309623709433108 ], [ -49.318593433847013, -27.308523871653481 ], [ -49.318248081111307, -27.305777184487223 ], [ -49.316288712318944, -27.302980923097365 ], [ -49.314700788639634, -27.300426739348236 ], [ -49.313960437431554, -27.297801401937008 ], [ -49.314205052265976, -27.296893211176045 ], [ -49.313528391543962, -27.297948316999278 ], [ -49.313950875494562, -27.300677523819498 ], [ -49.31550748138519, -27.30313626317513 ], [ -49.317691879171214, -27.305608745443212 ], [ -49.317919114048991, -27.307982323725874 ], [ -49.315728756344548, -27.30936448379752 ], [ -49.314933352101683, -27.310561577611875 ], [ -49.314193863144375, -27.311776026460738 ], [ -49.313724973072887, -27.313142039870314 ], [ -49.313590277142232, -27.314592575778626 ], [ -49.315027785376166, -27.31438453059895 ], [ -49.316183913858801, -27.313298786288385 ], [ -49.317001671130036, -27.311990088003597 ], [ -49.317632599979, -27.314160815227421 ], [ -49.317455652065632, -27.31602323545205 ], [ -49.318540540772979, -27.31682807257144 ], [ -49.319943812789589, -27.316821462870426 ], [ -49.319909727468698, -27.317696024787875 ], [ -49.319731120621178, -27.3194174349814 ], [ -49.320456318993692, -27.322398825293025 ], [ -49.324389526607931, -27.323728769183305 ], [ -49.322383899770806, -27.326314610548341 ], [ -49.322159959385047, -27.329933231108122 ], [ -49.323837199199161, -27.329118056290429 ], [ -49.323857889171208, -27.327267500240762 ], [ -49.324631226780724, -27.328835448420861 ], [ -49.324748174060339, -27.329331460750755 ], [ -49.325784106801294, -27.329944194125172 ], [ -49.325890071622872, -27.331218581615769 ], [ -49.326845770188825, -27.33284152770532 ], [ -49.329274877923496, -27.333132259754748 ], [ -49.329035172337967, -27.335452720745018 ], [ -49.330915947692588, -27.336684143695518 ], [ -49.330920104383274, -27.337599118299277 ], [ -49.329689595787293, -27.337932293108306 ], [ -49.328602735627406, -27.338631612976304 ], [ -49.329560550989896, -27.338481656647811 ], [ -49.329187050501204, -27.338592492420428 ], [ -49.329832542777787, -27.338439072115925 ], [ -49.330471883387794, -27.338338971194883 ], [ -49.331084304801699, -27.339976236080734 ], [ -49.332461152922534, -27.340232622950126 ], [ -49.332701497787205, -27.341226977456987 ], [ -49.332971827175378, -27.34200133857335 ], [ -49.332543158251738, -27.343196525873012 ], [ -49.332380087830451, -27.344556601652876 ], [ -49.333738571241248, -27.345119822848421 ], [ -49.334724417308422, -27.346074892830231 ], [ -49.335473287210952, -27.346805959668512 ], [ -49.335964720526803, -27.347560949172607 ], [ -49.335961018581614, -27.348739321976488 ], [ -49.33616795362579, -27.35009528484067 ], [ -49.336724270073027, -27.35143582257572 ], [ -49.337505395274064, -27.352762632532286 ], [ -49.338923410467842, -27.353869023501165 ], [ -49.340519228021847, -27.35421125826095 ], [ -49.34169746687023, -27.354401954756622 ], [ -49.341547278412833, -27.35509766793097 ], [ -49.340754439689135, -27.355848938303019 ], [ -49.340010729804476, -27.357045507636354 ], [ -49.339344652971064, -27.358389876425591 ], [ -49.33974037262827, -27.35963658347821 ], [ -49.340257740772827, -27.361226325248413 ], [ -49.341814918156658, -27.361545550370387 ], [ -49.34259449616755, -27.362597001712292 ], [ -49.343154652694409, -27.363899057692137 ], [ -49.344682679642531, -27.364546723328786 ], [ -49.346046270677711, -27.365270104477187 ], [ -49.347457059521403, -27.365813459146693 ], [ -49.348525593275525, -27.365237922554961 ], [ -49.349410920976247, -27.365796897641491 ], [ -49.350063070068899, -27.366770841427972 ], [ -49.350447968935505, -27.367865033955411 ], [ -49.351125072320748, -27.367486484696236 ] ] ], [ [ [ -49.314258608601321, -27.296694368274625 ], [ -49.314440144738121, -27.296020358442895 ], [ -49.312874572746892, -27.29733316561655 ], [ -49.312850224915003, -27.297214346126552 ], [ -49.312386327763498, -27.296207029645625 ], [ -49.313299633306961, -27.295306882198172 ], [ -49.314191639566253, -27.29416968648659 ], [ -49.314350013570497, -27.29288734932134 ], [ -49.313897206666987, -27.291539733011049 ], [ -49.314399833522486, -27.290380688971219 ], [ -49.313120698671206, -27.29000630062049 ], [ -49.312636133087146, -27.289540081207054 ], [ -49.31339580536315, -27.289474288928702 ], [ -49.314745467581837, -27.288840767494399 ], [ -49.31621330764338, -27.288254331139388 ], [ -49.317398420492921, -27.287392233438208 ], [ -49.317365478838354, -27.285792638775568 ], [ -49.316073140720526, -27.284832035135913 ], [ -49.314570483593016, -27.284714263056959 ], [ -49.312549086318818, -27.28354738770922 ], [ -49.31123671674704, -27.283013741667354 ], [ -49.310385604243365, -27.282194453541482 ], [ -49.310958619331942, -27.281171435346359 ], [ -49.311224530108774, -27.280023503601548 ], [ -49.311773689557612, -27.278748531962638 ], [ -49.312448297200355, -27.277450418478704 ], [ -49.31258173348013, -27.275936931758277 ], [ -49.311074122358704, -27.275579722182112 ], [ -49.309969015451372, -27.275093527110837 ], [ -49.309485903362578, -27.274439387578372 ], [ -49.310407943833305, -27.273063755554674 ], [ -49.308130165525846, -27.271818769240671 ], [ -49.305136140324635, -27.271895773448268 ], [ -49.302929217354006, -27.271131133300027 ], [ -49.305238078444532, -27.269415729698331 ], [ -49.304085037500897, -27.268969229850562 ], [ -49.302566079756119, -27.271209955618037 ], [ -49.305116771204943, -27.272355636917055 ], [ -49.308103632416874, -27.272151584601701 ], [ -49.309875228476884, -27.273091047107293 ], [ -49.308860529291955, -27.274565343118908 ], [ -49.309542643088086, -27.275520320792989 ], [ -49.310976775870692, -27.275693967186974 ], [ -49.311844402289587, -27.276215563794011 ], [ -49.311653917492528, -27.277364602267742 ], [ -49.311266150768034, -27.278602473068052 ], [ -49.310732063339302, -27.279838253366719 ], [ -49.310064714696139, -27.281040451011744 ], [ -49.3096090339453, -27.28236578876864 ], [ -49.310793991403131, -27.283426679667727 ], [ -49.312111815946167, -27.284146603230589 ], [ -49.314186392685237, -27.285620103553487 ], [ -49.315380787039196, -27.285737233314872 ], [ -49.316786600215764, -27.28603718140689 ], [ -49.316705572731145, -27.287142506495037 ], [ -49.315869126303149, -27.287920012382624 ], [ -49.314582590084321, -27.288473324941368 ], [ -49.313228035895143, -27.289055264428416 ], [ -49.311556681827291, -27.288896710764533 ], [ -49.312011271861017, -27.289516853054216 ], [ -49.312579043735603, -27.290516675408419 ], [ -49.313948822414261, -27.290717218756317 ], [ -49.313217629559041, -27.291661852254997 ], [ -49.31376957969406, -27.292807787651849 ], [ -49.313630209029938, -27.294015883396625 ], [ -49.312821450436012, -27.295095141958445 ], [ -49.31170535959874, -27.296085475602769 ], [ -49.312282373753639, -27.297279387162483 ], [ -49.312561386508449, -27.298933388334437 ], [ -49.312958531030112, -27.297897455829901 ], [ -49.313038760218141, -27.298134408617372 ], [ -49.312979171721125, -27.297843614969214 ], [ -49.313066784405549, -27.29761507823741 ], [ -49.314258608601321, -27.296694368274625 ] ] ], [ [ [ -49.303598127385726, -27.268780676491438 ], [ -49.30211885860183, -27.268207823442285 ], [ -49.300013072154059, -27.267735885453519 ], [ -49.301725748603857, -27.263709098617511 ], [ -49.30503422402272, -27.259273636814005 ], [ -49.300203398055764, -27.256223429261578 ], [ -49.297485822707564, -27.258107182470827 ], [ -49.294397446021947, -27.258009199435133 ], [ -49.289675137895109, -27.258559850711375 ], [ -49.285592428091455, -27.260150607187114 ], [ -49.283193814545712, -27.256499184991796 ], [ -49.279659203217633, -27.253873450301089 ], [ -49.278784524990662, -27.253090404627816 ], [ -49.276148830628301, -27.251482045169201 ], [ -49.274215715677151, -27.248831011639663 ], [ -49.275323283882521, -27.245297450147184 ], [ -49.269963499331084, -27.244700251473663 ], [ -49.267521927523902, -27.248514921900629 ], [ -49.262948436156769, -27.248036651305824 ], [ -49.258799681896001, -27.247533223839984 ], [ -49.256762126339552, -27.245520909143846 ], [ -49.252172964672589, -27.242678578583259 ], [ -49.251094832939302, -27.2372408973111 ], [ -49.245244300980595, -27.236226597743013 ], [ -49.242498249118142, -27.23474970527753 ], [ -49.239134551857632, -27.235889434814275 ], [ -49.235842608373787, -27.233028385102422 ], [ -49.23487506081274, -27.231487754310894 ], [ -49.228211919557573, -27.23185268833339 ], [ -49.220333433229719, -27.23046068314197 ], [ -49.218248475361683, -27.227178701912219 ], [ -49.214215090776491, -27.22880438095417 ], [ -49.213370744767651, -27.224872859033596 ], [ -49.209998433520063, -27.221516136177591 ], [ -49.209999815466936, -27.215077679526626 ], [ -49.204717996589935, -27.211484674723636 ], [ -49.202291089259589, -27.214063634362333 ], [ -49.200505132484224, -27.208641509621959 ], [ -49.194791684024864, -27.207958761507715 ], [ -49.191285658924002, -27.203438262075181 ], [ -49.188201045117438, -27.20218884080581 ], [ -49.184955905791035, -27.199569484646478 ], [ -49.1803884906899, -27.205411234576374 ], [ -49.180909098487597, -27.205627911699242 ], [ -49.185202252024368, -27.200148939229717 ], [ -49.187640998018693, -27.202035216364791 ], [ -49.191209466847617, -27.203862404367538 ], [ -49.194368202556511, -27.209138690772335 ], [ -49.199908207904208, -27.208957581246647 ], [ -49.201891726110432, -27.214739624102751 ], [ -49.20435883369403, -27.212960720823229 ], [ -49.209404170579973, -27.215289656134836 ], [ -49.209162587741126, -27.221831513749866 ], [ -49.212731112841588, -27.224890764394502 ], [ -49.213860374353956, -27.229499714957715 ], [ -49.217857595525452, -27.22785917664017 ], [ -49.220119312529953, -27.230999798355199 ], [ -49.228349935824767, -27.232213669189559 ], [ -49.234415784696758, -27.231613297543145 ], [ -49.236025174698554, -27.23377286105309 ], [ -49.238958650175896, -27.236389936420828 ], [ -49.242492368569721, -27.23508331521932 ], [ -49.245001424241259, -27.236596557969545 ], [ -49.250898472146972, -27.237683815232344 ], [ -49.251815246808405, -27.242773946750372 ], [ -49.256344881669648, -27.245888483994538 ], [ -49.258835356783784, -27.247913012145482 ], [ -49.262877385512333, -27.248604573940341 ], [ -49.267282259967054, -27.249045109118537 ], [ -49.270132519613092, -27.244998050585078 ], [ -49.275181208551658, -27.245685684593866 ], [ -49.273824693676247, -27.248800590570287 ], [ -49.276051269782918, -27.252239568167678 ], [ -49.278304429281512, -27.253111475201383 ], [ -49.279558267747937, -27.254342275142026 ], [ -49.282844540248227, -27.256718498822416 ], [ -49.28535263624574, -27.2604067030002 ], [ -49.289828921082268, -27.258966200572651 ], [ -49.294459339079246, -27.258530540792727 ], [ -49.297870830486289, -27.258996149390804 ], [ -49.300392455850044, -27.256539489389485 ], [ -49.304296235360653, -27.259369858310659 ], [ -49.3013022397067, -27.263507173844996 ], [ -49.299319012898039, -27.267773848500003 ], [ -49.302204366503638, -27.268607341713189 ], [ -49.303598127385726, -27.268780676491438 ] ] ], [ [ [ -49.180142851723339, -27.20530899861981 ], [ -49.176519620039876, -27.202801318055496 ], [ -49.169801813294278, -27.204879689641707 ], [ -49.161314355951184, -27.207370627597093 ], [ -49.155468079768241, -27.205404198122736 ], [ -49.151539803717775, -27.201680812778037 ], [ -49.143990838219835, -27.200140076214158 ], [ -49.139338642936345, -27.199989376931132 ], [ -49.133498024067308, -27.196589258801048 ], [ -49.133014825905292, -27.192155530246303 ], [ -49.128821319767049, -27.18762672824084 ], [ -49.12369403114571, -27.184626756432984 ], [ -49.118535106214296, -27.186033646247008 ], [ -49.11342437702546, -27.185271388186951 ], [ -49.109061476794409, -27.18275125758683 ], [ -49.107374919433326, -27.187608281832819 ], [ -49.103314414092416, -27.188800367253656 ], [ -49.100055966057823, -27.191066205983407 ], [ -49.104060675132708, -27.189472058402423 ], [ -49.107955675296161, -27.187296727326597 ], [ -49.109347138449834, -27.183367881247829 ], [ -49.112749277298917, -27.185572334199286 ], [ -49.117984716481793, -27.186409446024534 ], [ -49.12374243858482, -27.185293889119869 ], [ -49.127392297522299, -27.187454165813961 ], [ -49.132161676608099, -27.192176950645518 ], [ -49.132813255720791, -27.197191527385495 ], [ -49.13933685461555, -27.201131884508598 ], [ -49.143486063945446, -27.20063093563105 ], [ -49.151523336300258, -27.202205206325221 ], [ -49.15551371686923, -27.206165233708443 ], [ -49.161348748462572, -27.207989134215889 ], [ -49.169914591222764, -27.205296611488581 ], [ -49.176393862298617, -27.203748578535567 ], [ -49.180142851723339, -27.20530899861981 ] ] ], [ [ [ -49.099902113414814, -27.191127446572121 ], [ -49.098484265355339, -27.184071995118344 ], [ -49.093974163979013, -27.187382261645205 ], [ -49.089508567758607, -27.192320563895311 ], [ -49.086094478256257, -27.198065210071356 ], [ -49.082713749820257, -27.194280875137014 ], [ -49.07585459952881, -27.196613901239655 ], [ -49.076413502717429, -27.197377151630057 ], [ -49.082428724230233, -27.195886870851776 ], [ -49.086602331087846, -27.198539470946027 ], [ -49.092181503419404, -27.192320655538179 ], [ -49.094988860454571, -27.186946998670013 ], [ -49.097967429477841, -27.184663934418037 ], [ -49.098462206231375, -27.191700585647446 ], [ -49.099902113414814, -27.191127446572121 ] ] ], [ [ [ -49.075467363726645, -27.196085076512048 ], [ -49.074390556778994, -27.192601917791936 ], [ -49.068413728964316, -27.189853357634128 ], [ -49.06263991788714, -27.191207136295422 ], [ -49.056975056896, -27.187559612698834 ], [ -49.052267499524426, -27.187299153713084 ], [ -49.04986951013656, -27.187566883498224 ], [ -49.051866023570689, -27.187800034564987 ], [ -49.056276413416391, -27.187866428571365 ], [ -49.061263533363423, -27.191931582446813 ], [ -49.068217612858675, -27.190694378077694 ], [ -49.073080841987476, -27.192825819135507 ], [ -49.075467363726645, -27.196085076512048 ] ] ], [ [ [ -49.048822268571229, -27.187683792138824 ], [ -49.048387412181484, -27.187732334870965 ], [ -49.045959277079874, -27.192190296063551 ], [ -49.044603794940542, -27.196793502799387 ], [ -49.037358486159441, -27.197781272733877 ], [ -49.033366876323711, -27.198951831336835 ], [ -49.026445554485171, -27.20006785146623 ], [ -49.030409632864071, -27.194092317036056 ], [ -49.028330803590393, -27.186615614060948 ], [ -49.026434295821673, -27.180222649727217 ], [ -49.023972610116708, -27.173476895002359 ], [ -49.015003049075119, -27.174829433803062 ], [ -49.009656479575931, -27.171956211692141 ], [ -49.014365325135003, -27.169222871462416 ], [ -49.0188497476286, -27.162403090489267 ], [ -49.021212444249919, -27.159205782737882 ], [ -49.023458262755298, -27.155180326827388 ], [ -49.022753582541931, -27.155193322201125 ], [ -49.020555987397728, -27.1596948108395 ], [ -49.018470834315956, -27.162068321752368 ], [ -49.014166541974717, -27.168701429969605 ], [ -49.00868548175886, -27.172350694844202 ], [ -49.014605739257604, -27.175660898161556 ], [ -49.023361432651498, -27.174749584041454 ], [ -49.025487098094743, -27.180365732004933 ], [ -49.027841975596338, -27.18712031401979 ], [ -49.029726465765144, -27.194191950588451 ], [ -49.025715917363243, -27.200175283207141 ], [ -49.032991916961699, -27.19974064608591 ], [ -49.038091247864458, -27.197909753783858 ], [ -49.044572975798488, -27.197317714619068 ], [ -49.046203859359608, -27.192666706149936 ], [ -49.048822268571229, -27.187683792138824 ] ] ], [ [ [ -49.022121809992463, -27.155204970029423 ], [ -49.01863115781866, -27.155269274862746 ], [ -49.015021901448044, -27.150386892905669 ], [ -49.020126727413533, -27.147340160926671 ], [ -49.019345752696758, -27.1466141669443 ], [ -49.014017735167897, -27.150277400247283 ], [ -49.018548331554967, -27.155835584399014 ], [ -49.022121809992463, -27.155204970029423 ] ] ], [ [ [ -49.018924569262524, -27.146222629387278 ], [ -49.016691433970848, -27.144146613631118 ], [ -49.008677755666781, -27.142029145648763 ], [ -49.001666410335005, -27.144645019504249 ], [ -48.994260681452666, -27.145205101238655 ], [ -48.988277218786124, -27.142810787960315 ], [ -48.981047400477657, -27.140930604644872 ], [ -48.977316669650833, -27.14537706403685 ], [ -48.973187821675999, -27.143818395628546 ], [ -48.970344303496617, -27.140609883999723 ], [ -48.967395111954197, -27.134980519413403 ], [ -48.962763027880534, -27.127922336442328 ], [ -48.955570883404214, -27.130110596555966 ], [ -48.952584874135972, -27.13703310411163 ], [ -48.953632313960725, -27.137781998891079 ], [ -48.956227711813249, -27.131772085989272 ], [ -48.962209038572063, -27.128792745536501 ], [ -48.965998816672915, -27.135574736039562 ], [ -48.9692620493676, -27.141383666248142 ], [ -48.97454657636586, -27.144850060159911 ], [ -48.977967571357809, -27.146262742326435 ], [ -48.98240970629714, -27.141457058256645 ], [ -48.987305862810622, -27.143206445622539 ], [ -48.994282937368098, -27.145873574118323 ], [ -49.002492709785678, -27.14517121630578 ], [ -49.009322354677245, -27.143232993623801 ], [ -49.016800763555324, -27.145222276109351 ], [ -49.018924569262524, -27.146222629387278 ] ] ], [ [ [ -48.95180174378531, -27.13647317310479 ], [ -48.947821932006626, -27.132299403123824 ], [ -48.942051224893419, -27.128788121940786 ], [ -48.93837655894346, -27.122845336941641 ], [ -48.937254462114517, -27.116279491536794 ], [ -48.939591297703409, -27.115254411022288 ], [ -48.943974312768752, -27.109856105117739 ], [ -48.936063536042205, -27.104312523747343 ], [ -48.932023181425841, -27.097047519091646 ], [ -48.925411236932938, -27.100729462434945 ], [ -48.917558326168098, -27.100611874636005 ], [ -48.909211112066728, -27.096803337562747 ], [ -48.908389906275012, -27.090639077315519 ], [ -48.909156041016068, -27.083894011556826 ], [ -48.906987390562882, -27.0794076247115 ], [ -48.899987768926508, -27.077491728087331 ], [ -48.892247936716899, -27.072024651229714 ], [ -48.887426602318875, -27.064640279670289 ], [ -48.883472598307605, -27.056859628036396 ], [ -48.883258903478271, -27.049730622087576 ], [ -48.87795631292488, -27.043608722308004 ], [ -48.871348220222323, -27.040130598116708 ], [ -48.866847403715362, -27.034804196581227 ], [ -48.857633366536753, -27.032697913816691 ], [ -48.853167195359177, -27.024776252495663 ], [ -48.849245222391396, -27.017668565685668 ], [ -48.840959851669972, -27.017237142506435 ], [ -48.833376361047627, -27.013155996414522 ], [ -48.832026595316947, -27.005249969212727 ], [ -48.825495664717543, -26.999028093355861 ], [ -48.8268176827848, -26.987579466255141 ], [ -48.818143470863191, -26.981398042057545 ], [ -48.811119289827801, -26.976098289179848 ], [ -48.808504397362192, -26.969217734829247 ], [ -48.800077090207886, -26.959598347310948 ], [ -48.792861407693813, -26.956947388114461 ], [ -48.782349654978816, -26.95150411577136 ], [ -48.778968657154536, -26.948143416428444 ], [ -48.771288805020518, -26.942966207348842 ], [ -48.76691748165247, -26.938407904488596 ], [ -48.760589843368777, -26.927389481344409 ], [ -48.750619104205825, -26.923142253616028 ], [ -48.742715909345257, -26.91826112642056 ], [ -48.73434428597929, -26.913199856409278 ], [ -48.725991348188082, -26.908165957063993 ], [ -48.717635379292467, -26.903129573146785 ], [ -48.70927471938321, -26.898101128615867 ], [ -48.700917913797184, -26.89307409379871 ], [ -48.693314285937781, -26.888674895927473 ], [ -48.689117693351243, -26.884317015198807 ], [ -48.67533504938482, -26.889228252108847 ], [ -48.683531951702463, -26.898671166415507 ], [ -48.692653189800204, -26.904117208784445 ], [ -48.701010365521363, -26.909144754422638 ], [ -48.709365211951194, -26.914169988062135 ], [ -48.717714221812109, -26.919202468706022 ], [ -48.72606752888813, -26.924236879094483 ], [ -48.734386110987998, -26.92926632950515 ], [ -48.743076975537377, -26.934594999005682 ], [ -48.751215502273915, -26.937698189711931 ], [ -48.752718331042246, -26.942270241800692 ], [ -48.760410596034298, -26.951799767790202 ], [ -48.767983188209271, -26.957085119392278 ], [ -48.783020762779771, -26.960318202128541 ], [ -48.78402861000594, -26.962859953812536 ], [ -48.793210396412022, -26.971120350953189 ], [ -48.796974006490807, -26.973688336781944 ], [ -48.803872784726934, -26.98263724648228 ], [ -48.810999728727062, -26.989166922459319 ], [ -48.815034060957579, -26.995431129448519 ], [ -48.819746901879199, -27.002238307152592 ], [ -48.831229407902491, -27.006144780725677 ], [ -48.831610924467562, -27.013942551500811 ], [ -48.840720678190472, -27.018458962049888 ], [ -48.848007534266173, -27.018323034073699 ], [ -48.851222326269088, -27.026251675384156 ], [ -48.856795099671842, -27.033742343284249 ], [ -48.865995859371139, -27.035522173351193 ], [ -48.870260780311206, -27.040818612148506 ], [ -48.87772295809593, -27.04473321561489 ], [ -48.882203248545139, -27.04927880544167 ], [ -48.882758369950288, -27.057048450170981 ], [ -48.886325949786489, -27.065119970803575 ], [ -48.891762700990832, -27.072532754172222 ], [ -48.899528587155331, -27.078297880766335 ], [ -48.906289510059196, -27.080478605658893 ], [ -48.908026956340137, -27.084174103058356 ], [ -48.907927430152029, -27.089942977336005 ], [ -48.908618663583191, -27.097352174209821 ], [ -48.917331475296429, -27.101095932538268 ], [ -48.926170378285157, -27.10125239539342 ], [ -48.93093562385053, -27.099008302115092 ], [ -48.935148469061545, -27.104801534397591 ], [ -48.94159539325215, -27.111038485892511 ], [ -48.940204761491479, -27.114066385213174 ], [ -48.936004221952309, -27.116048237782348 ], [ -48.936729666391422, -27.123245269574987 ], [ -48.941562883478156, -27.130299531252767 ], [ -48.946506937818235, -27.132687182498671 ], [ -48.95180174378531, -27.13647317310479 ] ] ] ] } },
{ "type": "Feature", "properties": { "rio": "Rio_Benedito", "reach": "R1", "classe": "Severa", "prof_med": 6.69, "prof_max": 11.06, "larg_max": 797.0, "rs_ini": 51.22, "rs_fim": 0.07, "area_km2": 4.672 }, "geometry": { "type": "MultiPolygon", "coordinates": [ [ [ [ -49.486259761088945, -26.712494880270889 ], [ -49.482371831518876, -26.719757389676371 ], [ -49.479916091039385, -26.728091477368913 ], [ -49.472381164667681, -26.733117980762739 ], [ -49.469231078499348, -26.741587919816887 ], [ -49.462501540486564, -26.747172919414311 ], [ -49.45888775787482, -26.75478385040816 ], [ -49.45790411429229, -26.755688653531593 ], [ -49.456792449064629, -26.756381526851161 ], [ -49.455579125143707, -26.757051778837713 ], [ -49.454172575066345, -26.75708670022582 ], [ -49.452781306355263, -26.756875798790347 ], [ -49.451437573842774, -26.756978880103535 ], [ -49.450004574836051, -26.757279546739266 ], [ -49.448746474932285, -26.758036672412288 ], [ -49.446933084623026, -26.757856255588823 ], [ -49.445553811538602, -26.758100065139995 ], [ -49.444631953383087, -26.759316655722667 ], [ -49.443485374810408, -26.760073337694134 ], [ -49.441758742933452, -26.760077856926376 ], [ -49.44059918023909, -26.761660402146301 ], [ -49.437973912407799, -26.764099548796555 ], [ -49.437349804641457, -26.766332811586913 ], [ -49.434665942933293, -26.767368961742161 ], [ -49.433819635863237, -26.76929517712809 ], [ -49.433758231151636, -26.770625633138568 ], [ -49.433030872351026, -26.771715378380023 ], [ -49.432614971967453, -26.772821951391066 ], [ -49.432119941840831, -26.773908352613478 ], [ -49.430721585496158, -26.774051714321228 ], [ -49.429258845484505, -26.77386836339911 ], [ -49.427528939035518, -26.774137002548201 ], [ -49.417262767456123, -26.776343815422354 ], [ -49.43014709916595, -26.782522936902762 ], [ -49.427998313271935, -26.78456826585748 ], [ -49.430504907655916, -26.783622266147145 ], [ -49.4281635489941, -26.784466601075049 ], [ -49.430189674837102, -26.782543352523902 ], [ -49.43158756314844, -26.783213648272518 ], [ -49.43225063212666, -26.782963385886958 ], [ -49.432159036418525, -26.782552572749552 ], [ -49.432155579580112, -26.782655376551649 ], [ -49.43076711113104, -26.781995217914019 ], [ -49.431813336870732, -26.781002062140626 ], [ -49.431801342474515, -26.780948264921371 ], [ -49.430723350649885, -26.781974411297462 ], [ -49.418712589238325, -26.776262920254897 ], [ -49.427551812554306, -26.774983136710205 ], [ -49.429333283490337, -26.774854471375356 ], [ -49.430912163123864, -26.774687659471642 ], [ -49.432461637811571, -26.774408506551715 ], [ -49.433351107534143, -26.773367914637479 ], [ -49.434164323288464, -26.772082526572337 ], [ -49.434995034822855, -26.770824910993181 ], [ -49.434693703907996, -26.769505084457631 ], [ -49.435524845464222, -26.768128972504922 ], [ -49.437770142953781, -26.76665502127684 ], [ -49.438581239708398, -26.764569330761866 ], [ -49.441706103054031, -26.762189117471316 ], [ -49.442287220696016, -26.760791725487792 ], [ -49.443719806320765, -26.760716764342575 ], [ -49.445310197622263, -26.760624445619385 ], [ -49.446222272419476, -26.759359408994715 ], [ -49.447524318423142, -26.75879682951954 ], [ -49.448993083303215, -26.758530834541329 ], [ -49.450238471893719, -26.758018801992083 ], [ -49.451508623436432, -26.757608308303134 ], [ -49.452714922317334, -26.758044808763064 ], [ -49.454200957862064, -26.757716851804137 ], [ -49.455841319055985, -26.757782300946864 ], [ -49.45735840555929, -26.75733751601425 ], [ -49.458738605777924, -26.756531859501425 ], [ -49.460078031452419, -26.755689758539852 ], [ -49.463704205084717, -26.747258759642662 ], [ -49.470388161186747, -26.742132920271441 ], [ -49.473302279021077, -26.733745091504058 ], [ -49.481060116568159, -26.728557908683474 ], [ -49.483561437600521, -26.720119351219374 ], [ -49.486712165998696, -26.713498383429179 ], [ -49.486259761088945, -26.712494880270889 ] ] ], [ [ [ -49.431609197349729, -26.783224021833327 ], [ -49.432392485693377, -26.783599603759377 ], [ -49.432256680269226, -26.78299051213418 ], [ -49.431609197349729, -26.783224021833327 ] ] ], [ [ [ -49.432463548578504, -26.78391832071085 ], [ -49.431930016450337, -26.784869649917631 ], [ -49.431913090317138, -26.78596188786728 ], [ -49.431081989698825, -26.786791566370766 ], [ -49.429862940051066, -26.786821368872239 ], [ -49.42868574719828, -26.786059788891432 ], [ -49.427194605364676, -26.785625105113837 ], [ -49.425712420712216, -26.785347800466862 ], [ -49.424505810500122, -26.785926754383322 ], [ -49.423266258800695, -26.785461106041978 ], [ -49.422582703401055, -26.78440476120922 ], [ -49.421194326267873, -26.783784398611772 ], [ -49.41962343549617, -26.783671262360411 ], [ -49.418142448226021, -26.783791510646367 ], [ -49.416695420003201, -26.783815314696877 ], [ -49.416054800572233, -26.782863473251798 ], [ -49.416229517966791, -26.781552873520234 ], [ -49.416202861881125, -26.78020967701827 ], [ -49.416520031418358, -26.778312123005374 ], [ -49.414609120523551, -26.777838674460192 ], [ -49.413235651951076, -26.777215294297573 ], [ -49.411787654361561, -26.777480032678326 ], [ -49.410853046398572, -26.77696775972607 ], [ -49.409854202709724, -26.775987522400793 ], [ -49.407505750177144, -26.776100271196572 ], [ -49.404197453089182, -26.778664151808783 ], [ -49.403676490513753, -26.779648732531264 ], [ -49.402365915482093, -26.780193461343863 ], [ -49.40106805237572, -26.780910051511686 ], [ -49.399904441882832, -26.781801175389383 ], [ -49.396076012386516, -26.779413087796591 ], [ -49.396769089483065, -26.780783257371759 ], [ -49.395935004808742, -26.77979721144786 ], [ -49.394374588757138, -26.779608413396481 ], [ -49.392811058472731, -26.779558574645975 ], [ -49.391352505497082, -26.779655916287645 ], [ -49.390058544652533, -26.779205399894703 ], [ -49.38887669280863, -26.778548002204712 ], [ -49.387627347694831, -26.777513628868203 ], [ -49.385839588572395, -26.777808944591872 ], [ -49.38458621395398, -26.778562999380039 ], [ -49.383759567428093, -26.779388783428168 ], [ -49.382378491927874, -26.779554002951215 ], [ -49.380813664698643, -26.779352877811846 ], [ -49.375815264289777, -26.776032084667353 ], [ -49.374445856115237, -26.777188409999575 ], [ -49.374632859695033, -26.777079530073184 ], [ -49.376533426010319, -26.782680407617516 ], [ -49.375290670571836, -26.783411840985263 ], [ -49.374006768378905, -26.783227888001694 ], [ -49.372934262707183, -26.782905790710604 ], [ -49.372431056574626, -26.782076244114879 ], [ -49.372350404199295, -26.780908759722521 ], [ -49.372607559832858, -26.779585014975808 ], [ -49.372843161282333, -26.778228230193978 ], [ -49.372303777211123, -26.776800613986484 ], [ -49.371590136916168, -26.775332091640013 ], [ -49.369860576376979, -26.775624189020249 ], [ -49.368105528145662, -26.775406023075334 ], [ -49.366530972204032, -26.775787765428955 ], [ -49.366538788770569, -26.777609136924649 ], [ -49.365745457565609, -26.781115956144827 ], [ -49.364133777290704, -26.788481723138659 ], [ -49.361423237614154, -26.795765784463086 ], [ -49.35849971287999, -26.803385513701048 ], [ -49.354769088347147, -26.807335322966967 ], [ -49.353662542388562, -26.808145761767303 ], [ -49.352851351793987, -26.80926240532316 ], [ -49.352187407095521, -26.810484404826976 ], [ -49.350961302781087, -26.811277584274087 ], [ -49.350006811998313, -26.812298610324724 ], [ -49.349150166815321, -26.81332187285118 ], [ -49.348361302638253, -26.814442384727887 ], [ -49.347438508833605, -26.815473492796396 ], [ -49.346632046883549, -26.816588168090494 ], [ -49.346219236412892, -26.817871285768351 ], [ -49.345325913918835, -26.818955019272821 ], [ -49.344527968426114, -26.820030187466983 ], [ -49.343696451843819, -26.821120570715095 ], [ -49.342683173201479, -26.822012772988394 ], [ -49.341544112434903, -26.822094198096078 ], [ -49.340134607259273, -26.82177608477074 ], [ -49.33866819015492, -26.821278216808288 ], [ -49.336142921395286, -26.821828539350793 ], [ -49.335279671602073, -26.827317469776762 ], [ -49.331749696633231, -26.83139071047616 ], [ -49.326295822392488, -26.831655146594215 ], [ -49.320618722084525, -26.826297423118614 ], [ -49.319767490742855, -26.826734440587622 ], [ -49.325700735513458, -26.832491904603692 ], [ -49.331978413340735, -26.832035795789196 ], [ -49.335983401194227, -26.827289325224033 ], [ -49.336575517513374, -26.822268118140716 ], [ -49.338635118712737, -26.821819131991376 ], [ -49.339993127923208, -26.822348587908106 ], [ -49.341517344539398, -26.822861647825164 ], [ -49.342921994281141, -26.822510325793875 ], [ -49.344077198324676, -26.821480884172711 ], [ -49.34511848819777, -26.820450949823154 ], [ -49.345975520414953, -26.819298067549958 ], [ -49.346748789651421, -26.818130198602049 ], [ -49.347404726332144, -26.817013600569645 ], [ -49.348164866917429, -26.815878266685051 ], [ -49.349232307190405, -26.814977674382497 ], [ -49.349816712382754, -26.813803978989995 ], [ -49.350673047079617, -26.812779905164643 ], [ -49.351746639284002, -26.811909819284388 ], [ -49.352765120458017, -26.810847027705769 ], [ -49.353216058259846, -26.809502520155082 ], [ -49.354043344764364, -26.808364831142065 ], [ -49.355647279636891, -26.807675634516244 ], [ -49.359057450845896, -26.803771426694659 ], [ -49.362070277713954, -26.795847717787868 ], [ -49.364565076424086, -26.788792111695631 ], [ -49.366343561139161, -26.78135019258627 ], [ -49.367230490191019, -26.777683078427952 ], [ -49.367154317480185, -26.77637683324501 ], [ -49.368345797191211, -26.776327217355711 ], [ -49.369735422108249, -26.77642762773548 ], [ -49.371000902343965, -26.776327472517146 ], [ -49.371721969698456, -26.777123111479781 ], [ -49.371949783991752, -26.778273483647816 ], [ -49.371940266531801, -26.779558650991135 ], [ -49.371542055068048, -26.780852809121768 ], [ -49.371668461865873, -26.782303749579643 ], [ -49.372326375617817, -26.783505693057521 ], [ -49.37387646805589, -26.783984486284801 ], [ -49.375650720246455, -26.785147037440179 ], [ -49.377022962465034, -26.783670803893546 ], [ -49.374856725873464, -26.777430749535366 ], [ -49.375104287271277, -26.777805201933667 ], [ -49.376009959871595, -26.776237623897423 ], [ -49.381100696579168, -26.779929295230389 ], [ -49.382546801698872, -26.780073973513051 ], [ -49.384051780338311, -26.780060677272314 ], [ -49.385017385998886, -26.779328881002492 ], [ -49.38607209676934, -26.778547509889858 ], [ -49.387313962912806, -26.778558002339231 ], [ -49.388552645611782, -26.77915858959414 ], [ -49.389746150706031, -26.780014398131602 ], [ -49.391284314009937, -26.780102957637187 ], [ -49.392815475771137, -26.780055081517883 ], [ -49.394243929797682, -26.780137311637215 ], [ -49.395603688106391, -26.780250044503514 ], [ -49.396293156132948, -26.781249569713715 ], [ -49.39660062937498, -26.782513106532711 ], [ -49.396717773258928, -26.78388441955218 ], [ -49.398368444698072, -26.784407713422972 ], [ -49.39817845193474, -26.783709441303074 ], [ -49.397243869791104, -26.783399325622174 ], [ -49.397183361771766, -26.782306795409756 ], [ -49.396956829475059, -26.781154401539748 ], [ -49.398095983952018, -26.783406347847144 ], [ -49.397433527822145, -26.780971577496047 ], [ -49.400611442817706, -26.782444099328981 ], [ -49.401699606944284, -26.781612587922424 ], [ -49.402866544562485, -26.780814440251877 ], [ -49.404179829674199, -26.780023056148501 ], [ -49.405190534163282, -26.778801091564432 ], [ -49.407551009936505, -26.776730609963586 ], [ -49.409113789749043, -26.777168253476667 ], [ -49.410195162802339, -26.777872008620175 ], [ -49.411585416731185, -26.778409769246043 ], [ -49.413005631410599, -26.778278570112892 ], [ -49.414193664055659, -26.778350183180002 ], [ -49.414567209259239, -26.779327009945984 ], [ -49.414984173773675, -26.780484876796187 ], [ -49.415693724700454, -26.781675050978368 ], [ -49.415506126325702, -26.783090148703995 ], [ -49.416348976479142, -26.784259828981195 ], [ -49.418033458891017, -26.784461365689772 ], [ -49.41958408536744, -26.784210863468285 ], [ -49.421018995370666, -26.784254950574802 ], [ -49.422202482339912, -26.784937154824881 ], [ -49.422955207453327, -26.786027414500971 ], [ -49.424364411777006, -26.786499287456618 ], [ -49.42565692466777, -26.786114671267672 ], [ -49.427083304924473, -26.786143785530033 ], [ -49.428274088802411, -26.786883031133126 ], [ -49.42978684551106, -26.787404444776449 ], [ -49.431206667858568, -26.787412585571737 ], [ -49.432404326866198, -26.786412837833129 ], [ -49.433542758140554, -26.785596247003067 ], [ -49.434343974239745, -26.784920950233378 ], [ -49.434202492953567, -26.783569421836763 ], [ -49.435501836945747, -26.783323559178552 ], [ -49.43526232995459, -26.781906495584476 ], [ -49.434376993106063, -26.782225809795246 ], [ -49.434746308387986, -26.783079586499188 ], [ -49.433081054259155, -26.783001803883035 ], [ -49.432594197402381, -26.783696322196928 ], [ -49.433035770363553, -26.783908049791179 ], [ -49.432626781690814, -26.784650414936127 ], [ -49.432463548578504, -26.78391832071085 ] ] ], [ [ [ -49.318970081194735, -26.827143818345697 ], [ -49.315412115398509, -26.828970329970552 ], [ -49.306834708375298, -26.826583205983141 ], [ -49.299348223324515, -26.827243265877062 ], [ -49.290636152261364, -26.825637275072001 ], [ -49.283860672585156, -26.821348639683837 ], [ -49.283804272729874, -26.822537336408082 ], [ -49.29050848220389, -26.826258781840135 ], [ -49.298730007728025, -26.827897039349587 ], [ -49.306992303926634, -26.827611392426387 ], [ -49.315529912092657, -26.829910755637073 ], [ -49.318970081194735, -26.827143818345697 ] ] ], [ [ [ -49.283772131362177, -26.823214737355631 ], [ -49.283674678411664, -26.825268543352454 ], [ -49.279521648532821, -26.826579445714863 ], [ -49.272687877825426, -26.82864979817003 ], [ -49.267682381173053, -26.832960927515174 ], [ -49.270282812368542, -26.838731313484477 ], [ -49.27249235510066, -26.847171866515051 ], [ -49.266471816912855, -26.849989124459778 ], [ -49.262598735637241, -26.856996261350936 ], [ -49.25579209606164, -26.859240115510751 ], [ -49.253919188300941, -26.86763299088063 ], [ -49.249593452066243, -26.872603391758595 ], [ -49.24125203133169, -26.876320623546196 ], [ -49.238436885961107, -26.88540503648111 ], [ -49.234847957352635, -26.890282545777872 ], [ -49.240270696082312, -26.895582956309021 ], [ -49.240853255879706, -26.886040674506553 ], [ -49.242077080003462, -26.877505335378341 ], [ -49.249745709319299, -26.873721909662532 ], [ -49.254942017877966, -26.867868410271701 ], [ -49.258552056927414, -26.859910835144042 ], [ -49.26273305087755, -26.858209183090889 ], [ -49.26817252818185, -26.852058875919642 ], [ -49.274483569996548, -26.846427384733534 ], [ -49.271440336373573, -26.838700428877441 ], [ -49.268268339737702, -26.833220774387918 ], [ -49.273403573432205, -26.829345462654608 ], [ -49.279781080161619, -26.827545332855422 ], [ -49.284525828352244, -26.824782029005444 ], [ -49.283772131362177, -26.823214737355631 ] ] ], [ [ [ -49.432224288928261, -26.780611948578315 ], [ -49.433094329796454, -26.779786012373677 ], [ -49.432290602268132, -26.778639652301724 ], [ -49.432248031397855, -26.779905812509845 ], [ -49.432817558838465, -26.779980897570539 ], [ -49.432226591742875, -26.78054346016966 ], [ -49.432224288928261, -26.780611948578315 ] ] ] ] } }
]
}
