{
  "type": "FeatureCollection",
  "features": [
    {
      "type": "Feature",
      "geometry": {
        "type": "Polygon",
        "coordinates": [
          [
            [
              -49.66250050254065,
              -27.190012201544178
            ],
            [
              -49.65011995016805,
              -27.200818901944107
            ],
            [
              -49.62967446317728,
              -27.18946458721005
            ],
            [
              -49.608620427334266,
              -27.191361717845062
            ],
            [
              -49.590220378433905,
              -27.179011740415437
            ],
            [
              -49.579262,
              -27.186863
            ],
            [
              -49.570904,
              -27.171022
            ],
            [
              -49.549317,
              -27.174801
            ],
            [
              -49.552335,
              -27.156344
            ],
            [
              -49.543674,
              -27.155337
            ],
            [
              -49.535034,
              -27.143606
            ],
            [
              -49.529845,
              -27.136552
            ],
            [
              -49.517774,
              -27.129609
            ],
            [
              -49.528973002306394,
              -27.082891000406647
            ],
            [
              -49.52507587011204,
              -27.123209194204023
            ],
            [
              -49.52862206715312,
              -27.05954322957011
            ],
            [
              -49.50713701333716,
              -27.053319173552566
            ],
            [
              -49.465999175511115,
              -27.058104156756198
            ],
            [
              -49.48087975530025,
              -27.067632890390623
            ],
            [
              -49.4769505164352,
              -27.06613352749819
            ],
            [
              -49.465258120987116,
              -27.05880030067778
            ],
            [
              -49.45127298934146,
              -27.048682515764888
            ],
            [
              -49.425697759022405,
              -27.038037421574046
            ],
            [
              -49.42997166515547,
              -27.04654257503975
            ],
            [
              -49.42562117672161,
              -27.04780828273018
            ],
            [
              -49.40772633476029,
              -27.00697138699724
            ],
            [
              -49.405405188763055,
              -27.03046824687505
            ],
            [
              -49.41125864118413,
              -27.00823648575216
            ],
            [
              -49.40785287656669,
              -26.967552463950764
            ],
            [
              -49.40173841311896,
              -26.961778684286852
            ],
            [
              -49.34898413800073,
              -26.926228043695478
            ],
            [
              -49.34305829214388,
              -26.932765123052683
            ],
            [
              -49.3582565495859,
              -26.959455578537824
            ],
            [
              -49.32418095665686,
              -26.92573248307729
            ],
            [
              -49.32069036980581,
              -26.928160779501724
            ],
            [
              -49.32000863832717,
              -26.9352564717229
            ],
            [
              -49.31120299712144,
              -26.91617307081477
            ],
            [
              -49.28876108216157,
              -26.88597858642679
            ],
            [
              -49.27095163146045,
              -26.875941773619733
            ],
            [
              -49.252774889445874,
              -26.866400420921224
            ],
            [
              -49.206261664512674,
              -26.854529584275426
            ],
            [
              -49.217157039982006,
              -26.86404833074842
            ],
            [
              -49.175218397331086,
              -26.850558066282407
            ],
            [
              -49.143359983574214,
              -26.86045051473647
            ],
            [
              -49.1536345231291,
              -26.868316006103306
            ],
            [
              -49.145308903765134,
              -26.86802704622679
            ],
            [
              -49.11296210444562,
              -26.849873675073315
            ],
            [
              -49.06380229596496,
              -26.860014958465115
            ],
            [
              -49.075405947100776,
              -26.865469296647227
            ],
            [
              -49.02905745831699,
              -26.908192752820888
            ],
            [
              -49.07555553920763,
              -26.88667733335545
            ],
            [
              -49.0817695023674,
              -26.895796131723316
            ],
            [
              -49.02634760353835,
              -26.872371613068076
            ],
            [
              -49.05006637564743,
              -26.88679008573179
            ],
            [
              -49.01659913095883,
              -26.86528947291943
            ],
            [
              -48.961233039778904,
              -26.878750664568006
            ],
            [
              -48.959745442678624,
              -26.88874349497627
            ],
            [
              -48.98016464760802,
              -26.900364706240033
            ],
            [
              -48.95937755161055,
              -26.889052728779912
            ],
            [
              -48.92209477560474,
              -26.880102691557198
            ],
            [
              -48.8860099370803,
              -26.889393059251937
            ],
            [
              -48.907849585873436,
              -26.902242145325143
            ],
            [
              -48.87855293881339,
              -26.884444284620955
            ],
            [
              -48.86126196687844,
              -26.880343288271057
            ],
            [
              -48.8493078119717,
              -26.876665542165288
            ],
            [
              -48.82812851368514,
              -26.85995529978033
            ],
            [
              -48.77703846457623,
              -26.84774949589831
            ],
            [
              -48.77703159164609,
              -26.853692479949423
            ],
            [
              -48.79484224918582,
              -26.8828142501542
            ],
            [
              -48.767600077926325,
              -26.830270267915118
            ],
            [
              -48.770497262139564,
              -26.840002320823842
            ],
            [
              -48.705760390027066,
              -26.81949156599056
            ],
            [
              -48.68714810171822,
              -26.86070229277009
            ],
            [
              -48.731459157246036,
              -26.844477958274066
            ],
            [
              -48.70877556906124,
              -26.84010693435171
            ],
            [
              -48.65615649517685,
              -26.862545187079945
            ],
            [
              -48.6869809614944,
              -26.85718850401056
            ],
            [
              -48.6329723530909,
              -26.87830480336439
            ],
            [
              -48.64269287305741,
              -26.875419439357266
            ],
            [
              -48.62450374568551,
              -26.888129439357268
            ],
            [
              -48.66230225431449,
              -26.936358560642734
            ],
            [
              -48.68048712694258,
              -26.923648560642732
            ],
            [
              -48.6971116469091,
              -26.892069196635607
            ],
            [
              -48.6824590385056,
              -26.91588949598944
            ],
            [
              -48.720747504823144,
              -26.874470812920052
            ],
            [
              -48.70531043093876,
              -26.898865065648287
            ],
            [
              -48.71761084275397,
              -26.902006041725937
            ],
            [
              -48.75073989828178,
              -26.84510570722991
            ],
            [
              -48.75642360997293,
              -26.857154434009438
            ],
            [
              -48.715572737860434,
              -26.87257567917616
            ],
            [
              -48.75739992207368,
              -26.88840173208488
            ],
            [
              -48.72889975081418,
              -26.881181749845798
            ],
            [
              -48.7716744083539,
              -26.912337520050578
            ],
            [
              -48.80711953542377,
              -26.90011450410169
            ],
            [
              -48.79464948631486,
              -26.910654700219666
            ],
            [
              -48.8071441880283,
              -26.921922457834714
            ],
            [
              -48.83661803312156,
              -26.934924711728947
            ],
            [
              -48.8626970611866,
              -26.941559715379043
            ],
            [
              -48.868874414126566,
              -26.949723854674854
            ],
            [
              -48.9255500629197,
              -26.936498940748066
            ],
            [
              -48.933507224395264,
              -26.9380553084428
            ],
            [
              -48.936140448389445,
              -26.94412327122009
            ],
            [
              -48.946959352391985,
              -26.95121329375997
            ],
            [
              -49.00202655732137,
              -26.933916505023728
            ],
            [
              -49.020080960221094,
              -26.905349335431996
            ],
            [
              -49.00930886904117,
              -26.92376852708057
            ],
            [
              -49.004773624352566,
              -26.929577914268208
            ],
            [
              -49.062634396461654,
              -26.921512386931923
            ],
            [
              -49.02633049763259,
              -26.927705868276682
            ],
            [
              -49.05911246079238,
              -26.943660666644547
            ],
            [
              -49.08970054168301,
              -26.885017247179114
            ],
            [
              -49.08174205289923,
              -26.924036703352776
            ],
            [
              -49.11818170403504,
              -26.893321041534882
            ],
            [
              -49.10417189555438,
              -26.908188324926687
            ],
            [
              -49.10611709623486,
              -26.91535895377321
            ],
            [
              -49.1370494768709,
              -26.925265993896694
            ],
            [
              -49.18193601642578,
              -26.908181485263526
            ],
            [
              -49.19142560266891,
              -26.907593933717596
            ],
            [
              -49.182996960017995,
              -26.914385669251576
            ],
            [
              -49.23075633548732,
              -26.909162415724573
            ],
            [
              -49.220383110554124,
              -26.917659579078773
            ],
            [
              -49.24037236853955,
              -26.92808022638027
            ],
            [
              -49.25616091783843,
              -26.937135413573206
            ],
            [
              -49.252661002878554,
              -26.94333692918523
            ],
            [
              -49.25991536167284,
              -26.9595975282771
            ],
            [
              -49.294135630194184,
              -26.982029220498276
            ],
            [
              -49.32395504334313,
              -26.984571516922706
            ],
            [
              -49.293271450414096,
              -26.96981442146218
            ],
            [
              -49.35125770785612,
              -26.99114887694732
            ],
            [
              -49.381251861999274,
              -26.97755795630452
            ],
            [
              -49.33801358688103,
              -26.97715531571315
            ],
            [
              -49.35460712343331,
              -27.00234753604924
            ],
            [
              -49.34584935881587,
              -27.00012751424784
            ],
            [
              -49.34164281123695,
              -27.01511575312495
            ],
            [
              -49.376153665239706,
              -27.058654613002762
            ],
            [
              -49.35961282327839,
              -27.05026171726982
            ],
            [
              -49.376276334844526,
              -27.08083142496025
            ],
            [
              -49.41282024097759,
              -27.095748578425955
            ],
            [
              -49.42324101065854,
              -27.10196548423511
            ],
            [
              -49.42083187901288,
              -27.10235969932222
            ],
            [
              -49.441233483564794,
              -27.115640472501806
            ],
            [
              -49.454652244699744,
              -27.121641109609374
            ],
            [
              -49.50466682448888,
              -27.105819843243804
            ],
            [
              -49.50470898666285,
              -27.112118826447436
            ],
            [
              -49.50425393284688,
              -27.11423677042989
            ],
            [
              -49.477250129887956,
              -27.082594805795978
            ],
            [
              -49.5002589976936,
              -27.135888999593355
            ],
            [
              -49.517774,
              -27.129609
            ],
            [
              -49.529845,
              -27.136552
            ],
            [
              -49.535034,
              -27.143606
            ],
            [
              -49.543674,
              -27.155337
            ],
            [
              -49.552335,
              -27.156344
            ],
            [
              -49.549317,
              -27.174801
            ],
            [
              -49.570904,
              -27.171022
            ],
            [
              -49.579262,
              -27.186863
            ],
            [
              -49.591037621566095,
              -27.180146259584564
            ],
            [
              -49.60774957266573,
              -27.192464282154937
            ],
            [
              -49.62434703652469,
              -27.20488711396721
            ],
            [
              -49.6133659009909,
              -27.213240877601187
            ],
            [
              -49.635906426737336,
              -27.238873252584415
            ],
            [
              -49.66250050254065,
              -27.190012201544178
            ]
          ]
        ]
      },
      "properties": {
        "river": "acu",
        "max_stage_m": 348.5,
        "min_stage_m": 15.617999999999999,
        "event": "1983",
        "river_name": "Rio Itaja\u00ed-a\u00e7u",
        "fill_color": "#ff0055"
      }
    },
    {
      "type": "Feature",
      "geometry": {
        "type": "Polygon",
        "coordinates": [
          [
            [
              -50.14860142035077,
              -26.902948730186566
            ],
            [
              -50.15564639626797,
              -26.892866494828034
            ],
            [
              -50.143974970344516,
              -26.91023439882692
            ],
            [
              -50.144932548689084,
              -26.920569676049773
            ],
            [
              -50.145693679362005,
              -26.92486636702095
            ],
            [
              -50.1458396543562,
              -26.933976989065886
            ],
            [
              -50.14657474730448,
              -26.943043092492495
            ],
            [
              -50.14927674857266,
              -26.95427848113652
            ],
            [
              -50.15953631720384,
              -26.966806327742532
            ],
            [
              -50.1647123157999,
              -26.949068051211317
            ],
            [
              -50.152157197672516,
              -26.965426885532995
            ],
            [
              -50.151486886347534,
              -26.979060609930137
            ],
            [
              -50.154953444877755,
              -26.99162979458056
            ],
            [
              -50.159504845277404,
              -26.990387408526146
            ],
            [
              -50.15415880057437,
              -27.004968311227326
            ],
            [
              -50.162613297899306,
              -26.999476791890274
            ],
            [
              -50.14748172131845,
              -27.0064421969083
            ],
            [
              -50.1387668387142,
              -27.01388568114908
            ],
            [
              -50.12906719629696,
              -27.02062728876467
            ],
            [
              -50.1151951357763,
              -27.028865880441614
            ],
            [
              -50.10932867323793,
              -27.036065023969737
            ],
            [
              -50.09107990156929,
              -27.046119514713215
            ],
            [
              -50.09046462138741,
              -27.05204486168585
            ],
            [
              -50.07007365517682,
              -27.06658172453644
            ],
            [
              -50.071822227435106,
              -27.068292353202942
            ],
            [
              -50.067671162507835,
              -27.07374097744543
            ],
            [
              -50.054714127269065,
              -27.082700962608126
            ],
            [
              -50.05140192913239,
              -27.086906752848858
            ],
            [
              -50.06319184250103,
              -27.093433111380445
            ],
            [
              -50.03542211904631,
              -27.08146762220385
            ],
            [
              -50.03625619785683,
              -27.087091626827593
            ],
            [
              -50.01066292915548,
              -27.08458720302963
            ],
            [
              -50.01068339811218,
              -27.086737668639163
            ],
            [
              -49.99703486885851,
              -27.110100345471192
            ],
            [
              -50.009254290977175,
              -27.098859866145087
            ],
            [
              -50.010184891058806,
              -27.102256082262787
            ],
            [
              -49.99883083163248,
              -27.10089480419105
            ],
            [
              -49.98443692278754,
              -27.097083610123345
            ],
            [
              -49.95699359973808,
              -27.098684759784057
            ],
            [
              -49.9510270695228,
              -27.104802868946948
            ],
            [
              -49.943873859821046,
              -27.113846658518064
            ],
            [
              -49.95146816935369,
              -27.118494937802183
            ],
            [
              -49.92396295632417,
              -27.11945056704391
            ],
            [
              -49.912161415816186,
              -27.14413613581068
            ],
            [
              -49.92796453093768,
              -27.13215000705036
            ],
            [
              -49.91266148162691,
              -27.134438821039446
            ],
            [
              -49.92378526868928,
              -27.148907105706563
            ],
            [
              -49.89376057048568,
              -27.1312692109754
            ],
            [
              -49.896212881486505,
              -27.132036266940315
            ],
            [
              -49.89465482340592,
              -27.134374544706464
            ],
            [
              -49.872085278002785,
              -27.143193592475736
            ],
            [
              -49.89659589356862,
              -27.147138731818334
            ],
            [
              -49.88130708423204,
              -27.1341430988098
            ],
            [
              -49.86063095841569,
              -27.13829826519828
            ],
            [
              -49.85448179903787,
              -27.146311451446014
            ],
            [
              -49.844207772354856,
              -27.16006839752245
            ],
            [
              -49.86718908675485,
              -27.160412008763817
            ],
            [
              -49.84856949538993,
              -27.150342779547568
            ],
            [
              -49.82531600969156,
              -27.16956531870823
            ],
            [
              -49.84826791747187,
              -27.163829924972426
            ],
            [
              -49.83493525415005,
              -27.161164811050327
            ],
            [
              -49.80499927255444,
              -27.171162705102386
            ],
            [
              -49.81927917027538,
              -27.17251047891705
            ],
            [
              -49.80180782340373,
              -27.171969578677263
            ],
            [
              -49.77435557960368,
              -27.183604037124663
            ],
            [
              -49.775872594088774,
              -27.186263962337595
            ],
            [
              -49.78625953808871,
              -27.195288130056863
            ],
            [
              -49.75602064171595,
              -27.190305537141803
            ],
            [
              -49.75465131488321,
              -27.19278204175636
            ],
            [
              -49.75658708105471,
              -27.19641719247022
            ],
            [
              -49.73490379997297,
              -27.19980319334858
            ],
            [
              -49.723964343690625,
              -27.20979755007594
            ],
            [
              -49.72662817803998,
              -27.215555906301798
            ],
            [
              -49.70304694317946,
              -27.219634890979673
            ],
            [
              -49.6964721579199,
              -27.226163723374547
            ],
            [
              -49.698257728895946,
              -27.232873681364318
            ],
            [
              -49.69009911548526,
              -27.2283784394219
            ],
            [
              -49.68062596532286,
              -27.22271877623408
            ],
            [
              -49.667249374993894,
              -27.210346055819908
            ],
            [
              -49.65576395385544,
              -27.204028055819908
            ],
            [
              -49.64091404614456,
              -27.228033944180094
            ],
            [
              -49.65239862500611,
              -27.234351944180094
            ],
            [
              -49.658664034677145,
              -27.24193722376592
            ],
            [
              -49.67378688451473,
              -27.2516235605781
            ],
            [
              -49.68343827110406,
              -27.256896318635683
            ],
            [
              -49.710601842080095,
              -27.25051227662545
            ],
            [
              -49.723267056820546,
              -27.240309109020327
            ],
            [
              -49.72821382196002,
              -27.242918093698204
            ],
            [
              -49.748157656309374,
              -27.22676244992406
            ],
            [
              -49.755592200027024,
              -27.22010480665142
            ],
            [
              -49.756140918945285,
              -27.223812807529775
            ],
            [
              -49.77440268511679,
              -27.213807958243642
            ],
            [
              -49.78013135828405,
              -27.207358462858195
            ],
            [
              -49.7664564619113,
              -27.216275869943136
            ],
            [
              -49.79705540591123,
              -27.206156037662407
            ],
            [
              -49.80382042039632,
              -27.191587962875335
            ],
            [
              -49.80603817659627,
              -27.199108421322734
            ],
            [
              -49.81790082972462,
              -27.199881521082947
            ],
            [
              -49.83555272744556,
              -27.174605294897614
            ],
            [
              -49.83043474584995,
              -27.188269188949675
            ],
            [
              -49.84214808252813,
              -27.190682075027574
            ],
            [
              -49.85351399030844,
              -27.158552681291773
            ],
            [
              -49.848626504610074,
              -27.17774122045243
            ],
            [
              -49.84814491324515,
              -27.181943991236185
            ],
            [
              -49.874434227645146,
              -27.165307602477547
            ],
            [
              -49.877204200962126,
              -27.16480254855399
            ],
            [
              -49.8848630415843,
              -27.15520173480172
            ],
            [
              -49.876742915767956,
              -27.161238901190195
            ],
            [
              -49.871090106431375,
              -27.162489268181663
            ],
            [
              -49.90077872199721,
              -27.153132407524264
            ],
            [
              -49.89498517659408,
              -27.161771455293536
            ],
            [
              -49.90905511851349,
              -27.15693773305969
            ],
            [
              -49.91901342951432,
              -27.146942789024603
            ],
            [
              -49.893500731310716,
              -27.153858894293435
            ],
            [
              -49.924860518373094,
              -27.159595178960558
            ],
            [
              -49.93147346906232,
              -27.15936999294964
            ],
            [
              -49.93983258418382,
              -27.13212386418932
            ],
            [
              -49.94589304367583,
              -27.138679432956092
            ],
            [
              -49.94507983064631,
              -27.14529706219782
            ],
            [
              -49.96788214017895,
              -27.130995341481935
            ],
            [
              -49.975160930477195,
              -27.121809131053055
            ],
            [
              -49.97905640026192,
              -27.11778924021594
            ],
            [
              -49.97927707721246,
              -27.124094389876657
            ],
            [
              -49.990737168367524,
              -27.127329195808947
            ],
            [
              -50.00625110894119,
              -27.129429917737216
            ],
            [
              -50.024809709022826,
              -27.122502133854912
            ],
            [
              -50.02017913114148,
              -27.092039654528808
            ],
            [
              -50.01605060188783,
              -27.113716331360838
            ],
            [
              -50.02863507084452,
              -27.106828796970365
            ],
            [
              -50.02542780214317,
              -27.112738373172405
            ],
            [
              -50.04999788095369,
              -27.105598377796152
            ],
            [
              -50.04144415749897,
              -27.112820888619556
            ],
            [
              -50.06789807086761,
              -27.110037247151144
            ],
            [
              -50.076701872730936,
              -27.101871037391877
            ],
            [
              -50.08497283749216,
              -27.096399022554575
            ],
            [
              -50.09457777256489,
              -27.08673564679706
            ],
            [
              -50.10001234482318,
              -27.072904275463557
            ],
            [
              -50.10294737861258,
              -27.07708713831415
            ],
            [
              -50.116738098430716,
              -27.061236485286788
            ],
            [
              -50.121647326762066,
              -27.061170976030265
            ],
            [
              -50.13641886422371,
              -27.048698119558388
            ],
            [
              -50.14439280370304,
              -27.044382711235333
            ],
            [
              -50.1561011612858,
              -27.03651831885092
            ],
            [
              -50.16716027868156,
              -27.027497803091702
            ],
            [
              -50.1748027021007,
              -27.024631208109724
            ],
            [
              -50.18464919942563,
              -27.008533688772676
            ],
            [
              -50.18816515472259,
              -27.00031259147385
            ],
            [
              -50.18220655512224,
              -26.97894620541944
            ],
            [
              -50.18146711365247,
              -26.97299339006986
            ],
            [
              -50.18272880232748,
              -26.968299114467005
            ],
            [
              -50.186411684200095,
              -26.96847394878868
            ],
            [
              -50.17236368279617,
              -26.94190767225747
            ],
            [
              -50.17711525142734,
              -26.94266551886348
            ],
            [
              -50.17676325269553,
              -26.9379049075075
            ],
            [
              -50.176502345643804,
              -26.932141010934114
            ],
            [
              -50.176420320637995,
              -26.924493632979047
            ],
            [
              -50.17531345131091,
              -26.91646432395023
            ],
            [
              -50.17457902965549,
              -26.907803601173082
            ],
            [
              -50.17617960373204,
              -26.913247505171967
            ],
            [
              -50.17522257964923,
              -26.889273269813437
            ],
            [
              -50.14860142035077,
              -26.902948730186566
            ]
          ]
        ]
      },
      "properties": {
        "river": "oeste",
        "max_stage_m": 585.05,
        "min_stage_m": 342.95,
        "event": "1983",
        "river_name": "Rio Itaja\u00ed do Oeste",
        "fill_color": "#ff0055"
      }
    },
    {
      "type": "Feature",
      "geometry": {
        "type": "Polygon",
        "coordinates": [
          [
            [
              -49.306609342383695,
              -27.706302761944176
            ],
            [
              -49.31792579987344,
              -27.708068459022854
            ],
            [
              -49.32594233065045,
              -27.70785250278596
            ],
            [
              -49.34350211985149,
              -27.707903905918123
            ],
            [
              -49.34940754821833,
              -27.70511411801158
            ],
            [
              -49.36514010948104,
              -27.700868108866903
            ],
            [
              -49.36650388992645,
              -27.697771451436584
            ],
            [
              -49.38381302905567,
              -27.69107020278633
            ],
            [
              -49.38407577873951,
              -27.688395160162848
            ],
            [
              -49.389787161999195,
              -27.685395663494297
            ],
            [
              -49.3986243425714,
              -27.68309182994188
            ],
            [
              -49.41327502032476,
              -27.678250087829593
            ],
            [
              -49.410320556527786,
              -27.677592361286795
            ],
            [
              -49.427476669123884,
              -27.672803712095146
            ],
            [
              -49.41714177011418,
              -27.669375111732393
            ],
            [
              -49.445472372527355,
              -27.667450477320962
            ],
            [
              -49.45337743906372,
              -27.65271480644396
            ],
            [
              -49.450717864585215,
              -27.65157871432346
            ],
            [
              -49.456992864789115,
              -27.643577204432532
            ],
            [
              -49.46667680956868,
              -27.625541412900915
            ],
            [
              -49.46490090872226,
              -27.62219626761894
            ],
            [
              -49.466135361736775,
              -27.601674296663795
            ],
            [
              -49.46101911302976,
              -27.61114868341139
            ],
            [
              -49.47036965122799,
              -27.59338600759366
            ],
            [
              -49.46976635864858,
              -27.582681473302358
            ],
            [
              -49.45351519352026,
              -27.589672437380706
            ],
            [
              -49.47565677732179,
              -27.58233700321316
            ],
            [
              -49.47771427580289,
              -27.57774439766611
            ],
            [
              -49.487986352488896,
              -27.565588771608578
            ],
            [
              -49.47041440158126,
              -27.56976670794106
            ],
            [
              -49.49704727700619,
              -27.564835640534415
            ],
            [
              -49.50294473031781,
              -27.554853342624067
            ],
            [
              -49.50328855321687,
              -27.54985962828823
            ],
            [
              -49.50858184035997,
              -27.54411015907743
            ],
            [
              -49.505883452093556,
              -27.54166587074822
            ],
            [
              -49.513009823366694,
              -27.54030945171782
            ],
            [
              -49.53040408063694,
              -27.536125288081188
            ],
            [
              -49.531452121353226,
              -27.533064595379273
            ],
            [
              -49.542966247576665,
              -27.528425885537818
            ],
            [
              -49.547453342637105,
              -27.524168550082134
            ],
            [
              -49.55495035784473,
              -27.521022193112472
            ],
            [
              -49.56083800557199,
              -27.517891560122376
            ],
            [
              -49.56693490523619,
              -27.51673514038273
            ],
            [
              -49.58603715536109,
              -27.509001437434993
            ],
            [
              -49.591153054717275,
              -27.500092095093276
            ],
            [
              -49.598340413477494,
              -27.482833668201945
            ],
            [
              -49.595109166878025,
              -27.467094962815334
            ],
            [
              -49.592702253373325,
              -27.470470242510114
            ],
            [
              -49.58038411145224,
              -27.471701638407822
            ],
            [
              -49.597050423808554,
              -27.445235774954924
            ],
            [
              -49.58866519571298,
              -27.463306834080004
            ],
            [
              -49.59358346870239,
              -27.459392730047927
            ],
            [
              -49.61438133983803,
              -27.4456753455194
            ],
            [
              -49.616816051413885,
              -27.430823626189724
            ],
            [
              -49.61532118378642,
              -27.431221864316857
            ],
            [
              -49.616661676113466,
              -27.42485955302433
            ],
            [
              -49.62443012815268,
              -27.404644685007028
            ],
            [
              -49.622595880090664,
              -27.399854413750717
            ],
            [
              -49.61765492469086,
              -27.40106183834035
            ],
            [
              -49.63073653463879,
              -27.384621337885736
            ],
            [
              -49.63181296366128,
              -27.370823549720967
            ],
            [
              -49.630555155099245,
              -27.36147980273181
            ],
            [
              -49.629663714464336,
              -27.35223460994854
            ],
            [
              -49.621607154053116,
              -27.359694951609114
            ],
            [
              -49.637459050528136,
              -27.33969674852373
            ],
            [
              -49.633186044678595,
              -27.339898418642687
            ],
            [
              -49.63345800663734,
              -27.335703581861548
            ],
            [
              -49.64995391444088,
              -27.32265687371754
            ],
            [
              -49.65199556519275,
              -27.316285544637925
            ],
            [
              -49.64838403905087,
              -27.315237639481705
            ],
            [
              -49.66303189877293,
              -27.301357703988465
            ],
            [
              -49.66675103404168,
              -27.286696229148625
            ],
            [
              -49.66458421015629,
              -27.284392557892694
            ],
            [
              -49.67064555720457,
              -27.2698918048704
            ],
            [
              -49.67010731980433,
              -27.256662643364898
            ],
            [
              -49.66455957330053,
              -27.242410944301437
            ],
            [
              -49.66293704333077,
              -27.24300840574384
            ],
            [
              -49.66209423060245,
              -27.238667927783307
            ],
            [
              -49.6632742873084,
              -27.22821091388877
            ],
            [
              -49.66459577984266,
              -27.217882913888772
            ],
            [
              -49.63208222015734,
              -27.21417908611123
            ],
            [
              -49.630757712691604,
              -27.224507086111227
            ],
            [
              -49.62951776939755,
              -27.23538207221669
            ],
            [
              -49.63034695666923,
              -27.246203594256162
            ],
            [
              -49.638086426699466,
              -27.25961105569856
            ],
            [
              -49.638816680195674,
              -27.265383356635105
            ],
            [
              -49.63786044279542,
              -27.2691761951296
            ],
            [
              -49.63546978984371,
              -27.270971442107303
            ],
            [
              -49.63397096595831,
              -27.287717770851373
            ],
            [
              -49.63165410122707,
              -27.292858296011538
            ],
            [
              -49.628935960949136,
              -27.291762360518295
            ],
            [
              -49.620386434807244,
              -27.308478455362074
            ],
            [
              -49.618698085559124,
              -27.313793126282462
            ],
            [
              -49.61792599336266,
              -27.310026418138452
            ],
            [
              -49.606135955321406,
              -27.323397581357316
            ],
            [
              -49.60502494947187,
              -27.344133251476272
            ],
            [
              -49.60375484594689,
              -27.335235048390885
            ],
            [
              -49.59702428553566,
              -27.35528739005146
            ],
            [
              -49.59788284490075,
              -27.36426619726819
            ],
            [
              -49.59927903633872,
              -27.374700450279036
            ],
            [
              -49.59810346536121,
              -27.381444662114266
            ],
            [
              -49.59534507530913,
              -27.37967616165965
            ],
            [
              -49.58978211990934,
              -27.39884558624928
            ],
            [
              -49.59266987184732,
              -27.412045314992973
            ],
            [
              -49.58924232388654,
              -27.40881844697567
            ],
            [
              -49.584120816213584,
              -27.422122135683143
            ],
            [
              -49.584265948586115,
              -27.434710373810272
            ],
            [
              -49.58233466016196,
              -27.439282654480596
            ],
            [
              -49.583844531297615,
              -27.431553269952072
            ],
            [
              -49.57124880428702,
              -27.43859116592
            ],
            [
              -49.57601557619145,
              -27.467626225045073
            ],
            [
              -49.57715788854777,
              -27.44269236159218
            ],
            [
              -49.560541746626676,
              -27.464513757489886
            ],
            [
              -49.567202833121975,
              -27.482481037184666
            ],
            [
              -49.56560758652251,
              -27.485382331798053
            ],
            [
              -49.562732945282725,
              -27.485457904906728
            ],
            [
              -49.557544844638905,
              -27.494474562565006
            ],
            [
              -49.56444309476381,
              -27.487668859617273
            ],
            [
              -49.55521999442801,
              -27.489170439877622
            ],
            [
              -49.54200164215527,
              -27.494229806887525
            ],
            [
              -49.534718657362895,
              -27.497295449917868
            ],
            [
              -49.52315175242334,
              -27.505168114462183
            ],
            [
              -49.52041987864678,
              -27.50560540462073
            ],
            [
              -49.508261919363065,
              -27.51458071191881
            ],
            [
              -49.5111781766333,
              -27.511204548282176
            ],
            [
              -49.50032054790644,
              -27.512936129251784
            ],
            [
              -49.48475615964002,
              -27.524025840922572
            ],
            [
              -49.47914544678313,
              -27.53007437171177
            ],
            [
              -49.47216126968219,
              -27.544614657375934
            ],
            [
              -49.468914722993816,
              -27.549746359465583
            ],
            [
              -49.47668359841874,
              -27.541151292058938
            ],
            [
              -49.4559476475111,
              -27.55902922839142
            ],
            [
              -49.456007724197114,
              -27.55584760233389
            ],
            [
              -49.44816322267822,
              -27.56634299678684
            ],
            [
              -49.45080280647974,
              -27.560621562619296
            ],
            [
              -49.43718764135142,
              -27.586674526697642
            ],
            [
              -49.43751834877201,
              -27.59482799240634
            ],
            [
              -49.43450888697024,
              -27.593891316588607
            ],
            [
              -49.43848863826322,
              -27.617471703336207
            ],
            [
              -49.43409509127774,
              -27.61196573238106
            ],
            [
              -49.43388319043132,
              -27.627898587099082
            ],
            [
              -49.43119913521089,
              -27.625478795567467
            ],
            [
              -49.424834135414784,
              -27.633579285676543
            ],
            [
              -49.42059856093628,
              -27.650127193556038
            ],
            [
              -49.41795962747265,
              -27.65145352267904
            ],
            [
              -49.43012422988583,
              -27.64258888826761
            ],
            [
              -49.40630933087612,
              -27.650482287904858
            ],
            [
              -49.40482344347222,
              -27.648851638713207
            ],
            [
              -49.392758979675236,
              -27.655455912170407
            ],
            [
              -49.39063165742859,
              -27.654814170058117
            ],
            [
              -49.381500838000804,
              -27.6571843365057
            ],
            [
              -49.37037822126049,
              -27.661888839837154
            ],
            [
              -49.359500970944325,
              -27.671417797213667
            ],
            [
              -49.35820611007355,
              -27.669562548563416
            ],
            [
              -49.34492389051896,
              -27.677861891133094
            ],
            [
              -49.344054451781666,
              -27.676351881988424
            ],
            [
              -49.33153988014851,
              -27.680746094081876
            ],
            [
              -49.32915566934955,
              -27.678841497214037
            ],
            [
              -49.317432200126554,
              -27.678921540977143
            ],
            [
              -49.31272065761631,
              -27.67765923805582
            ],
            [
              -49.306609342383695,
              -27.706302761944176
            ]
          ]
        ]
      },
      "properties": {
        "river": "sul",
        "max_stage_m": 480.05,
        "min_stage_m": 343.05,
        "event": "1983",
        "river_name": "Rio Itaja\u00ed do Sul",
        "fill_color": "#ff0055"
      }
    },
    {
      "type": "Feature",
      "geometry": {
        "type": "Polygon",
        "coordinates": [
          [
            [
              -50.147598765077966,
              -26.513771401058637
            ],
            [
              -50.14149591997451,
              -26.51767114400307
            ],
            [
              -50.12805786820244,
              -26.51601564298941
            ],
            [
              -50.12322007201701,
              -26.519553621029473
            ],
            [
              -50.110763587610606,
              -26.51518801929672
            ],
            [
              -50.0965771313718,
              -26.517493390091644
            ],
            [
              -50.08505747062848,
              -26.522315087913423
            ],
            [
              -50.06952329910184,
              -26.51690179845615
            ],
            [
              -50.05514294794244,
              -26.516911488213427
            ],
            [
              -50.041886633669094,
              -26.51631294364255
            ],
            [
              -50.03048724135761,
              -26.509759436724522
            ],
            [
              -50.01591378601025,
              -26.498912528166095
            ],
            [
              -49.99964516633759,
              -26.501396753001767
            ],
            [
              -49.985935382953315,
              -26.509513328887074
            ],
            [
              -49.97684702039967,
              -26.519657011201545
            ],
            [
              -49.968957413495886,
              -26.528213707459436
            ],
            [
              -49.960525605818624,
              -26.538725320491103
            ],
            [
              -49.95132509992661,
              -26.54951499747276
            ],
            [
              -49.95043514935456,
              -26.559791577008458
            ],
            [
              -49.94670409677863,
              -26.566241590612222
            ],
            [
              -49.93358030477036,
              -26.569250596285695
            ],
            [
              -49.919748158282594,
              -26.575857220192166
            ],
            [
              -49.906821249640856,
              -26.588096776793343
            ],
            [
              -49.908797732842714,
              -26.598125500005924
            ],
            [
              -49.892199766316764,
              -26.60157407588523
            ],
            [
              -49.881774961078285,
              -26.61303292188995
            ],
            [
              -49.87511916963746,
              -26.62840963570629
            ],
            [
              -49.87849054383981,
              -26.64008146804006
            ],
            [
              -49.87275159104464,
              -26.64906401755308
            ],
            [
              -49.85427082733682,
              -26.650252322121432
            ],
            [
              -49.845403667193516,
              -26.66199265548093
            ],
            [
              -49.83612380557482,
              -26.674023402019134
            ],
            [
              -49.83606661460753,
              -26.686708121911217
            ],
            [
              -49.82822510300453,
              -26.69836915234752
            ],
            [
              -49.8157194839546,
              -26.70606697140629
            ],
            [
              -49.80258666600793,
              -26.716962123569285
            ],
            [
              -49.79596216122721,
              -26.7311167959741
            ],
            [
              -49.79170456674412,
              -26.743078869400406
            ],
            [
              -49.7764102948106,
              -26.750494709259
            ],
            [
              -49.7682329545735,
              -26.763586722995107
            ],
            [
              -49.76312915285643,
              -26.77126765430079
            ],
            [
              -49.746951998807916,
              -26.78125220695158
            ],
            [
              -49.75027602651528,
              -26.791632305385466
            ],
            [
              -49.73925404867163,
              -26.80238721805261
            ],
            [
              -49.73206920516611,
              -26.81439616677061
            ],
            [
              -49.71874136949432,
              -26.824979490504475
            ],
            [
              -49.70854058122395,
              -26.838467815112192
            ],
            [
              -49.70553517955833,
              -26.848419066286016
            ],
            [
              -49.696200432807,
              -26.856478137333248
            ],
            [
              -49.68086474725978,
              -26.863532673575946
            ],
            [
              -49.6758957476888,
              -26.87960364343451
            ],
            [
              -49.68101268956634,
              -26.887252918827265
            ],
            [
              -49.66248893611978,
              -26.889929318391072
            ],
            [
              -49.65516088006161,
              -26.90193030450437
            ],
            [
              -49.658343215580224,
              -26.912069770266495
            ],
            [
              -49.642474885588754,
              -26.921110036566287
            ],
            [
              -49.637452425934114,
              -26.934815076517943
            ],
            [
              -49.62905980000198,
              -26.951208933618737
            ],
            [
              -49.635316804648305,
              -26.960069001483415
            ],
            [
              -49.620041774216716,
              -26.965845557724176
            ],
            [
              -49.6082632194551,
              -26.975162589299966
            ],
            [
              -49.608607300985014,
              -26.98463591915571
            ],
            [
              -49.611385994426755,
              -26.994938721030557
            ],
            [
              -49.59977163724828,
              -27.00462817416799
            ],
            [
              -49.5923559490045,
              -27.02006146863329
            ],
            [
              -49.59091643057802,
              -27.032949829811464
            ],
            [
              -49.591435672362124,
              -27.047139054303337
            ],
            [
              -49.588756971737794,
              -27.035248017896116
            ],
            [
              -49.58142187704695,
              -27.023254163778482
            ],
            [
              -49.57154591768072,
              -27.030453908950022
            ],
            [
              -49.56833498013333,
              -27.036604009711393
            ],
            [
              -49.56073308184199,
              -27.02702813796428
            ],
            [
              -49.54648581597668,
              -27.01981443115129
            ],
            [
              -49.542088226273314,
              -27.032242858353072
            ],
            [
              -49.545647945846035,
              -27.043459020156348
            ],
            [
              -49.53532908552634,
              -27.050798768062872
            ],
            [
              -49.52444898458639,
              -27.054261175056467
            ],
            [
              -49.50925791947304,
              -27.055398783863268
            ],
            [
              -49.498472193200655,
              -27.062241725820734
            ],
            [
              -49.482145710027424,
              -27.079235725820734
            ],
            [
              -49.48803758037925,
              -27.084275384636214
            ],
            [
              -49.50436317038177,
              -27.067281384636214
            ],
            [
              -49.51359661921142,
              -27.061562254828143
            ],
            [
              -49.52478729804347,
              -27.06152935680733
            ],
            [
              -49.53769692217614,
              -27.0577608425774
            ],
            [
              -49.550247242624685,
              -27.049470473080437
            ],
            [
              -49.55020479858535,
              -27.03143900019779
            ],
            [
              -49.55409294646934,
              -27.02245891165306
            ],
            [
              -49.554390549611334,
              -27.031610442636964
            ],
            [
              -49.561937179364875,
              -27.041125549259508
            ],
            [
              -49.57566464307795,
              -27.03673545599546
            ],
            [
              -49.58620985327942,
              -27.029147043899734
            ],
            [
              -49.580595668150764,
              -27.035516024813205
            ],
            [
              -49.58345977735822,
              -27.048706525776943
            ],
            [
              -49.597971556536606,
              -27.03661397391715
            ],
            [
              -49.60044345703481,
              -27.02106621447454
            ],
            [
              -49.607098118268624,
              -27.007838786542127
            ],
            [
              -49.61649540167537,
              -27.000612441939904
            ],
            [
              -49.61674222070579,
              -26.984031592189055
            ],
            [
              -49.61642047250874,
              -26.9749027027081
            ],
            [
              -49.62425134384872,
              -26.972077843132393
            ],
            [
              -49.638186118031015,
              -26.966879063267193
            ],
            [
              -49.63695533409257,
              -26.949369747369378
            ],
            [
              -49.64447613509801,
              -26.93851758416
            ],
            [
              -49.650117009882514,
              -26.923657273237836
            ],
            [
              -49.662010343675846,
              -26.91856785422651
            ],
            [
              -49.66330582063966,
              -26.901532302993107
            ],
            [
              -49.669214085352635,
              -26.89404545450278
            ],
            [
              -49.68153640355497,
              -26.894512331472473
            ],
            [
              -49.68402244744766,
              -26.878992431945885
            ],
            [
              -49.68861249470969,
              -26.865801449944627
            ],
            [
              -49.69897800597174,
              -26.86331752481906
            ],
            [
              -49.71070524678831,
              -26.85404408662815
            ],
            [
              -49.716177722496646,
              -26.841013612601373
            ],
            [
              -49.72520876892324,
              -26.829407713695854
            ],
            [
              -49.7371116749903,
              -26.820111580395913
            ],
            [
              -49.74615090515625,
              -26.806263227921928
            ],
            [
              -49.75594363706517,
              -26.796859445120713
            ],
            [
              -49.75501353505,
              -26.780192604256957
            ],
            [
              -49.76633241041922,
              -26.777956353456272
            ],
            [
              -49.77468448403956,
              -26.768029304829266
            ],
            [
              -49.78330854484632,
              -26.75436426545275
            ],
            [
              -49.795003183903404,
              -26.74973019989878
            ],
            [
              -49.80334682730035,
              -26.73418576897698
            ],
            [
              -49.80996300476093,
              -26.720045279409263
            ],
            [
              -49.82079840945819,
              -26.71175316934517
            ],
            [
              -49.8324913699585,
              -26.704565216081104
            ],
            [
              -49.842685142172805,
              -26.690944777087715
            ],
            [
              -49.84425039832837,
              -26.674453371416067
            ],
            [
              -49.85161171906967,
              -26.666697856462374
            ],
            [
              -49.86075956304081,
              -26.654643885543233
            ],
            [
              -49.872549006330885,
              -26.656336187560537
            ],
            [
              -49.884578667880064,
              -26.64490901992898
            ],
            [
              -49.88316005602341,
              -26.62729193533318
            ],
            [
              -49.8891100862407,
              -26.61618114985471
            ],
            [
              -49.89817656599382,
              -26.606509568692225
            ],
            [
              -49.91007372738161,
              -26.60530989624364
            ],
            [
              -49.91489156496386,
              -26.58901037395066
            ],
            [
              -49.92502732939319,
              -26.58139137699668
            ],
            [
              -49.93704023020107,
              -26.575834035237204
            ],
            [
              -49.94847852752679,
              -26.573340785980523
            ],
            [
              -49.95680867958563,
              -26.56431021932689
            ],
            [
              -49.9593698122801,
              -26.55057791938185
            ],
            [
              -49.96648236811592,
              -26.543676998096945
            ],
            [
              -49.97528978731028,
              -26.5327764738737
            ],
            [
              -49.98282704749479,
              -26.524585229372807
            ],
            [
              -49.99198868191794,
              -26.514368866283238
            ],
            [
              -50.003726461045396,
              -26.507687831084205
            ],
            [
              -50.0170066756462,
              -26.5061209035206
            ],
            [
              -50.02506869011264,
              -26.515182280154747
            ],
            [
              -50.03781125431443,
              -26.522607366419077
            ],
            [
              -50.05454411341718,
              -26.524166151215436
            ],
            [
              -50.06952274619662,
              -26.52417622202733
            ],
            [
              -50.08224310493391,
              -26.5291397783406
            ],
            [
              -50.099133435549035,
              -26.524398858202307
            ],
            [
              -50.112045396273714,
              -26.522371455598545
            ],
            [
              -50.12014764593595,
              -26.526288595481635
            ],
            [
              -50.13128753168689,
              -26.522691423192548
            ],
            [
              -50.14008932004902,
              -26.524835864261586
            ],
            [
              -50.15112993312324,
              -26.52032377551827
            ],
            [
              -50.147598765077966,
              -26.513771401058637
            ]
          ]
        ]
      },
      "properties": {
        "river": "norte",
        "max_stage_m": 498.871,
        "min_stage_m": 136.971,
        "event": "1983",
        "river_name": "Rio Itaja\u00ed do Norte ou Herc\u00edlio",
        "fill_color": "#ff0055"
      }
    },
    {
      "type": "Feature",
      "geometry": {
        "type": "Polygon",
        "coordinates": [
          [
            [
              -49.51291481155234,
              -26.636790711628578
            ],
            [
              -49.51549979184591,
              -26.63623684298412
            ],
            [
              -49.512296093162725,
              -26.651655066801638
            ],
            [
              -49.513542757992575,
              -26.651701068841604
            ],
            [
              -49.51455836152379,
              -26.653374420516062
            ],
            [
              -49.512033712852805,
              -26.659487015978424
            ],
            [
              -49.50965089470628,
              -26.66941918841156
            ],
            [
              -49.51024643907306,
              -26.674829733711434
            ],
            [
              -49.5102462066218,
              -26.682952343439165
            ],
            [
              -49.513478006432585,
              -26.68070375042677
            ],
            [
              -49.5125667195843,
              -26.684173025203624
            ],
            [
              -49.51507277156168,
              -26.68694483315487
            ],
            [
              -49.50435462174128,
              -26.683771735250495
            ],
            [
              -49.49415235121324,
              -26.68799814061976
            ],
            [
              -49.498773347719435,
              -26.689485511019818
            ],
            [
              -49.4842699465662,
              -26.694546412294414
            ],
            [
              -49.48181929167692,
              -26.69930520305467
            ],
            [
              -49.480029564365296,
              -26.703689215821257
            ],
            [
              -49.47987199981375,
              -26.70668352571507
            ],
            [
              -49.47471880045998,
              -26.713806284378087
            ],
            [
              -49.47287076189437,
              -26.719684966349178
            ],
            [
              -49.47159018436171,
              -26.723551058430115
            ],
            [
              -49.461913524195026,
              -26.732417393248166
            ],
            [
              -49.46315933588169,
              -26.735327814462845
            ],
            [
              -49.45368810852923,
              -26.743399146756914
            ],
            [
              -49.45519873965076,
              -26.745913219648767
            ],
            [
              -49.45155644016155,
              -26.748665511350335
            ],
            [
              -49.440170018049855,
              -26.75170899527912
            ],
            [
              -49.434357309906744,
              -26.75596829886982
            ],
            [
              -49.4258974555465,
              -26.763825863239784
            ],
            [
              -49.4308103500393,
              -26.76504382639774
            ],
            [
              -49.41609405814152,
              -26.78025562385233
            ],
            [
              -49.42731844584226,
              -26.789616601787124
            ],
            [
              -49.42369811579814,
              -26.77920419939465
            ],
            [
              -49.43351016781792,
              -26.776960390444017
            ],
            [
              -49.4277555089143,
              -26.776615043042042
            ],
            [
              -49.4269527485991,
              -26.778592297577127
            ],
            [
              -49.419552818731525,
              -26.770675153147334
            ],
            [
              -49.40286316716873,
              -26.76829220408215
            ],
            [
              -49.39816807017073,
              -26.771682197618293
            ],
            [
              -49.40543363312744,
              -26.77661720803782
            ],
            [
              -49.39649570939408,
              -26.770905900656196
            ],
            [
              -49.38247617744553,
              -26.769698909445967
            ],
            [
              -49.37671679745388,
              -26.772307146837523
            ],
            [
              -49.38329899988246,
              -26.781945882148086
            ],
            [
              -49.368350722764674,
              -26.767916172332164
            ],
            [
              -49.35705668976091,
              -26.776426710634773
            ],
            [
              -49.357234675309115,
              -26.780385074256806
            ],
            [
              -49.35091337851313,
              -26.790756634329703
            ],
            [
              -49.35133389888854,
              -26.793862073392056
            ],
            [
              -49.348422209298626,
              -26.79927601622846
            ],
            [
              -49.34484181557973,
              -26.804309011792324
            ],
            [
              -49.33894384783388,
              -26.810715369494147
            ],
            [
              -49.34174620135212,
              -26.813351570100664
            ],
            [
              -49.32517786014473,
              -26.82331875229506
            ],
            [
              -49.33330653163434,
              -26.821599693388595
            ],
            [
              -49.33197852591953,
              -26.823520844468757
            ],
            [
              -49.33038464433124,
              -26.824320292919758
            ],
            [
              -49.31077132378988,
              -26.818200447573787
            ],
            [
              -49.31619775886684,
              -26.81959714892549
            ],
            [
              -49.304633094284085,
              -26.818136308643957
            ],
            [
              -49.30496624739291,
              -26.82053997341924
            ],
            [
              -49.295563365931656,
              -26.816072798846886
            ],
            [
              -49.287152089954176,
              -26.8144790068698
            ],
            [
              -49.27317959174536,
              -26.82959802075158
            ],
            [
              -49.2857027754805,
              -26.818338864537907
            ],
            [
              -49.27306854965281,
              -26.818747372971796
            ],
            [
              -49.263446861975545,
              -26.825100832437368
            ],
            [
              -49.25889523758238,
              -26.838373244005847
            ],
            [
              -49.26187636320388,
              -26.845861951158806
            ],
            [
              -49.27002431646931,
              -26.83941807552532
            ],
            [
              -49.25916382232429,
              -26.846088926024535
            ],
            [
              -49.26363258114805,
              -26.847392235714562
            ],
            [
              -49.249217256618074,
              -26.853372461222506
            ],
            [
              -49.245894842476254,
              -26.861420128920695
            ],
            [
              -49.24982644507609,
              -26.862800314552626
            ],
            [
              -49.242762119405086,
              -26.86593139391698
            ],
            [
              -49.23163901054476,
              -26.875018708107213
            ],
            [
              -49.22997934823644,
              -26.88149211674581
            ],
            [
              -49.22707775526978,
              -26.88854411674581
            ],
            [
              -49.246080244730216,
              -26.895515883254188
            ],
            [
              -49.24898065176356,
              -26.88846388325419
            ],
            [
              -49.25145298945524,
              -26.87986329189279
            ],
            [
              -49.25284788059491,
              -26.881896606083018
            ],
            [
              -49.25814155492392,
              -26.879557685447377
            ],
            [
              -49.26582915752375,
              -26.865845871079305
            ],
            [
              -49.26815074338193,
              -26.860479538777497
            ],
            [
              -49.26505541885195,
              -26.865673764285436
            ],
            [
              -49.27653417767571,
              -26.855869073975462
            ],
            [
              -49.279171683530684,
              -26.855825924474683
            ],
            [
              -49.27944763679612,
              -26.836374048841197
            ],
            [
              -49.27821876241762,
              -26.832166755994155
            ],
            [
              -49.280473138024455,
              -26.835347167562634
            ],
            [
              -49.283209450347194,
              -26.834682627028204
            ],
            [
              -49.2833832245195,
              -26.83654713546209
            ],
            [
              -49.288124408254646,
              -26.81702997924842
            ],
            [
              -49.28606791004583,
              -26.8327789931302
            ],
            [
              -49.29141863406835,
              -26.834021201153117
            ],
            [
              -49.295223752607086,
              -26.83667202658076
            ],
            [
              -49.30914690571592,
              -26.836013691356044
            ],
            [
              -49.31203824113316,
              -26.83754285107451
            ],
            [
              -49.32525267621013,
              -26.831193552426214
            ],
            [
              -49.314469355668756,
              -26.83590170708024
            ],
            [
              -49.32548147408047,
              -26.840905155531242
            ],
            [
              -49.338177468365664,
              -26.839402306611408
            ],
            [
              -49.34569613985527,
              -26.822579247704944
            ],
            [
              -49.34307979864788,
              -26.831638429899336
            ],
            [
              -49.35533215216612,
              -26.821756630505853
            ],
            [
              -49.359960184420274,
              -26.816708988207676
            ],
            [
              -49.36493379070138,
              -26.810167983771542
            ],
            [
              -49.369204101111464,
              -26.802883926607947
            ],
            [
              -49.37127662148687,
              -26.7930833656703
            ],
            [
              -49.37387132469088,
              -26.791120925743193
            ],
            [
              -49.377153310239095,
              -26.78015928936523
            ],
            [
              -49.37548927723533,
              -26.785097827667833
            ],
            [
              -49.363099000117536,
              -26.785208117851916
            ],
            [
              -49.383969202546126,
              -26.789450853162474
            ],
            [
              -49.39082782255446,
              -26.78643909055403
            ],
            [
              -49.39181229060592,
              -26.788748099343806
            ],
            [
              -49.392498366872566,
              -26.79084679196218
            ],
            [
              -49.41159992982927,
              -26.78553980238171
            ],
            [
              -49.414906832831264,
              -26.783131795917846
            ],
            [
              -49.41006318126848,
              -26.786924846852667
            ],
            [
              -49.410475251400904,
              -26.789521702422874
            ],
            [
              -49.42333649108569,
              -26.794510956957957
            ],
            [
              -49.431989832182076,
              -26.79523560955598
            ],
            [
              -49.44383188420186,
              -26.78277580060535
            ],
            [
              -49.429165554157734,
              -26.77136539821288
            ],
            [
              -49.43307194185848,
              -26.76995637614767
            ],
            [
              -49.43344164996069,
              -26.78321817360226
            ],
            [
              -49.44442254445351,
              -26.771716136760215
            ],
            [
              -49.44743269009325,
              -26.770093701130182
            ],
            [
              -49.45233398195015,
              -26.76646900472088
            ],
            [
              -49.45551755983844,
              -26.766646488649666
            ],
            [
              -49.46524526034924,
              -26.761892780351236
            ],
            [
              -49.472603891470776,
              -26.750504853243086
            ],
            [
              -49.47490866411831,
              -26.750352185537157
            ],
            [
              -49.48130047580497,
              -26.738420606751834
            ],
            [
              -49.483793815638286,
              -26.73828294156989
            ],
            [
              -49.49039123810563,
              -26.729221033650823
            ],
            [
              -49.49400319954002,
              -26.720059715621915
            ],
            [
              -49.49604800018625,
              -26.71795447428493
            ],
            [
              -49.499594435634705,
              -26.709198784178746
            ],
            [
              -49.500806708323076,
              -26.70624079694533
            ],
            [
              -49.5025080534338,
              -26.702933587705587
            ],
            [
              -49.49911665228056,
              -26.707808488980184
            ],
            [
              -49.51117964878676,
              -26.69821585938024
            ],
            [
              -49.50599937825873,
              -26.702038264749504
            ],
            [
              -49.507131228438325,
              -26.703841166845127
            ],
            [
              -49.52173728041571,
              -26.700564974796375
            ],
            [
              -49.52999999356741,
              -26.691562249573234
            ],
            [
              -49.529961793378206,
              -26.677903656560833
            ],
            [
              -49.53069756092694,
              -26.676198266288566
            ],
            [
              -49.53007910529372,
              -26.66781281158844
            ],
            [
              -49.5316422871472,
              -26.664848984021578
            ],
            [
              -49.53349963847621,
              -26.66039357948394
            ],
            [
              -49.53402724200742,
              -26.650900931158397
            ],
            [
              -49.52971790683727,
              -26.64199293319836
            ],
            [
              -49.53337020815408,
              -26.64521915701588
            ],
            [
              -49.53277518844765,
              -26.632245288371422
            ],
            [
              -49.51291481155234,
              -26.636790711628578
            ]
          ]
        ]
      },
      "properties": {
        "river": "benedito",
        "max_stage_m": 644.571,
        "min_stage_m": 64.971,
        "event": "1983",
        "river_name": "Rio Benedito",
        "fill_color": "#ff0055"
      }
    },
    {
      "type": "Feature",
      "geometry": {
        "type": "Polygon",
        "coordinates": [
          [
            [
              -49.362184,
              -27.394553
            ],
            [
              -49.355735,
              -27.383257
            ],
            [
              -49.351799,
              -27.368674
            ],
            [
              -49.340085,
              -27.357628
            ],
            [
              -49.333905,
              -27.34483
            ],
            [
              -49.328708,
              -27.334478
            ],
            [
              -49.322285,
              -27.326855
            ],
            [
              -49.320496,
              -27.317574
            ],
            [
              -49.315396,
              -27.310237
            ],
            [
              -49.314809,
              -27.300662
            ],
            [
              -49.314099,
              -27.290865
            ],
            [
              -49.311249,
              -27.283406
            ],
            [
              -49.306517,
              -27.272471
            ],
            [
              -49.300787,
              -27.26551
            ],
            [
              -49.29734,
              -27.258286
            ],
            [
              -49.282338,
              -27.255794
            ],
            [
              -49.275717,
              -27.247138
            ],
            [
              -49.264086,
              -27.248166
            ],
            [
              -49.251599,
              -27.240798
            ],
            [
              -49.238816,
              -27.236076
            ],
            [
              -49.227169,
              -27.232291
            ],
            [
              -49.213935,
              -27.228775
            ],
            [
              -49.208826,
              -27.214095
            ],
            [
              -49.197869,
              -27.207077
            ],
            [
              -49.188583,
              -27.199846
            ],
            [
              -49.177862,
              -27.203756
            ],
            [
              -49.15962,
              -27.207419
            ],
            [
              -49.145821,
              -27.201979
            ],
            [
              -49.13178,
              -27.196286
            ],
            [
              -49.127067,
              -27.185668
            ],
            [
              -49.113196,
              -27.185519
            ],
            [
              -49.107287,
              -27.190854
            ],
            [
              -49.098988,
              -27.186266
            ],
            [
              -49.089826,
              -27.192315
            ],
            [
              -49.081437,
              -27.195634
            ],
            [
              -49.070812,
              -27.191238
            ],
            [
              -49.057141,
              -27.189659
            ],
            [
              -49.049085,
              -27.188577
            ],
            [
              -49.041662,
              -27.195993
            ],
            [
              -49.02882,
              -27.20118
            ],
            [
              -49.029489,
              -27.188164
            ],
            [
              -49.023969,
              -27.173743
            ],
            [
              -49.009175,
              -27.171366
            ],
            [
              -49.020961,
              -27.161385
            ],
            [
              -49.018104,
              -27.155565
            ],
            [
              -49.0189,
              -27.144004
            ],
            [
              -49.002254,
              -27.144148
            ],
            [
              -48.988324,
              -27.143163
            ],
            [
              -48.97698,
              -27.146192
            ],
            [
              -48.968129,
              -27.139228
            ],
            [
              -48.960098,
              -27.128589
            ],
            [
              -48.950028,
              -27.137113
            ],
            [
              -48.93764,
              -27.125945
            ],
            [
              -48.94222,
              -27.114813
            ],
            [
              -48.934826,
              -27.100458
            ],
            [
              -48.918501,
              -27.101548
            ],
            [
              -48.907256,
              -27.090458
            ],
            [
              -48.901276046055926,
              -27.078397724826786
            ],
            [
              -48.887364174592875,
              -27.065739588833356
            ],
            [
              -48.88337827529377,
              -27.048715404768064
            ],
            [
              -48.86965308782132,
              -27.038758197560433
            ],
            [
              -48.854845570778664,
              -27.02920179603571
            ],
            [
              -48.84382530813582,
              -27.01744169190928
            ],
            [
              -48.8347392841779,
              -27.00559278904698
            ],
            [
              -48.823570325025,
              -26.990428888337874
            ],
            [
              -48.812882036976916,
              -26.974657012959018
            ],
            [
              -48.79934700011576,
              -26.96032512328111
            ],
            [
              -48.78470404464706,
              -26.947142119899326
            ],
            [
              -48.77145298923605,
              -26.941963774166428
            ],
            [
              -48.75214906867287,
              -26.92417146661166
            ],
            [
              -48.7390569434932,
              -26.927481516716707
            ],
            [
              -48.73336813299392,
              -26.93085923129408
            ],
            [
              -48.72366857930559,
              -26.93233137625189
            ],
            [
              -48.70876520470452,
              -26.926066471672815
            ],
            [
              -48.70107621855749,
              -26.931377489837278
            ],
            [
              -48.69506129252907,
              -26.921780424431656
            ],
            [
              -48.69237849614338,
              -26.919356410603587
            ],
            [
              -48.68959770814566,
              -26.904943725532743
            ],
            [
              -48.68107700962704,
              -26.890008622890633
            ],
            [
              -48.64209992870509,
              -26.90985397920532
            ],
            [
              -48.64453407637147,
              -26.914318557285362
            ],
            [
              -48.684227861753506,
              -26.89578871984081
            ],
            [
              -48.68218452498466,
              -26.906438173469628
            ],
            [
              -48.68386028077295,
              -26.9205226015894
            ],
            [
              -48.68708537031202,
              -26.926600264524716
            ],
            [
              -48.69177482024481,
              -26.936007513491862
            ],
            [
              -48.71081368779934,
              -26.935743683414504
            ],
            [
              -48.71765836718232,
              -26.941656284522182
            ],
            [
              -48.73358571045638,
              -26.942518957753023
            ],
            [
              -48.74431555839293,
              -26.939142347235805
            ],
            [
              -48.75523469606667,
              -26.937362294735635
            ],
            [
              -48.7588873369519,
              -26.95006711762249
            ],
            [
              -48.77792085948499,
              -26.959963727586636
            ],
            [
              -48.792710986275175,
              -26.968484415337215
            ],
            [
              -48.80595613892071,
              -26.980872906507063
            ],
            [
              -48.81963046020905,
              -26.993495663156736
            ],
            [
              -48.83180888055038,
              -27.00768193516783
            ],
            [
              -48.843498691864184,
              -27.017722308090722
            ],
            [
              -48.85451442922134,
              -27.029478203964292
            ],
            [
              -48.869406912178675,
              -27.039097802439564
            ],
            [
              -48.88311172470623,
              -27.049042595231935
            ],
            [
              -48.88692182540713,
              -27.065830411166647
            ],
            [
              -48.90096995394407,
              -27.078696275173215
            ],
            [
              -48.907256,
              -27.090458
            ],
            [
              -48.918501,
              -27.101548
            ],
            [
              -48.934826,
              -27.100458
            ],
            [
              -48.94222,
              -27.114813
            ],
            [
              -48.93764,
              -27.125945
            ],
            [
              -48.950028,
              -27.137113
            ],
            [
              -48.960098,
              -27.128589
            ],
            [
              -48.968129,
              -27.139228
            ],
            [
              -48.97698,
              -27.146192
            ],
            [
              -48.988324,
              -27.143163
            ],
            [
              -49.002254,
              -27.144148
            ],
            [
              -49.0189,
              -27.144004
            ],
            [
              -49.018104,
              -27.155565
            ],
            [
              -49.020961,
              -27.161385
            ],
            [
              -49.009175,
              -27.171366
            ],
            [
              -49.023969,
              -27.173743
            ],
            [
              -49.029489,
              -27.188164
            ],
            [
              -49.02882,
              -27.20118
            ],
            [
              -49.041662,
              -27.195993
            ],
            [
              -49.049085,
              -27.188577
            ],
            [
              -49.057141,
              -27.189659
            ],
            [
              -49.070812,
              -27.191238
            ],
            [
              -49.081437,
              -27.195634
            ],
            [
              -49.089826,
              -27.192315
            ],
            [
              -49.098988,
              -27.186266
            ],
            [
              -49.107287,
              -27.190854
            ],
            [
              -49.113196,
              -27.185519
            ],
            [
              -49.127067,
              -27.185668
            ],
            [
              -49.13178,
              -27.196286
            ],
            [
              -49.145821,
              -27.201979
            ],
            [
              -49.15962,
              -27.207419
            ],
            [
              -49.177862,
              -27.203756
            ],
            [
              -49.188583,
              -27.199846
            ],
            [
              -49.197869,
              -27.207077
            ],
            [
              -49.208826,
              -27.214095
            ],
            [
              -49.213935,
              -27.228775
            ],
            [
              -49.227169,
              -27.232291
            ],
            [
              -49.238816,
              -27.236076
            ],
            [
              -49.251599,
              -27.240798
            ],
            [
              -49.264086,
              -27.248166
            ],
            [
              -49.275717,
              -27.247138
            ],
            [
              -49.282338,
              -27.255794
            ],
            [
              -49.29734,
              -27.258286
            ],
            [
              -49.300787,
              -27.26551
            ],
            [
              -49.306517,
              -27.272471
            ],
            [
              -49.311249,
              -27.283406
            ],
            [
              -49.314099,
              -27.290865
            ],
            [
              -49.314809,
              -27.300662
            ],
            [
              -49.315396,
              -27.310237
            ],
            [
              -49.320496,
              -27.317574
            ],
            [
              -49.322285,
              -27.326855
            ],
            [
              -49.328708,
              -27.334478
            ],
            [
              -49.333905,
              -27.34483
            ],
            [
              -49.340085,
              -27.357628
            ],
            [
              -49.351799,
              -27.368674
            ],
            [
              -49.355735,
              -27.383257
            ],
            [
              -49.362184,
              -27.394553
            ],
            [
              -49.362184,
              -27.394553
            ]
          ]
        ]
      },
      "properties": {
        "river": "mirim",
        "max_stage_m": 26.1,
        "min_stage_m": 5.319999999999999,
        "event": "1983",
        "river_name": "Rio Itaja\u00ed-mirim",
        "fill_color": "#ff0055"
      }
    },
    {
      "type": "Feature",
      "geometry": {
        "type": "Polygon",
        "coordinates": [
          [
            [
              -48.96342283876387,
              -26.69416885129961
            ],
            [
              -48.961289621901145,
              -26.695318934051905
            ],
            [
              -48.959729190099026,
              -26.696000948001362
            ],
            [
              -48.9501320062709,
              -26.69686842523135
            ],
            [
              -48.93750407682237,
              -26.70640491619795
            ],
            [
              -48.93600889922604,
              -26.71090601661493
            ],
            [
              -48.941459815402986,
              -26.706428173707188
            ],
            [
              -48.94078334881849,
              -26.707332265103613
            ],
            [
              -48.94330213908764,
              -26.70832625660724
            ],
            [
              -48.9281465044669,
              -26.710288580025754
            ],
            [
              -48.930131449851814,
              -26.71026346657458
            ],
            [
              -48.937578507264305,
              -26.713015172954247
            ],
            [
              -48.93426872996455,
              -26.71093294520708
            ],
            [
              -48.934708638791896,
              -26.711904289981327
            ],
            [
              -48.93135027348957,
              -26.708207285086353
            ],
            [
              -48.92424401177293,
              -26.70317971331464
            ],
            [
              -48.906180723592534,
              -26.70266155103525
            ],
            [
              -48.91143998920744,
              -26.70272837010665
            ],
            [
              -48.89650424893325,
              -26.706162989735848
            ],
            [
              -48.895875726107,
              -26.707455564003098
            ],
            [
              -48.89111102223943,
              -26.710392251698032
            ],
            [
              -48.89301662955423,
              -26.710694117529624
            ],
            [
              -48.89499417129395,
              -26.71124072205751
            ],
            [
              -48.891332129120556,
              -26.71082242169716
            ],
            [
              -48.88668422457625,
              -26.71049846127398
            ],
            [
              -48.87618333155591,
              -26.711415393812874
            ],
            [
              -48.87049923846677,
              -26.713904750608222
            ],
            [
              -48.8612676869001,
              -26.722274466959302
            ],
            [
              -48.873926338923624,
              -26.716948209950704
            ],
            [
              -48.87878597334429,
              -26.720278645497817
            ],
            [
              -48.869095542973845,
              -26.714529560734352
            ],
            [
              -48.853498568416114,
              -26.717042476594607
            ],
            [
              -48.86094079355282,
              -26.716808442849906
            ],
            [
              -48.84681037322733,
              -26.71887644224985
            ],
            [
              -48.839763807725824,
              -26.73866760974542
            ],
            [
              -48.83999652263375,
              -26.737735214692623
            ],
            [
              -48.85529288090277,
              -26.726644773148173
            ],
            [
              -48.844436612682756,
              -26.72773776519489
            ],
            [
              -48.838057557189856,
              -26.730905023121284
            ],
            [
              -48.83673510785948,
              -26.732358072752255
            ],
            [
              -48.83623640076493,
              -26.73321361997264
            ],
            [
              -48.827922858587684,
              -26.73498004151873
            ],
            [
              -48.82398254739199,
              -26.736792532959697
            ],
            [
              -48.81352471045935,
              -26.742943994880726
            ],
            [
              -48.808677881695175,
              -26.751581836493013
            ],
            [
              -48.80773173617181,
              -26.758914794876425
            ],
            [
              -48.817326905484414,
              -26.750191382668888
            ],
            [
              -48.806881443327406,
              -26.755604360345377
            ],
            [
              -48.81023478787223,
              -26.75538732932977
            ],
            [
              -48.79633150114495,
              -26.76702037991309
            ],
            [
              -48.79545879502128,
              -26.773582649337996
            ],
            [
              -48.79559069337143,
              -26.77663938268151
            ],
            [
              -48.796258367343576,
              -26.777571336044574
            ],
            [
              -48.79597068909934,
              -26.779356656066145
            ],
            [
              -48.792858309428475,
              -26.78295107194012
            ],
            [
              -48.78950842806281,
              -26.786715318935492
            ],
            [
              -48.78638916853082,
              -26.790319588731872
            ],
            [
              -48.78001086871182,
              -26.799252539292375
            ],
            [
              -48.785804413414915,
              -26.817844262479674
            ],
            [
              -48.791871591616996,
              -26.820935502389283
            ],
            [
              -48.79637880199357,
              -26.822633527305335
            ],
            [
              -48.796286901861286,
              -26.82177333833448
            ],
            [
              -48.795622634868444,
              -26.81863507737618
            ],
            [
              -48.7969157251022,
              -26.82403920127601
            ],
            [
              -48.79831334909697,
              -26.828868216623096
            ],
            [
              -48.799675814474725,
              -26.833429892844627
            ],
            [
              -48.800990583606264,
              -26.83800140108475
            ],
            [
              -48.80179305857511,
              -26.839883568150004
            ],
            [
              -48.8080149618929,
              -26.833740862884348
            ],
            [
              -48.811635176172764,
              -26.834104860173987
            ],
            [
              -48.80420838746449,
              -26.834722952493767
            ],
            [
              -48.7902716245324,
              -26.84226661147835
            ],
            [
              -48.786498608557906,
              -26.853452347587567
            ],
            [
              -48.78691537411086,
              -26.858109471767136
            ],
            [
              -48.7899867207026,
              -26.85455796993303
            ],
            [
              -48.78556546527116,
              -26.86179231472684
            ],
            [
              -48.78724585233849,
              -26.861346896412524
            ],
            [
              -48.802819403781044,
              -26.861864225331097
            ],
            [
              -48.77735670024803,
              -26.8728853955482
            ],
            [
              -48.77814024550296,
              -26.8765743955482
            ],
            [
              -48.80601775449704,
              -26.8712896044518
            ],
            [
              -48.80523329975197,
              -26.8676006044518
            ],
            [
              -48.78813059621896,
              -26.883649774668903
            ],
            [
              -48.80916614766151,
              -26.877593103587476
            ],
            [
              -48.813166534728836,
              -26.868119685273157
            ],
            [
              -48.812973279297395,
              -26.86958403006697
            ],
            [
              -48.81533662588913,
              -26.856270528232862
            ],
            [
              -48.81487939144209,
              -26.851181652412432
            ],
            [
              -48.8154503754676,
              -26.854167388521653
            ],
            [
              -48.81092361253551,
              -26.859429047506236
            ],
            [
              -48.81327082382723,
              -26.859485139826013
            ],
            [
              -48.824457038107106,
              -26.85450313711565
            ],
            [
              -48.8302569414249,
              -26.838766431849994
            ],
            [
              -48.82844741639373,
              -26.83121659891525
            ],
            [
              -48.82704818552527,
              -26.826382107155375
            ],
            [
              -48.82560265090302,
              -26.821571783376907
            ],
            [
              -48.824286274897794,
              -26.816992798723994
            ],
            [
              -48.82336936513156,
              -26.81288292262382
            ],
            [
              -48.81579709813871,
              -26.803250661665523
            ],
            [
              -48.806559198006426,
              -26.798890472694666
            ],
            [
              -48.80189840838301,
              -26.79714049761072
            ],
            [
              -48.79959358658508,
              -26.795599737520327
            ],
            [
              -48.80759913128818,
              -26.805571460707625
            ],
            [
              -48.80771283146919,
              -26.80717241126813
            ],
            [
              -48.81101357193719,
              -26.803382681064505
            ],
            [
              -48.81416169057153,
              -26.799822928059882
            ],
            [
              -48.81746731090066,
              -26.79603134393385
            ],
            [
              -48.82161363265643,
              -26.789144663955426
            ],
            [
              -48.823743306628565,
              -26.78046061731849
            ],
            [
              -48.82393320497872,
              -26.773733350662006
            ],
            [
              -48.82448849885505,
              -26.770801620086907
            ],
            [
              -48.819353212127766,
              -26.77947067067023
            ],
            [
              -48.82887655667259,
              -26.771747639654624
            ],
            [
              -48.82690909451559,
              -26.77413061733111
            ],
            [
              -48.836176263828186,
              -26.757817205123573
            ],
            [
              -48.836776118304826,
              -26.755676163506987
            ],
            [
              -48.836617289540655,
              -26.757812005119277
            ],
            [
              -48.835043452608005,
              -26.760217467040306
            ],
            [
              -48.839697141412316,
              -26.758125958481266
            ],
            [
              -48.840953599235064,
              -26.75828438002736
            ],
            [
              -48.84845489214052,
              -26.755525927247746
            ],
            [
              -48.85469244281015,
              -26.751534976878713
            ],
            [
              -48.85674138731724,
              -26.75066223480511
            ],
            [
              -48.85429111909723,
              -26.752051226851826
            ],
            [
              -48.867883477366256,
              -26.732636785307374
            ],
            [
              -48.86361619227417,
              -26.72479439025458
            ],
            [
              -48.863681626772674,
              -26.739351557750147
            ],
            [
              -48.85866920644718,
              -26.742149557150096
            ],
            [
              -48.87282543158389,
              -26.735705523405393
            ],
            [
              -48.86359445702616,
              -26.73947243926565
            ],
            [
              -48.85925202665571,
              -26.738769354502185
            ],
            [
              -48.87310366107637,
              -26.742359790049296
            ],
            [
              -48.887958313099894,
              -26.7311055330407
            ],
            [
              -48.884952761533235,
              -26.73580524939178
            ],
            [
              -48.88746666844409,
              -26.734754606187128
            ],
            [
              -48.885921775423746,
              -26.73591153872602
            ],
            [
              -48.889235870879446,
              -26.73617557830284
            ],
            [
              -48.89159782870605,
              -26.736481277942488
            ],
            [
              -48.900223370445765,
              -26.735287882470377
            ],
            [
              -48.90878097776057,
              -26.730321748301968
            ],
            [
              -48.910752273893,
              -26.729128435996905
            ],
            [
              -48.91631975106676,
              -26.724411010264152
            ],
            [
              -48.910532010792565,
              -26.72813762989335
            ],
            [
              -48.92253927640747,
              -26.723464448964748
            ],
            [
              -48.91322798822708,
              -26.72662028668536
            ],
            [
              -48.912447726510436,
              -26.727212714913648
            ],
            [
              -48.9124093612081,
              -26.72770171001867
            ],
            [
              -48.91964527003545,
              -26.732743054792923
            ],
            [
              -48.922269492735694,
              -26.734446827045755
            ],
            [
              -48.938328550148185,
              -26.734608533425416
            ],
            [
              -48.94583149553309,
              -26.73020741997425
            ],
            [
              -48.93895186091236,
              -26.733449743392757
            ],
            [
              -48.95034865118151,
              -26.73127573489639
            ],
            [
              -48.95632018459701,
              -26.728109826292815
            ],
            [
              -48.96341510077396,
              -26.71775998338507
            ],
            [
              -48.96452392317763,
              -26.71438708380205
            ],
            [
              -48.96053399372911,
              -26.72053157476865
            ],
            [
              -48.95965080990098,
              -26.721423051998634
            ],
            [
              -48.96715637809885,
              -26.720195065948097
            ],
            [
              -48.973957161236136,
              -26.71778514870039
            ],
            [
              -48.96342283876387,
              -26.69416885129961
            ]
          ]
        ]
      },
      "properties": {
        "river": "luis_alves",
        "max_stage_m": 116.37100000000001,
        "min_stage_m": 12.271,
        "event": "1983",
        "river_name": "Rio Lu\u00eds Alves",
        "fill_color": "#ff0055"
      }
    },
    {
      "type": "Feature",
      "geometry": {
        "type": "Polygon",
        "coordinates": [
          [
            [
              -49.792,
              -27.3
            ],
            [
              -49.792,
              -27.3
            ],
            [
              -49.792,
              -27.3
            ],
            [
              -49.792,
              -27.3
            ],
            [
              -49.792,
              -27.3
            ],
            [
              -49.792,
              -27.3
            ],
            [
              -49.792,
              -27.3
            ],
            [
              -49.792,
              -27.3
            ],
            [
              -49.792,
              -27.3
            ],
            [
              -49.792,
              -27.3
            ],
            [
              -49.792,
              -27.3
            ],
            [
              -49.792,
              -27.3
            ],
            [
              -49.792,
              -27.3
            ],
            [
              -49.792,
              -27.3
            ],
            [
              -49.792,
              -27.3
            ],
            [
              -49.792,
              -27.3
            ],
            [
              -49.792,
              -27.3
            ],
            [
              -49.792,
              -27.3
            ],
            [
              -49.792,
              -27.3
            ],
            [
              -49.792,
              -27.3
            ],
            [
              -49.792,
              -27.3
            ],
            [
              -49.792,
              -27.3
            ],
            [
              -49.792,
              -27.3
            ],
            [
              -49.792,
              -27.3
            ],
            [
              -49.792,
              -27.3
            ],
            [
              -49.792,
              -27.3
            ],
            [
              -49.792,
              -27.3
            ],
            [
              -49.792,
              -27.3
            ],
            [
              -49.792,
              -27.3
            ],
            [
              -49.792,
              -27.3
            ],
            [
              -49.792,
              -27.3
            ],
            [
              -49.792,
              -27.3
            ],
            [
              -49.792,
              -27.3
            ],
            [
              -49.792,
              -27.3
            ],
            [
              -49.792,
              -27.3
            ],
            [
              -49.792,
              -27.3
            ],
            [
              -49.792,
              -27.3
            ],
            [
              -49.792,
              -27.3
            ],
            [
              -49.792,
              -27.3
            ],
            [
              -49.792,
              -27.3
            ],
            [
              -49.792,
              -27.3
            ],
            [
              -49.792,
              -27.3
            ],
            [
              -49.792,
              -27.3
            ],
            [
              -49.792,
              -27.3
            ],
            [
              -49.792,
              -27.3
            ],
            [
              -49.792,
              -27.3
            ],
            [
              -49.792,
              -27.3
            ],
            [
              -49.792,
              -27.3
            ],
            [
              -49.792,
              -27.3
            ],
            [
              -49.792,
              -27.3
            ],
            [
              -49.792,
              -27.3
            ],
            [
              -49.792,
              -27.3
            ],
            [
              -49.792,
              -27.3
            ],
            [
              -49.792,
              -27.3
            ],
            [
              -49.792,
              -27.3
            ],
            [
              -49.792,
              -27.3
            ],
            [
              -49.792,
              -27.3
            ],
            [
              -49.792,
              -27.3
            ],
            [
              -49.792,
              -27.3
            ],
            [
              -49.792,
              -27.3
            ],
            [
              -49.792,
              -27.3
            ],
            [
              -49.792,
              -27.3
            ],
            [
              -49.792,
              -27.3
            ],
            [
              -49.792,
              -27.3
            ],
            [
              -49.792,
              -27.3
            ],
            [
              -49.792,
              -27.3
            ],
            [
              -49.792,
              -27.3
            ],
            [
              -49.792,
              -27.3
            ],
            [
              -49.792,
              -27.3
            ],
            [
              -49.792,
              -27.3
            ],
            [
              -49.792,
              -27.3
            ],
            [
              -49.792,
              -27.3
            ],
            [
              -49.792,
              -27.3
            ],
            [
              -49.792,
              -27.3
            ],
            [
              -49.792,
              -27.3
            ],
            [
              -49.792,
              -27.3
            ],
            [
              -49.792,
              -27.3
            ],
            [
              -49.792,
              -27.3
            ],
            [
              -49.792,
              -27.3
            ],
            [
              -49.792,
              -27.3
            ],
            [
              -49.792,
              -27.3
            ],
            [
              -49.792,
              -27.3
            ],
            [
              -49.792,
              -27.3
            ],
            [
              -49.792,
              -27.3
            ],
            [
              -49.792,
              -27.3
            ],
            [
              -49.792,
              -27.3
            ],
            [
              -49.792,
              -27.3
            ],
            [
              -49.792,
              -27.3
            ],
            [
              -49.792,
              -27.3
            ],
            [
              -49.792,
              -27.3
            ],
            [
              -49.792,
              -27.3
            ],
            [
              -49.792,
              -27.3
            ],
            [
              -49.792,
              -27.3
            ],
            [
              -49.792,
              -27.3
            ],
            [
              -49.792,
              -27.3
            ],
            [
              -49.792,
              -27.3
            ],
            [
              -49.792,
              -27.3
            ],
            [
              -49.792,
              -27.3
            ],
            [
              -49.792,
              -27.3
            ],
            [
              -49.792,
              -27.3
            ],
            [
              -49.792,
              -27.3
            ],
            [
              -49.792,
              -27.3
            ],
            [
              -49.792,
              -27.3
            ],
            [
              -49.792,
              -27.3
            ],
            [
              -49.792,
              -27.3
            ],
            [
              -49.792,
              -27.3
            ],
            [
              -49.792,
              -27.3
            ],
            [
              -49.792,
              -27.3
            ],
            [
              -49.792,
              -27.3
            ],
            [
              -49.792,
              -27.3
            ],
            [
              -49.792,
              -27.3
            ],
            [
              -49.792,
              -27.3
            ],
            [
              -49.792,
              -27.3
            ],
            [
              -49.792,
              -27.3
            ],
            [
              -49.792,
              -27.3
            ],
            [
              -49.792,
              -27.3
            ],
            [
              -49.792,
              -27.3
            ],
            [
              -49.792,
              -27.3
            ],
            [
              -49.792,
              -27.3
            ],
            [
              -49.792,
              -27.3
            ],
            [
              -49.792,
              -27.3
            ],
            [
              -49.792,
              -27.3
            ],
            [
              -49.792,
              -27.3
            ],
            [
              -49.792,
              -27.3
            ],
            [
              -49.792,
              -27.3
            ],
            [
              -49.792,
              -27.3
            ],
            [
              -49.792,
              -27.3
            ],
            [
              -49.792,
              -27.3
            ],
            [
              -49.792,
              -27.3
            ],
            [
              -49.792,
              -27.3
            ],
            [
              -49.792,
              -27.3
            ],
            [
              -49.792,
              -27.3
            ],
            [
              -49.792,
              -27.3
            ],
            [
              -49.792,
              -27.3
            ],
            [
              -49.792,
              -27.3
            ],
            [
              -49.792,
              -27.3
            ],
            [
              -49.792,
              -27.3
            ],
            [
              -49.792,
              -27.3
            ],
            [
              -49.792,
              -27.3
            ],
            [
              -49.792,
              -27.3
            ],
            [
              -49.792,
              -27.3
            ],
            [
              -49.792,
              -27.3
            ],
            [
              -49.792,
              -27.3
            ],
            [
              -49.792,
              -27.3
            ],
            [
              -49.792,
              -27.3
            ],
            [
              -49.792,
              -27.3
            ],
            [
              -49.792,
              -27.3
            ],
            [
              -49.792,
              -27.3
            ],
            [
              -49.792,
              -27.3
            ],
            [
              -49.792,
              -27.3
            ],
            [
              -49.792,
              -27.3
            ],
            [
              -49.792,
              -27.3
            ],
            [
              -49.792,
              -27.3
            ],
            [
              -49.792,
              -27.3
            ],
            [
              -49.792,
              -27.3
            ],
            [
              -49.792,
              -27.3
            ],
            [
              -49.792,
              -27.3
            ],
            [
              -49.792,
              -27.3
            ],
            [
              -49.792,
              -27.3
            ],
            [
              -49.792,
              -27.3
            ],
            [
              -49.792,
              -27.3
            ]
          ]
        ]
      },
      "properties": {
        "river": "trombudo",
        "max_stage_m": 443.05,
        "min_stage_m": 343.05,
        "event": "1983",
        "river_name": "Rio Trombudo",
        "fill_color": "#ff0055"
      }
    },
    {
      "type": "Feature",
      "geometry": {
        "type": "Polygon",
        "coordinates": [
          [
            [
              -50.075,
              -27.195
            ],
            [
              -50.075,
              -27.195
            ],
            [
              -50.075,
              -27.195
            ],
            [
              -50.075,
              -27.195
            ],
            [
              -50.075,
              -27.195
            ],
            [
              -50.075,
              -27.195
            ],
            [
              -50.075,
              -27.195
            ],
            [
              -50.075,
              -27.195
            ],
            [
              -50.075,
              -27.195
            ],
            [
              -50.075,
              -27.195
            ],
            [
              -50.075,
              -27.195
            ],
            [
              -50.075,
              -27.195
            ],
            [
              -50.075,
              -27.195
            ],
            [
              -50.075,
              -27.195
            ],
            [
              -50.075,
              -27.195
            ],
            [
              -50.075,
              -27.195
            ],
            [
              -50.075,
              -27.195
            ],
            [
              -50.075,
              -27.195
            ],
            [
              -50.075,
              -27.195
            ],
            [
              -50.075,
              -27.195
            ],
            [
              -50.075,
              -27.195
            ],
            [
              -50.075,
              -27.195
            ],
            [
              -50.075,
              -27.195
            ],
            [
              -50.075,
              -27.195
            ],
            [
              -50.075,
              -27.195
            ],
            [
              -50.075,
              -27.195
            ],
            [
              -50.075,
              -27.195
            ],
            [
              -50.075,
              -27.195
            ],
            [
              -50.075,
              -27.195
            ],
            [
              -50.075,
              -27.195
            ],
            [
              -50.075,
              -27.195
            ],
            [
              -50.075,
              -27.195
            ],
            [
              -50.075,
              -27.195
            ],
            [
              -50.075,
              -27.195
            ],
            [
              -50.075,
              -27.195
            ],
            [
              -50.075,
              -27.195
            ],
            [
              -50.075,
              -27.195
            ],
            [
              -50.075,
              -27.195
            ],
            [
              -50.075,
              -27.195
            ],
            [
              -50.075,
              -27.195
            ],
            [
              -50.075,
              -27.195
            ],
            [
              -50.075,
              -27.195
            ],
            [
              -50.075,
              -27.195
            ],
            [
              -50.075,
              -27.195
            ],
            [
              -50.075,
              -27.195
            ],
            [
              -50.075,
              -27.195
            ],
            [
              -50.075,
              -27.195
            ],
            [
              -50.075,
              -27.195
            ],
            [
              -50.075,
              -27.195
            ],
            [
              -50.075,
              -27.195
            ],
            [
              -50.075,
              -27.195
            ],
            [
              -50.075,
              -27.195
            ],
            [
              -50.075,
              -27.195
            ],
            [
              -50.075,
              -27.195
            ],
            [
              -50.075,
              -27.195
            ],
            [
              -50.075,
              -27.195
            ],
            [
              -50.075,
              -27.195
            ],
            [
              -50.075,
              -27.195
            ],
            [
              -50.075,
              -27.195
            ],
            [
              -50.075,
              -27.195
            ],
            [
              -50.075,
              -27.195
            ],
            [
              -50.075,
              -27.195
            ],
            [
              -50.075,
              -27.195
            ],
            [
              -50.075,
              -27.195
            ],
            [
              -50.075,
              -27.195
            ],
            [
              -50.075,
              -27.195
            ],
            [
              -50.075,
              -27.195
            ],
            [
              -50.075,
              -27.195
            ],
            [
              -50.075,
              -27.195
            ],
            [
              -50.075,
              -27.195
            ],
            [
              -50.075,
              -27.195
            ],
            [
              -50.075,
              -27.195
            ],
            [
              -50.075,
              -27.195
            ],
            [
              -50.075,
              -27.195
            ],
            [
              -50.075,
              -27.195
            ],
            [
              -50.075,
              -27.195
            ],
            [
              -50.075,
              -27.195
            ],
            [
              -50.075,
              -27.195
            ],
            [
              -50.075,
              -27.195
            ],
            [
              -50.075,
              -27.195
            ],
            [
              -50.075,
              -27.195
            ],
            [
              -50.075,
              -27.195
            ],
            [
              -50.075,
              -27.195
            ],
            [
              -50.075,
              -27.195
            ],
            [
              -50.075,
              -27.195
            ],
            [
              -50.075,
              -27.195
            ],
            [
              -50.075,
              -27.195
            ],
            [
              -50.075,
              -27.195
            ],
            [
              -50.075,
              -27.195
            ],
            [
              -50.075,
              -27.195
            ],
            [
              -50.075,
              -27.195
            ],
            [
              -50.075,
              -27.195
            ],
            [
              -50.075,
              -27.195
            ],
            [
              -50.075,
              -27.195
            ],
            [
              -50.075,
              -27.195
            ],
            [
              -50.075,
              -27.195
            ],
            [
              -50.075,
              -27.195
            ],
            [
              -50.075,
              -27.195
            ],
            [
              -50.075,
              -27.195
            ],
            [
              -50.075,
              -27.195
            ],
            [
              -50.075,
              -27.195
            ],
            [
              -50.075,
              -27.195
            ],
            [
              -50.075,
              -27.195
            ],
            [
              -50.075,
              -27.195
            ],
            [
              -50.075,
              -27.195
            ],
            [
              -50.075,
              -27.195
            ],
            [
              -50.075,
              -27.195
            ],
            [
              -50.075,
              -27.195
            ],
            [
              -50.075,
              -27.195
            ],
            [
              -50.075,
              -27.195
            ],
            [
              -50.075,
              -27.195
            ],
            [
              -50.075,
              -27.195
            ],
            [
              -50.075,
              -27.195
            ],
            [
              -50.075,
              -27.195
            ],
            [
              -50.075,
              -27.195
            ],
            [
              -50.075,
              -27.195
            ],
            [
              -50.075,
              -27.195
            ],
            [
              -50.075,
              -27.195
            ],
            [
              -50.075,
              -27.195
            ],
            [
              -50.075,
              -27.195
            ],
            [
              -50.075,
              -27.195
            ],
            [
              -50.075,
              -27.195
            ],
            [
              -50.075,
              -27.195
            ],
            [
              -50.075,
              -27.195
            ],
            [
              -50.075,
              -27.195
            ],
            [
              -50.075,
              -27.195
            ],
            [
              -50.075,
              -27.195
            ],
            [
              -50.075,
              -27.195
            ],
            [
              -50.075,
              -27.195
            ],
            [
              -50.075,
              -27.195
            ],
            [
              -50.075,
              -27.195
            ],
            [
              -50.075,
              -27.195
            ],
            [
              -50.075,
              -27.195
            ],
            [
              -50.075,
              -27.195
            ],
            [
              -50.075,
              -27.195
            ],
            [
              -50.075,
              -27.195
            ],
            [
              -50.075,
              -27.195
            ],
            [
              -50.075,
              -27.195
            ],
            [
              -50.075,
              -27.195
            ],
            [
              -50.075,
              -27.195
            ],
            [
              -50.075,
              -27.195
            ],
            [
              -50.075,
              -27.195
            ],
            [
              -50.075,
              -27.195
            ],
            [
              -50.075,
              -27.195
            ],
            [
              -50.075,
              -27.195
            ],
            [
              -50.075,
              -27.195
            ],
            [
              -50.075,
              -27.195
            ],
            [
              -50.075,
              -27.195
            ],
            [
              -50.075,
              -27.195
            ],
            [
              -50.075,
              -27.195
            ],
            [
              -50.075,
              -27.195
            ],
            [
              -50.075,
              -27.195
            ],
            [
              -50.075,
              -27.195
            ],
            [
              -50.075,
              -27.195
            ],
            [
              -50.075,
              -27.195
            ],
            [
              -50.075,
              -27.195
            ],
            [
              -50.075,
              -27.195
            ],
            [
              -50.075,
              -27.195
            ],
            [
              -50.075,
              -27.195
            ],
            [
              -50.075,
              -27.195
            ],
            [
              -50.075,
              -27.195
            ]
          ]
        ]
      },
      "properties": {
        "river": "mirim_doce",
        "max_stage_m": 573.05,
        "min_stage_m": 368.05,
        "event": "1983",
        "river_name": "Rio Mirim Doce",
        "fill_color": "#ff0055"
      }
    },
    {
      "type": "Feature",
      "geometry": {
        "type": "Polygon",
        "coordinates": [
          [
            [
              -49.705,
              -27.535
            ],
            [
              -49.705,
              -27.535
            ],
            [
              -49.705,
              -27.535
            ],
            [
              -49.705,
              -27.535
            ],
            [
              -49.705,
              -27.535
            ],
            [
              -49.705,
              -27.535
            ],
            [
              -49.705,
              -27.535
            ],
            [
              -49.705,
              -27.535
            ],
            [
              -49.705,
              -27.535
            ],
            [
              -49.705,
              -27.535
            ],
            [
              -49.705,
              -27.535
            ],
            [
              -49.705,
              -27.535
            ],
            [
              -49.705,
              -27.535
            ],
            [
              -49.705,
              -27.535
            ],
            [
              -49.705,
              -27.535
            ],
            [
              -49.705,
              -27.535
            ],
            [
              -49.705,
              -27.535
            ],
            [
              -49.705,
              -27.535
            ],
            [
              -49.705,
              -27.535
            ],
            [
              -49.705,
              -27.535
            ],
            [
              -49.705,
              -27.535
            ],
            [
              -49.705,
              -27.535
            ],
            [
              -49.705,
              -27.535
            ],
            [
              -49.705,
              -27.535
            ],
            [
              -49.705,
              -27.535
            ],
            [
              -49.705,
              -27.535
            ],
            [
              -49.705,
              -27.535
            ],
            [
              -49.705,
              -27.535
            ],
            [
              -49.705,
              -27.535
            ],
            [
              -49.705,
              -27.535
            ],
            [
              -49.705,
              -27.535
            ],
            [
              -49.705,
              -27.535
            ],
            [
              -49.705,
              -27.535
            ],
            [
              -49.705,
              -27.535
            ],
            [
              -49.705,
              -27.535
            ],
            [
              -49.705,
              -27.535
            ],
            [
              -49.705,
              -27.535
            ],
            [
              -49.705,
              -27.535
            ],
            [
              -49.705,
              -27.535
            ],
            [
              -49.705,
              -27.535
            ],
            [
              -49.705,
              -27.535
            ],
            [
              -49.705,
              -27.535
            ],
            [
              -49.705,
              -27.535
            ],
            [
              -49.705,
              -27.535
            ],
            [
              -49.705,
              -27.535
            ],
            [
              -49.705,
              -27.535
            ],
            [
              -49.705,
              -27.535
            ],
            [
              -49.705,
              -27.535
            ],
            [
              -49.705,
              -27.535
            ],
            [
              -49.705,
              -27.535
            ],
            [
              -49.705,
              -27.535
            ],
            [
              -49.705,
              -27.535
            ],
            [
              -49.705,
              -27.535
            ],
            [
              -49.705,
              -27.535
            ],
            [
              -49.705,
              -27.535
            ],
            [
              -49.705,
              -27.535
            ],
            [
              -49.705,
              -27.535
            ],
            [
              -49.705,
              -27.535
            ],
            [
              -49.705,
              -27.535
            ],
            [
              -49.705,
              -27.535
            ],
            [
              -49.705,
              -27.535
            ],
            [
              -49.705,
              -27.535
            ],
            [
              -49.705,
              -27.535
            ],
            [
              -49.705,
              -27.535
            ],
            [
              -49.705,
              -27.535
            ],
            [
              -49.705,
              -27.535
            ],
            [
              -49.705,
              -27.535
            ],
            [
              -49.705,
              -27.535
            ],
            [
              -49.705,
              -27.535
            ],
            [
              -49.705,
              -27.535
            ],
            [
              -49.705,
              -27.535
            ],
            [
              -49.705,
              -27.535
            ],
            [
              -49.705,
              -27.535
            ],
            [
              -49.705,
              -27.535
            ],
            [
              -49.705,
              -27.535
            ],
            [
              -49.705,
              -27.535
            ],
            [
              -49.705,
              -27.535
            ],
            [
              -49.705,
              -27.535
            ],
            [
              -49.705,
              -27.535
            ],
            [
              -49.705,
              -27.535
            ],
            [
              -49.705,
              -27.535
            ],
            [
              -49.705,
              -27.535
            ],
            [
              -49.705,
              -27.535
            ],
            [
              -49.705,
              -27.535
            ],
            [
              -49.705,
              -27.535
            ],
            [
              -49.705,
              -27.535
            ],
            [
              -49.705,
              -27.535
            ],
            [
              -49.705,
              -27.535
            ],
            [
              -49.705,
              -27.535
            ],
            [
              -49.705,
              -27.535
            ],
            [
              -49.705,
              -27.535
            ],
            [
              -49.705,
              -27.535
            ],
            [
              -49.705,
              -27.535
            ],
            [
              -49.705,
              -27.535
            ],
            [
              -49.705,
              -27.535
            ],
            [
              -49.705,
              -27.535
            ],
            [
              -49.705,
              -27.535
            ],
            [
              -49.705,
              -27.535
            ],
            [
              -49.705,
              -27.535
            ],
            [
              -49.705,
              -27.535
            ],
            [
              -49.705,
              -27.535
            ],
            [
              -49.705,
              -27.535
            ],
            [
              -49.705,
              -27.535
            ],
            [
              -49.705,
              -27.535
            ],
            [
              -49.705,
              -27.535
            ],
            [
              -49.705,
              -27.535
            ],
            [
              -49.705,
              -27.535
            ],
            [
              -49.705,
              -27.535
            ],
            [
              -49.705,
              -27.535
            ],
            [
              -49.705,
              -27.535
            ],
            [
              -49.705,
              -27.535
            ],
            [
              -49.705,
              -27.535
            ],
            [
              -49.705,
              -27.535
            ],
            [
              -49.705,
              -27.535
            ],
            [
              -49.705,
              -27.535
            ],
            [
              -49.705,
              -27.535
            ],
            [
              -49.705,
              -27.535
            ],
            [
              -49.705,
              -27.535
            ],
            [
              -49.705,
              -27.535
            ],
            [
              -49.705,
              -27.535
            ],
            [
              -49.705,
              -27.535
            ],
            [
              -49.705,
              -27.535
            ],
            [
              -49.705,
              -27.535
            ],
            [
              -49.705,
              -27.535
            ],
            [
              -49.705,
              -27.535
            ],
            [
              -49.705,
              -27.535
            ],
            [
              -49.705,
              -27.535
            ],
            [
              -49.705,
              -27.535
            ],
            [
              -49.705,
              -27.535
            ],
            [
              -49.705,
              -27.535
            ],
            [
              -49.705,
              -27.535
            ],
            [
              -49.705,
              -27.535
            ],
            [
              -49.705,
              -27.535
            ],
            [
              -49.705,
              -27.535
            ],
            [
              -49.705,
              -27.535
            ],
            [
              -49.705,
              -27.535
            ],
            [
              -49.705,
              -27.535
            ],
            [
              -49.705,
              -27.535
            ],
            [
              -49.705,
              -27.535
            ],
            [
              -49.705,
              -27.535
            ],
            [
              -49.705,
              -27.535
            ],
            [
              -49.705,
              -27.535
            ],
            [
              -49.705,
              -27.535
            ],
            [
              -49.705,
              -27.535
            ],
            [
              -49.705,
              -27.535
            ],
            [
              -49.705,
              -27.535
            ],
            [
              -49.705,
              -27.535
            ],
            [
              -49.705,
              -27.535
            ],
            [
              -49.705,
              -27.535
            ],
            [
              -49.705,
              -27.535
            ],
            [
              -49.705,
              -27.535
            ],
            [
              -49.705,
              -27.535
            ],
            [
              -49.705,
              -27.535
            ],
            [
              -49.705,
              -27.535
            ],
            [
              -49.705,
              -27.535
            ],
            [
              -49.705,
              -27.535
            ],
            [
              -49.705,
              -27.535
            ],
            [
              -49.705,
              -27.535
            ],
            [
              -49.705,
              -27.535
            ],
            [
              -49.705,
              -27.535
            ],
            [
              -49.705,
              -27.535
            ]
          ]
        ]
      },
      "properties": {
        "river": "perimbo",
        "max_stage_m": 473.05,
        "min_stage_m": 393.05,
        "event": "1983",
        "river_name": "Rio Perimb\u00f3",
        "fill_color": "#ff0055"
      }
    },
    {
      "type": "Feature",
      "geometry": {
        "type": "Polygon",
        "coordinates": [
          [
            [
              -49.651435355161496,
              -27.210342095121202
            ],
            [
              -49.63127314089642,
              -27.20718866558178
            ],
            [
              -49.62707046556158,
              -27.197002977791954
            ],
            [
              -49.608185,
              -27.191913
            ],
            [
              -49.590629,
              -27.179579
            ],
            [
              -49.579262,
              -27.186863
            ],
            [
              -49.570904,
              -27.171022
            ],
            [
              -49.549317,
              -27.174801
            ],
            [
              -49.552335,
              -27.156344
            ],
            [
              -49.543674,
              -27.155337
            ],
            [
              -49.535034,
              -27.143606
            ],
            [
              -49.529845,
              -27.136552
            ],
            [
              -49.517774,
              -27.129609
            ],
            [
              -49.528973002306394,
              -27.082891000406647
            ],
            [
              -49.52507587011204,
              -27.123209194204023
            ],
            [
              -49.52862206715312,
              -27.05954322957011
            ],
            [
              -49.50713701333716,
              -27.053319173552566
            ],
            [
              -49.465999175511115,
              -27.058104156756198
            ],
            [
              -49.48087975530025,
              -27.067632890390623
            ],
            [
              -49.4769505164352,
              -27.06613352749819
            ],
            [
              -49.465258120987116,
              -27.05880030067778
            ],
            [
              -49.45127298934146,
              -27.048682515764888
            ],
            [
              -49.425697759022405,
              -27.038037421574046
            ],
            [
              -49.42997166515547,
              -27.04654257503975
            ],
            [
              -49.42562117672161,
              -27.04780828273018
            ],
            [
              -49.40772633476029,
              -27.00697138699724
            ],
            [
              -49.405405188763055,
              -27.03046824687505
            ],
            [
              -49.41125864118413,
              -27.00823648575216
            ],
            [
              -49.40785287656669,
              -26.967552463950764
            ],
            [
              -49.40173841311896,
              -26.961778684286852
            ],
            [
              -49.34898413800073,
              -26.926228043695478
            ],
            [
              -49.34305829214388,
              -26.932765123052683
            ],
            [
              -49.3582565495859,
              -26.959455578537824
            ],
            [
              -49.32418095665686,
              -26.92573248307729
            ],
            [
              -49.32069036980581,
              -26.928160779501724
            ],
            [
              -49.32000863832717,
              -26.9352564717229
            ],
            [
              -49.31120299712144,
              -26.91617307081477
            ],
            [
              -49.28876108216157,
              -26.88597858642679
            ],
            [
              -49.27095163146045,
              -26.875941773619733
            ],
            [
              -49.252774889445874,
              -26.866400420921224
            ],
            [
              -49.206261664512674,
              -26.854529584275426
            ],
            [
              -49.217157039982006,
              -26.86404833074842
            ],
            [
              -49.175218397331086,
              -26.850558066282407
            ],
            [
              -49.143359983574214,
              -26.86045051473647
            ],
            [
              -49.1536345231291,
              -26.868316006103306
            ],
            [
              -49.145308903765134,
              -26.86802704622679
            ],
            [
              -49.11296210444562,
              -26.849873675073315
            ],
            [
              -49.06380229596496,
              -26.860014958465115
            ],
            [
              -49.075405947100776,
              -26.865469296647227
            ],
            [
              -49.02905745831699,
              -26.908192752820888
            ],
            [
              -49.07555553920763,
              -26.88667733335545
            ],
            [
              -49.0817695023674,
              -26.895796131723316
            ],
            [
              -49.02634760353835,
              -26.872371613068076
            ],
            [
              -49.05006637564743,
              -26.88679008573179
            ],
            [
              -49.01659913095883,
              -26.86528947291943
            ],
            [
              -48.961233039778904,
              -26.878750664568006
            ],
            [
              -48.959745442678624,
              -26.88874349497627
            ],
            [
              -48.98016464760802,
              -26.900364706240033
            ],
            [
              -48.95937755161055,
              -26.889052728779912
            ],
            [
              -48.92209477560474,
              -26.880102691557198
            ],
            [
              -48.8860099370803,
              -26.889393059251937
            ],
            [
              -48.907849585873436,
              -26.902242145325143
            ],
            [
              -48.87855293881339,
              -26.884444284620955
            ],
            [
              -48.86126196687844,
              -26.880343288271057
            ],
            [
              -48.8493078119717,
              -26.876665542165288
            ],
            [
              -48.82812851368514,
              -26.85995529978033
            ],
            [
              -48.77703846457623,
              -26.84774949589831
            ],
            [
              -48.77703159164609,
              -26.853692479949423
            ],
            [
              -48.79484224918582,
              -26.8828142501542
            ],
            [
              -48.767600077926325,
              -26.830270267915118
            ],
            [
              -48.770497262139564,
              -26.840002320823842
            ],
            [
              -48.705760390027066,
              -26.81949156599056
            ],
            [
              -48.68714810171822,
              -26.86070229277009
            ],
            [
              -48.731459157246036,
              -26.844477958274066
            ],
            [
              -48.70877556906124,
              -26.84010693435171
            ],
            [
              -48.65615649517685,
              -26.862545187079945
            ],
            [
              -48.6869809614944,
              -26.85718850401056
            ],
            [
              -48.6329723530909,
              -26.87830480336439
            ],
            [
              -48.64269287305741,
              -26.875419439357266
            ],
            [
              -48.62450374568551,
              -26.888129439357268
            ],
            [
              -48.662269278516334,
              -26.936316485073455
            ],
            [
              -48.68048712694258,
              -26.923648560642732
            ],
            [
              -48.6971116469091,
              -26.892069196635607
            ],
            [
              -48.6824590385056,
              -26.91588949598944
            ],
            [
              -48.720747504823144,
              -26.874470812920052
            ],
            [
              -48.70531043093876,
              -26.898865065648287
            ],
            [
              -48.71761084275397,
              -26.902006041725937
            ],
            [
              -48.75073989828178,
              -26.84510570722991
            ],
            [
              -48.75642360997293,
              -26.857154434009438
            ],
            [
              -48.715572737860434,
              -26.87257567917616
            ],
            [
              -48.75739992207368,
              -26.88840173208488
            ],
            [
              -48.72889975081418,
              -26.881181749845798
            ],
            [
              -48.7716744083539,
              -26.912337520050578
            ],
            [
              -48.80711953542377,
              -26.90011450410169
            ],
            [
              -48.79464948631486,
              -26.910654700219666
            ],
            [
              -48.8071441880283,
              -26.921922457834714
            ],
            [
              -48.83661803312156,
              -26.934924711728947
            ],
            [
              -48.8626970611866,
              -26.941559715379043
            ],
            [
              -48.868874414126566,
              -26.949723854674854
            ],
            [
              -48.9255500629197,
              -26.936498940748066
            ],
            [
              -48.933507224395264,
              -26.9380553084428
            ],
            [
              -48.936140448389445,
              -26.94412327122009
            ],
            [
              -48.946959352391985,
              -26.95121329375997
            ],
            [
              -49.00202655732137,
              -26.933916505023728
            ],
            [
              -49.020080960221094,
              -26.905349335431996
            ],
            [
              -49.00930886904117,
              -26.92376852708057
            ],
            [
              -49.004773624352566,
              -26.929577914268208
            ],
            [
              -49.062634396461654,
              -26.921512386931923
            ],
            [
              -49.02633049763259,
              -26.927705868276682
            ],
            [
              -49.05911246079238,
              -26.943660666644547
            ],
            [
              -49.08970054168301,
              -26.885017247179114
            ],
            [
              -49.08174205289923,
              -26.924036703352776
            ],
            [
              -49.11818170403504,
              -26.893321041534882
            ],
            [
              -49.10417189555438,
              -26.908188324926687
            ],
            [
              -49.10611709623486,
              -26.91535895377321
            ],
            [
              -49.1370494768709,
              -26.925265993896694
            ],
            [
              -49.18193601642578,
              -26.908181485263526
            ],
            [
              -49.19142560266891,
              -26.907593933717596
            ],
            [
              -49.182996960017995,
              -26.914385669251576
            ],
            [
              -49.23075633548732,
              -26.909162415724573
            ],
            [
              -49.220383110554124,
              -26.917659579078773
            ],
            [
              -49.24037236853955,
              -26.92808022638027
            ],
            [
              -49.25616091783843,
              -26.937135413573206
            ],
            [
              -49.252661002878554,
              -26.94333692918523
            ],
            [
              -49.25991536167284,
              -26.9595975282771
            ],
            [
              -49.294135630194184,
              -26.982029220498276
            ],
            [
              -49.32395504334313,
              -26.984571516922706
            ],
            [
              -49.293271450414096,
              -26.96981442146218
            ],
            [
              -49.35125770785612,
              -26.99114887694732
            ],
            [
              -49.381251861999274,
              -26.97755795630452
            ],
            [
              -49.33801358688103,
              -26.97715531571315
            ],
            [
              -49.35460712343331,
              -27.00234753604924
            ],
            [
              -49.34584935881587,
              -27.00012751424784
            ],
            [
              -49.34164281123695,
              -27.01511575312495
            ],
            [
              -49.376153665239706,
              -27.058654613002762
            ],
            [
              -49.35961282327839,
              -27.05026171726982
            ],
            [
              -49.376276334844526,
              -27.08083142496025
            ],
            [
              -49.41282024097759,
              -27.095748578425955
            ],
            [
              -49.42324101065854,
              -27.10196548423511
            ],
            [
              -49.42083187901288,
              -27.10235969932222
            ],
            [
              -49.441233483564794,
              -27.115640472501806
            ],
            [
              -49.454652244699744,
              -27.121641109609374
            ],
            [
              -49.50466682448888,
              -27.105819843243804
            ],
            [
              -49.50470898666285,
              -27.112118826447436
            ],
            [
              -49.50425393284688,
              -27.11423677042989
            ],
            [
              -49.477250129887956,
              -27.082594805795978
            ],
            [
              -49.5002589976936,
              -27.135888999593355
            ],
            [
              -49.517774,
              -27.129609
            ],
            [
              -49.529845,
              -27.136552
            ],
            [
              -49.535034,
              -27.143606
            ],
            [
              -49.543674,
              -27.155337
            ],
            [
              -49.552335,
              -27.156344
            ],
            [
              -49.549317,
              -27.174801
            ],
            [
              -49.570904,
              -27.171022
            ],
            [
              -49.579262,
              -27.186863
            ],
            [
              -49.590629,
              -27.179579
            ],
            [
              -49.608185,
              -27.191913
            ],
            [
              -49.626625534438425,
              -27.198291022208046
            ],
            [
              -49.629856859103576,
              -27.207667334418222
            ],
            [
              -49.645588430694104,
              -27.221084595704518
            ],
            [
              -49.651435355161496,
              -27.210342095121202
            ]
          ]
        ]
      },
      "properties": {
        "river": "acu",
        "max_stage_m": 339.7,
        "min_stage_m": 12.943999999999999,
        "event": "2008",
        "river_name": "Rio Itaja\u00ed-a\u00e7u",
        "fill_color": "#f59e0b"
      }
    },
    {
      "type": "Feature",
      "geometry": {
        "type": "Polygon",
        "coordinates": [
          [
            [
              -50.16155802101479,
              -26.896292841276367
            ],
            [
              -50.16563997192261,
              -26.90278599567302
            ],
            [
              -50.158870060777836,
              -26.909051322081737
            ],
            [
              -50.15971902807078,
              -26.91857158847054
            ],
            [
              -50.160648430817275,
              -26.92468495620857
            ],
            [
              -50.160763281154104,
              -26.933083412823976
            ],
            [
              -50.16126758635819,
              -26.940542321949707
            ],
            [
              -50.16282583411505,
              -26.948626416438238
            ],
            [
              -50.16577943575806,
              -26.954688075018293
            ],
            [
              -50.17527346559322,
              -26.95851296165334
            ],
            [
              -50.16703649232426,
              -26.966824808249147
            ],
            [
              -50.16607835581179,
              -26.976107675236758
            ],
            [
              -50.16821761802407,
              -26.985456652460613
            ],
            [
              -50.17345390663215,
              -26.99521802580051
            ],
            [
              -50.16899857210999,
              -27.006703591518978
            ],
            [
              -50.16854591866909,
              -27.011719524155914
            ],
            [
              -50.1570593361225,
              -27.01669002563727
            ],
            [
              -50.147203507186205,
              -27.024901056001415
            ],
            [
              -50.13652621687784,
              -27.032189126440738
            ],
            [
              -50.125524790131756,
              -27.038518292631053
            ],
            [
              -50.11532420005332,
              -27.04828416857916
            ],
            [
              -50.10356782543336,
              -27.053476991101665
            ],
            [
              -50.09654001798225,
              -27.064233015265234
            ],
            [
              -50.084644908134024,
              -27.069658929650696
            ],
            [
              -50.082897421713206,
              -27.07726876130558
            ],
            [
              -50.07609194129802,
              -27.084768718161573
            ],
            [
              -50.065415631071275,
              -27.092031097366267
            ],
            [
              -50.05943065239587,
              -27.09816443605026
            ],
            [
              -50.052607176867966,
              -27.10286920259773
            ],
            [
              -50.04251618750105,
              -27.093212135672452
            ],
            [
              -50.03098598413244,
              -27.09957397768977
            ],
            [
              -50.01941002616698,
              -27.095412255672553
            ],
            [
              -50.013295632809545,
              -27.099868267326286
            ],
            [
              -50.00829925297875,
              -27.101310151263895
            ],
            [
              -50.01682516110795,
              -27.110366631048667
            ],
            [
              -50.00827030712105,
              -27.115481672133036
            ],
            [
              -49.99489162065908,
              -27.11376050444661
            ],
            [
              -49.981925609968485,
              -27.11022984026922
            ],
            [
              -49.96773163307136,
              -27.107982969568027
            ],
            [
              -49.96277309438075,
              -27.11307986937455
            ],
            [
              -49.95555876421382,
              -27.122192975618148
            ],
            [
              -49.94835894512307,
              -27.131539614739367
            ],
            [
              -49.9346363977456,
              -27.128809315626306
            ],
            [
              -49.92562905914557,
              -27.138289726016094
            ],
            [
              -49.92967234198851,
              -27.14539805847529
            ],
            [
              -49.918598790586074,
              -27.1466824983373
            ],
            [
              -49.909045690569876,
              -27.1513171565452
            ],
            [
              -49.90605121517139,
              -27.138897589945795
            ],
            [
              -49.90246323801403,
              -27.144155887608978
            ],
            [
              -49.894815607325555,
              -27.1477087059248
            ],
            [
              -49.88605046604525,
              -27.148030844535786
            ],
            [
              -49.88418214798926,
              -27.154609885399903
            ],
            [
              -49.879085689307445,
              -27.147330709731552
            ],
            [
              -49.87242478832945,
              -27.14652523619653
            ],
            [
              -49.865540862415216,
              -27.155311125666874
            ],
            [
              -49.858919081742044,
              -27.1626183347975
            ],
            [
              -49.85792022853665,
              -27.170891691307745
            ],
            [
              -49.848597241953904,
              -27.16367768557631
            ],
            [
              -49.83904005417395,
              -27.164205433976576
            ],
            [
              -49.845289374854445,
              -27.176898949553
            ],
            [
              -49.83274484282439,
              -27.174356595703706
            ],
            [
              -49.81986973365992,
              -27.172838224215837
            ],
            [
              -49.81860832766124,
              -27.185832049894696
            ],
            [
              -49.80386674940199,
              -27.185178137429304
            ],
            [
              -49.78869620885649,
              -27.187489838510054
            ],
            [
              -49.78618233419617,
              -27.19594549699477
            ],
            [
              -49.77662131959216,
              -27.20550292804887
            ],
            [
              -49.767755402129424,
              -27.198605248893024
            ],
            [
              -49.76426436793679,
              -27.203015420418293
            ],
            [
              -49.75636993257449,
              -27.209750723151302
            ],
            [
              -49.744972908341715,
              -27.209684051407812
            ],
            [
              -49.73573930385771,
              -27.218054419364496
            ],
            [
              -49.72739991584587,
              -27.228873167635715
            ],
            [
              -49.71288813510095,
              -27.229697096918585
            ],
            [
              -49.70334911895379,
              -27.238014239638012
            ],
            [
              -49.691045052899604,
              -27.244565573311327
            ],
            [
              -49.68215990216044,
              -27.23969191186805
            ],
            [
              -49.669937025671615,
              -27.2320724541585
            ],
            [
              -49.66002146898891,
              -27.222029796019985
            ],
            [
              -49.648536457789234,
              -27.215711796019985
            ],
            [
              -49.64814911593419,
              -27.21633796053969
            ],
            [
              -49.65963410516409,
              -27.22265596053969
            ],
            [
              -49.669364175313056,
              -27.232573744083194
            ],
            [
              -49.68173441737447,
              -27.24029823269675
            ],
            [
              -49.69065850529381,
              -27.245192174706094
            ],
            [
              -49.703717674649916,
              -27.23864934215632
            ],
            [
              -49.71341555227279,
              -27.230236358853634
            ],
            [
              -49.72744127544684,
              -27.229586877150314
            ],
            [
              -49.73637035711217,
              -27.218496928227566
            ],
            [
              -49.74551254019741,
              -27.210213594399608
            ],
            [
              -49.7563582949763,
              -27.210465304586005
            ],
            [
              -49.76477955850463,
              -27.203563855981315
            ],
            [
              -49.768384300965955,
              -27.199050053804243
            ],
            [
              -49.776104780337405,
              -27.206050367821497
            ],
            [
              -49.78673486218396,
              -27.196464357684484
            ],
            [
              -49.78946476353801,
              -27.187698089542383
            ],
            [
              -49.80397709304082,
              -27.18588602126661
            ],
            [
              -49.81857237531755,
              -27.186545990375237
            ],
            [
              -49.82066668352156,
              -27.17292802000066
            ],
            [
              -49.83262745251682,
              -27.175063580569862
            ],
            [
              -49.84512974637285,
              -27.177599355361362
            ],
            [
              -49.83977556434232,
              -27.163918182669104
            ],
            [
              -49.84859872897036,
              -27.164392340719765
            ],
            [
              -49.857423484338725,
              -27.171453326988992
            ],
            [
              -49.85970750221519,
              -27.16275499311254
            ],
            [
              -49.866133548745914,
              -27.15579344353679
            ],
            [
              -49.873056852866746,
              -27.14696614272608
            ],
            [
              -49.8789666385016,
              -27.148037470915682
            ],
            [
              -49.88351686042677,
              -27.15501028554694
            ],
            [
              -49.88679889977566,
              -27.148290086487506
            ],
            [
              -49.89482422418831,
              -27.148423321151768
            ],
            [
              -49.90279821221117,
              -27.144805412189726
            ],
            [
              -49.90670990541053,
              -27.139306416243908
            ],
            [
              -49.908255755095816,
              -27.15144631795242
            ],
            [
              -49.91891698768299,
              -27.147338671461945
            ],
            [
              -49.92976386838913,
              -27.146108058836088
            ],
            [
              -49.92635082805454,
              -27.137976400461234
            ],
            [
              -49.935208417510395,
              -27.12931087730183
            ],
            [
              -49.948192313046036,
              -27.132238715688995
            ],
            [
              -49.95618499112589,
              -27.122640278241178
            ],
            [
              -49.96340259691056,
              -27.113523457122014
            ],
            [
              -49.9683071144985,
              -27.108481286798963
            ],
            [
              -49.98179102164674,
              -27.11093438374111
            ],
            [
              -49.99468050725662,
              -27.114450013532164
            ],
            [
              -50.00816769917948,
              -27.116190468715903
            ],
            [
              -50.0172309053455,
              -27.11098331096416
            ],
            [
              -50.00890294302591,
              -27.100839060017456
            ],
            [
              -50.01343562981877,
              -27.10057197306431
            ],
            [
              -50.019878807713404,
              -27.095992400709406
            ],
            [
              -50.03070353854661,
              -27.100242942002442
            ],
            [
              -50.04289637859488,
              -27.093841557202655
            ],
            [
              -50.05203991484751,
              -27.10337490928273
            ],
            [
              -50.05986093427136,
              -27.098767766976326
            ],
            [
              -50.06598915477804,
              -27.092531125546415
            ],
            [
              -50.076543234532586,
              -27.08535972582271
            ],
            [
              -50.08349097254428,
              -27.077749832278744
            ],
            [
              -50.08542582258892,
              -27.069823845733165
            ],
            [
              -50.096865615584186,
              -27.064886212717543
            ],
            [
              -50.104237088418884,
              -27.05387129896799
            ],
            [
              -50.115645517208996,
              -27.04893902692799
            ],
            [
              -50.12607838538015,
              -27.039035592565757
            ],
            [
              -50.136925966783224,
              -27.0328087578611
            ],
            [
              -50.14765565199354,
              -27.025491400941107
            ],
            [
              -50.15757262745481,
              -27.01723923562005
            ],
            [
              -50.168863864512744,
              -27.012375646633625
            ],
            [
              -50.169793877231214,
              -27.00679659007353
            ],
            [
              -50.17420147608799,
              -26.995476912175395
            ],
            [
              -50.16892848239329,
              -26.985125816400892
            ],
            [
              -50.16686035372619,
              -26.975949419155885
            ],
            [
              -50.167833915600504,
              -26.96689972686178
            ],
            [
              -50.17583946733364,
              -26.959019140985415
            ],
            [
              -50.166114022051836,
              -26.954038623749536
            ],
            [
              -50.16355196774142,
              -26.94832350638405
            ],
            [
              -50.162055016954184,
              -26.940408298618223
            ],
            [
              -50.16156308031483,
              -26.933035523558313
            ],
            [
              -50.16144989803599,
              -26.92467523389258
            ],
            [
              -50.16051147711549,
              -26.91846450533381
            ],
            [
              -50.15966833059447,
              -26.908987917669347
            ],
            [
              -50.16617555576757,
              -26.903317609640464
            ],
            [
              -50.16225240170906,
              -26.895936133457525
            ],
            [
              -50.16155802101479,
              -26.896292841276367
            ]
          ]
        ]
      },
      "properties": {
        "river": "oeste",
        "max_stage_m": 577.57,
        "min_stage_m": 335.46999999999997,
        "event": "2008",
        "river_name": "Rio Itaja\u00ed do Oeste",
        "fill_color": "#f59e0b"
      }
    },
    {
      "type": "Feature",
      "geometry": {
        "type": "Polygon",
        "coordinates": [
          [
            [
              -49.309354255157665,
              -27.693437450367203
            ],
            [
              -49.31770409829221,
              -27.69497704668029
            ],
            [
              -49.32738560989665,
              -27.69482213587654
            ],
            [
              -49.338129249476424,
              -27.695705905686587
            ],
            [
              -49.347003191344236,
              -27.69219548657745
            ],
            [
              -49.35605994333706,
              -27.690534807681377
            ],
            [
              -49.36277692100947,
              -27.685101350993552
            ],
            [
              -49.37289320634464,
              -27.682243274859626
            ],
            [
              -49.377923485973504,
              -27.676489778999613
            ],
            [
              -49.386065338508395,
              -27.672724474253656
            ],
            [
              -49.39503440771912,
              -27.67039084711273
            ],
            [
              -49.4040601885076,
              -27.668012025880977
            ],
            [
              -49.40785151422317,
              -27.664683392673233
            ],
            [
              -49.41796930533464,
              -27.662777987670694
            ],
            [
              -49.42297287492687,
              -27.657344011362618
            ],
            [
              -49.43311495313838,
              -27.660265404473318
            ],
            [
              -49.43865472261665,
              -27.651552573536673
            ],
            [
              -49.43909212182223,
              -27.64349422518544
            ],
            [
              -49.445407545571776,
              -27.635448258077883
            ],
            [
              -49.451947472159524,
              -27.626600143684836
            ],
            [
              -49.45106439749718,
              -27.61760119670701
            ],
            [
              -49.45371776560035,
              -27.60876974203361
            ],
            [
              -49.449111977596246,
              -27.603397493228275
            ],
            [
              -49.45561440520962,
              -27.594033678738338
            ],
            [
              -49.455133544947316,
              -27.58447496338668
            ],
            [
              -49.452296917985116,
              -27.576624163123462
            ],
            [
              -49.46330797735476,
              -27.57515325456405
            ],
            [
              -49.467964722963,
              -27.567909396372826
            ],
            [
              -49.47359608669379,
              -27.562642536095787
            ],
            [
              -49.47323022727945,
              -27.556914021146547
            ],
            [
              -49.48441146884809,
              -27.55805825157977
            ],
            [
              -49.489118260710285,
              -27.550254611114312
            ],
            [
              -49.49244461558138,
              -27.540973029995413
            ],
            [
              -49.49788047529084,
              -27.53508923651635
            ],
            [
              -49.50338485953494,
              -27.52876183431338
            ],
            [
              -49.51218713457966,
              -27.527236910344183
            ],
            [
              -49.52045887260715,
              -27.52644848692351
            ],
            [
              -49.52649696149355,
              -27.52073123003857
            ],
            [
              -49.534066516702715,
              -27.51797959852927
            ],
            [
              -49.541733526369875,
              -27.51209842882191
            ],
            [
              -49.54913440927235,
              -27.5089883247233
            ],
            [
              -49.55831466158359,
              -27.504991395944646
            ],
            [
              -49.56581570222741,
              -27.5036799464796
            ],
            [
              -49.57323976156214,
              -27.502476654654405
            ],
            [
              -49.578388090310234,
              -27.49351911136542
            ],
            [
              -49.58363838103161,
              -27.48397840693579
            ],
            [
              -49.58257496612319,
              -27.47400565723546
            ],
            [
              -49.57825728000407,
              -27.467794872119672
            ],
            [
              -49.578935045232434,
              -27.45867204797368
            ],
            [
              -49.587602568522904,
              -27.455292502537787
            ],
            [
              -49.58084257922505,
              -27.452205728889492
            ],
            [
              -49.58920920020702,
              -27.446888565767587
            ],
            [
              -49.59998749218692,
              -27.442804052086718
            ],
            [
              -49.60219608997429,
              -27.432569368765055
            ],
            [
              -49.601307459368115,
              -27.427134698066123
            ],
            [
              -49.60434620435053,
              -27.4176546494601
            ],
            [
              -49.610164928286714,
              -27.407968696780376
            ],
            [
              -49.60785749628041,
              -27.39940129631363
            ],
            [
              -49.6076343991211,
              -27.39145640728885
            ],
            [
              -49.61607930860734,
              -27.383194525886687
            ],
            [
              -49.61720026749098,
              -27.37256486946315
            ],
            [
              -49.6158803039084,
              -27.36273131892188
            ],
            [
              -49.61500363197942,
              -27.353605773893072
            ],
            [
              -49.613588744479976,
              -27.348708723892454
            ],
            [
              -49.622891191579136,
              -27.34168941510411
            ],
            [
              -49.6210364282724,
              -27.33248702562468
            ],
            [
              -49.62648176338685,
              -27.324170618494396
            ],
            [
              -49.63591527943467,
              -27.318675699022123
            ],
            [
              -49.637798243917906,
              -27.312778970641144
            ],
            [
              -49.63964888532721,
              -27.304693658252376
            ],
            [
              -49.64893848123114,
              -27.297540173286965
            ],
            [
              -49.65202778312288,
              -27.287155057201552
            ],
            [
              -49.65150739425318,
              -27.278364429616204
            ],
            [
              -49.65592003971572,
              -27.269570386935975
            ],
            [
              -49.65605304947163,
              -27.260579573901516
            ],
            [
              -49.65266909220005,
              -27.250136418064553
            ],
            [
              -49.648299123050585,
              -27.24444353278751
            ],
            [
              -49.64746243023076,
              -27.23719207740169
            ],
            [
              -49.64866938515001,
              -27.226547330225976
            ],
            [
              -49.64999223184841,
              -27.21621933022598
            ],
            [
              -49.646844411611795,
              -27.215860741866415
            ],
            [
              -49.645521273020954,
              -27.226188741866412
            ],
            [
              -49.64430852014492,
              -27.236873955278266
            ],
            [
              -49.645143893807806,
              -27.244752876924423
            ],
            [
              -49.65010607826358,
              -27.251801657406286
            ],
            [
              -49.65302362699283,
              -27.261423875109237
            ],
            [
              -49.652745928741844,
              -27.269501104739703
            ],
            [
              -49.648688663781215,
              -27.277065056054035
            ],
            [
              -49.64885416071214,
              -27.28725395838849
            ],
            [
              -49.645900620503156,
              -27.296717297887042
            ],
            [
              -49.637766007709246,
              -27.302420884711236
            ],
            [
              -49.63473798655906,
              -27.312023122501188
            ],
            [
              -49.632889227177756,
              -27.31781754987394
            ],
            [
              -49.62497802198866,
              -27.321684668128803
            ],
            [
              -49.61841755726889,
              -27.330889486935266
            ],
            [
              -49.619751064178466,
              -27.342118937860427
            ],
            [
              -49.61186036231356,
              -27.346340623349754
            ],
            [
              -49.61184362563476,
              -27.353901330672425
            ],
            [
              -49.612717114143415,
              -27.36300108541911
            ],
            [
              -49.61405047534907,
              -27.372940213970185
            ],
            [
              -49.6129199179762,
              -27.38288697407214
            ],
            [
              -49.60547445736021,
              -27.389385939875233
            ],
            [
              -49.604680611948524,
              -27.399303626059897
            ],
            [
              -49.607090039579184,
              -27.40868519331471
            ],
            [
              -49.60169158293564,
              -27.416101619932533
            ],
            [
              -49.59828677663186,
              -27.426253702253355
            ],
            [
              -49.59904473179092,
              -27.43294566662149
            ],
            [
              -49.59688487322495,
              -27.442185139780186
            ],
            [
              -49.58826631900477,
              -27.444193271351526
            ],
            [
              -49.57915640059958,
              -27.449812866306974
            ],
            [
              -49.58556606684041,
              -27.457460247705736
            ],
            [
              -49.578622696481794,
              -27.4558634970339
            ],
            [
              -49.575143640804406,
              -27.46721819136656
            ],
            [
              -49.57987319729267,
              -27.475495269468954
            ],
            [
              -49.58046933229971,
              -27.484225157366126
            ],
            [
              -49.57563657997206,
              -27.492102293260558
            ],
            [
              -49.570481261012,
              -27.501070226347785
            ],
            [
              -49.56557445606714,
              -27.500865876667433
            ],
            [
              -49.557770750386545,
              -27.50221074306014
            ],
            [
              -49.54788077141541,
              -27.50639440340671
            ],
            [
              -49.54050060999895,
              -27.50949669313575
            ],
            [
              -49.532148164193,
              -27.515727883147783
            ],
            [
              -49.52542886814472,
              -27.5180727516318
            ],
            [
              -49.51831516567334,
              -27.524362635559047
            ],
            [
              -49.51200980257697,
              -27.524419101254498
            ],
            [
              -49.50284628355175,
              -27.5259803467571
            ],
            [
              -49.49557377738858,
              -27.53314476092714
            ],
            [
              -49.49010718591381,
              -27.53905750823647
            ],
            [
              -49.48613794107504,
              -27.549263346517872
            ],
            [
              -49.48168779836461,
              -27.556597373571822
            ],
            [
              -49.47383718341908,
              -27.554143602094786
            ],
            [
              -49.47049423980713,
              -27.5620074698932
            ],
            [
              -49.46586318984658,
              -27.565789444693255
            ],
            [
              -49.46064617198737,
              -27.573604785015327
            ],
            [
              -49.45203431656902,
              -27.573811584853033
            ],
            [
              -49.45197941643652,
              -27.58486155330194
            ],
            [
              -49.45243388619938,
              -27.594173285383018
            ],
            [
              -49.44654537378925,
              -27.601726710667364
            ],
            [
              -49.45104113109867,
              -27.61029917765649
            ],
            [
              -49.44808191337376,
              -27.61661072115881
            ],
            [
              -49.44877253779517,
              -27.626828354951584
            ],
            [
              -49.44291030981138,
              -27.633696049515446
            ],
            [
              -49.43658617269607,
              -27.64175159945357
            ],
            [
              -49.43548121541222,
              -27.651302052206745
            ],
            [
              -49.43045128983955,
              -27.658716649491296
            ],
            [
              -49.424229779737836,
              -27.654750686697433
            ],
            [
              -49.41591997649041,
              -27.66061692528761
            ],
            [
              -49.40731930784876,
              -27.66190084197723
            ],
            [
              -49.40207391544009,
              -27.66580519377427
            ],
            [
              -49.39426059100139,
              -27.667653128115255
            ],
            [
              -49.385263092964635,
              -27.669993177316137
            ],
            [
              -49.3765973485391,
              -27.673923553328635
            ],
            [
              -49.37053941951671,
              -27.680340615152154
            ],
            [
              -49.36197356636013,
              -27.682370288748253
            ],
            [
              -49.35410269769024,
              -27.688307446591075
            ],
            [
              -49.34648492802718,
              -27.689410853043622
            ],
            [
              -49.336971117897576,
              -27.693076605465155
            ],
            [
              -49.327696711255044,
              -27.69201341756616
            ],
            [
              -49.31765631012976,
              -27.69215516992034
            ],
            [
              -49.30994592589282,
              -27.690664310021567
            ],
            [
              -49.309354255157665,
              -27.693437450367203
            ]
          ]
        ]
      },
      "properties": {
        "river": "sul",
        "max_stage_m": 472.57,
        "min_stage_m": 335.57,
        "event": "2008",
        "river_name": "Rio Itaja\u00ed do Sul",
        "fill_color": "#f59e0b"
      }
    },
    {
      "type": "Feature",
      "geometry": {
        "type": "Polygon",
        "coordinates": [
          [
            [
              -50.14832059026613,
              -26.51511080741557
            ],
            [
              -50.141208389264314,
              -26.519135723281778
            ],
            [
              -50.1287180612101,
              -26.51738027538285
            ],
            [
              -50.12259202075872,
              -26.520930353640008
            ],
            [
              -50.11102560906287,
              -26.51665642442322
            ],
            [
              -50.09709967935595,
              -26.518904974234463
            ],
            [
              -50.084482170891675,
              -26.523710159852392
            ],
            [
              -50.069523186079486,
              -26.518388802783253
            ],
            [
              -50.0550205369333,
              -26.518394453175542
            ],
            [
              -50.04105356329923,
              -26.51759962069864
            ],
            [
              -50.029379605945806,
              -26.510867949525164
            ],
            [
              -50.016137189500824,
              -26.50038603121945
            ],
            [
              -50.00047944589683,
              -26.502682746350818
            ],
            [
              -49.98717277058487,
              -26.510505875588244
            ],
            [
              -49.97806943013146,
              -26.52066441497366
            ],
            [
              -49.9702518483292,
              -26.52914640725828
            ],
            [
              -49.96174325986708,
              -26.53973751973332
            ],
            [
              -49.952969563156294,
              -26.549732275097952
            ],
            [
              -49.95173799719395,
              -26.560715257161856
            ],
            [
              -49.9470668177798,
              -26.567692775593176
            ],
            [
              -49.93428756686976,
              -26.570596352703685
            ],
            [
              -49.92082730224612,
              -26.57698848716262
            ],
            [
              -49.908470946512224,
              -26.588283530137147
            ],
            [
              -49.90905856579836,
              -26.59959410135812
            ],
            [
              -49.893421516314554,
              -26.602582966705043
            ],
            [
              -49.88327437374647,
              -26.6136764682219
            ],
            [
              -49.87676285078039,
              -26.628181160518537
            ],
            [
              -49.879735050253714,
              -26.6410682940721
            ],
            [
              -49.87271017960592,
              -26.650550561217013
            ],
            [
              -49.855597224950984,
              -26.651150025389196
            ],
            [
              -49.84667268870599,
              -26.66295447110121
            ],
            [
              -49.83778500642062,
              -26.674111294392667
            ],
            [
              -49.83741954367913,
              -26.687574159545434
            ],
            [
              -49.829097193742584,
              -26.699635723298837
            ],
            [
              -49.81675769462888,
              -26.70722931792861
            ],
            [
              -49.80409450336941,
              -26.71759236815572
            ],
            [
              -49.797471700821305,
              -26.731744141369976
            ],
            [
              -49.79237885494597,
              -26.744438503897253
            ],
            [
              -49.77782040346762,
              -26.751285706201614
            ],
            [
              -49.769551746659026,
              -26.764494855212906
            ],
            [
              -49.763783948086605,
              -26.77263492752726
            ],
            [
              -49.7485999010998,
              -26.781035607824997
            ],
            [
              -49.75143457348874,
              -26.792700813333706
            ],
            [
              -49.74066387246532,
              -26.803179534226
            ],
            [
              -49.733099963737494,
              -26.815564485429654
            ],
            [
              -49.72006340564492,
              -26.82588468759432
            ],
            [
              -49.71010173064123,
              -26.838988215367316
            ],
            [
              -49.706592021006614,
              -26.849568907164397
            ],
            [
              -49.696768211583475,
              -26.857876213577587
            ],
            [
              -49.682448506284885,
              -26.86399644644323
            ],
            [
              -49.677556970408126,
              -26.879478702383242
            ],
            [
              -49.681119744779664,
              -26.888736854689675
            ],
            [
              -49.66386366030401,
              -26.890770720070417
            ],
            [
              -49.6568258314856,
              -26.901848946859513
            ],
            [
              -49.65909283309876,
              -26.913398078808314
            ],
            [
              -49.64403705361236,
              -26.921630731012478
            ],
            [
              -49.638888180371126,
              -26.935571926161217
            ],
            [
              -49.63067376889486,
              -26.950832975594793
            ],
            [
              -49.635903336539684,
              -26.961461083102147
            ],
            [
              -49.62090227514806,
              -26.967119532944213
            ],
            [
              -49.609930687738924,
              -26.975109464473938
            ],
            [
              -49.610270203991284,
              -26.98451238540687
            ],
            [
              -49.61243043603965,
              -26.996098517055685
            ],
            [
              -49.601269282920555,
              -27.005284472834994
            ],
            [
              -49.5940091603303,
              -27.020266854173318
            ],
            [
              -49.592358607092216,
              -27.033698837356454
            ],
            [
              -49.58980527645965,
              -27.047459469638113
            ],
            [
              -49.5870886754625,
              -27.03530280264181
            ],
            [
              -49.582400613204676,
              -27.02445875932528
            ],
            [
              -49.572387848649946,
              -27.03173795400817
            ],
            [
              -49.56702717102193,
              -27.037528282103207
            ],
            [
              -49.559436570471775,
              -27.02796483168437
            ],
            [
              -49.54804083072785,
              -27.020355003735578
            ],
            [
              -49.543747378786385,
              -27.032078537353122
            ],
            [
              -49.54658811301455,
              -27.044687853812075
            ],
            [
              -49.535813107842294,
              -27.052221923427336
            ],
            [
              -49.52451814107277,
              -27.055746903459266
            ],
            [
              -49.51014481658893,
              -27.05665869235018
            ],
            [
              -49.499676399757156,
              -27.063271909778596
            ],
            [
              -49.48335009916179,
              -27.080265909778596
            ],
            [
              -49.48703392276728,
              -27.08341689800466
            ],
            [
              -49.50335966491802,
              -27.06642289800466
            ],
            [
              -49.51285753828152,
              -27.06051233108905
            ],
            [
              -49.52472966763816,
              -27.060291249804997
            ],
            [
              -49.53729357024618,
              -27.05657487977368
            ],
            [
              -49.54946376998426,
              -27.048446445033996
            ],
            [
              -49.54882217149113,
              -27.031575934364415
            ],
            [
              -49.55279710084337,
              -27.02200843449949
            ],
            [
              -49.555470975753174,
              -27.03082986453689
            ],
            [
              -49.56302702029105,
              -27.04035532226633
            ],
            [
              -49.57496303393693,
              -27.035665418447003
            ],
            [
              -49.58539423981465,
              -27.0281432142774
            ],
            [
              -49.58198591504684,
              -27.035470370858462
            ],
            [
              -49.584818440610285,
              -27.048439512997962
            ],
            [
              -49.596769742774775,
              -27.03598980096299
            ],
            [
              -49.599065780929976,
              -27.02089505985785
            ],
            [
              -49.6058500802084,
              -27.00729187098629
            ],
            [
              -49.61562503366462,
              -26.999645945252297
            ],
            [
              -49.61535646820056,
              -26.984134536979756
            ],
            [
              -49.61503091560556,
              -26.974946973396456
            ],
            [
              -49.623534259739266,
              -26.971016197115695
            ],
            [
              -49.63769734145487,
              -26.965718995251585
            ],
            [
              -49.63561036001517,
              -26.949683045722665
            ],
            [
              -49.64327967306717,
              -26.93788687612394
            ],
            [
              -49.64881520319618,
              -26.923223361199348
            ],
            [
              -49.661385662410396,
              -26.91746093044166
            ],
            [
              -49.66191836111967,
              -26.90160010103049
            ],
            [
              -49.668068481865774,
              -26.893344286436662
            ],
            [
              -49.6814471908772,
              -26.8932757182538
            ],
            [
              -49.68263809518155,
              -26.87909654948861
            ],
            [
              -49.6872926955221,
              -26.86541497255522
            ],
            [
              -49.69850485699134,
              -26.86215246128211
            ],
            [
              -49.709824545581405,
              -26.853085885896167
            ],
            [
              -49.71487676464891,
              -26.8405799457221
            ],
            [
              -49.72410707213107,
              -26.82865338278765
            ],
            [
              -49.736252709514154,
              -26.819137981513375
            ],
            [
              -49.74497605199484,
              -26.8056029644441
            ],
            [
              -49.75497818125396,
              -26.795969021830516
            ],
            [
              -49.7536402831401,
              -26.78037310352911
            ],
            [
              -49.765786747727404,
              -26.77681695910088
            ],
            [
              -49.77358549063495,
              -26.7672725279811
            ],
            [
              -49.78213345429881,
              -26.753705101333907
            ],
            [
              -49.79444127706853,
              -26.748597171151406
            ],
            [
              -49.8020888776386,
              -26.733662981147084
            ],
            [
              -49.808706473626366,
              -26.719520075587234
            ],
            [
              -49.819933233896286,
              -26.710784547243232
            ],
            [
              -49.83176462767678,
              -26.70350974028834
            ],
            [
              -49.841557701279804,
              -26.690223079059198
            ],
            [
              -49.842866064290206,
              -26.674380127771457
            ],
            [
              -49.85055420114261,
              -26.665896343445475
            ],
            [
              -49.85965423169567,
              -26.65389579948676
            ],
            [
              -49.872583515863155,
              -26.655097401173926
            ],
            [
              -49.88354157920181,
              -26.64408666490228
            ],
            [
              -49.88179032173763,
              -26.627482331322973
            ],
            [
              -49.88786057568388,
              -26.61564486124475
            ],
            [
              -49.89715844099567,
              -26.605668826342384
            ],
            [
              -49.90985636658524,
              -26.604086061783473
            ],
            [
              -49.91351681757105,
              -26.58885474616416
            ],
            [
              -49.92412804275692,
              -26.5804486545213
            ],
            [
              -49.93645084511824,
              -26.574712571555544
            ],
            [
              -49.94817626002582,
              -26.57213146516306
            ],
            [
              -49.9557229730528,
              -26.563540485865722
            ],
            [
              -49.95799942625537,
              -26.550396854694192
            ],
            [
              -49.965467656408876,
              -26.542833498728434
            ],
            [
              -49.97421109161586,
              -26.53199922404133
            ],
            [
              -49.98180837271829,
              -26.52374572622938
            ],
            [
              -49.990957525558315,
              -26.51354174403226
            ],
            [
              -50.003031228079365,
              -26.506616169959994
            ],
            [
              -50.01682050607073,
              -26.50489298430947
            ],
            [
              -50.025991719622475,
              -26.514258519487544
            ],
            [
              -50.03850547962264,
              -26.521535135539004
            ],
            [
              -50.054646122591464,
              -26.52293034708034
            ],
            [
              -50.06952284038191,
              -26.522937051754745
            ],
            [
              -50.08272252138124,
              -26.527977218391456
            ],
            [
              -50.098697978895586,
              -26.523222538083292
            ],
            [
              -50.111827045063485,
              -26.521147784659792
            ],
            [
              -50.12067102198453,
              -26.52514131830619
            ],
            [
              -50.13073737084717,
              -26.521554229531347
            ],
            [
              -50.140328928974185,
              -26.523615381529332
            ],
            [
              -50.150528412133106,
              -26.51920760355416
            ],
            [
              -50.14832059026613,
              -26.51511080741557
            ]
          ]
        ]
      },
      "properties": {
        "river": "norte",
        "max_stage_m": 496.388,
        "min_stage_m": 134.488,
        "event": "2008",
        "river_name": "Rio Itaja\u00ed do Norte ou Herc\u00edlio",
        "fill_color": "#f59e0b"
      }
    },
    {
      "type": "Feature",
      "geometry": {
        "type": "Polygon",
        "coordinates": [
          [
            [
              -49.515368152227644,
              -26.636229218167397
            ],
            [
              -49.51770731386045,
              -26.637346422952746
            ],
            [
              -49.51444819955781,
              -26.650461509121232
            ],
            [
              -49.51607319425323,
              -26.651602228304267
            ],
            [
              -49.5168981663238,
              -26.654241493094446
            ],
            [
              -49.51445594850094,
              -26.660149376736697
            ],
            [
              -49.51217437954355,
              -26.669220753627528
            ],
            [
              -49.51277275412559,
              -26.674998787735667
            ],
            [
              -49.51268166145641,
              -26.6823286821189
            ],
            [
              -49.515518957784536,
              -26.68204509443898
            ],
            [
              -49.51369955356935,
              -26.686197913094492
            ],
            [
              -49.514091757411144,
              -26.689032027316607
            ],
            [
              -49.504557797546376,
              -26.68602818889449
            ],
            [
              -49.49625572326644,
              -26.689260329407823
            ],
            [
              -49.49881575592993,
              -26.69174893770904
            ],
            [
              -49.486522889179255,
              -26.695582475139325
            ],
            [
              -49.48416479608615,
              -26.700161952888223
            ],
            [
              -49.48244640140446,
              -26.704369809559537
            ],
            [
              -49.481870211624475,
              -26.708075819361937
            ],
            [
              -49.477100990934574,
              -26.71457876706115
            ],
            [
              -49.47503505601458,
              -26.720862951133498
            ],
            [
              -49.473097691754695,
              -26.725370879288555
            ],
            [
              -49.46430838292331,
              -26.733158966680975
            ],
            [
              -49.4646107234874,
              -26.73718376618379
            ],
            [
              -49.45602476406907,
              -26.744276910499323
            ],
            [
              -49.45643978044293,
              -26.7478871653826
            ],
            [
              -49.45204575494517,
              -26.750886690899076
            ],
            [
              -49.44167262535518,
              -26.7535322905631
            ],
            [
              -49.43597250392978,
              -26.757713201501982
            ],
            [
              -49.42818584888207,
              -26.764800544086427
            ],
            [
              -49.431135392970766,
              -26.76728889281712
            ],
            [
              -49.418191326130085,
              -26.778983363841757
            ],
            [
              -49.42754661804594,
              -26.7873620413456
            ],
            [
              -49.42618522836566,
              -26.779645397191267
            ],
            [
              -49.43332236165114,
              -26.77921791751079
            ],
            [
              -49.42720963024136,
              -26.77882571476107
            ],
            [
              -49.424917293062855,
              -26.77994240052866
            ],
            [
              -49.418380569397854,
              -26.77268246825211
            ],
            [
              -49.40435091410352,
              -26.77012533013244
            ],
            [
              -49.39982729989326,
              -26.773394019383186
            ],
            [
              -49.40383574729596,
              -26.77837498016965
            ],
            [
              -49.39591716942613,
              -26.773109936964666
            ],
            [
              -49.38350785125311,
              -26.77176681417108
            ],
            [
              -49.37761268278881,
              -26.77442489879531
            ],
            [
              -49.38080370579385,
              -26.78234886420562
            ],
            [
              -49.369232544199285,
              -26.770038612108923
            ],
            [
              -49.35953921346704,
              -26.77688779388971
            ],
            [
              -49.35928979082098,
              -26.781711267675714
            ],
            [
              -49.3534288379393,
              -26.791044054083542
            ],
            [
              -49.35354139445725,
              -26.794976537612843
            ],
            [
              -49.35046187523661,
              -26.80062149457202
            ],
            [
              -49.34670937878944,
              -26.80584077358481
            ],
            [
              -49.34096828542787,
              -26.812079289972065
            ],
            [
              -49.341910939841604,
              -26.815610535134617
            ],
            [
              -49.32771247116779,
              -26.823227401728044
            ],
            [
              -49.33390823558351,
              -26.823798839727885
            ],
            [
              -49.33117594892765,
              -26.82566831818824
            ],
            [
              -49.3284186380847,
              -26.825750938198404
            ],
            [
              -49.31256019673591,
              -26.819805478173205
            ],
            [
              -49.31568393608797,
              -26.821813970955663
            ],
            [
              -49.305190682755075,
              -26.820344691214274
            ],
            [
              -49.3037627627429,
              -26.82253275645684
            ],
            [
              -49.29505136964266,
              -26.81828995442589
            ],
            [
              -49.28701816184785,
              -26.81673959340785
            ],
            [
              -49.275025716137684,
              -26.82804549797766
            ],
            [
              -49.285416242714724,
              -26.820588121534424
            ],
            [
              -49.274321249150354,
              -26.820715845531705
            ],
            [
              -49.26555010784041,
              -26.826366556188137
            ],
            [
              -49.2612822612385,
              -26.83760656019264
            ],
            [
              -49.26404693229469,
              -26.844689916166633
            ],
            [
              -49.271154285341595,
              -26.841444927454358
            ],
            [
              -49.26130957210299,
              -26.847297061947884
            ],
            [
              -49.26380834345265,
              -26.84965054218508
            ],
            [
              -49.25155609910067,
              -26.85425039433224
            ],
            [
              -49.248357316688,
              -26.861966838246172
            ],
            [
              -49.25085360570435,
              -26.86487034272198
            ],
            [
              -49.24400800755207,
              -26.867903567184552
            ],
            [
              -49.234086619704286,
              -26.87561715669249
            ],
            [
              -49.23232656808391,
              -26.882353334961554
            ],
            [
              -49.229425121614895,
              -26.889405334961552
            ],
            [
              -49.24319691073366,
              -26.89445802547026
            ],
            [
              -49.24609749771405,
              -26.887406025470263
            ],
            [
              -49.248446524480286,
              -26.87912820120074
            ],
            [
              -49.25131752226053,
              -26.879474131959483
            ],
            [
              -49.25687986555636,
              -26.877015013483557
            ],
            [
              -49.262804433400404,
              -26.86517433312884
            ],
            [
              -49.26527787947779,
              -26.85940114963416
            ],
            [
              -49.2648395252275,
              -26.86289982495779
            ],
            [
              -49.27389849479735,
              -26.85438508772529
            ],
            [
              -49.27778371199769,
              -26.853336287062458
            ],
            [
              -49.27678146768092,
              -26.837813691334638
            ],
            [
              -49.27528671626615,
              -26.833108494597436
            ],
            [
              -49.277889663860776,
              -26.833792444616027
            ],
            [
              -49.28167072544545,
              -26.832264698584652
            ],
            [
              -49.2837351805175,
              -26.833784311849765
            ],
            [
              -49.28585676339667,
              -26.818936985244225
            ],
            [
              -49.28623241758547,
              -26.830002253133525
            ],
            [
              -49.292047533050926,
              -26.831297808585987
            ],
            [
              -49.29670202557157,
              -26.834224236915528
            ],
            [
              -49.308462004614796,
              -26.83330107491436
            ],
            [
              -49.31266938364298,
              -26.834819868214492
            ],
            [
              -49.3230553548625,
              -26.829222049638652
            ],
            [
              -49.316884254672445,
              -26.8341444065304
            ],
            [
              -49.32646730125243,
              -26.838267355089485
            ],
            [
              -49.33743837902151,
              -26.836701035283784
            ],
            [
              -49.34258280812242,
              -26.82269145609373
            ],
            [
              -49.3428774458757,
              -26.828863681640293
            ],
            [
              -49.35284548034738,
              -26.820081289845554
            ],
            [
              -49.35766620567916,
              -26.814827483490657
            ],
            [
              -49.362428413493056,
              -26.808515296087027
            ],
            [
              -49.366492574198006,
              -26.801514999860558
            ],
            [
              -49.36818681418195,
              -26.7927303201607
            ],
            [
              -49.3713469703503,
              -26.789491926256723
            ],
            [
              -49.37410395877589,
              -26.779592928248665
            ],
            [
              -49.37440611195668,
              -26.782490777099554
            ],
            [
              -49.366164037789254,
              -26.784713124018122
            ],
            [
              -49.38286876219578,
              -26.78684956076988
            ],
            [
              -49.389560589525864,
              -26.783899026874586
            ],
            [
              -49.39252292700123,
              -26.78604082153389
            ],
            [
              -49.394461093547136,
              -26.788687672591458
            ],
            [
              -49.40956185278304,
              -26.783437125097848
            ],
            [
              -49.413079392762405,
              -26.780880117277317
            ],
            [
              -49.411503087043414,
              -26.784459207053636
            ],
            [
              -49.41297545685813,
              -26.78786333420646
            ],
            [
              -49.42400700872303,
              -26.791795528692585
            ],
            [
              -49.43222051961038,
              -26.792462627591178
            ],
            [
              -49.44077689611526,
              -26.782233865338686
            ],
            [
              -49.42888528402721,
              -26.77413473619111
            ],
            [
              -49.43049581048302,
              -26.771519127760172
            ],
            [
              -49.433042390877596,
              -26.78046049738993
            ],
            [
              -49.441611648610305,
              -26.770518909737355
            ],
            [
              -49.44544870329572,
              -26.76795038971632
            ],
            [
              -49.45048828848353,
              -26.764229401478282
            ],
            [
              -49.4549165211665,
              -26.763918153330945
            ],
            [
              -49.46372085615276,
              -26.759468129059126
            ],
            [
              -49.46973371384797,
              -26.749426672138245
            ],
            [
              -49.47312588520337,
              -26.74807246950386
            ],
            [
              -49.47835880562102,
              -26.737509711912512
            ],
            [
              -49.48194210326057,
              -26.736047606058786
            ],
            [
              -49.48773277670766,
              -26.727774082865686
            ],
            [
              -49.49107709011701,
              -26.719110854108898
            ],
            [
              -49.49359354221117,
              -26.71624428208866
            ],
            [
              -49.49662576889307,
              -26.70836279235859
            ],
            [
              -49.497925661393054,
              -26.705188427796912
            ],
            [
              -49.499740702678324,
              -26.701660963502928
            ],
            [
              -49.49906456112091,
              -26.70502826034849
            ],
            [
              -49.50859601962251,
              -26.696665478524576
            ],
            [
              -49.50574981188519,
              -26.699266601299126
            ],
            [
              -49.5083362348308,
              -26.70127740942546
            ],
            [
              -49.520345789586685,
              -26.69807774986571
            ],
            [
              -49.527493037450114,
              -26.68991464020048
            ],
            [
              -49.52697025789149,
              -26.67866971674177
            ],
            [
              -49.527594419360575,
              -26.67599061262754
            ],
            [
              -49.52697944015783,
              -26.668056554436717
            ],
            [
              -49.528666989147176,
              -26.664035388267216
            ],
            [
              -49.530625592531386,
              -26.659328530626976
            ],
            [
              -49.53091903824891,
              -26.65102233968167
            ],
            [
              -49.527074415953926,
              -26.64345901259578
            ],
            [
              -49.53065864875649,
              -26.643856229728407
            ],
            [
              -49.52976168329582,
              -26.632934986078315
            ],
            [
              -49.515368152227644,
              -26.636229218167397
            ]
          ]
        ]
      },
      "properties": {
        "river": "benedito",
        "max_stage_m": 642.088,
        "min_stage_m": 62.488,
        "event": "2008",
        "river_name": "Rio Benedito",
        "fill_color": "#f59e0b"
      }
    },
    {
      "type": "Feature",
      "geometry": {
        "type": "Polygon",
        "coordinates": [
          [
            [
              -49.362184,
              -27.394553
            ],
            [
              -49.355735,
              -27.383257
            ],
            [
              -49.351799,
              -27.368674
            ],
            [
              -49.340085,
              -27.357628
            ],
            [
              -49.333905,
              -27.34483
            ],
            [
              -49.328708,
              -27.334478
            ],
            [
              -49.322285,
              -27.326855
            ],
            [
              -49.320496,
              -27.317574
            ],
            [
              -49.315396,
              -27.310237
            ],
            [
              -49.314809,
              -27.300662
            ],
            [
              -49.314099,
              -27.290865
            ],
            [
              -49.311249,
              -27.283406
            ],
            [
              -49.306517,
              -27.272471
            ],
            [
              -49.300787,
              -27.26551
            ],
            [
              -49.29734,
              -27.258286
            ],
            [
              -49.282338,
              -27.255794
            ],
            [
              -49.275717,
              -27.247138
            ],
            [
              -49.264086,
              -27.248166
            ],
            [
              -49.251599,
              -27.240798
            ],
            [
              -49.238816,
              -27.236076
            ],
            [
              -49.227169,
              -27.232291
            ],
            [
              -49.213935,
              -27.228775
            ],
            [
              -49.208826,
              -27.214095
            ],
            [
              -49.197869,
              -27.207077
            ],
            [
              -49.188583,
              -27.199846
            ],
            [
              -49.177862,
              -27.203756
            ],
            [
              -49.15962,
              -27.207419
            ],
            [
              -49.145821,
              -27.201979
            ],
            [
              -49.13178,
              -27.196286
            ],
            [
              -49.127067,
              -27.185668
            ],
            [
              -49.113196,
              -27.185519
            ],
            [
              -49.107287,
              -27.190854
            ],
            [
              -49.098988,
              -27.186266
            ],
            [
              -49.089826,
              -27.192315
            ],
            [
              -49.081437,
              -27.195634
            ],
            [
              -49.070812,
              -27.191238
            ],
            [
              -49.057141,
              -27.189659
            ],
            [
              -49.049085,
              -27.188577
            ],
            [
              -49.041662,
              -27.195993
            ],
            [
              -49.02882,
              -27.20118
            ],
            [
              -49.029489,
              -27.188164
            ],
            [
              -49.023969,
              -27.173743
            ],
            [
              -49.009175,
              -27.171366
            ],
            [
              -49.020961,
              -27.161385
            ],
            [
              -49.018104,
              -27.155565
            ],
            [
              -49.0189,
              -27.144004
            ],
            [
              -49.002254,
              -27.144148
            ],
            [
              -48.988324,
              -27.143163
            ],
            [
              -48.97698,
              -27.146192
            ],
            [
              -48.968129,
              -27.139228
            ],
            [
              -48.960098,
              -27.128589
            ],
            [
              -48.950028,
              -27.137113
            ],
            [
              -48.93764,
              -27.125945
            ],
            [
              -48.94222,
              -27.114813
            ],
            [
              -48.934826,
              -27.100458
            ],
            [
              -48.918501,
              -27.101548
            ],
            [
              -48.90745784214561,
              -27.090365473222906
            ],
            [
              -48.901276046055926,
              -27.078397724826786
            ],
            [
              -48.887364174592875,
              -27.065739588833356
            ],
            [
              -48.88337827529377,
              -27.048715404768064
            ],
            [
              -48.86965308782132,
              -27.038758197560433
            ],
            [
              -48.85544948107307,
              -27.02869770468916
            ],
            [
              -48.844985997933776,
              -27.01644447172394
            ],
            [
              -48.83653600618635,
              -27.004311868296348
            ],
            [
              -48.82529446637878,
              -26.98908682368974
            ],
            [
              -48.81448683676821,
              -26.97321672830746
            ],
            [
              -48.80067683073987,
              -26.958690033796987
            ],
            [
              -48.78566548870901,
              -26.945324793926186
            ],
            [
              -48.773269895047804,
              -26.94079208713523
            ],
            [
              -48.751693644777916,
              -26.922224563257764
            ],
            [
              -48.7382290881066,
              -26.925645770699628
            ],
            [
              -48.73333140796025,
              -26.92889117889609
            ],
            [
              -48.72476284990511,
              -26.930633603735018
            ],
            [
              -48.70836003252512,
              -26.924152403169245
            ],
            [
              -48.702973836493804,
              -26.930432898966405
            ],
            [
              -48.69685072278088,
              -26.92069907390733
            ],
            [
              -48.694503735700465,
              -26.91906545350678
            ],
            [
              -48.69168347379074,
              -26.904523249187097
            ],
            [
              -48.680147152067136,
              -26.888302840889338
            ],
            [
              -48.64117493161688,
              -26.908157401063743
            ],
            [
              -48.645326931018516,
              -26.915772767121002
            ],
            [
              -48.68502488251913,
              -26.897250818699064
            ],
            [
              -48.680396725860305,
              -26.906798581765894
            ],
            [
              -48.68203864686688,
              -26.920771993386666
            ],
            [
              -48.68555157295332,
              -26.927527136402713
            ],
            [
              -48.69014829058511,
              -26.936817162809753
            ],
            [
              -48.71116097823882,
              -26.937384313560422
            ],
            [
              -48.716720420954154,
              -26.943111518108072
            ],
            [
              -48.733617189056666,
              -26.94420585980844
            ],
            [
              -48.7450251487243,
              -26.940715843821874
            ],
            [
              -48.755625059405205,
              -26.939031069038975
            ],
            [
              -48.75732998911326,
              -26.95107142079209
            ],
            [
              -48.77709676457475,
              -26.96152143556361
            ],
            [
              -48.79157113145451,
              -26.96988592060932
            ],
            [
              -48.80458059624246,
              -26.982107436208402
            ],
            [
              -48.818152624762945,
              -26.99464600428371
            ],
            [
              -48.83026883311457,
              -27.0087798672398
            ],
            [
              -48.842503814894506,
              -27.018577068249584
            ],
            [
              -48.853996791826134,
              -27.029910282261334
            ],
            [
              -48.869406912178675,
              -27.039097802439564
            ],
            [
              -48.88311172470623,
              -27.049042595231935
            ],
            [
              -48.88692182540713,
              -27.065830411166647
            ],
            [
              -48.90096995394407,
              -27.078696275173215
            ],
            [
              -48.90705415785438,
              -27.090550526777097
            ],
            [
              -48.918501,
              -27.101548
            ],
            [
              -48.934826,
              -27.100458
            ],
            [
              -48.94222,
              -27.114813
            ],
            [
              -48.93764,
              -27.125945
            ],
            [
              -48.950028,
              -27.137113
            ],
            [
              -48.960098,
              -27.128589
            ],
            [
              -48.968129,
              -27.139228
            ],
            [
              -48.97698,
              -27.146192
            ],
            [
              -48.988324,
              -27.143163
            ],
            [
              -49.002254,
              -27.144148
            ],
            [
              -49.0189,
              -27.144004
            ],
            [
              -49.018104,
              -27.155565
            ],
            [
              -49.020961,
              -27.161385
            ],
            [
              -49.009175,
              -27.171366
            ],
            [
              -49.023969,
              -27.173743
            ],
            [
              -49.029489,
              -27.188164
            ],
            [
              -49.02882,
              -27.20118
            ],
            [
              -49.041662,
              -27.195993
            ],
            [
              -49.049085,
              -27.188577
            ],
            [
              -49.057141,
              -27.189659
            ],
            [
              -49.070812,
              -27.191238
            ],
            [
              -49.081437,
              -27.195634
            ],
            [
              -49.089826,
              -27.192315
            ],
            [
              -49.098988,
              -27.186266
            ],
            [
              -49.107287,
              -27.190854
            ],
            [
              -49.113196,
              -27.185519
            ],
            [
              -49.127067,
              -27.185668
            ],
            [
              -49.13178,
              -27.196286
            ],
            [
              -49.145821,
              -27.201979
            ],
            [
              -49.15962,
              -27.207419
            ],
            [
              -49.177862,
              -27.203756
            ],
            [
              -49.188583,
              -27.199846
            ],
            [
              -49.197869,
              -27.207077
            ],
            [
              -49.208826,
              -27.214095
            ],
            [
              -49.213935,
              -27.228775
            ],
            [
              -49.227169,
              -27.232291
            ],
            [
              -49.238816,
              -27.236076
            ],
            [
              -49.251599,
              -27.240798
            ],
            [
              -49.264086,
              -27.248166
            ],
            [
              -49.275717,
              -27.247138
            ],
            [
              -49.282338,
              -27.255794
            ],
            [
              -49.29734,
              -27.258286
            ],
            [
              -49.300787,
              -27.26551
            ],
            [
              -49.306517,
              -27.272471
            ],
            [
              -49.311249,
              -27.283406
            ],
            [
              -49.314099,
              -27.290865
            ],
            [
              -49.314809,
              -27.300662
            ],
            [
              -49.315396,
              -27.310237
            ],
            [
              -49.320496,
              -27.317574
            ],
            [
              -49.322285,
              -27.326855
            ],
            [
              -49.328708,
              -27.334478
            ],
            [
              -49.333905,
              -27.34483
            ],
            [
              -49.340085,
              -27.357628
            ],
            [
              -49.351799,
              -27.368674
            ],
            [
              -49.355735,
              -27.383257
            ],
            [
              -49.362184,
              -27.394553
            ],
            [
              -49.362184,
              -27.394553
            ]
          ]
        ]
      },
      "properties": {
        "river": "mirim",
        "max_stage_m": 27.0,
        "min_stage_m": 5.949999999999999,
        "event": "2008",
        "river_name": "Rio Itaja\u00ed-mirim",
        "fill_color": "#f59e0b"
      }
    },
    {
      "type": "Feature",
      "geometry": {
        "type": "Polygon",
        "coordinates": [
          [
            [
              -48.96399236220495,
              -26.695445633455908
            ],
            [
              -48.9616067998864,
              -26.69666382740177
            ],
            [
              -48.959724952583024,
              -26.697375358570827
            ],
            [
              -48.95069437520416,
              -26.698147740383014
            ],
            [
              -48.93896486710236,
              -26.706836460948278
            ],
            [
              -48.937490577260256,
              -26.711276566761867
            ],
            [
              -48.94226322052195,
              -26.707600361991854
            ],
            [
              -48.941300483539884,
              -26.708626735378626
            ],
            [
              -48.943066947370035,
              -26.709684522853948
            ],
            [
              -48.9291026188249,
              -26.711365464305654
            ],
            [
              -48.930574614638154,
              -26.711579648634007
            ],
            [
              -48.93675084676153,
              -26.714173845419264
            ],
            [
              -48.93347813301432,
              -26.712112078340166
            ],
            [
              -48.933503059473765,
              -26.712758355446244
            ],
            [
              -48.93032833367056,
              -26.709234787122952
            ],
            [
              -48.923648445835646,
              -26.70444699519652
            ],
            [
              -48.90706512591787,
              -26.70378623067596
            ],
            [
              -48.91139090062176,
              -26.7041020862718
            ],
            [
              -48.897575546398414,
              -26.70714954349586
            ],
            [
              -48.896680005898965,
              -26.70862727757732
            ],
            [
              -48.89206632372167,
              -26.711469712115136
            ],
            [
              -48.893406251941656,
              -26.71202374510416
            ],
            [
              -48.89481055277242,
              -26.71260531748168
            ],
            [
              -48.89121879784462,
              -26.71219310472213
            ],
            [
              -48.88664300382701,
              -26.711872383835875
            ],
            [
              -48.87679334941594,
              -26.712677195753958
            ],
            [
              -48.871280648017716,
              -26.71508877050712
            ],
            [
              -48.862710678351895,
              -26.722751906220946
            ],
            [
              -48.87388186199407,
              -26.718322051560275
            ],
            [
              -48.87772989778127,
              -26.72127831987155
            ],
            [
              -48.86879813444028,
              -26.71587806264788
            ],
            [
              -48.854543448297626,
              -26.718051468171303
            ],
            [
              -48.860817983366545,
              -26.718178474824438
            ],
            [
              -48.84772249400204,
              -26.719983400791033
            ],
            [
              -48.84105335360423,
              -26.737917573497327
            ],
            [
              -48.84150419191787,
              -26.73745957522409
            ],
            [
              -48.85523872204898,
              -26.728018337606354
            ],
            [
              -48.845101853148854,
              -26.728977144647317
            ],
            [
              -48.838956899062616,
              -26.732020352776722
            ],
            [
              -48.83736872163863,
              -26.733610610468798
            ],
            [
              -48.836491429516144,
              -26.734569035622243
            ],
            [
              -48.82855941875452,
              -26.73623139321317
            ],
            [
              -48.824580539794134,
              -26.738058969325184
            ],
            [
              -48.814773178515686,
              -26.743747813102104
            ],
            [
              -48.81019697363909,
              -26.751803190568328
            ],
            [
              -48.80926954985783,
              -26.75885545521841
            ],
            [
              -48.817844953159955,
              -26.75148562397748
            ],
            [
              -48.808070578430524,
              -26.75647712420909
            ],
            [
              -48.810727762752485,
              -26.756689361564785
            ],
            [
              -48.79785376992574,
              -26.767224807385386
            ],
            [
              -48.7969982242522,
              -26.773590796794736
            ],
            [
              -48.79711272511289,
              -26.776845972398633
            ],
            [
              -48.79762916437286,
              -26.77819703186449
            ],
            [
              -48.79713287395291,
              -26.780258149791855
            ],
            [
              -48.794010046995574,
              -26.783863225292176
            ],
            [
              -48.790671073650365,
              -26.787616416605367
            ],
            [
              -48.78754200260487,
              -26.791230713059804
            ],
            [
              -48.78150238962142,
              -26.799594162958996
            ],
            [
              -48.78654990581599,
              -26.81664164328576
            ],
            [
              -48.79241367747043,
              -26.81964905866804
            ],
            [
              -48.796929190894616,
              -26.821349892197407
            ],
            [
              -48.79734169339148,
              -26.82077193567358
            ],
            [
              -48.797122723112345,
              -26.81832409515812
            ],
            [
              -48.79839547567419,
              -26.82365824735712
            ],
            [
              -48.799788707109805,
              -26.828473745143707
            ],
            [
              -48.80115566351032,
              -26.833048864148353
            ],
            [
              -48.80247499894778,
              -26.83763459022541
            ],
            [
              -48.80333191867264,
              -26.839823171735198
            ],
            [
              -48.80890387979424,
              -26.834863346261514
            ],
            [
              -48.81172360518023,
              -26.835477009568603
            ],
            [
              -48.80457143673512,
              -26.836058653036844
            ],
            [
              -48.791632878558225,
              -26.842910010378574
            ],
            [
              -48.78803297597179,
              -26.85332958562227
            ],
            [
              -48.78845192941902,
              -26.85801005185168
            ],
            [
              -48.79122945690931,
              -26.8553703329014
            ],
            [
              -48.787057678566924,
              -26.86213439518394
            ],
            [
              -48.78843094250967,
              -26.862225224927638
            ],
            [
              -48.802025273902245,
              -26.863042030648653
            ],
            [
              -48.778863809691174,
              -26.87259968069387
            ],
            [
              -48.779647404116425,
              -26.87628868069387
            ],
            [
              -48.80314572530189,
              -26.87183406035431
            ],
            [
              -48.80236136425537,
              -26.86814506035431
            ],
            [
              -48.789643883656844,
              -26.881405358435593
            ],
            [
              -48.8069078494704,
              -26.87591936791307
            ],
            [
              -48.810322985209524,
              -26.867467819536465
            ],
            [
              -48.810605131289826,
              -26.868035997801893
            ],
            [
              -48.81240857859168,
              -26.856459982015114
            ],
            [
              -48.81195551337817,
              -26.851415586615005
            ],
            [
              -48.81285638086791,
              -26.852941332810556
            ],
            [
              -48.81023178879832,
              -26.856883747415434
            ],
            [
              -48.81310231422985,
              -26.85687038310018
            ],
            [
              -48.82276312338445,
              -26.852364141921974
            ],
            [
              -48.82732450213955,
              -26.83888152276681
            ],
            [
              -48.825618726592616,
              -26.831915590705307
            ],
            [
              -48.82422819723958,
              -26.82710819233985
            ],
            [
              -48.82279122067377,
              -26.822323485019545
            ],
            [
              -48.82146647424355,
              -26.817718741413294
            ],
            [
              -48.820510809175126,
              -26.813475527809143
            ],
            [
              -48.81378709597805,
              -26.805158926431105
            ],
            [
              -48.80551038139324,
              -26.801336557315725
            ],
            [
              -48.80086541398984,
              -26.799591934302473
            ],
            [
              -48.798172982329156,
              -26.797891438874597
            ],
            [
              -48.8047569011743,
              -26.804920465427152
            ],
            [
              -48.80551600023439,
              -26.805436180159568
            ],
            [
              -48.80879804396207,
              -26.801665556673985
            ],
            [
              -48.81196694883147,
              -26.79808473605131
            ],
            [
              -48.815252660896476,
              -26.79431346482255
            ],
            [
              -48.819001452986974,
              -26.78795234309017
            ],
            [
              -48.82084293532167,
              -26.780066941633862
            ],
            [
              -48.82099968115743,
              -26.773717824934714
            ],
            [
              -48.82158767584793,
              -26.77041206475844
            ],
            [
              -48.81841380320564,
              -26.77698952863343
            ],
            [
              -48.82661055049207,
              -26.770084507934662
            ],
            [
              -48.825921907078694,
              -26.771664321620328
            ],
            [
              -48.83324581857611,
              -26.75793028229324
            ],
            [
              -48.83388134905223,
              -26.75525435298148
            ],
            [
              -48.834238218967066,
              -26.756280255654573
            ],
            [
              -48.83390392315034,
              -26.757804156202948
            ],
            [
              -48.83848411753592,
              -26.755741392870362
            ],
            [
              -48.84046761852106,
              -26.75570151098992
            ],
            [
              -48.84724748287655,
              -26.753139101562777
            ],
            [
              -48.852978664252326,
              -26.749409613758985
            ],
            [
              -48.85547371049585,
              -26.748300483401213
            ],
            [
              -48.85439432376852,
              -26.74943377359237
            ],
            [
              -48.865010475041245,
              -26.73316204163666
            ],
            [
              -48.86115884413696,
              -26.72622365322843
            ],
            [
              -48.861943496843224,
              -26.737242146557655
            ],
            [
              -48.858903232539255,
              -26.73953883536275
            ],
            [
              -48.87083431698034,
              -26.7337827972636
            ],
            [
              -48.864161196308714,
              -26.736902744987436
            ],
            [
              -48.861264475658885,
              -26.73686438314657
            ],
            [
              -48.87318841595157,
              -26.739741808652408
            ],
            [
              -48.885208560326106,
              -26.730195728667024
            ],
            [
              -48.88346371384865,
              -26.73354899070281
            ],
            [
              -48.88630422337167,
              -26.732350126671225
            ],
            [
              -48.88600032534821,
              -26.733293403067044
            ],
            [
              -48.88945183403707,
              -26.733563615879078
            ],
            [
              -48.8919477306672,
              -26.733880916001297
            ],
            [
              -48.899480909193336,
              -26.73275415497903
            ],
            [
              -48.906960563026075,
              -26.728268548494793
            ],
            [
              -48.90921964486314,
              -26.72689562814014
            ],
            [
              -48.91427829533067,
              -26.722531041443332
            ],
            [
              -48.910625553602166,
              -26.725519887542337
            ],
            [
              -48.92085396652971,
              -26.72132126858913
            ],
            [
              -48.91436289383306,
              -26.724205364638845
            ],
            [
              -48.91439512671747,
              -26.72525471539002
            ],
            [
              -48.91470670335101,
              -26.726074209815373
            ],
            [
              -48.921151825153395,
              -26.73049610828514
            ],
            [
              -48.92384667585792,
              -26.732238870220623
            ],
            [
              -48.937484058935866,
              -26.7321004275983
            ],
            [
              -48.94400953178917,
              -26.728155318049442
            ],
            [
              -48.939400040336466,
              -26.730861442280656
            ],
            [
              -48.9493632034626,
              -26.728809002869053
            ],
            [
              -48.9547892223369,
              -26.725876113831696
            ],
            [
              -48.96059162716337,
              -26.71705386603898
            ],
            [
              -48.96174025310161,
              -26.71356473563585
            ],
            [
              -48.959462348063994,
              -26.71809372222111
            ],
            [
              -48.959658884877015,
              -26.718803986396402
            ],
            [
              -48.966551966309964,
              -26.71763224811945
            ],
            [
              -48.972871881999104,
              -26.715352123008216
            ],
            [
              -48.96399236220495,
              -26.695445633455908
            ]
          ]
        ]
      },
      "properties": {
        "river": "luis_alves",
        "max_stage_m": 113.888,
        "min_stage_m": 9.788,
        "event": "2008",
        "river_name": "Rio Lu\u00eds Alves",
        "fill_color": "#f59e0b"
      }
    },
    {
      "type": "Feature",
      "geometry": {
        "type": "Polygon",
        "coordinates": [
          [
            [
              -49.792,
              -27.3
            ],
            [
              -49.792,
              -27.3
            ],
            [
              -49.792,
              -27.3
            ],
            [
              -49.792,
              -27.3
            ],
            [
              -49.792,
              -27.3
            ],
            [
              -49.792,
              -27.3
            ],
            [
              -49.792,
              -27.3
            ],
            [
              -49.792,
              -27.3
            ],
            [
              -49.792,
              -27.3
            ],
            [
              -49.792,
              -27.3
            ],
            [
              -49.792,
              -27.3
            ],
            [
              -49.792,
              -27.3
            ],
            [
              -49.792,
              -27.3
            ],
            [
              -49.792,
              -27.3
            ],
            [
              -49.792,
              -27.3
            ],
            [
              -49.792,
              -27.3
            ],
            [
              -49.792,
              -27.3
            ],
            [
              -49.792,
              -27.3
            ],
            [
              -49.792,
              -27.3
            ],
            [
              -49.792,
              -27.3
            ],
            [
              -49.792,
              -27.3
            ],
            [
              -49.792,
              -27.3
            ],
            [
              -49.792,
              -27.3
            ],
            [
              -49.792,
              -27.3
            ],
            [
              -49.792,
              -27.3
            ],
            [
              -49.792,
              -27.3
            ],
            [
              -49.792,
              -27.3
            ],
            [
              -49.792,
              -27.3
            ],
            [
              -49.792,
              -27.3
            ],
            [
              -49.792,
              -27.3
            ],
            [
              -49.792,
              -27.3
            ],
            [
              -49.792,
              -27.3
            ],
            [
              -49.792,
              -27.3
            ],
            [
              -49.792,
              -27.3
            ],
            [
              -49.792,
              -27.3
            ],
            [
              -49.792,
              -27.3
            ],
            [
              -49.792,
              -27.3
            ],
            [
              -49.792,
              -27.3
            ],
            [
              -49.792,
              -27.3
            ],
            [
              -49.792,
              -27.3
            ],
            [
              -49.792,
              -27.3
            ],
            [
              -49.792,
              -27.3
            ],
            [
              -49.792,
              -27.3
            ],
            [
              -49.792,
              -27.3
            ],
            [
              -49.792,
              -27.3
            ],
            [
              -49.792,
              -27.3
            ],
            [
              -49.792,
              -27.3
            ],
            [
              -49.792,
              -27.3
            ],
            [
              -49.792,
              -27.3
            ],
            [
              -49.792,
              -27.3
            ],
            [
              -49.792,
              -27.3
            ],
            [
              -49.792,
              -27.3
            ],
            [
              -49.792,
              -27.3
            ],
            [
              -49.792,
              -27.3
            ],
            [
              -49.792,
              -27.3
            ],
            [
              -49.792,
              -27.3
            ],
            [
              -49.792,
              -27.3
            ],
            [
              -49.792,
              -27.3
            ],
            [
              -49.792,
              -27.3
            ],
            [
              -49.792,
              -27.3
            ],
            [
              -49.792,
              -27.3
            ],
            [
              -49.792,
              -27.3
            ],
            [
              -49.792,
              -27.3
            ],
            [
              -49.792,
              -27.3
            ],
            [
              -49.792,
              -27.3
            ],
            [
              -49.792,
              -27.3
            ],
            [
              -49.792,
              -27.3
            ],
            [
              -49.792,
              -27.3
            ],
            [
              -49.792,
              -27.3
            ],
            [
              -49.792,
              -27.3
            ],
            [
              -49.792,
              -27.3
            ],
            [
              -49.792,
              -27.3
            ],
            [
              -49.792,
              -27.3
            ],
            [
              -49.792,
              -27.3
            ],
            [
              -49.792,
              -27.3
            ],
            [
              -49.792,
              -27.3
            ],
            [
              -49.792,
              -27.3
            ],
            [
              -49.792,
              -27.3
            ],
            [
              -49.792,
              -27.3
            ],
            [
              -49.792,
              -27.3
            ],
            [
              -49.792,
              -27.3
            ],
            [
              -49.792,
              -27.3
            ],
            [
              -49.792,
              -27.3
            ],
            [
              -49.792,
              -27.3
            ],
            [
              -49.792,
              -27.3
            ],
            [
              -49.792,
              -27.3
            ],
            [
              -49.792,
              -27.3
            ],
            [
              -49.792,
              -27.3
            ],
            [
              -49.792,
              -27.3
            ],
            [
              -49.792,
              -27.3
            ],
            [
              -49.792,
              -27.3
            ],
            [
              -49.792,
              -27.3
            ],
            [
              -49.792,
              -27.3
            ],
            [
              -49.792,
              -27.3
            ],
            [
              -49.792,
              -27.3
            ],
            [
              -49.792,
              -27.3
            ],
            [
              -49.792,
              -27.3
            ],
            [
              -49.792,
              -27.3
            ],
            [
              -49.792,
              -27.3
            ],
            [
              -49.792,
              -27.3
            ],
            [
              -49.792,
              -27.3
            ],
            [
              -49.792,
              -27.3
            ],
            [
              -49.792,
              -27.3
            ],
            [
              -49.792,
              -27.3
            ],
            [
              -49.792,
              -27.3
            ],
            [
              -49.792,
              -27.3
            ],
            [
              -49.792,
              -27.3
            ],
            [
              -49.792,
              -27.3
            ],
            [
              -49.792,
              -27.3
            ],
            [
              -49.792,
              -27.3
            ],
            [
              -49.792,
              -27.3
            ],
            [
              -49.792,
              -27.3
            ],
            [
              -49.792,
              -27.3
            ],
            [
              -49.792,
              -27.3
            ],
            [
              -49.792,
              -27.3
            ],
            [
              -49.792,
              -27.3
            ],
            [
              -49.792,
              -27.3
            ],
            [
              -49.792,
              -27.3
            ],
            [
              -49.792,
              -27.3
            ],
            [
              -49.792,
              -27.3
            ],
            [
              -49.792,
              -27.3
            ],
            [
              -49.792,
              -27.3
            ],
            [
              -49.792,
              -27.3
            ],
            [
              -49.792,
              -27.3
            ],
            [
              -49.792,
              -27.3
            ],
            [
              -49.792,
              -27.3
            ],
            [
              -49.792,
              -27.3
            ],
            [
              -49.792,
              -27.3
            ],
            [
              -49.792,
              -27.3
            ],
            [
              -49.792,
              -27.3
            ],
            [
              -49.792,
              -27.3
            ],
            [
              -49.792,
              -27.3
            ],
            [
              -49.792,
              -27.3
            ],
            [
              -49.792,
              -27.3
            ],
            [
              -49.792,
              -27.3
            ],
            [
              -49.792,
              -27.3
            ],
            [
              -49.792,
              -27.3
            ],
            [
              -49.792,
              -27.3
            ],
            [
              -49.792,
              -27.3
            ],
            [
              -49.792,
              -27.3
            ],
            [
              -49.792,
              -27.3
            ],
            [
              -49.792,
              -27.3
            ],
            [
              -49.792,
              -27.3
            ],
            [
              -49.792,
              -27.3
            ],
            [
              -49.792,
              -27.3
            ],
            [
              -49.792,
              -27.3
            ],
            [
              -49.792,
              -27.3
            ],
            [
              -49.792,
              -27.3
            ],
            [
              -49.792,
              -27.3
            ],
            [
              -49.792,
              -27.3
            ],
            [
              -49.792,
              -27.3
            ],
            [
              -49.792,
              -27.3
            ],
            [
              -49.792,
              -27.3
            ],
            [
              -49.792,
              -27.3
            ],
            [
              -49.792,
              -27.3
            ],
            [
              -49.792,
              -27.3
            ],
            [
              -49.792,
              -27.3
            ],
            [
              -49.792,
              -27.3
            ],
            [
              -49.792,
              -27.3
            ],
            [
              -49.792,
              -27.3
            ],
            [
              -49.792,
              -27.3
            ]
          ]
        ]
      },
      "properties": {
        "river": "trombudo",
        "max_stage_m": 435.57,
        "min_stage_m": 335.57,
        "event": "2008",
        "river_name": "Rio Trombudo",
        "fill_color": "#f59e0b"
      }
    },
    {
      "type": "Feature",
      "geometry": {
        "type": "Polygon",
        "coordinates": [
          [
            [
              -50.075,
              -27.195
            ],
            [
              -50.075,
              -27.195
            ],
            [
              -50.075,
              -27.195
            ],
            [
              -50.075,
              -27.195
            ],
            [
              -50.075,
              -27.195
            ],
            [
              -50.075,
              -27.195
            ],
            [
              -50.075,
              -27.195
            ],
            [
              -50.075,
              -27.195
            ],
            [
              -50.075,
              -27.195
            ],
            [
              -50.075,
              -27.195
            ],
            [
              -50.075,
              -27.195
            ],
            [
              -50.075,
              -27.195
            ],
            [
              -50.075,
              -27.195
            ],
            [
              -50.075,
              -27.195
            ],
            [
              -50.075,
              -27.195
            ],
            [
              -50.075,
              -27.195
            ],
            [
              -50.075,
              -27.195
            ],
            [
              -50.075,
              -27.195
            ],
            [
              -50.075,
              -27.195
            ],
            [
              -50.075,
              -27.195
            ],
            [
              -50.075,
              -27.195
            ],
            [
              -50.075,
              -27.195
            ],
            [
              -50.075,
              -27.195
            ],
            [
              -50.075,
              -27.195
            ],
            [
              -50.075,
              -27.195
            ],
            [
              -50.075,
              -27.195
            ],
            [
              -50.075,
              -27.195
            ],
            [
              -50.075,
              -27.195
            ],
            [
              -50.075,
              -27.195
            ],
            [
              -50.075,
              -27.195
            ],
            [
              -50.075,
              -27.195
            ],
            [
              -50.075,
              -27.195
            ],
            [
              -50.075,
              -27.195
            ],
            [
              -50.075,
              -27.195
            ],
            [
              -50.075,
              -27.195
            ],
            [
              -50.075,
              -27.195
            ],
            [
              -50.075,
              -27.195
            ],
            [
              -50.075,
              -27.195
            ],
            [
              -50.075,
              -27.195
            ],
            [
              -50.075,
              -27.195
            ],
            [
              -50.075,
              -27.195
            ],
            [
              -50.075,
              -27.195
            ],
            [
              -50.075,
              -27.195
            ],
            [
              -50.075,
              -27.195
            ],
            [
              -50.075,
              -27.195
            ],
            [
              -50.075,
              -27.195
            ],
            [
              -50.075,
              -27.195
            ],
            [
              -50.075,
              -27.195
            ],
            [
              -50.075,
              -27.195
            ],
            [
              -50.075,
              -27.195
            ],
            [
              -50.075,
              -27.195
            ],
            [
              -50.075,
              -27.195
            ],
            [
              -50.075,
              -27.195
            ],
            [
              -50.075,
              -27.195
            ],
            [
              -50.075,
              -27.195
            ],
            [
              -50.075,
              -27.195
            ],
            [
              -50.075,
              -27.195
            ],
            [
              -50.075,
              -27.195
            ],
            [
              -50.075,
              -27.195
            ],
            [
              -50.075,
              -27.195
            ],
            [
              -50.075,
              -27.195
            ],
            [
              -50.075,
              -27.195
            ],
            [
              -50.075,
              -27.195
            ],
            [
              -50.075,
              -27.195
            ],
            [
              -50.075,
              -27.195
            ],
            [
              -50.075,
              -27.195
            ],
            [
              -50.075,
              -27.195
            ],
            [
              -50.075,
              -27.195
            ],
            [
              -50.075,
              -27.195
            ],
            [
              -50.075,
              -27.195
            ],
            [
              -50.075,
              -27.195
            ],
            [
              -50.075,
              -27.195
            ],
            [
              -50.075,
              -27.195
            ],
            [
              -50.075,
              -27.195
            ],
            [
              -50.075,
              -27.195
            ],
            [
              -50.075,
              -27.195
            ],
            [
              -50.075,
              -27.195
            ],
            [
              -50.075,
              -27.195
            ],
            [
              -50.075,
              -27.195
            ],
            [
              -50.075,
              -27.195
            ],
            [
              -50.075,
              -27.195
            ],
            [
              -50.075,
              -27.195
            ],
            [
              -50.075,
              -27.195
            ],
            [
              -50.075,
              -27.195
            ],
            [
              -50.075,
              -27.195
            ],
            [
              -50.075,
              -27.195
            ],
            [
              -50.075,
              -27.195
            ],
            [
              -50.075,
              -27.195
            ],
            [
              -50.075,
              -27.195
            ],
            [
              -50.075,
              -27.195
            ],
            [
              -50.075,
              -27.195
            ],
            [
              -50.075,
              -27.195
            ],
            [
              -50.075,
              -27.195
            ],
            [
              -50.075,
              -27.195
            ],
            [
              -50.075,
              -27.195
            ],
            [
              -50.075,
              -27.195
            ],
            [
              -50.075,
              -27.195
            ],
            [
              -50.075,
              -27.195
            ],
            [
              -50.075,
              -27.195
            ],
            [
              -50.075,
              -27.195
            ],
            [
              -50.075,
              -27.195
            ],
            [
              -50.075,
              -27.195
            ],
            [
              -50.075,
              -27.195
            ],
            [
              -50.075,
              -27.195
            ],
            [
              -50.075,
              -27.195
            ],
            [
              -50.075,
              -27.195
            ],
            [
              -50.075,
              -27.195
            ],
            [
              -50.075,
              -27.195
            ],
            [
              -50.075,
              -27.195
            ],
            [
              -50.075,
              -27.195
            ],
            [
              -50.075,
              -27.195
            ],
            [
              -50.075,
              -27.195
            ],
            [
              -50.075,
              -27.195
            ],
            [
              -50.075,
              -27.195
            ],
            [
              -50.075,
              -27.195
            ],
            [
              -50.075,
              -27.195
            ],
            [
              -50.075,
              -27.195
            ],
            [
              -50.075,
              -27.195
            ],
            [
              -50.075,
              -27.195
            ],
            [
              -50.075,
              -27.195
            ],
            [
              -50.075,
              -27.195
            ],
            [
              -50.075,
              -27.195
            ],
            [
              -50.075,
              -27.195
            ],
            [
              -50.075,
              -27.195
            ],
            [
              -50.075,
              -27.195
            ],
            [
              -50.075,
              -27.195
            ],
            [
              -50.075,
              -27.195
            ],
            [
              -50.075,
              -27.195
            ],
            [
              -50.075,
              -27.195
            ],
            [
              -50.075,
              -27.195
            ],
            [
              -50.075,
              -27.195
            ],
            [
              -50.075,
              -27.195
            ],
            [
              -50.075,
              -27.195
            ],
            [
              -50.075,
              -27.195
            ],
            [
              -50.075,
              -27.195
            ],
            [
              -50.075,
              -27.195
            ],
            [
              -50.075,
              -27.195
            ],
            [
              -50.075,
              -27.195
            ],
            [
              -50.075,
              -27.195
            ],
            [
              -50.075,
              -27.195
            ],
            [
              -50.075,
              -27.195
            ],
            [
              -50.075,
              -27.195
            ],
            [
              -50.075,
              -27.195
            ],
            [
              -50.075,
              -27.195
            ],
            [
              -50.075,
              -27.195
            ],
            [
              -50.075,
              -27.195
            ],
            [
              -50.075,
              -27.195
            ],
            [
              -50.075,
              -27.195
            ],
            [
              -50.075,
              -27.195
            ],
            [
              -50.075,
              -27.195
            ],
            [
              -50.075,
              -27.195
            ],
            [
              -50.075,
              -27.195
            ],
            [
              -50.075,
              -27.195
            ],
            [
              -50.075,
              -27.195
            ],
            [
              -50.075,
              -27.195
            ],
            [
              -50.075,
              -27.195
            ],
            [
              -50.075,
              -27.195
            ],
            [
              -50.075,
              -27.195
            ],
            [
              -50.075,
              -27.195
            ],
            [
              -50.075,
              -27.195
            ],
            [
              -50.075,
              -27.195
            ]
          ]
        ]
      },
      "properties": {
        "river": "mirim_doce",
        "max_stage_m": 565.57,
        "min_stage_m": 360.57,
        "event": "2008",
        "river_name": "Rio Mirim Doce",
        "fill_color": "#f59e0b"
      }
    },
    {
      "type": "Feature",
      "geometry": {
        "type": "Polygon",
        "coordinates": [
          [
            [
              -49.705,
              -27.535
            ],
            [
              -49.705,
              -27.535
            ],
            [
              -49.705,
              -27.535
            ],
            [
              -49.705,
              -27.535
            ],
            [
              -49.705,
              -27.535
            ],
            [
              -49.705,
              -27.535
            ],
            [
              -49.705,
              -27.535
            ],
            [
              -49.705,
              -27.535
            ],
            [
              -49.705,
              -27.535
            ],
            [
              -49.705,
              -27.535
            ],
            [
              -49.705,
              -27.535
            ],
            [
              -49.705,
              -27.535
            ],
            [
              -49.705,
              -27.535
            ],
            [
              -49.705,
              -27.535
            ],
            [
              -49.705,
              -27.535
            ],
            [
              -49.705,
              -27.535
            ],
            [
              -49.705,
              -27.535
            ],
            [
              -49.705,
              -27.535
            ],
            [
              -49.705,
              -27.535
            ],
            [
              -49.705,
              -27.535
            ],
            [
              -49.705,
              -27.535
            ],
            [
              -49.705,
              -27.535
            ],
            [
              -49.705,
              -27.535
            ],
            [
              -49.705,
              -27.535
            ],
            [
              -49.705,
              -27.535
            ],
            [
              -49.705,
              -27.535
            ],
            [
              -49.705,
              -27.535
            ],
            [
              -49.705,
              -27.535
            ],
            [
              -49.705,
              -27.535
            ],
            [
              -49.705,
              -27.535
            ],
            [
              -49.705,
              -27.535
            ],
            [
              -49.705,
              -27.535
            ],
            [
              -49.705,
              -27.535
            ],
            [
              -49.705,
              -27.535
            ],
            [
              -49.705,
              -27.535
            ],
            [
              -49.705,
              -27.535
            ],
            [
              -49.705,
              -27.535
            ],
            [
              -49.705,
              -27.535
            ],
            [
              -49.705,
              -27.535
            ],
            [
              -49.705,
              -27.535
            ],
            [
              -49.705,
              -27.535
            ],
            [
              -49.705,
              -27.535
            ],
            [
              -49.705,
              -27.535
            ],
            [
              -49.705,
              -27.535
            ],
            [
              -49.705,
              -27.535
            ],
            [
              -49.705,
              -27.535
            ],
            [
              -49.705,
              -27.535
            ],
            [
              -49.705,
              -27.535
            ],
            [
              -49.705,
              -27.535
            ],
            [
              -49.705,
              -27.535
            ],
            [
              -49.705,
              -27.535
            ],
            [
              -49.705,
              -27.535
            ],
            [
              -49.705,
              -27.535
            ],
            [
              -49.705,
              -27.535
            ],
            [
              -49.705,
              -27.535
            ],
            [
              -49.705,
              -27.535
            ],
            [
              -49.705,
              -27.535
            ],
            [
              -49.705,
              -27.535
            ],
            [
              -49.705,
              -27.535
            ],
            [
              -49.705,
              -27.535
            ],
            [
              -49.705,
              -27.535
            ],
            [
              -49.705,
              -27.535
            ],
            [
              -49.705,
              -27.535
            ],
            [
              -49.705,
              -27.535
            ],
            [
              -49.705,
              -27.535
            ],
            [
              -49.705,
              -27.535
            ],
            [
              -49.705,
              -27.535
            ],
            [
              -49.705,
              -27.535
            ],
            [
              -49.705,
              -27.535
            ],
            [
              -49.705,
              -27.535
            ],
            [
              -49.705,
              -27.535
            ],
            [
              -49.705,
              -27.535
            ],
            [
              -49.705,
              -27.535
            ],
            [
              -49.705,
              -27.535
            ],
            [
              -49.705,
              -27.535
            ],
            [
              -49.705,
              -27.535
            ],
            [
              -49.705,
              -27.535
            ],
            [
              -49.705,
              -27.535
            ],
            [
              -49.705,
              -27.535
            ],
            [
              -49.705,
              -27.535
            ],
            [
              -49.705,
              -27.535
            ],
            [
              -49.705,
              -27.535
            ],
            [
              -49.705,
              -27.535
            ],
            [
              -49.705,
              -27.535
            ],
            [
              -49.705,
              -27.535
            ],
            [
              -49.705,
              -27.535
            ],
            [
              -49.705,
              -27.535
            ],
            [
              -49.705,
              -27.535
            ],
            [
              -49.705,
              -27.535
            ],
            [
              -49.705,
              -27.535
            ],
            [
              -49.705,
              -27.535
            ],
            [
              -49.705,
              -27.535
            ],
            [
              -49.705,
              -27.535
            ],
            [
              -49.705,
              -27.535
            ],
            [
              -49.705,
              -27.535
            ],
            [
              -49.705,
              -27.535
            ],
            [
              -49.705,
              -27.535
            ],
            [
              -49.705,
              -27.535
            ],
            [
              -49.705,
              -27.535
            ],
            [
              -49.705,
              -27.535
            ],
            [
              -49.705,
              -27.535
            ],
            [
              -49.705,
              -27.535
            ],
            [
              -49.705,
              -27.535
            ],
            [
              -49.705,
              -27.535
            ],
            [
              -49.705,
              -27.535
            ],
            [
              -49.705,
              -27.535
            ],
            [
              -49.705,
              -27.535
            ],
            [
              -49.705,
              -27.535
            ],
            [
              -49.705,
              -27.535
            ],
            [
              -49.705,
              -27.535
            ],
            [
              -49.705,
              -27.535
            ],
            [
              -49.705,
              -27.535
            ],
            [
              -49.705,
              -27.535
            ],
            [
              -49.705,
              -27.535
            ],
            [
              -49.705,
              -27.535
            ],
            [
              -49.705,
              -27.535
            ],
            [
              -49.705,
              -27.535
            ],
            [
              -49.705,
              -27.535
            ],
            [
              -49.705,
              -27.535
            ],
            [
              -49.705,
              -27.535
            ],
            [
              -49.705,
              -27.535
            ],
            [
              -49.705,
              -27.535
            ],
            [
              -49.705,
              -27.535
            ],
            [
              -49.705,
              -27.535
            ],
            [
              -49.705,
              -27.535
            ],
            [
              -49.705,
              -27.535
            ],
            [
              -49.705,
              -27.535
            ],
            [
              -49.705,
              -27.535
            ],
            [
              -49.705,
              -27.535
            ],
            [
              -49.705,
              -27.535
            ],
            [
              -49.705,
              -27.535
            ],
            [
              -49.705,
              -27.535
            ],
            [
              -49.705,
              -27.535
            ],
            [
              -49.705,
              -27.535
            ],
            [
              -49.705,
              -27.535
            ],
            [
              -49.705,
              -27.535
            ],
            [
              -49.705,
              -27.535
            ],
            [
              -49.705,
              -27.535
            ],
            [
              -49.705,
              -27.535
            ],
            [
              -49.705,
              -27.535
            ],
            [
              -49.705,
              -27.535
            ],
            [
              -49.705,
              -27.535
            ],
            [
              -49.705,
              -27.535
            ],
            [
              -49.705,
              -27.535
            ],
            [
              -49.705,
              -27.535
            ],
            [
              -49.705,
              -27.535
            ],
            [
              -49.705,
              -27.535
            ],
            [
              -49.705,
              -27.535
            ],
            [
              -49.705,
              -27.535
            ],
            [
              -49.705,
              -27.535
            ],
            [
              -49.705,
              -27.535
            ],
            [
              -49.705,
              -27.535
            ],
            [
              -49.705,
              -27.535
            ],
            [
              -49.705,
              -27.535
            ],
            [
              -49.705,
              -27.535
            ],
            [
              -49.705,
              -27.535
            ],
            [
              -49.705,
              -27.535
            ],
            [
              -49.705,
              -27.535
            ],
            [
              -49.705,
              -27.535
            ],
            [
              -49.705,
              -27.535
            ],
            [
              -49.705,
              -27.535
            ]
          ]
        ]
      },
      "properties": {
        "river": "perimbo",
        "max_stage_m": 465.57,
        "min_stage_m": 385.57,
        "event": "2008",
        "river_name": "Rio Perimb\u00f3",
        "fill_color": "#f59e0b"
      }
    },
    {
      "type": "Feature",
      "geometry": {
        "type": "Polygon",
        "coordinates": [
          [
            [
              -49.65998569631812,
              -27.194632631902593
            ],
            [
              -49.644727391080366,
              -27.202641455899826
            ],
            [
              -49.627981246811885,
              -27.194366329909467
            ],
            [
              -49.608620427334266,
              -27.191361717845062
            ],
            [
              -49.590220378433905,
              -27.179011740415437
            ],
            [
              -49.579262,
              -27.186863
            ],
            [
              -49.570904,
              -27.171022
            ],
            [
              -49.549317,
              -27.174801
            ],
            [
              -49.552335,
              -27.156344
            ],
            [
              -49.543674,
              -27.155337
            ],
            [
              -49.535034,
              -27.143606
            ],
            [
              -49.529845,
              -27.136552
            ],
            [
              -49.517774,
              -27.129609
            ],
            [
              -49.528973002306394,
              -27.082891000406647
            ],
            [
              -49.52507587011204,
              -27.123209194204023
            ],
            [
              -49.52862206715312,
              -27.05954322957011
            ],
            [
              -49.50713701333716,
              -27.053319173552566
            ],
            [
              -49.465999175511115,
              -27.058104156756198
            ],
            [
              -49.48087975530025,
              -27.067632890390623
            ],
            [
              -49.4769505164352,
              -27.06613352749819
            ],
            [
              -49.465258120987116,
              -27.05880030067778
            ],
            [
              -49.45127298934146,
              -27.048682515764888
            ],
            [
              -49.425697759022405,
              -27.038037421574046
            ],
            [
              -49.42997166515547,
              -27.04654257503975
            ],
            [
              -49.42562117672161,
              -27.04780828273018
            ],
            [
              -49.40772633476029,
              -27.00697138699724
            ],
            [
              -49.405405188763055,
              -27.03046824687505
            ],
            [
              -49.41125864118413,
              -27.00823648575216
            ],
            [
              -49.40785287656669,
              -26.967552463950764
            ],
            [
              -49.40173841311896,
              -26.961778684286852
            ],
            [
              -49.34898413800073,
              -26.926228043695478
            ],
            [
              -49.34305829214388,
              -26.932765123052683
            ],
            [
              -49.3582565495859,
              -26.959455578537824
            ],
            [
              -49.32418095665686,
              -26.92573248307729
            ],
            [
              -49.32069036980581,
              -26.928160779501724
            ],
            [
              -49.32000863832717,
              -26.9352564717229
            ],
            [
              -49.31120299712144,
              -26.91617307081477
            ],
            [
              -49.28876108216157,
              -26.88597858642679
            ],
            [
              -49.27095163146045,
              -26.875941773619733
            ],
            [
              -49.252774889445874,
              -26.866400420921224
            ],
            [
              -49.206261664512674,
              -26.854529584275426
            ],
            [
              -49.217157039982006,
              -26.86404833074842
            ],
            [
              -49.175218397331086,
              -26.850558066282407
            ],
            [
              -49.143359983574214,
              -26.86045051473647
            ],
            [
              -49.1536345231291,
              -26.868316006103306
            ],
            [
              -49.145308903765134,
              -26.86802704622679
            ],
            [
              -49.11296210444562,
              -26.849873675073315
            ],
            [
              -49.06380229596496,
              -26.860014958465115
            ],
            [
              -49.075405947100776,
              -26.865469296647227
            ],
            [
              -49.02905745831699,
              -26.908192752820888
            ],
            [
              -49.07555553920763,
              -26.88667733335545
            ],
            [
              -49.0817695023674,
              -26.895796131723316
            ],
            [
              -49.02634760353835,
              -26.872371613068076
            ],
            [
              -49.05006637564743,
              -26.88679008573179
            ],
            [
              -49.01659913095883,
              -26.86528947291943
            ],
            [
              -48.961233039778904,
              -26.878750664568006
            ],
            [
              -48.959745442678624,
              -26.88874349497627
            ],
            [
              -48.98016464760802,
              -26.900364706240033
            ],
            [
              -48.95937755161055,
              -26.889052728779912
            ],
            [
              -48.92209477560474,
              -26.880102691557198
            ],
            [
              -48.8860099370803,
              -26.889393059251937
            ],
            [
              -48.907849585873436,
              -26.902242145325143
            ],
            [
              -48.87855293881339,
              -26.884444284620955
            ],
            [
              -48.86126196687844,
              -26.880343288271057
            ],
            [
              -48.8493078119717,
              -26.876665542165288
            ],
            [
              -48.82812851368514,
              -26.85995529978033
            ],
            [
              -48.77703846457623,
              -26.84774949589831
            ],
            [
              -48.77703159164609,
              -26.853692479949423
            ],
            [
              -48.79484224918582,
              -26.8828142501542
            ],
            [
              -48.767600077926325,
              -26.830270267915118
            ],
            [
              -48.770497262139564,
              -26.840002320823842
            ],
            [
              -48.705760390027066,
              -26.81949156599056
            ],
            [
              -48.68714810171822,
              -26.86070229277009
            ],
            [
              -48.731459157246036,
              -26.844477958274066
            ],
            [
              -48.70877556906124,
              -26.84010693435171
            ],
            [
              -48.65615649517685,
              -26.862545187079945
            ],
            [
              -48.6869809614944,
              -26.85718850401056
            ],
            [
              -48.6329723530909,
              -26.87830480336439
            ],
            [
              -48.64269287305741,
              -26.875419439357266
            ],
            [
              -48.62450374568551,
              -26.888129439357268
            ],
            [
              -48.66230225431449,
              -26.936358560642734
            ],
            [
              -48.68048712694258,
              -26.923648560642732
            ],
            [
              -48.6971116469091,
              -26.892069196635607
            ],
            [
              -48.6824590385056,
              -26.91588949598944
            ],
            [
              -48.720747504823144,
              -26.874470812920052
            ],
            [
              -48.70531043093876,
              -26.898865065648287
            ],
            [
              -48.71761084275397,
              -26.902006041725937
            ],
            [
              -48.75073989828178,
              -26.84510570722991
            ],
            [
              -48.75642360997293,
              -26.857154434009438
            ],
            [
              -48.715572737860434,
              -26.87257567917616
            ],
            [
              -48.75739992207368,
              -26.88840173208488
            ],
            [
              -48.72889975081418,
              -26.881181749845798
            ],
            [
              -48.7716744083539,
              -26.912337520050578
            ],
            [
              -48.80711953542377,
              -26.90011450410169
            ],
            [
              -48.79464948631486,
              -26.910654700219666
            ],
            [
              -48.8071441880283,
              -26.921922457834714
            ],
            [
              -48.83661803312156,
              -26.934924711728947
            ],
            [
              -48.8626970611866,
              -26.941559715379043
            ],
            [
              -48.868874414126566,
              -26.949723854674854
            ],
            [
              -48.9255500629197,
              -26.936498940748066
            ],
            [
              -48.933507224395264,
              -26.9380553084428
            ],
            [
              -48.936140448389445,
              -26.94412327122009
            ],
            [
              -48.946959352391985,
              -26.95121329375997
            ],
            [
              -49.00202655732137,
              -26.933916505023728
            ],
            [
              -49.020080960221094,
              -26.905349335431996
            ],
            [
              -49.00930886904117,
              -26.92376852708057
            ],
            [
              -49.004773624352566,
              -26.929577914268208
            ],
            [
              -49.062634396461654,
              -26.921512386931923
            ],
            [
              -49.02633049763259,
              -26.927705868276682
            ],
            [
              -49.05911246079238,
              -26.943660666644547
            ],
            [
              -49.08970054168301,
              -26.885017247179114
            ],
            [
              -49.08174205289923,
              -26.924036703352776
            ],
            [
              -49.11818170403504,
              -26.893321041534882
            ],
            [
              -49.10417189555438,
              -26.908188324926687
            ],
            [
              -49.10611709623486,
              -26.91535895377321
            ],
            [
              -49.1370494768709,
              -26.925265993896694
            ],
            [
              -49.18193601642578,
              -26.908181485263526
            ],
            [
              -49.19142560266891,
              -26.907593933717596
            ],
            [
              -49.182996960017995,
              -26.914385669251576
            ],
            [
              -49.23075633548732,
              -26.909162415724573
            ],
            [
              -49.220383110554124,
              -26.917659579078773
            ],
            [
              -49.24037236853955,
              -26.92808022638027
            ],
            [
              -49.25616091783843,
              -26.937135413573206
            ],
            [
              -49.252661002878554,
              -26.94333692918523
            ],
            [
              -49.25991536167284,
              -26.9595975282771
            ],
            [
              -49.294135630194184,
              -26.982029220498276
            ],
            [
              -49.32395504334313,
              -26.984571516922706
            ],
            [
              -49.293271450414096,
              -26.96981442146218
            ],
            [
              -49.35125770785612,
              -26.99114887694732
            ],
            [
              -49.381251861999274,
              -26.97755795630452
            ],
            [
              -49.33801358688103,
              -26.97715531571315
            ],
            [
              -49.35460712343331,
              -27.00234753604924
            ],
            [
              -49.34584935881587,
              -27.00012751424784
            ],
            [
              -49.34164281123695,
              -27.01511575312495
            ],
            [
              -49.376153665239706,
              -27.058654613002762
            ],
            [
              -49.35961282327839,
              -27.05026171726982
            ],
            [
              -49.376276334844526,
              -27.08083142496025
            ],
            [
              -49.41282024097759,
              -27.095748578425955
            ],
            [
              -49.42324101065854,
              -27.10196548423511
            ],
            [
              -49.42083187901288,
              -27.10235969932222
            ],
            [
              -49.441233483564794,
              -27.115640472501806
            ],
            [
              -49.454652244699744,
              -27.121641109609374
            ],
            [
              -49.50466682448888,
              -27.105819843243804
            ],
            [
              -49.50470898666285,
              -27.112118826447436
            ],
            [
              -49.50425393284688,
              -27.11423677042989
            ],
            [
              -49.477250129887956,
              -27.082594805795978
            ],
            [
              -49.5002589976936,
              -27.135888999593355
            ],
            [
              -49.517774,
              -27.129609
            ],
            [
              -49.529845,
              -27.136552
            ],
            [
              -49.535034,
              -27.143606
            ],
            [
              -49.543674,
              -27.155337
            ],
            [
              -49.552335,
              -27.156344
            ],
            [
              -49.549317,
              -27.174801
            ],
            [
              -49.570904,
              -27.171022
            ],
            [
              -49.579262,
              -27.186863
            ],
            [
              -49.591037621566095,
              -27.180146259584564
            ],
            [
              -49.60774957266573,
              -27.192464282154937
            ],
            [
              -49.62582860084441,
              -27.200598089105224
            ],
            [
              -49.61808439019262,
              -27.21164614288993
            ],
            [
              -49.63810688218206,
              -27.234830376020803
            ],
            [
              -49.65998569631812,
              -27.194632631902593
            ]
          ]
        ]
      },
      "properties": {
        "river": "acu",
        "max_stage_m": 346.5,
        "min_stage_m": 13.7,
        "event": "2011",
        "river_name": "Rio Itaja\u00ed-a\u00e7u",
        "fill_color": "#f59e0b"
      }
    },
    {
      "type": "Feature",
      "geometry": {
        "type": "Polygon",
        "coordinates": [
          [
            [
              -50.15034707014083,
              -26.90205197868669
            ],
            [
              -50.15699283610167,
              -26.89420295452272
            ],
            [
              -50.1459817939059,
              -26.910075002259454
            ],
            [
              -50.14692473902494,
              -26.92030047263341
            ],
            [
              -50.14770854108502,
              -26.924841925444433
            ],
            [
              -50.14785032263736,
              -26.933856597057247
            ],
            [
              -50.14855432142848,
              -26.942706162329547
            ],
            [
              -50.15110222416968,
              -26.9535169754137
            ],
            [
              -50.160377455931204,
              -26.9651736290222
            ],
            [
              -50.16613522520319,
              -26.950340569085242
            ],
            [
              -50.15416189305972,
              -26.965615228413913
            ],
            [
              -50.153452802892126,
              -26.978662759447495
            ],
            [
              -50.15674053407411,
              -26.9907980838159
            ],
            [
              -50.16138420983119,
              -26.991038240194847
            ],
            [
              -50.15615817099084,
              -27.005202106476204
            ],
            [
              -50.163412603092844,
              -27.001126261806306
            ],
            [
              -50.14877211852259,
              -27.007822892395733
            ],
            [
              -50.13990351560413,
              -27.015369788539367
            ],
            [
              -50.130072154159656,
              -27.022185021385695
            ],
            [
              -50.116586855674484,
              -27.030166355137798
            ],
            [
              -50.11013645379689,
              -27.037711315908133
            ],
            [
              -50.09276240628151,
              -27.04711079147214
            ],
            [
              -50.0912831628448,
              -27.053686978186068
            ],
            [
              -50.07203684794052,
              -27.06699631803986
            ],
            [
              -50.07331439432886,
              -27.069501749504195
            ],
            [
              -50.068805698572376,
              -27.075226750895208
            ],
            [
              -50.056155946643614,
              -27.083958016692307
            ],
            [
              -50.05248364334454,
              -27.088423506573598
            ],
            [
              -50.06176576479597,
              -27.094704441035468
            ],
            [
              -50.03637790671237,
              -27.083049966832853
            ],
            [
              -50.03554613912151,
              -27.08877338068627
            ],
            [
              -50.011841430249845,
              -27.086045668206072
            ],
            [
              -50.01103534590075,
              -27.088506761276648
            ],
            [
              -49.99855252540166,
              -27.10891603786841
            ],
            [
              -50.01027431839,
              -27.100410178781797
            ],
            [
              -50.00992693813306,
              -27.10403797311357
            ],
            [
              -49.99830009961511,
              -27.10262820692009
            ],
            [
              -49.98409857225802,
              -27.098854808795693
            ],
            [
              -49.958440340756034,
              -27.09993751259926
            ],
            [
              -49.95260961778211,
              -27.10591803367522
            ],
            [
              -49.94544817328714,
              -27.114971162318973
            ],
            [
              -49.95104926189747,
              -27.120252454155995
            ],
            [
              -49.92540099483903,
              -27.120711476284054
            ],
            [
              -49.913975918659965,
              -27.143348445868295
            ],
            [
              -49.928194625240934,
              -27.13393492415851
            ],
            [
              -49.91346141846273,
              -27.136088418280174
            ],
            [
              -49.92179939738577,
              -27.149231813154884
            ],
            [
              -49.89541649566789,
              -27.13229698658518
            ],
            [
              -49.897054995389915,
              -27.133669149964536
            ],
            [
              -49.89467648591006,
              -27.136171063433483
            ],
            [
              -49.87396681531389,
              -27.14384531805269
            ],
            [
              -49.894923382936675,
              -27.148145324366748
            ],
            [
              -49.881007794496696,
              -27.135919872736384
            ],
            [
              -49.86221994747593,
              -27.13940668943457
            ],
            [
              -49.855971792606674,
              -27.147523982403914
            ],
            [
              -49.84618983499684,
              -27.160411951945736
            ],
            [
              -49.86594028849192,
              -27.161823942040694
            ],
            [
              -49.84857323369945,
              -27.152139398623298
            ],
            [
              -49.827165057600865,
              -27.168843178549775
            ],
            [
              -49.84786661681982,
              -27.165590721697352
            ],
            [
              -49.83464013885168,
              -27.162942147306023
            ],
            [
              -49.8070027777932,
              -27.171388448695517
            ],
            [
              -49.81918878728845,
              -27.17430530135416
            ],
            [
              -49.802085223613076,
              -27.17374917491631
            ],
            [
              -49.77628770031139,
              -27.18412757323946
            ],
            [
              -49.777261630929594,
              -27.18756836071955
            ],
            [
              -49.784960975716416,
              -27.19666437529531
            ],
            [
              -49.75760167231058,
              -27.191423761778942
            ],
            [
              -49.75594648670181,
              -27.19416079037848
            ],
            [
              -49.75655782452294,
              -27.19821362624462
            ],
            [
              -49.73626041636995,
              -27.201134446679912
            ],
            [
              -49.725550790419724,
              -27.210910002524997
            ],
            [
              -49.726732154690474,
              -27.217350148098284
            ],
            [
              -49.70437285227068,
              -27.220990577408568
            ],
            [
              -49.69739869458614,
              -27.22776034981723
            ],
            [
              -49.697285961171886,
              -27.23444893626736
            ],
            [
              -49.68902946099539,
              -27.22990270966165
            ],
            [
              -49.679185838723136,
              -27.22397900230174
            ],
            [
              -49.666275555322564,
              -27.211920212433693
            ],
            [
              -49.65479018941539,
              -27.205602212433693
            ],
            [
              -49.64252075747065,
              -27.22543658576735
            ],
            [
              -49.6540054274638,
              -27.23175458576735
            ],
            [
              -49.66104024356668,
              -27.239857850754277
            ],
            [
              -49.67555181442302,
              -27.24910851468251
            ],
            [
              -49.68504168784875,
              -27.254297148045666
            ],
            [
              -49.7090730565808,
              -27.247877842995024
            ],
            [
              -49.72107930682004,
              -27.23807222641265
            ],
            [
              -49.7280422604867,
              -27.239957594734
            ],
            [
              -49.74554001920636,
              -27.224926903383118
            ],
            [
              -49.753353782972,
              -27.21790823865472
            ],
            [
              -49.7561891922227,
              -27.22084869180202
            ],
            [
              -49.77226565161611,
              -27.211533023017147
            ],
            [
              -49.77752265780291,
              -27.205513392206914
            ],
            [
              -49.76859908982557,
              -27.214005065299702
            ],
            [
              -49.79476349512388,
              -27.20400378033218
            ],
            [
              -49.80063242122859,
              -27.19072412828592
            ],
            [
              -49.805580466250845,
              -27.196172087528307
            ],
            [
              -49.81804996165306,
              -27.196920064061718
            ],
            [
              -49.8322469438016,
              -27.17423281796895
            ],
            [
              -49.83092168609225,
              -27.18533658412778
            ],
            [
              -49.84281022860401,
              -27.187776760431444
            ],
            [
              -49.85046306125809,
              -27.159744212553225
            ],
            [
              -49.84862033639937,
              -27.174776798977476
            ],
            [
              -49.850205430378985,
              -27.179614301329337
            ],
            [
              -49.87116382428587,
              -27.164740737679125
            ],
            [
              -49.8747457115736,
              -27.162801872473455
            ],
            [
              -49.88224120963491,
              -27.15337283481184
            ],
            [
              -49.87723674383128,
              -27.158307224211335
            ],
            [
              -49.87384974897409,
              -27.160828390476777
            ],
            [
              -49.89767418543388,
              -27.152057060322292
            ],
            [
              -49.89494943346225,
              -27.15880719939395
            ],
            [
              -49.90766563057287,
              -27.154243476069723
            ],
            [
              -49.916281152963684,
              -27.145246959268462
            ],
            [
              -49.89677741896151,
              -27.15332312700371
            ],
            [
              -49.923540622594,
              -27.156873343513354
            ],
            [
              -49.93109381346195,
              -27.156424879721193
            ],
            [
              -49.93683865449158,
              -27.133423552594255
            ],
            [
              -49.94352028012631,
              -27.136598932709855
            ],
            [
              -49.94577102794907,
              -27.142397160214028
            ],
            [
              -49.9652845229599,
              -27.129139910210434
            ],
            [
              -49.97254972584934,
              -27.11996910925141
            ],
            [
              -49.97666927758229,
              -27.115722198070852
            ],
            [
              -49.979835355586154,
              -27.121171912067283
            ],
            [
              -49.99161287619619,
              -27.124469081306028
            ],
            [
              -50.00667673126867,
              -27.126489797833425
            ],
            [
              -50.02312666379166,
              -27.11994411800434
            ],
            [
              -50.01767499784529,
              -27.093993762073396
            ],
            [
              -50.01546988803669,
              -27.110797328508983
            ],
            [
              -50.02669054403882,
              -27.104422329429237
            ],
            [
              -50.02659939905645,
              -27.10996347930559
            ],
            [
              -50.048420831304696,
              -27.102987509158297
            ],
            [
              -50.04379718571231,
              -27.110723194688767
            ],
            [
              -50.066113242417565,
              -27.107534603505325
            ],
            [
              -50.074322870762934,
              -27.099796898152977
            ],
            [
              -50.08310085298566,
              -27.09394749636244
            ],
            [
              -50.09211569719019,
              -27.084740142899992
            ],
            [
              -50.09677307676308,
              -27.07222019618292
            ],
            [
              -50.10159678520789,
              -27.07437764608879
            ],
            [
              -50.11396196565555,
              -27.059600878634566
            ],
            [
              -50.12031448883978,
              -27.058454594331913
            ],
            [
              -50.13412252639169,
              -27.046552336309688
            ],
            [
              -50.14273462322959,
              -27.04181245241064
            ],
            [
              -50.154225644417394,
              -27.03406954165695
            ],
            [
              -50.16503112329473,
              -27.025219655537434
            ],
            [
              -50.17348384853137,
              -27.021909582748275
            ],
            [
              -50.181350238238444,
              -27.00814792661203
            ],
            [
              -50.185064203208846,
              -26.999238719220493
            ],
            [
              -50.17925785794825,
              -26.980318528181133
            ],
            [
              -50.1782233513539,
              -26.973649843366218
            ],
            [
              -50.17942105493859,
              -26.96798834871349
            ],
            [
              -50.184063883684665,
              -26.966374294296703
            ],
            [
              -50.17097580389601,
              -26.94460162514602
            ],
            [
              -50.174103216692245,
              -26.943922003306135
            ],
            [
              -50.173496955390924,
              -26.93846084227637
            ],
            [
              -50.1731847429799,
              -26.932339657748372
            ],
            [
              -50.17309579879502,
              -26.924533961580302
            ],
            [
              -50.17202633725675,
              -26.91690850958723
            ],
            [
              -50.17126777077922,
              -26.908066605509397
            ],
            [
              -50.17395797800642,
              -26.91104234667574
            ],
            [
              -50.17234225749563,
              -26.890752909788233
            ],
            [
              -50.15034707014083,
              -26.90205197868669
            ]
          ]
        ]
      },
      "properties": {
        "river": "oeste",
        "max_stage_m": 583.35,
        "min_stage_m": 341.25,
        "event": "2011",
        "river_name": "Rio Itaja\u00ed do Oeste",
        "fill_color": "#f59e0b"
      }
    },
    {
      "type": "Feature",
      "geometry": {
        "type": "Polygon",
        "coordinates": [
          [
            [
              -49.30663288365963,
              -27.706192424795145
            ],
            [
              -49.31792389848767,
              -27.707956182759194
            ],
            [
              -49.32595470868858,
              -27.707740750068044
            ],
            [
              -49.34345604034571,
              -27.707799291850957
            ],
            [
              -49.34938692766195,
              -27.705003323573894
            ],
            [
              -49.365062234985814,
              -27.700779487072857
            ],
            [
              -49.36647192621361,
              -27.69766278848253
            ],
            [
              -49.38371937705987,
              -27.690994500145454
            ],
            [
              -49.3840230146506,
              -27.68829305569318
            ],
            [
              -49.38975524241523,
              -27.685286991202354
            ],
            [
              -49.39859355410783,
              -27.68298290213031
            ],
            [
              -49.41319599089236,
              -27.67816228283861
            ],
            [
              -49.41029938120785,
              -27.67748164972064
            ],
            [
              -49.42739513084096,
              -27.6727177281807
            ],
            [
              -49.417191779589416,
              -27.669271929053405
            ],
            [
              -49.445366391228994,
              -27.667388855769953
            ],
            [
              -49.453251172198826,
              -27.652704838751788
            ],
            [
              -49.45061815838656,
              -27.65150937908214
            ],
            [
              -49.4568935052761,
              -27.64350748791148
            ],
            [
              -49.46655048592024,
              -27.62555049292479
            ],
            [
              -49.4647822422452,
              -27.6221568587775
            ],
            [
              -49.46602886434281,
              -27.601735149540037
            ],
            [
              -49.460916993514886,
              -27.61108220665167
            ],
            [
              -49.47024310537878,
              -27.593391562234697
            ],
            [
              -49.46964086281924,
              -27.582696854863972
            ],
            [
              -49.453504745188056,
              -27.58956053108347
            ],
            [
              -49.47555086994643,
              -27.58227539301891
            ],
            [
              -49.477630660426904,
              -27.577660049456046
            ],
            [
              -49.487862936830275,
              -27.565563503722537
            ],
            [
              -49.47043855102979,
              -27.56965647906632
            ],
            [
              -49.496938908154064,
              -27.564777515414736
            ],
            [
              -49.50282614996097,
              -27.554813902388137
            ],
            [
              -49.50319555203646,
              -27.54978341389464
            ],
            [
              -49.508490061928846,
              -27.544032792674678
            ],
            [
              -49.50586202334091,
              -27.541555201482055
            ],
            [
              -49.51300276771672,
              -27.54019733729781
            ],
            [
              -49.53031878725761,
              -27.536042296647587
            ],
            [
              -49.53140962427038,
              -27.53295882037635
            ],
            [
              -49.542889920553726,
              -27.528336294740146
            ],
            [
              -49.54740428760908,
              -27.524065032747142
            ],
            [
              -49.554900478354405,
              -27.520918986694042
            ],
            [
              -49.56081636454293,
              -27.517780924065963
            ],
            [
              -49.5669253065826,
              -27.516623174740335
            ],
            [
              -49.585927400697294,
              -27.508945478749055
            ],
            [
              -49.59104357817862,
              -27.500035723020137
            ],
            [
              -49.5982143240054,
              -27.48284348585832
            ],
            [
              -49.59500166944445,
              -27.46715423120659
            ],
            [
              -49.59257836852453,
              -27.470447297652566
            ],
            [
              -49.58037168378312,
              -27.47158989234921
            ],
            [
              -49.596969395890156,
              -27.445322024762667
            ],
            [
              -49.588598106377745,
              -27.463211627345952
            ],
            [
              -49.59354595353519,
              -27.459285490217052
            ],
            [
              -49.61425789346024,
              -27.445650720361314
            ],
            [
              -49.61669066580978,
              -27.43083859825298
            ],
            [
              -49.61520099747065,
              -27.43118681143306
            ],
            [
              -49.61655605457176,
              -27.424797761398565
            ],
            [
              -49.624307785100655,
              -27.404673192826696
            ],
            [
              -49.6224694788573,
              -27.399850527666352
            ],
            [
              -49.617568985363505,
              -27.400979459000286
            ],
            [
              -49.63061082944127,
              -27.38460910107614
            ],
            [
              -49.631687640366515,
              -27.370838483852545
            ],
            [
              -49.63042929874254,
              -27.36149053614682
            ],
            [
              -49.62953798476893,
              -27.352246369502094
            ],
            [
              -49.621538385531906,
              -27.359600730102112
            ],
            [
              -49.63733411177214,
              -27.33971383828857
            ],
            [
              -49.633081845567055,
              -27.339834856095365
            ],
            [
              -49.63339817607773,
              -27.33560467136955
            ],
            [
              -49.6498335144837,
              -27.322622729852228
            ],
            [
              -49.65187380428988,
              -27.316255471104505
            ],
            [
              -49.64830912349578,
              -27.315147210826222
            ],
            [
              -49.66291102898269,
              -27.301324963587938
            ],
            [
              -49.66662476259298,
              -27.286700164209112
            ],
            [
              -49.6644720590765,
              -27.284340858679343
            ],
            [
              -49.670519266317015,
              -27.26988904828434
            ],
            [
              -49.669986785753444,
              -27.25669623625115
            ],
            [
              -49.66445759661871,
              -27.24247720050867
            ],
            [
              -49.662811503705726,
              -27.243020713866
            ],
            [
              -49.66196874346376,
              -27.23865527040439
            ],
            [
              -49.66314903085764,
              -27.228196646447405
            ],
            [
              -49.664470535005655,
              -27.217868646447407
            ],
            [
              -49.633974808805355,
              -27.214394683002922
            ],
            [
              -49.63265047683639,
              -27.22472268300292
            ],
            [
              -49.63141401949336,
              -27.23557333927587
            ],
            [
              -49.632243999892125,
              -27.246017604854657
            ],
            [
              -49.639627407669224,
              -27.258609850789295
            ],
            [
              -49.64063808363121,
              -27.264875730798455
            ],
            [
              -49.63976883842958,
              -27.26921785020782
            ],
            [
              -49.6371645172716,
              -27.271752674664576
            ],
            [
              -49.63587906784983,
              -27.287658307715105
            ],
            [
              -49.63348057805734,
              -27.29335303984173
            ],
            [
              -49.63006801822607,
              -27.293128837978927
            ],
            [
              -49.62222637733953,
              -27.308932899867088
            ],
            [
              -49.62051746268972,
              -27.31430907802496
            ],
            [
              -49.618830099596764,
              -27.311521065573114
            ],
            [
              -49.607710519673645,
              -27.324358082072436
            ],
            [
              -49.606912912895794,
              -27.343875006140905
            ],
            [
              -49.60479401471185,
              -27.336658840052277
            ],
            [
              -49.59892420093298,
              -27.35510969013107
            ],
            [
              -49.59978467429084,
              -27.364104003441383
            ],
            [
              -49.601172810570816,
              -27.37447477895739
            ],
            [
              -49.600003010568265,
              -27.381629573903734
            ],
            [
              -49.596643714033625,
              -27.38092100502062
            ],
            [
              -49.59169218299129,
              -27.398904309301923
            ],
            [
              -49.594518611300124,
              -27.411614530162428
            ],
            [
              -49.59083838273899,
              -27.409752187098345
            ],
            [
              -49.58593696498516,
              -27.422651823704964
            ],
            [
              -49.5861606643816,
              -27.434484129298887
            ],
            [
              -49.58420007209311,
              -27.439654767980546
            ],
            [
              -49.584411427157505,
              -27.433173782952
            ],
            [
              -49.572262598686066,
              -27.44002984545679
            ],
            [
              -49.57723999806952,
              -27.46632289461695
            ],
            [
              -49.57734568443674,
              -27.44438096870009
            ],
            [
              -49.56241378434177,
              -27.464860479781766
            ],
            [
              -49.568827238784884,
              -27.481585425939063
            ],
            [
              -49.56751293854523,
              -27.485233976101654
            ],
            [
              -49.56438725742239,
              -27.486309749567475
            ],
            [
              -49.55920335955853,
              -27.495320160485875
            ],
            [
              -49.56458814108475,
              -27.489360784880112
            ],
            [
              -49.55554701442269,
              -27.49084227361897
            ],
            [
              -49.5427553766758,
              -27.49578937054383
            ],
            [
              -49.535459933341876,
              -27.498859711868878
            ],
            [
              -49.52430513854765,
              -27.50652193096034
            ],
            [
              -49.521062056787535,
              -27.507203782442662
            ],
            [
              -49.50955079709515,
              -27.515834804693203
            ],
            [
              -49.511284795344025,
              -27.512898721740164
            ],
            [
              -49.50064436016866,
              -27.514608464829386
            ],
            [
              -49.48614303371035,
              -27.52519493323085
            ],
            [
              -49.48055079795373,
              -27.531226055881604
            ],
            [
              -49.47395315062999,
              -27.54521064316336
            ],
            [
              -49.4705522967593,
              -27.55062469460741
            ],
            [
              -49.47631867341878,
              -27.542816972832767
            ],
            [
              -49.457812595241364,
              -27.55941105422498
            ],
            [
              -49.45727124543423,
              -27.557122197508168
            ],
            [
              -49.449763600794775,
              -27.567273995277674
            ],
            [
              -49.45096069238862,
              -27.562312591110803
            ],
            [
              -49.43908402277258,
              -27.586442094211016
            ],
            [
              -49.43943059716013,
              -27.59474405560848
            ],
            [
              -49.436052026306015,
              -27.59489585429101
            ],
            [
              -49.44009793221649,
              -27.616552148761883
            ],
            [
              -49.43588827359774,
              -27.612561243762823
            ],
            [
              -49.43579208111899,
              -27.627761377849403
            ],
            [
              -49.43270056785198,
              -27.62653228966336
            ],
            [
              -49.426340806861106,
              -27.63462701821206
            ],
            [
              -49.422506593561394,
              -27.650277816459976
            ],
            [
              -49.41956112264789,
              -27.652384692783176
            ],
            [
              -49.42936853114891,
              -27.644148093194513
            ],
            [
              -49.40754146492923,
              -27.651781600389825
            ],
            [
              -49.40514342608459,
              -27.650524613490646
            ],
            [
              -49.3939532022092,
              -27.65678274314526
            ],
            [
              -49.39109690532254,
              -27.65646019032185
            ],
            [
              -49.38198317838078,
              -27.65882649558396
            ],
            [
              -49.37117554527057,
              -27.66343175182324
            ],
            [
              -49.36091615665873,
              -27.67256174823142
            ],
            [
              -49.35868911728978,
              -27.67120456653583
            ],
            [
              -49.34610066066912,
              -27.67920106490976
            ],
            [
              -49.34436605130032,
              -27.678026109046783
            ],
            [
              -49.33223619268044,
              -27.682326928874602
            ],
            [
              -49.32896862344,
              -27.680530204951488
            ],
            [
              -49.31746093217825,
              -27.680618160072427
            ],
            [
              -49.31236492277996,
              -27.679326554974505
            ],
            [
              -49.30663288365963,
              -27.706192424795145
            ]
          ]
        ]
      },
      "properties": {
        "river": "sul",
        "max_stage_m": 478.35,
        "min_stage_m": 341.35,
        "event": "2011",
        "river_name": "Rio Itaja\u00ed do Sul",
        "fill_color": "#f59e0b"
      }
    },
    {
      "type": "Feature",
      "geometry": {
        "type": "Polygon",
        "coordinates": [
          [
            [
              -50.14811651403492,
              -26.51473212708429
            ],
            [
              -50.14128968066929,
              -26.518721653747484
            ],
            [
              -50.128531409783854,
              -26.516994463083133
            ],
            [
              -50.12276958498881,
              -26.520541120336507
            ],
            [
              -50.110951529699406,
              -26.516241273235625
            ],
            [
              -50.096951943276665,
              -26.51850588761817
            ],
            [
              -50.084644821079046,
              -26.523315741607867
            ],
            [
              -50.069523218033446,
              -26.51796839318292
            ],
            [
              -50.05505514528143,
              -26.51797518559463
            ],
            [
              -50.04128909104778,
              -26.517235848127807
            ],
            [
              -50.02969275941302,
              -26.510554548000375
            ],
            [
              -50.01607402830454,
              -26.49996943873316
            ],
            [
              -50.000243576283225,
              -26.50231916707936
            ],
            [
              -49.98682293324401,
              -26.51022526029053
            ],
            [
              -49.97772382738006,
              -26.520379599247512
            ],
            [
              -49.9698858824601,
              -26.528882712027194
            ],
            [
              -49.96139900165442,
              -26.53945134821981
            ],
            [
              -49.95250463637932,
              -26.54967084582172
            ],
            [
              -49.951369652778624,
              -26.5604541119876
            ],
            [
              -49.94696426838679,
              -26.567282492928403
            ],
            [
              -49.93408760795161,
              -26.570215877067188
            ],
            [
              -49.920522203952764,
              -26.576668652521757
            ],
            [
              -49.90800454006691,
              -26.588230730762458
            ],
            [
              -49.90898482244964,
              -26.599178894693104
            ],
            [
              -49.89307610008481,
              -26.602297730557034
            ],
            [
              -49.88285045602876,
              -26.613494523185643
            ],
            [
              -49.87629814511694,
              -26.6282457555978
            ],
            [
              -49.87938320027282,
              -26.64078929613634
            ],
            [
              -49.87272188755195,
              -26.650130281856526
            ],
            [
              -49.85522222248415,
              -26.650896224465328
            ],
            [
              -49.84631390775482,
              -26.662682544171915
            ],
            [
              -49.83731534754275,
              -26.67408644523994
            ],
            [
              -49.83703704017198,
              -26.68732931120906
            ],
            [
              -49.828850634057474,
              -26.699277635176475
            ],
            [
              -49.81646416909794,
              -26.70690069639874
            ],
            [
              -49.803668203801244,
              -26.71741418382238
            ],
            [
              -49.79704491999366,
              -26.73156677670308
            ],
            [
              -49.792188218491,
              -26.744054104615422
            ],
            [
              -49.777421734004385,
              -26.751062073558153
            ],
            [
              -49.76917889444636,
              -26.76423810579007
            ],
            [
              -49.76359882273357,
              -26.77224836860459
            ],
            [
              -49.74813400202251,
              -26.781096845274398
            ],
            [
              -49.75110702617687,
              -26.792398722081323
            ],
            [
              -49.74026528353936,
              -26.802955528606297
            ],
            [
              -49.732808545083806,
              -26.81523417544228
            ],
            [
              -49.71968963626203,
              -26.82562876799824
            ],
            [
              -49.709660358554665,
              -26.838841086499375
            ],
            [
              -49.70629322813642,
              -26.84924382126161
            ],
            [
              -49.69660768774091,
              -26.857480945948296
            ],
            [
              -49.68200074195318,
              -26.86386532741269
            ],
            [
              -49.67708730534612,
              -26.879514026031245
            ],
            [
              -49.681089477860716,
              -26.888317312613392
            ],
            [
              -49.66347499482784,
              -26.890532836873117
            ],
            [
              -49.656355112234834,
              -26.901871948497327
            ],
            [
              -49.658880899350066,
              -26.913022536079215
            ],
            [
              -49.64359539354286,
              -26.9214835189701
            ],
            [
              -49.63848226026852,
              -26.93535794772804
            ],
            [
              -49.630217463553414,
              -26.950939267392137
            ],
            [
              -49.635737510769346,
              -26.961067510288473
            ],
            [
              -49.620658992162234,
              -26.96675935146839
            ],
            [
              -49.60945925691522,
              -26.97512448405826
            ],
            [
              -49.60980006387433,
              -26.984547311178794
            ],
            [
              -49.61213514888208,
              -26.99577061660879
            ],
            [
              -49.600845864772374,
              -27.00509892242652
            ],
            [
              -49.5935417602696,
              -27.02020878705729
            ],
            [
              -49.5919508713238,
              -27.033487076061014
            ],
            [
              -49.59026622608653,
              -27.047368881009433
            ],
            [
              -49.58756034037803,
              -27.035287313760826
            ],
            [
              -49.58212390245851,
              -27.024118193045034
            ],
            [
              -49.572149815810484,
              -27.03137492556241
            ],
            [
              -49.56739691810054,
              -27.037266969489814
            ],
            [
              -49.55980312342461,
              -27.02770000728183
            ],
            [
              -49.54760119304951,
              -27.02020217169604
            ],
            [
              -49.54327829901829,
              -27.032124994599183
            ],
            [
              -49.54632230658994,
              -27.04434043487276
            ],
            [
              -49.535676263836734,
              -27.051819565366177
            ],
            [
              -49.524498588977146,
              -27.05532685459146
            ],
            [
              -49.50989407080747,
              -27.0563024878565
            ],
            [
              -49.499335943453225,
              -27.062980653581086
            ],
            [
              -49.48300959123898,
              -27.079974653581086
            ],
            [
              -49.48731767936962,
              -27.083659611502586
            ],
            [
              -49.503643378504634,
              -27.066665611502586
            ],
            [
              -49.5130664930994,
              -27.06080916816712
            ],
            [
              -49.52474596105118,
              -27.06064129052817
            ],
            [
              -49.537407606917476,
              -27.05691017815798
            ],
            [
              -49.5496852753381,
              -27.04873596081676
            ],
            [
              -49.54921307129787,
              -27.0315372199927
            ],
            [
              -49.55316346557532,
              -27.022135794532435
            ],
            [
              -49.55516551495914,
              -27.031050551539007
            ],
            [
              -49.56271889772553,
              -27.040573082777488
            ],
            [
              -49.57516139463649,
              -27.035967942151803
            ],
            [
              -49.585624832103115,
              -27.02842701951094
            ],
            [
              -49.581592860950565,
              -27.035483278259278
            ],
            [
              -49.58443431592122,
              -27.048515003521864
            ],
            [
              -49.59710952258178,
              -27.03616626870919
            ],
            [
              -49.59945528098056,
              -27.02094344912121
            ],
            [
              -49.60620292866521,
              -27.007446496326683
            ],
            [
              -49.61587110629593,
              -26.99991919562471
            ],
            [
              -49.61574825163136,
              -26.98410543216982
            ],
            [
              -49.615423774625306,
              -26.974934457076188
            ],
            [
              -49.62373699556078,
              -26.971316348345546
            ],
            [
              -49.63783552959681,
              -26.966046972596313
            ],
            [
              -49.63599061446637,
              -26.949594469224877
            ],
            [
              -49.64361793981934,
              -26.93806519148492
            ],
            [
              -49.649183253254094,
              -26.92334603790133
            ],
            [
              -49.661562273867645,
              -26.917773882715913
            ],
            [
              -49.66231062716197,
              -26.90158093299898
            ],
            [
              -49.668392369762586,
              -26.893542522434412
            ],
            [
              -49.681472413309656,
              -26.893625336650704
            ],
            [
              -49.683029482733225,
              -26.879067113115273
            ],
            [
              -49.687665832465186,
              -26.865524238414004
            ],
            [
              -49.698638626860145,
              -26.862481850973186
            ],
            [
              -49.7100735396399,
              -26.853356790815155
            ],
            [
              -49.71524457472105,
              -26.840702553112052
            ],
            [
              -49.72441854661681,
              -26.828866649117717
            ],
            [
              -49.73649555839223,
              -26.819413239836187
            ],
            [
              -49.74530820943315,
              -26.80578963579385
            ],
            [
              -49.75525113734718,
              -26.796220764540834
            ],
            [
              -49.75402853237117,
              -26.780322072321276
            ],
            [
              -49.76594101885494,
              -26.777139091536437
            ],
            [
              -49.773896200812175,
              -26.767486485833462
            ],
            [
              -49.78246567885151,
              -26.753891461870122
            ],
            [
              -49.79460014078101,
              -26.748917503886265
            ],
            [
              -49.802444528328316,
              -26.733810785036162
            ],
            [
              -49.8090617232665,
              -26.719668562531684
            ],
            [
              -49.820177838505415,
              -26.711058398518126
            ],
            [
              -49.83197009408104,
              -26.703808147056975
            ],
            [
              -49.84187645420243,
              -26.690427119339514
            ],
            [
              -49.84325744668843,
              -26.67440083539873
            ],
            [
              -49.85085318526858,
              -26.666122949219886
            ],
            [
              -49.859966733751364,
              -26.654107300256655
            ],
            [
              -49.87257375924146,
              -26.65544763397433
            ],
            [
              -49.88383478751922,
              -26.64431916318208
            ],
            [
              -49.882177576457174,
              -26.627428502090257
            ],
            [
              -49.888213840448635,
              -26.615796482108298
            ],
            [
              -49.89744628785378,
              -26.60590652313239
            ],
            [
              -49.909917819375835,
              -26.604432067337658
            ],
            [
              -49.91390548960881,
              -26.588898745643064
            ],
            [
              -49.92438229133471,
              -26.580715183388687
            ],
            [
              -49.93661747755003,
              -26.57502963458596
            ],
            [
              -49.94826171785331,
              -26.572473367383704
            ],
            [
              -49.95602992673224,
              -26.563758106844272
            ],
            [
              -49.95838686523618,
              -26.55044804575772
            ],
            [
              -49.96575453825275,
              -26.543071974989687
            ],
            [
              -49.97451606317344,
              -26.532218970067234
            ],
            [
              -49.98209637501112,
              -26.523983072667836
            ],
            [
              -49.9912490566757,
              -26.51377559011369
            ],
            [
              -50.003227786090704,
              -26.506919152686212
            ],
            [
              -50.01687314040097,
              -26.505240144714712
            ],
            [
              -50.0257307583998,
              -26.51451968742487
            ],
            [
              -50.03830920649885,
              -26.52183827934803
            ],
            [
              -50.05461728230136,
              -26.523279736731098
            ],
            [
              -50.06952281375361,
              -26.523287393088356
            ],
            [
              -50.082586979558435,
              -26.528305900261895
            ],
            [
              -50.09882109229499,
              -26.523555110263537
            ],
            [
              -50.111888777866376,
              -26.52149374398279
            ],
            [
              -50.12052305179279,
              -26.52546567939244
            ],
            [
              -50.130892913702375,
              -26.52187573978111
            ],
            [
              -50.140261186136705,
              -26.52396043947458
            ],
            [
              -50.15069847565911,
              -26.519523170496893
            ],
            [
              -50.14811651403492,
              -26.51473212708429
            ]
          ]
        ]
      },
      "properties": {
        "river": "norte",
        "max_stage_m": 497.09,
        "min_stage_m": 135.19,
        "event": "2011",
        "river_name": "Rio Itaja\u00ed do Norte ou Herc\u00edlio",
        "fill_color": "#f59e0b"
      }
    },
    {
      "type": "Feature",
      "geometry": {
        "type": "Polygon",
        "coordinates": [
          [
            [
              -49.514229101199824,
              -26.636489911560087
            ],
            [
              -49.51668239292513,
              -26.636831260824454
            ],
            [
              -49.51344900730295,
              -26.65101566090142
            ],
            [
              -49.5148983488465,
              -26.651648118553744
            ],
            [
              -49.51581182838094,
              -26.653838923683054
            ],
            [
              -49.51333133909287,
              -26.659841852098925
            ],
            [
              -49.51100276158339,
              -26.669312884062972
            ],
            [
              -49.511599822136915,
              -26.674920298367272
            ],
            [
              -49.511550914568915,
              -26.68261823916045
            ],
            [
              -49.51457137322827,
              -26.68142232757617
            ],
            [
              -49.513173594933434,
              -26.685257786573732
            ],
            [
              -49.51454722826675,
              -26.68806297288437
            ],
            [
              -49.50446346592258,
              -26.684980549702637
            ],
            [
              -49.49527915767031,
              -26.688674313184794
            ],
            [
              -49.49879606640363,
              -26.6906980610319
            ],
            [
              -49.48547688010891,
              -26.69510144596133
            ],
            [
              -49.48307581189615,
              -26.699764176179787
            ],
            [
              -49.48132429849342,
              -26.704053819609623
            ],
            [
              -49.48094247042664,
              -26.707429397311607
            ],
            [
              -49.475994973928515,
              -26.714220114386872
            ],
            [
              -49.47403020517306,
              -26.720316029626492
            ],
            [
              -49.47239777760795,
              -26.72452596246142
            ],
            [
              -49.463196484228035,
              -26.73281466473003
            ],
            [
              -49.463936864956175,
              -26.73632207431335
            ],
            [
              -49.454939888282716,
              -26.743869377333205
            ],
            [
              -49.45586358293228,
              -26.74697069057761
            ],
            [
              -49.45181857308135,
              -26.74985542896573
            ],
            [
              -49.44097498624914,
              -26.752685760609825
            ],
            [
              -49.43522259241909,
              -26.75690306813705
            ],
            [
              -49.4271233805477,
              -26.764348013693343
            ],
            [
              -49.43098448018116,
              -26.76624654055098
            ],
            [
              -49.417217594563965,
              -26.77957405598952
            ],
            [
              -49.42744068095138,
              -26.788408801550595
            ],
            [
              -49.42503049753074,
              -26.779440555357123
            ],
            [
              -49.433409557371434,
              -26.778169779944076
            ],
            [
              -49.42746307391094,
              -26.77779933146295
            ],
            [
              -49.425862325990394,
              -26.77931556701545
            ],
            [
              -49.41892482801706,
              -26.77175050052489
            ],
            [
              -49.403660174455226,
              -26.769274235894805
            ],
            [
              -49.39905694323637,
              -26.772599244992342
            ],
            [
              -49.40457762286057,
              -26.777558871679872
            ],
            [
              -49.39618577726839,
              -26.772086634392874
            ],
            [
              -49.38302885984245,
              -26.77080671554871
            ],
            [
              -49.377196736026164,
              -26.77344165681491
            ],
            [
              -49.38196223519214,
              -26.782161765393194
            ],
            [
              -49.36882312710464,
              -26.76905319364114
            ],
            [
              -49.35838661317491,
              -26.776673719521344
            ],
            [
              -49.35833563004761,
              -26.781095535016934
            ],
            [
              -49.35226094606286,
              -26.79091060919783
            ],
            [
              -49.35251648580035,
              -26.794459107796047
            ],
            [
              -49.349514887479685,
              -26.799996808198223
            ],
            [
              -49.34584229587064,
              -26.805129598466866
            ],
            [
              -49.34002836797352,
              -26.811446041178744
            ],
            [
              -49.34183445411435,
              -26.81456172994028
            ],
            [
              -49.32653568747851,
              -26.8232698144913
            ],
            [
              -49.33362887303568,
              -26.82277780749893
            ],
            [
              -49.331548573959594,
              -26.824671276818478
            ],
            [
              -49.32933142669916,
              -26.825086710033318
            ],
            [
              -49.31172964858239,
              -26.8190602853949
            ],
            [
              -49.31592249666388,
              -26.82078473215594
            ],
            [
              -49.30493180239355,
              -26.8193193707352
            ],
            [
              -49.30432152347326,
              -26.821607535760812
            ],
            [
              -49.29528908220541,
              -26.817260560764208
            ],
            [
              -49.28708034275436,
              -26.815690035372324
            ],
            [
              -49.27416858695553,
              -26.828766312122696
            ],
            [
              -49.28554927578455,
              -26.819543823643183
            ],
            [
              -49.273739638669355,
              -26.819801911843175
            ],
            [
              -49.264573600831724,
              -26.825778898732423
            ],
            [
              -49.260174000255304,
              -26.837962520534486
            ],
            [
              -49.26303916807396,
              -26.84523407527014
            ],
            [
              -49.270629656936606,
              -26.84050388905873
            ],
            [
              -49.260313331134306,
              -26.846736141697757
            ],
            [
              -49.26372673952552,
              -26.84860204275234
            ],
            [
              -49.250470207948034,
              -26.853842782531295
            ],
            [
              -49.24721402508969,
              -26.861713008916485
            ],
            [
              -49.25037670969837,
              -26.86390925821478
            ],
            [
              -49.24342955948383,
              -26.86698791531032
            ],
            [
              -49.23295022973736,
              -26.87533930556361
            ],
            [
              -49.231236787440444,
              -26.881953483647102
            ],
            [
              -49.22833527295466,
              -26.8890054836471
            ],
            [
              -49.24420292488156,
              -26.89482711899129
            ],
            [
              -49.247103449077244,
              -26.887775118991293
            ],
            [
              -49.249495499834374,
              -26.87938467916586
            ],
            [
              -49.251851474323516,
              -26.880319349074156
            ],
            [
              -49.257320077254185,
              -26.87790216841328
            ],
            [
              -49.26385977949115,
              -26.865408637125476
            ],
            [
              -49.26628024054176,
              -26.85977740668119
            ],
            [
              -49.26491485192947,
              -26.86386767058801
            ],
            [
              -49.27481810184537,
              -26.85490286026387
            ],
            [
              -49.27826798437153,
              -26.85420493788919
            ],
            [
              -49.27771171157698,
              -26.837311390623704
            ],
            [
              -49.276309726404484,
              -26.83277991582035
            ],
            [
              -49.27879105494572,
              -26.834334897652067
            ],
            [
              -49.28220759665869,
              -26.833108329681757
            ],
            [
              -49.283612380760744,
              -26.834748279133986
            ],
            [
              -49.28664795956481,
              -26.818271618341115
            ],
            [
              -49.28617501982561,
              -26.830971075935548
            ],
            [
              -49.29182810606993,
              -26.83224801811985
            ],
            [
              -49.29618624643585,
              -26.835078286788786
            ],
            [
              -49.30870097110237,
              -26.834247524587354
            ],
            [
              -49.3124491738806,
              -26.83576993479885
            ],
            [
              -49.32382201469651,
              -26.829909919895545
            ],
            [
              -49.316041680566784,
              -26.83475754022125
            ],
            [
              -49.32612333968448,
              -26.839187700969262
            ],
            [
              -49.337696252142585,
              -26.837643526572048
            ],
            [
              -49.343669069989446,
              -26.822652305850724
            ],
            [
              -49.342948048085475,
              -26.829831809511987
            ],
            [
              -49.35371309645909,
              -26.820665827193235
            ],
            [
              -49.3584665899119,
              -26.815483952830295
            ],
            [
              -49.36330255603791,
              -26.809091929662834
            ],
            [
              -49.36743864372745,
              -26.801992627383754
            ],
            [
              -49.36926486822174,
              -26.7928535000552
            ],
            [
              -49.3722277341411,
              -26.790060294864823
            ],
            [
              -49.37516789750709,
              -26.779790535357925
            ],
            [
              -49.374784035428654,
              -26.783400394146735
            ],
            [
              -49.365094626037,
              -26.784885830614208
            ],
            [
              -49.3832527130536,
              -26.78775716875179
            ],
            [
              -49.390002735443396,
              -26.78478527175678
            ],
            [
              -49.39227498130068,
              -26.786985408523236
            ],
            [
              -49.393776285333644,
              -26.7894410035051
            ],
            [
              -49.410272951235555,
              -26.78417076299709
            ],
            [
              -49.4137169985916,
              -26.781665742727444
            ],
            [
              -49.41100069447184,
              -26.785319484955682
            ],
            [
              -49.412103118771164,
              -26.788441949757118
            ],
            [
              -49.42377306072034,
              -26.792742959429308
            ],
            [
              -49.432140031253184,
              -26.793430139191223
            ],
            [
              -49.441842801501345,
              -26.782422950108664
            ],
            [
              -49.4289830721145,
              -26.773168496001887
            ],
            [
              -49.43139463962098,
              -26.770973873469927
            ],
            [
              -49.43318169499108,
              -26.781422668712526
            ],
            [
              -49.44259238861126,
              -26.770936630100202
            ],
            [
              -49.44614092930559,
              -26.768698205130104
            ],
            [
              -49.45113226304296,
              -26.765010813742848
            ],
            [
              -49.45512622750234,
              -26.76487008742326
            ],
            [
              -49.46425273077797,
              -26.7603141058022
            ],
            [
              -49.470735137650756,
              -26.749802856599278
            ],
            [
              -49.473747908462954,
              -26.748867877384264
            ],
            [
              -49.47938517364743,
              -26.737827529098002
            ],
            [
              -49.482588177857565,
              -26.736827529283833
            ],
            [
              -49.48866033133061,
              -26.728278933487537
            ],
            [
              -49.49209802889184,
              -26.719441918115926
            ],
            [
              -49.494449918701484,
              -26.716840979365887
            ],
            [
              -49.49766155619557,
              -26.708654475389277
            ],
            [
              -49.49893087756844,
              -26.705555606297008
            ],
            [
              -49.50070624951249,
              -26.70210499043646
            ],
            [
              -49.49908273606826,
              -26.705998300358157
            ],
            [
              -49.50949746478817,
              -26.697206416576602
            ],
            [
              -49.50583688723023,
              -26.700233652860838
            ],
            [
              -49.50791580019485,
              -26.70217192120906
            ],
            [
              -49.520831289865995,
              -26.698945558961796
            ],
            [
              -49.528367730886664,
              -26.690489501920002
            ],
            [
              -49.52801402424918,
              -26.678402433318798
            ],
            [
              -49.52867712581166,
              -26.676063064352213
            ],
            [
              -49.52806093365952,
              -26.667971510957845
            ],
            [
              -49.52970509013923,
              -26.66431925716362
            ],
            [
              -49.5316283660171,
              -26.65970013316057
            ],
            [
              -49.53200351093204,
              -26.650979979451385
            ],
            [
              -49.52799674726611,
              -26.642947487875606
            ],
            [
              -49.531604729619865,
              -26.64433176400068
            ],
            [
              -49.5308131150138,
              -26.632694346023527
            ],
            [
              -49.514229101199824,
              -26.636489911560087
            ]
          ]
        ]
      },
      "properties": {
        "river": "benedito",
        "max_stage_m": 642.7900000000001,
        "min_stage_m": 63.19,
        "event": "2011",
        "river_name": "Rio Benedito",
        "fill_color": "#f59e0b"
      }
    },
    {
      "type": "Feature",
      "geometry": {
        "type": "Polygon",
        "coordinates": [
          [
            [
              -49.362184,
              -27.394553
            ],
            [
              -49.355735,
              -27.383257
            ],
            [
              -49.351799,
              -27.368674
            ],
            [
              -49.340085,
              -27.357628
            ],
            [
              -49.333905,
              -27.34483
            ],
            [
              -49.328708,
              -27.334478
            ],
            [
              -49.322285,
              -27.326855
            ],
            [
              -49.320496,
              -27.317574
            ],
            [
              -49.315396,
              -27.310237
            ],
            [
              -49.314809,
              -27.300662
            ],
            [
              -49.314099,
              -27.290865
            ],
            [
              -49.311249,
              -27.283406
            ],
            [
              -49.306517,
              -27.272471
            ],
            [
              -49.300787,
              -27.26551
            ],
            [
              -49.29734,
              -27.258286
            ],
            [
              -49.282338,
              -27.255794
            ],
            [
              -49.275717,
              -27.247138
            ],
            [
              -49.264086,
              -27.248166
            ],
            [
              -49.251599,
              -27.240798
            ],
            [
              -49.238816,
              -27.236076
            ],
            [
              -49.227169,
              -27.232291
            ],
            [
              -49.213935,
              -27.228775
            ],
            [
              -49.208826,
              -27.214095
            ],
            [
              -49.197869,
              -27.207077
            ],
            [
              -49.188583,
              -27.199846
            ],
            [
              -49.177862,
              -27.203756
            ],
            [
              -49.15962,
              -27.207419
            ],
            [
              -49.145821,
              -27.201979
            ],
            [
              -49.13178,
              -27.196286
            ],
            [
              -49.127067,
              -27.185668
            ],
            [
              -49.113196,
              -27.185519
            ],
            [
              -49.107287,
              -27.190854
            ],
            [
              -49.098988,
              -27.186266
            ],
            [
              -49.089826,
              -27.192315
            ],
            [
              -49.081437,
              -27.195634
            ],
            [
              -49.070812,
              -27.191238
            ],
            [
              -49.057141,
              -27.189659
            ],
            [
              -49.049085,
              -27.188577
            ],
            [
              -49.041662,
              -27.195993
            ],
            [
              -49.02882,
              -27.20118
            ],
            [
              -49.029489,
              -27.188164
            ],
            [
              -49.023969,
              -27.173743
            ],
            [
              -49.009175,
              -27.171366
            ],
            [
              -49.020961,
              -27.161385
            ],
            [
              -49.018104,
              -27.155565
            ],
            [
              -49.0189,
              -27.144004
            ],
            [
              -49.002254,
              -27.144148
            ],
            [
              -48.988324,
              -27.143163
            ],
            [
              -48.97698,
              -27.146192
            ],
            [
              -48.968129,
              -27.139228
            ],
            [
              -48.960098,
              -27.128589
            ],
            [
              -48.950028,
              -27.137113
            ],
            [
              -48.93764,
              -27.125945
            ],
            [
              -48.94222,
              -27.114813
            ],
            [
              -48.934826,
              -27.100458
            ],
            [
              -48.918501,
              -27.101548
            ],
            [
              -48.907256,
              -27.090458
            ],
            [
              -48.901276046055926,
              -27.078397724826786
            ],
            [
              -48.887364174592875,
              -27.065739588833356
            ],
            [
              -48.88337827529377,
              -27.048715404768064
            ],
            [
              -48.86965308782132,
              -27.038758197560433
            ],
            [
              -48.854845570778664,
              -27.02920179603571
            ],
            [
              -48.84382530813582,
              -27.01744169190928
            ],
            [
              -48.83335213107986,
              -27.006581719543302
            ],
            [
              -48.82163282838664,
              -26.99193702787558
            ],
            [
              -48.81038568174601,
              -26.976897455750333
            ],
            [
              -48.79727837470048,
              -26.96286859581197
            ],
            [
              -48.783208464995134,
              -26.9499690714131
            ],
            [
              -48.768626691306665,
              -26.943786398437187
            ],
            [
              -48.7528575058428,
              -26.927199982939946
            ],
            [
              -48.740344718539035,
              -26.930337121632167
            ],
            [
              -48.73342526082406,
              -26.933920646135395
            ],
            [
              -48.72196638059521,
              -26.934972355722586
            ],
            [
              -48.709395472539136,
              -26.929043911567256
            ],
            [
              -48.69812436843433,
              -26.93284685341419
            ],
            [
              -48.69227773435959,
              -26.923462525247277
            ],
            [
              -48.68907256794347,
              -26.919809010531957
            ],
            [
              -48.68635318380886,
              -26.905597799848188
            ],
            [
              -48.68252345472021,
              -26.892662061559314
            ],
            [
              -48.64330389316912,
              -26.912062223770548
            ],
            [
              -48.64350210683088,
              -26.912425776229455
            ],
            [
              -48.68298805167364,
              -26.893514343839083
            ],
            [
              -48.684965545844776,
              -26.905877538342104
            ],
            [
              -48.686693933515734,
              -26.920134658793657
            ],
            [
              -48.68947127731443,
              -26.925158463825614
            ],
            [
              -48.69430497749323,
              -26.934748058997364
            ],
            [
              -48.71027345822681,
              -26.933191592076412
            ],
            [
              -48.71911739464835,
              -26.939392587833016
            ],
            [
              -48.73353674374482,
              -26.939894887889043
            ],
            [
              -48.74321175121079,
              -26.936694685879694
            ],
            [
              -48.754627464206735,
              -26.934766423597107
            ],
            [
              -48.76130987803423,
              -26.948504868247554
            ],
            [
              -48.77920278490093,
              -26.957540626289116
            ],
            [
              -48.79448409377398,
              -26.96630429602505
            ],
            [
              -48.80809587197577,
              -26.97895252697165
            ],
            [
              -48.82129117161335,
              -26.992202972124417
            ],
            [
              -48.83299786892013,
              -27.006834280456697
            ],
            [
              -48.843498691864184,
              -27.017722308090722
            ],
            [
              -48.85451442922134,
              -27.029478203964292
            ],
            [
              -48.869406912178675,
              -27.039097802439564
            ],
            [
              -48.88311172470623,
              -27.049042595231935
            ],
            [
              -48.88692182540713,
              -27.065830411166647
            ],
            [
              -48.90096995394407,
              -27.078696275173215
            ],
            [
              -48.907256,
              -27.090458
            ],
            [
              -48.918501,
              -27.101548
            ],
            [
              -48.934826,
              -27.100458
            ],
            [
              -48.94222,
              -27.114813
            ],
            [
              -48.93764,
              -27.125945
            ],
            [
              -48.950028,
              -27.137113
            ],
            [
              -48.960098,
              -27.128589
            ],
            [
              -48.968129,
              -27.139228
            ],
            [
              -48.97698,
              -27.146192
            ],
            [
              -48.988324,
              -27.143163
            ],
            [
              -49.002254,
              -27.144148
            ],
            [
              -49.0189,
              -27.144004
            ],
            [
              -49.018104,
              -27.155565
            ],
            [
              -49.020961,
              -27.161385
            ],
            [
              -49.009175,
              -27.171366
            ],
            [
              -49.023969,
              -27.173743
            ],
            [
              -49.029489,
              -27.188164
            ],
            [
              -49.02882,
              -27.20118
            ],
            [
              -49.041662,
              -27.195993
            ],
            [
              -49.049085,
              -27.188577
            ],
            [
              -49.057141,
              -27.189659
            ],
            [
              -49.070812,
              -27.191238
            ],
            [
              -49.081437,
              -27.195634
            ],
            [
              -49.089826,
              -27.192315
            ],
            [
              -49.098988,
              -27.186266
            ],
            [
              -49.107287,
              -27.190854
            ],
            [
              -49.113196,
              -27.185519
            ],
            [
              -49.127067,
              -27.185668
            ],
            [
              -49.13178,
              -27.196286
            ],
            [
              -49.145821,
              -27.201979
            ],
            [
              -49.15962,
              -27.207419
            ],
            [
              -49.177862,
              -27.203756
            ],
            [
              -49.188583,
              -27.199846
            ],
            [
              -49.197869,
              -27.207077
            ],
            [
              -49.208826,
              -27.214095
            ],
            [
              -49.213935,
              -27.228775
            ],
            [
              -49.227169,
              -27.232291
            ],
            [
              -49.238816,
              -27.236076
            ],
            [
              -49.251599,
              -27.240798
            ],
            [
              -49.264086,
              -27.248166
            ],
            [
              -49.275717,
              -27.247138
            ],
            [
              -49.282338,
              -27.255794
            ],
            [
              -49.29734,
              -27.258286
            ],
            [
              -49.300787,
              -27.26551
            ],
            [
              -49.306517,
              -27.272471
            ],
            [
              -49.311249,
              -27.283406
            ],
            [
              -49.314099,
              -27.290865
            ],
            [
              -49.314809,
              -27.300662
            ],
            [
              -49.315396,
              -27.310237
            ],
            [
              -49.320496,
              -27.317574
            ],
            [
              -49.322285,
              -27.326855
            ],
            [
              -49.328708,
              -27.334478
            ],
            [
              -49.333905,
              -27.34483
            ],
            [
              -49.340085,
              -27.357628
            ],
            [
              -49.351799,
              -27.368674
            ],
            [
              -49.355735,
              -27.383257
            ],
            [
              -49.362184,
              -27.394553
            ],
            [
              -49.362184,
              -27.394553
            ]
          ]
        ]
      },
      "properties": {
        "river": "mirim",
        "max_stage_m": 24.7,
        "min_stage_m": 4.34,
        "event": "2011",
        "river_name": "Rio Itaja\u00ed-mirim",
        "fill_color": "#f59e0b"
      }
    },
    {
      "type": "Feature",
      "geometry": {
        "type": "Polygon",
        "coordinates": [
          [
            [
              -48.96342283876387,
              -26.69416885129961
            ],
            [
              -48.961289621901145,
              -26.695318934051905
            ],
            [
              -48.959729190099026,
              -26.696000948001362
            ],
            [
              -48.9501320062709,
              -26.69686842523135
            ],
            [
              -48.93750407682237,
              -26.70640491619795
            ],
            [
              -48.93600889922604,
              -26.71090601661493
            ],
            [
              -48.941459815402986,
              -26.706428173707188
            ],
            [
              -48.94078334881849,
              -26.707332265103613
            ],
            [
              -48.94330213908764,
              -26.70832625660724
            ],
            [
              -48.9281465044669,
              -26.710288580025754
            ],
            [
              -48.930131449851814,
              -26.71026346657458
            ],
            [
              -48.937578507264305,
              -26.713015172954247
            ],
            [
              -48.93426872996455,
              -26.71093294520708
            ],
            [
              -48.934708638791896,
              -26.711904289981327
            ],
            [
              -48.93135027348957,
              -26.708207285086353
            ],
            [
              -48.92424401177293,
              -26.70317971331464
            ],
            [
              -48.906180723592534,
              -26.70266155103525
            ],
            [
              -48.91143998920744,
              -26.70272837010665
            ],
            [
              -48.89650424893325,
              -26.706162989735848
            ],
            [
              -48.895875726107,
              -26.707455564003098
            ],
            [
              -48.89111102223943,
              -26.710392251698032
            ],
            [
              -48.89301662955423,
              -26.710694117529624
            ],
            [
              -48.89499417129395,
              -26.71124072205751
            ],
            [
              -48.891332129120556,
              -26.71082242169716
            ],
            [
              -48.88668422457625,
              -26.71049846127398
            ],
            [
              -48.87618333155591,
              -26.711415393812874
            ],
            [
              -48.87049923846677,
              -26.713904750608222
            ],
            [
              -48.8612676869001,
              -26.722274466959302
            ],
            [
              -48.873926338923624,
              -26.716948209950704
            ],
            [
              -48.87878597334429,
              -26.720278645497817
            ],
            [
              -48.869095542973845,
              -26.714529560734352
            ],
            [
              -48.853498568416114,
              -26.717042476594607
            ],
            [
              -48.86094079355282,
              -26.716808442849906
            ],
            [
              -48.84681037322733,
              -26.71887644224985
            ],
            [
              -48.839763807725824,
              -26.73866760974542
            ],
            [
              -48.83999652263375,
              -26.737735214692623
            ],
            [
              -48.85529288090277,
              -26.726644773148173
            ],
            [
              -48.844436612682756,
              -26.72773776519489
            ],
            [
              -48.838057557189856,
              -26.730905023121284
            ],
            [
              -48.83673510785948,
              -26.732358072752255
            ],
            [
              -48.83623640076493,
              -26.73321361997264
            ],
            [
              -48.827922858587684,
              -26.73498004151873
            ],
            [
              -48.82398254739199,
              -26.736792532959697
            ],
            [
              -48.81352471045935,
              -26.742943994880726
            ],
            [
              -48.808677881695175,
              -26.751581836493013
            ],
            [
              -48.80773173617181,
              -26.758914794876425
            ],
            [
              -48.817326905484414,
              -26.750191382668888
            ],
            [
              -48.806881443327406,
              -26.755604360345377
            ],
            [
              -48.81023478787223,
              -26.75538732932977
            ],
            [
              -48.79633150114495,
              -26.76702037991309
            ],
            [
              -48.79545879502128,
              -26.773582649337996
            ],
            [
              -48.79559069337143,
              -26.77663938268151
            ],
            [
              -48.796258367343576,
              -26.777571336044574
            ],
            [
              -48.79597068909934,
              -26.779356656066145
            ],
            [
              -48.792858309428475,
              -26.78295107194012
            ],
            [
              -48.78950842806281,
              -26.786715318935492
            ],
            [
              -48.78638916853082,
              -26.790319588731872
            ],
            [
              -48.78001086871182,
              -26.799252539292375
            ],
            [
              -48.785804413414915,
              -26.817844262479674
            ],
            [
              -48.791871591616996,
              -26.820935502389283
            ],
            [
              -48.79637880199357,
              -26.822633527305335
            ],
            [
              -48.796286901861286,
              -26.82177333833448
            ],
            [
              -48.795622634868444,
              -26.81863507737618
            ],
            [
              -48.7969157251022,
              -26.82403920127601
            ],
            [
              -48.79831334909697,
              -26.828868216623096
            ],
            [
              -48.799675814474725,
              -26.833429892844627
            ],
            [
              -48.800990583606264,
              -26.83800140108475
            ],
            [
              -48.80179305857511,
              -26.839883568150004
            ],
            [
              -48.8080149618929,
              -26.833740862884348
            ],
            [
              -48.811635176172764,
              -26.834104860173987
            ],
            [
              -48.80420838746449,
              -26.834722952493767
            ],
            [
              -48.7902716245324,
              -26.84226661147835
            ],
            [
              -48.786498608557906,
              -26.853452347587567
            ],
            [
              -48.78691537411086,
              -26.858109471767136
            ],
            [
              -48.7899867207026,
              -26.85455796993303
            ],
            [
              -48.78556546527116,
              -26.86179231472684
            ],
            [
              -48.78724585233849,
              -26.861346896412524
            ],
            [
              -48.802819403781044,
              -26.861864225331097
            ],
            [
              -48.77735670024803,
              -26.8728853955482
            ],
            [
              -48.77814024550296,
              -26.8765743955482
            ],
            [
              -48.80468243604503,
              -26.871542743247936
            ],
            [
              -48.80389802486407,
              -26.867853743247935
            ],
            [
              -48.78883418260395,
              -26.882606257975063
            ],
            [
              -48.80811617670375,
              -26.87681491855593
            ],
            [
              -48.81184445758952,
              -26.867816607453506
            ],
            [
              -48.81187223487314,
              -26.86886428945592
            ],
            [
              -48.813975262435285,
              -26.85635861268955
            ],
            [
              -48.81351996642761,
              -26.85129041755235
            ],
            [
              -48.81424432614915,
              -26.853597347375487
            ],
            [
              -48.81060195668209,
              -26.858245638165236
            ],
            [
              -48.813192477139424,
              -26.858269437384887
            ],
            [
              -48.823669471048554,
              -26.85350863477713
            ],
            [
              -48.82889353596448,
              -26.838819942108575
            ],
            [
              -48.827132248117294,
              -26.831541587476178
            ],
            [
              -48.825737062922926,
              -26.82671969249267
            ],
            [
              -48.824295507275096,
              -26.82192127880527
            ],
            [
              -48.82297523953264,
              -26.81733031780972
            ],
            [
              -48.82204031091401,
              -26.813158447900534
            ],
            [
              -48.81486256969511,
              -26.80413788842391
            ],
            [
              -48.80607156223353,
              -26.800027752891957
            ],
            [
              -48.801418128977645,
              -26.79828026619454
            ],
            [
              -48.79893309222829,
              -26.796665238912176
            ],
            [
              -48.80627766759194,
              -26.80526878759704
            ],
            [
              -48.806691438898135,
              -26.8063651696704
            ],
            [
              -48.80998348652193,
              -26.802584322925618
            ],
            [
              -48.81314126948812,
              -26.799014774763215
            ],
            [
              -48.81643763368835,
              -26.79523263489582
            ],
            [
              -48.82039912838938,
              -26.788590307455575
            ],
            [
              -48.82239481082277,
              -26.780277582129752
            ],
            [
              -48.82256929527522,
              -26.773726132145505
            ],
            [
              -48.82313979303619,
              -26.77062050061254
            ],
            [
              -48.818916444260005,
              -26.778317090912264
            ],
            [
              -48.827823001969755,
              -26.770974384815315
            ],
            [
              -48.82645011255179,
              -26.772983940209482
            ],
            [
              -48.83481378547166,
              -26.75786977911252
            ],
            [
              -48.83543022711269,
              -26.75548004733278
            ],
            [
              -48.83551116678922,
              -26.757099835017545
            ],
            [
              -48.83451364089369,
              -26.759095424654035
            ],
            [
              -48.83913315927467,
              -26.75701728087254
            ],
            [
              -48.84072764783602,
              -26.757083503416965
            ],
            [
              -48.847893520455294,
              -26.754416198842385
            ],
            [
              -48.853895640279454,
              -26.75054681262335
            ],
            [
              -48.85615199489266,
              -26.749564164411527
            ],
            [
              -48.85433910297641,
              -26.750834270686987
            ],
            [
              -48.8665477064682,
              -26.732880997472666
            ],
            [
              -48.86247367522867,
              -26.72545891038724
            ],
            [
              -48.86287350233901,
              -26.738370810168274
            ],
            [
              -48.85877801431011,
              -26.740935730709335
            ],
            [
              -48.87189968470267,
              -26.734811572988857
            ],
            [
              -48.86385795623527,
              -26.738277688114955
            ],
            [
              -48.860187692731884,
              -26.737883658978618
            ],
            [
              -48.87314306692536,
              -26.741142588332753
            ],
            [
              -48.88667984572793,
              -26.730682529482817
            ],
            [
              -48.88426044515549,
              -26.73475622667816
            ],
            [
              -48.88692620236621,
              -26.733636669826836
            ],
            [
              -48.885958296348996,
              -26.734694265287015
            ],
            [
              -48.88933628057926,
              -26.734961175041793
            ],
            [
              -48.89176051178249,
              -26.73527226819849
            ],
            [
              -48.89987817123541,
              -26.73410985368248
            ],
            [
              -48.90793459590993,
              -26.72936713558674
            ],
            [
              -48.91003969484711,
              -26.72809031649033
            ],
            [
              -48.915370598628485,
              -26.723536939394716
            ],
            [
              -48.9105755024952,
              -26.726920539318566
            ],
            [
              -48.92175571007711,
              -26.722468000771816
            ],
            [
              -48.913755650132295,
              -26.725497495185074
            ],
            [
              -48.9133531488628,
              -26.726302364525374
            ],
            [
              -48.913477485222714,
              -26.726945021661955
            ],
            [
              -48.92034572630218,
              -26.73169836167574
            ],
            [
              -48.923002786717824,
              -26.73342026175358
            ],
            [
              -48.937935913227825,
              -26.73344241714909
            ],
            [
              -48.944984393487516,
              -26.729253317707382
            ],
            [
              -48.93916023701656,
              -26.73224634119887
            ],
            [
              -48.94989047808049,
              -26.730128854914167
            ],
            [
              -48.95560838049742,
              -26.727071286200374
            ],
            [
              -48.962102357708055,
              -26.717431681875073
            ],
            [
              -48.96322968632826,
              -26.714004742047948
            ],
            [
              -48.96003574383908,
              -26.719398121983588
            ],
            [
              -48.959654564272455,
              -26.720205346192717
            ],
            [
              -48.966875363471395,
              -26.719003511927156
            ],
            [
              -48.97345257256648,
              -26.716653940108753
            ],
            [
              -48.96342283876387,
              -26.69416885129961
            ]
          ]
        ]
      },
      "properties": {
        "river": "luis_alves",
        "max_stage_m": 114.59,
        "min_stage_m": 10.489999999999998,
        "event": "2011",
        "river_name": "Rio Lu\u00eds Alves",
        "fill_color": "#f59e0b"
      }
    },
    {
      "type": "Feature",
      "geometry": {
        "type": "Polygon",
        "coordinates": [
          [
            [
              -49.792,
              -27.3
            ],
            [
              -49.792,
              -27.3
            ],
            [
              -49.792,
              -27.3
            ],
            [
              -49.792,
              -27.3
            ],
            [
              -49.792,
              -27.3
            ],
            [
              -49.792,
              -27.3
            ],
            [
              -49.792,
              -27.3
            ],
            [
              -49.792,
              -27.3
            ],
            [
              -49.792,
              -27.3
            ],
            [
              -49.792,
              -27.3
            ],
            [
              -49.792,
              -27.3
            ],
            [
              -49.792,
              -27.3
            ],
            [
              -49.792,
              -27.3
            ],
            [
              -49.792,
              -27.3
            ],
            [
              -49.792,
              -27.3
            ],
            [
              -49.792,
              -27.3
            ],
            [
              -49.792,
              -27.3
            ],
            [
              -49.792,
              -27.3
            ],
            [
              -49.792,
              -27.3
            ],
            [
              -49.792,
              -27.3
            ],
            [
              -49.792,
              -27.3
            ],
            [
              -49.792,
              -27.3
            ],
            [
              -49.792,
              -27.3
            ],
            [
              -49.792,
              -27.3
            ],
            [
              -49.792,
              -27.3
            ],
            [
              -49.792,
              -27.3
            ],
            [
              -49.792,
              -27.3
            ],
            [
              -49.792,
              -27.3
            ],
            [
              -49.792,
              -27.3
            ],
            [
              -49.792,
              -27.3
            ],
            [
              -49.792,
              -27.3
            ],
            [
              -49.792,
              -27.3
            ],
            [
              -49.792,
              -27.3
            ],
            [
              -49.792,
              -27.3
            ],
            [
              -49.792,
              -27.3
            ],
            [
              -49.792,
              -27.3
            ],
            [
              -49.792,
              -27.3
            ],
            [
              -49.792,
              -27.3
            ],
            [
              -49.792,
              -27.3
            ],
            [
              -49.792,
              -27.3
            ],
            [
              -49.792,
              -27.3
            ],
            [
              -49.792,
              -27.3
            ],
            [
              -49.792,
              -27.3
            ],
            [
              -49.792,
              -27.3
            ],
            [
              -49.792,
              -27.3
            ],
            [
              -49.792,
              -27.3
            ],
            [
              -49.792,
              -27.3
            ],
            [
              -49.792,
              -27.3
            ],
            [
              -49.792,
              -27.3
            ],
            [
              -49.792,
              -27.3
            ],
            [
              -49.792,
              -27.3
            ],
            [
              -49.792,
              -27.3
            ],
            [
              -49.792,
              -27.3
            ],
            [
              -49.792,
              -27.3
            ],
            [
              -49.792,
              -27.3
            ],
            [
              -49.792,
              -27.3
            ],
            [
              -49.792,
              -27.3
            ],
            [
              -49.792,
              -27.3
            ],
            [
              -49.792,
              -27.3
            ],
            [
              -49.792,
              -27.3
            ],
            [
              -49.792,
              -27.3
            ],
            [
              -49.792,
              -27.3
            ],
            [
              -49.792,
              -27.3
            ],
            [
              -49.792,
              -27.3
            ],
            [
              -49.792,
              -27.3
            ],
            [
              -49.792,
              -27.3
            ],
            [
              -49.792,
              -27.3
            ],
            [
              -49.792,
              -27.3
            ],
            [
              -49.792,
              -27.3
            ],
            [
              -49.792,
              -27.3
            ],
            [
              -49.792,
              -27.3
            ],
            [
              -49.792,
              -27.3
            ],
            [
              -49.792,
              -27.3
            ],
            [
              -49.792,
              -27.3
            ],
            [
              -49.792,
              -27.3
            ],
            [
              -49.792,
              -27.3
            ],
            [
              -49.792,
              -27.3
            ],
            [
              -49.792,
              -27.3
            ],
            [
              -49.792,
              -27.3
            ],
            [
              -49.792,
              -27.3
            ],
            [
              -49.792,
              -27.3
            ],
            [
              -49.792,
              -27.3
            ],
            [
              -49.792,
              -27.3
            ],
            [
              -49.792,
              -27.3
            ],
            [
              -49.792,
              -27.3
            ],
            [
              -49.792,
              -27.3
            ],
            [
              -49.792,
              -27.3
            ],
            [
              -49.792,
              -27.3
            ],
            [
              -49.792,
              -27.3
            ],
            [
              -49.792,
              -27.3
            ],
            [
              -49.792,
              -27.3
            ],
            [
              -49.792,
              -27.3
            ],
            [
              -49.792,
              -27.3
            ],
            [
              -49.792,
              -27.3
            ],
            [
              -49.792,
              -27.3
            ],
            [
              -49.792,
              -27.3
            ],
            [
              -49.792,
              -27.3
            ],
            [
              -49.792,
              -27.3
            ],
            [
              -49.792,
              -27.3
            ],
            [
              -49.792,
              -27.3
            ],
            [
              -49.792,
              -27.3
            ],
            [
              -49.792,
              -27.3
            ],
            [
              -49.792,
              -27.3
            ],
            [
              -49.792,
              -27.3
            ],
            [
              -49.792,
              -27.3
            ],
            [
              -49.792,
              -27.3
            ],
            [
              -49.792,
              -27.3
            ],
            [
              -49.792,
              -27.3
            ],
            [
              -49.792,
              -27.3
            ],
            [
              -49.792,
              -27.3
            ],
            [
              -49.792,
              -27.3
            ],
            [
              -49.792,
              -27.3
            ],
            [
              -49.792,
              -27.3
            ],
            [
              -49.792,
              -27.3
            ],
            [
              -49.792,
              -27.3
            ],
            [
              -49.792,
              -27.3
            ],
            [
              -49.792,
              -27.3
            ],
            [
              -49.792,
              -27.3
            ],
            [
              -49.792,
              -27.3
            ],
            [
              -49.792,
              -27.3
            ],
            [
              -49.792,
              -27.3
            ],
            [
              -49.792,
              -27.3
            ],
            [
              -49.792,
              -27.3
            ],
            [
              -49.792,
              -27.3
            ],
            [
              -49.792,
              -27.3
            ],
            [
              -49.792,
              -27.3
            ],
            [
              -49.792,
              -27.3
            ],
            [
              -49.792,
              -27.3
            ],
            [
              -49.792,
              -27.3
            ],
            [
              -49.792,
              -27.3
            ],
            [
              -49.792,
              -27.3
            ],
            [
              -49.792,
              -27.3
            ],
            [
              -49.792,
              -27.3
            ],
            [
              -49.792,
              -27.3
            ],
            [
              -49.792,
              -27.3
            ],
            [
              -49.792,
              -27.3
            ],
            [
              -49.792,
              -27.3
            ],
            [
              -49.792,
              -27.3
            ],
            [
              -49.792,
              -27.3
            ],
            [
              -49.792,
              -27.3
            ],
            [
              -49.792,
              -27.3
            ],
            [
              -49.792,
              -27.3
            ],
            [
              -49.792,
              -27.3
            ],
            [
              -49.792,
              -27.3
            ],
            [
              -49.792,
              -27.3
            ],
            [
              -49.792,
              -27.3
            ],
            [
              -49.792,
              -27.3
            ],
            [
              -49.792,
              -27.3
            ],
            [
              -49.792,
              -27.3
            ],
            [
              -49.792,
              -27.3
            ],
            [
              -49.792,
              -27.3
            ],
            [
              -49.792,
              -27.3
            ],
            [
              -49.792,
              -27.3
            ],
            [
              -49.792,
              -27.3
            ],
            [
              -49.792,
              -27.3
            ],
            [
              -49.792,
              -27.3
            ],
            [
              -49.792,
              -27.3
            ],
            [
              -49.792,
              -27.3
            ],
            [
              -49.792,
              -27.3
            ],
            [
              -49.792,
              -27.3
            ],
            [
              -49.792,
              -27.3
            ]
          ]
        ]
      },
      "properties": {
        "river": "trombudo",
        "max_stage_m": 441.35,
        "min_stage_m": 341.35,
        "event": "2011",
        "river_name": "Rio Trombudo",
        "fill_color": "#f59e0b"
      }
    },
    {
      "type": "Feature",
      "geometry": {
        "type": "Polygon",
        "coordinates": [
          [
            [
              -50.075,
              -27.195
            ],
            [
              -50.075,
              -27.195
            ],
            [
              -50.075,
              -27.195
            ],
            [
              -50.075,
              -27.195
            ],
            [
              -50.075,
              -27.195
            ],
            [
              -50.075,
              -27.195
            ],
            [
              -50.075,
              -27.195
            ],
            [
              -50.075,
              -27.195
            ],
            [
              -50.075,
              -27.195
            ],
            [
              -50.075,
              -27.195
            ],
            [
              -50.075,
              -27.195
            ],
            [
              -50.075,
              -27.195
            ],
            [
              -50.075,
              -27.195
            ],
            [
              -50.075,
              -27.195
            ],
            [
              -50.075,
              -27.195
            ],
            [
              -50.075,
              -27.195
            ],
            [
              -50.075,
              -27.195
            ],
            [
              -50.075,
              -27.195
            ],
            [
              -50.075,
              -27.195
            ],
            [
              -50.075,
              -27.195
            ],
            [
              -50.075,
              -27.195
            ],
            [
              -50.075,
              -27.195
            ],
            [
              -50.075,
              -27.195
            ],
            [
              -50.075,
              -27.195
            ],
            [
              -50.075,
              -27.195
            ],
            [
              -50.075,
              -27.195
            ],
            [
              -50.075,
              -27.195
            ],
            [
              -50.075,
              -27.195
            ],
            [
              -50.075,
              -27.195
            ],
            [
              -50.075,
              -27.195
            ],
            [
              -50.075,
              -27.195
            ],
            [
              -50.075,
              -27.195
            ],
            [
              -50.075,
              -27.195
            ],
            [
              -50.075,
              -27.195
            ],
            [
              -50.075,
              -27.195
            ],
            [
              -50.075,
              -27.195
            ],
            [
              -50.075,
              -27.195
            ],
            [
              -50.075,
              -27.195
            ],
            [
              -50.075,
              -27.195
            ],
            [
              -50.075,
              -27.195
            ],
            [
              -50.075,
              -27.195
            ],
            [
              -50.075,
              -27.195
            ],
            [
              -50.075,
              -27.195
            ],
            [
              -50.075,
              -27.195
            ],
            [
              -50.075,
              -27.195
            ],
            [
              -50.075,
              -27.195
            ],
            [
              -50.075,
              -27.195
            ],
            [
              -50.075,
              -27.195
            ],
            [
              -50.075,
              -27.195
            ],
            [
              -50.075,
              -27.195
            ],
            [
              -50.075,
              -27.195
            ],
            [
              -50.075,
              -27.195
            ],
            [
              -50.075,
              -27.195
            ],
            [
              -50.075,
              -27.195
            ],
            [
              -50.075,
              -27.195
            ],
            [
              -50.075,
              -27.195
            ],
            [
              -50.075,
              -27.195
            ],
            [
              -50.075,
              -27.195
            ],
            [
              -50.075,
              -27.195
            ],
            [
              -50.075,
              -27.195
            ],
            [
              -50.075,
              -27.195
            ],
            [
              -50.075,
              -27.195
            ],
            [
              -50.075,
              -27.195
            ],
            [
              -50.075,
              -27.195
            ],
            [
              -50.075,
              -27.195
            ],
            [
              -50.075,
              -27.195
            ],
            [
              -50.075,
              -27.195
            ],
            [
              -50.075,
              -27.195
            ],
            [
              -50.075,
              -27.195
            ],
            [
              -50.075,
              -27.195
            ],
            [
              -50.075,
              -27.195
            ],
            [
              -50.075,
              -27.195
            ],
            [
              -50.075,
              -27.195
            ],
            [
              -50.075,
              -27.195
            ],
            [
              -50.075,
              -27.195
            ],
            [
              -50.075,
              -27.195
            ],
            [
              -50.075,
              -27.195
            ],
            [
              -50.075,
              -27.195
            ],
            [
              -50.075,
              -27.195
            ],
            [
              -50.075,
              -27.195
            ],
            [
              -50.075,
              -27.195
            ],
            [
              -50.075,
              -27.195
            ],
            [
              -50.075,
              -27.195
            ],
            [
              -50.075,
              -27.195
            ],
            [
              -50.075,
              -27.195
            ],
            [
              -50.075,
              -27.195
            ],
            [
              -50.075,
              -27.195
            ],
            [
              -50.075,
              -27.195
            ],
            [
              -50.075,
              -27.195
            ],
            [
              -50.075,
              -27.195
            ],
            [
              -50.075,
              -27.195
            ],
            [
              -50.075,
              -27.195
            ],
            [
              -50.075,
              -27.195
            ],
            [
              -50.075,
              -27.195
            ],
            [
              -50.075,
              -27.195
            ],
            [
              -50.075,
              -27.195
            ],
            [
              -50.075,
              -27.195
            ],
            [
              -50.075,
              -27.195
            ],
            [
              -50.075,
              -27.195
            ],
            [
              -50.075,
              -27.195
            ],
            [
              -50.075,
              -27.195
            ],
            [
              -50.075,
              -27.195
            ],
            [
              -50.075,
              -27.195
            ],
            [
              -50.075,
              -27.195
            ],
            [
              -50.075,
              -27.195
            ],
            [
              -50.075,
              -27.195
            ],
            [
              -50.075,
              -27.195
            ],
            [
              -50.075,
              -27.195
            ],
            [
              -50.075,
              -27.195
            ],
            [
              -50.075,
              -27.195
            ],
            [
              -50.075,
              -27.195
            ],
            [
              -50.075,
              -27.195
            ],
            [
              -50.075,
              -27.195
            ],
            [
              -50.075,
              -27.195
            ],
            [
              -50.075,
              -27.195
            ],
            [
              -50.075,
              -27.195
            ],
            [
              -50.075,
              -27.195
            ],
            [
              -50.075,
              -27.195
            ],
            [
              -50.075,
              -27.195
            ],
            [
              -50.075,
              -27.195
            ],
            [
              -50.075,
              -27.195
            ],
            [
              -50.075,
              -27.195
            ],
            [
              -50.075,
              -27.195
            ],
            [
              -50.075,
              -27.195
            ],
            [
              -50.075,
              -27.195
            ],
            [
              -50.075,
              -27.195
            ],
            [
              -50.075,
              -27.195
            ],
            [
              -50.075,
              -27.195
            ],
            [
              -50.075,
              -27.195
            ],
            [
              -50.075,
              -27.195
            ],
            [
              -50.075,
              -27.195
            ],
            [
              -50.075,
              -27.195
            ],
            [
              -50.075,
              -27.195
            ],
            [
              -50.075,
              -27.195
            ],
            [
              -50.075,
              -27.195
            ],
            [
              -50.075,
              -27.195
            ],
            [
              -50.075,
              -27.195
            ],
            [
              -50.075,
              -27.195
            ],
            [
              -50.075,
              -27.195
            ],
            [
              -50.075,
              -27.195
            ],
            [
              -50.075,
              -27.195
            ],
            [
              -50.075,
              -27.195
            ],
            [
              -50.075,
              -27.195
            ],
            [
              -50.075,
              -27.195
            ],
            [
              -50.075,
              -27.195
            ],
            [
              -50.075,
              -27.195
            ],
            [
              -50.075,
              -27.195
            ],
            [
              -50.075,
              -27.195
            ],
            [
              -50.075,
              -27.195
            ],
            [
              -50.075,
              -27.195
            ],
            [
              -50.075,
              -27.195
            ],
            [
              -50.075,
              -27.195
            ],
            [
              -50.075,
              -27.195
            ],
            [
              -50.075,
              -27.195
            ],
            [
              -50.075,
              -27.195
            ],
            [
              -50.075,
              -27.195
            ],
            [
              -50.075,
              -27.195
            ],
            [
              -50.075,
              -27.195
            ],
            [
              -50.075,
              -27.195
            ],
            [
              -50.075,
              -27.195
            ],
            [
              -50.075,
              -27.195
            ]
          ]
        ]
      },
      "properties": {
        "river": "mirim_doce",
        "max_stage_m": 571.35,
        "min_stage_m": 366.35,
        "event": "2011",
        "river_name": "Rio Mirim Doce",
        "fill_color": "#f59e0b"
      }
    },
    {
      "type": "Feature",
      "geometry": {
        "type": "Polygon",
        "coordinates": [
          [
            [
              -49.705,
              -27.535
            ],
            [
              -49.705,
              -27.535
            ],
            [
              -49.705,
              -27.535
            ],
            [
              -49.705,
              -27.535
            ],
            [
              -49.705,
              -27.535
            ],
            [
              -49.705,
              -27.535
            ],
            [
              -49.705,
              -27.535
            ],
            [
              -49.705,
              -27.535
            ],
            [
              -49.705,
              -27.535
            ],
            [
              -49.705,
              -27.535
            ],
            [
              -49.705,
              -27.535
            ],
            [
              -49.705,
              -27.535
            ],
            [
              -49.705,
              -27.535
            ],
            [
              -49.705,
              -27.535
            ],
            [
              -49.705,
              -27.535
            ],
            [
              -49.705,
              -27.535
            ],
            [
              -49.705,
              -27.535
            ],
            [
              -49.705,
              -27.535
            ],
            [
              -49.705,
              -27.535
            ],
            [
              -49.705,
              -27.535
            ],
            [
              -49.705,
              -27.535
            ],
            [
              -49.705,
              -27.535
            ],
            [
              -49.705,
              -27.535
            ],
            [
              -49.705,
              -27.535
            ],
            [
              -49.705,
              -27.535
            ],
            [
              -49.705,
              -27.535
            ],
            [
              -49.705,
              -27.535
            ],
            [
              -49.705,
              -27.535
            ],
            [
              -49.705,
              -27.535
            ],
            [
              -49.705,
              -27.535
            ],
            [
              -49.705,
              -27.535
            ],
            [
              -49.705,
              -27.535
            ],
            [
              -49.705,
              -27.535
            ],
            [
              -49.705,
              -27.535
            ],
            [
              -49.705,
              -27.535
            ],
            [
              -49.705,
              -27.535
            ],
            [
              -49.705,
              -27.535
            ],
            [
              -49.705,
              -27.535
            ],
            [
              -49.705,
              -27.535
            ],
            [
              -49.705,
              -27.535
            ],
            [
              -49.705,
              -27.535
            ],
            [
              -49.705,
              -27.535
            ],
            [
              -49.705,
              -27.535
            ],
            [
              -49.705,
              -27.535
            ],
            [
              -49.705,
              -27.535
            ],
            [
              -49.705,
              -27.535
            ],
            [
              -49.705,
              -27.535
            ],
            [
              -49.705,
              -27.535
            ],
            [
              -49.705,
              -27.535
            ],
            [
              -49.705,
              -27.535
            ],
            [
              -49.705,
              -27.535
            ],
            [
              -49.705,
              -27.535
            ],
            [
              -49.705,
              -27.535
            ],
            [
              -49.705,
              -27.535
            ],
            [
              -49.705,
              -27.535
            ],
            [
              -49.705,
              -27.535
            ],
            [
              -49.705,
              -27.535
            ],
            [
              -49.705,
              -27.535
            ],
            [
              -49.705,
              -27.535
            ],
            [
              -49.705,
              -27.535
            ],
            [
              -49.705,
              -27.535
            ],
            [
              -49.705,
              -27.535
            ],
            [
              -49.705,
              -27.535
            ],
            [
              -49.705,
              -27.535
            ],
            [
              -49.705,
              -27.535
            ],
            [
              -49.705,
              -27.535
            ],
            [
              -49.705,
              -27.535
            ],
            [
              -49.705,
              -27.535
            ],
            [
              -49.705,
              -27.535
            ],
            [
              -49.705,
              -27.535
            ],
            [
              -49.705,
              -27.535
            ],
            [
              -49.705,
              -27.535
            ],
            [
              -49.705,
              -27.535
            ],
            [
              -49.705,
              -27.535
            ],
            [
              -49.705,
              -27.535
            ],
            [
              -49.705,
              -27.535
            ],
            [
              -49.705,
              -27.535
            ],
            [
              -49.705,
              -27.535
            ],
            [
              -49.705,
              -27.535
            ],
            [
              -49.705,
              -27.535
            ],
            [
              -49.705,
              -27.535
            ],
            [
              -49.705,
              -27.535
            ],
            [
              -49.705,
              -27.535
            ],
            [
              -49.705,
              -27.535
            ],
            [
              -49.705,
              -27.535
            ],
            [
              -49.705,
              -27.535
            ],
            [
              -49.705,
              -27.535
            ],
            [
              -49.705,
              -27.535
            ],
            [
              -49.705,
              -27.535
            ],
            [
              -49.705,
              -27.535
            ],
            [
              -49.705,
              -27.535
            ],
            [
              -49.705,
              -27.535
            ],
            [
              -49.705,
              -27.535
            ],
            [
              -49.705,
              -27.535
            ],
            [
              -49.705,
              -27.535
            ],
            [
              -49.705,
              -27.535
            ],
            [
              -49.705,
              -27.535
            ],
            [
              -49.705,
              -27.535
            ],
            [
              -49.705,
              -27.535
            ],
            [
              -49.705,
              -27.535
            ],
            [
              -49.705,
              -27.535
            ],
            [
              -49.705,
              -27.535
            ],
            [
              -49.705,
              -27.535
            ],
            [
              -49.705,
              -27.535
            ],
            [
              -49.705,
              -27.535
            ],
            [
              -49.705,
              -27.535
            ],
            [
              -49.705,
              -27.535
            ],
            [
              -49.705,
              -27.535
            ],
            [
              -49.705,
              -27.535
            ],
            [
              -49.705,
              -27.535
            ],
            [
              -49.705,
              -27.535
            ],
            [
              -49.705,
              -27.535
            ],
            [
              -49.705,
              -27.535
            ],
            [
              -49.705,
              -27.535
            ],
            [
              -49.705,
              -27.535
            ],
            [
              -49.705,
              -27.535
            ],
            [
              -49.705,
              -27.535
            ],
            [
              -49.705,
              -27.535
            ],
            [
              -49.705,
              -27.535
            ],
            [
              -49.705,
              -27.535
            ],
            [
              -49.705,
              -27.535
            ],
            [
              -49.705,
              -27.535
            ],
            [
              -49.705,
              -27.535
            ],
            [
              -49.705,
              -27.535
            ],
            [
              -49.705,
              -27.535
            ],
            [
              -49.705,
              -27.535
            ],
            [
              -49.705,
              -27.535
            ],
            [
              -49.705,
              -27.535
            ],
            [
              -49.705,
              -27.535
            ],
            [
              -49.705,
              -27.535
            ],
            [
              -49.705,
              -27.535
            ],
            [
              -49.705,
              -27.535
            ],
            [
              -49.705,
              -27.535
            ],
            [
              -49.705,
              -27.535
            ],
            [
              -49.705,
              -27.535
            ],
            [
              -49.705,
              -27.535
            ],
            [
              -49.705,
              -27.535
            ],
            [
              -49.705,
              -27.535
            ],
            [
              -49.705,
              -27.535
            ],
            [
              -49.705,
              -27.535
            ],
            [
              -49.705,
              -27.535
            ],
            [
              -49.705,
              -27.535
            ],
            [
              -49.705,
              -27.535
            ],
            [
              -49.705,
              -27.535
            ],
            [
              -49.705,
              -27.535
            ],
            [
              -49.705,
              -27.535
            ],
            [
              -49.705,
              -27.535
            ],
            [
              -49.705,
              -27.535
            ],
            [
              -49.705,
              -27.535
            ],
            [
              -49.705,
              -27.535
            ],
            [
              -49.705,
              -27.535
            ],
            [
              -49.705,
              -27.535
            ],
            [
              -49.705,
              -27.535
            ],
            [
              -49.705,
              -27.535
            ],
            [
              -49.705,
              -27.535
            ],
            [
              -49.705,
              -27.535
            ],
            [
              -49.705,
              -27.535
            ],
            [
              -49.705,
              -27.535
            ],
            [
              -49.705,
              -27.535
            ],
            [
              -49.705,
              -27.535
            ],
            [
              -49.705,
              -27.535
            ]
          ]
        ]
      },
      "properties": {
        "river": "perimbo",
        "max_stage_m": 471.35,
        "min_stage_m": 391.35,
        "event": "2011",
        "river_name": "Rio Perimb\u00f3",
        "fill_color": "#f59e0b"
      }
    },
    {
      "type": "Feature",
      "geometry": {
        "type": "Polygon",
        "coordinates": [
          [
            [
              -49.65684218853995,
              -27.20040816985061
            ],
            [
              -49.63802457925268,
              -27.204906843448178
            ],
            [
              -49.62707046556158,
              -27.197002977791954
            ],
            [
              -49.608620427334266,
              -27.191361717845062
            ],
            [
              -49.590629,
              -27.179579
            ],
            [
              -49.579262,
              -27.186863
            ],
            [
              -49.570904,
              -27.171022
            ],
            [
              -49.549317,
              -27.174801
            ],
            [
              -49.552335,
              -27.156344
            ],
            [
              -49.543674,
              -27.155337
            ],
            [
              -49.535034,
              -27.143606
            ],
            [
              -49.529845,
              -27.136552
            ],
            [
              -49.517774,
              -27.129609
            ],
            [
              -49.528973002306394,
              -27.082891000406647
            ],
            [
              -49.52507587011204,
              -27.123209194204023
            ],
            [
              -49.52862206715312,
              -27.05954322957011
            ],
            [
              -49.50713701333716,
              -27.053319173552566
            ],
            [
              -49.465999175511115,
              -27.058104156756198
            ],
            [
              -49.48087975530025,
              -27.067632890390623
            ],
            [
              -49.4769505164352,
              -27.06613352749819
            ],
            [
              -49.465258120987116,
              -27.05880030067778
            ],
            [
              -49.45127298934146,
              -27.048682515764888
            ],
            [
              -49.425697759022405,
              -27.038037421574046
            ],
            [
              -49.42997166515547,
              -27.04654257503975
            ],
            [
              -49.42562117672161,
              -27.04780828273018
            ],
            [
              -49.40772633476029,
              -27.00697138699724
            ],
            [
              -49.405405188763055,
              -27.03046824687505
            ],
            [
              -49.41125864118413,
              -27.00823648575216
            ],
            [
              -49.40785287656669,
              -26.967552463950764
            ],
            [
              -49.40173841311896,
              -26.961778684286852
            ],
            [
              -49.34898413800073,
              -26.926228043695478
            ],
            [
              -49.34305829214388,
              -26.932765123052683
            ],
            [
              -49.3582565495859,
              -26.959455578537824
            ],
            [
              -49.32418095665686,
              -26.92573248307729
            ],
            [
              -49.32069036980581,
              -26.928160779501724
            ],
            [
              -49.32000863832717,
              -26.9352564717229
            ],
            [
              -49.31120299712144,
              -26.91617307081477
            ],
            [
              -49.28876108216157,
              -26.88597858642679
            ],
            [
              -49.27095163146045,
              -26.875941773619733
            ],
            [
              -49.252774889445874,
              -26.866400420921224
            ],
            [
              -49.206261664512674,
              -26.854529584275426
            ],
            [
              -49.217157039982006,
              -26.86404833074842
            ],
            [
              -49.175218397331086,
              -26.850558066282407
            ],
            [
              -49.143359983574214,
              -26.86045051473647
            ],
            [
              -49.1536345231291,
              -26.868316006103306
            ],
            [
              -49.145308903765134,
              -26.86802704622679
            ],
            [
              -49.11296210444562,
              -26.849873675073315
            ],
            [
              -49.06380229596496,
              -26.860014958465115
            ],
            [
              -49.075405947100776,
              -26.865469296647227
            ],
            [
              -49.02905745831699,
              -26.908192752820888
            ],
            [
              -49.07555553920763,
              -26.88667733335545
            ],
            [
              -49.0817695023674,
              -26.895796131723316
            ],
            [
              -49.02634760353835,
              -26.872371613068076
            ],
            [
              -49.05006637564743,
              -26.88679008573179
            ],
            [
              -49.01659913095883,
              -26.86528947291943
            ],
            [
              -48.961233039778904,
              -26.878750664568006
            ],
            [
              -48.959745442678624,
              -26.88874349497627
            ],
            [
              -48.98016464760802,
              -26.900364706240033
            ],
            [
              -48.95937755161055,
              -26.889052728779912
            ],
            [
              -48.92209477560474,
              -26.880102691557198
            ],
            [
              -48.8860099370803,
              -26.889393059251937
            ],
            [
              -48.907849585873436,
              -26.902242145325143
            ],
            [
              -48.87855293881339,
              -26.884444284620955
            ],
            [
              -48.86126196687844,
              -26.880343288271057
            ],
            [
              -48.8493078119717,
              -26.876665542165288
            ],
            [
              -48.82812851368514,
              -26.85995529978033
            ],
            [
              -48.77703846457623,
              -26.84774949589831
            ],
            [
              -48.77703159164609,
              -26.853692479949423
            ],
            [
              -48.79484224918582,
              -26.8828142501542
            ],
            [
              -48.767600077926325,
              -26.830270267915118
            ],
            [
              -48.770497262139564,
              -26.840002320823842
            ],
            [
              -48.705760390027066,
              -26.81949156599056
            ],
            [
              -48.68714810171822,
              -26.86070229277009
            ],
            [
              -48.731459157246036,
              -26.844477958274066
            ],
            [
              -48.70877556906124,
              -26.84010693435171
            ],
            [
              -48.65615649517685,
              -26.862545187079945
            ],
            [
              -48.6869809614944,
              -26.85718850401056
            ],
            [
              -48.6329723530909,
              -26.87830480336439
            ],
            [
              -48.64269287305741,
              -26.875419439357266
            ],
            [
              -48.62450374568551,
              -26.888129439357268
            ],
            [
              -48.661172833227866,
              -26.934917472394947
            ],
            [
              -48.68048712694258,
              -26.923648560642732
            ],
            [
              -48.6971116469091,
              -26.892069196635607
            ],
            [
              -48.6824590385056,
              -26.91588949598944
            ],
            [
              -48.720747504823144,
              -26.874470812920052
            ],
            [
              -48.70531043093876,
              -26.898865065648287
            ],
            [
              -48.71761084275397,
              -26.902006041725937
            ],
            [
              -48.75073989828178,
              -26.84510570722991
            ],
            [
              -48.75642360997293,
              -26.857154434009438
            ],
            [
              -48.715572737860434,
              -26.87257567917616
            ],
            [
              -48.75739992207368,
              -26.88840173208488
            ],
            [
              -48.72889975081418,
              -26.881181749845798
            ],
            [
              -48.7716744083539,
              -26.912337520050578
            ],
            [
              -48.80711953542377,
              -26.90011450410169
            ],
            [
              -48.79464948631486,
              -26.910654700219666
            ],
            [
              -48.8071441880283,
              -26.921922457834714
            ],
            [
              -48.83661803312156,
              -26.934924711728947
            ],
            [
              -48.8626970611866,
              -26.941559715379043
            ],
            [
              -48.868874414126566,
              -26.949723854674854
            ],
            [
              -48.9255500629197,
              -26.936498940748066
            ],
            [
              -48.933507224395264,
              -26.9380553084428
            ],
            [
              -48.936140448389445,
              -26.94412327122009
            ],
            [
              -48.946959352391985,
              -26.95121329375997
            ],
            [
              -49.00202655732137,
              -26.933916505023728
            ],
            [
              -49.020080960221094,
              -26.905349335431996
            ],
            [
              -49.00930886904117,
              -26.92376852708057
            ],
            [
              -49.004773624352566,
              -26.929577914268208
            ],
            [
              -49.062634396461654,
              -26.921512386931923
            ],
            [
              -49.02633049763259,
              -26.927705868276682
            ],
            [
              -49.05911246079238,
              -26.943660666644547
            ],
            [
              -49.08970054168301,
              -26.885017247179114
            ],
            [
              -49.08174205289923,
              -26.924036703352776
            ],
            [
              -49.11818170403504,
              -26.893321041534882
            ],
            [
              -49.10417189555438,
              -26.908188324926687
            ],
            [
              -49.10611709623486,
              -26.91535895377321
            ],
            [
              -49.1370494768709,
              -26.925265993896694
            ],
            [
              -49.18193601642578,
              -26.908181485263526
            ],
            [
              -49.19142560266891,
              -26.907593933717596
            ],
            [
              -49.182996960017995,
              -26.914385669251576
            ],
            [
              -49.23075633548732,
              -26.909162415724573
            ],
            [
              -49.220383110554124,
              -26.917659579078773
            ],
            [
              -49.24037236853955,
              -26.92808022638027
            ],
            [
              -49.25616091783843,
              -26.937135413573206
            ],
            [
              -49.252661002878554,
              -26.94333692918523
            ],
            [
              -49.25991536167284,
              -26.9595975282771
            ],
            [
              -49.294135630194184,
              -26.982029220498276
            ],
            [
              -49.32395504334313,
              -26.984571516922706
            ],
            [
              -49.293271450414096,
              -26.96981442146218
            ],
            [
              -49.35125770785612,
              -26.99114887694732
            ],
            [
              -49.381251861999274,
              -26.97755795630452
            ],
            [
              -49.33801358688103,
              -26.97715531571315
            ],
            [
              -49.35460712343331,
              -27.00234753604924
            ],
            [
              -49.34584935881587,
              -27.00012751424784
            ],
            [
              -49.34164281123695,
              -27.01511575312495
            ],
            [
              -49.376153665239706,
              -27.058654613002762
            ],
            [
              -49.35961282327839,
              -27.05026171726982
            ],
            [
              -49.376276334844526,
              -27.08083142496025
            ],
            [
              -49.41282024097759,
              -27.095748578425955
            ],
            [
              -49.42324101065854,
              -27.10196548423511
            ],
            [
              -49.42083187901288,
              -27.10235969932222
            ],
            [
              -49.441233483564794,
              -27.115640472501806
            ],
            [
              -49.454652244699744,
              -27.121641109609374
            ],
            [
              -49.50466682448888,
              -27.105819843243804
            ],
            [
              -49.50470898666285,
              -27.112118826447436
            ],
            [
              -49.50425393284688,
              -27.11423677042989
            ],
            [
              -49.477250129887956,
              -27.082594805795978
            ],
            [
              -49.5002589976936,
              -27.135888999593355
            ],
            [
              -49.517774,
              -27.129609
            ],
            [
              -49.529845,
              -27.136552
            ],
            [
              -49.535034,
              -27.143606
            ],
            [
              -49.543674,
              -27.155337
            ],
            [
              -49.552335,
              -27.156344
            ],
            [
              -49.549317,
              -27.174801
            ],
            [
              -49.570904,
              -27.171022
            ],
            [
              -49.579262,
              -27.186863
            ],
            [
              -49.590629,
              -27.179579
            ],
            [
              -49.60774957266573,
              -27.192464282154937
            ],
            [
              -49.626625534438425,
              -27.198291022208046
            ],
            [
              -49.62394935054184,
              -27.209663928785123
            ],
            [
              -49.64085745148795,
              -27.229776780316286
            ],
            [
              -49.65684218853995,
              -27.20040816985061
            ]
          ]
        ]
      },
      "properties": {
        "river": "acu",
        "max_stage_m": 344.0,
        "min_stage_m": 12.411999999999999,
        "event": "2023",
        "river_name": "Rio Itaja\u00ed-a\u00e7u",
        "fill_color": "#00f0ff"
      }
    },
    {
      "type": "Feature",
      "geometry": {
        "type": "Polygon",
        "coordinates": [
          [
            [
              -50.15446874325626,
              -26.899934648756425
            ],
            [
              -50.16017193015349,
              -26.89735848435739
            ],
            [
              -50.1507201273147,
              -26.90969864925294
            ],
            [
              -50.15162852176238,
              -26.919664853455885
            ],
            [
              -50.15246585348658,
              -26.924784216166543
            ],
            [
              -50.15259773385675,
              -26.933572338147954
            ],
            [
              -50.15322831588793,
              -26.941910632778136
            ],
            [
              -50.15541237488489,
              -26.951718975790367
            ],
            [
              -50.16236347792637,
              -26.961318645932526
            ],
            [
              -50.16949487240541,
              -26.953345125176455
            ],
            [
              -50.158895201612864,
              -26.96605992688275
            ],
            [
              -50.15809455028906,
              -26.977723390252372
            ],
            [
              -50.160960050232184,
              -26.98883432228822
            ],
            [
              -50.16582159836095,
              -26.992574926079282
            ],
            [
              -50.16087890669642,
              -27.00575412303605
            ],
            [
              -50.165299851466465,
              -27.005020843552487
            ],
            [
              -50.15181888969902,
              -27.01108286785218
            ],
            [
              -50.142587336038716,
              -27.018873930988647
            ],
            [
              -50.13244497133546,
              -27.025863001185343
            ],
            [
              -50.11987286098966,
              -27.03323692039267
            ],
            [
              -50.11204371344999,
              -27.04159839409601
            ],
            [
              -50.09673498685204,
              -27.049451306041817
            ],
            [
              -50.09321583017475,
              -27.057564197700465
            ],
            [
              -50.07667216418813,
              -27.067975219367373
            ],
            [
              -50.076837566161345,
              -27.07235726854882
            ],
            [
              -50.07148446428034,
              -27.078734827096078
            ],
            [
              -50.059560242389075,
              -27.08692606105773
            ],
            [
              -50.05503769078988,
              -27.0920047306459
            ],
            [
              -50.058398636881265,
              -27.09770619160983
            ],
            [
              -50.03863462759056,
              -27.086786058318
            ],
            [
              -50.033869611552,
              -27.092744188408144
            ],
            [
              -50.014624002278204,
              -27.089489266539335
            ],
            [
              -50.011866333734865,
              -27.092683785559604
            ],
            [
              -50.00213588112853,
              -27.106119756028516
            ],
            [
              -50.012682716448076,
              -27.10407063917403
            ],
            [
              -50.00931788261394,
              -27.10824521540014
            ],
            [
              -49.99704698235186,
              -27.106720963363664
            ],
            [
              -49.98329968906334,
              -27.10303680566096
            ],
            [
              -49.96185625704843,
              -27.102895401190718
            ],
            [
              -49.95634619006102,
              -27.108551061505853
            ],
            [
              -49.9491653023043,
              -27.11762624073779
            ],
            [
              -49.950060174848055,
              -27.12440214554694
            ],
            [
              -49.92879636355468,
              -27.123688623101057
            ],
            [
              -49.918260161485556,
              -27.141488622393222
            ],
            [
              -49.928737903456955,
              -27.138149311774974
            ],
            [
              -49.91535015821396,
              -27.139983300654116
            ],
            [
              -49.91711053458581,
              -27.14999848351897
            ],
            [
              -49.89932631901476,
              -27.134723678997172
            ],
            [
              -49.89904331988407,
              -27.13752456821617
            ],
            [
              -49.89472763348929,
              -27.140412843761172
            ],
            [
              -49.87840933396513,
              -27.145384114553828
            ],
            [
              -49.890974399500124,
              -27.150522001217173
            ],
            [
              -49.88030113817712,
              -27.140115033396373
            ],
            [
              -49.86597172720149,
              -27.142023802214702
            ],
            [
              -49.85948983297746,
              -27.150386902721177
            ],
            [
              -49.85086970512375,
              -27.161223122111828
            ],
            [
              -49.862991737037774,
              -27.165157673388876
            ],
            [
              -49.84858206026359,
              -27.156381415885434
            ],
            [
              -49.8315308651645,
              -27.167138125397862
            ],
            [
              -49.84691910139137,
              -27.16974815840899
            ],
            [
              -49.83394333884165,
              -27.167138635687525
            ],
            [
              -49.811733276273614,
              -27.171921454401517
            ],
            [
              -49.818975383013736,
              -27.178543076552888
            ],
            [
              -49.80274019632959,
              -27.177950999369617
            ],
            [
              -49.780849651982386,
              -27.185363700177177
            ],
            [
              -49.780541301248185,
              -27.190648190232498
            ],
            [
              -49.781894925670734,
              -27.199913843219413
            ],
            [
              -49.76133466121457,
              -27.194064014394414
            ],
            [
              -49.75900453127349,
              -27.197416169069587
            ],
            [
              -49.75648874660072,
              -27.20245520598972
            ],
            [
              -49.7394635384184,
              -27.20427768371223
            ],
            [
              -49.729296567418984,
              -27.213536626363048
            ],
            [
              -49.726977655115256,
              -27.221586552339986
            ],
            [
              -49.70750347095828,
              -27.224191503699014
            ],
            [
              -49.69958635060366,
              -27.231530162251342
            ],
            [
              -49.694991509601195,
              -27.23816828812176
            ],
            [
              -49.686503887894304,
              -27.23350168106106
            ],
            [
              -49.67578553980714,
              -27.226954536072608
            ],
            [
              -49.66397625887637,
              -27.215636971105123
            ],
            [
              -49.652491023376356,
              -27.209318971105123
            ],
            [
              -49.64459000690577,
              -27.222091502963064
            ],
            [
              -49.65607479426538,
              -27.228409502963064
            ],
            [
              -49.664100512591084,
              -27.237179870360496
            ],
            [
              -49.67782483021399,
              -27.24586944042304
            ],
            [
              -49.687106694262376,
              -27.250949731376704
            ],
            [
              -49.70710416616503,
              -27.244485011804326
            ],
            [
              -49.7182617500012,
              -27.235191392751247
            ],
            [
              -49.7278213101044,
              -27.23614483091647
            ],
            [
              -49.74216881990703,
              -27.22256294192887
            ],
            [
              -49.7504709731284,
              -27.215079325325636
            ],
            [
              -49.7562513623527,
              -27.217031270031427
            ],
            [
              -49.76951341150159,
              -27.20860318219515
            ],
            [
              -49.77416296778932,
              -27.20313716485299
            ],
            [
              -49.771358534866685,
              -27.21108054416801
            ],
            [
              -49.79181179183715,
              -27.201231933770526
            ],
            [
              -49.796526664724695,
              -27.189611614041972
            ],
            [
              -49.80499099080598,
              -27.19239044552033
            ],
            [
              -49.8182420255003,
              -27.193106066382864
            ],
            [
              -49.827989495169234,
              -27.17375311283355
            ],
            [
              -49.83154880610128,
              -27.181559744584426
            ],
            [
              -49.84366299248961,
              -27.184035067390973
            ],
            [
              -49.846533834450824,
              -27.161278760389944
            ],
            [
              -49.848612392491646,
              -27.170958983441555
            ],
            [
              -49.85285912668771,
              -27.176613943115974
            ],
            [
              -49.86695194117165,
              -27.164010684529647
            ],
            [
              -49.87157947523989,
              -27.160225244187917
            ],
            [
              -49.87886460788191,
              -27.151017433309722
            ],
            [
              -49.8778727345189,
              -27.154531579617345
            ],
            [
              -49.87740383406699,
              -27.158689381311394
            ],
            [
              -49.89367591864777,
              -27.15067214347127
            ],
            [
              -49.89490340064095,
              -27.154989597099032
            ],
            [
              -49.90587613852812,
              -27.15077359964325
            ],
            [
              -49.9127623119515,
              -27.14306293609767
            ],
            [
              -49.900997395481475,
              -27.15263312367603
            ],
            [
              -49.92184075681789,
              -27.153367949376808
            ],
            [
              -49.93060486306753,
              -27.152631930866374
            ],
            [
              -49.93298283594855,
              -27.13509739372182
            ],
            [
              -49.94046444828222,
              -27.133919500574553
            ],
            [
              -49.94666120629354,
              -27.13866243796218
            ],
            [
              -49.961939106844454,
              -27.1267503396335
            ],
            [
              -49.96918681079832,
              -27.11759938420384
            ],
            [
              -49.97359495291913,
              -27.11306009833854
            ],
            [
              -49.980554350461375,
              -27.11740811488854
            ],
            [
              -49.99274068173311,
              -27.120785600506814
            ],
            [
              -50.00722488123588,
              -27.122703279775514
            ],
            [
              -50.0209591055394,
              -27.116649703651333
            ],
            [
              -50.01444997769111,
              -27.096510415729302
            ],
            [
              -50.01472199898598,
              -27.107038006654324
            ],
            [
              -50.0241862292133,
              -27.1013230909293
            ],
            [
              -50.02810827386901,
              -27.106389752355902
            ],
            [
              -50.04638978251432,
              -27.099625026821663
            ],
            [
              -50.04682760083555,
              -27.108021619171843
            ],
            [
              -50.06381459971676,
              -27.10431150184025
            ],
            [
              -50.071259004592015,
              -27.097125658224094
            ],
            [
              -50.0806899638485,
              -27.090790227781657
            ],
            [
              -50.08894484254096,
              -27.082170175759828
            ],
            [
              -50.09260129214022,
              -27.071339184988158
            ],
            [
              -50.09985738461094,
              -27.07088814852583
            ],
            [
              -50.11038664314207,
              -27.057494415521855
            ],
            [
              -50.11859795515199,
              -27.054956223962822
            ],
            [
              -50.131165121608035,
              -27.0437888275803
            ],
            [
              -50.14059908777137,
              -27.038502270590953
            ],
            [
              -50.15181020602627,
              -27.030915813452594
            ],
            [
              -50.162289029235936,
              -27.02228567762663
            ],
            [
              -50.171785324995106,
              -27.01840445917671
            ],
            [
              -50.17710157610343,
              -27.00765111170817
            ],
            [
              -50.18107055353206,
              -26.9978557019245
            ],
            [
              -50.17546029340598,
              -26.982085913556045
            ],
            [
              -50.17404577869665,
              -26.974495275641832
            ],
            [
              -50.17516107724076,
              -26.967588120091538
            ],
            [
              -50.18104020120267,
              -26.96367019381461
            ],
            [
              -50.16918838410036,
              -26.948071109926726
            ],
            [
              -50.17022408104856,
              -26.94554020296713
            ],
            [
              -50.16929036037742,
              -26.93917681887264
            ],
            [
              -50.16891207288245,
              -26.932595490766733
            ],
            [
              -50.16881421763361,
              -26.924585899930403
            ],
            [
              -50.16779293279305,
              -26.917480566847
            ],
            [
              -50.1670032707113,
              -26.908405323215263
            ],
            [
              -50.17109679335979,
              -26.908202369824533
            ],
            [
              -50.168632751691746,
              -26.89265850672547
            ],
            [
              -50.15446874325626,
              -26.899934648756425
            ]
          ]
        ]
      },
      "properties": {
        "river": "oeste",
        "max_stage_m": 581.225,
        "min_stage_m": 339.125,
        "event": "2023",
        "river_name": "Rio Itaja\u00ed do Oeste",
        "fill_color": "#00f0ff"
      }
    },
    {
      "type": "Feature",
      "geometry": {
        "type": "Polygon",
        "coordinates": [
          [
            [
              -49.30763338788685,
              -27.701503095961343
            ],
            [
              -49.31784308959228,
              -27.703184441553717
            ],
            [
              -49.32648077530919,
              -27.70299125955646
            ],
            [
              -49.34149766134965,
              -27.70335319399641
            ],
            [
              -49.34851055401573,
              -27.70029455997226
            ],
            [
              -49.36175256893848,
              -27.69701306082599
            ],
            [
              -49.365113468417974,
              -27.69304461293511
            ],
            [
              -49.37973916723809,
              -27.687777137908018
            ],
            [
              -49.381780540872256,
              -27.68395361573231
            ],
            [
              -49.38839866009654,
              -27.680668418794745
            ],
            [
              -49.397285044406104,
              -27.678353470138553
            ],
            [
              -49.40983724001561,
              -27.67443057072183
            ],
            [
              -49.40939943011054,
              -27.672776408159095
            ],
            [
              -49.42392975381657,
              -27.669063411816726
            ],
            [
              -49.419317182287,
              -27.664886665196498
            ],
            [
              -49.44086218604862,
              -27.66476993985207
            ],
            [
              -49.44788483044067,
              -27.652281211834467
            ],
            [
              -49.44638064494379,
              -27.648562631325998
            ],
            [
              -49.452670725973036,
              -27.640544535766775
            ],
            [
              -49.46118173086115,
              -27.625936393939515
            ],
            [
              -49.45973891697019,
              -27.62048198301629
            ],
            [
              -49.46150272509926,
              -27.60432139678032
            ],
            [
              -49.45657691413303,
              -27.608256944363657
            ],
            [
              -49.46486490678718,
              -27.593627634478683
            ],
            [
              -49.464307290072206,
              -27.583350571232614
            ],
            [
              -49.45306069106933,
              -27.584804513451115
            ],
            [
              -49.47104980649361,
              -27.579656959763447
            ],
            [
              -49.47407700694753,
              -27.57407525052839
            ],
            [
              -49.482617771338916,
              -27.56448961856564
            ],
            [
              -49.47146490259216,
              -27.56497175188993
            ],
            [
              -49.49233323193863,
              -27.56230719782835
            ],
            [
              -49.49778648479528,
              -27.553137692360995
            ],
            [
              -49.49924300186915,
              -27.546544302166982
            ],
            [
              -49.50458947860605,
              -27.540744720557644
            ],
            [
              -49.50495130135342,
              -27.536851757670043
            ],
            [
              -49.5127029025928,
              -27.535432474447212
            ],
            [
              -49.52669381863612,
              -27.532515160719615
            ],
            [
              -49.529603498249486,
              -27.528463382752168
            ],
            [
              -49.53964602207909,
              -27.524528685839087
            ],
            [
              -49.5453194489182,
              -27.519665546009925
            ],
            [
              -49.55278060001541,
              -27.51653271391068
            ],
            [
              -49.559896620807876,
              -27.51307889166842
            ],
            [
              -49.566517363804955,
              -27.511864634938593
            ],
            [
              -49.581262827485844,
              -27.50656723459661
            ],
            [
              -49.586390825285825,
              -27.497639909911786
            ],
            [
              -49.59285552144151,
              -27.48326073625445
            ],
            [
              -49.590433028517516,
              -27.46967313783485
            ],
            [
              -49.587313262450834,
              -27.469472141206648
            ],
            [
              -49.57984350784537,
              -27.466840684858205
            ],
            [
              -49.593525709358076,
              -27.448987641591756
            ],
            [
              -49.58574680963043,
              -27.459165341148726
            ],
            [
              -49.59195155892925,
              -27.454727797404747
            ],
            [
              -49.60901142240387,
              -27.444604151142713
            ],
            [
              -49.61136177763497,
              -27.431474910941244
            ],
            [
              -49.6100930790506,
              -27.429697063871686
            ],
            [
              -49.612067139049245,
              -27.42217161730354
            ],
            [
              -49.61910820538965,
              -27.40588477516261
            ],
            [
              -49.61709742643932,
              -27.399685369080792
            ],
            [
              -49.61391656395086,
              -27.397478337047552
            ],
            [
              -49.625268358546435,
              -27.384089036668254
            ],
            [
              -49.626361400338745,
              -27.37147318444468
            ],
            [
              -49.625080403582935,
              -27.361946706284712
            ],
            [
              -49.62419447271396,
              -27.352746150528187
            ],
            [
              -49.61861572338046,
              -27.35559631605444
            ],
            [
              -49.63202421464236,
              -27.34044015329428
            ],
            [
              -49.62865338332637,
              -27.337133447834084
            ],
            [
              -49.63085537729432,
              -27.331400975459566
            ],
            [
              -49.64471651630391,
              -27.321171615576453
            ],
            [
              -49.64669896591783,
              -27.314977345934153
            ],
            [
              -49.645125212404395,
              -27.311303992968192
            ],
            [
              -49.657774062897566,
              -27.299933496565522
            ],
            [
              -49.661258226023094,
              -27.286867404279864
            ],
            [
              -49.65970563818558,
              -27.282143642112015
            ],
            [
              -49.66515190359595,
              -27.269771893376852
            ],
            [
              -49.66486408859102,
              -27.258123933916725
            ],
            [
              -49.660123587641266,
              -27.24529308931598
            ],
            [
              -49.65747606964133,
              -27.24354380905773
            ],
            [
              -49.656635540069274,
              -27.238117331800456
            ],
            [
              -49.65782563170042,
              -27.227590280189528
            ],
            [
              -49.659147629433136,
              -27.21726228018953
            ],
            [
              -49.63870628042537,
              -27.214933675232146
            ],
            [
              -49.637382387198365,
              -27.225261675232144
            ],
            [
              -49.636154644732905,
              -27.236051506923808
            ],
            [
              -49.63698660794936,
              -27.245552631350897
            ],
            [
              -49.64347986009362,
              -27.25610683851613
            ],
            [
              -49.64519159222004,
              -27.263606666206833
            ],
            [
              -49.644539827514976,
              -27.269321987903364
            ],
            [
              -49.64140133584131,
              -27.27370575605776
            ],
            [
              -49.64064932257862,
              -27.28750964987444
            ],
            [
              -49.63804677013301,
              -27.29458989941721
            ],
            [
              -49.63289816141841,
              -27.29654503163051
            ],
            [
              -49.62682623367024,
              -27.310069011129624
            ],
            [
              -49.6250659055162,
              -27.3155989573812
            ],
            [
              -49.62109036518202,
              -27.315257684159764
            ],
            [
              -49.61164693055425,
              -27.32675933386024
            ],
            [
              -49.61163282145559,
              -27.343229392802495
            ],
            [
              -49.60739193662424,
              -27.34021831920576
            ],
            [
              -49.603673989426284,
              -27.3546654403301
            ],
            [
              -49.604539247766056,
              -27.363698518874372
            ],
            [
              -49.605907246151055,
              -27.37391060065327
            ],
            [
              -49.60475187358589,
              -27.382091853377414
            ],
            [
              -49.59989031084487,
              -27.38403311342305
            ],
            [
              -49.59646734069615,
              -27.39905111693353
            ],
            [
              -49.59914045993213,
              -27.41053756808606
            ],
            [
              -49.59482852987011,
              -27.41208653740503
            ],
            [
              -49.59047733691409,
              -27.42397604375952
            ],
            [
              -49.59089745387032,
              -27.433918518020434
            ],
            [
              -49.588863601921,
              -27.440585051730412
            ],
            [
              -49.58582866680723,
              -27.437225065451827
            ],
            [
              -49.57479708468368,
              -27.44362654429877
            ],
            [
              -49.5803010527647,
              -27.463064568546653
            ],
            [
              -49.57781517415919,
              -27.448602486469873
            ],
            [
              -49.5670938786295,
              -27.46572728551147
            ],
            [
              -49.572888252942164,
              -27.47934639782505
            ],
            [
              -49.57227631860202,
              -27.484863086860653
            ],
            [
              -49.568523037771534,
              -27.488439361219346
            ],
            [
              -49.563349646857596,
              -27.497434155288047
            ],
            [
              -49.5649507568871,
              -27.493590598037215
            ],
            [
              -49.55636456440941,
              -27.49502185797234
            ],
            [
              -49.54463971297712,
              -27.499688279684595
            ],
            [
              -49.53731312328933,
              -27.502770366746404
            ],
            [
              -49.52718860385845,
              -27.50990647220572
            ],
            [
              -49.52266750213944,
              -27.511199726997493
            ],
            [
              -49.51277299142537,
              -27.518970036629174
            ],
            [
              -49.511551342120846,
              -27.51713415538514
            ],
            [
              -49.5014538908242,
              -27.5187893037734
            ],
            [
              -49.48961021888617,
              -27.528117664001545
            ],
            [
              -49.48406417588023,
              -27.534105266306188
            ],
            [
              -49.4784328529995,
              -27.54670060763193
            ],
            [
              -49.47464623117302,
              -27.552820532461972
            ],
            [
              -49.47540636091889,
              -27.546981174767332
            ],
            [
              -49.462474964567015,
              -27.560365618808884
            ],
            [
              -49.460430048527,
              -27.56030868544386
            ],
            [
              -49.45376454608617,
              -27.569601491504752
            ],
            [
              -49.451355407160825,
              -27.566540162339564
            ],
            [
              -49.4438249763255,
              -27.585861012994442
            ],
            [
              -49.44421121813044,
              -27.594534213613823
            ],
            [
              -49.43990987464544,
              -27.597407198547025
            ],
            [
              -49.444121167099645,
              -27.614253262326077
            ],
            [
              -49.44037122939775,
              -27.61405002221723
            ],
            [
              -49.44056430783817,
              -27.627418354725204
            ],
            [
              -49.4364541494547,
              -27.6291660249031
            ],
            [
              -49.4301074854769,
              -27.63724634955085
            ],
            [
              -49.4272766751242,
              -27.650654373719817
            ],
            [
              -49.423564860586005,
              -27.654712618043515
            ],
            [
              -49.4274792843066,
              -27.648046105511764
            ],
            [
              -49.41062180006202,
              -27.655029881602246
            ],
            [
              -49.40594338261553,
              -27.654707050434244
            ],
            [
              -49.39693875854408,
              -27.660099820582396
            ],
            [
              -49.39226002505741,
              -27.660575240981192
            ],
            [
              -49.38318902933072,
              -27.662931893279612
            ],
            [
              -49.373168855295766,
              -27.66728903178846
            ],
            [
              -49.36445412094476,
              -27.675421625775808
            ],
            [
              -49.35989663533035,
              -27.67530961146687
            ],
            [
              -49.34904258604453,
              -27.682548999351418
            ],
            [
              -49.34514505009696,
              -27.682211676692678
            ],
            [
              -49.33397697401027,
              -27.686279015856424
            ],
            [
              -49.328501008666116,
              -27.684751974295118
            ],
            [
              -49.31753276230748,
              -27.68485970781063
            ],
            [
              -49.3114755856891,
              -27.68349484727122
            ],
            [
              -49.30763338788685,
              -27.701503095961343
            ]
          ]
        ]
      },
      "properties": {
        "river": "sul",
        "max_stage_m": 476.225,
        "min_stage_m": 339.225,
        "event": "2023",
        "river_name": "Rio Itaja\u00ed do Sul",
        "fill_color": "#00f0ff"
      }
    },
    {
      "type": "Feature",
      "geometry": {
        "type": "Polygon",
        "coordinates": [
          [
            [
              -50.14846419946587,
              -26.51537728616721
            ],
            [
              -50.141151184201554,
              -26.51942710554665
            ],
            [
              -50.12884940851006,
              -26.517651772927092
            ],
            [
              -50.12246706815236,
              -26.521204258557287
            ],
            [
              -50.111077738985315,
              -26.51694856785153
            ],
            [
              -50.097203641782116,
              -26.519185812964448
            ],
            [
              -50.084367713352414,
              -26.523987713431872
            ],
            [
              -50.06952316359337,
              -26.518684646576077
            ],
            [
              -50.054996182910536,
              -26.518689493325073
            ],
            [
              -50.04088782155025,
              -26.517855608804037
            ],
            [
              -50.0291592386911,
              -26.511088491338903
            ],
            [
              -50.016181636268584,
              -26.500679188894985
            ],
            [
              -50.00064542821752,
              -26.502938598430735
            ],
            [
              -49.98741895241732,
              -26.510703345612562
            ],
            [
              -49.978312632067635,
              -26.520864840855022
            ],
            [
              -49.97050937986672,
              -26.529331970569046
            ],
            [
              -49.96198551564635,
              -26.539938899687264
            ],
            [
              -49.953296733851204,
              -26.549775503107153
            ],
            [
              -49.95199720252325,
              -26.56089902598819
            ],
            [
              -49.947138982167466,
              -26.567981493023943
            ],
            [
              -49.93442827870106,
              -26.57086409481826
            ],
            [
              -49.921042001045144,
              -26.577213555983967
            ],
            [
              -49.90879915845522,
              -26.58832068525267
            ],
            [
              -49.909110459265975,
              -26.5998862838261
            ],
            [
              -49.89366458699474,
              -26.602783688438826
            ],
            [
              -49.88357268621448,
              -26.61380450361779
            ],
            [
              -49.87708986587688,
              -26.628135704722023
            ],
            [
              -49.87998264838842,
              -26.641264625952818
            ],
            [
              -49.87270194068094,
              -26.650846313359576
            ],
            [
              -49.85586111557579,
              -26.65132862603933
            ],
            [
              -49.846925164190154,
              -26.66314582708849
            ],
            [
              -49.83811550711245,
              -26.674128780833474
            ],
            [
              -49.8376887128138,
              -26.687746460226588
            ],
            [
              -49.829270698706175,
              -26.699887711236798
            ],
            [
              -49.81696424963215,
              -26.7074605701163
            ],
            [
              -49.80439449195442,
              -26.717717757131034
            ],
            [
              -49.7977720280704,
              -26.73186895354298
            ],
            [
              -49.7925130065254,
              -26.74470900709558
            ],
            [
              -49.77810094864546,
              -26.751443077321085
            ],
            [
              -49.769814124142016,
              -26.764675530732674
            ],
            [
              -49.763914221483184,
              -26.77290695047284
            ],
            [
              -49.74892775600604,
              -26.78099251480505
            ],
            [
              -49.751665069745236,
              -26.792913396066865
            ],
            [
              -49.740944360968776,
              -26.803337167810238
            ],
            [
              -49.73330503612342,
              -26.81579692579114
            ],
            [
              -49.72032642854399,
              -26.826064779161936
            ],
            [
              -49.71041232581325,
              -26.83909175049661
            ],
            [
              -49.706802282656014,
              -26.84979767131821
            ],
            [
              -49.696881172806016,
              -26.85815436487227
            ],
            [
              -49.68276359970349,
              -26.864088715390647
            ],
            [
              -49.67788747545176,
              -26.879453845001315
            ],
            [
              -49.68114104372263,
              -26.889032088002615
            ],
            [
              -49.66413716563909,
              -26.890938119357408
            ],
            [
              -49.65715707836576,
              -26.901832760521792
            ],
            [
              -49.65924197166266,
              -26.91366234961768
            ],
            [
              -49.64434785143905,
              -26.921734324671927
            ],
            [
              -49.63917382785074,
              -26.935722503577153
            ],
            [
              -49.630994872653645,
              -26.950758177663328
            ],
            [
              -49.63602002874844,
              -26.961738041748806
            ],
            [
              -49.621073474286234,
              -26.967372993982757
            ],
            [
              -49.610262435355594,
              -26.975098895136824
            ],
            [
              -49.61060104333285,
              -26.984487808011814
            ],
            [
              -49.6126382307061,
              -26.996329261814612
            ],
            [
              -49.601567243839646,
              -27.00541504534466
            ],
            [
              -49.594338071484124,
              -27.020307716217932
            ],
            [
              -49.59264553226258,
              -27.03384785456436
            ],
            [
              -49.5894809045,
              -27.047523217191628
            ],
            [
              -49.586756763114536,
              -27.03531370222472
            ],
            [
              -49.58259533558161,
              -27.02469841707805
            ],
            [
              -49.57255535324068,
              -27.03199341847
            ],
            [
              -49.56676697863327,
              -27.037712168757075
            ],
            [
              -49.559178625801266,
              -27.028151189597263
            ],
            [
              -49.548350205390385,
              -27.020462552207842
            ],
            [
              -49.54407747195652,
              -27.032045845217006
            ],
            [
              -49.54677516198001,
              -27.044932333806408
            ],
            [
              -49.535909405475834,
              -27.052505064285185
            ],
            [
              -49.52453189995487,
              -27.05604249340328
            ],
            [
              -49.51032126732402,
              -27.056909354771662
            ],
            [
              -49.499915980119184,
              -27.063476867843512
            ],
            [
              -49.483589715848204,
              -27.080470867843513
            ],
            [
              -49.486834242195265,
              -27.08324609961723
            ],
            [
              -49.503160014616334,
              -27.06625209961723
            ],
            [
              -49.51271049600228,
              -27.060303445737816
            ],
            [
              -49.52471820190307,
              -27.060044924851656
            ],
            [
              -49.53721332221823,
              -27.056338929058807
            ],
            [
              -49.549307895846376,
              -27.048242711705385
            ],
            [
              -49.54854709384935,
              -27.031603177811178
            ],
            [
              -49.55253928862459,
              -27.0219188107726
            ],
            [
              -49.555685929645264,
              -27.030674566276144
            ],
            [
              -49.5632438472816,
              -27.040202083388106
            ],
            [
              -49.57482344677799,
              -27.035452531395478
            ],
            [
              -49.585231971167204,
              -27.027943499483428
            ],
            [
              -49.58226250867014,
              -27.0354612878727
            ],
            [
              -49.585088750576666,
              -27.0483863900367
            ],
            [
              -49.59653063846614,
              -27.035865619956404
            ],
            [
              -49.59879168830179,
              -27.020861008154004
            ],
            [
              -49.60560177944249,
              -27.00718306056157
            ],
            [
              -49.61545187144259,
              -26.99945365795319
            ],
            [
              -49.61508076874926,
              -26.984155018142303
            ],
            [
              -49.61475445925833,
              -26.974955781177385
            ],
            [
              -49.623391593790785,
              -26.970804979583576
            ],
            [
              -49.63760009794757,
              -26.96548819637937
            ],
            [
              -49.63534277354951,
              -26.949745377332217
            ],
            [
              -49.64304163350082,
              -26.93776139494399
            ],
            [
              -49.648556205007274,
              -26.923137033149803
            ],
            [
              -49.661261380273814,
              -26.917240704767188
            ],
            [
              -49.66164232205286,
              -26.901613589645255
            ],
            [
              -49.667840560753206,
              -26.893204787030836
            ],
            [
              -49.68142944175806,
              -26.893029690493016
            ],
            [
              -49.682362674311854,
              -26.87911726397355
            ],
            [
              -49.68703011767326,
              -26.865338081765707
            ],
            [
              -49.69841072263922,
              -26.86192066853654
            ],
            [
              -49.70964932754025,
              -26.852895249101323
            ],
            [
              -49.71461793533889,
              -26.84049366644769
            ],
            [
              -49.72388788638184,
              -26.828503306481306
            ],
            [
              -49.736081815859215,
              -26.81894428121214
            ],
            [
              -49.744742311575294,
              -26.8054716031239
            ],
            [
              -49.75478610104021,
              -26.795791869552883
            ],
            [
              -49.753367070718234,
              -26.780409014379067
            ],
            [
              -49.76567818656359,
              -26.776590273312898
            ],
            [
              -49.773366842732464,
              -26.76712196504796
            ],
            [
              -49.78189966665061,
              -26.753573958734346
            ],
            [
              -49.79432948408567,
              -26.74837175181947
            ],
            [
              -49.80183860493103,
              -26.733558971002914
            ],
            [
              -49.808456483138855,
              -26.719415584774474
            ],
            [
              -49.8197611047269,
              -26.710591837086827
            ],
            [
              -49.83162004020713,
              -26.70329975034004
            ],
            [
              -49.84133339366758,
              -26.690079495158237
            ],
            [
              -49.84259064704701,
              -26.67436555573745
            ],
            [
              -49.85034380490581,
              -26.66573688012274
            ],
            [
              -49.859434322841665,
              -26.653746965611653
            ],
            [
              -49.87259038163397,
              -26.654850941055123
            ],
            [
              -49.88333524742289,
              -26.64392305500168
            ],
            [
              -49.88151780915722,
              -26.627520211153403
            ],
            [
              -49.88761198196054,
              -26.61553816508151
            ],
            [
              -49.89695588209551,
              -26.605501558230895
            ],
            [
              -49.909813122028886,
              -26.603842576393493
            ],
            [
              -49.91324330761856,
              -26.58882378356789
            ],
            [
              -49.92394912709106,
              -26.58026109717018
            ],
            [
              -49.93633358525882,
              -26.574489453126734
            ],
            [
              -49.948116123036094,
              -26.571890867304088
            ],
            [
              -49.95550696861172,
              -26.563387345177112
            ],
            [
              -49.95772678400961,
              -26.550360831353192
            ],
            [
              -49.965265776592815,
              -26.542665682100143
            ],
            [
              -49.973996482001255,
              -26.531844587949024
            ],
            [
              -49.981605704438145,
              -26.523578704661578
            ],
            [
              -49.990752374031274,
              -26.513377185678664
            ],
            [
              -50.00289290947879,
              -26.5064029598934
            ],
            [
              -50.016783467097596,
              -26.504648686246526
            ],
            [
              -50.02617535900139,
              -26.51407473464276
            ],
            [
              -50.03864359774679,
              -26.521321812117836
            ],
            [
              -50.054666417610434,
              -26.522684480289062
            ],
            [
              -50.06952285912035,
              -26.522690515260724
            ],
            [
              -50.082817902663955,
              -26.52774592374189
            ],
            [
              -50.09861134354045,
              -26.522988505808307
            ],
            [
              -50.111783603461454,
              -26.520904331802868
            ],
            [
              -50.1207751491565,
              -26.52491306420846
            ],
            [
              -50.13062791476388,
              -26.52132798157781
            ],
            [
              -50.14037659985982,
              -26.523372562975272
            ],
            [
              -50.150408737799985,
              -26.518985537927794
            ],
            [
              -50.14846419946587,
              -26.51537728616721
            ]
          ]
        ]
      },
      "properties": {
        "river": "norte",
        "max_stage_m": 495.894,
        "min_stage_m": 133.994,
        "event": "2023",
        "river_name": "Rio Itaja\u00ed do Norte ou Herc\u00edlio",
        "fill_color": "#00f0ff"
      }
    },
    {
      "type": "Feature",
      "geometry": {
        "type": "Polygon",
        "coordinates": [
          [
            [
              -49.51616970665463,
              -26.636045767261432
            ],
            [
              -49.518428554518636,
              -26.637708944450434
            ],
            [
              -49.51515133484828,
              -26.650071550461103
            ],
            [
              -49.51689993731723,
              -26.651569935165746
            ],
            [
              -49.51766262635766,
              -26.65452478268024
            ],
            [
              -49.51524734030661,
              -26.660365782963275
            ],
            [
              -49.512998851441445,
              -26.66915592109888
            ],
            [
              -49.513598150710216,
              -26.675054020994907
            ],
            [
              -49.5134773722291,
              -26.682124919756326
            ],
            [
              -49.51618577654635,
              -26.682483337786884
            ],
            [
              -49.514069672609445,
              -26.6868594836091
            ],
            [
              -49.51377124088313,
              -26.689713954509664
            ],
            [
              -49.50462417905942,
              -26.686765416473943
            ],
            [
              -49.49694293609334,
              -26.689672711194397
            ],
            [
              -49.49882961152251,
              -26.692488443518876
            ],
            [
              -49.487258969636166,
              -26.695920977153467
            ],
            [
              -49.48493111829393,
              -26.700441869831195
            ],
            [
              -49.483236029378894,
              -26.704592172857623
            ],
            [
              -49.48252306654147,
              -26.70853070895291
            ],
            [
              -49.4778792991981,
              -26.714831152276382
            ],
            [
              -49.47574217327344,
              -26.721247821823614
            ],
            [
              -49.473590223932035,
              -26.725965450389133
            ],
            [
              -49.46509083015332,
              -26.733401253239045
            ],
            [
              -49.46508492023158,
              -26.73779014194447
            ],
            [
              -49.456788195177985,
              -26.744563693097703
            ],
            [
              -49.456845252765234,
              -26.74853209209723
            ],
            [
              -49.452205623664156,
              -26.75161239374106
            ],
            [
              -49.44216355657796,
              -26.75412799682652
            ],
            [
              -49.43650021943731,
              -26.75828329535138
            ],
            [
              -49.42893351178404,
              -26.76511899140008
            ],
            [
              -49.431241590859756,
              -26.768022399967368
            ],
            [
              -49.41887654463957,
              -26.778567691589622
            ],
            [
              -49.42762116637174,
              -26.78662543231246
            ],
            [
              -49.426997816730974,
              -26.779789545148624
            ],
            [
              -49.433261001699826,
              -26.77995549579848
            ],
            [
              -49.427031280992395,
              -26.779547984489373
            ],
            [
              -49.42425226989162,
              -26.780383505593512
            ],
            [
              -49.41799757259175,
              -26.773338297393487
            ],
            [
              -49.40483699015231,
              -26.77072424829967
            ],
            [
              -49.40036940272588,
              -26.773953305065632
            ],
            [
              -49.403313686713446,
              -26.778949278736533
            ],
            [
              -49.39572814909268,
              -26.77383003877444
            ],
            [
              -49.38384491928283,
              -26.772442439127566
            ],
            [
              -49.377905386066224,
              -26.775116809818556
            ],
            [
              -49.37998844436544,
              -26.78248052633288
            ],
            [
              -49.36952065252514,
              -26.7707320547344
            ],
            [
              -49.3603503025615,
              -26.777038438815598
            ],
            [
              -49.359961237291124,
              -26.782144561028186
            ],
            [
              -49.35425068777827,
              -26.791137959743857
            ],
            [
              -49.35426262647508,
              -26.795340654891326
            ],
            [
              -49.35112827402852,
              -26.80106108868691
            ],
            [
              -49.347319548250816,
              -26.806341230149282
            ],
            [
              -49.34162970882167,
              -26.812524909493288
            ],
            [
              -49.34196476313115,
              -26.816348583234333
            ],
            [
              -49.3285405782084,
              -26.823197555709456
            ],
            [
              -49.33410482404309,
              -26.824517343889003
            ],
            [
              -49.33091373131258,
              -26.826369939892885
            ],
            [
              -49.327776305356,
              -26.82621835801828
            ],
            [
              -49.31314465654764,
              -26.820329873091268
            ],
            [
              -49.31551606012715,
              -26.822538250111023
            ],
            [
              -49.3053728578243,
              -26.821066213032882
            ],
            [
              -49.303369560747456,
              -26.823183837687377
            ],
            [
              -49.294884090431836,
              -26.819014342558184
            ],
            [
              -49.28697440491364,
              -26.817478171284698
            ],
            [
              -49.27562888111772,
              -26.827538258394117
            ],
            [
              -49.28532262685078,
              -26.821322997828258
            ],
            [
              -49.274730530599946,
              -26.821358984053262
            ],
            [
              -49.26623727943912,
              -26.82678009291623
            ],
            [
              -49.262062148597046,
              -26.83735606958171
            ],
            [
              -49.26475609970928,
              -26.844306989390088
            ],
            [
              -49.27152346829326,
              -26.842107139658687
            ],
            [
              -49.262010630562436,
              -26.84769178360538
            ],
            [
              -49.263865768438414,
              -26.850388375119234
            ],
            [
              -49.2523202447266,
              -26.854537232266242
            ],
            [
              -49.24916185522015,
              -26.86214545888558
            ],
            [
              -49.25118919919004,
              -26.865546661449265
            ],
            [
              -49.24441506360009,
              -26.86854791479975
            ],
            [
              -49.23488630153287,
              -26.87581268156096
            ],
            [
              -49.23309345075894,
              -26.882634711812464
            ],
            [
              -49.230192052153576,
              -26.889686711812463
            ],
            [
              -49.242488974851796,
              -26.8941982929925
            ],
            [
              -49.245389606014015,
              -26.8871462929925
            ],
            [
              -49.247708356638526,
              -26.878947716706765
            ],
            [
              -49.2509417782162,
              -26.878879349545453
            ],
            [
              -49.256570086954184,
              -26.876390719273754
            ],
            [
              -49.26206178244765,
              -26.86500945253862
            ],
            [
              -49.26457251428463,
              -26.85913637615662
            ],
            [
              -49.26478651754833,
              -26.862218748403187
            ],
            [
              -49.27325136391171,
              -26.854020729272218
            ],
            [
              -49.27744292773462,
              -26.85272501425846
            ],
            [
              -49.27612685160591,
              -26.838167162205295
            ],
            [
              -49.274566820242875,
              -26.833339716699832
            ],
            [
              -49.277255351615814,
              -26.833410718405474
            ],
            [
              -49.28129292718429,
              -26.831671032257063
            ],
            [
              -49.28382159516115,
              -26.83310596450161
            ],
            [
              -49.2852999957228,
              -26.81940520639826
            ],
            [
              -49.28627280860166,
              -26.829320488939512
            ],
            [
              -49.29220194463015,
              -26.830629142617717
            ],
            [
              -49.29706498125967,
              -26.83362323885657
            ],
            [
              -49.308293843012436,
              -26.832635054774105
            ],
            [
              -49.312824346068346,
              -26.83415130284031
            ],
            [
              -49.322515853497826,
              -26.828737992791208
            ],
            [
              -49.31747717719124,
              -26.833712942081284
            ],
            [
              -49.326709348281724,
              -26.837619704285196
            ],
            [
              -49.33725691275113,
              -26.836037800673523
            ],
            [
              -49.3418184016234,
              -26.822719006264734
            ],
            [
              -49.34282776283919,
              -26.82818240647132
            ],
            [
              -49.35223493567618,
              -26.81966994874904
            ],
            [
              -49.357102972330196,
              -26.814365523584986
            ],
            [
              -49.361813276146684,
              -26.80810951690405
            ],
            [
              -49.365826821566166,
              -26.801178891603495
            ],
            [
              -49.367428183561366,
              -26.792643638012716
            ],
            [
              -49.37072717360863,
              -26.789091963162132
            ],
            [
              -49.37335526115023,
              -26.779453871394
            ],
            [
              -49.374140165809735,
              -26.7818506762145
            ],
            [
              -49.36691658680011,
              -26.784591589746803
            ],
            [
              -49.38259857455509,
              -26.7862108736715
            ],
            [
              -49.38924944980612,
              -26.783275373068598
            ],
            [
              -49.39269740730902,
              -26.78537611217102
            ],
            [
              -49.394942995623296,
              -26.78815755083741
            ],
            [
              -49.409061450168316,
              -26.782920861390977
            ],
            [
              -49.412630707178906,
              -26.78032726973834
            ],
            [
              -49.41185662255674,
              -26.78385382630775
            ],
            [
              -49.4135893244008,
              -26.787456160300444
            ],
            [
              -49.424171638799,
              -26.791128818174148
            ],
            [
              -49.43227715956544,
              -26.79178178609485
            ],
            [
              -49.44002681454728,
              -26.78210080568574
            ],
            [
              -49.428816470188,
              -26.774814682990936
            ],
            [
              -49.42986330108965,
              -26.77190282522368
            ],
            [
              -49.43294436205699,
              -26.779783413866628
            ],
            [
              -49.440921498239256,
              -26.770224958370907
            ],
            [
              -49.44496158128877,
              -26.76742414923995
            ],
            [
              -49.45003512120097,
              -26.76367951877359
            ],
            [
              -49.454768950041284,
              -26.763248273784498
            ],
            [
              -49.46334657400909,
              -26.758872812091777
            ],
            [
              -49.46902900820897,
              -26.74916194973974
            ],
            [
              -49.47268816513181,
              -26.747512738032466
            ],
            [
              -49.477636546639474,
              -26.737286062781987
            ],
            [
              -49.481487458173795,
              -26.735498771196717
            ],
            [
              -49.48708005308411,
              -26.727418817613273
            ],
            [
              -49.490358651719916,
              -26.71887788314099
            ],
            [
              -49.49299090690318,
              -26.715824384004684
            ],
            [
              -49.495896881532055,
              -26.708157533929583
            ],
            [
              -49.49721828704742,
              -26.704930042926478
            ],
            [
              -49.49906124379502,
              -26.701348500105254
            ],
            [
              -49.49905177134314,
              -26.704345639600948
            ],
            [
              -49.50796166932075,
              -26.696284818413893
            ],
            [
              -49.50568853664238,
              -26.698586083533478
            ],
            [
              -49.50863209624128,
              -26.700647938170334
            ],
            [
              -49.52000414124199,
              -26.697467069390687
            ],
            [
              -49.52687751243921,
              -26.68951010787934
            ],
            [
              -49.52623575563978,
              -26.67885780507645
            ],
            [
              -49.52683251482092,
              -26.67593962808055
            ],
            [
              -49.52621838917516,
              -26.668116399847772
            ],
            [
              -49.52793647363425,
              -26.663835628673453
            ],
            [
              -49.529919937115515,
              -26.659067032547778
            ],
            [
              -49.53015589080522,
              -26.651052148732614
            ],
            [
              -49.5264253679935,
              -26.643818974435902
            ],
            [
              -49.52999288814893,
              -26.643521594499774
            ],
            [
              -49.52902178690167,
              -26.63310432537613
            ],
            [
              -49.51616970665463,
              -26.636045767261432
            ]
          ]
        ]
      },
      "properties": {
        "river": "benedito",
        "max_stage_m": 641.594,
        "min_stage_m": 61.994,
        "event": "2023",
        "river_name": "Rio Benedito",
        "fill_color": "#00f0ff"
      }
    },
    {
      "type": "Feature",
      "geometry": {
        "type": "Polygon",
        "coordinates": [
          [
            [
              -49.362184,
              -27.394553
            ],
            [
              -49.355735,
              -27.383257
            ],
            [
              -49.351799,
              -27.368674
            ],
            [
              -49.340085,
              -27.357628
            ],
            [
              -49.333905,
              -27.34483
            ],
            [
              -49.328708,
              -27.334478
            ],
            [
              -49.322285,
              -27.326855
            ],
            [
              -49.320496,
              -27.317574
            ],
            [
              -49.315396,
              -27.310237
            ],
            [
              -49.314809,
              -27.300662
            ],
            [
              -49.314099,
              -27.290865
            ],
            [
              -49.311249,
              -27.283406
            ],
            [
              -49.306517,
              -27.272471
            ],
            [
              -49.300787,
              -27.26551
            ],
            [
              -49.29734,
              -27.258286
            ],
            [
              -49.282338,
              -27.255794
            ],
            [
              -49.275717,
              -27.247138
            ],
            [
              -49.264086,
              -27.248166
            ],
            [
              -49.251599,
              -27.240798
            ],
            [
              -49.238816,
              -27.236076
            ],
            [
              -49.227169,
              -27.232291
            ],
            [
              -49.213935,
              -27.228775
            ],
            [
              -49.208826,
              -27.214095
            ],
            [
              -49.197869,
              -27.207077
            ],
            [
              -49.188583,
              -27.199846
            ],
            [
              -49.177862,
              -27.203756
            ],
            [
              -49.15962,
              -27.207419
            ],
            [
              -49.145821,
              -27.201979
            ],
            [
              -49.13178,
              -27.196286
            ],
            [
              -49.127067,
              -27.185668
            ],
            [
              -49.113196,
              -27.185519
            ],
            [
              -49.107287,
              -27.190854
            ],
            [
              -49.098988,
              -27.186266
            ],
            [
              -49.089826,
              -27.192315
            ],
            [
              -49.081437,
              -27.195634
            ],
            [
              -49.070812,
              -27.191238
            ],
            [
              -49.057141,
              -27.189659
            ],
            [
              -49.049085,
              -27.188577
            ],
            [
              -49.041662,
              -27.195993
            ],
            [
              -49.02882,
              -27.20118
            ],
            [
              -49.029489,
              -27.188164
            ],
            [
              -49.023969,
              -27.173743
            ],
            [
              -49.009175,
              -27.171366
            ],
            [
              -49.020961,
              -27.161385
            ],
            [
              -49.018104,
              -27.155565
            ],
            [
              -49.0189,
              -27.144004
            ],
            [
              -49.002254,
              -27.144148
            ],
            [
              -48.988324,
              -27.143163
            ],
            [
              -48.97698,
              -27.146192
            ],
            [
              -48.968129,
              -27.139228
            ],
            [
              -48.960098,
              -27.128589
            ],
            [
              -48.950028,
              -27.137113
            ],
            [
              -48.93764,
              -27.125945
            ],
            [
              -48.94222,
              -27.114813
            ],
            [
              -48.934826,
              -27.100458
            ],
            [
              -48.918501,
              -27.101548
            ],
            [
              -48.907256,
              -27.090458
            ],
            [
              -48.901276046055926,
              -27.078397724826786
            ],
            [
              -48.887364174592875,
              -27.065739588833356
            ],
            [
              -48.88337827529377,
              -27.048715404768064
            ],
            [
              -48.86965308782132,
              -27.038758197560433
            ],
            [
              -48.854845570778664,
              -27.02920179603571
            ],
            [
              -48.84382530813582,
              -27.01744169190928
            ],
            [
              -48.83335213107986,
              -27.006581719543302
            ],
            [
              -48.82163282838664,
              -26.99193702787558
            ],
            [
              -48.81002905957017,
              -26.977217519006235
            ],
            [
              -48.79698285678401,
              -26.963231949030664
            ],
            [
              -48.78299481075914,
              -26.950372921629352
            ],
            [
              -48.76822293445961,
              -26.944046773333007
            ],
            [
              -48.752958711152786,
              -26.9276326281297
            ],
            [
              -48.740528686402726,
              -26.93074506519152
            ],
            [
              -48.73343342194266,
              -26.934357991112723
            ],
            [
              -48.72172320935087,
              -26.93534963850411
            ],
            [
              -48.70948551080123,
              -26.929469260123604
            ],
            [
              -48.69770267555959,
              -26.93305676249661
            ],
            [
              -48.69188008319252,
              -26.923702825363794
            ],
            [
              -48.688600292486335,
              -26.91987366766458
            ],
            [
              -48.68588968033218,
              -26.90569123903611
            ],
            [
              -48.68266690996327,
              -26.892925223770547
            ],
            [
              -48.64330389316912,
              -26.912062223770548
            ],
            [
              -48.64350210683088,
              -26.912425776229455
            ],
            [
              -48.682865090036735,
              -26.893288776229454
            ],
            [
              -48.68536283453907,
              -26.9057974476096
            ],
            [
              -48.68709874105041,
              -26.920079238394262
            ],
            [
              -48.68981212117192,
              -26.92495249229717
            ],
            [
              -48.69466642852872,
              -26.934568136926725
            ],
            [
              -48.710196282573584,
              -26.932827007599542
            ],
            [
              -48.7193258271435,
              -26.939069202591707
            ],
            [
              -48.73352974850032,
              -26.939520020765617
            ],
            [
              -48.74305406447048,
              -26.93634501997168
            ],
            [
              -48.754540716798175,
              -26.934395584863033
            ],
            [
              -48.76165595533171,
              -26.94828168976542
            ],
            [
              -48.779385917103205,
              -26.9571944689609
            ],
            [
              -48.79473739484524,
              -26.965992850409027
            ],
            [
              -48.8084015481265,
              -26.97867818703802
            ],
            [
              -48.82129117161335,
              -26.992202972124417
            ],
            [
              -48.83299786892013,
              -27.006834280456697
            ],
            [
              -48.843498691864184,
              -27.017722308090722
            ],
            [
              -48.85451442922134,
              -27.029478203964292
            ],
            [
              -48.869406912178675,
              -27.039097802439564
            ],
            [
              -48.88311172470623,
              -27.049042595231935
            ],
            [
              -48.88692182540713,
              -27.065830411166647
            ],
            [
              -48.90096995394407,
              -27.078696275173215
            ],
            [
              -48.907256,
              -27.090458
            ],
            [
              -48.918501,
              -27.101548
            ],
            [
              -48.934826,
              -27.100458
            ],
            [
              -48.94222,
              -27.114813
            ],
            [
              -48.93764,
              -27.125945
            ],
            [
              -48.950028,
              -27.137113
            ],
            [
              -48.960098,
              -27.128589
            ],
            [
              -48.968129,
              -27.139228
            ],
            [
              -48.97698,
              -27.146192
            ],
            [
              -48.988324,
              -27.143163
            ],
            [
              -49.002254,
              -27.144148
            ],
            [
              -49.0189,
              -27.144004
            ],
            [
              -49.018104,
              -27.155565
            ],
            [
              -49.020961,
              -27.161385
            ],
            [
              -49.009175,
              -27.171366
            ],
            [
              -49.023969,
              -27.173743
            ],
            [
              -49.029489,
              -27.188164
            ],
            [
              -49.02882,
              -27.20118
            ],
            [
              -49.041662,
              -27.195993
            ],
            [
              -49.049085,
              -27.188577
            ],
            [
              -49.057141,
              -27.189659
            ],
            [
              -49.070812,
              -27.191238
            ],
            [
              -49.081437,
              -27.195634
            ],
            [
              -49.089826,
              -27.192315
            ],
            [
              -49.098988,
              -27.186266
            ],
            [
              -49.107287,
              -27.190854
            ],
            [
              -49.113196,
              -27.185519
            ],
            [
              -49.127067,
              -27.185668
            ],
            [
              -49.13178,
              -27.196286
            ],
            [
              -49.145821,
              -27.201979
            ],
            [
              -49.15962,
              -27.207419
            ],
            [
              -49.177862,
              -27.203756
            ],
            [
              -49.188583,
              -27.199846
            ],
            [
              -49.197869,
              -27.207077
            ],
            [
              -49.208826,
              -27.214095
            ],
            [
              -49.213935,
              -27.228775
            ],
            [
              -49.227169,
              -27.232291
            ],
            [
              -49.238816,
              -27.236076
            ],
            [
              -49.251599,
              -27.240798
            ],
            [
              -49.264086,
              -27.248166
            ],
            [
              -49.275717,
              -27.247138
            ],
            [
              -49.282338,
              -27.255794
            ],
            [
              -49.29734,
              -27.258286
            ],
            [
              -49.300787,
              -27.26551
            ],
            [
              -49.306517,
              -27.272471
            ],
            [
              -49.311249,
              -27.283406
            ],
            [
              -49.314099,
              -27.290865
            ],
            [
              -49.314809,
              -27.300662
            ],
            [
              -49.315396,
              -27.310237
            ],
            [
              -49.320496,
              -27.317574
            ],
            [
              -49.322285,
              -27.326855
            ],
            [
              -49.328708,
              -27.334478
            ],
            [
              -49.333905,
              -27.34483
            ],
            [
              -49.340085,
              -27.357628
            ],
            [
              -49.351799,
              -27.368674
            ],
            [
              -49.355735,
              -27.383257
            ],
            [
              -49.362184,
              -27.394553
            ],
            [
              -49.362184,
              -27.394553
            ]
          ]
        ]
      },
      "properties": {
        "river": "mirim",
        "max_stage_m": 24.5,
        "min_stage_m": 4.199999999999999,
        "event": "2023",
        "river_name": "Rio Itaja\u00ed-mirim",
        "fill_color": "#00f0ff"
      }
    },
    {
      "type": "Feature",
      "geometry": {
        "type": "Polygon",
        "coordinates": [
          [
            [
              -48.96445207557078,
              -26.6964762386605
            ],
            [
              -48.96186282263919,
              -26.697749411249536
            ],
            [
              -48.95972153210441,
              -26.69848476840958
            ],
            [
              -48.95114831352609,
              -26.69918039019498
            ],
            [
              -48.94014400174012,
              -26.707184799357854
            ],
            [
              -48.938686572274804,
              -26.71157567096544
            ],
            [
              -48.94291172073237,
              -26.708546540117055
            ],
            [
              -48.94171790927905,
              -26.709671618247675
            ],
            [
              -48.94287710307511,
              -26.7107809011642
            ],
            [
              -48.929874384336095,
              -26.712234714034857
            ],
            [
              -48.930932332619285,
              -26.712642057028383
            ],
            [
              -48.93608276785895,
              -26.715109113716192
            ],
            [
              -48.932839971423775,
              -26.71306386227439
            ],
            [
              -48.93252992845553,
              -26.71344774815812
            ],
            [
              -48.929503434535604,
              -26.710064176021778
            ],
            [
              -48.92316771123921,
              -26.70546993187895
            ],
            [
              -48.90777900622622,
              -26.704694060320584
            ],
            [
              -48.911351276828746,
              -26.705210935594646
            ],
            [
              -48.898440286509185,
              -26.707945879374037
            ],
            [
              -48.89732921213627,
              -26.709573072521223
            ],
            [
              -48.89283743308805,
              -26.71233942689626
            ],
            [
              -48.893720751058304,
              -26.713097006577723
            ],
            [
              -48.89466233782203,
              -26.71370680463779
            ],
            [
              -48.891127318023855,
              -26.713299505725946
            ],
            [
              -48.886609730869296,
              -26.712981399760018
            ],
            [
              -48.877285749453286,
              -26.71369570908548
            ],
            [
              -48.871911393635635,
              -26.716044498987603
            ],
            [
              -48.86387544596167,
              -26.723137290200118
            ],
            [
              -48.873845960681656,
              -26.71943100214055
            ],
            [
              -48.87687744463073,
              -26.72208524657192
            ],
            [
              -48.86855806938214,
              -26.7169665592905
            ],
            [
              -48.85538686441113,
              -26.718865915620466
            ],
            [
              -48.86071885226847,
              -26.71928435030715
            ],
            [
              -48.848458748352876,
              -26.720876926149437
            ],
            [
              -48.842094261551836,
              -26.737312152081387
            ],
            [
              -48.84272116679754,
              -26.737237081927596
            ],
            [
              -48.85519500558856,
              -26.72912706447293
            ],
            [
              -48.84563882829634,
              -26.729977558780487
            ],
            [
              -48.839682838417424,
              -26.732920635211013
            ],
            [
              -48.837880168055136,
              -26.734621645815153
            ],
            [
              -48.83669728605716,
              -26.73566311296032
            ],
            [
              -48.829073243464364,
              -26.737241471214894
            ],
            [
              -48.82506323300762,
              -26.73908122351563
            ],
            [
              -48.81578092887489,
              -26.744396646764457
            ],
            [
              -48.81142316877028,
              -26.751981865263105
            ],
            [
              -48.81051085698347,
              -26.758807556867
            ],
            [
              -48.818263115826156,
              -26.75253032202723
            ],
            [
              -48.80903043585035,
              -26.75718161007294
            ],
            [
              -48.811125686920526,
              -26.757740348368863
            ],
            [
              -48.799082529366444,
              -26.76738981910322
            ],
            [
              -48.798240835428786,
              -26.773597373336614
            ],
            [
              -48.79834129321793,
              -26.777012729457876
            ],
            [
              -48.79873565739976,
              -26.7787020869871
            ],
            [
              -48.79807097741314,
              -26.78098582609986
            ],
            [
              -48.79493971751542,
              -26.7845995059391
            ],
            [
              -48.79160954901025,
              -26.788343773221243
            ],
            [
              -48.78847255821366,
              -26.791966163089214
            ],
            [
              -48.78270632970205,
              -26.799869918010156
            ],
            [
              -48.787151659486135,
              -26.815670901648843
            ],
            [
              -48.79285124350244,
              -26.818610654749257
            ],
            [
              -48.79737345905984,
              -26.820313755361926
            ],
            [
              -48.79819311008415,
              -26.819963613917885
            ],
            [
              -48.79833357865563,
              -26.818073073563802
            ],
            [
              -48.79958991486138,
              -26.823350745337624
            ],
            [
              -48.80097960066919,
              -26.828155331890738
            ],
            [
              -48.802350182176305,
              -26.832741301769335
            ],
            [
              -48.80367320348815,
              -26.83733850433568
            ],
            [
              -48.80457407045071,
              -26.839774420380763
            ],
            [
              -48.80962140502832,
              -26.83576940310518
            ],
            [
              -48.81179498415031,
              -26.83658459421066
            ],
            [
              -48.80486448630977,
              -26.837136816547105
            ],
            [
              -48.792731668572536,
              -26.843429355242478
            ],
            [
              -48.78927150130259,
              -26.853230493447665
            ],
            [
              -48.7896922207952,
              -26.857929801135604
            ],
            [
              -48.792232580579444,
              -26.856026063794175
            ],
            [
              -48.78826217753443,
              -26.8624105189516
            ],
            [
              -48.78938753490274,
              -26.8629342025199
            ],
            [
              -48.80138426056871,
              -26.863992742784067
            ],
            [
              -48.78008033267306,
              -26.872369054651326
            ],
            [
              -48.78086396678807,
              -26.876058054651327
            ],
            [
              -48.80206433626043,
              -26.87203906128102
            ],
            [
              -48.80128001049369,
              -26.868350061281017
            ],
            [
              -48.79021367328666,
              -26.880560280981893
            ],
            [
              -48.806057545121,
              -26.875289165608837
            ],
            [
              -48.80925231946063,
              -26.867222376187435
            ],
            [
              -48.809713465805274,
              -26.86745312589721
            ],
            [
              -48.811306097368394,
              -26.856531315984956
            ],
            [
              -48.810854601973006,
              -26.851503668547988
            ],
            [
              -48.81187967863297,
              -26.852479692931528
            ],
            [
              -48.809971300287515,
              -26.855925379850756
            ],
            [
              -48.81303886625645,
              -26.85588586341835
            ],
            [
              -48.82212532317637,
              -26.85155875806094
            ],
            [
              -48.8262203672257,
              -26.838924857304082
            ],
            [
              -48.824553655890064,
              -26.832178778162845
            ],
            [
              -48.82316640286981,
              -26.8273815811212
            ],
            [
              -48.82173264862099,
              -26.822606519022187
            ],
            [
              -48.820404750521604,
              -26.817992076541735
            ],
            [
              -48.819434493136654,
              -26.813698658115204
            ],
            [
              -48.81303028114012,
              -26.805877434658388
            ],
            [
              -48.805115476357486,
              -26.802257567836154
            ],
            [
              -48.800476466405826,
              -26.800514960008055
            ],
            [
              -48.79763809017791,
              -26.79875432032964
            ],
            [
              -48.80368673221374,
              -26.804675349826123
            ],
            [
              -48.80468883969324,
              -26.80478244680009
            ],
            [
              -48.80796384364216,
              -26.801019017459872
            ],
            [
              -48.81114057503605,
              -26.797430264365158
            ],
            [
              -48.81441879115405,
              -26.793666641437653
            ],
            [
              -48.81801790362973,
              -26.787503405203402
            ],
            [
              -48.81975087478386,
              -26.779918713136755
            ],
            [
              -48.819895137889354,
              -26.77371197911971
            ],
            [
              -48.820495445233966,
              -26.77026538767592
            ],
            [
              -48.818060092834045,
              -26.776055318140912
            ],
            [
              -48.82575734389666,
              -26.769458298277907
            ],
            [
              -48.825550206930956,
              -26.770735701131663
            ],
            [
              -48.83214243446443,
              -26.7579728586056
            ],
            [
              -48.832791397824494,
              -26.755095531030566
            ],
            [
              -48.83334244087,
              -26.75570351462137
            ],
            [
              -48.83347486251612,
              -26.756895485811445
            ],
            [
              -48.83802738446051,
              -26.754843545757723
            ],
            [
              -48.84028463492905,
              -26.754728997800516
            ],
            [
              -48.84679286383965,
              -26.752240403477124
            ],
            [
              -48.85233338482583,
              -26.74860936270628
            ],
            [
              -48.85499639925365,
              -26.747411226393954
            ],
            [
              -48.854433182844446,
              -26.74844823859986
            ],
            [
              -48.86392871959265,
              -26.733359813455767
            ],
            [
              -48.86023359262798,
              -26.72676180559816
            ],
            [
              -48.861289048531376,
              -26.73644790179463
            ],
            [
              -48.85899134907088,
              -26.738555834933674
            ],
            [
              -48.87008461376834,
              -26.733058843975453
            ],
            [
              -48.86437458747151,
              -26.735935192416218
            ],
            [
              -48.8620222117927,
              -26.736147114968468
            ],
            [
              -48.873220328229266,
              -26.738756074803277
            ],
            [
              -48.884173211339636,
              -26.72985316512998
            ],
            [
              -48.882903051077164,
              -26.732699454275714
            ],
            [
              -48.88586653444958,
              -26.731444781487646
            ],
            [
              -48.88602990131063,
              -26.73230761113447
            ],
            [
              -48.88953314943331,
              -26.732580148320128
            ],
            [
              -48.89207947728977,
              -26.732901816306974
            ],
            [
              -48.899201354422985,
              -26.73180014478031
            ],
            [
              -48.906275132478186,
              -26.727495468689348
            ],
            [
              -48.90864257265221,
              -26.726054921523343
            ],
            [
              -48.913509637454425,
              -26.7218231873294
            ],
            [
              -48.91066077475151,
              -26.724534243699807
            ],
            [
              -48.92021940625562,
              -26.720514308905017
            ],
            [
              -48.91479021347433,
              -26.723296087587794
            ],
            [
              -48.91512837039299,
              -26.724517480813287
            ],
            [
              -48.91557170870055,
              -26.725461416293705
            ],
            [
              -48.92171907990055,
              -26.729650078121388
            ],
            [
              -48.92444052377132,
              -26.731407520623353
            ],
            [
              -48.93716608739709,
              -26.73115606458108
            ],
            [
              -48.94332351800144,
              -26.727382651623486
            ],
            [
              -48.93956879082085,
              -26.729886883782655
            ],
            [
              -48.94899215836112,
              -26.727880218096566
            ],
            [
              -48.95421277770542,
              -26.725035066609294
            ],
            [
              -48.959528520483765,
              -26.716787995635805
            ],
            [
              -48.9606921334236,
              -26.713255101494
            ],
            [
              -48.95905884733338,
              -26.71717581127714
            ],
            [
              -48.95966192530244,
              -26.717817844317512
            ],
            [
              -48.9663243905297,
              -26.716667284699213
            ],
            [
              -48.97246324789614,
              -26.714436029493022
            ],
            [
              -48.96445207557078,
              -26.6964762386605
            ]
          ]
        ]
      },
      "properties": {
        "river": "luis_alves",
        "max_stage_m": 113.394,
        "min_stage_m": 9.294,
        "event": "2023",
        "river_name": "Rio Lu\u00eds Alves",
        "fill_color": "#00f0ff"
      }
    },
    {
      "type": "Feature",
      "geometry": {
        "type": "Polygon",
        "coordinates": [
          [
            [
              -49.792,
              -27.3
            ],
            [
              -49.792,
              -27.3
            ],
            [
              -49.792,
              -27.3
            ],
            [
              -49.792,
              -27.3
            ],
            [
              -49.792,
              -27.3
            ],
            [
              -49.792,
              -27.3
            ],
            [
              -49.792,
              -27.3
            ],
            [
              -49.792,
              -27.3
            ],
            [
              -49.792,
              -27.3
            ],
            [
              -49.792,
              -27.3
            ],
            [
              -49.792,
              -27.3
            ],
            [
              -49.792,
              -27.3
            ],
            [
              -49.792,
              -27.3
            ],
            [
              -49.792,
              -27.3
            ],
            [
              -49.792,
              -27.3
            ],
            [
              -49.792,
              -27.3
            ],
            [
              -49.792,
              -27.3
            ],
            [
              -49.792,
              -27.3
            ],
            [
              -49.792,
              -27.3
            ],
            [
              -49.792,
              -27.3
            ],
            [
              -49.792,
              -27.3
            ],
            [
              -49.792,
              -27.3
            ],
            [
              -49.792,
              -27.3
            ],
            [
              -49.792,
              -27.3
            ],
            [
              -49.792,
              -27.3
            ],
            [
              -49.792,
              -27.3
            ],
            [
              -49.792,
              -27.3
            ],
            [
              -49.792,
              -27.3
            ],
            [
              -49.792,
              -27.3
            ],
            [
              -49.792,
              -27.3
            ],
            [
              -49.792,
              -27.3
            ],
            [
              -49.792,
              -27.3
            ],
            [
              -49.792,
              -27.3
            ],
            [
              -49.792,
              -27.3
            ],
            [
              -49.792,
              -27.3
            ],
            [
              -49.792,
              -27.3
            ],
            [
              -49.792,
              -27.3
            ],
            [
              -49.792,
              -27.3
            ],
            [
              -49.792,
              -27.3
            ],
            [
              -49.792,
              -27.3
            ],
            [
              -49.792,
              -27.3
            ],
            [
              -49.792,
              -27.3
            ],
            [
              -49.792,
              -27.3
            ],
            [
              -49.792,
              -27.3
            ],
            [
              -49.792,
              -27.3
            ],
            [
              -49.792,
              -27.3
            ],
            [
              -49.792,
              -27.3
            ],
            [
              -49.792,
              -27.3
            ],
            [
              -49.792,
              -27.3
            ],
            [
              -49.792,
              -27.3
            ],
            [
              -49.792,
              -27.3
            ],
            [
              -49.792,
              -27.3
            ],
            [
              -49.792,
              -27.3
            ],
            [
              -49.792,
              -27.3
            ],
            [
              -49.792,
              -27.3
            ],
            [
              -49.792,
              -27.3
            ],
            [
              -49.792,
              -27.3
            ],
            [
              -49.792,
              -27.3
            ],
            [
              -49.792,
              -27.3
            ],
            [
              -49.792,
              -27.3
            ],
            [
              -49.792,
              -27.3
            ],
            [
              -49.792,
              -27.3
            ],
            [
              -49.792,
              -27.3
            ],
            [
              -49.792,
              -27.3
            ],
            [
              -49.792,
              -27.3
            ],
            [
              -49.792,
              -27.3
            ],
            [
              -49.792,
              -27.3
            ],
            [
              -49.792,
              -27.3
            ],
            [
              -49.792,
              -27.3
            ],
            [
              -49.792,
              -27.3
            ],
            [
              -49.792,
              -27.3
            ],
            [
              -49.792,
              -27.3
            ],
            [
              -49.792,
              -27.3
            ],
            [
              -49.792,
              -27.3
            ],
            [
              -49.792,
              -27.3
            ],
            [
              -49.792,
              -27.3
            ],
            [
              -49.792,
              -27.3
            ],
            [
              -49.792,
              -27.3
            ],
            [
              -49.792,
              -27.3
            ],
            [
              -49.792,
              -27.3
            ],
            [
              -49.792,
              -27.3
            ],
            [
              -49.792,
              -27.3
            ],
            [
              -49.792,
              -27.3
            ],
            [
              -49.792,
              -27.3
            ],
            [
              -49.792,
              -27.3
            ],
            [
              -49.792,
              -27.3
            ],
            [
              -49.792,
              -27.3
            ],
            [
              -49.792,
              -27.3
            ],
            [
              -49.792,
              -27.3
            ],
            [
              -49.792,
              -27.3
            ],
            [
              -49.792,
              -27.3
            ],
            [
              -49.792,
              -27.3
            ],
            [
              -49.792,
              -27.3
            ],
            [
              -49.792,
              -27.3
            ],
            [
              -49.792,
              -27.3
            ],
            [
              -49.792,
              -27.3
            ],
            [
              -49.792,
              -27.3
            ],
            [
              -49.792,
              -27.3
            ],
            [
              -49.792,
              -27.3
            ],
            [
              -49.792,
              -27.3
            ],
            [
              -49.792,
              -27.3
            ],
            [
              -49.792,
              -27.3
            ],
            [
              -49.792,
              -27.3
            ],
            [
              -49.792,
              -27.3
            ],
            [
              -49.792,
              -27.3
            ],
            [
              -49.792,
              -27.3
            ],
            [
              -49.792,
              -27.3
            ],
            [
              -49.792,
              -27.3
            ],
            [
              -49.792,
              -27.3
            ],
            [
              -49.792,
              -27.3
            ],
            [
              -49.792,
              -27.3
            ],
            [
              -49.792,
              -27.3
            ],
            [
              -49.792,
              -27.3
            ],
            [
              -49.792,
              -27.3
            ],
            [
              -49.792,
              -27.3
            ],
            [
              -49.792,
              -27.3
            ],
            [
              -49.792,
              -27.3
            ],
            [
              -49.792,
              -27.3
            ],
            [
              -49.792,
              -27.3
            ],
            [
              -49.792,
              -27.3
            ],
            [
              -49.792,
              -27.3
            ],
            [
              -49.792,
              -27.3
            ],
            [
              -49.792,
              -27.3
            ],
            [
              -49.792,
              -27.3
            ],
            [
              -49.792,
              -27.3
            ],
            [
              -49.792,
              -27.3
            ],
            [
              -49.792,
              -27.3
            ],
            [
              -49.792,
              -27.3
            ],
            [
              -49.792,
              -27.3
            ],
            [
              -49.792,
              -27.3
            ],
            [
              -49.792,
              -27.3
            ],
            [
              -49.792,
              -27.3
            ],
            [
              -49.792,
              -27.3
            ],
            [
              -49.792,
              -27.3
            ],
            [
              -49.792,
              -27.3
            ],
            [
              -49.792,
              -27.3
            ],
            [
              -49.792,
              -27.3
            ],
            [
              -49.792,
              -27.3
            ],
            [
              -49.792,
              -27.3
            ],
            [
              -49.792,
              -27.3
            ],
            [
              -49.792,
              -27.3
            ],
            [
              -49.792,
              -27.3
            ],
            [
              -49.792,
              -27.3
            ],
            [
              -49.792,
              -27.3
            ],
            [
              -49.792,
              -27.3
            ],
            [
              -49.792,
              -27.3
            ],
            [
              -49.792,
              -27.3
            ],
            [
              -49.792,
              -27.3
            ],
            [
              -49.792,
              -27.3
            ],
            [
              -49.792,
              -27.3
            ],
            [
              -49.792,
              -27.3
            ],
            [
              -49.792,
              -27.3
            ],
            [
              -49.792,
              -27.3
            ],
            [
              -49.792,
              -27.3
            ],
            [
              -49.792,
              -27.3
            ],
            [
              -49.792,
              -27.3
            ],
            [
              -49.792,
              -27.3
            ],
            [
              -49.792,
              -27.3
            ],
            [
              -49.792,
              -27.3
            ],
            [
              -49.792,
              -27.3
            ],
            [
              -49.792,
              -27.3
            ]
          ]
        ]
      },
      "properties": {
        "river": "trombudo",
        "max_stage_m": 439.225,
        "min_stage_m": 339.225,
        "event": "2023",
        "river_name": "Rio Trombudo",
        "fill_color": "#00f0ff"
      }
    },
    {
      "type": "Feature",
      "geometry": {
        "type": "Polygon",
        "coordinates": [
          [
            [
              -50.075,
              -27.195
            ],
            [
              -50.075,
              -27.195
            ],
            [
              -50.075,
              -27.195
            ],
            [
              -50.075,
              -27.195
            ],
            [
              -50.075,
              -27.195
            ],
            [
              -50.075,
              -27.195
            ],
            [
              -50.075,
              -27.195
            ],
            [
              -50.075,
              -27.195
            ],
            [
              -50.075,
              -27.195
            ],
            [
              -50.075,
              -27.195
            ],
            [
              -50.075,
              -27.195
            ],
            [
              -50.075,
              -27.195
            ],
            [
              -50.075,
              -27.195
            ],
            [
              -50.075,
              -27.195
            ],
            [
              -50.075,
              -27.195
            ],
            [
              -50.075,
              -27.195
            ],
            [
              -50.075,
              -27.195
            ],
            [
              -50.075,
              -27.195
            ],
            [
              -50.075,
              -27.195
            ],
            [
              -50.075,
              -27.195
            ],
            [
              -50.075,
              -27.195
            ],
            [
              -50.075,
              -27.195
            ],
            [
              -50.075,
              -27.195
            ],
            [
              -50.075,
              -27.195
            ],
            [
              -50.075,
              -27.195
            ],
            [
              -50.075,
              -27.195
            ],
            [
              -50.075,
              -27.195
            ],
            [
              -50.075,
              -27.195
            ],
            [
              -50.075,
              -27.195
            ],
            [
              -50.075,
              -27.195
            ],
            [
              -50.075,
              -27.195
            ],
            [
              -50.075,
              -27.195
            ],
            [
              -50.075,
              -27.195
            ],
            [
              -50.075,
              -27.195
            ],
            [
              -50.075,
              -27.195
            ],
            [
              -50.075,
              -27.195
            ],
            [
              -50.075,
              -27.195
            ],
            [
              -50.075,
              -27.195
            ],
            [
              -50.075,
              -27.195
            ],
            [
              -50.075,
              -27.195
            ],
            [
              -50.075,
              -27.195
            ],
            [
              -50.075,
              -27.195
            ],
            [
              -50.075,
              -27.195
            ],
            [
              -50.075,
              -27.195
            ],
            [
              -50.075,
              -27.195
            ],
            [
              -50.075,
              -27.195
            ],
            [
              -50.075,
              -27.195
            ],
            [
              -50.075,
              -27.195
            ],
            [
              -50.075,
              -27.195
            ],
            [
              -50.075,
              -27.195
            ],
            [
              -50.075,
              -27.195
            ],
            [
              -50.075,
              -27.195
            ],
            [
              -50.075,
              -27.195
            ],
            [
              -50.075,
              -27.195
            ],
            [
              -50.075,
              -27.195
            ],
            [
              -50.075,
              -27.195
            ],
            [
              -50.075,
              -27.195
            ],
            [
              -50.075,
              -27.195
            ],
            [
              -50.075,
              -27.195
            ],
            [
              -50.075,
              -27.195
            ],
            [
              -50.075,
              -27.195
            ],
            [
              -50.075,
              -27.195
            ],
            [
              -50.075,
              -27.195
            ],
            [
              -50.075,
              -27.195
            ],
            [
              -50.075,
              -27.195
            ],
            [
              -50.075,
              -27.195
            ],
            [
              -50.075,
              -27.195
            ],
            [
              -50.075,
              -27.195
            ],
            [
              -50.075,
              -27.195
            ],
            [
              -50.075,
              -27.195
            ],
            [
              -50.075,
              -27.195
            ],
            [
              -50.075,
              -27.195
            ],
            [
              -50.075,
              -27.195
            ],
            [
              -50.075,
              -27.195
            ],
            [
              -50.075,
              -27.195
            ],
            [
              -50.075,
              -27.195
            ],
            [
              -50.075,
              -27.195
            ],
            [
              -50.075,
              -27.195
            ],
            [
              -50.075,
              -27.195
            ],
            [
              -50.075,
              -27.195
            ],
            [
              -50.075,
              -27.195
            ],
            [
              -50.075,
              -27.195
            ],
            [
              -50.075,
              -27.195
            ],
            [
              -50.075,
              -27.195
            ],
            [
              -50.075,
              -27.195
            ],
            [
              -50.075,
              -27.195
            ],
            [
              -50.075,
              -27.195
            ],
            [
              -50.075,
              -27.195
            ],
            [
              -50.075,
              -27.195
            ],
            [
              -50.075,
              -27.195
            ],
            [
              -50.075,
              -27.195
            ],
            [
              -50.075,
              -27.195
            ],
            [
              -50.075,
              -27.195
            ],
            [
              -50.075,
              -27.195
            ],
            [
              -50.075,
              -27.195
            ],
            [
              -50.075,
              -27.195
            ],
            [
              -50.075,
              -27.195
            ],
            [
              -50.075,
              -27.195
            ],
            [
              -50.075,
              -27.195
            ],
            [
              -50.075,
              -27.195
            ],
            [
              -50.075,
              -27.195
            ],
            [
              -50.075,
              -27.195
            ],
            [
              -50.075,
              -27.195
            ],
            [
              -50.075,
              -27.195
            ],
            [
              -50.075,
              -27.195
            ],
            [
              -50.075,
              -27.195
            ],
            [
              -50.075,
              -27.195
            ],
            [
              -50.075,
              -27.195
            ],
            [
              -50.075,
              -27.195
            ],
            [
              -50.075,
              -27.195
            ],
            [
              -50.075,
              -27.195
            ],
            [
              -50.075,
              -27.195
            ],
            [
              -50.075,
              -27.195
            ],
            [
              -50.075,
              -27.195
            ],
            [
              -50.075,
              -27.195
            ],
            [
              -50.075,
              -27.195
            ],
            [
              -50.075,
              -27.195
            ],
            [
              -50.075,
              -27.195
            ],
            [
              -50.075,
              -27.195
            ],
            [
              -50.075,
              -27.195
            ],
            [
              -50.075,
              -27.195
            ],
            [
              -50.075,
              -27.195
            ],
            [
              -50.075,
              -27.195
            ],
            [
              -50.075,
              -27.195
            ],
            [
              -50.075,
              -27.195
            ],
            [
              -50.075,
              -27.195
            ],
            [
              -50.075,
              -27.195
            ],
            [
              -50.075,
              -27.195
            ],
            [
              -50.075,
              -27.195
            ],
            [
              -50.075,
              -27.195
            ],
            [
              -50.075,
              -27.195
            ],
            [
              -50.075,
              -27.195
            ],
            [
              -50.075,
              -27.195
            ],
            [
              -50.075,
              -27.195
            ],
            [
              -50.075,
              -27.195
            ],
            [
              -50.075,
              -27.195
            ],
            [
              -50.075,
              -27.195
            ],
            [
              -50.075,
              -27.195
            ],
            [
              -50.075,
              -27.195
            ],
            [
              -50.075,
              -27.195
            ],
            [
              -50.075,
              -27.195
            ],
            [
              -50.075,
              -27.195
            ],
            [
              -50.075,
              -27.195
            ],
            [
              -50.075,
              -27.195
            ],
            [
              -50.075,
              -27.195
            ],
            [
              -50.075,
              -27.195
            ],
            [
              -50.075,
              -27.195
            ],
            [
              -50.075,
              -27.195
            ],
            [
              -50.075,
              -27.195
            ],
            [
              -50.075,
              -27.195
            ],
            [
              -50.075,
              -27.195
            ],
            [
              -50.075,
              -27.195
            ],
            [
              -50.075,
              -27.195
            ],
            [
              -50.075,
              -27.195
            ],
            [
              -50.075,
              -27.195
            ],
            [
              -50.075,
              -27.195
            ],
            [
              -50.075,
              -27.195
            ],
            [
              -50.075,
              -27.195
            ],
            [
              -50.075,
              -27.195
            ],
            [
              -50.075,
              -27.195
            ],
            [
              -50.075,
              -27.195
            ]
          ]
        ]
      },
      "properties": {
        "river": "mirim_doce",
        "max_stage_m": 569.225,
        "min_stage_m": 364.225,
        "event": "2023",
        "river_name": "Rio Mirim Doce",
        "fill_color": "#00f0ff"
      }
    },
    {
      "type": "Feature",
      "geometry": {
        "type": "Polygon",
        "coordinates": [
          [
            [
              -49.705,
              -27.535
            ],
            [
              -49.705,
              -27.535
            ],
            [
              -49.705,
              -27.535
            ],
            [
              -49.705,
              -27.535
            ],
            [
              -49.705,
              -27.535
            ],
            [
              -49.705,
              -27.535
            ],
            [
              -49.705,
              -27.535
            ],
            [
              -49.705,
              -27.535
            ],
            [
              -49.705,
              -27.535
            ],
            [
              -49.705,
              -27.535
            ],
            [
              -49.705,
              -27.535
            ],
            [
              -49.705,
              -27.535
            ],
            [
              -49.705,
              -27.535
            ],
            [
              -49.705,
              -27.535
            ],
            [
              -49.705,
              -27.535
            ],
            [
              -49.705,
              -27.535
            ],
            [
              -49.705,
              -27.535
            ],
            [
              -49.705,
              -27.535
            ],
            [
              -49.705,
              -27.535
            ],
            [
              -49.705,
              -27.535
            ],
            [
              -49.705,
              -27.535
            ],
            [
              -49.705,
              -27.535
            ],
            [
              -49.705,
              -27.535
            ],
            [
              -49.705,
              -27.535
            ],
            [
              -49.705,
              -27.535
            ],
            [
              -49.705,
              -27.535
            ],
            [
              -49.705,
              -27.535
            ],
            [
              -49.705,
              -27.535
            ],
            [
              -49.705,
              -27.535
            ],
            [
              -49.705,
              -27.535
            ],
            [
              -49.705,
              -27.535
            ],
            [
              -49.705,
              -27.535
            ],
            [
              -49.705,
              -27.535
            ],
            [
              -49.705,
              -27.535
            ],
            [
              -49.705,
              -27.535
            ],
            [
              -49.705,
              -27.535
            ],
            [
              -49.705,
              -27.535
            ],
            [
              -49.705,
              -27.535
            ],
            [
              -49.705,
              -27.535
            ],
            [
              -49.705,
              -27.535
            ],
            [
              -49.705,
              -27.535
            ],
            [
              -49.705,
              -27.535
            ],
            [
              -49.705,
              -27.535
            ],
            [
              -49.705,
              -27.535
            ],
            [
              -49.705,
              -27.535
            ],
            [
              -49.705,
              -27.535
            ],
            [
              -49.705,
              -27.535
            ],
            [
              -49.705,
              -27.535
            ],
            [
              -49.705,
              -27.535
            ],
            [
              -49.705,
              -27.535
            ],
            [
              -49.705,
              -27.535
            ],
            [
              -49.705,
              -27.535
            ],
            [
              -49.705,
              -27.535
            ],
            [
              -49.705,
              -27.535
            ],
            [
              -49.705,
              -27.535
            ],
            [
              -49.705,
              -27.535
            ],
            [
              -49.705,
              -27.535
            ],
            [
              -49.705,
              -27.535
            ],
            [
              -49.705,
              -27.535
            ],
            [
              -49.705,
              -27.535
            ],
            [
              -49.705,
              -27.535
            ],
            [
              -49.705,
              -27.535
            ],
            [
              -49.705,
              -27.535
            ],
            [
              -49.705,
              -27.535
            ],
            [
              -49.705,
              -27.535
            ],
            [
              -49.705,
              -27.535
            ],
            [
              -49.705,
              -27.535
            ],
            [
              -49.705,
              -27.535
            ],
            [
              -49.705,
              -27.535
            ],
            [
              -49.705,
              -27.535
            ],
            [
              -49.705,
              -27.535
            ],
            [
              -49.705,
              -27.535
            ],
            [
              -49.705,
              -27.535
            ],
            [
              -49.705,
              -27.535
            ],
            [
              -49.705,
              -27.535
            ],
            [
              -49.705,
              -27.535
            ],
            [
              -49.705,
              -27.535
            ],
            [
              -49.705,
              -27.535
            ],
            [
              -49.705,
              -27.535
            ],
            [
              -49.705,
              -27.535
            ],
            [
              -49.705,
              -27.535
            ],
            [
              -49.705,
              -27.535
            ],
            [
              -49.705,
              -27.535
            ],
            [
              -49.705,
              -27.535
            ],
            [
              -49.705,
              -27.535
            ],
            [
              -49.705,
              -27.535
            ],
            [
              -49.705,
              -27.535
            ],
            [
              -49.705,
              -27.535
            ],
            [
              -49.705,
              -27.535
            ],
            [
              -49.705,
              -27.535
            ],
            [
              -49.705,
              -27.535
            ],
            [
              -49.705,
              -27.535
            ],
            [
              -49.705,
              -27.535
            ],
            [
              -49.705,
              -27.535
            ],
            [
              -49.705,
              -27.535
            ],
            [
              -49.705,
              -27.535
            ],
            [
              -49.705,
              -27.535
            ],
            [
              -49.705,
              -27.535
            ],
            [
              -49.705,
              -27.535
            ],
            [
              -49.705,
              -27.535
            ],
            [
              -49.705,
              -27.535
            ],
            [
              -49.705,
              -27.535
            ],
            [
              -49.705,
              -27.535
            ],
            [
              -49.705,
              -27.535
            ],
            [
              -49.705,
              -27.535
            ],
            [
              -49.705,
              -27.535
            ],
            [
              -49.705,
              -27.535
            ],
            [
              -49.705,
              -27.535
            ],
            [
              -49.705,
              -27.535
            ],
            [
              -49.705,
              -27.535
            ],
            [
              -49.705,
              -27.535
            ],
            [
              -49.705,
              -27.535
            ],
            [
              -49.705,
              -27.535
            ],
            [
              -49.705,
              -27.535
            ],
            [
              -49.705,
              -27.535
            ],
            [
              -49.705,
              -27.535
            ],
            [
              -49.705,
              -27.535
            ],
            [
              -49.705,
              -27.535
            ],
            [
              -49.705,
              -27.535
            ],
            [
              -49.705,
              -27.535
            ],
            [
              -49.705,
              -27.535
            ],
            [
              -49.705,
              -27.535
            ],
            [
              -49.705,
              -27.535
            ],
            [
              -49.705,
              -27.535
            ],
            [
              -49.705,
              -27.535
            ],
            [
              -49.705,
              -27.535
            ],
            [
              -49.705,
              -27.535
            ],
            [
              -49.705,
              -27.535
            ],
            [
              -49.705,
              -27.535
            ],
            [
              -49.705,
              -27.535
            ],
            [
              -49.705,
              -27.535
            ],
            [
              -49.705,
              -27.535
            ],
            [
              -49.705,
              -27.535
            ],
            [
              -49.705,
              -27.535
            ],
            [
              -49.705,
              -27.535
            ],
            [
              -49.705,
              -27.535
            ],
            [
              -49.705,
              -27.535
            ],
            [
              -49.705,
              -27.535
            ],
            [
              -49.705,
              -27.535
            ],
            [
              -49.705,
              -27.535
            ],
            [
              -49.705,
              -27.535
            ],
            [
              -49.705,
              -27.535
            ],
            [
              -49.705,
              -27.535
            ],
            [
              -49.705,
              -27.535
            ],
            [
              -49.705,
              -27.535
            ],
            [
              -49.705,
              -27.535
            ],
            [
              -49.705,
              -27.535
            ],
            [
              -49.705,
              -27.535
            ],
            [
              -49.705,
              -27.535
            ],
            [
              -49.705,
              -27.535
            ],
            [
              -49.705,
              -27.535
            ],
            [
              -49.705,
              -27.535
            ],
            [
              -49.705,
              -27.535
            ],
            [
              -49.705,
              -27.535
            ],
            [
              -49.705,
              -27.535
            ],
            [
              -49.705,
              -27.535
            ],
            [
              -49.705,
              -27.535
            ],
            [
              -49.705,
              -27.535
            ],
            [
              -49.705,
              -27.535
            ],
            [
              -49.705,
              -27.535
            ],
            [
              -49.705,
              -27.535
            ]
          ]
        ]
      },
      "properties": {
        "river": "perimbo",
        "max_stage_m": 469.225,
        "min_stage_m": 389.225,
        "event": "2023",
        "river_name": "Rio Perimb\u00f3",
        "fill_color": "#00f0ff"
      }
    }
  ]
}