{
  "type": "FeatureCollection",
  "features": [
    {
      "type": "Feature",
      "id": 42370,
      "geometry": {
        "type": "LineString",
        "coordinates": [
          [
            -48.99480729999999,
            -27.145466799233358
          ],
          [
            -48.994639800000016,
            -27.145414399233346
          ],
          [
            -48.99458290000001,
            -27.145397699233353
          ],
          [
            -48.99452120000001,
            -27.145382199233328
          ],
          [
            -48.994488199999985,
            -27.145375099233373
          ],
          [
            -48.99445350000002,
            -27.145368599233336
          ],
          [
            -48.99441710000002,
            -27.145362799233347
          ],
          [
            -48.994379200000026,
            -27.14535779923336
          ],
          [
            -48.99434000000002,
            -27.145353499233348
          ],
          [
            -48.99429989999999,
            -27.145349899233338
          ],
          [
            -48.99425919999999,
            -27.145347099233337
          ],
          [
            -48.99421810000001,
            -27.145345099233342
          ],
          [
            -48.99417699999998,
            -27.14534379923334
          ],
          [
            -48.994136200000014,
            -27.145343299233332
          ],
          [
            -48.99409589999999,
            -27.145343499233377
          ],
          [
            -48.99405569999998,
            -27.145344499233378
          ],
          [
            -48.99401519999998,
            -27.145346399233354
          ],
          [
            -48.99397399999998,
            -27.145349099233332
          ],
          [
            -48.993931799999984,
            -27.14535269923334
          ],
          [
            -48.99388800000003,
            -27.145357199233324
          ],
          [
            -48.99384229999998,
            -27.14536269923338
          ],
          [
            -48.993743499999994,
            -27.145376499233354
          ],
          [
            -48.99363549999999,
            -27.145393999233363
          ],
          [
            -48.993521699999974,
            -27.145414299233376
          ],
          [
            -48.99340590000003,
            -27.14543649923338
          ],
          [
            -48.99329139999998,
            -27.145459999233363
          ],
          [
            -48.99317980000001,
            -27.145484699233354
          ],
          [
            -48.99312479999998,
            -27.14549759923334
          ],
          [
            -48.99301630000002,
            -27.14552499923338
          ],
          [
            -48.9929626,
            -27.14553969923332
          ],
          [
            -48.992909000000004,
            -27.14555519923334
          ],
          [
            -48.99285570000001,
            -27.145571399233347
          ],
          [
            -48.992802900000015,
            -27.14558829923333
          ],
          [
            -48.99275110000002,
            -27.145605599233352
          ],
          [
            -48.99265200000002,
            -27.145640999233372
          ],
          [
            -48.99260559999999,
            -27.14565869923337
          ],
          [
            -48.99256179999997,
            -27.14567619923338
          ],
          [
            -48.99252100000001,
            -27.14569319923333
          ],
          [
            -48.992483600000014,
            -27.145709699233347
          ],
          [
            -48.99244920000001,
            -27.145725799233325
          ],
          [
            -48.99241719999998,
            -27.14574149923333
          ],
          [
            -48.992387199999996,
            -27.145757099233375
          ],
          [
            -48.99235859999999,
            -27.145772699233362
          ],
          [
            -48.99227350000001,
            -27.14582319923334
          ],
          [
            -48.99219369999997,
            -27.145872399233316
          ],
          [
            -48.9920171,
            -27.14598489923331
          ],
          [
            -48.99195759999998,
            -27.146020899233335
          ],
          [
            -48.99192190000002,
            -27.14604029923332
          ],
          [
            -48.99190470000001,
            -27.14604859923331
          ],
          [
            -48.991887899999995,
            -27.14605599923332
          ],
          [
            -48.9918712,
            -27.146062599233332
          ],
          [
            -48.99185419999998,
            -27.14606849923336
          ],
          [
            -48.991818099999996,
            -27.146078699233314
          ],
          [
            -48.991798500000016,
            -27.14608319923337
          ],
          [
            -48.99175459999998,
            -27.146091899233326
          ],
          [
            -48.991674100000004,
            -27.14610479923334
          ],
          [
            -48.99161049999997,
            -27.146113399233332
          ],
          [
            -48.99150070000002,
            -27.14612599923332
          ],
          [
            -48.991418500000016,
            -27.146133799233308
          ],
          [
            -48.99133019999999,
            -27.14614089923331
          ],
          [
            -48.99123709999998,
            -27.146146599233347
          ],
          [
            -48.991140400000006,
            -27.146150599233334
          ],
          [
            -48.99109110000001,
            -27.14615179923332
          ],
          [
            -48.9909902,
            -27.146152499233363
          ],
          [
            -48.990885400000025,
            -27.146150799233332
          ],
          [
            -48.990775499999984,
            -27.146146799233343
          ],
          [
            -48.99071839999999,
            -27.146143799233347
          ],
          [
            -48.99059959999999,
            -27.14613619923334
          ],
          [
            -48.9902879,
            -27.14611289923333
          ],
          [
            -48.990163100000025,
            -27.14610479923334
          ],
          [
            -48.990042500000015,
            -27.14609829923335
          ],
          [
            -48.98992989999999,
            -27.146093199233338
          ],
          [
            -48.98961800000001,
            -27.14608209923334
          ],
          [
            -48.989545200000016,
            -27.14607889923336
          ],
          [
            -48.98949970000001,
            -27.146075999233332
          ],
          [
            -48.98947679999998,
            -27.146073899233322
          ],
          [
            -48.9894531,
            -27.146070999233352
          ],
          [
            -48.98941800000001,
            -27.146065199233337
          ],
          [
            -48.98940249999998,
            -27.14606229923332
          ],
          [
            -48.98937480000001,
            -27.146056099233345
          ],
          [
            -48.98934509999998,
            -27.146048399233326
          ],
          [
            -48.989313100000004,
            -27.146038999233316
          ],
          [
            -48.989279099999976,
            -27.14602829923335
          ],
          [
            -48.98920709999999,
            -27.146003599233318
          ],
          [
            -48.989132299999994,
            -27.14597629923331
          ],
          [
            -48.98889109999999,
            -27.145886599233336
          ],
          [
            -48.988752799999986,
            -27.145836199233358
          ],
          [
            -48.98865919999997,
            -27.145803399233333
          ],
          [
            -48.988525100000004,
            -27.145758799233356
          ],
          [
            -48.98847619999997,
            -27.145741199233328
          ],
          [
            -48.988422500000006,
            -27.14571969923332
          ],
          [
            -48.98839340000001,
            -27.145707099233324
          ],
          [
            -48.98833150000001,
            -27.14567859923334
          ],
          [
            -48.98826680000002,
            -27.14564649923335
          ],
          [
            -48.98820180000001,
            -27.145612199233366
          ],
          [
            -48.988138900000024,
            -27.145576699233352
          ],
          [
            -48.98807959999999,
            -27.14554079923335
          ],
          [
            -48.98802439999997,
            -27.145504899233337
          ],
          [
            -48.9879737,
            -27.14546929923335
          ],
          [
            -48.98792800000001,
            -27.14543439923335
          ],
          [
            -48.98788769999998,
            -27.145400699233342
          ],
          [
            -48.98785299999997,
            -27.145368799233385
          ],
          [
            -48.9878243,
            -27.145339499233334
          ],
          [
            -48.9878018,
            -27.145313499233342
          ],
          [
            -48.98779280000002,
            -27.145301599233342
          ],
          [
            -48.98778520000002,
            -27.145290299233345
          ],
          [
            -48.98777869999998,
            -27.145279399233356
          ],
          [
            -48.98777339999997,
            -27.145268799233342
          ],
          [
            -48.9877689,
            -27.145258099233335
          ],
          [
            -48.98776240000001,
            -27.145236399233347
          ],
          [
            -48.98775819999997,
            -27.14521319923336
          ],
          [
            -48.98775690000003,
            -27.14520119923333
          ],
          [
            -48.98775569999997,
            -27.145176799233354
          ],
          [
            -48.9877558,
            -27.14516459923334
          ],
          [
            -48.98775740000002,
            -27.14514059923335
          ],
          [
            -48.98776079999998,
            -27.145117699233374
          ],
          [
            -48.98776329999998,
            -27.14510679923337
          ],
          [
            -48.98777000000001,
            -27.14508609923338
          ],
          [
            -48.98777430000002,
            -27.145076299233384
          ],
          [
            -48.98777940000002,
            -27.145066999233343
          ],
          [
            -48.987785299999985,
            -27.14505819923334
          ],
          [
            -48.987792000000006,
            -27.145049699233375
          ],
          [
            -48.987799499999994,
            -27.145041699233346
          ],
          [
            -48.98781700000001,
            -27.14502619923339
          ],
          [
            -48.9878377,
            -27.145010899233355
          ],
          [
            -48.987915100000016,
            -27.144959199233387
          ],
          [
            -48.987940299999984,
            -27.144940199233364
          ],
          [
            -48.98795150000001,
            -27.14493059923337
          ],
          [
            -48.987961299999995,
            -27.144921099233343
          ],
          [
            -48.987969599999985,
            -27.144911699233383
          ],
          [
            -48.98797639999997,
            -27.14490219923335
          ],
          [
            -48.9879818,
            -27.144892699233377
          ],
          [
            -48.9879861,
            -27.144882899233384
          ],
          [
            -48.98798929999998,
            -27.144872899233363
          ],
          [
            -48.98799170000001,
            -27.144862399233375
          ],
          [
            -48.9879947,
            -27.144839899233396
          ],
          [
            -48.98799589999999,
            -27.14481479923337
          ],
          [
            -48.98799589999999,
            -27.144801299233343
          ],
          [
            -48.98799420000001,
            -27.14477199923336
          ],
          [
            -48.98799009999999,
            -27.1447397992334
          ],
          [
            -48.9879871,
            -27.14472269923335
          ],
          [
            -48.987969899999996,
            -27.14464649923339
          ],
          [
            -48.987961799999994,
            -27.144603399233358
          ],
          [
            -48.98795860000002,
            -27.14458039923336
          ],
          [
            -48.987956499999996,
            -27.14455649923339
          ],
          [
            -48.987955500000005,
            -27.14453159923336
          ],
          [
            -48.987955699999986,
            -27.144505999233346
          ],
          [
            -48.98795699999999,
            -27.14447999923337
          ],
          [
            -48.98795949999999,
            -27.144453899233334
          ],
          [
            -48.987963200000024,
            -27.144427899233353
          ],
          [
            -48.9879679,
            -27.144402499233387
          ],
          [
            -48.98797380000002,
            -27.144377799233336
          ],
          [
            -48.98798069999998,
            -27.144354199233383
          ],
          [
            -48.98798870000002,
            -27.144331799233356
          ],
          [
            -48.98799739999998,
            -27.14431079923341
          ],
          [
            -48.988006799999994,
            -27.14429089923336
          ],
          [
            -48.98801650000002,
            -27.1442720992334
          ],
          [
            -48.9880632,
            -27.144189999233355
          ],
          [
            -48.9881034,
            -27.144111399233367
          ],
          [
            -48.988123900000005,
            -27.144073099233395
          ],
          [
            -48.98822389999998,
            -27.14389989923339
          ],
          [
            -48.9882518,
            -27.143848999233366
          ],
          [
            -48.988276499999984,
            -27.14380069923337
          ],
          [
            -48.98829790000002,
            -27.1437542992334
          ],
          [
            -48.98831610000002,
            -27.143709299233404
          ],
          [
            -48.988331200000005,
            -27.143664999233387
          ],
          [
            -48.98833760000002,
            -27.143642899233367
          ],
          [
            -48.98834829999999,
            -27.14359839923336
          ],
          [
            -48.988352599999985,
            -27.143575599233408
          ],
          [
            -48.9883562,
            -27.143552499233387
          ],
          [
            -48.98836160000002,
            -27.14350439923338
          ],
          [
            -48.98836460000001,
            -27.143453599233382
          ],
          [
            -48.988365199999976,
            -27.14340139923341
          ],
          [
            -48.98836349999999,
            -27.143349499233395
          ],
          [
            -48.988361699999984,
            -27.143323999233402
          ],
          [
            -48.988356300000014,
            -27.143275399233396
          ],
          [
            -48.98835250000002,
            -27.143252299233367
          ],
          [
            -48.988347799999985,
            -27.143229999233412
          ],
          [
            -48.98834199999999,
            -27.143208499233406
          ],
          [
            -48.98833480000002,
            -27.14318769923339
          ],
          [
            -48.988326299999976,
            -27.14316759923343
          ],
          [
            -48.98831610000002,
            -27.143148199233384
          ],
          [
            -48.988304099999986,
            -27.143129399233413
          ],
          [
            -48.98829030000002,
            -27.143111099233394
          ],
          [
            -48.98827460000001,
            -27.14309349923343
          ],
          [
            -48.98825740000001,
            -27.14307659923337
          ],
          [
            -48.988238799999976,
            -27.143060299233408
          ],
          [
            -48.98821909999998,
            -27.14304479923338
          ],
          [
            -48.98819839999999,
            -27.14302999923342
          ],
          [
            -48.988176899999985,
            -27.143016099233417
          ],
          [
            -48.98815480000002,
            -27.143002999233417
          ],
          [
            -48.98813230000001,
            -27.142990799233413
          ],
          [
            -48.98810930000001,
            -27.14297919923342
          ],
          [
            -48.9880857,
            -27.142968299233406
          ],
          [
            -48.98803600000002,
            -27.142947499233394
          ],
          [
            -48.98798240000003,
            -27.142926999233378
          ],
          [
            -48.987859300000025,
            -27.142881499233393
          ],
          [
            -48.98782469999998,
            -27.14286769923342
          ],
          [
            -48.98778829999998,
            -27.142852399233387
          ],
          [
            -48.987750000000005,
            -27.142835199233385
          ],
          [
            -48.98770990000003,
            -27.142815999233385
          ],
          [
            -48.98766760000001,
            -27.142794299233405
          ],
          [
            -48.98762340000002,
            -27.142770099233413
          ],
          [
            -48.98757740000002,
            -27.142743499233397
          ],
          [
            -48.98753010000002,
            -27.14271489923339
          ],
          [
            -48.98748189999998,
            -27.142684399233417
          ],
          [
            -48.9874332,
            -27.1426524992334
          ],
          [
            -48.98738450000002,
            -27.142619399233414
          ],
          [
            -48.98733600000003,
            -27.142585399233383
          ],
          [
            -48.98728829999999,
            -27.142550799233383
          ],
          [
            -48.98724170000003,
            -27.142515899233388
          ],
          [
            -48.987196100000006,
            -27.14248069923342
          ],
          [
            -48.98715149999998,
            -27.1424451992334
          ],
          [
            -48.98710790000002,
            -27.142409199233384
          ],
          [
            -48.987064999999966,
            -27.14237279923339
          ],
          [
            -48.9870229,
            -27.142335899233384
          ],
          [
            -48.98698139999999,
            -27.142298599233417
          ],
          [
            -48.986940499999996,
            -27.142260599233403
          ],
          [
            -48.98690019999999,
            -27.14222219923341
          ],
          [
            -48.98682259999998,
            -27.142145399233424
          ],
          [
            -48.98678589999998,
            -27.142107799233436
          ],
          [
            -48.98671890000002,
            -27.142036599233403
          ],
          [
            -48.98666270000001,
            -27.141973399233407
          ],
          [
            -48.9866394,
            -27.141945799233387
          ],
          [
            -48.986601399999984,
            -27.14189769923344
          ],
          [
            -48.9865858,
            -27.14187639923342
          ],
          [
            -48.98655919999999,
            -27.14183749923343
          ],
          [
            -48.98650120000002,
            -27.141745099233408
          ],
          [
            -48.986475799999994,
            -27.14170719923342
          ],
          [
            -48.986462000000024,
            -27.14168809923343
          ],
          [
            -48.986447199999986,
            -27.141668899233448
          ],
          [
            -48.98643129999999,
            -27.14164959923342
          ],
          [
            -48.98641420000001,
            -27.141630299233405
          ],
          [
            -48.98639600000001,
            -27.14161099923344
          ],
          [
            -48.98637689999999,
            -27.14159199923343
          ],
          [
            -48.986336699999974,
            -27.14155499923341
          ],
          [
            -48.98631599999999,
            -27.141537399233425
          ],
          [
            -48.98627449999997,
            -27.141504199233413
          ],
          [
            -48.98625390000001,
            -27.141488999233406
          ],
          [
            -48.98621370000001,
            -27.141460799233432
          ],
          [
            -48.98613710000001,
            -27.14140999923343
          ],
          [
            -48.986101099999985,
            -27.141385299233455
          ],
          [
            -48.986065300000014,
            -27.14135809923342
          ],
          [
            -48.98604660000001,
            -27.14134239923342
          ],
          [
            -48.9860268,
            -27.141324599233453
          ],
          [
            -48.986005499999976,
            -27.14130419923341
          ],
          [
            -48.98598229999999,
            -27.141280699233416
          ],
          [
            -48.985956999999985,
            -27.141253599233455
          ],
          [
            -48.98592919999998,
            -27.141222499233464
          ],
          [
            -48.98589930000003,
            -27.141188099233457
          ],
          [
            -48.98583559999997,
            -27.14111229923341
          ],
          [
            -48.985737900000004,
            -27.140991999233428
          ],
          [
            -48.98559749999998,
            -27.140814899233447
          ],
          [
            -48.98554789999997,
            -27.140755199233443
          ],
          [
            -48.9855235,
            -27.140727399233445
          ],
          [
            -48.985499000000004,
            -27.14070079923344
          ],
          [
            -48.9854742,
            -27.140675399233466
          ],
          [
            -48.985448899999994,
            -27.140650899233474
          ],
          [
            -48.9854229,
            -27.14062719923343
          ],
          [
            -48.9853961,
            -27.14060399923344
          ],
          [
            -48.98536819999999,
            -27.14058119923343
          ],
          [
            -48.985339200000006,
            -27.140558599233465
          ],
          [
            -48.98530879999999,
            -27.140535899233424
          ],
          [
            -48.98524320000001,
            -27.14048969923344
          ],
          [
            -48.98520830000001,
            -27.14046619923344
          ],
          [
            -48.98513639999999,
            -27.140419199233445
          ],
          [
            -48.9849322,
            -27.140290699233436
          ],
          [
            -48.984842800000024,
            -27.140232999233472
          ],
          [
            -48.984781999999996,
            -27.140191799233477
          ],
          [
            -48.98475020000001,
            -27.140169399233443
          ],
          [
            -48.98468200000002,
            -27.140119499233474
          ],
          [
            -48.984646000000005,
            -27.14009199923343
          ],
          [
            -48.984570399999996,
            -27.14003219923347
          ],
          [
            -48.984531100000034,
            -27.139999699233435
          ],
          [
            -48.984491100000014,
            -27.139965699233464
          ],
          [
            -48.984450400000014,
            -27.139929999233456
          ],
          [
            -48.98428469999999,
            -27.13977769923348
          ],
          [
            -48.984195399999976,
            -27.13969499923348
          ],
          [
            -48.984151499999996,
            -27.139655599233485
          ],
          [
            -48.98410719999998,
            -27.13961729923346
          ],
          [
            -48.98406260000002,
            -27.13958009923346
          ],
          [
            -48.98401819999997,
            -27.139544399233444
          ],
          [
            -48.98397410000001,
            -27.139510399233473
          ],
          [
            -48.98393090000002,
            -27.13947809923349
          ],
          [
            -48.983905100000015,
            -27.139459499233453
          ],
          [
            -48.98384820000001,
            -27.13941939923348
          ],
          [
            -48.98380950000001,
            -27.139393399233487
          ],
          [
            -48.983772999999985,
            -27.139369799233467
          ],
          [
            -48.983707700000025,
            -27.139329999233453
          ],
          [
            -48.983651699999996,
            -27.13929889923344
          ],
          [
            -48.983626800000025,
            -27.139286199233492
          ],
          [
            -48.98358280000002,
            -27.139265499233503
          ],
          [
            -48.983563300000014,
            -27.139257199233445
          ],
          [
            -48.983528700000015,
            -27.13924359923346
          ],
          [
            -48.98351309999998,
            -27.139238199233496
          ],
          [
            -48.983483999999976,
            -27.13922959923349
          ],
          [
            -48.9834563,
            -27.1392232992335
          ],
          [
            -48.98342819999999,
            -27.13921849923349
          ],
          [
            -48.983398799999975,
            -27.139214699233506
          ],
          [
            -48.98336840000002,
            -27.139211899233498
          ],
          [
            -48.98333730000002,
            -27.139209999233458
          ],
          [
            -48.983305900000005,
            -27.13920879923348
          ],
          [
            -48.98327410000002,
            -27.13920839923345
          ],
          [
            -48.983241899999996,
            -27.139209099233494
          ],
          [
            -48.9832091,
            -27.139210899233493
          ],
          [
            -48.98317559999998,
            -27.139214099233488
          ],
          [
            -48.983141699999976,
            -27.139218799233458
          ],
          [
            -48.98312499999997,
            -27.139221699233484
          ],
          [
            -48.983092699999986,
            -27.13922899923347
          ],
          [
            -48.98307740000001,
            -27.139233399233497
          ],
          [
            -48.983062800000035,
            -27.139238199233503
          ],
          [
            -48.983048999999994,
            -27.13924359923346
          ],
          [
            -48.9830361,
            -27.139249499233475
          ],
          [
            -48.98302389999998,
            -27.13925609923347
          ],
          [
            -48.983012400000014,
            -27.13926339923348
          ],
          [
            -48.9830015,
            -27.139271499233487
          ],
          [
            -48.98299120000002,
            -27.139280499233443
          ],
          [
            -48.98298149999999,
            -27.13929029923351
          ],
          [
            -48.98297229999997,
            -27.13930119923345
          ],
          [
            -48.98296349999998,
            -27.139313099233455
          ],
          [
            -48.98295519999999,
            -27.13932589923349
          ],
          [
            -48.98294010000001,
            -27.13935359923346
          ],
          [
            -48.98293330000001,
            -27.13936819923345
          ],
          [
            -48.98292140000001,
            -27.139398299233456
          ],
          [
            -48.98291629999999,
            -27.13941339923349
          ],
          [
            -48.982907899999994,
            -27.1394434992335
          ],
          [
            -48.982901500000025,
            -27.13947389923345
          ],
          [
            -48.9828943,
            -27.13952209923349
          ],
          [
            -48.98287679999999,
            -27.13969609923344
          ],
          [
            -48.982868499999995,
            -27.139759399233473
          ],
          [
            -48.98286030000003,
            -27.139802599233455
          ],
          [
            -48.98285490000001,
            -27.13982449923343
          ],
          [
            -48.98284849999999,
            -27.139846599233465
          ],
          [
            -48.982840899999985,
            -27.139869099233458
          ],
          [
            -48.98283199999998,
            -27.13989189923347
          ],
          [
            -48.982822100000014,
            -27.13991489923347
          ],
          [
            -48.982799699999994,
            -27.13996129923344
          ],
          [
            -48.98271699999997,
            -27.140117799233437
          ],
          [
            -48.98269440000001,
            -27.140159299233446
          ],
          [
            -48.98267049999998,
            -27.14019939923342
          ],
          [
            -48.982644499999985,
            -27.140238199233455
          ],
          [
            -48.98263029999998,
            -27.14025709923343
          ],
          [
            -48.98261509999998,
            -27.140275999233424
          ],
          [
            -48.98259890000003,
            -27.140294799233438
          ],
          [
            -48.98258149999999,
            -27.140313699233424
          ],
          [
            -48.98256279999998,
            -27.14033279923346
          ],
          [
            -48.98254270000001,
            -27.140352199233448
          ],
          [
            -48.98252100000003,
            -27.140371899233443
          ],
          [
            -48.982472599999994,
            -27.140413099233427
          ],
          [
            -48.982445299999995,
            -27.140434899233444
          ],
          [
            -48.98238359999999,
            -27.14048239923344
          ],
          [
            -48.98226940000001,
            -27.140566199233472
          ],
          [
            -48.98202780000002,
            -27.140740499233438
          ],
          [
            -48.981929099999995,
            -27.14081329923344
          ],
          [
            -48.98183849999998,
            -27.14088229923343
          ],
          [
            -48.9816394,
            -27.141039999233417
          ],
          [
            -48.9815572,
            -27.141102699233407
          ],
          [
            -48.98146750000001,
            -27.141167899233462
          ],
          [
            -48.98123370000002,
            -27.14133179923342
          ],
          [
            -48.981148399999995,
            -27.141392799233433
          ],
          [
            -48.981072200000035,
            -27.14145009923342
          ],
          [
            -48.981037300000025,
            -27.141477799233453
          ],
          [
            -48.98100449999998,
            -27.14150519923341
          ],
          [
            -48.980973800000015,
            -27.141532299233422
          ],
          [
            -48.98094489999999,
            -27.14155939923343
          ],
          [
            -48.98091790000001,
            -27.141586799233455
          ],
          [
            -48.98089279999999,
            -27.14161439923341
          ],
          [
            -48.980869299999995,
            -27.141642199233406
          ],
          [
            -48.980847499999975,
            -27.141669899233445
          ],
          [
            -48.98082729999999,
            -27.141697299233403
          ],
          [
            -48.98080859999999,
            -27.141724299233438
          ],
          [
            -48.98077540000003,
            -27.141775799233432
          ],
          [
            -48.98074759999997,
            -27.141822899233446
          ],
          [
            -48.98073549999998,
            -27.141844599233444
          ],
          [
            -48.98071499999997,
            -27.14188509923345
          ],
          [
            -48.9807065,
            -27.141904099233404
          ],
          [
            -48.98069909999998,
            -27.141922499233445
          ],
          [
            -48.98069290000001,
            -27.141940499233392
          ],
          [
            -48.98068769999998,
            -27.14195829923342
          ],
          [
            -48.980683699999986,
            -27.141975899233405
          ],
          [
            -48.980680800000016,
            -27.1419935992334
          ],
          [
            -48.980679099999975,
            -27.14201159923341
          ],
          [
            -48.9806787,
            -27.14203009923341
          ],
          [
            -48.98067980000002,
            -27.142049299233424
          ],
          [
            -48.98068230000001,
            -27.142069399233435
          ],
          [
            -48.980686400000025,
            -27.142090699233393
          ],
          [
            -48.98069199999997,
            -27.14211319923339
          ],
          [
            -48.98069939999999,
            -27.142137299233422
          ],
          [
            -48.9807083,
            -27.142162499233404
          ],
          [
            -48.98071850000002,
            -27.142188699233433
          ],
          [
            -48.98072989999998,
            -27.142215499233426
          ],
          [
            -48.980742299999974,
            -27.14224269923341
          ],
          [
            -48.980769399999986,
            -27.14229689923343
          ],
          [
            -48.980798300000004,
            -27.142349099233407
          ],
          [
            -48.98081339999999,
            -27.14237429923338
          ],
          [
            -48.980829099999994,
            -27.14239919923341
          ],
          [
            -48.98086310000003,
            -27.14244939923338
          ],
          [
            -48.9808817,
            -27.142475399233426
          ],
          [
            -48.98092300000002,
            -27.142530199233427
          ],
          [
            -48.981021199999994,
            -27.142655299233407
          ],
          [
            -48.98107299999998,
            -27.142723199233373
          ],
          [
            -48.981098299999985,
            -27.142757899233402
          ],
          [
            -48.98112279999998,
            -27.1427927992334
          ],
          [
            -48.98114609999999,
            -27.1428276992334
          ],
          [
            -48.98116829999998,
            -27.142862599233407
          ],
          [
            -48.98121020000002,
            -27.1429315992334
          ],
          [
            -48.98126869999999,
            -27.14303149923341
          ],
          [
            -48.981306399999994,
            -27.14309429923337
          ],
          [
            -48.9814111,
            -27.1432599992334
          ],
          [
            -48.98143959999999,
            -27.14330749923338
          ],
          [
            -48.981463899999994,
            -27.14335159923341
          ],
          [
            -48.98148420000001,
            -27.143392799233414
          ],
          [
            -48.98150070000003,
            -27.143431999233403
          ],
          [
            -48.981513699999994,
            -27.143469899233402
          ],
          [
            -48.98152349999998,
            -27.143507699233385
          ],
          [
            -48.9815304,
            -27.143547099233366
          ],
          [
            -48.981534899999986,
            -27.143589599233373
          ],
          [
            -48.981537100000025,
            -27.143636999233394
          ],
          [
            -48.98153710000003,
            -27.143688999233383
          ],
          [
            -48.98153450000001,
            -27.14374409923337
          ],
          [
            -48.98152909999999,
            -27.143800399233353
          ],
          [
            -48.98152520000002,
            -27.1438283992334
          ],
          [
            -48.98152040000002,
            -27.143856199233394
          ],
          [
            -48.98151469999999,
            -27.14388349923339
          ],
          [
            -48.98150800000002,
            -27.143910399233363
          ],
          [
            -48.98150029999999,
            -27.143936899233413
          ],
          [
            -48.981491500000004,
            -27.143962899233404
          ],
          [
            -48.98148149999997,
            -27.143988399233397
          ],
          [
            -48.98147019999999,
            -27.14401339923339
          ],
          [
            -48.981457700000014,
            -27.14403789923338
          ],
          [
            -48.981443800000015,
            -27.144061799233363
          ],
          [
            -48.98142869999998,
            -27.144084999233407
          ],
          [
            -48.981412499999976,
            -27.144107499233396
          ],
          [
            -48.981395299999974,
            -27.144129099233364
          ],
          [
            -48.98137730000002,
            -27.144149799233368
          ],
          [
            -48.9813585,
            -27.144169399233387
          ],
          [
            -48.981339100000014,
            -27.14418789923339
          ],
          [
            -48.981319299999996,
            -27.144205199233372
          ],
          [
            -48.981298999999986,
            -27.144221299233408
          ],
          [
            -48.98127779999999,
            -27.144236099233378
          ],
          [
            -48.98125529999999,
            -27.14424999923338
          ],
          [
            -48.98123099999999,
            -27.144262799233346
          ],
          [
            -48.98120419999998,
            -27.144274899233405
          ],
          [
            -48.981174599999974,
            -27.14428629923336
          ],
          [
            -48.98114170000002,
            -27.14429719923336
          ],
          [
            -48.9811049,
            -27.144307599233365
          ],
          [
            -48.98106389999999,
            -27.14431779923339
          ],
          [
            -48.98101939999998,
            -27.14432739923339
          ],
          [
            -48.98097200000001,
            -27.144336499233372
          ],
          [
            -48.98092270000001,
            -27.144344899233406
          ],
          [
            -48.9808721,
            -27.144352399233377
          ],
          [
            -48.98082110000002,
            -27.144358799233398
          ],
          [
            -48.98077050000001,
            -27.14436399923336
          ],
          [
            -48.98072100000002,
            -27.144367899233387
          ],
          [
            -48.98067320000001,
            -27.144370399233384
          ],
          [
            -48.980626700000016,
            -27.144371299233367
          ],
          [
            -48.98058090000001,
            -27.14437079923337
          ],
          [
            -48.98053520000002,
            -27.14436869923334
          ],
          [
            -48.98048890000002,
            -27.14436509923339
          ],
          [
            -48.98044149999998,
            -27.144360099233346
          ],
          [
            -48.980392199999976,
            -27.14435339923337
          ],
          [
            -48.980340599999984,
            -27.14434529923337
          ],
          [
            -48.98028599999998,
            -27.144335699233377
          ],
          [
            -48.98022850000001,
            -27.1443246992334
          ],
          [
            -48.979902200000026,
            -27.144257899233395
          ],
          [
            -48.97983010000001,
            -27.144243599233356
          ],
          [
            -48.979680900000005,
            -27.144215699233396
          ],
          [
            -48.97917480000001,
            -27.14412589923339
          ],
          [
            -48.978946199999996,
            -27.144083499233407
          ],
          [
            -48.978853800000024,
            -27.144066799233403
          ],
          [
            -48.978776299999986,
            -27.14405439923339
          ],
          [
            -48.978711999999966,
            -27.144046499233372
          ],
          [
            -48.97868360000001,
            -27.144043999233393
          ],
          [
            -48.97865710000002,
            -27.144042399233363
          ],
          [
            -48.97863210000003,
            -27.144041699233377
          ],
          [
            -48.97860800000001,
            -27.144041699233387
          ],
          [
            -48.97858450000001,
            -27.144042499233397
          ],
          [
            -48.9785377,
            -27.144045999233388
          ],
          [
            -48.978514500000024,
            -27.144048699233366
          ],
          [
            -48.9784689,
            -27.144056099233378
          ],
          [
            -48.9784249,
            -27.14406599923339
          ],
          [
            -48.97840359999997,
            -27.144071899233346
          ],
          [
            -48.97838289999998,
            -27.1440783992334
          ],
          [
            -48.97836289999998,
            -27.144085499233395
          ],
          [
            -48.9783246,
            -27.144101399233392
          ],
          [
            -48.978306499999974,
            -27.14411009923335
          ],
          [
            -48.97827219999999,
            -27.144128799233354
          ],
          [
            -48.97824079999998,
            -27.144149199233393
          ],
          [
            -48.978226199999995,
            -27.144160099233414
          ],
          [
            -48.978212299999996,
            -27.144171599233363
          ],
          [
            -48.978199000000025,
            -27.144183899233347
          ],
          [
            -48.978186600000015,
            -27.144197099233367
          ],
          [
            -48.97817479999998,
            -27.14421129923337
          ],
          [
            -48.97816369999998,
            -27.144226699233368
          ],
          [
            -48.978153299999974,
            -27.144243399233375
          ],
          [
            -48.97814369999997,
            -27.14426139923338
          ],
          [
            -48.978134700000005,
            -27.144280599233376
          ],
          [
            -48.9781266,
            -27.144300899233393
          ],
          [
            -48.97811919999999,
            -27.14432199923337
          ],
          [
            -48.9781127,
            -27.144343699233346
          ],
          [
            -48.97810700000002,
            -27.144365799233388
          ],
          [
            -48.97810229999999,
            -27.14438809923338
          ],
          [
            -48.97809840000003,
            -27.144410499233366
          ],
          [
            -48.978095499999995,
            -27.14443269923336
          ],
          [
            -48.9780938,
            -27.144455099233387
          ],
          [
            -48.978093100000024,
            -27.14447799923336
          ],
          [
            -48.97809380000001,
            -27.144501599233386
          ],
          [
            -48.97809590000002,
            -27.144526299233366
          ],
          [
            -48.97809940000002,
            -27.14455249923334
          ],
          [
            -48.978104599999995,
            -27.14458039923336
          ],
          [
            -48.97811150000001,
            -27.144610399233343
          ],
          [
            -48.97812019999998,
            -27.14464259923338
          ],
          [
            -48.97813070000001,
            -27.144676899233335
          ],
          [
            -48.97814269999998,
            -27.144712699233374
          ],
          [
            -48.97815630000002,
            -27.144749699233355
          ],
          [
            -48.97817120000002,
            -27.14478739923335
          ],
          [
            -48.97818749999999,
            -27.144825499233395
          ],
          [
            -48.978205,
            -27.14486349923335
          ],
          [
            -48.97822350000001,
            -27.144901099233394
          ],
          [
            -48.97824300000003,
            -27.14493789923337
          ],
          [
            -48.97826329999998,
            -27.144973899233396
          ],
          [
            -48.97830540000001,
            -27.14504429923336
          ],
          [
            -48.97836890000002,
            -27.145147699233352
          ],
          [
            -48.978409,
            -27.145216599233386
          ],
          [
            -48.97842780000002,
            -27.145251199233382
          ],
          [
            -48.978445700000016,
            -27.145285599233382
          ],
          [
            -48.97846240000002,
            -27.145319599233346
          ],
          [
            -48.97847789999998,
            -27.145353199233345
          ],
          [
            -48.97849200000002,
            -27.14538609923336
          ],
          [
            -48.9785046,
            -27.145418099233332
          ],
          [
            -48.97851559999999,
            -27.14544909923335
          ],
          [
            -48.978524900000025,
            -27.14547899923338
          ],
          [
            -48.9785324,
            -27.14550779923337
          ],
          [
            -48.97853820000001,
            -27.145535799233357
          ],
          [
            -48.97854239999998,
            -27.145563199233372
          ],
          [
            -48.978544899999974,
            -27.14559009923334
          ],
          [
            -48.978545699999984,
            -27.14561669923336
          ],
          [
            -48.978545,
            -27.145643299233374
          ],
          [
            -48.97854269999999,
            -27.145669899233315
          ],
          [
            -48.978538800000024,
            -27.14569679923335
          ],
          [
            -48.97853279999998,
            -27.145723799233338
          ],
          [
            -48.978524300000004,
            -27.14575059923332
          ],
          [
            -48.9785127,
            -27.145777099233328
          ],
          [
            -48.97849760000002,
            -27.14580309923337
          ],
          [
            -48.978478499999994,
            -27.145828399233373
          ],
          [
            -48.97845469999998,
            -27.145852699233334
          ],
          [
            -48.97842600000002,
            -27.145875899233378
          ],
          [
            -48.97839190000002,
            -27.14589769923332
          ],
          [
            -48.978353200000015,
            -27.14591819923333
          ],
          [
            -48.9783109,
            -27.145937399233325
          ],
          [
            -48.978242799999975,
            -27.14596319923333
          ],
          [
            -48.97821950000002,
            -27.14597139923335
          ],
          [
            -48.97817229999999,
            -27.14598629923334
          ],
          [
            -48.97812529999999,
            -27.145999699233357
          ],
          [
            -48.97807970000002,
            -27.146011599233354
          ],
          [
            -48.97803590000001,
            -27.146022199233347
          ],
          [
            -48.97799320000001,
            -27.146031599233353
          ],
          [
            -48.977950299999975,
            -27.146040199233365
          ],
          [
            -48.97785929999998,
            -27.146056499233325
          ],
          [
            -48.97754850000002,
            -27.14610749923337
          ],
          [
            -48.97738800000002,
            -27.14613349923336
          ],
          [
            -48.9771935,
            -27.146163199233328
          ],
          [
            -48.977062699999976,
            -27.146181599233323
          ],
          [
            -48.97698889999998,
            -27.146190799233338
          ],
          [
            -48.97691950000001,
            -27.146198499233364
          ],
          [
            -48.976854100000025,
            -27.146204999233348
          ],
          [
            -48.97679240000002,
            -27.146210299233342
          ],
          [
            -48.97673409999999,
            -27.146214499233317
          ],
          [
            -48.976626599999975,
            -27.14622019923335
          ],
          [
            -48.97652909999999,
            -27.146222999233355
          ],
          [
            -48.97648349999997,
            -27.14622339923333
          ],
          [
            -48.9764399,
            -27.146223199233354
          ],
          [
            -48.97639820000001,
            -27.146222199233353
          ],
          [
            -48.976358300000015,
            -27.146220399233336
          ],
          [
            -48.97631999999999,
            -27.146217799233327
          ],
          [
            -48.976283299999984,
            -27.14621429923334
          ],
          [
            -48.976248,
            -27.14620999923334
          ],
          [
            -48.97621400000003,
            -27.14620459923331
          ],
          [
            -48.97618139999997,
            -27.14619839923334
          ],
          [
            -48.976150099999984,
            -27.146191299233337
          ],
          [
            -48.976120099999996,
            -27.146183399233323
          ],
          [
            -48.976091499999995,
            -27.14617479923332
          ],
          [
            -48.976064199999996,
            -27.14616549923334
          ],
          [
            -48.976038200000005,
            -27.146155399233347
          ],
          [
            -48.97601350000002,
            -27.146144799233348
          ],
          [
            -48.97599009999999,
            -27.14613359923333
          ],
          [
            -48.97596820000001,
            -27.14612189923337
          ],
          [
            -48.975947599999984,
            -27.146109499233365
          ],
          [
            -48.97592850000001,
            -27.146096699233325
          ],
          [
            -48.975910899999974,
            -27.14608319923337
          ],
          [
            -48.975894900000014,
            -27.14606919923333
          ],
          [
            -48.97588050000002,
            -27.146054599233356
          ],
          [
            -48.9758678,
            -27.146039499233314
          ],
          [
            -48.97585670000001,
            -27.146023699233343
          ],
          [
            -48.9758473,
            -27.146007399233326
          ],
          [
            -48.975839399999984,
            -27.145990399233355
          ],
          [
            -48.97583300000002,
            -27.145972699233365
          ],
          [
            -48.97582790000001,
            -27.145954199233344
          ],
          [
            -48.97582419999998,
            -27.14593489923334
          ],
          [
            -48.97582160000002,
            -27.145914799233356
          ],
          [
            -48.97582019999999,
            -27.145893699233337
          ],
          [
            -48.97581980000001,
            -27.145871699233332
          ],
          [
            -48.97582060000002,
            -27.14584889923332
          ],
          [
            -48.97582269999998,
            -27.145825299233355
          ],
          [
            -48.97582619999997,
            -27.14580119923334
          ],
          [
            -48.97583129999998,
            -27.145776599233326
          ],
          [
            -48.97583800000001,
            -27.14575169923335
          ],
          [
            -48.975846400000016,
            -27.14572659923334
          ],
          [
            -48.975856799999974,
            -27.145701299233323
          ],
          [
            -48.97586910000001,
            -27.145676099233345
          ],
          [
            -48.97588350000001,
            -27.14565079923334
          ],
          [
            -48.9758999,
            -27.145625399233317
          ],
          [
            -48.975918400000005,
            -27.14559989923332
          ],
          [
            -48.97593899999998,
            -27.145574099233325
          ],
          [
            -48.97596160000001,
            -27.145548099233345
          ],
          [
            -48.97598640000001,
            -27.14552169923337
          ],
          [
            -48.97601320000002,
            -27.14549489923337
          ],
          [
            -48.976042199999995,
            -27.14546769923334
          ],
          [
            -48.976072699999975,
            -27.14544019923335
          ],
          [
            -48.97610450000002,
            -27.145412699233365
          ],
          [
            -48.9761699,
            -27.145358499233343
          ],
          [
            -48.976234499999975,
            -27.145306799233364
          ],
          [
            -48.97632299999999,
            -27.14523769923335
          ],
          [
            -48.9763772,
            -27.14519759923337
          ],
          [
            -48.976403800000014,
            -27.145179199233333
          ],
          [
            -48.976430600000015,
            -27.145161699233384
          ],
          [
            -48.976457900000014,
            -27.145145199233365
          ],
          [
            -48.97648609999999,
            -27.14512949923335
          ],
          [
            -48.97651539999999,
            -27.145114599233366
          ],
          [
            -48.97654560000001,
            -27.14510009923334
          ],
          [
            -48.9766396,
            -27.14505649923337
          ],
          [
            -48.97667130000002,
            -27.14504079923336
          ],
          [
            -48.97670269999998,
            -27.14502409923336
          ],
          [
            -48.97673359999999,
            -27.145005899233364
          ],
          [
            -48.976763800000015,
            -27.144986099233353
          ],
          [
            -48.976793199999975,
            -27.144964899233358
          ],
          [
            -48.976821700000016,
            -27.144942599233342
          ],
          [
            -48.976849300000026,
            -27.14491959923334
          ],
          [
            -48.97687580000002,
            -27.144896099233346
          ],
          [
            -48.97690110000002,
            -27.144872399233357
          ],
          [
            -48.97694819999998,
            -27.144825899233368
          ],
          [
            -48.97698989999998,
            -27.144781899233372
          ],
          [
            -48.97700889999998,
            -27.144760499233396
          ],
          [
            -48.97702659999999,
            -27.144739199233374
          ],
          [
            -48.977043200000026,
            -27.14471769923337
          ],
          [
            -48.97705869999998,
            -27.14469589923336
          ],
          [
            -48.97707320000001,
            -27.144673399233348
          ],
          [
            -48.977086600000014,
            -27.144650099233353
          ],
          [
            -48.9770992,
            -27.144625699233377
          ],
          [
            -48.97711070000003,
            -27.144600199233377
          ],
          [
            -48.97712139999999,
            -27.14457379923336
          ],
          [
            -48.977131199999974,
            -27.144546299233365
          ],
          [
            -48.97714020000001,
            -27.14451799923338
          ],
          [
            -48.97714830000001,
            -27.144488799233358
          ],
          [
            -48.97715560000001,
            -27.144458799233366
          ],
          [
            -48.97716200000002,
            -27.14442799923338
          ],
          [
            -48.977167699999995,
            -27.14439649923341
          ],
          [
            -48.977172499999995,
            -27.144364499233365
          ],
          [
            -48.977176499999985,
            -27.144332299233348
          ],
          [
            -48.9771796,
            -27.1442998992334
          ],
          [
            -48.97718179999998,
            -27.144267799233404
          ],
          [
            -48.9771829,
            -27.144236099233378
          ],
          [
            -48.9771831,
            -27.144204999233377
          ],
          [
            -48.97718229999998,
            -27.14417469923339
          ],
          [
            -48.97718029999998,
            -27.144145499233357
          ],
          [
            -48.97717720000003,
            -27.14411729923338
          ],
          [
            -48.97717299999999,
            -27.144090099233413
          ],
          [
            -48.977167500000014,
            -27.144063899233366
          ],
          [
            -48.97716070000001,
            -27.14403859923337
          ],
          [
            -48.97715260000001,
            -27.144014199233393
          ],
          [
            -48.9771432,
            -27.143990599233383
          ],
          [
            -48.977132299999994,
            -27.14396779923337
          ],
          [
            -48.977119800000025,
            -27.143945899233383
          ],
          [
            -48.977105800000004,
            -27.14392459923337
          ],
          [
            -48.97708990000001,
            -27.14390409923337
          ],
          [
            -48.97707209999999,
            -27.143884199233387
          ],
          [
            -48.9770522,
            -27.14386479923339
          ],
          [
            -48.97703009999998,
            -27.143846099233407
          ],
          [
            -48.97700550000002,
            -27.143827799233385
          ],
          [
            -48.976978299999985,
            -27.14380999923335
          ],
          [
            -48.97694849999999,
            -27.14379259923337
          ],
          [
            -48.97691600000002,
            -27.14377559923341
          ],
          [
            -48.976881100000014,
            -27.14375899923338
          ],
          [
            -48.976843900000006,
            -27.143742699233403
          ],
          [
            -48.97680439999999,
            -27.143726799233423
          ],
          [
            -48.976762800000024,
            -27.143710999233384
          ],
          [
            -48.9767192,
            -27.14369559923339
          ],
          [
            -48.976673800000015,
            -27.143680399233386
          ],
          [
            -48.9766267,
            -27.143665299233398
          ],
          [
            -48.97657809999998,
            -27.143650599233386
          ],
          [
            -48.976528200000025,
            -27.143636399233383
          ],
          [
            -48.97647710000001,
            -27.143622699233365
          ],
          [
            -48.97642509999997,
            -27.143609599233383
          ],
          [
            -48.9763724,
            -27.143597399233375
          ],
          [
            -48.97631910000002,
            -27.14358599923341
          ],
          [
            -48.97626559999998,
            -27.143575699233384
          ],
          [
            -48.97621190000001,
            -27.143566599233374
          ],
          [
            -48.976158399999974,
            -27.143558499233365
          ],
          [
            -48.97610529999997,
            -27.14355139923337
          ],
          [
            -48.97605299999998,
            -27.143545199233397
          ],
          [
            -48.975952000000014,
            -27.14353539923341
          ],
          [
            -48.97585759999999,
            -27.143528499233394
          ],
          [
            -48.975655200000006,
            -27.143517599233384
          ],
          [
            -48.97558299999997,
            -27.143511999233386
          ],
          [
            -48.975547800000015,
            -27.14350819923337
          ],
          [
            -48.97551279999999,
            -27.14350339923337
          ],
          [
            -48.97547800000002,
            -27.143497599233374
          ],
          [
            -48.975443299999995,
            -27.14349079923339
          ],
          [
            -48.97540859999997,
            -27.143482899233376
          ],
          [
            -48.97537390000002,
            -27.143473699233397
          ],
          [
            -48.97533920000001,
            -27.1434632992334
          ],
          [
            -48.975304300000005,
            -27.143451599233384
          ],
          [
            -48.97526920000001,
            -27.143438499233397
          ],
          [
            -48.97523380000001,
            -27.14342409923339
          ],
          [
            -48.97519829999999,
            -27.143408399233394
          ],
          [
            -48.975126699999976,
            -27.14337409923342
          ],
          [
            -48.974947199999974,
            -27.14328189923338
          ],
          [
            -48.9748414,
            -27.1432288992334
          ],
          [
            -48.97473980000001,
            -27.143180399233405
          ],
          [
            -48.97467549999999,
            -27.143151499233383
          ],
          [
            -48.974644599999976,
            -27.143138199233405
          ],
          [
            -48.97458540000002,
            -27.14311429923337
          ],
          [
            -48.9745572,
            -27.143103799233405
          ],
          [
            -48.974503500000026,
            -27.143085899233412
          ],
          [
            -48.974477999999976,
            -27.143078599233412
          ],
          [
            -48.974453600000004,
            -27.14307239923339
          ],
          [
            -48.97442979999999,
            -27.143067299233383
          ],
          [
            -48.97440660000001,
            -27.14306319923338
          ],
          [
            -48.97438360000001,
            -27.143059999233394
          ],
          [
            -48.97436069999998,
            -27.143057599233416
          ],
          [
            -48.9743138,
            -27.1430549992334
          ],
          [
            -48.97426410000003,
            -27.14305479923341
          ],
          [
            -48.97423759999998,
            -27.1430554992334
          ],
          [
            -48.97420979999998,
            -27.14305709923342
          ],
          [
            -48.97418060000001,
            -27.14305969923338
          ],
          [
            -48.9741497,
            -27.143063399233423
          ],
          [
            -48.97411699999998,
            -27.143068399233407
          ],
          [
            -48.974082399999986,
            -27.14307479923341
          ],
          [
            -48.97404560000002,
            -27.14308289923342
          ],
          [
            -48.974006799999984,
            -27.143092799233376
          ],
          [
            -48.973966299999965,
            -27.14310419923338
          ],
          [
            -48.973924899999986,
            -27.143116899233387
          ],
          [
            -48.97388319999999,
            -27.1431305992334
          ],
          [
            -48.97384199999999,
            -27.143145199233388
          ],
          [
            -48.97380190000001,
            -27.14316039923339
          ],
          [
            -48.973763700000006,
            -27.143175999233375
          ],
          [
            -48.97372789999997,
            -27.143191599233415
          ],
          [
            -48.97369520000001,
            -27.14320719923341
          ],
          [
            -48.973665400000016,
            -27.14322269923343
          ],
          [
            -48.97363849999999,
            -27.143238199233387
          ],
          [
            -48.973614199999986,
            -27.143253699233398
          ],
          [
            -48.97359230000001,
            -27.1432693992334
          ],
          [
            -48.97357260000001,
            -27.143285299233394
          ],
          [
            -48.9735551,
            -27.143301399233383
          ],
          [
            -48.97353930000003,
            -27.143317799233365
          ],
          [
            -48.973525300000006,
            -27.143334699233414
          ],
          [
            -48.973513000000025,
            -27.143351899233426
          ],
          [
            -48.97350219999998,
            -27.143369499233398
          ],
          [
            -48.97349309999999,
            -27.14338759923338
          ],
          [
            -48.97348549999998,
            -27.143406099233395
          ],
          [
            -48.97347939999998,
            -27.14342509923339
          ],
          [
            -48.97347480000003,
            -27.143444599233398
          ],
          [
            -48.973471700000005,
            -27.14346449923339
          ],
          [
            -48.97347000000002,
            -27.143484999233397
          ],
          [
            -48.9734699,
            -27.143506299233408
          ],
          [
            -48.97347159999998,
            -27.143528999233396
          ],
          [
            -48.973475300000025,
            -27.143553299233393
          ],
          [
            -48.97348099999999,
            -27.143579599233398
          ],
          [
            -48.973488999999965,
            -27.14360839923339
          ],
          [
            -48.973499499999996,
            -27.143639899233374
          ],
          [
            -48.973512700000015,
            -27.143674699233408
          ],
          [
            -48.97352849999999,
            -27.143712999233376
          ],
          [
            -48.97354680000001,
            -27.14375419923337
          ],
          [
            -48.9735672,
            -27.14379769923338
          ],
          [
            -48.9735895,
            -27.14384299923338
          ],
          [
            -48.97361310000002,
            -27.14388949923339
          ],
          [
            -48.97366340000002,
            -27.143983199233354
          ],
          [
            -48.97371529999999,
            -27.1440740992334
          ],
          [
            -48.97381689999998,
            -27.144242699233388
          ],
          [
            -48.97386369999998,
            -27.14432219923335
          ],
          [
            -48.973885499999994,
            -27.144361199233355
          ],
          [
            -48.97390610000002,
            -27.144399899233374
          ],
          [
            -48.973925399999985,
            -27.14443809923338
          ],
          [
            -48.97394329999997,
            -27.14447569923336
          ],
          [
            -48.97395970000003,
            -27.144512699233385
          ],
          [
            -48.973974699999985,
            -27.144548699233347
          ],
          [
            -48.97398820000001,
            -27.14458379923338
          ],
          [
            -48.97400010000001,
            -27.1446176992334
          ],
          [
            -48.97401039999999,
            -27.144650399233353
          ],
          [
            -48.974019,
            -27.14468169923334
          ],
          [
            -48.974026099999996,
            -27.144711799233335
          ],
          [
            -48.974031799999985,
            -27.144740799233382
          ],
          [
            -48.97403620000001,
            -27.144768899233327
          ],
          [
            -48.974039300000015,
            -27.144796199233337
          ],
          [
            -48.974041399999976,
            -27.14482299923334
          ],
          [
            -48.97404260000002,
            -27.14484929923334
          ],
          [
            -48.97404289999997,
            -27.144875299233384
          ],
          [
            -48.974042499999996,
            -27.144901099233394
          ],
          [
            -48.97404119999999,
            -27.144926899233344
          ],
          [
            -48.974039100000034,
            -27.14495259923338
          ],
          [
            -48.9740359,
            -27.144978199233385
          ],
          [
            -48.974031599999996,
            -27.14500389923337
          ],
          [
            -48.97402620000003,
            -27.145029499233374
          ],
          [
            -48.974019399999975,
            -27.145055199233358
          ],
          [
            -48.974011299999965,
            -27.14508089923335
          ],
          [
            -48.974001699999974,
            -27.14510679923337
          ],
          [
            -48.9739907,
            -27.14513249923335
          ],
          [
            -48.97397840000002,
            -27.145157999233337
          ],
          [
            -48.9739649,
            -27.145183199233372
          ],
          [
            -48.97395030000001,
            -27.14520779923334
          ],
          [
            -48.97393460000001,
            -27.14523169923337
          ],
          [
            -48.9739181,
            -27.14525479923333
          ],
          [
            -48.97390059999998,
            -27.14527689923335
          ],
          [
            -48.97388239999999,
            -27.145297899233363
          ],
          [
            -48.9738633,
            -27.145317699233374
          ],
          [
            -48.97384310000001,
            -27.145336499233334
          ],
          [
            -48.973821499999985,
            -27.145354199233342
          ],
          [
            -48.97379849999999,
            -27.145370999233364
          ],
          [
            -48.973773900000026,
            -27.145386899233362
          ],
          [
            -48.97374739999997,
            -27.145401799233355
          ],
          [
            -48.97371889999999,
            -27.145415899233342
          ],
          [
            -48.97368829999999,
            -27.145429099233354
          ],
          [
            -48.97365559999997,
            -27.145441599233372
          ],
          [
            -48.97362099999997,
            -27.145453399233354
          ],
          [
            -48.97358459999998,
            -27.14546439923334
          ],
          [
            -48.973546399999975,
            -27.145474599233342
          ],
          [
            -48.97350669999998,
            -27.14548419923334
          ],
          [
            -48.973465499999975,
            -27.145493199233332
          ],
          [
            -48.9734229,
            -27.14550149923338
          ],
          [
            -48.97337920000001,
            -27.145509099233376
          ],
          [
            -48.97333470000001,
            -27.145515999233343
          ],
          [
            -48.97328970000002,
            -27.145522099233347
          ],
          [
            -48.97324459999999,
            -27.145527199233353
          ],
          [
            -48.9731999,
            -27.145531199233353
          ],
          [
            -48.973155899999995,
            -27.14553399923335
          ],
          [
            -48.97311300000001,
            -27.145535399233378
          ],
          [
            -48.973071600000026,
            -27.145535399233378
          ],
          [
            -48.973031900000024,
            -27.14553389923332
          ],
          [
            -48.97299379999999,
            -27.145530799233363
          ],
          [
            -48.97295709999998,
            -27.145526299233325
          ],
          [
            -48.972921299999996,
            -27.14552049923334
          ],
          [
            -48.97288630000002,
            -27.14551329923336
          ],
          [
            -48.972851799999994,
            -27.14550479923338
          ],
          [
            -48.9728174,
            -27.145495199233373
          ],
          [
            -48.97278290000003,
            -27.14548439923333
          ],
          [
            -48.972748000000024,
            -27.14547259923337
          ],
          [
            -48.972674900000015,
            -27.14544569923333
          ],
          [
            -48.972549300000026,
            -27.145397199233347
          ],
          [
            -48.97244860000001,
            -27.14535929923335
          ],
          [
            -48.97220579999998,
            -27.145271599233357
          ],
          [
            -48.97207930000002,
            -27.145223999233348
          ],
          [
            -48.972018799999994,
            -27.145199899233372
          ],
          [
            -48.97196150000001,
            -27.145175599233376
          ],
          [
            -48.971908400000025,
            -27.145151499233357
          ],
          [
            -48.971859300000006,
            -27.145127299233366
          ],
          [
            -48.971813600000026,
            -27.14510299923335
          ],
          [
            -48.971770900000024,
            -27.14507849923337
          ],
          [
            -48.97173070000002,
            -27.145053699233365
          ],
          [
            -48.97169250000002,
            -27.145028499233387
          ],
          [
            -48.97165589999997,
            -27.14500269923338
          ],
          [
            -48.9716204,
            -27.144976299233363
          ],
          [
            -48.971585600000026,
            -27.14494909923338
          ],
          [
            -48.9715516,
            -27.14492129923339
          ],
          [
            -48.9715187,
            -27.144892799233336
          ],
          [
            -48.971487000000025,
            -27.144863599233364
          ],
          [
            -48.97145690000002,
            -27.14483389923335
          ],
          [
            -48.9714285,
            -27.144803599233352
          ],
          [
            -48.97140200000001,
            -27.144772799233355
          ],
          [
            -48.97137780000003,
            -27.144741499233376
          ],
          [
            -48.971355800000026,
            -27.14470979923335
          ],
          [
            -48.97133600000001,
            -27.144677099233395
          ],
          [
            -48.971318,
            -27.144643099233363
          ],
          [
            -48.971301499999974,
            -27.144607199233374
          ],
          [
            -48.971286299999974,
            -27.14456909923338
          ],
          [
            -48.97127210000002,
            -27.144528199233406
          ],
          [
            -48.971258499999976,
            -27.14448409923337
          ],
          [
            -48.9712452,
            -27.144436299233366
          ],
          [
            -48.971232199999974,
            -27.144384599233405
          ],
          [
            -48.97121950000002,
            -27.14432979923336
          ],
          [
            -48.97120769999998,
            -27.144272799233384
          ],
          [
            -48.971196899999995,
            -27.144214699233395
          ],
          [
            -48.97118760000001,
            -27.14415649923339
          ],
          [
            -48.97118010000003,
            -27.14409919923341
          ],
          [
            -48.97117479999997,
            -27.144043699233375
          ],
          [
            -48.971172000000024,
            -27.143991199233405
          ],
          [
            -48.97117200000003,
            -27.143942299233373
          ],
          [
            -48.97117450000002,
            -27.14389699923337
          ],
          [
            -48.971179199999995,
            -27.143854999233362
          ],
          [
            -48.97118599999998,
            -27.143815999233407
          ],
          [
            -48.9711944,
            -27.14377959923341
          ],
          [
            -48.97120419999999,
            -27.143745699233396
          ],
          [
            -48.9712151,
            -27.14371379923339
          ],
          [
            -48.97122680000002,
            -27.143683599233363
          ],
          [
            -48.97123900000003,
            -27.14365499923341
          ],
          [
            -48.971251499999994,
            -27.14362759923339
          ],
          [
            -48.971276999999986,
            -27.143575899233362
          ],
          [
            -48.97131409999997,
            -27.143503199233383
          ],
          [
            -48.971336199999996,
            -27.143455799233422
          ],
          [
            -48.971346100000005,
            -27.143431899233384
          ],
          [
            -48.97135500000002,
            -27.14340779923337
          ],
          [
            -48.97136280000001,
            -27.143383299233367
          ],
          [
            -48.971369400000015,
            -27.14335829923337
          ],
          [
            -48.971374700000005,
            -27.14333289923342
          ],
          [
            -48.97137839999999,
            -27.143306699233374
          ],
          [
            -48.97138050000001,
            -27.143279799233408
          ],
          [
            -48.971380899999986,
            -27.143251999233417
          ],
          [
            -48.97137950000001,
            -27.14322329923338
          ],
          [
            -48.97137609999999,
            -27.143193599233413
          ],
          [
            -48.97137070000002,
            -27.1431626992334
          ],
          [
            -48.97136319999999,
            -27.1431305992334
          ],
          [
            -48.9713534,
            -27.143097299233425
          ],
          [
            -48.97134139999997,
            -27.143062499233384
          ],
          [
            -48.97132690000001,
            -27.143026299233373
          ],
          [
            -48.97131000000001,
            -27.142988699233392
          ],
          [
            -48.97129109999997,
            -27.142949799233392
          ],
          [
            -48.9712707,
            -27.142910099233383
          ],
          [
            -48.97118380000001,
            -27.14275029923339
          ],
          [
            -48.971143999999974,
            -27.142674599233434
          ],
          [
            -48.971125900000004,
            -27.142637999233383
          ],
          [
            -48.971092100000014,
            -27.142564699233397
          ],
          [
            -48.971075600000006,
            -27.142526699233425
          ],
          [
            -48.97104230000002,
            -27.1424451992334
          ],
          [
            -48.97092450000002,
            -27.14213889923343
          ],
          [
            -48.970879500000024,
            -27.142028599233427
          ],
          [
            -48.97085620000001,
            -27.141974899233407
          ],
          [
            -48.97083249999997,
            -27.141922899233425
          ],
          [
            -48.97080820000002,
            -27.141872699233442
          ],
          [
            -48.970783100000006,
            -27.141824299233413
          ],
          [
            -48.97075719999998,
            -27.141777399233447
          ],
          [
            -48.970730100000026,
            -27.141732099233426
          ],
          [
            -48.970701899999995,
            -27.141688299233433
          ],
          [
            -48.970672200000024,
            -27.141645899233446
          ],
          [
            -48.970641,
            -27.14160479923341
          ],
          [
            -48.970608200000015,
            -27.14156499923344
          ],
          [
            -48.970574000000006,
            -27.14152649923342
          ],
          [
            -48.97053890000001,
            -27.141489499233412
          ],
          [
            -48.97050319999999,
            -27.14145409923341
          ],
          [
            -48.97046719999998,
            -27.141420399233443
          ],
          [
            -48.97043150000002,
            -27.14138839923341
          ],
          [
            -48.970396300000004,
            -27.141358299233413
          ],
          [
            -48.97036200000002,
            -27.141330099233432
          ],
          [
            -48.970328800000004,
            -27.14130399923342
          ],
          [
            -48.970296399999995,
            -27.141279499233423
          ],
          [
            -48.970264100000016,
            -27.14125629923345
          ],
          [
            -48.97023139999999,
            -27.141233899233416
          ],
          [
            -48.970197799999994,
            -27.141211999233427
          ],
          [
            -48.97016259999998,
            -27.141190099233444
          ],
          [
            -48.970125199999984,
            -27.141167899233462
          ],
          [
            -48.9700421,
            -27.14112079923346
          ],
          [
            -48.96989830000002,
            -27.14104359923342
          ],
          [
            -48.9695911,
            -27.14088469923346
          ],
          [
            -48.969542,
            -27.14085879923343
          ],
          [
            -48.96949389999998,
            -27.140832599233452
          ],
          [
            -48.969446800000014,
            -27.140805899233417
          ],
          [
            -48.96940059999998,
            -27.140778299233464
          ],
          [
            -48.96935559999997,
            -27.140749699233453
          ],
          [
            -48.96931160000002,
            -27.140719799233448
          ],
          [
            -48.96926880000001,
            -27.140688499233455
          ],
          [
            -48.96922690000003,
            -27.140655799233432
          ],
          [
            -48.969185700000025,
            -27.14062189923343
          ],
          [
            -48.96914509999999,
            -27.14058709923346
          ],
          [
            -48.969065,
            -27.140515299233453
          ],
          [
            -48.96890430000002,
            -27.140368999233484
          ],
          [
            -48.96871549999997,
            -27.140199299233455
          ],
          [
            -48.968652399999996,
            -27.14014139923345
          ],
          [
            -48.968624999999975,
            -27.140115199233485
          ],
          [
            -48.96854710000002,
            -27.140037899233434
          ],
          [
            -48.9684977,
            -27.13998409923345
          ],
          [
            -48.968472200000015,
            -27.139954799233454
          ],
          [
            -48.96841860000001,
            -27.139889999233446
          ],
          [
            -48.968391199999985,
            -27.139855099233447
          ],
          [
            -48.96836389999999,
            -27.139818999233455
          ],
          [
            -48.96833720000001,
            -27.13978219923347
          ],
          [
            -48.9683116,
            -27.13974489923345
          ],
          [
            -48.9682874,
            -27.139707699233437
          ],
          [
            -48.9682651,
            -27.139670699233477
          ],
          [
            -48.96824509999999,
            -27.139634399233447
          ],
          [
            -48.9682272,
            -27.13959869923349
          ],
          [
            -48.96821119999998,
            -27.139563499233482
          ],
          [
            -48.96819720000002,
            -27.139528699233498
          ],
          [
            -48.968184699999995,
            -27.139494199233468
          ],
          [
            -48.96817379999999,
            -27.13945999923345
          ],
          [
            -48.96816410000003,
            -27.1394257992335
          ],
          [
            -48.96815559999999,
            -27.139391699233457
          ],
          [
            -48.96814810000001,
            -27.13935759923346
          ],
          [
            -48.96814169999998,
            -27.139323499233463
          ],
          [
            -48.968136200000004,
            -27.139289899233464
          ],
          [
            -48.96813179999998,
            -27.139256799233472
          ],
          [
            -48.96812840000001,
            -27.13922449923348
          ],
          [
            -48.96812610000001,
            -27.1391931992335
          ],
          [
            -48.96812499999998,
            -27.1391630992335
          ],
          [
            -48.96812490000002,
            -27.13913439923347
          ],
          [
            -48.96812619999997,
            -27.139104599233473
          ],
          [
            -48.968128200000024,
            -27.13908159923348
          ],
          [
            -48.96813159999999,
            -27.139056999233446
          ],
          [
            -48.96813609999999,
            -27.13903329923347
          ],
          [
            -48.96814180000001,
            -27.139010299233476
          ],
          [
            -48.968148600000006,
            -27.13898779923348
          ],
          [
            -48.96815659999998,
            -27.13896529923348
          ],
          [
            -48.96816580000001,
            -27.138942799233472
          ],
          [
            -48.968176099999994,
            -27.13891999923346
          ],
          [
            -48.9681875,
            -27.138897199233455
          ],
          [
            -48.968199700000014,
            -27.138874499233477
          ],
          [
            -48.96821249999999,
            -27.13885229923348
          ],
          [
            -48.96822589999999,
            -27.138830699233512
          ],
          [
            -48.96823960000001,
            -27.13881009923348
          ],
          [
            -48.968253499999996,
            -27.13879059923347
          ],
          [
            -48.968267399999995,
            -27.13877259923346
          ],
          [
            -48.96828119999998,
            -27.1387560992335
          ],
          [
            -48.9682952,
            -27.13874099923347
          ],
          [
            -48.9683096,
            -27.1387269992335
          ],
          [
            -48.96832490000003,
            -27.138713799233493
          ],
          [
            -48.968341399999986,
            -27.138700999233514
          ],
          [
            -48.96835939999999,
            -27.138688399233462
          ],
          [
            -48.968401099999994,
            -27.138662299233502
          ],
          [
            -48.968451699999996,
            -27.138633799233457
          ],
          [
            -48.968508499999984,
            -27.138604199233477
          ],
          [
            -48.968538000000024,
            -27.13858959923348
          ],
          [
            -48.9685968,
            -27.13856199923346
          ],
          [
            -48.968652500000026,
            -27.138537999233467
          ],
          [
            -48.96870469999999,
            -27.138518099233483
          ],
          [
            -48.968756699999965,
            -27.138501099233466
          ],
          [
            -48.968783599999995,
            -27.13849319923351
          ],
          [
            -48.968841399999974,
            -27.138478099233485
          ],
          [
            -48.968940599999996,
            -27.138455299233467
          ],
          [
            -48.96911949999998,
            -27.13841659923352
          ],
          [
            -48.96918770000001,
            -27.138401199233464
          ],
          [
            -48.969283500000024,
            -27.138377899233515
          ],
          [
            -48.9693714,
            -27.13835409923351
          ],
          [
            -48.96945160000001,
            -27.13832949923349
          ],
          [
            -48.969476600000014,
            -27.138321099233487
          ],
          [
            -48.96950020000003,
            -27.138312599233505
          ],
          [
            -48.9695676,
            -27.138286599233496
          ],
          [
            -48.96958810000001,
            -27.13827779923353
          ],
          [
            -48.969625899999976,
            -27.13825959923352
          ],
          [
            -48.969643000000026,
            -27.13824999923352
          ],
          [
            -48.969658700000025,
            -27.138239899233476
          ],
          [
            -48.969673,
            -27.138229299233473
          ],
          [
            -48.969685700000014,
            -27.138218099233512
          ],
          [
            -48.969696699999986,
            -27.13820609923348
          ],
          [
            -48.96970590000001,
            -27.138193199233484
          ],
          [
            -48.96971330000002,
            -27.13817949923346
          ],
          [
            -48.969718899999975,
            -27.138164899233477
          ],
          [
            -48.9697228,
            -27.138149299233504
          ],
          [
            -48.969724999999976,
            -27.138132799233492
          ],
          [
            -48.969725400000016,
            -27.138115199233507
          ],
          [
            -48.96972419999997,
            -27.13809659923348
          ],
          [
            -48.969721199999974,
            -27.13807689923349
          ],
          [
            -48.96971660000003,
            -27.138055999233504
          ],
          [
            -48.969710299999974,
            -27.138034199233505
          ],
          [
            -48.969702299999994,
            -27.138011499233507
          ],
          [
            -48.96969259999997,
            -27.137987999233502
          ],
          [
            -48.9696811,
            -27.137963899233498
          ],
          [
            -48.96966800000001,
            -27.13793929923353
          ],
          [
            -48.96965310000002,
            -27.13791429923347
          ],
          [
            -48.96963649999998,
            -27.137888999233468
          ],
          [
            -48.96961820000001,
            -27.137863599233505
          ],
          [
            -48.96959829999997,
            -27.137838299233504
          ],
          [
            -48.969577000000015,
            -27.137813099233515
          ],
          [
            -48.96955439999999,
            -27.137788299233513
          ],
          [
            -48.96953079999997,
            -27.137763999233496
          ],
          [
            -48.96950629999998,
            -27.137740399233483
          ],
          [
            -48.969481200000025,
            -27.1377176992335
          ],
          [
            -48.969455400000015,
            -27.13769599923351
          ],
          [
            -48.9694293,
            -27.13767559923353
          ],
          [
            -48.96940269999999,
            -27.137656299233505
          ],
          [
            -48.96937539999999,
            -27.1376382992335
          ],
          [
            -48.969347400000004,
            -27.137621499233525
          ],
          [
            -48.96931840000002,
            -27.13760599923351
          ],
          [
            -48.96928830000002,
            -27.1375917992335
          ],
          [
            -48.969257000000034,
            -27.137578799233474
          ],
          [
            -48.96922430000001,
            -27.137567199233477
          ],
          [
            -48.96919029999998,
            -27.13755689923349
          ],
          [
            -48.96915489999998,
            -27.13754789923352
          ],
          [
            -48.969118700000024,
            -27.137540099233533
          ],
          [
            -48.969081800000026,
            -27.137533599233503
          ],
          [
            -48.96904460000002,
            -27.137528199233536
          ],
          [
            -48.96900740000001,
            -27.137523999233494
          ],
          [
            -48.968970300000024,
            -27.137520899233532
          ],
          [
            -48.9689338,
            -27.137518899233473
          ],
          [
            -48.96889820000001,
            -27.137517999233513
          ],
          [
            -48.9688635,
            -27.137518099233525
          ],
          [
            -48.9688299,
            -27.13751909923353
          ],
          [
            -48.968797499999994,
            -27.13752089923353
          ],
          [
            -48.96876659999998,
            -27.137523599233514
          ],
          [
            -48.96873729999998,
            -27.13752699923349
          ],
          [
            -48.96870969999998,
            -27.137531099233502
          ],
          [
            -48.968683899999974,
            -27.137535799233525
          ],
          [
            -48.96866010000002,
            -27.137540999233508
          ],
          [
            -48.96863819999999,
            -27.137546799233494
          ],
          [
            -48.968618100000015,
            -27.137552899233512
          ],
          [
            -48.96859970000003,
            -27.137559399233503
          ],
          [
            -48.968583000000024,
            -27.137566099233528
          ],
          [
            -48.96855390000002,
            -27.13757999923351
          ],
          [
            -48.968530199999975,
            -27.137593999233488
          ],
          [
            -48.96849259999998,
            -27.13762029923349
          ],
          [
            -48.96847459999998,
            -27.137631299233504
          ],
          [
            -48.96846499999998,
            -27.137636099233514
          ],
          [
            -48.968454699999995,
            -27.137640299233496
          ],
          [
            -48.96844349999998,
            -27.137643799233487
          ],
          [
            -48.96843159999998,
            -27.137646299233477
          ],
          [
            -48.968418799999995,
            -27.1376478992335
          ],
          [
            -48.968405099999984,
            -27.1376481992335
          ],
          [
            -48.96839060000002,
            -27.137647299233524
          ],
          [
            -48.968375200000025,
            -27.137644799233495
          ],
          [
            -48.96835879999998,
            -27.137640799233484
          ],
          [
            -48.96834150000001,
            -27.1376349992335
          ],
          [
            -48.968323199999986,
            -27.13762749923351
          ],
          [
            -48.96830369999998,
            -27.137618199233525
          ],
          [
            -48.96828290000002,
            -27.1376069992335
          ],
          [
            -48.968260799999996,
            -27.137594099233517
          ],
          [
            -48.968237199999976,
            -27.1375793992335
          ],
          [
            -48.968185300000016,
            -27.137544399233537
          ],
          [
            -48.96812670000003,
            -27.13750249923349
          ],
          [
            -48.96795889999998,
            -27.137380099233486
          ],
          [
            -48.96792319999997,
            -27.1373548992335
          ],
          [
            -48.967850699999985,
            -27.13730549923354
          ],
          [
            -48.96781349999998,
            -27.137280999233486
          ],
          [
            -48.96773660000002,
            -27.13723179923351
          ],
          [
            -48.96765510000001,
            -27.13718109923354
          ],
          [
            -48.967521999999974,
            -27.137099799233514
          ],
          [
            -48.96742870000002,
            -27.137041299233534
          ],
          [
            -48.967382100000016,
            -27.137010699233546
          ],
          [
            -48.96733610000001,
            -27.1369791992335
          ],
          [
            -48.96729110000001,
            -27.136946799233485
          ],
          [
            -48.9672476,
            -27.136913399233542
          ],
          [
            -48.96720609999999,
            -27.136879099233518
          ],
          [
            -48.96716650000002,
            -27.136843899233487
          ],
          [
            -48.96712889999998,
            -27.13680809923352
          ],
          [
            -48.96709340000001,
            -27.13677169923352
          ],
          [
            -48.96705989999998,
            -27.13673479923352
          ],
          [
            -48.967028500000026,
            -27.136697599233518
          ],
          [
            -48.966999199999975,
            -27.13666029923354
          ],
          [
            -48.966972,
            -27.136622899233544
          ],
          [
            -48.96694689999998,
            -27.13658549923354
          ],
          [
            -48.96692380000002,
            -27.136548499233534
          ],
          [
            -48.966902600000026,
            -27.1365119992335
          ],
          [
            -48.966882999999996,
            -27.13647629923354
          ],
          [
            -48.96686490000001,
            -27.136441499233516
          ],
          [
            -48.96683259999998,
            -27.136375899233546
          ],
          [
            -48.966768800000004,
            -27.13624009923354
          ],
          [
            -48.96674919999998,
            -27.13619469923351
          ],
          [
            -48.96674059999998,
            -27.136172999233512
          ],
          [
            -48.966725800000006,
            -27.136130899233546
          ],
          [
            -48.9667195,
            -27.136109599233535
          ],
          [
            -48.9667139,
            -27.136087499233508
          ],
          [
            -48.9667091,
            -27.136064199233555
          ],
          [
            -48.966704900000025,
            -27.136038999233527
          ],
          [
            -48.96670139999998,
            -27.13601149923353
          ],
          [
            -48.96669850000001,
            -27.135981099233508
          ],
          [
            -48.96669630000002,
            -27.13594739923355
          ],
          [
            -48.966694700000005,
            -27.13590989923353
          ],
          [
            -48.96669379999997,
            -27.13586909923352
          ],
          [
            -48.96669400000001,
            -27.13582529923356
          ],
          [
            -48.966695500000014,
            -27.135778999233565
          ],
          [
            -48.96669830000002,
            -27.13573079923352
          ],
          [
            -48.96670289999998,
            -27.135680999233514
          ],
          [
            -48.9667093,
            -27.135630199233525
          ],
          [
            -48.966717700000004,
            -27.135578899233522
          ],
          [
            -48.96672840000002,
            -27.135527499233568
          ],
          [
            -48.96674100000001,
            -27.135476199233583
          ],
          [
            -48.96675499999997,
            -27.135425399233515
          ],
          [
            -48.96677010000002,
            -27.135375299233566
          ],
          [
            -48.966785800000025,
            -27.13532619923355
          ],
          [
            -48.96683259999998,
            -27.13518719923357
          ],
          [
            -48.96685980000001,
            -27.135103499233576
          ],
          [
            -48.966882999999996,
            -27.135026399233563
          ],
          [
            -48.966893099999986,
            -27.134989699233557
          ],
          [
            -48.96691019999997,
            -27.13491939923356
          ],
          [
            -48.96691729999998,
            -27.134885299233556
          ],
          [
            -48.966923399999985,
            -27.13485169923357
          ],
          [
            -48.96692860000002,
            -27.134818599233576
          ],
          [
            -48.96693269999997,
            -27.13478589923355
          ],
          [
            -48.966935999999976,
            -27.134753799233554
          ],
          [
            -48.96693829999998,
            -27.134722199233554
          ],
          [
            -48.96693970000001,
            -27.134691099233553
          ],
          [
            -48.966940299999976,
            -27.134660699233542
          ],
          [
            -48.9669399,
            -27.134630899233553
          ],
          [
            -48.96693879999998,
            -27.13460159923355
          ],
          [
            -48.96693670000002,
            -27.134572799233563
          ],
          [
            -48.96693019999998,
            -27.13451569923357
          ],
          [
            -48.96692580000001,
            -27.134487099233567
          ],
          [
            -48.96691470000002,
            -27.13442869923357
          ],
          [
            -48.9669007,
            -27.13436759923358
          ],
          [
            -48.96689240000001,
            -27.13433599923359
          ],
          [
            -48.96688310000002,
            -27.134303899233593
          ],
          [
            -48.9668724,
            -27.13427159923355
          ],
          [
            -48.96686030000001,
            -27.134239199233598
          ],
          [
            -48.96684640000001,
            -27.1342070992336
          ],
          [
            -48.9668307,
            -27.13417539923357
          ],
          [
            -48.966812800000014,
            -27.134144199233543
          ],
          [
            -48.96679280000001,
            -27.13411399923358
          ],
          [
            -48.96677060000002,
            -27.134084599233564
          ],
          [
            -48.966746500000006,
            -27.134056199233548
          ],
          [
            -48.966720699999996,
            -27.13402899923357
          ],
          [
            -48.9666934,
            -27.13400289923356
          ],
          [
            -48.96666470000003,
            -27.133978099233545
          ],
          [
            -48.96663489999997,
            -27.133954599233554
          ],
          [
            -48.966604099999984,
            -27.13393259923355
          ],
          [
            -48.96657240000002,
            -27.133912099233545
          ],
          [
            -48.96653909999998,
            -27.133892599233604
          ],
          [
            -48.96650340000002,
            -27.133873799233587
          ],
          [
            -48.96646449999997,
            -27.133855299233566
          ],
          [
            -48.96642159999999,
            -27.133836599233568
          ],
          [
            -48.96637390000001,
            -27.133817299233552
          ],
          [
            -48.96632060000002,
            -27.1337969992336
          ],
          [
            -48.966194400000006,
            -27.133751699233585
          ],
          [
            -48.966037700000015,
            -27.133698299233576
          ],
          [
            -48.965513800000004,
            -27.13352299923362
          ],
          [
            -48.96539339999998,
            -27.133481299233615
          ],
          [
            -48.96533920000002,
            -27.1334617992336
          ],
          [
            -48.965288699999974,
            -27.133442999233587
          ],
          [
            -48.96524169999998,
            -27.133424799233595
          ],
          [
            -48.96519810000001,
            -27.133406899233595
          ],
          [
            -48.96515770000001,
            -27.133389199233598
          ],
          [
            -48.96512000000002,
            -27.133371599233563
          ],
          [
            -48.96508460000001,
            -27.133353999233577
          ],
          [
            -48.96505130000003,
            -27.13333599923357
          ],
          [
            -48.96501970000003,
            -27.133317599233592
          ],
          [
            -48.96498919999999,
            -27.13329849923361
          ],
          [
            -48.964959599999986,
            -27.133278699233585
          ],
          [
            -48.964930400000014,
            -27.13325789923358
          ],
          [
            -48.964901399999974,
            -27.133235999233598
          ],
          [
            -48.96487250000002,
            -27.133212899233573
          ],
          [
            -48.96484379999998,
            -27.13318859923358
          ],
          [
            -48.96481540000002,
            -27.133163199233607
          ],
          [
            -48.96478730000001,
            -27.133136499233572
          ],
          [
            -48.96475959999998,
            -27.133108699233567
          ],
          [
            -48.96473229999999,
            -27.133079599233575
          ],
          [
            -48.9647056,
            -27.13304919923361
          ],
          [
            -48.96467949999999,
            -27.13301759923361
          ],
          [
            -48.96465389999997,
            -27.132984699233607
          ],
          [
            -48.96462889999998,
            -27.132950599233602
          ],
          [
            -48.964604399999985,
            -27.132915199233608
          ],
          [
            -48.96458050000001,
            -27.13287859923362
          ],
          [
            -48.96455700000002,
            -27.132840599233614
          ],
          [
            -48.964534000000015,
            -27.132801399233603
          ],
          [
            -48.96451150000001,
            -27.13276099923361
          ],
          [
            -48.96448950000002,
            -27.132719199233595
          ],
          [
            -48.96446780000002,
            -27.13267589923358
          ],
          [
            -48.96444650000001,
            -27.132630799233613
          ],
          [
            -48.96442539999998,
            -27.13258379923362
          ],
          [
            -48.96440469999999,
            -27.132534499233614
          ],
          [
            -48.96438410000002,
            -27.132482699233627
          ],
          [
            -48.96436369999998,
            -27.13242819923359
          ],
          [
            -48.96434340000002,
            -27.132370699233626
          ],
          [
            -48.96430279999999,
            -27.13224709923358
          ],
          [
            -48.96424050000002,
            -27.132049499233606
          ],
          [
            -48.964219000000014,
            -27.131983099233622
          ],
          [
            -48.96419700000001,
            -27.131917499233605
          ],
          [
            -48.964174300000025,
            -27.13185359923361
          ],
          [
            -48.96413899999998,
            -27.1317619992336
          ],
          [
            -48.9641272,
            -27.131732199233607
          ],
          [
            -48.9640379,
            -27.131519799233608
          ],
          [
            -48.96401900000001,
            -27.131473699233638
          ],
          [
            -48.96400249999999,
            -27.131430399233622
          ],
          [
            -48.96398859999999,
            -27.131390199233625
          ],
          [
            -48.963977199999995,
            -27.131352499233607
          ],
          [
            -48.96396829999997,
            -27.13131689923364
          ],
          [
            -48.963961600000005,
            -27.131282899233593
          ],
          [
            -48.96395699999999,
            -27.131249899233627
          ],
          [
            -48.96395449999999,
            -27.131217399233652
          ],
          [
            -48.96395369999999,
            -27.13118499923365
          ],
          [
            -48.96395469999999,
            -27.131151999233612
          ],
          [
            -48.96395719999999,
            -27.131118199233637
          ],
          [
            -48.96396110000001,
            -27.1310836992336
          ],
          [
            -48.963966400000004,
            -27.131048599233615
          ],
          [
            -48.96397289999998,
            -27.131013299233633
          ],
          [
            -48.96398060000001,
            -27.130977999233657
          ],
          [
            -48.96398929999999,
            -27.13094289923361
          ],
          [
            -48.96399889999998,
            -27.130908299233617
          ],
          [
            -48.96400940000001,
            -27.13087449923363
          ],
          [
            -48.964020600000026,
            -27.13084159923364
          ],
          [
            -48.96403249999997,
            -27.130809699233616
          ],
          [
            -48.964045,
            -27.13077879923361
          ],
          [
            -48.96405809999999,
            -27.130749099233636
          ],
          [
            -48.96407169999998,
            -27.130720499233632
          ],
          [
            -48.96408589999999,
            -27.130693099233614
          ],
          [
            -48.9641004,
            -27.1306667992336
          ],
          [
            -48.96411540000003,
            -27.130641899233634
          ],
          [
            -48.9641307,
            -27.130618199233652
          ],
          [
            -48.964146200000016,
            -27.130595799233614
          ],
          [
            -48.96416190000002,
            -27.13057469923364
          ],
          [
            -48.964177600000035,
            -27.130554999233656
          ],
          [
            -48.96419320000001,
            -27.130536699233634
          ],
          [
            -48.96420869999997,
            -27.130519799233642
          ],
          [
            -48.96422389999998,
            -27.130504399233647
          ],
          [
            -48.96423870000001,
            -27.13049049923364
          ],
          [
            -48.964266899999984,
            -27.13046669923364
          ],
          [
            -48.96432870000001,
            -27.13042119923365
          ],
          [
            -48.96434979999998,
            -27.130403399233625
          ],
          [
            -48.9643595,
            -27.130393899233646
          ],
          [
            -48.9643686,
            -27.130383799233634
          ],
          [
            -48.964377099999986,
            -27.130373199233638
          ],
          [
            -48.96438490000002,
            -27.13036189923367
          ],
          [
            -48.964391999999975,
            -27.130349799233624
          ],
          [
            -48.96439839999999,
            -27.13033699923364
          ],
          [
            -48.96440400000001,
            -27.130323399233653
          ],
          [
            -48.9644088,
            -27.130308899233633
          ],
          [
            -48.9644126,
            -27.130293399233672
          ],
          [
            -48.96441540000001,
            -27.130276999233626
          ],
          [
            -48.964417000000026,
            -27.130259699233658
          ],
          [
            -48.96441729999999,
            -27.13024139923363
          ],
          [
            -48.96441620000002,
            -27.13022209923367
          ],
          [
            -48.9644136,
            -27.130201699233623
          ],
          [
            -48.96440919999997,
            -27.130180299233658
          ],
          [
            -48.96440310000003,
            -27.130157899233634
          ],
          [
            -48.964395000000025,
            -27.13013459923366
          ],
          [
            -48.96438469999998,
            -27.130110299233664
          ],
          [
            -48.96437220000002,
            -27.130085299233667
          ],
          [
            -48.96435709999997,
            -27.13005949923366
          ],
          [
            -48.96433939999997,
            -27.130033199233658
          ],
          [
            -48.96431890000003,
            -27.130006399233668
          ],
          [
            -48.96429540000002,
            -27.129979099233672
          ],
          [
            -48.96426880000001,
            -27.12995149923366
          ],
          [
            -48.96423979999997,
            -27.12992359923363
          ],
          [
            -48.96414549999997,
            -27.12983799923365
          ],
          [
            -48.964114,
            -27.129808799233633
          ],
          [
            -48.96408380000002,
            -27.12977929923365
          ],
          [
            -48.964055599999995,
            -27.129749499233657
          ],
          [
            -48.96402979999999,
            -27.129719399233643
          ],
          [
            -48.96400640000002,
            -27.129689199233628
          ],
          [
            -48.963984900000014,
            -27.129659299233673
          ],
          [
            -48.96396499999997,
            -27.129629699233657
          ],
          [
            -48.96391110000002,
            -27.129545699233653
          ],
          [
            -48.963893799999994,
            -27.129519999233676
          ],
          [
            -48.96387629999998,
            -27.129495899233653
          ],
          [
            -48.963858200000004,
            -27.129473199233665
          ],
          [
            -48.963839300000025,
            -27.12945179923369
          ],
          [
            -48.96381939999998,
            -27.12943149923368
          ],
          [
            -48.96379830000001,
            -27.129412199233645
          ],
          [
            -48.9637755,
            -27.129393599233673
          ],
          [
            -48.963751,
            -27.129375699233684
          ],
          [
            -48.963724300000024,
            -27.129358299233648
          ],
          [
            -48.963695499999965,
            -27.129341199233664
          ],
          [
            -48.96366449999999,
            -27.129324199233658
          ],
          [
            -48.96352200000001,
            -27.1292502992337
          ],
          [
            -48.96348260000002,
            -27.129228899233656
          ],
          [
            -48.96344199999999,
            -27.129205799233695
          ],
          [
            -48.96340029999999,
            -27.12918069923368
          ],
          [
            -48.963357900000005,
            -27.12915369923368
          ],
          [
            -48.96331509999999,
            -27.12912519923365
          ],
          [
            -48.96327220000001,
            -27.129095199233664
          ],
          [
            -48.96322950000001,
            -27.129064099233673
          ],
          [
            -48.96318739999998,
            -27.129032099233687
          ],
          [
            -48.963145999999995,
            -27.12899929923364
          ],
          [
            -48.963105799999994,
            -27.12896609923368
          ],
          [
            -48.963067000000024,
            -27.12893259923365
          ],
          [
            -48.963029500000005,
            -27.128898599233683
          ],
          [
            -48.96299299999998,
            -27.128864099233663
          ],
          [
            -48.962957399999986,
            -27.128828899233646
          ],
          [
            -48.96292260000001,
            -27.12879279923365
          ],
          [
            -48.962888299999975,
            -27.128755699233672
          ],
          [
            -48.962854400000026,
            -27.128717499233662
          ],
          [
            -48.962820599999986,
            -27.128677899233686
          ],
          [
            -48.962786799999996,
            -27.12863679923365
          ],
          [
            -48.9627529,
            -27.128594399233677
          ],
          [
            -48.962718699999975,
            -27.128550499233686
          ],
          [
            -48.962648899999984,
            -27.128458499233705
          ],
          [
            -48.962500499999976,
            -27.128258799233716
          ],
          [
            -48.96242169999999,
            -27.12815389923366
          ],
          [
            -48.96234279999999,
            -27.128051099233677
          ],
          [
            -48.96226669999999,
            -27.1279553992337
          ],
          [
            -48.962230499999976,
            -27.127911699233717
          ],
          [
            -48.96219589999998,
            -27.127871399233694
          ],
          [
            -48.96216290000001,
            -27.12783449923371
          ],
          [
            -48.96213110000002,
            -27.127800699233717
          ],
          [
            -48.96210050000002,
            -27.127769699233678
          ],
          [
            -48.962070700000034,
            -27.12774139923368
          ],
          [
            -48.9620415,
            -27.12771559923368
          ],
          [
            -48.96201280000002,
            -27.12769199923372
          ],
          [
            -48.961984400000006,
            -27.127670399233697
          ],
          [
            -48.96195599999999,
            -27.12765059923368
          ],
          [
            -48.96192760000002,
            -27.12763249923371
          ],
          [
            -48.961899000000024,
            -27.127615999233683
          ],
          [
            -48.96187020000002,
            -27.127601199233705
          ],
          [
            -48.961840999999986,
            -27.127587899233674
          ],
          [
            -48.96181150000001,
            -27.127576099233696
          ],
          [
            -48.96178140000001,
            -27.127565799233714
          ],
          [
            -48.961750699999975,
            -27.127556899233703
          ],
          [
            -48.961719399999986,
            -27.127549299233696
          ],
          [
            -48.961687299999994,
            -27.127543099233726
          ],
          [
            -48.96165450000001,
            -27.127538099233675
          ],
          [
            -48.96162079999999,
            -27.12753429923367
          ],
          [
            -48.9615862,
            -27.127531799233687
          ],
          [
            -48.961550699999975,
            -27.127530399233724
          ],
          [
            -48.961514299999976,
            -27.127530099233702
          ],
          [
            -48.96147680000002,
            -27.1275308992337
          ],
          [
            -48.9614383,
            -27.12753279923368
          ],
          [
            -48.961399099999994,
            -27.127535899233703
          ],
          [
            -48.961359500000015,
            -27.127540299233715
          ],
          [
            -48.96132,
            -27.127546099233715
          ],
          [
            -48.96128090000003,
            -27.12755349923367
          ],
          [
            -48.96124259999999,
            -27.127562699233696
          ],
          [
            -48.96120539999998,
            -27.127573799233694
          ],
          [
            -48.96116970000002,
            -27.127586799233708
          ],
          [
            -48.96113580000003,
            -27.12760199923372
          ],
          [
            -48.96110349999998,
            -27.12761919923372
          ],
          [
            -48.96107280000002,
            -27.127638299233684
          ],
          [
            -48.961043399999994,
            -27.12765909923371
          ],
          [
            -48.96101520000002,
            -27.127681499233688
          ],
          [
            -48.96098790000001,
            -27.12770539923372
          ],
          [
            -48.96096139999997,
            -27.127730699233677
          ],
          [
            -48.9609355,
            -27.127757099233687
          ],
          [
            -48.96091000000001,
            -27.127784799233662
          ],
          [
            -48.96088420000001,
            -27.127813699233688
          ],
          [
            -48.960768299999984,
            -27.127948099233723
          ],
          [
            -48.96069440000002,
            -27.128030199233695
          ],
          [
            -48.96065170000003,
            -27.128075699233698
          ],
          [
            -48.96060540000002,
            -27.128123699233686
          ],
          [
            -48.96055630000001,
            -27.12817349923369
          ],
          [
            -48.9605049,
            -27.1282243992337
          ],
          [
            -48.960451999999975,
            -27.128275799233666
          ],
          [
            -48.96039819999998,
            -27.128326999233696
          ],
          [
            -48.96034420000001,
            -27.12837719923367
          ],
          [
            -48.960290499999985,
            -27.128425899233704
          ],
          [
            -48.960237800000016,
            -27.128472499233663
          ],
          [
            -48.96018600000002,
            -27.12851699923368
          ],
          [
            -48.96013499999998,
            -27.128559599233704
          ],
          [
            -48.960084499999994,
            -27.128600499233677
          ],
          [
            -48.96003430000002,
            -27.128639899233672
          ],
          [
            -48.95998450000001,
            -27.128677999233656
          ],
          [
            -48.9599346,
            -27.12871499923367
          ],
          [
            -48.95988460000001,
            -27.128751099233654
          ],
          [
            -48.9598345,
            -27.128786399233704
          ],
          [
            -48.9597521,
            -27.128842299233646
          ],
          [
            -48.95968670000002,
            -27.128885799233647
          ],
          [
            -48.95959490000001,
            -27.128944599233684
          ],
          [
            -48.959476,
            -27.129017799233644
          ],
          [
            -48.959409100000016,
            -27.12905619923366
          ],
          [
            -48.95937730000003,
            -27.129073099233686
          ],
          [
            -48.959345299999995,
            -27.12908889923366
          ],
          [
            -48.95931239999999,
            -27.12910379923367
          ],
          [
            -48.95927769999997,
            -27.12911829923368
          ],
          [
            -48.95924050000002,
            -27.12913259923366
          ],
          [
            -48.95919989999999,
            -27.129146999233654
          ],
          [
            -48.959156199999995,
            -27.129161499233675
          ],
          [
            -48.95910939999999,
            -27.12917609923367
          ],
          [
            -48.95900779999999,
            -27.129205599233646
          ],
          [
            -48.95889690000001,
            -27.129235399233693
          ],
          [
            -48.95877869999998,
            -27.129265399233677
          ],
          [
            -48.958581400000014,
            -27.129313899233654
          ],
          [
            -48.958414300000015,
            -27.129356299233645
          ],
          [
            -48.95835770000002,
            -27.129371799233663
          ],
          [
            -48.95830350000001,
            -27.129387299233674
          ],
          [
            -48.95825180000003,
            -27.129403199233664
          ],
          [
            -48.95820220000002,
            -27.129419599233664
          ],
          [
            -48.95815479999999,
            -27.129436799233673
          ],
          [
            -48.95810920000003,
            -27.129454999233676
          ],
          [
            -48.95806529999999,
            -27.12947449923367
          ],
          [
            -48.958023000000026,
            -27.12949529923363
          ],
          [
            -48.95798209999998,
            -27.129517899233655
          ],
          [
            -48.9579425,
            -27.129542299233695
          ],
          [
            -48.95790419999998,
            -27.129568299233675
          ],
          [
            -48.957867400000005,
            -27.129595599233678
          ],
          [
            -48.95783210000002,
            -27.129624099233663
          ],
          [
            -48.95779870000001,
            -27.129653299233645
          ],
          [
            -48.95776699999999,
            -27.12968309923367
          ],
          [
            -48.957737399999985,
            -27.129713099233665
          ],
          [
            -48.95770979999997,
            -27.12974309923364
          ],
          [
            -48.95768450000003,
            -27.129772899233632
          ],
          [
            -48.957661099999996,
            -27.129802499233637
          ],
          [
            -48.95763959999999,
            -27.12983189923365
          ],
          [
            -48.957619500000014,
            -27.129861499233655
          ],
          [
            -48.95760080000002,
            -27.129891099233657
          ],
          [
            -48.95758319999999,
            -27.129920999233683
          ],
          [
            -48.95756640000002,
            -27.129951299233667
          ],
          [
            -48.957534599999974,
            -27.130013199233655
          ],
          [
            -48.95750479999998,
            -27.13007659923364
          ],
          [
            -48.957491000000005,
            -27.13010829923366
          ],
          [
            -48.95746589999998,
            -27.13017049923367
          ],
          [
            -48.957454900000016,
            -27.13020069923363
          ],
          [
            -48.95744500000001,
            -27.130229999233634
          ],
          [
            -48.957436400000006,
            -27.13025819923366
          ],
          [
            -48.95742899999999,
            -27.130285599233623
          ],
          [
            -48.957422800000025,
            -27.130312599233672
          ],
          [
            -48.95741779999997,
            -27.13033969923363
          ],
          [
            -48.957413900000006,
            -27.13036709923365
          ],
          [
            -48.95741099999998,
            -27.130395199233654
          ],
          [
            -48.957409199999965,
            -27.13042449923365
          ],
          [
            -48.95740840000002,
            -27.13045529923364
          ],
          [
            -48.957408600000015,
            -27.13048789923363
          ],
          [
            -48.957409600000005,
            -27.130521999233622
          ],
          [
            -48.95741429999999,
            -27.130593699233653
          ],
          [
            -48.957422099999974,
            -27.13066799923365
          ],
          [
            -48.95742710000002,
            -27.130705299233625
          ],
          [
            -48.9574389,
            -27.130778599233615
          ],
          [
            -48.957452499999995,
            -27.130849399233618
          ],
          [
            -48.9574935,
            -27.131042199233654
          ],
          [
            -48.957503900000006,
            -27.13109899923364
          ],
          [
            -48.95750820000001,
            -27.1311258992336
          ],
          [
            -48.95751480000001,
            -27.131176599233637
          ],
          [
            -48.957518600000014,
            -27.13122319923364
          ],
          [
            -48.9575193,
            -27.131265799233613
          ],
          [
            -48.95751689999997,
            -27.131305599233634
          ],
          [
            -48.95751469999999,
            -27.131324899233604
          ],
          [
            -48.957508099999984,
            -27.13136299923366
          ],
          [
            -48.957498799999996,
            -27.131401599233637
          ],
          [
            -48.95749319999998,
            -27.13142129923362
          ],
          [
            -48.95747990000001,
            -27.131460999233635
          ],
          [
            -48.95747230000001,
            -27.13148069923362
          ],
          [
            -48.957454900000016,
            -27.131519399233625
          ],
          [
            -48.957445199999995,
            -27.13153809923361
          ],
          [
            -48.95743470000002,
            -27.131556299233612
          ],
          [
            -48.957423500000004,
            -27.13157389923359
          ],
          [
            -48.95741159999999,
            -27.13159079923365
          ],
          [
            -48.95739900000001,
            -27.1316067992336
          ],
          [
            -48.95738560000001,
            -27.13162209923363
          ],
          [
            -48.95737150000002,
            -27.131636399233617
          ],
          [
            -48.957356600000026,
            -27.131649599233622
          ],
          [
            -48.95734090000002,
            -27.131661799233637
          ],
          [
            -48.957324400000005,
            -27.13167269923364
          ],
          [
            -48.957307000000014,
            -27.131682699233615
          ],
          [
            -48.957288300000016,
            -27.131691799233614
          ],
          [
            -48.95726810000002,
            -27.13170009923361
          ],
          [
            -48.957246199999986,
            -27.131707799233634
          ],
          [
            -48.95722239999998,
            -27.13171509923363
          ],
          [
            -48.957168000000024,
            -27.131729099233585
          ],
          [
            -48.95710409999998,
            -27.131742699233627
          ],
          [
            -48.95706969999998,
            -27.13174939923361
          ],
          [
            -48.95699880000001,
            -27.1317619992336
          ],
          [
            -48.956896099999994,
            -27.131777699233602
          ],
          [
            -48.95683600000001,
            -27.131785199233654
          ],
          [
            -48.95680870000001,
            -27.131787899233636
          ],
          [
            -48.95675920000003,
            -27.131791599233594
          ],
          [
            -48.95673679999999,
            -27.13179249923364
          ],
          [
            -48.956696000000015,
            -27.131792399233607
          ],
          [
            -48.95665960000002,
            -27.131789799233598
          ],
          [
            -48.95662570000002,
            -27.131784499233593
          ],
          [
            -48.95659180000001,
            -27.131776399233605
          ],
          [
            -48.956555700000024,
            -27.13176539923361
          ],
          [
            -48.95651570000001,
            -27.13175119923361
          ],
          [
            -48.95649450000002,
            -27.131742699233627
          ],
          [
            -48.956472599999984,
            -27.131733099233642
          ],
          [
            -48.95645029999997,
            -27.13172229923358
          ],
          [
            -48.95642779999997,
            -27.131710199233606
          ],
          [
            -48.95640529999998,
            -27.131696799233595
          ],
          [
            -48.956382899999994,
            -27.131681899233616
          ],
          [
            -48.956360700000005,
            -27.13166539923359
          ],
          [
            -48.956338800000026,
            -27.131647399233643
          ],
          [
            -48.956317199999994,
            -27.13162789923363
          ],
          [
            -48.95629569999999,
            -27.131606999233593
          ],
          [
            -48.95627439999999,
            -27.131584599233616
          ],
          [
            -48.956253300000014,
            -27.13156069923363
          ],
          [
            -48.95623219999999,
            -27.13153559923363
          ],
          [
            -48.956211300000014,
            -27.13150909923364
          ],
          [
            -48.95616940000002,
            -27.131452299233608
          ],
          [
            -48.95614849999998,
            -27.131422099233635
          ],
          [
            -48.9561066,
            -27.131358299233607
          ],
          [
            -48.95608570000002,
            -27.131324799233642
          ],
          [
            -48.95604359999999,
            -27.13125489923361
          ],
          [
            -48.95593960000003,
            -27.131073499233647
          ],
          [
            -48.95590069999998,
            -27.131006699233634
          ],
          [
            -48.95586459999999,
            -27.130948199233604
          ],
          [
            -48.95584760000003,
            -27.130922399233608
          ],
          [
            -48.9558146,
            -27.13087639923361
          ],
          [
            -48.955798300000026,
            -27.130855599233655
          ],
          [
            -48.95578189999998,
            -27.13083579923363
          ],
          [
            -48.955764999999985,
            -27.130816799233635
          ],
          [
            -48.95572950000001,
            -27.13078019923363
          ],
          [
            -48.9557107,
            -27.13076229923364
          ],
          [
            -48.95569130000001,
            -27.130744999233627
          ],
          [
            -48.955671499999994,
            -27.130728299233628
          ],
          [
            -48.95565119999998,
            -27.130712499233656
          ],
          [
            -48.955630799999994,
            -27.13069769923363
          ],
          [
            -48.9556101,
            -27.13068399923361
          ],
          [
            -48.95558940000001,
            -27.13067169923363
          ],
          [
            -48.955568700000015,
            -27.130660699233665
          ],
          [
            -48.95554809999999,
            -27.13065119923363
          ],
          [
            -48.95552759999998,
            -27.130642999233658
          ],
          [
            -48.955507099999984,
            -27.130636099233644
          ],
          [
            -48.95548680000002,
            -27.13063029923365
          ],
          [
            -48.95546660000002,
            -27.130625699233637
          ],
          [
            -48.955446600000016,
            -27.130622099233623
          ],
          [
            -48.95542679999999,
            -27.130619399233634
          ],
          [
            -48.95540720000002,
            -27.130617699233653
          ],
          [
            -48.95538779999998,
            -27.13061699923361
          ],
          [
            -48.95536870000001,
            -27.130617399233643
          ],
          [
            -48.95534980000002,
            -27.13061899923366
          ],
          [
            -48.95533110000002,
            -27.130621899233635
          ],
          [
            -48.95531269999998,
            -27.130626299233654
          ],
          [
            -48.95529449999997,
            -27.13063209923365
          ],
          [
            -48.95527659999999,
            -27.13063959923363
          ],
          [
            -48.955259000000005,
            -27.130648899233627
          ],
          [
            -48.95524160000002,
            -27.13065999923361
          ],
          [
            -48.95522460000001,
            -27.130673199233634
          ],
          [
            -48.955207900000005,
            -27.13068839923364
          ],
          [
            -48.9551917,
            -27.130705999233605
          ],
          [
            -48.95517589999997,
            -27.130725999233622
          ],
          [
            -48.955160499999984,
            -27.130748599233645
          ],
          [
            -48.9551457,
            -27.13077389923365
          ],
          [
            -48.955131300000005,
            -27.130801899233624
          ],
          [
            -48.955117400000006,
            -27.13083209923366
          ],
          [
            -48.95510389999998,
            -27.1308639992336
          ],
          [
            -48.955051000000026,
            -27.130995099233637
          ],
          [
            -48.955037600000026,
            -27.131025699233636
          ],
          [
            -48.955023900000015,
            -27.131054399233616
          ],
          [
            -48.955010000000016,
            -27.131081499233623
          ],
          [
            -48.95499589999997,
            -27.131107299233626
          ],
          [
            -48.9549212,
            -27.131232999233635
          ],
          [
            -48.95488979999999,
            -27.131288899233642
          ],
          [
            -48.954874099999984,
            -27.1313182992336
          ],
          [
            -48.954843600000004,
            -27.131379499233603
          ],
          [
            -48.954829200000006,
            -27.131410699233623
          ],
          [
            -48.95481539999998,
            -27.13144209923364
          ],
          [
            -48.954802599999994,
            -27.13147359923362
          ],
          [
            -48.954790800000005,
            -27.1315048992336
          ],
          [
            -48.954779900000005,
            -27.13153629923362
          ],
          [
            -48.954769899999974,
            -27.131567799233647
          ],
          [
            -48.95476079999997,
            -27.131599699233593
          ],
          [
            -48.954744600000026,
            -27.131665199233606
          ],
          [
            -48.954730600000005,
            -27.131734399233647
          ],
          [
            -48.95471850000001,
            -27.13180809923362
          ],
          [
            -48.95471329999997,
            -27.131846299233622
          ],
          [
            -48.95470899999998,
            -27.131884999233623
          ],
          [
            -48.95470560000001,
            -27.13192399923365
          ],
          [
            -48.954703300000006,
            -27.131963199233592
          ],
          [
            -48.95470210000002,
            -27.13200209923364
          ],
          [
            -48.954702399999974,
            -27.132040699233617
          ],
          [
            -48.954704100000015,
            -27.132078699233627
          ],
          [
            -48.95470719999997,
            -27.13211629923362
          ],
          [
            -48.95471190000001,
            -27.132153699233616
          ],
          [
            -48.95471809999997,
            -27.132190899233624
          ],
          [
            -48.95472569999998,
            -27.132228299233617
          ],
          [
            -48.95473490000001,
            -27.132265899233605
          ],
          [
            -48.95474550000001,
            -27.132303999233585
          ],
          [
            -48.95475770000001,
            -27.132342799233612
          ],
          [
            -48.954771400000034,
            -27.132382299233626
          ],
          [
            -48.95478630000002,
            -27.13242219923361
          ],
          [
            -48.95480220000001,
            -27.132462299233595
          ],
          [
            -48.95483630000001,
            -27.132541499233604
          ],
          [
            -48.954871500000024,
            -27.132616999233583
          ],
          [
            -48.954888900000014,
            -27.1326524992336
          ],
          [
            -48.95492250000001,
            -27.132717899233594
          ],
          [
            -48.95495399999999,
            -27.13277629923359
          ],
          [
            -48.95502169999998,
            -27.132897799233618
          ],
          [
            -48.95504349999998,
            -27.1329396992336
          ],
          [
            -48.955052900000005,
            -27.132960199233608
          ],
          [
            -48.95506119999999,
            -27.132980799233582
          ],
          [
            -48.95506849999998,
            -27.1330018992336
          ],
          [
            -48.95507450000002,
            -27.1330235992336
          ],
          [
            -48.95507919999999,
            -27.13304619923361
          ],
          [
            -48.9550825,
            -27.133070099233585
          ],
          [
            -48.9550845,
            -27.133095099233575
          ],
          [
            -48.95508510000002,
            -27.133121299233622
          ],
          [
            -48.955084199999995,
            -27.13314839923357
          ],
          [
            -48.95508189999998,
            -27.1331765992336
          ],
          [
            -48.955078199999996,
            -27.133205599233584
          ],
          [
            -48.95507300000003,
            -27.133235399233577
          ],
          [
            -48.95506640000002,
            -27.133265899233614
          ],
          [
            -48.955058199999996,
            -27.133296999233618
          ],
          [
            -48.95504870000002,
            -27.13332859923361
          ],
          [
            -48.95503769999999,
            -27.1333603992336
          ],
          [
            -48.95502520000002,
            -27.1333921992336
          ],
          [
            -48.95501150000001,
            -27.133423799233594
          ],
          [
            -48.9549963,
            -27.133454899233595
          ],
          [
            -48.95497979999999,
            -27.1334854992336
          ],
          [
            -48.954962000000016,
            -27.133515199233553
          ],
          [
            -48.95494289999999,
            -27.13354389923359
          ],
          [
            -48.95492250000001,
            -27.13357159923357
          ],
          [
            -48.95490080000002,
            -27.133598399233563
          ],
          [
            -48.954877899999985,
            -27.133624299233592
          ],
          [
            -48.95485370000001,
            -27.133649499233567
          ],
          [
            -48.95482820000001,
            -27.133673999233565
          ],
          [
            -48.95480140000001,
            -27.133697799233566
          ],
          [
            -48.9547733,
            -27.133720999233564
          ],
          [
            -48.954744000000005,
            -27.1337436992336
          ],
          [
            -48.954713500000025,
            -27.133765799233572
          ],
          [
            -48.954681600000015,
            -27.13378699923356
          ],
          [
            -48.954648599999985,
            -27.133807399233604
          ],
          [
            -48.954614400000025,
            -27.133826699233563
          ],
          [
            -48.9545789,
            -27.133844799233593
          ],
          [
            -48.95454230000001,
            -27.13386159923356
          ],
          [
            -48.95450460000001,
            -27.133876999233564
          ],
          [
            -48.954465700000014,
            -27.133890799233594
          ],
          [
            -48.9544257,
            -27.13390319923359
          ],
          [
            -48.95438489999998,
            -27.13391439923355
          ],
          [
            -48.95434310000001,
            -27.13392459923358
          ],
          [
            -48.95425770000003,
            -27.133942899233595
          ],
          [
            -48.95403759999999,
            -27.1339845992336
          ],
          [
            -48.95395130000003,
            -27.13400219923357
          ],
          [
            -48.953909599999974,
            -27.134011599233585
          ],
          [
            -48.9538693,
            -27.13402139923357
          ],
          [
            -48.95383060000001,
            -27.134031699233557
          ],
          [
            -48.95379370000001,
            -27.13404259923356
          ],
          [
            -48.95375849999999,
            -27.134054299233576
          ],
          [
            -48.95372500000002,
            -27.13406669923358
          ],
          [
            -48.95369299999999,
            -27.134079999233553
          ],
          [
            -48.953662399999985,
            -27.13409439923355
          ],
          [
            -48.953633000000025,
            -27.13410989923356
          ],
          [
            -48.953604799999994,
            -27.13412659923358
          ],
          [
            -48.95357769999998,
            -27.134144599233586
          ],
          [
            -48.95355139999998,
            -27.134164099233598
          ],
          [
            -48.95352580000002,
            -27.13418499923356
          ],
          [
            -48.953500500000025,
            -27.13420749923356
          ],
          [
            -48.95347529999997,
            -27.13423159923359
          ],
          [
            -48.95344979999998,
            -27.13425719923355
          ],
          [
            -48.953423799999996,
            -27.134284599233574
          ],
          [
            -48.95333979999998,
            -27.134377299233552
          ],
          [
            -48.95327869999999,
            -27.134447099233554
          ],
          [
            -48.9532163,
            -27.134520999233576
          ],
          [
            -48.95315579999999,
            -27.134596899233568
          ],
          [
            -48.95312710000002,
            -27.134634899233536
          ],
          [
            -48.95309989999999,
            -27.13467259923356
          ],
          [
            -48.9530742,
            -27.13471019923354
          ],
          [
            -48.953049899999996,
            -27.134747699233543
          ],
          [
            -48.95302700000002,
            -27.134785199233562
          ],
          [
            -48.95300550000002,
            -27.134822799233557
          ],
          [
            -48.9529852,
            -27.134860599233598
          ],
          [
            -48.95296619999999,
            -27.134898799233525
          ],
          [
            -48.9529485,
            -27.134937499233537
          ],
          [
            -48.95293190000001,
            -27.134976599233575
          ],
          [
            -48.95291639999999,
            -27.13501629923357
          ],
          [
            -48.95290189999997,
            -27.13505619923356
          ],
          [
            -48.952888400000006,
            -27.135096399233564
          ],
          [
            -48.95287589999999,
            -27.13513659923356
          ],
          [
            -48.952853499999996,
            -27.135216999233563
          ],
          [
            -48.95283410000002,
            -27.13529639923356
          ],
          [
            -48.952816799999994,
            -27.135375299233566
          ],
          [
            -48.95278330000002,
            -27.135538399233514
          ],
          [
            -48.95276419999999,
            -27.135626099233573
          ],
          [
            -48.95268759999999,
            -27.135955599233526
          ],
          [
            -48.95266700000003,
            -27.136047999233547
          ],
          [
            -48.95264850000001,
            -27.13613549923355
          ],
          [
            -48.95262630000002,
            -27.136251999233547
          ],
          [
            -48.952616200000016,
            -27.136316499233548
          ],
          [
            -48.952612699999975,
            -27.136344899233517
          ],
          [
            -48.95261019999999,
            -27.136371399233504
          ],
          [
            -48.95260880000001,
            -27.136396899233556
          ],
          [
            -48.952608399999974,
            -27.136421899233543
          ],
          [
            -48.952608999999995,
            -27.136447199233547
          ],
          [
            -48.952610600000014,
            -27.13647339923353
          ],
          [
            -48.9526133,
            -27.136501199233518
          ],
          [
            -48.952621599999986,
            -27.136562699233533
          ],
          [
            -48.95262730000002,
            -27.136595899233505
          ],
          [
            -48.95263410000001,
            -27.1366302992335
          ],
          [
            -48.95264209999999,
            -27.136665599233545
          ],
          [
            -48.95265119999999,
            -27.13670129923355
          ],
          [
            -48.9526616,
            -27.13673719923355
          ],
          [
            -48.95267310000003,
            -27.13677289923351
          ],
          [
            -48.95268590000001,
            -27.136807999233493
          ],
          [
            -48.952699800000005,
            -27.136842599233532
          ],
          [
            -48.9527147,
            -27.136876699233536
          ],
          [
            -48.95273020000002,
            -27.13691019923351
          ],
          [
            -48.952763000000004,
            -27.136975699233506
          ],
          [
            -48.95281369999998,
            -27.137070199233495
          ],
          [
            -48.95293290000001,
            -27.137287299233535
          ]
        ]
      },
      "properties": {
        "OBJECTID": 42370,
        "COTRECHO": 12886,
        "COBACIA": "77962531",
        "NORIOCOMP": "Rio Itajaí-mirim",
        "NOORIGINAL": "Rio Itajaí-mirim",
        "NUSTRAHLER": 4,
        "NUTRJUS": 344704,
        "NUCOMPTREC": 8.81442998,
        "NUAREAMONT": 976.2357133
      }
    },
    {
      "type": "Feature",
      "id": 49918,
      "geometry": {
        "type": "LineString",
        "coordinates": [
          [
            -48.69495410000001,
            -26.934003399237437
          ],
          [
            -48.694684800000005,
            -26.934060199237408
          ],
          [
            -48.6944924,
            -26.934106899237452
          ],
          [
            -48.69433159999999,
            -26.934152199237456
          ],
          [
            -48.694195200000024,
            -26.934194299237426
          ],
          [
            -48.69404509999998,
            -26.934244599237427
          ],
          [
            -48.693743900000015,
            -26.934356699237455
          ],
          [
            -48.69349920000002,
            -26.934451099237414
          ],
          [
            -48.69340729999999,
            -26.934483099237447
          ],
          [
            -48.69335139999998,
            -26.934498799237385
          ],
          [
            -48.69327500000002,
            -26.934514399237436
          ],
          [
            -48.69322979999998,
            -26.934520299237402
          ],
          [
            -48.693171199999995,
            -26.93452359923741
          ],
          [
            -48.69312150000001,
            -26.93452109923742
          ],
          [
            -48.69306189999998,
            -26.93451099923742
          ],
          [
            -48.692989800000014,
            -26.934490799237423
          ],
          [
            -48.69290469999998,
            -26.934460299237436
          ],
          [
            -48.69286039999997,
            -26.93443909923745
          ],
          [
            -48.69281189999998,
            -26.93440929923745
          ],
          [
            -48.692716399999995,
            -26.934335099237426
          ],
          [
            -48.69254399999999,
            -26.93418729923745
          ],
          [
            -48.69230199999999,
            -26.93397159923743
          ],
          [
            -48.69211089999999,
            -26.93379459923744
          ],
          [
            -48.69193439999998,
            -26.933625099237407
          ],
          [
            -48.69154659999998,
            -26.93324459923747
          ],
          [
            -48.691474400000004,
            -26.93316279923744
          ],
          [
            -48.691388300000035,
            -26.93304639923748
          ],
          [
            -48.691337200000014,
            -26.932962399237468
          ],
          [
            -48.69131199999998,
            -26.932911399237472
          ],
          [
            -48.69129270000002,
            -26.932863299237468
          ],
          [
            -48.69126499999999,
            -26.932765999237468
          ],
          [
            -48.69124210000001,
            -26.93264929923745
          ],
          [
            -48.691227200000014,
            -26.93253039923748
          ],
          [
            -48.6912185,
            -26.93242839923745
          ],
          [
            -48.69118279999997,
            -26.9317896992375
          ],
          [
            -48.6911632,
            -26.931643899237457
          ],
          [
            -48.691132200000034,
            -26.931493599237495
          ],
          [
            -48.69110250000001,
            -26.931394299237493
          ],
          [
            -48.69106829999999,
            -26.931295899237494
          ],
          [
            -48.69102700000002,
            -26.931189899237477
          ],
          [
            -48.69098330000003,
            -26.931094499237453
          ],
          [
            -48.69095060000001,
            -26.931038599237514
          ],
          [
            -48.690906900000016,
            -26.930979899237514
          ],
          [
            -48.69080359999998,
            -26.930867399237517
          ],
          [
            -48.69070069999998,
            -26.930778799237483
          ],
          [
            -48.69063840000001,
            -26.930711899237497
          ],
          [
            -48.69053220000001,
            -26.930714499237514
          ],
          [
            -48.69041979999997,
            -26.93073409923749
          ],
          [
            -48.69030079999999,
            -26.930780299237476
          ],
          [
            -48.69018190000002,
            -26.93082649923753
          ],
          [
            -48.68978279999999,
            -26.931033099237464
          ],
          [
            -48.689532299999996,
            -26.931158799237487
          ],
          [
            -48.68937490000002,
            -26.931229999237516
          ],
          [
            -48.689230899999984,
            -26.93126239923746
          ],
          [
            -48.689069500000016,
            -26.93126779923749
          ],
          [
            -48.68889519999999,
            -26.93124489923751
          ],
          [
            -48.68876319999998,
            -26.931199899237512
          ],
          [
            -48.68861670000001,
            -26.931107799237495
          ],
          [
            -48.688387700000014,
            -26.9309153992375
          ],
          [
            -48.6881095,
            -26.930622399237496
          ],
          [
            -48.687860199999996,
            -26.93028759923749
          ],
          [
            -48.68767150000003,
            -26.92996689923752
          ],
          [
            -48.68750010000002,
            -26.929562699237533
          ],
          [
            -48.68734970000003,
            -26.929334699237554
          ],
          [
            -48.68716949999998,
            -26.929039699237514
          ],
          [
            -48.6870222,
            -26.928762899237512
          ],
          [
            -48.68695400000001,
            -26.928589399237552
          ],
          [
            -48.686906099999995,
            -26.928397699237554
          ],
          [
            -48.68687810000001,
            -26.92822489923752
          ],
          [
            -48.686882200000014,
            -26.928023799237554
          ],
          [
            -48.68689169999999,
            -26.92783619923756
          ],
          [
            -48.68692320000002,
            -26.92770039923754
          ],
          [
            -48.6869686,
            -26.927587899237555
          ],
          [
            -48.687002500000006,
            -26.927534899237564
          ],
          [
            -48.68713680000002,
            -26.927369499237557
          ],
          [
            -48.687291699999996,
            -26.92723569923755
          ],
          [
            -48.68739340000002,
            -26.92717819923758
          ],
          [
            -48.68750010000002,
            -26.927149299237563
          ],
          [
            -48.68765680000001,
            -26.92710709923757
          ],
          [
            -48.68793829999998,
            -26.92703779923756
          ],
          [
            -48.68822210000001,
            -26.926979099237553
          ],
          [
            -48.68852079999999,
            -26.926910099237556
          ],
          [
            -48.68875880000002,
            -26.92682599923757
          ],
          [
            -48.68900000000002,
            -26.926712899237558
          ],
          [
            -48.68922789999999,
            -26.926597699237583
          ],
          [
            -48.68939499999999,
            -26.92649569923756
          ],
          [
            -48.689524199999994,
            -26.92639309923757
          ],
          [
            -48.689662999999996,
            -26.92626399923758
          ],
          [
            -48.68965909999997,
            -26.926058399237576
          ],
          [
            -48.68966160000002,
            -26.92585379923762
          ],
          [
            -48.68966519999998,
            -26.925747299237607
          ],
          [
            -48.689671299999986,
            -26.925656599237616
          ],
          [
            -48.689684,
            -26.925540499237613
          ],
          [
            -48.68970409999998,
            -26.92542029923758
          ],
          [
            -48.68972439999999,
            -26.925334099237585
          ],
          [
            -48.6897419,
            -26.92528379923759
          ],
          [
            -48.68976350000003,
            -26.92523899923757
          ],
          [
            -48.68979839999998,
            -26.92518409923763
          ],
          [
            -48.68986619999998,
            -26.925101699237633
          ],
          [
            -48.689932399999975,
            -26.925038699237614
          ],
          [
            -48.68997919999998,
            -26.92500369923761
          ],
          [
            -48.690157899999974,
            -26.92488149923764
          ],
          [
            -48.69030839999999,
            -26.924767799237593
          ],
          [
            -48.69055759999998,
            -26.924565399237622
          ],
          [
            -48.69068850000002,
            -26.924452699237648
          ],
          [
            -48.69076530000001,
            -26.924382599237628
          ],
          [
            -48.69085969999997,
            -26.92428679923764
          ],
          [
            -48.690933200000025,
            -26.92419359923765
          ],
          [
            -48.690972999999985,
            -26.92412829923764
          ],
          [
            -48.6910216,
            -26.924023699237654
          ],
          [
            -48.69104729999999,
            -26.92395139923766
          ],
          [
            -48.691068400000006,
            -26.92387879923763
          ],
          [
            -48.69108540000002,
            -26.923807099237617
          ],
          [
            -48.69109819999999,
            -26.923736399237626
          ],
          [
            -48.691109400000016,
            -26.923632299237656
          ],
          [
            -48.691111499999984,
            -26.92356429923765
          ],
          [
            -48.6911093,
            -26.923496699237624
          ],
          [
            -48.69109409999999,
            -26.92335919923763
          ],
          [
            -48.69105910000002,
            -26.923173999237658
          ],
          [
            -48.690981599999986,
            -26.922817899237646
          ],
          [
            -48.69095010000001,
            -26.922700699237666
          ],
          [
            -48.69092490000003,
            -26.922624399237662
          ],
          [
            -48.69086420000002,
            -26.922469699237674
          ],
          [
            -48.69066689999999,
            -26.92200439923766
          ],
          [
            -48.69056799999999,
            -26.921784599237693
          ],
          [
            -48.6905271,
            -26.92172269923765
          ],
          [
            -48.69047349999999,
            -26.92166289923768
          ],
          [
            -48.690388799999994,
            -26.921583199237663
          ],
          [
            -48.69024910000002,
            -26.921459399237683
          ],
          [
            -48.69014299999998,
            -26.92137359923766
          ],
          [
            -48.69007670000002,
            -26.921326299237666
          ],
          [
            -48.690007099999995,
            -26.921283299237707
          ],
          [
            -48.68993280000001,
            -26.921245199237674
          ],
          [
            -48.689852499999965,
            -26.921213299237667
          ],
          [
            -48.68973510000001,
            -26.921180999237666
          ],
          [
            -48.68961180000002,
            -26.92115849923767
          ],
          [
            -48.68948660000001,
            -26.921143399237682
          ],
          [
            -48.68934899999999,
            -26.921135999237677
          ],
          [
            -48.68918689999999,
            -26.92113729923769
          ],
          [
            -48.6890477,
            -26.921144299237667
          ],
          [
            -48.68884059999999,
            -26.921162099237687
          ],
          [
            -48.68863060000001,
            -26.921186599237682
          ],
          [
            -48.688488899999975,
            -26.921207099237684
          ],
          [
            -48.68839780000002,
            -26.921223899237656
          ],
          [
            -48.68830000000003,
            -26.921246199237668
          ],
          [
            -48.68818779999998,
            -26.921276599237682
          ],
          [
            -48.68805400000002,
            -26.92131739923771
          ],
          [
            -48.6878959,
            -26.921370299237662
          ],
          [
            -48.68771190000001,
            -26.921436399237678
          ],
          [
            -48.68750010000002,
            -26.9215625992377
          ],
          [
            -48.68743719999997,
            -26.9216260992377
          ],
          [
            -48.68739979999997,
            -26.921703599237677
          ],
          [
            -48.68738960000002,
            -26.921783099237704
          ],
          [
            -48.68738430000002,
            -26.92187639923765
          ],
          [
            -48.687398099999996,
            -26.921951699237702
          ],
          [
            -48.68742409999999,
            -26.922019499237646
          ],
          [
            -48.687445500000024,
            -26.922058099237677
          ],
          [
            -48.68750010000002,
            -26.92210159923769
          ],
          [
            -48.687672899999995,
            -26.922245399237664
          ],
          [
            -48.6877609,
            -26.922333299237653
          ],
          [
            -48.68784199999998,
            -26.922437499237663
          ],
          [
            -48.687951300000016,
            -26.922569799237674
          ],
          [
            -48.68801430000002,
            -26.92266549923765
          ],
          [
            -48.68807149999998,
            -26.922745199237674
          ],
          [
            -48.68814759999998,
            -26.92285629923763
          ],
          [
            -48.68821150000002,
            -26.92296509923765
          ],
          [
            -48.6882574,
            -26.923079099237636
          ],
          [
            -48.68829749999997,
            -26.923197099237623
          ],
          [
            -48.68832520000001,
            -26.92332239923766
          ],
          [
            -48.68835100000002,
            -26.92344909923767
          ],
          [
            -48.68838119999998,
            -26.92361279923763
          ],
          [
            -48.6884086,
            -26.923746599237646
          ],
          [
            -48.68842669999998,
            -26.92386869923764
          ],
          [
            -48.688431200000025,
            -26.924016699237615
          ],
          [
            -48.68841140000001,
            -26.92413759923762
          ],
          [
            -48.68835790000003,
            -26.924262999237623
          ],
          [
            -48.688295400000015,
            -26.924366099237602
          ],
          [
            -48.688221999999996,
            -26.92446549923762
          ],
          [
            -48.688151800000014,
            -26.924543399237624
          ],
          [
            -48.688084499999995,
            -26.924615199237618
          ],
          [
            -48.687991700000005,
            -26.924682099237597
          ],
          [
            -48.68786410000001,
            -26.92473229923764
          ],
          [
            -48.68776889999998,
            -26.924746499237642
          ],
          [
            -48.687634100000025,
            -26.924741699237632
          ],
          [
            -48.68750010000002,
            -26.924728599237586
          ],
          [
            -48.687380099999984,
            -26.92469859923762
          ],
          [
            -48.68727799999999,
            -26.924671899237637
          ],
          [
            -48.68719090000002,
            -26.9246476992376
          ],
          [
            -48.687115500000004,
            -26.924625399237648
          ],
          [
            -48.68704889999998,
            -26.9246044992376
          ],
          [
            -48.68698799999999,
            -26.924584399237634
          ],
          [
            -48.68674390000001,
            -26.924500599237597
          ],
          [
            -48.68660649999998,
            -26.92445459923761
          ],
          [
            -48.686462100000035,
            -26.924407399237623
          ],
          [
            -48.68631449999998,
            -26.924360699237656
          ],
          [
            -48.68616730000002,
            -26.92431579923761
          ],
          [
            -48.68602270000003,
            -26.924273799237607
          ],
          [
            -48.685952199999974,
            -26.924254199237634
          ],
          [
            -48.68588330000001,
            -26.924235599237598
          ],
          [
            -48.68581619999997,
            -26.92421819923761
          ],
          [
            -48.68575120000003,
            -26.924202099237625
          ],
          [
            -48.6856884,
            -26.924187399237624
          ],
          [
            -48.6856277,
            -26.924173999237624
          ],
          [
            -48.68556860000002,
            -26.92416159923762
          ],
          [
            -48.685510599999986,
            -26.924150099237654
          ],
          [
            -48.685453300000006,
            -26.924139299237613
          ],
          [
            -48.6853395,
            -26.924119199237623
          ],
          [
            -48.68522380000002,
            -26.92409989923762
          ],
          [
            -48.68480510000001,
            -26.924032799237644
          ],
          [
            -48.68473180000001,
            -26.924020299237636
          ],
          [
            -48.68466760000002,
            -26.92400829923765
          ],
          [
            -48.68460679999998,
            -26.923995499237613
          ],
          [
            -48.68457590000003,
            -26.92398849923764
          ],
          [
            -48.684543899999994,
            -26.923980699237646
          ],
          [
            -48.68447800000001,
            -26.923963699237646
          ],
          [
            -48.68441230000002,
            -26.923945499237632
          ],
          [
            -48.68438070000002,
            -26.923936199237648
          ],
          [
            -48.6843222,
            -26.92391789923763
          ],
          [
            -48.68429609999998,
            -26.923909099237633
          ],
          [
            -48.68424970000002,
            -26.923892099237616
          ],
          [
            -48.68422880000002,
            -26.92388379923763
          ],
          [
            -48.68419050000001,
            -26.92386699923761
          ],
          [
            -48.68417249999999,
            -26.923858499237625
          ],
          [
            -48.684137299999975,
            -26.923840499237613
          ],
          [
            -48.684102499999995,
            -26.923821099237628
          ],
          [
            -48.68408520000003,
            -26.923810599237665
          ],
          [
            -48.684068000000025,
            -26.923799399237648
          ],
          [
            -48.68405080000002,
            -26.923787599237656
          ],
          [
            -48.684033699999986,
            -26.923774999237608
          ],
          [
            -48.68401660000001,
            -26.923761499237642
          ],
          [
            -48.68399959999999,
            -26.923747099237644
          ],
          [
            -48.6839827,
            -26.92373189923765
          ],
          [
            -48.683966199999986,
            -26.923716199237635
          ],
          [
            -48.68395029999999,
            -26.92369999923763
          ],
          [
            -48.6839352,
            -26.923683599237638
          ],
          [
            -48.68392089999998,
            -26.923667199237645
          ],
          [
            -48.68390779999999,
            -26.92365089923762
          ],
          [
            -48.683895899999975,
            -26.923634899237662
          ],
          [
            -48.683885499999974,
            -26.92361929923763
          ],
          [
            -48.68387649999999,
            -26.923603999237645
          ],
          [
            -48.683868800000035,
            -26.92358869923761
          ],
          [
            -48.68386229999999,
            -26.923573299237617
          ],
          [
            -48.68385699999999,
            -26.923557599237615
          ],
          [
            -48.68385269999999,
            -26.923541299237645
          ],
          [
            -48.683849399999986,
            -26.923524299237634
          ],
          [
            -48.683847000000014,
            -26.923506199237654
          ],
          [
            -48.683845399999996,
            -26.923487099237633
          ],
          [
            -48.683844599999986,
            -26.923466999237654
          ],
          [
            -48.68384459999998,
            -26.923445999237654
          ],
          [
            -48.683845399999996,
            -26.923424499237644
          ],
          [
            -48.683846899999985,
            -26.923402499237653
          ],
          [
            -48.683849099999975,
            -26.923380299237667
          ],
          [
            -48.683852100000024,
            -26.92335799923765
          ],
          [
            -48.68385569999999,
            -26.923335899237625
          ],
          [
            -48.683860100000004,
            -26.923313999237646
          ],
          [
            -48.68386520000002,
            -26.923292499237647
          ],
          [
            -48.6838712,
            -26.923271399237613
          ],
          [
            -48.68387819999998,
            -26.92325059923767
          ],
          [
            -48.68388620000002,
            -26.92323019923761
          ],
          [
            -48.68389539999998,
            -26.92321029923763
          ],
          [
            -48.68390579999999,
            -26.92319079923763
          ],
          [
            -48.68391759999997,
            -26.923171799237625
          ],
          [
            -48.68393079999999,
            -26.92315329923766
          ],
          [
            -48.683945499999986,
            -26.923134999237654
          ],
          [
            -48.68396180000002,
            -26.923116699237628
          ],
          [
            -48.6839799,
            -26.92309819923767
          ],
          [
            -48.683999799999974,
            -26.92307919923766
          ],
          [
            -48.68402149999997,
            -26.92305949923767
          ],
          [
            -48.68404529999998,
            -26.923038999237665
          ],
          [
            -48.684099100000026,
            -26.922994099237627
          ],
          [
            -48.68429379999998,
            -26.922836799237672
          ],
          [
            -48.68436079999998,
            -26.922781699237632
          ],
          [
            -48.68460429999998,
            -26.922576599237672
          ],
          [
            -48.684913800000004,
            -26.922318499237686
          ],
          [
            -48.685010799999986,
            -26.922236299237678
          ],
          [
            -48.685191499999966,
            -26.922080999237664
          ],
          [
            -48.685422700000004,
            -26.921881099237677
          ],
          [
            -48.68548729999998,
            -26.92182689923765
          ],
          [
            -48.68561310000001,
            -26.921723499237658
          ],
          [
            -48.6856669,
            -26.921677599237675
          ],
          [
            -48.68569289999999,
            -26.921654499237658
          ],
          [
            -48.685717599999975,
            -26.921631699237643
          ],
          [
            -48.6857407,
            -26.921609299237673
          ],
          [
            -48.68576250000001,
            -26.92158729923767
          ],
          [
            -48.68578309999998,
            -26.92156569923765
          ],
          [
            -48.685821499999975,
            -26.921523199237697
          ],
          [
            -48.68589429999997,
            -26.921439699237695
          ],
          [
            -48.68593129999999,
            -26.9213982992377
          ],
          [
            -48.68596889999998,
            -26.921357899237655
          ],
          [
            -48.68600670000001,
            -26.921319099237685
          ],
          [
            -48.68604479999999,
            -26.921282599237667
          ],
          [
            -48.686082699999986,
            -26.921248399237708
          ],
          [
            -48.68613829999999,
            -26.921201199237668
          ],
          [
            -48.68620770000001,
            -26.921143899237684
          ],
          [
            -48.68625639999999,
            -26.92110449923769
          ],
          [
            -48.68630380000002,
            -26.921067999237675
          ],
          [
            -48.68639460000003,
            -26.92100379923767
          ],
          [
            -48.6864675,
            -26.92095289923767
          ],
          [
            -48.68653949999998,
            -26.920900699237688
          ],
          [
            -48.68658929999998,
            -26.920863399237657
          ],
          [
            -48.68663809999998,
            -26.920825599237688
          ],
          [
            -48.68666139999999,
            -26.920806999237715
          ],
          [
            -48.68679750000002,
            -26.920696399237684
          ],
          [
            -48.68684689999998,
            -26.920658099237723
          ],
          [
            -48.68689979999999,
            -26.92061879923769
          ],
          [
            -48.68695500000001,
            -26.92057909923769
          ],
          [
            -48.68701119999997,
            -26.920539899237696
          ],
          [
            -48.687236299999995,
            -26.92038769923769
          ],
          [
            -48.68741840000001,
            -26.92025959923771
          ],
          [
            -48.68747450000001,
            -26.920221899237706
          ],
          [
            -48.6875,
            -26.92020589923769
          ],
          [
            -48.6877604,
            -26.92001659923771
          ],
          [
            -48.6879864,
            -26.919857799237697
          ],
          [
            -48.6881927,
            -26.919696399237726
          ],
          [
            -48.68836900000002,
            -26.919539799237707
          ],
          [
            -48.68846150000002,
            -26.919409699237736
          ],
          [
            -48.688522499999976,
            -26.919267999237707
          ],
          [
            -48.68854190000002,
            -26.919150099237747
          ],
          [
            -48.68854140000001,
            -26.919028299237706
          ],
          [
            -48.688519499999984,
            -26.91895459923774
          ],
          [
            -48.68848700000001,
            -26.918893599237723
          ],
          [
            -48.688418399999996,
            -26.918801099237726
          ],
          [
            -48.6883095,
            -26.918676199237726
          ],
          [
            -48.6882483,
            -26.91862639923772
          ],
          [
            -48.68793950000003,
            -26.918386799237748
          ],
          [
            -48.6877045,
            -26.918218099237734
          ],
          [
            -48.6875,
            -26.918102899237756
          ],
          [
            -48.687445799999985,
            -26.918076199237728
          ],
          [
            -48.68735450000002,
            -26.918029999237735
          ],
          [
            -48.687282299999985,
            -26.91799219923776
          ],
          [
            -48.687156200000004,
            -26.917924599237736
          ],
          [
            -48.687118,
            -26.91790509923774
          ],
          [
            -48.68708290000001,
            -26.91788859923777
          ],
          [
            -48.687065800000035,
            -26.91788109923774
          ],
          [
            -48.68703090000002,
            -26.917867299237763
          ],
          [
            -48.68699370000002,
            -26.917854599237742
          ],
          [
            -48.6869739,
            -26.91784849923774
          ],
          [
            -48.68693089999999,
            -26.91783679923773
          ],
          [
            -48.68690759999998,
            -26.917830999237715
          ],
          [
            -48.686856200000015,
            -26.91781969923775
          ],
          [
            -48.68670550000001,
            -26.91778899923778
          ],
          [
            -48.68663989999999,
            -26.91777389923774
          ],
          [
            -48.686606600000005,
            -26.917765499237724
          ],
          [
            -48.6865398,
            -26.917747199237752
          ],
          [
            -48.68637449999999,
            -26.917698799237733
          ],
          [
            -48.68627959999998,
            -26.91767199923773
          ],
          [
            -48.6862183,
            -26.91765549923778
          ],
          [
            -48.6861581,
            -26.917640099237786
          ],
          [
            -48.686011199999996,
            -26.91760449923774
          ],
          [
            -48.68595349999998,
            -26.917589999237773
          ],
          [
            -48.685896000000014,
            -26.917574399237722
          ],
          [
            -48.68583819999998,
            -26.91755679923776
          ],
          [
            -48.6857766,
            -26.917535899237773
          ],
          [
            -48.685743100000025,
            -26.917523699237762
          ],
          [
            -48.685707200000024,
            -26.91751009923777
          ],
          [
            -48.6856262,
            -26.917477999237768
          ],
          [
            -48.6855314,
            -26.917438699237742
          ],
          [
            -48.68522380000002,
            -26.917308899237792
          ],
          [
            -48.68499270000001,
            -26.917214099237786
          ],
          [
            -48.684934999999996,
            -26.917188899237747
          ],
          [
            -48.684909000000005,
            -26.917176799237744
          ],
          [
            -48.6848847,
            -26.917164799237785
          ],
          [
            -48.684861599999984,
            -26.917152699237747
          ],
          [
            -48.684839599999975,
            -26.917140499237767
          ],
          [
            -48.68481830000002,
            -26.91712799923775
          ],
          [
            -48.68479739999998,
            -26.917114999237782
          ],
          [
            -48.68475590000003,
            -26.91708729923775
          ],
          [
            -48.68471310000001,
            -26.917056399237737
          ],
          [
            -48.68464719999997,
            -26.917005699237773
          ],
          [
            -48.68458079999999,
            -26.91695219923779
          ],
          [
            -48.68451620000002,
            -26.91689889923774
          ],
          [
            -48.68442190000002,
            -26.916819199237793
          ],
          [
            -48.684391500000004,
            -26.9167918992378
          ],
          [
            -48.68437749999998,
            -26.91677759923775
          ],
          [
            -48.68436380000003,
            -26.916761799237783
          ],
          [
            -48.684350300000006,
            -26.916743699237752
          ],
          [
            -48.68433649999997,
            -26.916722499237757
          ],
          [
            -48.6843222,
            -26.916697299237782
          ],
          [
            -48.68427950000001,
            -26.916665199237787
          ],
          [
            -48.6840469,
            -26.916483499237792
          ],
          [
            -48.683954899999996,
            -26.916397999237795
          ],
          [
            -48.68387519999999,
            -26.916319699237746
          ],
          [
            -48.683785,
            -26.91621419923779
          ],
          [
            -48.68373530000002,
            -26.916115599237788
          ],
          [
            -48.68369580000001,
            -26.915992199237795
          ],
          [
            -48.68365310000002,
            -26.91588549923779
          ],
          [
            -48.683578599999976,
            -26.91577029923781
          ],
          [
            -48.68352729999998,
            -26.91567669923779
          ],
          [
            -48.68347990000001,
            -26.915601999237772
          ],
          [
            -48.683473900000024,
            -26.915482399237767
          ],
          [
            -48.68344200000001,
            -26.915332699237815
          ],
          [
            -48.6834058,
            -26.915190599237814
          ],
          [
            -48.6833433,
            -26.915029999237813
          ],
          [
            -48.683314499999994,
            -26.914866599237786
          ],
          [
            -48.68327790000001,
            -26.91473889923778
          ],
          [
            -48.68324630000001,
            -26.91457799923781
          ],
          [
            -48.683232799999985,
            -26.914413199237824
          ],
          [
            -48.68320690000002,
            -26.91431259923783
          ],
          [
            -48.68324089999999,
            -26.914220399237795
          ],
          [
            -48.68332520000002,
            -26.91413529923781
          ],
          [
            -48.68334879999998,
            -26.914009999237845
          ],
          [
            -48.68336979999998,
            -26.913878299237847
          ],
          [
            -48.68338219999998,
            -26.91368429923783
          ],
          [
            -48.6834667,
            -26.913517699237836
          ],
          [
            -48.683571099999995,
            -26.913401699237845
          ],
          [
            -48.683671699999984,
            -26.913339399237817
          ],
          [
            -48.683817999999974,
            -26.913238299237822
          ],
          [
            -48.68392449999999,
            -26.91309099923785
          ],
          [
            -48.68401740000002,
            -26.91292829923782
          ],
          [
            -48.68409530000003,
            -26.91282239923782
          ],
          [
            -48.68416780000001,
            -26.91269449923784
          ],
          [
            -48.684250200000015,
            -26.912564299237847
          ],
          [
            -48.68433570000003,
            -26.912420299237855
          ],
          [
            -48.684408399999995,
            -26.91229309923785
          ],
          [
            -48.684470200000014,
            -26.912139999237887
          ],
          [
            -48.68451029999999,
            -26.912027899237863
          ],
          [
            -48.684535400000016,
            -26.911894199237867
          ],
          [
            -48.6845505,
            -26.911773499237857
          ],
          [
            -48.684572,
            -26.911612199237855
          ],
          [
            -48.68462149999999,
            -26.911447599237842
          ],
          [
            -48.684660199999996,
            -26.91133729923789
          ],
          [
            -48.684688100000024,
            -26.91120109923791
          ],
          [
            -48.684703800000015,
            -26.911049799237876
          ],
          [
            -48.68471649999998,
            -26.910907099237846
          ],
          [
            -48.68474880000002,
            -26.910766799237862
          ],
          [
            -48.68477999999999,
            -26.910610699237903
          ],
          [
            -48.68479830000001,
            -26.910466899237914
          ],
          [
            -48.68479910000003,
            -26.91035979923787
          ],
          [
            -48.68479980000001,
            -26.91018809923792
          ],
          [
            -48.68479050000002,
            -26.910030899237885
          ],
          [
            -48.68481070000002,
            -26.90986079923789
          ],
          [
            -48.684833500000025,
            -26.9097032992379
          ],
          [
            -48.684864600000026,
            -26.90958269923791
          ],
          [
            -48.684910800000004,
            -26.909461299237886
          ],
          [
            -48.68494989999999,
            -26.909345099237914
          ],
          [
            -48.68498399999999,
            -26.909263099237887
          ],
          [
            -48.685029900000025,
            -26.909157299237922
          ],
          [
            -48.68507890000001,
            -26.909071899237933
          ],
          [
            -48.68512479999998,
            -26.909012799237942
          ],
          [
            -48.68519470000001,
            -26.908928499237923
          ],
          [
            -48.685268699999995,
            -26.908860799237935
          ],
          [
            -48.685340999999994,
            -26.908801299237922
          ],
          [
            -48.685421099999985,
            -26.908729699237913
          ],
          [
            -48.685512700000004,
            -26.908655199237927
          ],
          [
            -48.685586399999984,
            -26.908610699237926
          ],
          [
            -48.68565449999999,
            -26.908526399237953
          ],
          [
            -48.68570570000003,
            -26.908462199237906
          ],
          [
            -48.68576020000001,
            -26.90840659923791
          ],
          [
            -48.685821799999985,
            -26.908351699237958
          ],
          [
            -48.68588060000002,
            -26.908294699237935
          ],
          [
            -48.685947899999974,
            -26.908255799237946
          ],
          [
            -48.68601080000003,
            -26.908213799237938
          ],
          [
            -48.686069499999974,
            -26.90817679923791
          ],
          [
            -48.68613540000001,
            -26.908120699237926
          ],
          [
            -48.68619960000001,
            -26.90805829923794
          ],
          [
            -48.686272400000014,
            -26.907972299237926
          ],
          [
            -48.686344899999995,
            -26.907888899237932
          ],
          [
            -48.68641830000002,
            -26.907815299237928
          ],
          [
            -48.68647479999999,
            -26.90774569923797
          ],
          [
            -48.6865315,
            -26.907666699237943
          ],
          [
            -48.686584700000026,
            -26.907590699237957
          ],
          [
            -48.68663309999999,
            -26.907531999237953
          ],
          [
            -48.6866981,
            -26.907440099237924
          ],
          [
            -48.68675459999997,
            -26.907369799237976
          ],
          [
            -48.68679559999999,
            -26.90728819923794
          ],
          [
            -48.686838500000015,
            -26.907201099237973
          ],
          [
            -48.68687870000003,
            -26.907122299237976
          ],
          [
            -48.686902799999984,
            -26.90705139923796
          ],
          [
            -48.68692909999998,
            -26.90696639923796
          ],
          [
            -48.68694169999998,
            -26.906906199237945
          ],
          [
            -48.68695960000002,
            -26.906840199237934
          ],
          [
            -48.686953300000035,
            -26.906766499237964
          ],
          [
            -48.68692140000002,
            -26.906697799237982
          ],
          [
            -48.6869054,
            -26.90667079923794
          ],
          [
            -48.68689440000002,
            -26.906651899237943
          ],
          [
            -48.68689230000001,
            -26.906626799237984
          ],
          [
            -48.68689929999999,
            -26.906583799237975
          ],
          [
            -48.68690270000002,
            -26.90654389923795
          ],
          [
            -48.686907700000006,
            -26.90651339923796
          ],
          [
            -48.6868796,
            -26.90644609923795
          ],
          [
            -48.68683260000001,
            -26.906370499237948
          ],
          [
            -48.68679530000003,
            -26.906310499237982
          ],
          [
            -48.686740199999974,
            -26.906223599237958
          ],
          [
            -48.686696600000005,
            -26.906180999237986
          ],
          [
            -48.68665720000001,
            -26.90616219923796
          ],
          [
            -48.68660760000001,
            -26.90614739923798
          ],
          [
            -48.686582900000026,
            -26.906134399237956
          ],
          [
            -48.68657000000002,
            -26.906117399238006
          ],
          [
            -48.686551899999984,
            -26.906084999237986
          ],
          [
            -48.68654609999999,
            -26.906064599237954
          ],
          [
            -48.68652780000002,
            -26.906046899237957
          ],
          [
            -48.68643070000002,
            -26.906007999237968
          ],
          [
            -48.68635419999998,
            -26.90597669923798
          ],
          [
            -48.68628960000001,
            -26.90595589923796
          ],
          [
            -48.68615599999998,
            -26.90589289923801
          ],
          [
            -48.68601039999999,
            -26.905843699237963
          ],
          [
            -48.68593179999999,
            -26.90582139923797
          ],
          [
            -48.68580459999998,
            -26.905785799237982
          ],
          [
            -48.68567430000002,
            -26.905752899237964
          ],
          [
            -48.685556899999995,
            -26.905734899238002
          ],
          [
            -48.685403099999974,
            -26.905723899237977
          ],
          [
            -48.685262799999975,
            -26.905721599237985
          ],
          [
            -48.6851168,
            -26.905727599237963
          ],
          [
            -48.685085699999995,
            -26.905724299237956
          ],
          [
            -48.68502339999998,
            -26.905719099237977
          ],
          [
            -48.68495030000003,
            -26.905723499238004
          ],
          [
            -48.68482499999999,
            -26.905712999237977
          ],
          [
            -48.68465550000002,
            -26.905689299237988
          ],
          [
            -48.68448019999999,
            -26.905680099237973
          ],
          [
            -48.68436730000002,
            -26.90566369923798
          ],
          [
            -48.684174799999994,
            -26.905653499238017
          ],
          [
            -48.684053199999994,
            -26.90564519923797
          ],
          [
            -48.683933000000025,
            -26.905635499238006
          ],
          [
            -48.683790699999975,
            -26.905611499238013
          ],
          [
            -48.68369919999998,
            -26.905587699237998
          ],
          [
            -48.683628899999974,
            -26.905578599237998
          ],
          [
            -48.683539800000005,
            -26.905554099238003
          ],
          [
            -48.68344610000002,
            -26.90551899923801
          ],
          [
            -48.683371299999976,
            -26.905480799238006
          ],
          [
            -48.68328730000002,
            -26.90545529923802
          ],
          [
            -48.683176300000014,
            -26.905392699237993
          ],
          [
            -48.683090100000015,
            -26.905334599237992
          ],
          [
            -48.683049499999974,
            -26.90530179923801
          ],
          [
            -48.68299830000001,
            -26.905248599237993
          ],
          [
            -48.68293399999999,
            -26.90518779923802
          ],
          [
            -48.6829123,
            -26.905141299238018
          ],
          [
            -48.682914900000014,
            -26.90509249923802
          ],
          [
            -48.68293210000001,
            -26.905023299237975
          ],
          [
            -48.682955400000026,
            -26.904913199238013
          ],
          [
            -48.682978400000025,
            -26.904854899237982
          ],
          [
            -48.683009500000026,
            -26.904821899238
          ],
          [
            -48.68304419999998,
            -26.904802899237996
          ],
          [
            -48.68308810000001,
            -26.904791699237983
          ],
          [
            -48.68315230000002,
            -26.90477879923798
          ],
          [
            -48.683223999999996,
            -26.904753999238032
          ],
          [
            -48.683359800000005,
            -26.904708699238025
          ],
          [
            -48.68347210000002,
            -26.904673499238005
          ],
          [
            -48.68357580000003,
            -26.90463399923799
          ],
          [
            -48.68371669999999,
            -26.904592699238027
          ],
          [
            -48.683825099999986,
            -26.904551199238014
          ],
          [
            -48.68394439999997,
            -26.90451399923801
          ],
          [
            -48.684063400000014,
            -26.90447099923801
          ],
          [
            -48.68416650000001,
            -26.90442579923802
          ],
          [
            -48.684269700000016,
            -26.90437299923802
          ],
          [
            -48.68433679999998,
            -26.904332899237993
          ],
          [
            -48.6844041,
            -26.90429329923802
          ],
          [
            -48.684495000000034,
            -26.904232599238018
          ],
          [
            -48.684600900000014,
            -26.904165199238037
          ],
          [
            -48.684698799999985,
            -26.90410739923801
          ],
          [
            -48.68480260000001,
            -26.904042399237994
          ],
          [
            -48.68490550000001,
            -26.903970799238046
          ],
          [
            -48.68500069999999,
            -26.903900699238026
          ],
          [
            -48.685077700000015,
            -26.903834199238016
          ],
          [
            -48.685141900000026,
            -26.903784299238005
          ],
          [
            -48.6852174,
            -26.903721599237993
          ],
          [
            -48.685303299999994,
            -26.903638499238017
          ],
          [
            -48.685400800000025,
            -26.90356389923802
          ],
          [
            -48.685470699999996,
            -26.90350609923804
          ],
          [
            -48.68557099999998,
            -26.903407799238046
          ],
          [
            -48.685675300000014,
            -26.903339599238002
          ],
          [
            -48.685738800000024,
            -26.903296899238022
          ],
          [
            -48.6858067,
            -26.903255399238002
          ],
          [
            -48.68582589999999,
            -26.903192199238006
          ],
          [
            -48.68588549999998,
            -26.90309879923805
          ],
          [
            -48.68595779999998,
            -26.90300729923805
          ],
          [
            -48.686029899999994,
            -26.90291139923803
          ],
          [
            -48.686107299999996,
            -26.90282529923806
          ],
          [
            -48.68617139999997,
            -26.902747699238066
          ],
          [
            -48.6862605,
            -26.902625399238023
          ],
          [
            -48.686323300000026,
            -26.902525799238017
          ],
          [
            -48.68639120000001,
            -26.902414699238058
          ],
          [
            -48.6864559,
            -26.90229909923804
          ],
          [
            -48.68653360000001,
            -26.902166499238074
          ],
          [
            -48.686591799999974,
            -26.902068899238067
          ],
          [
            -48.68666510000003,
            -26.90191819923807
          ],
          [
            -48.68670450000001,
            -26.901820299238054
          ],
          [
            -48.68671890000002,
            -26.90172409923809
          ],
          [
            -48.686739199999984,
            -26.901605899238053
          ],
          [
            -48.68675919999998,
            -26.901506999238055
          ],
          [
            -48.68676520000002,
            -26.90140299923808
          ],
          [
            -48.686763299999996,
            -26.901298499238063
          ],
          [
            -48.6867454,
            -26.90118149923808
          ],
          [
            -48.686719400000015,
            -26.90108189923808
          ],
          [
            -48.68667240000002,
            -26.90096959923806
          ],
          [
            -48.68662690000003,
            -26.90086749923808
          ],
          [
            -48.686577399999976,
            -26.90080659923809
          ],
          [
            -48.68652159999999,
            -26.900751899238074
          ],
          [
            -48.686429299999986,
            -26.90069029923809
          ],
          [
            -48.68633899999998,
            -26.900624299238086
          ],
          [
            -48.686295900000005,
            -26.900598399238056
          ],
          [
            -48.68622420000003,
            -26.900594399238074
          ],
          [
            -48.6861578,
            -26.90060029923809
          ],
          [
            -48.68609090000002,
            -26.90062999923807
          ],
          [
            -48.686002599999995,
            -26.90060409923809
          ],
          [
            -48.6858972,
            -26.90059249923811
          ],
          [
            -48.68571700000001,
            -26.90055879923808
          ],
          [
            -48.6855511,
            -26.900546999238095
          ],
          [
            -48.68543169999998,
            -26.900534599238107
          ],
          [
            -48.68525349999999,
            -26.900516299238078
          ],
          [
            -48.685093300000005,
            -26.900497599238083
          ],
          [
            -48.68493890000003,
            -26.900476799238067
          ],
          [
            -48.68476829999997,
            -26.900430599238074
          ],
          [
            -48.684639100000034,
            -26.900383099238088
          ],
          [
            -48.68451820000002,
            -26.900331299238086
          ],
          [
            -48.6843475,
            -26.90024879923807
          ],
          [
            -48.68413950000001,
            -26.90016359923807
          ],
          [
            -48.68399019999998,
            -26.900089699238112
          ],
          [
            -48.6839281,
            -26.89999989923811
          ],
          [
            -48.68384780000003,
            -26.899984399238093
          ],
          [
            -48.68373200000001,
            -26.899888799238084
          ],
          [
            -48.683651499999996,
            -26.89981109923811
          ],
          [
            -48.68354399999998,
            -26.899729599238103
          ],
          [
            -48.68345199999999,
            -26.899651999238106
          ],
          [
            -48.68336160000002,
            -26.899569799238087
          ],
          [
            -48.68329219999999,
            -26.899493099238082
          ],
          [
            -48.6832364,
            -26.899396499238133
          ],
          [
            -48.68321350000002,
            -26.899332099238087
          ],
          [
            -48.68315740000003,
            -26.899214499238134
          ],
          [
            -48.683106099999975,
            -26.899133999238124
          ],
          [
            -48.6830958,
            -26.899064699238114
          ],
          [
            -48.68306469999998,
            -26.898981999238107
          ],
          [
            -48.683039399999984,
            -26.89888379923814
          ],
          [
            -48.683004700000026,
            -26.898826599238117
          ],
          [
            -48.68295130000001,
            -26.898769099238095
          ],
          [
            -48.68291340000002,
            -26.89871009923814
          ],
          [
            -48.682855700000005,
            -26.89859459923815
          ],
          [
            -48.682820400000026,
            -26.898480399238114
          ],
          [
            -48.68275190000003,
            -26.898362599238112
          ],
          [
            -48.68271120000003,
            -26.89825639923812
          ],
          [
            -48.68268870000003,
            -26.898206099238106
          ],
          [
            -48.682678599999974,
            -26.898166799238144
          ],
          [
            -48.6826711,
            -26.89811289923813
          ],
          [
            -48.68263539999998,
            -26.8980654992381
          ],
          [
            -48.68259760000001,
            -26.898048099238103
          ],
          [
            -48.68257390000002,
            -26.897985499238136
          ],
          [
            -48.682576700000034,
            -26.897924599238134
          ],
          [
            -48.682554400000015,
            -26.89782949923814
          ],
          [
            -48.68252389999998,
            -26.89775979923815
          ],
          [
            -48.68247339999999,
            -26.89763529923812
          ],
          [
            -48.68244820000001,
            -26.89753039923814
          ],
          [
            -48.68244490000001,
            -26.89750029923813
          ],
          [
            -48.68245300000002,
            -26.897409599238145
          ],
          [
            -48.6824302,
            -26.89737919923813
          ],
          [
            -48.68241690000002,
            -26.89734539923816
          ],
          [
            -48.682417999999984,
            -26.89729019923813
          ],
          [
            -48.68241940000002,
            -26.89721719923814
          ],
          [
            -48.68242099999998,
            -26.897178699238125
          ],
          [
            -48.68241039999998,
            -26.897127599238125
          ],
          [
            -48.682399299999986,
            -26.897097999238174
          ],
          [
            -48.68237779999998,
            -26.89704039923814
          ],
          [
            -48.68236839999997,
            -26.897003899238165
          ],
          [
            -48.682368999999994,
            -26.896978699238137
          ],
          [
            -48.682370400000025,
            -26.896944499238174
          ],
          [
            -48.68237090000002,
            -26.896919399238172
          ],
          [
            -48.682388600000024,
            -26.896894499238126
          ],
          [
            -48.68239770000002,
            -26.896870899238166
          ],
          [
            -48.682389,
            -26.896796999238155
          ],
          [
            -48.682372900000026,
            -26.896744399238152
          ],
          [
            -48.68236969999999,
            -26.896710799238164
          ],
          [
            -48.682385899999986,
            -26.896681699238144
          ],
          [
            -48.68239679999999,
            -26.89664059923818
          ],
          [
            -48.68239190000003,
            -26.89657699923814
          ],
          [
            -48.6823981,
            -26.896510999238142
          ],
          [
            -48.68237620000002,
            -26.89643269923816
          ],
          [
            -48.68237149999999,
            -26.896320799238183
          ],
          [
            -48.68239219999998,
            -26.896224699238175
          ],
          [
            -48.682397700000024,
            -26.896104199238195
          ],
          [
            -48.682400900000005,
            -26.89598619923816
          ],
          [
            -48.682401599999984,
            -26.89587549923816
          ],
          [
            -48.682390999999996,
            -26.89578369923815
          ],
          [
            -48.682397900000005,
            -26.895674799238172
          ],
          [
            -48.68241860000001,
            -26.895576299238193
          ],
          [
            -48.68244440000001,
            -26.8954599992382
          ],
          [
            -48.68246670000002,
            -26.895359399238206
          ],
          [
            -48.682477199999994,
            -26.895268099238194
          ],
          [
            -48.68248319999998,
            -26.895163399238204
          ],
          [
            -48.6824709,
            -26.895075499238207
          ],
          [
            -48.682456699999996,
            -26.894968999238195
          ],
          [
            -48.68245639999998,
            -26.894871199238203
          ],
          [
            -48.68246360000001,
            -26.894784999238198
          ],
          [
            -48.682458199999985,
            -26.894669599238185
          ],
          [
            -48.6824439,
            -26.89456939923822
          ],
          [
            -48.682439300000006,
            -26.894486499238223
          ],
          [
            -48.68243910000001,
            -26.894378899238188
          ],
          [
            -48.68246329999999,
            -26.894263299238194
          ],
          [
            -48.68247500000002,
            -26.894192399238207
          ],
          [
            -48.68249309999999,
            -26.89410749923823
          ],
          [
            -48.682514000000026,
            -26.893999499238223
          ],
          [
            -48.6825384,
            -26.89391219923821
          ],
          [
            -48.682561599999985,
            -26.893806399238233
          ],
          [
            -48.682572600000015,
            -26.893689599238225
          ],
          [
            -48.682581500000026,
            -26.893635899238213
          ],
          [
            -48.682604899999994,
            -26.89352169923823
          ],
          [
            -48.68264749999997,
            -26.893389899238215
          ],
          [
            -48.682688799999994,
            -26.893276699238232
          ],
          [
            -48.68274939999998,
            -26.89313719923823
          ],
          [
            -48.68280299999998,
            -26.893037799238236
          ],
          [
            -48.68286219999999,
            -26.89292559923824
          ],
          [
            -48.68291319999997,
            -26.892838699238258
          ],
          [
            -48.682972899999974,
            -26.892740599238266
          ],
          [
            -48.683070799999996,
            -26.892613299238228
          ],
          [
            -48.68316040000002,
            -26.89252539923825
          ],
          [
            -48.683301900000004,
            -26.89244479923826
          ],
          [
            -48.68341049999998,
            -26.89241229923823
          ],
          [
            -48.68351819999999,
            -26.892383499238235
          ],
          [
            -48.68364500000001,
            -26.892371899238242
          ],
          [
            -48.68375379999998,
            -26.89238729923824
          ],
          [
            -48.68382270000001,
            -26.892418999238263
          ],
          [
            -48.68388119999997,
            -26.892454999238236
          ],
          [
            -48.6839842,
            -26.89252029923824
          ],
          [
            -48.6840408,
            -26.89257749923825
          ],
          [
            -48.6840937,
            -26.892676899238268
          ],
          [
            -48.684148900000025,
            -26.89277649923826
          ],
          [
            -48.684209200000005,
            -26.892884699238255
          ],
          [
            -48.68428779999999,
            -26.893027699238235
          ],
          [
            -48.68433590000001,
            -26.89312449923823
          ],
          [
            -48.68437599999998,
            -26.893241999238214
          ],
          [
            -48.684432500000014,
            -26.893373799238226
          ],
          [
            -48.684538999999965,
            -26.893503499238225
          ],
          [
            -48.68463409999998,
            -26.89361929923823
          ],
          [
            -48.684728199999995,
            -26.893711699238207
          ],
          [
            -48.68481480000002,
            -26.893798799238226
          ],
          [
            -48.68491110000002,
            -26.89389559923822
          ],
          [
            -48.68501090000001,
            -26.89400719923819
          ],
          [
            -48.685109700000005,
            -26.894117499238195
          ],
          [
            -48.6852002,
            -26.89420409923823
          ],
          [
            -48.685280299999995,
            -26.894283799238185
          ],
          [
            -48.685366800000004,
            -26.89436999923818
          ],
          [
            -48.685451500000006,
            -26.8944519992382
          ],
          [
            -48.68556419999999,
            -26.894552299238185
          ],
          [
            -48.68570089999997,
            -26.89468319923819
          ],
          [
            -48.685846500000025,
            -26.894812799238206
          ],
          [
            -48.685974499999986,
            -26.89492229923821
          ],
          [
            -48.68608590000002,
            -26.895017599238205
          ],
          [
            -48.68620709999999,
            -26.895111799238187
          ],
          [
            -48.68632389999999,
            -26.895155699238167
          ],
          [
            -48.686478900000004,
            -26.895256699238196
          ],
          [
            -48.68657999999999,
            -26.89533399923818
          ],
          [
            -48.686771799999974,
            -26.89544119923817
          ],
          [
            -48.6869519,
            -26.895522299238163
          ],
          [
            -48.687124700000034,
            -26.895607399238195
          ],
          [
            -48.687389199999984,
            -26.895712099238203
          ],
          [
            -48.68750019999999,
            -26.895754399238157
          ],
          [
            -48.687611300000015,
            -26.895796399238172
          ],
          [
            -48.68770110000003,
            -26.89582469923816
          ],
          [
            -48.687777900000015,
            -26.89584309923816
          ],
          [
            -48.687814100000026,
            -26.89584979923818
          ],
          [
            -48.68788680000001,
            -26.895860399238178
          ],
          [
            -48.68799910000001,
            -26.895870999238173
          ],
          [
            -48.68807220000002,
            -26.895872999238172
          ],
          [
            -48.68810719999999,
            -26.895872199238145
          ],
          [
            -48.688172399999985,
            -26.895866099238155
          ],
          [
            -48.688202600000004,
            -26.895860899238187
          ],
          [
            -48.688259200000005,
            -26.89584609923821
          ],
          [
            -48.688286300000016,
            -26.89583679923816
          ],
          [
            -48.68833910000001,
            -26.895814399238184
          ],
          [
            -48.68841889999999,
            -26.895772499238202
          ],
          [
            -48.68847249999999,
            -26.895738699238155
          ],
          [
            -48.6884991,
            -26.89571989923819
          ],
          [
            -48.68855100000002,
            -26.895678399238186
          ],
          [
            -48.68857600000001,
            -26.895655399238194
          ],
          [
            -48.688600399999984,
            -26.895630999238158
          ],
          [
            -48.68864610000003,
            -26.895578599238203
          ],
          [
            -48.688686899999986,
            -26.89552249923822
          ],
          [
            -48.68870500000003,
            -26.895493499238164
          ],
          [
            -48.68873589999998,
            -26.895434899238186
          ],
          [
            -48.688748499999974,
            -26.89540549923817
          ],
          [
            -48.68876820000003,
            -26.895345199238196
          ],
          [
            -48.6887757,
            -26.89531329923818
          ],
          [
            -48.68878710000001,
            -26.8952440992382
          ],
          [
            -48.6887979,
            -26.895119899238182
          ],
          [
            -48.68880250000001,
            -26.894970299238206
          ],
          [
            -48.68880059999998,
            -26.89486269923818
          ],
          [
            -48.688797900000004,
            -26.89480809923818
          ],
          [
            -48.68878810000001,
            -26.894699699238185
          ],
          [
            -48.68877259999999,
            -26.894593499238184
          ],
          [
            -48.68875170000001,
            -26.8944888992382
          ],
          [
            -48.6887393,
            -26.89443699923818
          ],
          [
            -48.68871109999998,
            -26.894333399238192
          ],
          [
            -48.68867829999999,
            -26.894229599238233
          ],
          [
            -48.68866020000001,
            -26.894177499238225
          ],
          [
            -48.688620300000025,
            -26.894072599238225
          ],
          [
            -48.6885752,
            -26.893966299238194
          ],
          [
            -48.688550599999985,
            -26.89391259923823
          ],
          [
            -48.68849519999998,
            -26.89380099923821
          ],
          [
            -48.68842269999999,
            -26.893671999238197
          ],
          [
            -48.68837660000002,
            -26.893596199238207
          ],
          [
            -48.68825720000001,
            -26.89341219923821
          ],
          [
            -48.688181199999974,
            -26.8933000992382
          ]
        ]
      },
      "properties": {
        "OBJECTID": 49918,
        "COTRECHO": 21231,
        "COBACIA": "7796213",
        "NORIOCOMP": "Rio Itajaí-mirim",
        "NOORIGINAL": "Rio Itajaí-mirim",
        "NUSTRAHLER": 4,
        "NUTRJUS": 177938,
        "NUCOMPTREC": 9.22734696,
        "NUAREAMONT": 1661.77836665
      }
    },
    {
      "type": "Feature",
      "id": 53490,
      "geometry": {
        "type": "LineString",
        "coordinates": [
          [
            -48.76788140000002,
            -26.949561799237163
          ],
          [
            -48.76769280000002,
            -26.949347699237112
          ],
          [
            -48.76726769999999,
            -26.948827999237135
          ],
          [
            -48.7661728,
            -26.94778169923717
          ],
          [
            -48.7656063,
            -26.94726229923715
          ],
          [
            -48.764856399999985,
            -26.94652489923718
          ],
          [
            -48.76460500000002,
            -26.946189099237216
          ],
          [
            -48.76404739999998,
            -26.9457012992372
          ],
          [
            -48.76375710000002,
            -26.94543949923723
          ],
          [
            -48.763599199999994,
            -26.945213299237185
          ],
          [
            -48.763277000000016,
            -26.944876399237224
          ],
          [
            -48.762386900000024,
            -26.943955299237263
          ],
          [
            -48.76234549999998,
            -26.943912499237253
          ],
          [
            -48.76124770000001,
            -26.942961599237258
          ],
          [
            -48.760841200000016,
            -26.94256349923727
          ],
          [
            -48.760737500000005,
            -26.94245019923726
          ],
          [
            -48.76064459999997,
            -26.9423069992373
          ],
          [
            -48.760523999999975,
            -26.942092599237302
          ],
          [
            -48.76033009999998,
            -26.941736899237306
          ],
          [
            -48.760130300000014,
            -26.941316199237306
          ],
          [
            -48.76000729999999,
            -26.94101219923729
          ],
          [
            -48.7598615,
            -26.940564099237324
          ],
          [
            -48.75977469999998,
            -26.940115299237323
          ],
          [
            -48.75968510000001,
            -26.93959199923733
          ],
          [
            -48.759606899999994,
            -26.93933719923734
          ],
          [
            -48.759503499999994,
            -26.938863099237334
          ],
          [
            -48.759318099999966,
            -26.938345699237367
          ],
          [
            -48.759290400000005,
            -26.93822099923734
          ],
          [
            -48.75923399999999,
            -26.937967799237384
          ],
          [
            -48.759211100000016,
            -26.937654299237394
          ],
          [
            -48.759123199999976,
            -26.937040099237375
          ],
          [
            -48.75903670000002,
            -26.9365689992374
          ],
          [
            -48.75899570000001,
            -26.93614579923742
          ]
        ]
      },
      "properties": {
        "OBJECTID": 53490,
        "COTRECHO": 24977,
        "COBACIA": "77962315",
        "NORIOCOMP": "Rio Itajaí-mirim",
        "NOORIGINAL": "Rio Itajaí-mirim",
        "NUSTRAHLER": 4,
        "NUTRJUS": 344720,
        "NUCOMPTREC": 1.79178137,
        "NUAREAMONT": 1531.91249825
      }
    },
    {
      "type": "Feature",
      "id": 180192,
      "geometry": {
        "type": "LineString",
        "coordinates": [
          [
            -48.688181199999974,
            -26.8933000992382
          ],
          [
            -48.687984400000005,
            -26.893120599238202
          ],
          [
            -48.68769739999999,
            -26.89279199923822
          ],
          [
            -48.687500100000015,
            -26.89256229923825
          ],
          [
            -48.6871478,
            -26.892222899238224
          ],
          [
            -48.686916999999994,
            -26.89200109923826
          ],
          [
            -48.68670989999998,
            -26.891812299238282
          ],
          [
            -48.6864908,
            -26.891619699238234
          ],
          [
            -48.68611490000001,
            -26.891313299238245
          ],
          [
            -48.68581110000003,
            -26.89109389923825
          ],
          [
            -48.68549130000003,
            -26.890863299238248
          ],
          [
            -48.685179300000016,
            -26.890647399238254
          ],
          [
            -48.684979399999975,
            -26.890505999238293
          ],
          [
            -48.68481159999999,
            -26.890379599238294
          ],
          [
            -48.68462419999997,
            -26.890220299238305
          ],
          [
            -48.68441710000002,
            -26.890031499238308
          ],
          [
            -48.684206399999994,
            -26.88982449923827
          ],
          [
            -48.684002299999975,
            -26.8896339992383
          ],
          [
            -48.68380730000001,
            -26.889452699238287
          ],
          [
            -48.683604,
            -26.889274899238277
          ],
          [
            -48.6833891,
            -26.889071499238305
          ],
          [
            -48.68324610000002,
            -26.888923699238326
          ],
          [
            -48.68309599999998,
            -26.888728599238295
          ],
          [
            -48.68295010000003,
            -26.88852269923832
          ],
          [
            -48.682797300000004,
            -26.888258499238333
          ],
          [
            -48.68262060000001,
            -26.88785709923835
          ],
          [
            -48.6824924,
            -26.88752659923834
          ],
          [
            -48.682364600000035,
            -26.88717309923832
          ],
          [
            -48.68220070000001,
            -26.886697999238375
          ],
          [
            -48.68210829999998,
            -26.886413899238345
          ]
        ]
      },
      "properties": {
        "OBJECTID": 180192,
        "COTRECHO": 177938,
        "COBACIA": "7796211",
        "NORIOCOMP": "Rio Itajaí-mirim",
        "NOORIGINAL": "Rio Itajaí-mirim",
        "NUSTRAHLER": 4,
        "NUTRJUS": 426020,
        "NUCOMPTREC": 0.99542453,
        "NUAREAMONT": 1676.22134866
      }
    },
    {
      "type": "Feature",
      "id": 180193,
      "geometry": {
        "type": "LineString",
        "coordinates": [
          [
            -48.7387756,
            -26.935486299237393
          ],
          [
            -48.738684999999975,
            -26.935612099237417
          ],
          [
            -48.738559699999996,
            -26.93581039923738
          ],
          [
            -48.73850220000003,
            -26.935889299237388
          ],
          [
            -48.738457799999985,
            -26.935932699237416
          ],
          [
            -48.73841299999999,
            -26.935963699237394
          ],
          [
            -48.73836210000002,
            -26.935987399237383
          ],
          [
            -48.73829679999999,
            -26.936005099237384
          ],
          [
            -48.73825169999998,
            -26.936010599237374
          ],
          [
            -48.738203699999985,
            -26.936011699237387
          ],
          [
            -48.738151200000004,
            -26.93600849923741
          ],
          [
            -48.73809210000001,
            -26.936000199237416
          ],
          [
            -48.7380432,
            -26.935988699237388
          ],
          [
            -48.7380086,
            -26.93597699923738
          ],
          [
            -48.73797259999998,
            -26.935961299237366
          ],
          [
            -48.737934600000024,
            -26.935940799237425
          ],
          [
            -48.737848499999984,
            -26.93588179923741
          ],
          [
            -48.7377426,
            -26.935794899237425
          ],
          [
            -48.73761999999999,
            -26.93568529923739
          ],
          [
            -48.7373665,
            -26.93545079923742
          ],
          [
            -48.737246200000016,
            -26.93534769923743
          ],
          [
            -48.7371905,
            -26.93530679923739
          ],
          [
            -48.73714200000001,
            -26.935277299237402
          ],
          [
            -48.737110400000006,
            -26.935262099237395
          ],
          [
            -48.737057900000025,
            -26.93524319923741
          ],
          [
            -48.73694210000002,
            -26.935214099237413
          ],
          [
            -48.73680739999998,
            -26.93519259923741
          ],
          [
            -48.736728400000004,
            -26.9351869992374
          ],
          [
            -48.736676999999986,
            -26.935186699237374
          ],
          [
            -48.7365762,
            -26.9351942992374
          ],
          [
            -48.73652659999999,
            -26.93520219923741
          ],
          [
            -48.736453100000006,
            -26.93521889923741
          ],
          [
            -48.73640449999999,
            -26.93523319923744
          ],
          [
            -48.73633410000002,
            -26.935258399237423
          ],
          [
            -48.73627060000002,
            -26.93528649923743
          ],
          [
            -48.7362344,
            -26.935305899237413
          ],
          [
            -48.73620360000002,
            -26.93532559923742
          ],
          [
            -48.73616620000002,
            -26.935356899237405
          ],
          [
            -48.736128699999995,
            -26.935404899237398
          ],
          [
            -48.736098500000026,
            -26.935466499237428
          ],
          [
            -48.73605939999999,
            -26.935575299237392
          ],
          [
            -48.73602340000003,
            -26.9357019992374
          ],
          [
            -48.73600349999998,
            -26.93581839923741
          ],
          [
            -48.73598199999998,
            -26.936096699237403
          ],
          [
            -48.735970000000016,
            -26.93620599923742
          ],
          [
            -48.73595289999998,
            -26.936297599237378
          ],
          [
            -48.7359295,
            -26.936370499237395
          ],
          [
            -48.73590630000001,
            -26.93641699923739
          ],
          [
            -48.735877200000004,
            -26.936461499237392
          ],
          [
            -48.73584169999998,
            -26.936506799237407
          ],
          [
            -48.73580020000003,
            -26.936551699237377
          ],
          [
            -48.73571959999998,
            -26.936623699237376
          ],
          [
            -48.73550590000002,
            -26.936789399237394
          ],
          [
            -48.735468000000026,
            -26.93682529923739
          ],
          [
            -48.73543169999999,
            -26.936868099237408
          ],
          [
            -48.735396200000025,
            -26.936925399237392
          ],
          [
            -48.73537509999999,
            -26.936987299237373
          ],
          [
            -48.735368900000026,
            -26.937048199237353
          ],
          [
            -48.735371999999984,
            -26.937088099237354
          ],
          [
            -48.73537979999997,
            -26.937126999237357
          ],
          [
            -48.73539119999999,
            -26.93716129923739
          ],
          [
            -48.735405800000024,
            -26.93718969923735
          ],
          [
            -48.735423899999994,
            -26.93721499923737
          ],
          [
            -48.735454800000014,
            -26.937248899237364
          ],
          [
            -48.735485900000015,
            -26.937274599237387
          ],
          [
            -48.73551200000003,
            -26.937291499237393
          ],
          [
            -48.735582299999976,
            -26.937323999237353
          ],
          [
            -48.735659,
            -26.937348599237385
          ],
          [
            -48.73572530000002,
            -26.93736579923737
          ],
          [
            -48.73592480000002,
            -26.937406299237384
          ],
          [
            -48.7360718,
            -26.937424899237367
          ],
          [
            -48.73618779999998,
            -26.937427999237375
          ],
          [
            -48.736286699999994,
            -26.937421899237364
          ],
          [
            -48.736376199999995,
            -26.93740979923738
          ],
          [
            -48.736456600000004,
            -26.937392099237382
          ],
          [
            -48.736548700000014,
            -26.93736159923735
          ],
          [
            -48.736622899999986,
            -26.937328999237348
          ],
          [
            -48.73668470000001,
            -26.93729739923734
          ],
          [
            -48.73698839999997,
            -26.937123099237386
          ],
          [
            -48.73705039999999,
            -26.9370935992374
          ],
          [
            -48.73711259999998,
            -26.937071599237402
          ],
          [
            -48.73720309999999,
            -26.937051399237344
          ],
          [
            -48.7372833,
            -26.937042899237365
          ],
          [
            -48.73733379999999,
            -26.937046899237355
          ],
          [
            -48.7373561,
            -26.9370548992374
          ],
          [
            -48.73737529999999,
            -26.937067399237375
          ],
          [
            -48.737393699999984,
            -26.93709299923738
          ],
          [
            -48.7374036,
            -26.93712839923738
          ],
          [
            -48.73740450000002,
            -26.93717129923736
          ],
          [
            -48.7373981,
            -26.937221199237385
          ],
          [
            -48.7373139,
            -26.937618799237363
          ],
          [
            -48.737241100000006,
            -26.93798049923734
          ],
          [
            -48.73721710000001,
            -26.938089199237336
          ],
          [
            -48.7371938,
            -26.938178499237342
          ],
          [
            -48.737158900000004,
            -26.938274799237327
          ],
          [
            -48.7371339,
            -26.938320999237327
          ],
          [
            -48.73710620000003,
            -26.938358699237334
          ],
          [
            -48.73705760000002,
            -26.938407599237348
          ],
          [
            -48.73702029999998,
            -26.938435299237337
          ],
          [
            -48.73697920000001,
            -26.93845839923736
          ],
          [
            -48.7369342,
            -26.93847669923737
          ],
          [
            -48.736860999999976,
            -26.93849569923733
          ],
          [
            -48.73674310000001,
            -26.938510899237325
          ],
          [
            -48.73668010000001,
            -26.938516299237346
          ],
          [
            -48.736593500000026,
            -26.93851799923734
          ],
          [
            -48.73648930000001,
            -26.93851359923737
          ],
          [
            -48.73640590000002,
            -26.938506499237374
          ],
          [
            -48.736255200000016,
            -26.938487699237356
          ],
          [
            -48.73613519999998,
            -26.938468799237356
          ],
          [
            -48.735927000000004,
            -26.938430399237365
          ],
          [
            -48.735706400000026,
            -26.938384499237344
          ],
          [
            -48.73550069999999,
            -26.938336699237336
          ],
          [
            -48.73537800000003,
            -26.938304899237348
          ],
          [
            -48.73528049999999,
            -26.938276999237388
          ],
          [
            -48.73508120000003,
            -26.938213899237358
          ],
          [
            -48.73495159999999,
            -26.93816829923733
          ],
          [
            -48.73481479999998,
            -26.938116199237378
          ],
          [
            -48.734603100000015,
            -26.93802499923734
          ],
          [
            -48.73453230000002,
            -26.937990999237375
          ],
          [
            -48.73439289999999,
            -26.937917899237366
          ],
          [
            -48.734195199999995,
            -26.937799799237357
          ],
          [
            -48.73409049999998,
            -26.937727299237366
          ],
          [
            -48.73387919999999,
            -26.937563899237347
          ],
          [
            -48.73376589999998,
            -26.937454999237367
          ],
          [
            -48.73367489999998,
            -26.937352799237352
          ],
          [
            -48.733511000000014,
            -26.93714879923737
          ],
          [
            -48.73344580000003,
            -26.93708209923738
          ],
          [
            -48.73340350000001,
            -26.937046199237376
          ],
          [
            -48.733344800000005,
            -26.93700659923739
          ],
          [
            -48.73330989999999,
            -26.9369901992374
          ],
          [
            -48.733260599999994,
            -26.93697819923738
          ],
          [
            -48.73322710000002,
            -26.936976199237378
          ],
          [
            -48.73317129999999,
            -26.936978999237386
          ],
          [
            -48.73310950000001,
            -26.936987699237356
          ],
          [
            -48.73306689999998,
            -26.936997499237386
          ],
          [
            -48.73302460000002,
            -26.9370108992374
          ],
          [
            -48.732982400000026,
            -26.937028299237394
          ],
          [
            -48.73293890000002,
            -26.93704999923737
          ],
          [
            -48.73286760000002,
            -26.937091899237366
          ],
          [
            -48.73273940000001,
            -26.937179399237372
          ],
          [
            -48.732610299999976,
            -26.9372773992374
          ],
          [
            -48.73223059999999,
            -26.937591899237333
          ],
          [
            -48.73202830000003,
            -26.937752999237343
          ],
          [
            -48.7319612,
            -26.937800699237386
          ],
          [
            -48.73190970000002,
            -26.93783259923734
          ],
          [
            -48.73186900000002,
            -26.93785219923736
          ],
          [
            -48.731823599999984,
            -26.93786489923739
          ],
          [
            -48.7317916,
            -26.93786649923734
          ],
          [
            -48.73175780000003,
            -26.937862799237358
          ],
          [
            -48.7317099,
            -26.937851499237382
          ],
          [
            -48.73166220000002,
            -26.93783459923733
          ],
          [
            -48.73162789999998,
            -26.937818499237352
          ],
          [
            -48.731594799999975,
            -26.937798699237337
          ],
          [
            -48.73156280000001,
            -26.937774199237328
          ],
          [
            -48.731531099999984,
            -26.937742599237346
          ],
          [
            -48.73147640000002,
            -26.937667799237353
          ],
          [
            -48.73139250000003,
            -26.937525899237382
          ],
          [
            -48.73131599999999,
            -26.937387899237343
          ],
          [
            -48.73120460000001,
            -26.937164899237395
          ],
          [
            -48.7311555,
            -26.93707999923736
          ],
          [
            -48.731117100000006,
            -26.93702279923739
          ],
          [
            -48.73104940000002,
            -26.936938699237352
          ],
          [
            -48.73099560000003,
            -26.93688689923737
          ],
          [
            -48.73095810000002,
            -26.936859299237362
          ],
          [
            -48.73093740000002,
            -26.936847199237373
          ],
          [
            -48.73088769999999,
            -26.93682349923738
          ],
          [
            -48.730861300000015,
            -26.9368164992374
          ],
          [
            -48.73081780000001,
            -26.93681109923737
          ],
          [
            -48.7307776,
            -26.936809699237404
          ],
          [
            -48.730734400000024,
            -26.936811899237387
          ],
          [
            -48.73069090000001,
            -26.93681859923736
          ],
          [
            -48.73064679999999,
            -26.93682969923736
          ],
          [
            -48.730601200000024,
            -26.936845099237413
          ],
          [
            -48.730553199999974,
            -26.936864799237387
          ],
          [
            -48.7305025,
            -26.936890299237383
          ],
          [
            -48.73040980000002,
            -26.936950299237367
          ],
          [
            -48.73032039999999,
            -26.937022499237386
          ],
          [
            -48.730213100000014,
            -26.937120599237392
          ],
          [
            -48.73000799999999,
            -26.93731849923737
          ],
          [
            -48.72996590000002,
            -26.937355799237356
          ],
          [
            -48.72992690000001,
            -26.937385699237364
          ],
          [
            -48.729873199999986,
            -26.937415599237383
          ],
          [
            -48.72982409999997,
            -26.93743079923738
          ],
          [
            -48.72979329999998,
            -26.93743479923738
          ],
          [
            -48.72976369999998,
            -26.93743529923737
          ],
          [
            -48.72972170000003,
            -26.937428999237376
          ],
          [
            -48.72969560000002,
            -26.937419899237376
          ],
          [
            -48.729671300000014,
            -26.937406399237357
          ],
          [
            -48.72963820000001,
            -26.937377699237384
          ],
          [
            -48.729608299999995,
            -26.93733829923739
          ],
          [
            -48.72957229999998,
            -26.937267999237374
          ],
          [
            -48.72954120000003,
            -26.937176599237358
          ],
          [
            -48.72948480000002,
            -26.93693009923736
          ],
          [
            -48.72945270000002,
            -26.93681799923739
          ],
          [
            -48.7294248,
            -26.936738999237374
          ],
          [
            -48.72939109999999,
            -26.936657699237394
          ],
          [
            -48.72932900000001,
            -26.936533999237376
          ],
          [
            -48.72925429999998,
            -26.936412899237386
          ],
          [
            -48.729200400000025,
            -26.936336899237407
          ],
          [
            -48.7291454,
            -26.93626719923736
          ],
          [
            -48.729063600000025,
            -26.93617739923742
          ],
          [
            -48.729009399999995,
            -26.936127199237383
          ],
          [
            -48.72895490000002,
            -26.936084299237397
          ],
          [
            -48.728871399999996,
            -26.93603269923739
          ],
          [
            -48.72877970000002,
            -26.93599339923738
          ],
          [
            -48.72870949999998,
            -26.935972099237407
          ],
          [
            -48.728628800000024,
            -26.93595349923738
          ],
          [
            -48.72848529999999,
            -26.935930199237372
          ],
          [
            -48.72831439999999,
            -26.93591449923742
          ],
          [
            -48.728117199999986,
            -26.935908399237416
          ],
          [
            -48.72790889999999,
            -26.935911499237378
          ],
          [
            -48.72765679999998,
            -26.935926299237398
          ],
          [
            -48.72750580000002,
            -26.935943199237396
          ],
          [
            -48.727379499999984,
            -26.935964399237385
          ],
          [
            -48.727233700000006,
            -26.935998699237413
          ],
          [
            -48.727114099999994,
            -26.93603769923738
          ],
          [
            -48.72706699999997,
            -26.936058099237417
          ],
          [
            -48.727028800000035,
            -26.936078599237366
          ],
          [
            -48.72697579999999,
            -26.93611769923741
          ],
          [
            -48.72695920000001,
            -26.936135399237408
          ],
          [
            -48.72694369999999,
            -26.93616009923739
          ],
          [
            -48.7269359,
            -26.936185699237406
          ],
          [
            -48.72693190000001,
            -26.936215499237388
          ],
          [
            -48.726933299999985,
            -26.936274399237394
          ],
          [
            -48.72694139999999,
            -26.936312599237407
          ],
          [
            -48.726950199999976,
            -26.936337899237397
          ],
          [
            -48.7269756,
            -26.9363843992374
          ],
          [
            -48.72699199999999,
            -26.936404199237415
          ],
          [
            -48.72702140000001,
            -26.93643039923739
          ],
          [
            -48.72709850000002,
            -26.936478999237398
          ],
          [
            -48.727193899999975,
            -26.936525399237375
          ],
          [
            -48.727280500000006,
            -26.936558899237408
          ],
          [
            -48.727470200000035,
            -26.936620399237363
          ],
          [
            -48.7275608,
            -26.936656999237407
          ],
          [
            -48.727686000000006,
            -26.936719499237363
          ],
          [
            -48.72778729999998,
            -26.9367800992374
          ],
          [
            -48.727870800000005,
            -26.93683879923736
          ],
          [
            -48.72795500000001,
            -26.936905099237364
          ],
          [
            -48.72805390000002,
            -26.936991599237373
          ],
          [
            -48.72811080000003,
            -26.937048399237355
          ],
          [
            -48.7281534,
            -26.937099199237363
          ],
          [
            -48.728183100000024,
            -26.937145399237394
          ],
          [
            -48.72820209999997,
            -26.937188499237358
          ],
          [
            -48.728212799999994,
            -26.937229699237363
          ],
          [
            -48.728217099999995,
            -26.937271899237363
          ],
          [
            -48.7282161,
            -26.937304899237382
          ],
          [
            -48.72820359999997,
            -26.937396899237374
          ],
          [
            -48.728175400000005,
            -26.937532699237376
          ],
          [
            -48.72813120000001,
            -26.937703199237355
          ],
          [
            -48.72807099999999,
            -26.93790049923737
          ],
          [
            -48.72799570000001,
            -26.93812479923738
          ],
          [
            -48.72793089999999,
            -26.938304599237338
          ],
          [
            -48.72786189999999,
            -26.938476899237365
          ],
          [
            -48.72782599999999,
            -26.938572499237367
          ],
          [
            -48.72777120000001,
            -26.938674099237364
          ],
          [
            -48.72770250000002,
            -26.93878649923733
          ],
          [
            -48.72763250000003,
            -26.93887589923737
          ],
          [
            -48.72756959999998,
            -26.938951999237315
          ],
          [
            -48.72751190000003,
            -26.93901049923733
          ],
          [
            -48.727460500000014,
            -26.93905089923733
          ],
          [
            -48.72742950000003,
            -26.93906909923732
          ],
          [
            -48.727400699999976,
            -26.939081999237327
          ],
          [
            -48.72734730000002,
            -26.939097699237323
          ],
          [
            -48.72730480000001,
            -26.939103199237312
          ],
          [
            -48.727251200000005,
            -26.93910349923733
          ],
          [
            -48.72717960000001,
            -26.939098099237356
          ],
          [
            -48.72708779999999,
            -26.93908499923731
          ],
          [
            -48.727015,
            -26.939070599237322
          ],
          [
            -48.726835300000005,
            -26.939024499237355
          ],
          [
            -48.72665669999998,
            -26.93897069923737
          ],
          [
            -48.72634360000001,
            -26.93886939923733
          ],
          [
            -48.72564080000001,
            -26.938631499237324
          ],
          [
            -48.72532319999999,
            -26.93851549923734
          ],
          [
            -48.72493509999998,
            -26.938359699237324
          ],
          [
            -48.7247779,
            -26.938305099237333
          ],
          [
            -48.72462710000002,
            -26.938261899237336
          ],
          [
            -48.724445,
            -26.93821639923734
          ],
          [
            -48.723825999999974,
            -26.93808029923738
          ],
          [
            -48.72356330000002,
            -26.938013899237344
          ],
          [
            -48.72338359999998,
            -26.93796229923735
          ],
          [
            -48.723198399999994,
            -26.937905299237364
          ],
          [
            -48.7223818,
            -26.937642399237372
          ],
          [
            -48.722165000000025,
            -26.937578999237395
          ],
          [
            -48.72194889999997,
            -26.937522599237386
          ],
          [
            -48.72173750000001,
            -26.937474199237357
          ],
          [
            -48.72153589999999,
            -26.93743359923739
          ],
          [
            -48.72126370000001,
            -26.937385599237395
          ],
          [
            -48.72103650000002,
            -26.937351999237336
          ],
          [
            -48.720838300000025,
            -26.93733329923735
          ],
          [
            -48.72071110000002,
            -26.937329599237376
          ],
          [
            -48.720580600000005,
            -26.93733329923735
          ],
          [
            -48.7204572,
            -26.937337099237354
          ],
          [
            -48.72029500000002,
            -26.93735359923737
          ],
          [
            -48.720172600000005,
            -26.937376299237357
          ],
          [
            -48.719970699999976,
            -26.937423699237385
          ],
          [
            -48.71982750000001,
            -26.93746529923735
          ],
          [
            -48.71970019999998,
            -26.937502199237358
          ],
          [
            -48.71952390000001,
            -26.93756059923735
          ],
          [
            -48.71942530000002,
            -26.937595999237352
          ],
          [
            -48.7193484,
            -26.937630299237398
          ],
          [
            -48.71922699999999,
            -26.937697699237354
          ],
          [
            -48.71918240000003,
            -26.937731399237386
          ],
          [
            -48.71905659999999,
            -26.937826499237392
          ],
          [
            -48.71889110000001,
            -26.93794179923733
          ],
          [
            -48.71882179999999,
            -26.937997199237344
          ],
          [
            -48.71877410000002,
            -26.938042499237355
          ],
          [
            -48.71858229999998,
            -26.93825079923733
          ],
          [
            -48.718471099999995,
            -26.938362599237358
          ],
          [
            -48.71788980000002,
            -26.938890999237355
          ],
          [
            -48.717535500000004,
            -26.939230999237346
          ],
          [
            -48.71743570000001,
            -26.939330399237342
          ],
          [
            -48.71736149999999,
            -26.939408999237333
          ],
          [
            -48.71730810000002,
            -26.93947419923734
          ],
          [
            -48.717267100000015,
            -26.93953729923731
          ],
          [
            -48.717143799999974,
            -26.939778599237336
          ],
          [
            -48.717063199999984,
            -26.939918199237347
          ],
          [
            -48.717028500000026,
            -26.939974499237316
          ],
          [
            -48.716950800000006,
            -26.940082899237307
          ],
          [
            -48.71687309999999,
            -26.94016939923732
          ],
          [
            -48.716793800000005,
            -26.940237499237334
          ],
          [
            -48.71675499999998,
            -26.940264199237326
          ],
          [
            -48.716700100000025,
            -26.940294199237293
          ],
          [
            -48.716666599999996,
            -26.940307599237293
          ],
          [
            -48.7166211,
            -26.940320299237314
          ],
          [
            -48.716569100000015,
            -26.940328199237328
          ],
          [
            -48.71652660000001,
            -26.940329499237336
          ],
          [
            -48.716485200000015,
            -26.940323699237336
          ],
          [
            -48.71645380000001,
            -26.940311699237316
          ],
          [
            -48.716410999999994,
            -26.940283099237302
          ],
          [
            -48.71637679999998,
            -26.9402524992373
          ],
          [
            -48.71634110000002,
            -26.940203899237275
          ],
          [
            -48.71631089999999,
            -26.94015019923733
          ],
          [
            -48.716284900000005,
            -26.94009129923733
          ],
          [
            -48.71626930000002,
            -26.94003729923729
          ],
          [
            -48.716264000000024,
            -26.939991099237307
          ],
          [
            -48.71626659999999,
            -26.939927699237323
          ],
          [
            -48.71631380000002,
            -26.93964239923735
          ],
          [
            -48.71631680000001,
            -26.939605899237332
          ],
          [
            -48.71631350000001,
            -26.939553899237353
          ],
          [
            -48.7163,
            -26.93946929923731
          ],
          [
            -48.71627619999998,
            -26.939351099237342
          ],
          [
            -48.716173500000025,
            -26.938903799237327
          ],
          [
            -48.716122299999995,
            -26.938650399237318
          ],
          [
            -48.71608800000001,
            -26.938465299237365
          ],
          [
            -48.71607369999998,
            -26.938314999237345
          ],
          [
            -48.71606370000001,
            -26.93804679923734
          ],
          [
            -48.7160619,
            -26.937805399237362
          ],
          [
            -48.71607449999999,
            -26.93750529923737
          ],
          [
            -48.71610290000001,
            -26.937094799237382
          ],
          [
            -48.71610329999998,
            -26.937045799237403
          ],
          [
            -48.716099799999995,
            -26.937001099237335
          ],
          [
            -48.716090099999974,
            -26.936951999237394
          ],
          [
            -48.716066899999994,
            -26.9368836992374
          ],
          [
            -48.71589360000002,
            -26.936475299237365
          ],
          [
            -48.71584580000002,
            -26.936376099237417
          ],
          [
            -48.71583060000001,
            -26.936352099237407
          ],
          [
            -48.71580669999998,
            -26.936322999237404
          ],
          [
            -48.715780699999975,
            -26.936300699237393
          ],
          [
            -48.71575100000001,
            -26.936283199237376
          ],
          [
            -48.71571640000003,
            -26.9362695992374
          ],
          [
            -48.71567529999999,
            -26.936259299237413
          ],
          [
            -48.715610500000025,
            -26.936249399237393
          ],
          [
            -48.71551419999997,
            -26.93624019923737
          ],
          [
            -48.71545950000001,
            -26.93623719923738
          ],
          [
            -48.71540629999998,
            -26.936238699237382
          ],
          [
            -48.71535899999998,
            -26.936245699237368
          ],
          [
            -48.71531850000002,
            -26.936254899237387
          ],
          [
            -48.71500880000002,
            -26.936343299237368
          ],
          [
            -48.71491789999999,
            -26.936365099237385
          ],
          [
            -48.714778799999976,
            -26.936393999237396
          ],
          [
            -48.71465009999997,
            -26.936416099237363
          ],
          [
            -48.714540800000016,
            -26.93642949923736
          ],
          [
            -48.714470999999996,
            -26.936433499237413
          ],
          [
            -48.7143542,
            -26.936432499237412
          ],
          [
            -48.71421070000002,
            -26.93642369923737
          ],
          [
            -48.71405870000001,
            -26.93640929923736
          ],
          [
            -48.7139239,
            -26.936391899237375
          ],
          [
            -48.71381509999998,
            -26.9363711992374
          ],
          [
            -48.7137482,
            -26.936353699237372
          ],
          [
            -48.71364169999998,
            -26.936318399237393
          ],
          [
            -48.7135217,
            -26.936271499237368
          ],
          [
            -48.71343180000002,
            -26.93623149923742
          ],
          [
            -48.7132823,
            -26.936156999237372
          ],
          [
            -48.713210600000025,
            -26.936114399237397
          ],
          [
            -48.71314219999999,
            -26.93606779923737
          ],
          [
            -48.71307610000002,
            -26.936016199237375
          ],
          [
            -48.71301160000002,
            -26.935958699237407
          ],
          [
            -48.71294879999999,
            -26.93589659923738
          ],
          [
            -48.71285870000002,
            -26.935799199237422
          ],
          [
            -48.71277459999999,
            -26.935701799237407
          ],
          [
            -48.71267719999997,
            -26.935577299237373
          ],
          [
            -48.71263720000002,
            -26.935518199237396
          ],
          [
            -48.71260410000002,
            -26.935461399237422
          ],
          [
            -48.71256140000003,
            -26.935372799237392
          ],
          [
            -48.71245,
            -26.935128699237428
          ],
          [
            -48.71239200000002,
            -26.93504249923742
          ],
          [
            -48.71237889999998,
            -26.93501479923739
          ],
          [
            -48.71236470000003,
            -26.934970499237437
          ],
          [
            -48.71235189999999,
            -26.93494839923742
          ],
          [
            -48.71214830000003,
            -26.934706799237432
          ],
          [
            -48.71208969999998,
            -26.93462819923744
          ],
          [
            -48.7119831,
            -26.93447469923743
          ],
          [
            -48.71179080000002,
            -26.934240599237427
          ],
          [
            -48.7115892,
            -26.93397439923745
          ],
          [
            -48.711485400000015,
            -26.933845999237455
          ],
          [
            -48.71141260000002,
            -26.933764999237425
          ],
          [
            -48.711333000000025,
            -26.93368699923746
          ],
          [
            -48.711249899999984,
            -26.933616799237427
          ],
          [
            -48.71115420000001,
            -26.933544999237434
          ],
          [
            -48.71109139999999,
            -26.933501599237434
          ],
          [
            -48.71104129999997,
            -26.933473899237462
          ],
          [
            -48.710889699999996,
            -26.93339139923745
          ],
          [
            -48.71075330000002,
            -26.933326199237456
          ],
          [
            -48.710644100000025,
            -26.93327909923743
          ],
          [
            -48.710541299999996,
            -26.93323989923745
          ],
          [
            -48.71047850000002,
            -26.933219699237448
          ],
          [
            -48.71038570000002,
            -26.93319559923743
          ],
          [
            -48.71028489999998,
            -26.93317529923746
          ],
          [
            -48.71013620000002,
            -26.93315189923744
          ],
          [
            -48.71002879999997,
            -26.93313959923745
          ],
          [
            -48.709935099999996,
            -26.933134099237467
          ],
          [
            -48.70987780000001,
            -26.933134199237436
          ],
          [
            -48.7097928,
            -26.933139999237433
          ],
          [
            -48.709607500000004,
            -26.93316429923744
          ],
          [
            -48.7095094,
            -26.933173499237466
          ],
          [
            -48.709412999999984,
            -26.933176299237463
          ],
          [
            -48.7093274,
            -26.933172999237456
          ],
          [
            -48.709260799999974,
            -26.933164399237466
          ],
          [
            -48.709210600000006,
            -26.933151499237464
          ],
          [
            -48.70915280000003,
            -26.933128799237462
          ],
          [
            -48.709045300000014,
            -26.933080199237455
          ],
          [
            -48.709025699999984,
            -26.93302159923747
          ],
          [
            -48.709020399999986,
            -26.93295849923743
          ],
          [
            -48.70902799999999,
            -26.932900999237475
          ],
          [
            -48.709047699999985,
            -26.93284709923746
          ],
          [
            -48.709074699999974,
            -26.93280139923748
          ],
          [
            -48.70910220000002,
            -26.932765199237473
          ],
          [
            -48.70921040000002,
            -26.932650199237468
          ],
          [
            -48.70927519999998,
            -26.93257049923746
          ],
          [
            -48.70933450000001,
            -26.93248819923748
          ],
          [
            -48.709385999999995,
            -26.932399299237453
          ],
          [
            -48.70948340000001,
            -26.93219879923745
          ],
          [
            -48.709618600000006,
            -26.93189629923748
          ],
          [
            -48.70966290000001,
            -26.931792999237498
          ],
          [
            -48.70978179999997,
            -26.931503199237493
          ],
          [
            -48.70983000000001,
            -26.93139559923746
          ],
          [
            -48.70984950000001,
            -26.931340599237483
          ],
          [
            -48.7098646,
            -26.93127149923746
          ],
          [
            -48.70986570000003,
            -26.931246999237477
          ],
          [
            -48.70985189999998,
            -26.93110799923749
          ],
          [
            -48.709841700000034,
            -26.931056499237496
          ],
          [
            -48.70982900000001,
            -26.931015399237474
          ],
          [
            -48.70980559999998,
            -26.930965999237507
          ],
          [
            -48.709698100000026,
            -26.93085989923747
          ],
          [
            -48.70968069999997,
            -26.930848999237522
          ],
          [
            -48.70965760000001,
            -26.930839199237475
          ],
          [
            -48.7095764,
            -26.93081919923747
          ],
          [
            -48.70947840000003,
            -26.93080759923747
          ],
          [
            -48.70938380000001,
            -26.930807899237486
          ],
          [
            -48.70929949999999,
            -26.930817299237493
          ],
          [
            -48.70916260000001,
            -26.930844999237465
          ],
          [
            -48.709006699999975,
            -26.930885099237507
          ],
          [
            -48.70888960000003,
            -26.9309275992375
          ],
          [
            -48.7087927,
            -26.93097449923748
          ],
          [
            -48.7087454,
            -26.93100229923748
          ],
          [
            -48.708678899999995,
            -26.931047799237486
          ],
          [
            -48.70862090000003,
            -26.93109369923751
          ],
          [
            -48.708574399999975,
            -26.931136099237495
          ],
          [
            -48.70852000000002,
            -26.931194599237514
          ],
          [
            -48.70825350000001,
            -26.931502499237503
          ],
          [
            -48.70820459999999,
            -26.93155419923747
          ],
          [
            -48.708155999999974,
            -26.931597399237464
          ],
          [
            -48.7080598,
            -26.931665599237455
          ],
          [
            -48.707925999999986,
            -26.93175179923744
          ],
          [
            -48.70766630000003,
            -26.931910899237465
          ],
          [
            -48.70758039999998,
            -26.931950299237457
          ],
          [
            -48.7075117,
            -26.931974399237472
          ],
          [
            -48.70740439999997,
            -26.93200489923746
          ],
          [
            -48.7072488,
            -26.932042599237466
          ],
          [
            -48.70695180000001,
            -26.932104999237442
          ],
          [
            -48.7066059,
            -26.932163199237465
          ],
          [
            -48.706147499999986,
            -26.93225269923746
          ],
          [
            -48.70578569999998,
            -26.932312299237445
          ],
          [
            -48.70569560000001,
            -26.932329999237457
          ],
          [
            -48.705627900000025,
            -26.93235019923743
          ],
          [
            -48.70556570000002,
            -26.932377499237433
          ],
          [
            -48.7055019,
            -26.93241469923745
          ],
          [
            -48.70545190000002,
            -26.932450099237442
          ],
          [
            -48.70540329999999,
            -26.932490399237466
          ],
          [
            -48.7053621,
            -26.932532399237473
          ],
          [
            -48.7053325,
            -26.932573699237437
          ],
          [
            -48.70528839999997,
            -26.932670299237444
          ],
          [
            -48.7052678,
            -26.932723499237458
          ],
          [
            -48.70525279999998,
            -26.932783199237477
          ],
          [
            -48.705245699999985,
            -26.93285069923747
          ],
          [
            -48.70524690000001,
            -26.932929399237437
          ],
          [
            -48.70525770000001,
            -26.93301119923746
          ],
          [
            -48.70530020000001,
            -26.933139899237467
          ],
          [
            -48.705331100000016,
            -26.933212999237465
          ],
          [
            -48.705455099999995,
            -26.933475799237442
          ],
          [
            -48.70549169999998,
            -26.933570999237418
          ],
          [
            -48.70552129999999,
            -26.93365959923744
          ],
          [
            -48.705535999999995,
            -26.933726299237417
          ],
          [
            -48.70554370000002,
            -26.933803199237442
          ],
          [
            -48.70554529999999,
            -26.933880599237444
          ],
          [
            -48.7055398,
            -26.933962399237423
          ],
          [
            -48.70552939999998,
            -26.93400979923745
          ],
          [
            -48.70550659999998,
            -26.934059099237448
          ],
          [
            -48.70545970000001,
            -26.934126399237453
          ],
          [
            -48.70539839999997,
            -26.934195999237424
          ],
          [
            -48.70535460000002,
            -26.934233599237455
          ],
          [
            -48.7053014,
            -26.93426699923741
          ],
          [
            -48.705236800000016,
            -26.93429409923742
          ],
          [
            -48.705180900000016,
            -26.934308699237402
          ],
          [
            -48.705104199999994,
            -26.934321299237446
          ],
          [
            -48.70501660000002,
            -26.934328899237464
          ],
          [
            -48.70491989999999,
            -26.934328699237405
          ],
          [
            -48.704824099999996,
            -26.934322699237423
          ],
          [
            -48.70472539999998,
            -26.93430959923744
          ],
          [
            -48.70465669999999,
            -26.93429459923742
          ],
          [
            -48.70459299999999,
            -26.934275699237435
          ],
          [
            -48.70451600000001,
            -26.934245599237425
          ],
          [
            -48.70443640000002,
            -26.93420559923743
          ],
          [
            -48.70436810000001,
            -26.934161899237427
          ],
          [
            -48.70421779999998,
            -26.934039499237418
          ],
          [
            -48.703919499999984,
            -26.933804199237432
          ],
          [
            -48.70380260000002,
            -26.933715899237427
          ],
          [
            -48.703684200000005,
            -26.93363249923744
          ],
          [
            -48.70356679999997,
            -26.93355469923744
          ],
          [
            -48.70341250000001,
            -26.93345809923745
          ],
          [
            -48.70307000000002,
            -26.933252899237466
          ],
          [
            -48.702987199999995,
            -26.933205899237457
          ],
          [
            -48.70290510000001,
            -26.933173199237448
          ],
          [
            -48.70273780000002,
            -26.93310889923743
          ],
          [
            -48.702643000000016,
            -26.933077799237434
          ],
          [
            -48.70240940000002,
            -26.933005799237446
          ],
          [
            -48.70220560000001,
            -26.93293069923745
          ],
          [
            -48.70205340000001,
            -26.932873199237466
          ],
          [
            -48.701901299999975,
            -26.932815699237448
          ],
          [
            -48.70140600000002,
            -26.932652399237465
          ],
          [
            -48.70132749999999,
            -26.93262869923747
          ],
          [
            -48.70114460000002,
            -26.932583099237455
          ],
          [
            -48.70100639999998,
            -26.93255459923747
          ],
          [
            -48.700911700000006,
            -26.932541799237484
          ],
          [
            -48.700630800000006,
            -26.932511599237472
          ],
          [
            -48.70006790000002,
            -26.932489399237475
          ],
          [
            -48.69960839999999,
            -26.932463799237453
          ],
          [
            -48.69915040000001,
            -26.932444599237463
          ],
          [
            -48.698826699999984,
            -26.932431099237437
          ],
          [
            -48.69847859999999,
            -26.932412199237458
          ],
          [
            -48.69827179999998,
            -26.93239059923749
          ],
          [
            -48.698172500000005,
            -26.932374599237466
          ],
          [
            -48.69807650000001,
            -26.932353999237446
          ],
          [
            -48.6978959,
            -26.93230219923745
          ],
          [
            -48.697340800000006,
            -26.932116899237457
          ],
          [
            -48.697015400000005,
            -26.931992599237464
          ],
          [
            -48.69693330000002,
            -26.931964699237458
          ],
          [
            -48.69688220000001,
            -26.93195369923749
          ],
          [
            -48.69673499999999,
            -26.93193209923745
          ],
          [
            -48.696651599999996,
            -26.9319246992375
          ],
          [
            -48.69658759999999,
            -26.931923199237502
          ],
          [
            -48.6965265,
            -26.931926699237493
          ],
          [
            -48.69644310000001,
            -26.93193939923745
          ],
          [
            -48.696404099999995,
            -26.93194959923748
          ],
          [
            -48.696387500000014,
            -26.931962499237468
          ],
          [
            -48.69637019999998,
            -26.931999799237506
          ],
          [
            -48.6963566,
            -26.93206129923746
          ],
          [
            -48.696354400000025,
            -26.932116399237447
          ],
          [
            -48.69636200000002,
            -26.93217389923748
          ],
          [
            -48.69637910000001,
            -26.932229999237478
          ],
          [
            -48.6963955,
            -26.93226459923746
          ],
          [
            -48.6964165,
            -26.932297699237452
          ],
          [
            -48.696443199999976,
            -26.932331699237483
          ],
          [
            -48.69651909999999,
            -26.932412799237472
          ],
          [
            -48.696778300000005,
            -26.93267449923748
          ],
          [
            -48.6968602,
            -26.932764599237444
          ],
          [
            -48.696905000000015,
            -26.93282039923748
          ],
          [
            -48.6969507,
            -26.93288949923745
          ],
          [
            -48.69699859999997,
            -26.932974199237457
          ],
          [
            -48.697050100000006,
            -26.933073999237433
          ],
          [
            -48.6970809,
            -26.933144099237445
          ],
          [
            -48.69710020000002,
            -26.93320479923745
          ],
          [
            -48.69711210000003,
            -26.93328139923744
          ],
          [
            -48.6971125,
            -26.933365099237452
          ],
          [
            -48.69709990000001,
            -26.933456799237426
          ],
          [
            -48.697072900000016,
            -26.933551899237436
          ],
          [
            -48.69703629999997,
            -26.933635399237456
          ],
          [
            -48.69700569999997,
            -26.93368179923742
          ],
          [
            -48.6969838,
            -26.933705499237423
          ],
          [
            -48.69696040000002,
            -26.933724799237424
          ],
          [
            -48.69690859999997,
            -26.93375389923743
          ],
          [
            -48.69684919999997,
            -26.93377489923744
          ],
          [
            -48.6967636,
            -26.93379559923744
          ],
          [
            -48.69665870000001,
            -26.93381309923745
          ],
          [
            -48.6964888,
            -26.933832099237456
          ],
          [
            -48.69603280000001,
            -26.93386729923741
          ],
          [
            -48.6956854,
            -26.933901899237462
          ],
          [
            -48.6955264,
            -26.933922999237428
          ],
          [
            -48.69533310000003,
            -26.933956899237444
          ],
          [
            -48.6950385,
            -26.93398729923745
          ],
          [
            -48.69495410000001,
            -26.934003399237437
          ]
        ]
      },
      "properties": {
        "OBJECTID": 180193,
        "COTRECHO": 177939,
        "COBACIA": "77962311",
        "NORIOCOMP": "Rio Itajaí-mirim",
        "NOORIGINAL": "Rio Itajaí-mirim",
        "NUSTRAHLER": 4,
        "NUTRJUS": 21231,
        "NUCOMPTREC": 7.54164091,
        "NUAREAMONT": 1562.38436147
      }
    },
    {
      "type": "Feature",
      "id": 180196,
      "geometry": {
        "type": "LineString",
        "coordinates": [
          [
            -48.80051159999999,
            -26.966950499236788
          ],
          [
            -48.800151400000004,
            -26.966769399236775
          ],
          [
            -48.79984889999997,
            -26.966670299236778
          ],
          [
            -48.799664800000016,
            -26.966633499236796
          ],
          [
            -48.799424199999976,
            -26.966574599236793
          ],
          [
            -48.799255200000005,
            -26.966487099236804
          ],
          [
            -48.79908640000002,
            -26.966395399236816
          ],
          [
            -48.7988421,
            -26.966281399236813
          ],
          [
            -48.79850840000001,
            -26.966136199236804
          ],
          [
            -48.79806989999997,
            -26.96591859923682
          ],
          [
            -48.7975912,
            -26.965673599236823
          ],
          [
            -48.797060400000014,
            -26.965427799236814
          ],
          [
            -48.79644919999999,
            -26.965128899236852
          ],
          [
            -48.79592960000002,
            -26.964794199236817
          ],
          [
            -48.795498699999996,
            -26.964532999236866
          ],
          [
            -48.795211600000016,
            -26.964430899236874
          ],
          [
            -48.79496160000002,
            -26.96436759923684
          ],
          [
            -48.79446180000002,
            -26.964189199236866
          ],
          [
            -48.7941154,
            -26.963967499236865
          ],
          [
            -48.79365109999998,
            -26.963635899236845
          ],
          [
            -48.793346499999984,
            -26.963352899236877
          ]
        ]
      },
      "properties": {
        "OBJECTID": 180196,
        "COTRECHO": 177942,
        "COBACIA": "77962331",
        "NORIOCOMP": "Rio Itajaí-mirim",
        "NOORIGINAL": "Rio Itajaí-mirim",
        "NUSTRAHLER": 4,
        "NUTRJUS": 344713,
        "NUCOMPTREC": 0.82308745,
        "NUAREAMONT": 1486.54251846
      }
    },
    {
      "type": "Feature",
      "id": 180197,
      "geometry": {
        "type": "LineString",
        "coordinates": [
          [
            -48.810576200000014,
            -26.979077499236574
          ],
          [
            -48.81018749999998,
            -26.978800999236544
          ],
          [
            -48.809789200000004,
            -26.97854329923658
          ],
          [
            -48.80947129999998,
            -26.978317799236585
          ],
          [
            -48.809225000000026,
            -26.978063699236586
          ],
          [
            -48.80896899999998,
            -26.977760599236596
          ],
          [
            -48.80860689999997,
            -26.97736469923661
          ],
          [
            -48.80831760000001,
            -26.97706359923661
          ]
        ]
      },
      "properties": {
        "OBJECTID": 180197,
        "COTRECHO": 177943,
        "COBACIA": "77962351",
        "NORIOCOMP": "Rio Itajaí-mirim",
        "NOORIGINAL": "Rio Itajaí-mirim",
        "NUSTRAHLER": 4,
        "NUTRJUS": 344726,
        "NUCOMPTREC": 0.31895262,
        "NUAREAMONT": 1430.50512469
      }
    },
    {
      "type": "Feature",
      "id": 313826,
      "geometry": {
        "type": "LineString",
        "coordinates": [
          [
            -49.352230899999995,
            -27.37427559922895
          ],
          [
            -49.352202700000014,
            -27.374188299229008
          ],
          [
            -49.35215870000002,
            -27.37403909922899
          ],
          [
            -49.35213169999997,
            -27.37387209922901
          ],
          [
            -49.35211859999998,
            -27.373720799229005
          ],
          [
            -49.35210449999999,
            -27.37349559922901
          ],
          [
            -49.352094900000004,
            -27.373237799229035
          ],
          [
            -49.35209880000002,
            -27.372971199229003
          ],
          [
            -49.35210389999998,
            -27.372781499228985
          ],
          [
            -49.35212280000001,
            -27.372562599229003
          ],
          [
            -49.352159099999994,
            -27.37237519922904
          ],
          [
            -49.35220629999998,
            -27.372219899229023
          ],
          [
            -49.35228230000001,
            -27.372081999229003
          ],
          [
            -49.35234380000003,
            -27.372014799229024
          ],
          [
            -49.352396,
            -27.371969399229037
          ],
          [
            -49.352499799999975,
            -27.371920699229005
          ],
          [
            -49.352765799999986,
            -27.371839399229028
          ],
          [
            -49.3530882,
            -27.37173329922905
          ],
          [
            -49.35343310000002,
            -27.371621199229022
          ],
          [
            -49.35349129999998,
            -27.37159369922904
          ],
          [
            -49.3535187,
            -27.371575699229037
          ],
          [
            -49.35353659999998,
            -27.371557199229024
          ],
          [
            -49.35354910000001,
            -27.371532799229048
          ],
          [
            -49.353550600000005,
            -27.371502399229037
          ],
          [
            -49.35353850000001,
            -27.37143159922903
          ],
          [
            -49.35347100000001,
            -27.371213699229042
          ],
          [
            -49.353406699999994,
            -27.371066799229045
          ],
          [
            -49.35335470000001,
            -27.370989199229044
          ],
          [
            -49.35328079999999,
            -27.37089349922907
          ],
          [
            -49.35309719999998,
            -27.370694299229083
          ],
          [
            -49.352922999999976,
            -27.370507199229078
          ],
          [
            -49.352755399999985,
            -27.370305699229085
          ],
          [
            -49.3526622,
            -27.370184299229066
          ],
          [
            -49.35259259999998,
            -27.370057499229034
          ],
          [
            -49.35256770000001,
            -27.369957499229063
          ],
          [
            -49.352556100000015,
            -27.36979459922904
          ],
          [
            -49.35253940000001,
            -27.369661499229085
          ]
        ]
      },
      "properties": {
        "OBJECTID": 313826,
        "COTRECHO": 311531,
        "COBACIA": "7796291",
        "NORIOCOMP": "Rio Itajaí-mirim",
        "NOORIGINAL": "Rio Itajaí-mirim",
        "NUSTRAHLER": 3,
        "NUTRJUS": 344743,
        "NUCOMPTREC": 0.62669684,
        "NUAREAMONT": 165.29402006
      }
    },
    {
      "type": "Feature",
      "id": 313827,
      "geometry": {
        "type": "LineString",
        "coordinates": [
          [
            -49.32248550000003,
            -27.32192519922999
          ],
          [
            -49.3224639,
            -27.32194069923
          ],
          [
            -49.32241260000001,
            -27.321988299229965
          ],
          [
            -49.32221520000001,
            -27.322178099229944
          ],
          [
            -49.322111500000005,
            -27.32224859922999
          ],
          [
            -49.32193560000002,
            -27.322439599229963
          ],
          [
            -49.32174409999999,
            -27.32281609922998
          ],
          [
            -49.321588700000014,
            -27.323002499229926
          ],
          [
            -49.321324600000025,
            -27.323219599229965
          ],
          [
            -49.32123790000003,
            -27.323270599229946
          ],
          [
            -49.32114030000003,
            -27.323299099229935
          ],
          [
            -49.32105150000001,
            -27.323300499229973
          ],
          [
            -49.32093800000001,
            -27.323286799229958
          ],
          [
            -49.32081640000001,
            -27.323255599229938
          ],
          [
            -49.32070659999999,
            -27.323179999229932
          ],
          [
            -49.32060899999998,
            -27.32302529922994
          ],
          [
            -49.320580199999995,
            -27.32291109922996
          ],
          [
            -49.32057409999999,
            -27.322764899229952
          ],
          [
            -49.320698900000025,
            -27.32220359923
          ],
          [
            -49.32105419999999,
            -27.32127839922997
          ],
          [
            -49.32119080000001,
            -27.320818599229998
          ],
          [
            -49.32121540000003,
            -27.32065799922999
          ],
          [
            -49.32122709999999,
            -27.32024459923004
          ],
          [
            -49.32124809999999,
            -27.319619999230017
          ],
          [
            -49.32122249999998,
            -27.319489399230033
          ],
          [
            -49.3211551,
            -27.319395099230032
          ],
          [
            -49.32103790000002,
            -27.319307699230052
          ],
          [
            -49.320884499999984,
            -27.31925179923005
          ],
          [
            -49.32073029999998,
            -27.31925239923001
          ],
          [
            -49.320584,
            -27.319272699230034
          ],
          [
            -49.320418099999976,
            -27.319310099230027
          ],
          [
            -49.32026350000001,
            -27.31931019923004
          ],
          [
            -49.32010960000002,
            -27.31928379923002
          ],
          [
            -49.319936799999994,
            -27.31923739923005
          ],
          [
            -49.3198989,
            -27.31920939923001
          ],
          [
            -49.31986599999998,
            -27.319184999230043
          ],
          [
            -49.31982019999998,
            -27.319113099230012
          ],
          [
            -49.3198183,
            -27.319056499230022
          ],
          [
            -49.31983889999998,
            -27.318968299230026
          ],
          [
            -49.31987909999998,
            -27.318860599230042
          ],
          [
            -49.320296600000006,
            -27.31794369923005
          ],
          [
            -49.32056549999999,
            -27.317446799230098
          ]
        ]
      },
      "properties": {
        "OBJECTID": 313827,
        "COTRECHO": 311532,
        "COBACIA": "7796273",
        "NORIOCOMP": "Rio Itajaí-mirim",
        "NOORIGINAL": "Rio Itajaí-mirim",
        "NUSTRAHLER": 4,
        "NUTRJUS": 344721,
        "NUCOMPTREC": 1.033344,
        "NUAREAMONT": 317.22466228
      }
    },
    {
      "type": "Feature",
      "id": 313830,
      "geometry": {
        "type": "LineString",
        "coordinates": [
          [
            -48.9169546,
            -27.100545499234226
          ],
          [
            -48.91685059999997,
            -27.100523499234225
          ],
          [
            -48.91660150000002,
            -27.100511599234235
          ],
          [
            -48.916355399999986,
            -27.100505199234203
          ],
          [
            -48.91612329999998,
            -27.10049889923421
          ],
          [
            -48.9159047,
            -27.100503899234198
          ],
          [
            -48.915676399999995,
            -27.100533599234225
          ],
          [
            -48.915383299999974,
            -27.100573299234224
          ],
          [
            -48.915121,
            -27.10060789923422
          ],
          [
            -48.91490190000002,
            -27.10064049923421
          ],
          [
            -48.91463540000001,
            -27.100666899234238
          ],
          [
            -48.914401,
            -27.10069649923424
          ],
          [
            -48.91416370000001,
            -27.100712199234184
          ],
          [
            -48.91390319999999,
            -27.10065599923422
          ],
          [
            -48.91364429999999,
            -27.100511799234198
          ],
          [
            -48.91336639999998,
            -27.100391999234223
          ],
          [
            -48.91318130000002,
            -27.10024889923422
          ],
          [
            -48.913036499999976,
            -27.10009529923425
          ],
          [
            -48.91290809999999,
            -27.09999889923423
          ],
          [
            -48.912726400000004,
            -27.099836599234244
          ],
          [
            -48.91258140000003,
            -27.09969399923422
          ],
          [
            -48.91246339999998,
            -27.099584899234262
          ],
          [
            -48.912314400000014,
            -27.099483599234226
          ],
          [
            -48.91203960000002,
            -27.099304899234227
          ],
          [
            -48.911808699999995,
            -27.099144499234267
          ],
          [
            -48.91160839999998,
            -27.09899009923422
          ],
          [
            -48.91138969999997,
            -27.098838199234237
          ],
          [
            -48.91113730000001,
            -27.09867479923429
          ],
          [
            -48.91086100000001,
            -27.098472499234262
          ],
          [
            -48.9104956,
            -27.098181799234286
          ],
          [
            -48.91018600000001,
            -27.09795139923426
          ],
          [
            -48.90999499999998,
            -27.097797099234235
          ],
          [
            -48.90989780000001,
            -27.09772409923426
          ],
          [
            -48.90983419999998,
            -27.097670899234306
          ],
          [
            -48.90975830000002,
            -27.09761739923426
          ],
          [
            -48.90968270000001,
            -27.09754469923429
          ],
          [
            -48.909561,
            -27.09746579923429
          ],
          [
            -48.9093393,
            -27.097311099234297
          ],
          [
            -48.9091143,
            -27.09716189923429
          ],
          [
            -48.90882720000002,
            -27.096949399234315
          ],
          [
            -48.90857540000002,
            -27.09675299923427
          ],
          [
            -48.90834210000003,
            -27.096559499234292
          ],
          [
            -48.90816330000002,
            -27.096408199234276
          ],
          [
            -48.90795459999999,
            -27.096212399234318
          ],
          [
            -48.907824999999995,
            -27.096064599234275
          ],
          [
            -48.90767140000003,
            -27.095886099234278
          ],
          [
            -48.90750889999999,
            -27.095688199234285
          ],
          [
            -48.90743179999998,
            -27.095586799234287
          ],
          [
            -48.907323599999984,
            -27.095445299234303
          ],
          [
            -48.90723960000003,
            -27.09530689923435
          ],
          [
            -48.90713599999998,
            -27.095165399234304
          ],
          [
            -48.9070251,
            -27.095006199234327
          ],
          [
            -48.906922699999996,
            -27.09485429923433
          ],
          [
            -48.9068315,
            -27.094698099234346
          ],
          [
            -48.90673880000003,
            -27.094539199234323
          ],
          [
            -48.90665150000001,
            -27.094415599234324
          ],
          [
            -48.90655859999998,
            -27.09426889923431
          ],
          [
            -48.90645180000001,
            -27.094115799234345
          ],
          [
            -48.90637279999999,
            -27.093956999234326
          ],
          [
            -48.9062846,
            -27.093802199234368
          ],
          [
            -48.90620510000002,
            -27.093666599234346
          ],
          [
            -48.9061681,
            -27.09353429923434
          ],
          [
            -48.90612370000002,
            -27.09338339923436
          ],
          [
            -48.9060996,
            -27.09328799923433
          ],
          [
            -48.90609160000003,
            -27.093228099234338
          ],
          [
            -48.906070600000014,
            -27.093135399234356
          ]
        ]
      },
      "properties": {
        "OBJECTID": 313830,
        "COTRECHO": 311535,
        "COBACIA": "77962397",
        "NORIOCOMP": "Rio Itajaí-mirim",
        "NOORIGINAL": "Rio Itajaí-mirim",
        "NUSTRAHLER": 4,
        "NUTRJUS": 344718,
        "NUCOMPTREC": 1.47070246,
        "NUAREAMONT": 1221.5125468
      }
    },
    {
      "type": "Feature",
      "id": 345190,
      "geometry": {
        "type": "LineString",
        "coordinates": [
          [
            -49.3621842,
            -27.394552999228573
          ],
          [
            -49.36212310000002,
            -27.39452029922861
          ],
          [
            -49.362033800000006,
            -27.39446399922863
          ],
          [
            -49.3618209,
            -27.394320799228613
          ],
          [
            -49.36174140000003,
            -27.394271299228627
          ],
          [
            -49.36157020000002,
            -27.39416459922861
          ],
          [
            -49.361496800000005,
            -27.394116699228586
          ],
          [
            -49.361422000000005,
            -27.394065399228598
          ],
          [
            -49.36134720000002,
            -27.394011799228604
          ],
          [
            -49.36123739999999,
            -27.393929299228628
          ],
          [
            -49.360952699999984,
            -27.39370379922864
          ],
          [
            -49.36083309999998,
            -27.393611499228637
          ],
          [
            -49.36071140000002,
            -27.393521099228607
          ],
          [
            -49.36059799999998,
            -27.393441399228593
          ],
          [
            -49.36049700000001,
            -27.393375299228623
          ],
          [
            -49.360402400000005,
            -27.393316899228626
          ],
          [
            -49.3602138,
            -27.393203899228624
          ],
          [
            -49.36007089999998,
            -27.393122399228616
          ],
          [
            -49.35997809999997,
            -27.39307389922863
          ],
          [
            -49.359908500000024,
            -27.393041899228635
          ],
          [
            -49.359859099999994,
            -27.393024299228607
          ],
          [
            -49.359819800000025,
            -27.393015599228647
          ],
          [
            -49.359786299999996,
            -27.393013099228643
          ],
          [
            -49.359755699999994,
            -27.393013199228612
          ],
          [
            -49.359405400000014,
            -27.39303029922864
          ],
          [
            -49.35931579999999,
            -27.393032299228654
          ],
          [
            -49.359249799999986,
            -27.393031099228605
          ],
          [
            -49.3592218,
            -27.39302859922861
          ],
          [
            -49.35919439999998,
            -27.393024299228607
          ],
          [
            -49.359165899999994,
            -27.393017999228622
          ],
          [
            -49.35913649999998,
            -27.39300969922862
          ],
          [
            -49.35910660000002,
            -27.39299939922864
          ],
          [
            -49.35907689999999,
            -27.392987099228662
          ],
          [
            -49.359034000000015,
            -27.392965399228608
          ],
          [
            -49.358994300000006,
            -27.392941099228604
          ],
          [
            -49.35895900000003,
            -27.392915999228645
          ],
          [
            -49.35892769999998,
            -27.392889899228635
          ],
          [
            -49.35888540000002,
            -27.392848999228644
          ],
          [
            -49.35878530000003,
            -27.39274309922865
          ],
          [
            -49.35869389999999,
            -27.392648699228623
          ],
          [
            -49.35858669999999,
            -27.39253249922865
          ],
          [
            -49.35851530000002,
            -27.39245779922863
          ],
          [
            -49.358286400000004,
            -27.39223289922866
          ],
          [
            -49.35823579999999,
            -27.392181699228626
          ],
          [
            -49.35818979999999,
            -27.392131899228627
          ],
          [
            -49.35816799999998,
            -27.392106499228653
          ],
          [
            -49.35812590000001,
            -27.39205259922865
          ],
          [
            -49.35810509999999,
            -27.39202319922863
          ],
          [
            -49.35806359999999,
            -27.391958599228655
          ],
          [
            -49.35800260000002,
            -27.391850899228665
          ],
          [
            -49.35796379999999,
            -27.391775499228647
          ],
          [
            -49.357910100000026,
            -27.391662899228635
          ],
          [
            -49.35787779999998,
            -27.39159059922863
          ],
          [
            -49.3578349,
            -27.391489399228668
          ],
          [
            -49.35770789999998,
            -27.39117379922866
          ],
          [
            -49.35763709999998,
            -27.39100669922867
          ],
          [
            -49.35761589999999,
            -27.390956399228653
          ],
          [
            -49.35759280000002,
            -27.390905599228667
          ],
          [
            -49.35757810000002,
            -27.39087879922867
          ],
          [
            -49.35756199999997,
            -27.390855599228676
          ],
          [
            -49.35754420000001,
            -27.390835199228697
          ],
          [
            -49.357525599999974,
            -27.39081769922868
          ],
          [
            -49.357507199999986,
            -27.390803199228664
          ],
          [
            -49.357489799999996,
            -27.39079179922866
          ],
          [
            -49.35747359999999,
            -27.390783399228653
          ],
          [
            -49.357449299999985,
            -27.390775299228643
          ],
          [
            -49.35743179999997,
            -27.39077189922868
          ],
          [
            -49.357402099999995,
            -27.390768999228662
          ],
          [
            -49.357325,
            -27.390766199228647
          ],
          [
            -49.35727580000002,
            -27.39076649922865
          ],
          [
            -49.357229700000005,
            -27.390769599228673
          ],
          [
            -49.35715579999999,
            -27.3907782992287
          ],
          [
            -49.35702659999998,
            -27.390796699228684
          ],
          [
            -49.35698660000003,
            -27.390800799228693
          ],
          [
            -49.35693980000002,
            -27.39080369922866
          ],
          [
            -49.35688440000002,
            -27.390805199228662
          ],
          [
            -49.356792799999994,
            -27.39080489922865
          ],
          [
            -49.35670470000002,
            -27.390801899228652
          ],
          [
            -49.3566323,
            -27.390796699228684
          ],
          [
            -49.3565921,
            -27.390792199228695
          ],
          [
            -49.35653980000001,
            -27.390784199228666
          ],
          [
            -49.35649369999999,
            -27.390774599228664
          ],
          [
            -49.356482700000015,
            -27.39077159922867
          ],
          [
            -49.356466099999984,
            -27.39076689922868
          ],
          [
            -49.35644129999998,
            -27.39075779922869
          ],
          [
            -49.356419399999986,
            -27.390746899228684
          ],
          [
            -49.35640030000002,
            -27.39073419922867
          ],
          [
            -49.35637539999998,
            -27.390711899228656
          ],
          [
            -49.35634599999997,
            -27.390677299228667
          ],
          [
            -49.356316400000026,
            -27.390632999228654
          ],
          [
            -49.35628179999998,
            -27.390569799228658
          ],
          [
            -49.356277299999995,
            -27.390560499228666
          ],
          [
            -49.35624360000003,
            -27.390489899228655
          ],
          [
            -49.356216899999986,
            -27.39042679922869
          ],
          [
            -49.356193700000006,
            -27.390365199228697
          ],
          [
            -49.356117100000006,
            -27.3901411992287
          ],
          [
            -49.3561009,
            -27.390101699228687
          ],
          [
            -49.356089,
            -27.390078099228674
          ],
          [
            -49.35607479999999,
            -27.390054499228707
          ],
          [
            -49.35605709999999,
            -27.390028799228677
          ],
          [
            -49.35596900000001,
            -27.389910999228675
          ],
          [
            -49.35583329999997,
            -27.389705899228716
          ],
          [
            -49.35580779999998,
            -27.389665599228692
          ],
          [
            -49.35578509999999,
            -27.38962659922868
          ],
          [
            -49.35576579999997,
            -27.389589299228714
          ],
          [
            -49.355749600000024,
            -27.389553499228676
          ],
          [
            -49.3557361,
            -27.3895186992287
          ],
          [
            -49.35572009999999,
            -27.38946819922871
          ],
          [
            -49.355708900000025,
            -27.389419699228718
          ],
          [
            -49.35570280000002,
            -27.389373899228705
          ],
          [
            -49.35570180000002,
            -27.389318099228724
          ],
          [
            -49.35570769999998,
            -27.389223099228687
          ],
          [
            -49.3557121,
            -27.38919219922873
          ],
          [
            -49.355720700000006,
            -27.389163299228713
          ],
          [
            -49.355735100000004,
            -27.389135799228725
          ],
          [
            -49.355756499999984,
            -27.389109399228705
          ],
          [
            -49.355786799999976,
            -27.389083099228685
          ],
          [
            -49.35581430000002,
            -27.38906429922868
          ],
          [
            -49.35584970000002,
            -27.389043199228702
          ],
          [
            -49.35589449999998,
            -27.38901899922873
          ],
          [
            -49.35611360000001,
            -27.38890779922874
          ],
          [
            -49.35625759999999,
            -27.388830899228726
          ],
          [
            -49.35632459999999,
            -27.388792499228735
          ],
          [
            -49.35638340000002,
            -27.388756499228702
          ],
          [
            -49.35640860000001,
            -27.38873969922868
          ],
          [
            -49.3564513,
            -27.38870829922873
          ],
          [
            -49.3564695,
            -27.388693199228683
          ],
          [
            -49.356501200000025,
            -27.388663399228697
          ],
          [
            -49.3565289,
            -27.388632599228714
          ],
          [
            -49.356554800000026,
            -27.38859949922871
          ],
          [
            -49.3565792,
            -27.3885639992287
          ],
          [
            -49.356601700000006,
            -27.388525999228733
          ],
          [
            -49.356631300000004,
            -27.388464799228725
          ],
          [
            -49.356648199999995,
            -27.3884211992287
          ],
          [
            -49.356663200000014,
            -27.388374999228713
          ],
          [
            -49.356676600000014,
            -27.388326199228718
          ],
          [
            -49.35668879999997,
            -27.388274599228705
          ],
          [
            -49.356699900000024,
            -27.388218999228716
          ],
          [
            -49.35671020000001,
            -27.388157399228728
          ],
          [
            -49.35671989999997,
            -27.388087599228733
          ],
          [
            -49.35672899999997,
            -27.38800769922873
          ],
          [
            -49.356745499999995,
            -27.38782849922874
          ],
          [
            -49.35674790000001,
            -27.387796499228703
          ],
          [
            -49.3567582,
            -27.387659799228725
          ],
          [
            -49.35676649999999,
            -27.38752519922876
          ],
          [
            -49.35677679999998,
            -27.387318099228743
          ],
          [
            -49.35678280000002,
            -27.38722619922872
          ],
          [
            -49.35678849999999,
            -27.387162199228722
          ],
          [
            -49.356814799999995,
            -27.38691179922875
          ],
          [
            -49.35683510000001,
            -27.386584799228732
          ],
          [
            -49.35684159999999,
            -27.38651509922875
          ],
          [
            -49.35685030000002,
            -27.386448499228724
          ],
          [
            -49.35685569999999,
            -27.386417499228738
          ],
          [
            -49.356868099999986,
            -27.38636009922875
          ],
          [
            -49.3568823,
            -27.386308599228762
          ],
          [
            -49.356897800000006,
            -27.386262199228728
          ],
          [
            -49.35691379999998,
            -27.386220499228738
          ],
          [
            -49.35693010000001,
            -27.38618299922878
          ],
          [
            -49.35694649999999,
            -27.386149699228735
          ],
          [
            -49.35697099999999,
            -27.38610749922874
          ],
          [
            -49.356987300000014,
            -27.386084099228764
          ],
          [
            -49.357004500000016,
            -27.38606339922877
          ],
          [
            -49.35702359999999,
            -27.386043899228756
          ],
          [
            -49.357045700000015,
            -27.386024399228756
          ],
          [
            -49.35707150000002,
            -27.38600379922879
          ],
          [
            -49.35710069999999,
            -27.385982599228736
          ],
          [
            -49.35713240000002,
            -27.38596189922874
          ],
          [
            -49.35716609999997,
            -27.38594259922878
          ],
          [
            -49.357201100000005,
            -27.385925399228785
          ],
          [
            -49.357257300000015,
            -27.38590289922878
          ],
          [
            -49.3573199,
            -27.385882599228765
          ],
          [
            -49.357437000000004,
            -27.38584999922877
          ],
          [
            -49.35750430000002,
            -27.385829199228752
          ],
          [
            -49.35754429999997,
            -27.385814199228793
          ],
          [
            -49.35760320000003,
            -27.385786999228763
          ],
          [
            -49.35787720000001,
            -27.38564019922878
          ],
          [
            -49.35801140000002,
            -27.385571299228754
          ],
          [
            -49.358211400000016,
            -27.38547359922878
          ],
          [
            -49.3584947,
            -27.3853383992288
          ],
          [
            -49.3585698,
            -27.385303099228764
          ],
          [
            -49.35864120000002,
            -27.38527209922879
          ],
          [
            -49.358755299999984,
            -27.385205499228764
          ],
          [
            -49.35882129999999,
            -27.385153899228754
          ],
          [
            -49.35886720000002,
            -27.385110999228772
          ],
          [
            -49.358914500000026,
            -27.385065099228807
          ],
          [
            -49.35895699999997,
            -27.385020899228763
          ],
          [
            -49.35899760000001,
            -27.384969399228765
          ],
          [
            -49.359053500000016,
            -27.38485099922881
          ],
          [
            -49.35907179999998,
            -27.38477659922878
          ],
          [
            -49.35906369999998,
            -27.384627199228802
          ],
          [
            -49.35904929999998,
            -27.384552999228774
          ],
          [
            -49.359043299999996,
            -27.384522499228783
          ],
          [
            -49.359029899999996,
            -27.38445259922877
          ],
          [
            -49.35900700000003,
            -27.38436019922879
          ],
          [
            -49.358985200000006,
            -27.38429039922879
          ],
          [
            -49.358968600000026,
            -27.38424679922883
          ],
          [
            -49.358934799999986,
            -27.38417719922881
          ],
          [
            -49.35890649999999,
            -27.384125399228815
          ],
          [
            -49.35885080000003,
            -27.384017599228788
          ],
          [
            -49.35874849999999,
            -27.38392679922877
          ],
          [
            -49.358647200000014,
            -27.383866699228793
          ],
          [
            -49.35852840000001,
            -27.383805499228803
          ],
          [
            -49.35842300000002,
            -27.383776299228824
          ],
          [
            -49.358338,
            -27.383750299228776
          ],
          [
            -49.35823190000002,
            -27.383711699228797
          ],
          [
            -49.35819429999999,
            -27.383694399228826
          ],
          [
            -49.35813519999999,
            -27.383665099228782
          ],
          [
            -49.35809210000002,
            -27.383641199228798
          ],
          [
            -49.35805879999998,
            -27.383620799228826
          ],
          [
            -49.35803149999998,
            -27.3836024992288
          ],
          [
            -49.35800870000002,
            -27.383584999228788
          ],
          [
            -49.357979500000006,
            -27.383557799228804
          ],
          [
            -49.35795250000001,
            -27.383526499228825
          ],
          [
            -49.357926099999986,
            -27.383491399228838
          ],
          [
            -49.35786180000002,
            -27.383400899228842
          ],
          [
            -49.35782169999999,
            -27.383349199228807
          ],
          [
            -49.357769000000026,
            -27.3832889992288
          ],
          [
            -49.35770689999998,
            -27.383223099228818
          ],
          [
            -49.35768680000001,
            -27.383203999228794
          ],
          [
            -49.35766660000001,
            -27.38318719922883
          ],
          [
            -49.35763609999998,
            -27.383167299228834
          ],
          [
            -49.3576046,
            -27.383152899228847
          ],
          [
            -49.35758279999999,
            -27.38314579922884
          ],
          [
            -49.35756020000002,
            -27.383140299228796
          ],
          [
            -49.357513600000004,
            -27.38313349922881
          ],
          [
            -49.35746690000002,
            -27.383131099228823
          ],
          [
            -49.35741839999997,
            -27.383133199228794
          ],
          [
            -49.357377299999996,
            -27.383138399228827
          ],
          [
            -49.35731260000001,
            -27.38315079922882
          ],
          [
            -49.35723410000003,
            -27.383169499228828
          ],
          [
            -49.357140300000026,
            -27.38319429922883
          ],
          [
            -49.35690219999998,
            -27.383261399228786
          ],
          [
            -49.356877699999984,
            -27.383268299228817
          ],
          [
            -49.35681210000001,
            -27.38328439922879
          ],
          [
            -49.3567448,
            -27.383298699228817
          ],
          [
            -49.35667669999998,
            -27.383311399228838
          ],
          [
            -49.35660819999999,
            -27.38332249922883
          ],
          [
            -49.35647290000003,
            -27.383340799228794
          ],
          [
            -49.35637289999999,
            -27.38335059922885
          ],
          [
            -49.35627249999999,
            -27.383355799228816
          ],
          [
            -49.35617170000001,
            -27.383355599228835
          ],
          [
            -49.356077200000016,
            -27.383350799228825
          ],
          [
            -49.35599719999999,
            -27.383342699228827
          ],
          [
            -49.355933100000016,
            -27.383331399228787
          ],
          [
            -49.35587540000001,
            -27.3833152992288
          ],
          [
            -49.35583550000001,
            -27.38330079922878
          ],
          [
            -49.35579360000003,
            -27.38328379922884
          ],
          [
            -49.355712400000016,
            -27.38324659922882
          ],
          [
            -49.35567750000001,
            -27.383228899228826
          ],
          [
            -49.35563430000002,
            -27.383204899228833
          ],
          [
            -49.35557640000002,
            -27.383168199228816
          ],
          [
            -49.35552180000002,
            -27.383128499228814
          ],
          [
            -49.35547250000002,
            -27.383087299228816
          ],
          [
            -49.355414900000035,
            -27.383033699228818
          ],
          [
            -49.355330200000026,
            -27.382946099228842
          ],
          [
            -49.35507740000003,
            -27.382669999228835
          ],
          [
            -49.35495279999998,
            -27.38253619922883
          ],
          [
            -49.3549185,
            -27.3825016992288
          ],
          [
            -49.3548854,
            -27.382470499228837
          ],
          [
            -49.35483490000001,
            -27.382427699228824
          ],
          [
            -49.35478269999999,
            -27.382387599228846
          ],
          [
            -49.354709300000025,
            -27.382334399228824
          ],
          [
            -49.354648999999995,
            -27.38229249922884
          ],
          [
            -49.3545808,
            -27.382247499228836
          ],
          [
            -49.354471699999976,
            -27.382180099228865
          ],
          [
            -49.3544043,
            -27.382139799228835
          ],
          [
            -49.353957700000024,
            -27.381872499228837
          ],
          [
            -49.35391670000001,
            -27.381845699228826
          ],
          [
            -49.35389780000003,
            -27.381831099228847
          ],
          [
            -49.353881100000024,
            -27.381815999228852
          ],
          [
            -49.35386490000002,
            -27.381798399228824
          ],
          [
            -49.35384770000002,
            -27.381776399228826
          ],
          [
            -49.353828299999975,
            -27.38174819922884
          ],
          [
            -49.35379280000001,
            -27.381691899228866
          ],
          [
            -49.35371759999998,
            -27.381563699228863
          ],
          [
            -49.35349089999999,
            -27.38116479922887
          ],
          [
            -49.35342459999998,
            -27.381054799228878
          ],
          [
            -49.35338560000002,
            -27.380997899228863
          ],
          [
            -49.353359599999976,
            -27.380966999228853
          ],
          [
            -49.353328999999974,
            -27.380936099228855
          ],
          [
            -49.35328980000003,
            -27.380900699228846
          ],
          [
            -49.353136600000035,
            -27.380767699228826
          ],
          [
            -49.353064399999994,
            -27.380698699228834
          ],
          [
            -49.35302309999997,
            -27.380655199228837
          ],
          [
            -49.35298740000002,
            -27.380614499228848
          ],
          [
            -49.3529572,
            -27.38057719922886
          ],
          [
            -49.352921700000024,
            -27.380528399228865
          ],
          [
            -49.35289499999999,
            -27.380486399228868
          ],
          [
            -49.3528738,
            -27.38044899922887
          ],
          [
            -49.35285629999998,
            -27.380414399228876
          ],
          [
            -49.35284330000001,
            -27.380382499228872
          ],
          [
            -49.35283779999997,
            -27.380362599228874
          ],
          [
            -49.35283370000002,
            -27.38033139922887
          ],
          [
            -49.35283279999999,
            -27.380303499228894
          ],
          [
            -49.352833499999974,
            -27.3802460992289
          ],
          [
            -49.35283529999998,
            -27.38021099922884
          ],
          [
            -49.352838899999995,
            -27.380179599228885
          ],
          [
            -49.352844800000014,
            -27.380152499228892
          ],
          [
            -49.352853400000015,
            -27.380128499228892
          ],
          [
            -49.35286930000001,
            -27.3800991992289
          ],
          [
            -49.35289460000001,
            -27.380063899228865
          ],
          [
            -49.352913100000016,
            -27.38004209922891
          ],
          [
            -49.352937499999996,
            -27.380018999228877
          ],
          [
            -49.35297070000002,
            -27.37999419922887
          ],
          [
            -49.353010900000015,
            -27.379969299228907
          ],
          [
            -49.353053699999975,
            -27.379947199228884
          ],
          [
            -49.35309480000001,
            -27.37992989922886
          ],
          [
            -49.35314460000001,
            -27.379913099228897
          ],
          [
            -49.3532333,
            -27.379886699228862
          ],
          [
            -49.35329359999997,
            -27.37987409922887
          ],
          [
            -49.35339010000001,
            -27.37985719922888
          ],
          [
            -49.35344129999999,
            -27.379844799228884
          ],
          [
            -49.35350440000002,
            -27.3798261992289
          ],
          [
            -49.35360759999998,
            -27.379792799228895
          ],
          [
            -49.35367719999999,
            -27.379768699228887
          ],
          [
            -49.35374600000001,
            -27.379742999228895
          ],
          [
            -49.353946199999996,
            -27.379659999228878
          ],
          [
            -49.353998699999984,
            -27.37963619922887
          ],
          [
            -49.35402549999998,
            -27.379622199228855
          ],
          [
            -49.354055800000026,
            -27.379604299228877
          ],
          [
            -49.354114100000004,
            -27.37956569922889
          ],
          [
            -49.3541649,
            -27.379529499228877
          ],
          [
            -49.35460629999999,
            -27.379207999228885
          ],
          [
            -49.354722599999995,
            -27.379118999228893
          ],
          [
            -49.35477079999998,
            -27.379079899228916
          ],
          [
            -49.35483119999998,
            -27.379028299228914
          ],
          [
            -49.354878600000006,
            -27.378984999228894
          ],
          [
            -49.35492529999999,
            -27.37893849922891
          ],
          [
            -49.354964499999994,
            -27.37889449922889
          ],
          [
            -49.35499170000003,
            -27.37885919922892
          ],
          [
            -49.35500480000002,
            -27.378838499228877
          ],
          [
            -49.35501470000003,
            -27.37881579922888
          ],
          [
            -49.35501720000003,
            -27.378802599228873
          ],
          [
            -49.35501979999998,
            -27.37878929922889
          ],
          [
            -49.355019500000026,
            -27.378760099228924
          ],
          [
            -49.355016200000016,
            -27.378740599228927
          ],
          [
            -49.35501019999998,
            -27.378722099228906
          ],
          [
            -49.35500209999998,
            -27.378705099228895
          ],
          [
            -49.35499279999999,
            -27.378689599228874
          ],
          [
            -49.35491309999998,
            -27.37857209922889
          ],
          [
            -49.35477159999999,
            -27.378381299228913
          ],
          [
            -49.3547188,
            -27.378305499228905
          ],
          [
            -49.354661899999996,
            -27.37821409922889
          ],
          [
            -49.35453159999997,
            -27.37798849922893
          ],
          [
            -49.35447629999999,
            -27.37790049922893
          ],
          [
            -49.35444849999999,
            -27.377860899228892
          ],
          [
            -49.354423800000006,
            -27.377828899228913
          ],
          [
            -49.35440160000002,
            -27.377802899228925
          ],
          [
            -49.354375600000026,
            -27.37777499922891
          ],
          [
            -49.35436149999999,
            -27.377761599228904
          ],
          [
            -49.354341100000006,
            -27.37774479922894
          ],
          [
            -49.35428839999997,
            -27.377706599228926
          ],
          [
            -49.35420040000003,
            -27.37764759922891
          ],
          [
            -49.354089999999985,
            -27.377576499228894
          ],
          [
            -49.3539389,
            -27.37748459922893
          ],
          [
            -49.35370289999997,
            -27.37734779922892
          ],
          [
            -49.353641700000026,
            -27.377310499228948
          ],
          [
            -49.3535852,
            -27.377273899228914
          ],
          [
            -49.35353539999999,
            -27.377238399228936
          ],
          [
            -49.35351350000002,
            -27.377221199228927
          ],
          [
            -49.353476399999984,
            -27.37718799922892
          ],
          [
            -49.353446899999994,
            -27.37715629922895
          ],
          [
            -49.35341310000002,
            -27.37711119922893
          ],
          [
            -49.35339510000001,
            -27.37708249922891
          ],
          [
            -49.35337920000001,
            -27.3770541992289
          ],
          [
            -49.35336480000001,
            -27.377024899228914
          ],
          [
            -49.3533511,
            -27.376993499228956
          ],
          [
            -49.35328550000002,
            -27.376814799228914
          ],
          [
            -49.35326900000001,
            -27.376775299228964
          ],
          [
            -49.353231100000016,
            -27.376695799228937
          ],
          [
            -49.35321160000001,
            -27.37665109922894
          ],
          [
            -49.353132000000016,
            -27.376435499228958
          ],
          [
            -49.35308409999999,
            -27.37632199922896
          ],
          [
            -49.353046,
            -27.376241199228918
          ],
          [
            -49.35298560000001,
            -27.37612179922897
          ],
          [
            -49.35292870000001,
            -27.376016199228932
          ],
          [
            -49.352851999999984,
            -27.375880199228934
          ],
          [
            -49.35281470000001,
            -27.375811099228976
          ],
          [
            -49.35279120000001,
            -27.375763199228963
          ],
          [
            -49.3527656,
            -27.375706099228957
          ],
          [
            -49.352735300000006,
            -27.375632599228975
          ],
          [
            -49.35269729999999,
            -27.37553599922897
          ],
          [
            -49.35262519999998,
            -27.375340599228988
          ],
          [
            -49.35256879999998,
            -27.375176299228986
          ],
          [
            -49.352513499999986,
            -27.375003199228953
          ],
          [
            -49.35245989999998,
            -27.37489849922896
          ],
          [
            -49.352438399999976,
            -27.374845699228953
          ],
          [
            -49.35235340000003,
            -27.37461939922896
          ],
          [
            -49.35229959999998,
            -27.37447259922898
          ],
          [
            -49.352230899999995,
            -27.37427559922895
          ]
        ]
      },
      "properties": {
        "OBJECTID": 345190,
        "COTRECHO": 344736,
        "COBACIA": "7796293",
        "NORIOCOMP": "Rio Itajaí-mirim",
        "NOORIGINAL": "Rio Itajaí-mirim",
        "NUSTRAHLER": 3,
        "NUTRJUS": 311531,
        "NUCOMPTREC": 3.37139763,
        "NUAREAMONT": 156.61576384
      }
    },
    {
      "type": "Feature",
      "id": 345530,
      "geometry": {
        "type": "LineString",
        "coordinates": [
          [
            -49.32219570000001,
            -27.329468299229813
          ],
          [
            -49.322262000000016,
            -27.32930449922982
          ],
          [
            -49.322618299999995,
            -27.32872019922988
          ],
          [
            -49.32264350000003,
            -27.32863409922984
          ],
          [
            -49.322634900000025,
            -27.32854739922985
          ],
          [
            -49.32258699999999,
            -27.32841799922986
          ],
          [
            -49.32234970000002,
            -27.327963599229847
          ],
          [
            -49.32228079999999,
            -27.327745099229883
          ],
          [
            -49.322256900000006,
            -27.327513799229894
          ],
          [
            -49.32226580000003,
            -27.327072599229883
          ],
          [
            -49.32226989999998,
            -27.327026699229858
          ],
          [
            -49.322295800000006,
            -27.326733099229898
          ],
          [
            -49.3223476,
            -27.326600499229876
          ],
          [
            -49.32244889999998,
            -27.326486199229876
          ],
          [
            -49.3225865,
            -27.32643669922988
          ],
          [
            -49.32274580000001,
            -27.32643419922989
          ],
          [
            -49.32287450000001,
            -27.326482399229864
          ],
          [
            -49.32315510000001,
            -27.326694599229878
          ],
          [
            -49.3235527,
            -27.327005199229852
          ],
          [
            -49.3239001,
            -27.327127599229858
          ],
          [
            -49.32414999999997,
            -27.327124399229888
          ],
          [
            -49.32449090000001,
            -27.327063499229887
          ],
          [
            -49.32469550000002,
            -27.32695759922989
          ],
          [
            -49.324914499999984,
            -27.326811599229874
          ],
          [
            -49.32501619999999,
            -27.326626999229862
          ],
          [
            -49.32502260000001,
            -27.32642939922988
          ],
          [
            -49.32495039999998,
            -27.326154499229872
          ],
          [
            -49.324610699999994,
            -27.325419799229927
          ],
          [
            -49.32459069999998,
            -27.32527839922991
          ],
          [
            -49.32463419999999,
            -27.32515019922991
          ],
          [
            -49.324702,
            -27.32506929922992
          ],
          [
            -49.32491809999999,
            -27.324920099229907
          ],
          [
            -49.32501780000001,
            -27.32474799922992
          ],
          [
            -49.32504299999999,
            -27.324545299229953
          ],
          [
            -49.324998,
            -27.32440359922991
          ],
          [
            -49.324800900000014,
            -27.324225399229928
          ],
          [
            -49.32463960000002,
            -27.324051099229962
          ],
          [
            -49.324632199999996,
            -27.32403309922995
          ],
          [
            -49.324572699999976,
            -27.323886899229937
          ],
          [
            -49.3244947,
            -27.323351099229974
          ],
          [
            -49.324261299999996,
            -27.322447799229995
          ],
          [
            -49.32416460000002,
            -27.32223609922998
          ],
          [
            -49.32405290000003,
            -27.322103599229976
          ],
          [
            -49.32391089999998,
            -27.321987599229967
          ],
          [
            -49.32374110000001,
            -27.32190769922998
          ],
          [
            -49.323400400000025,
            -27.321833599229976
          ],
          [
            -49.32302060000001,
            -27.32180259923
          ],
          [
            -49.322769300000004,
            -27.321808899229996
          ],
          [
            -49.32268190000002,
            -27.32182339923001
          ],
          [
            -49.322611800000004,
            -27.32184439922996
          ],
          [
            -49.322562600000026,
            -27.32186869922997
          ],
          [
            -49.3225238,
            -27.321897799229962
          ],
          [
            -49.32248550000003,
            -27.32192519922999
          ]
        ]
      },
      "properties": {
        "OBJECTID": 345530,
        "COTRECHO": 344240,
        "COBACIA": "7796275",
        "NORIOCOMP": "Rio Itajaí-mirim",
        "NOORIGINAL": "Rio Itajaí-mirim",
        "NUSTRAHLER": 4,
        "NUTRJUS": 311532,
        "NUCOMPTREC": 1.37295821,
        "NUAREAMONT": 295.86639216
      }
    },
    {
      "type": "Feature",
      "id": 345652,
      "geometry": {
        "type": "LineString",
        "coordinates": [
          [
            -48.8841802,
            -27.061853199234925
          ],
          [
            -48.88416419999999,
            -27.061716299234963
          ],
          [
            -48.88414910000001,
            -27.061601299234976
          ],
          [
            -48.88414119999999,
            -27.061544699234986
          ],
          [
            -48.884124799999995,
            -27.061437699234972
          ],
          [
            -48.88410850000002,
            -27.061344099234955
          ],
          [
            -48.884092899999985,
            -27.06126519923496
          ],
          [
            -48.88407210000003,
            -27.061165699234977
          ],
          [
            -48.88406090000001,
            -27.061105699234965
          ],
          [
            -48.88405210000002,
            -27.061046799234962
          ],
          [
            -48.88403770000002,
            -27.060932599234977
          ],
          [
            -48.88402960000002,
            -27.060878999234976
          ],
          [
            -48.88402480000002,
            -27.060853299234996
          ],
          [
            -48.88401929999998,
            -27.06082839923498
          ],
          [
            -48.884012900000016,
            -27.06080419923499
          ],
          [
            -48.88400560000002,
            -27.060780499235012
          ],
          [
            -48.88399720000001,
            -27.060757299234965
          ],
          [
            -48.88398760000001,
            -27.06073449923501
          ],
          [
            -48.88397659999998,
            -27.06071199923501
          ],
          [
            -48.88396820000002,
            -27.060696999235
          ],
          [
            -48.88395020000002,
            -27.06066749923501
          ],
          [
            -48.883934899999986,
            -27.060645499235
          ],
          [
            -48.883918300000005,
            -27.060623699234995
          ],
          [
            -48.88390090000002,
            -27.060601999235
          ],
          [
            -48.88388259999999,
            -27.06058039923498
          ],
          [
            -48.883844899999986,
            -27.06053789923497
          ],
          [
            -48.8837691,
            -27.060454099235006
          ],
          [
            -48.88373200000001,
            -27.060410799234994
          ],
          [
            -48.88371360000002,
            -27.060388199234964
          ],
          [
            -48.88369519999997,
            -27.060364699234974
          ],
          [
            -48.88367699999998,
            -27.06034019923498
          ],
          [
            -48.883659000000016,
            -27.060314399234983
          ],
          [
            -48.883641099999984,
            -27.060287499235
          ],
          [
            -48.88362380000002,
            -27.060259399234997
          ],
          [
            -48.883606999999984,
            -27.060230299235005
          ],
          [
            -48.883591000000024,
            -27.06020009923497
          ],
          [
            -48.883576000000005,
            -27.060168999234968
          ],
          [
            -48.88356210000001,
            -27.060136999235
          ],
          [
            -48.883549500000015,
            -27.060104199235006
          ],
          [
            -48.88353829999999,
            -27.060070599235015
          ],
          [
            -48.88352850000001,
            -27.060036399235017
          ],
          [
            -48.88351979999999,
            -27.060001999234995
          ],
          [
            -48.88351210000001,
            -27.059967499235036
          ],
          [
            -48.883505300000024,
            -27.059933199234987
          ],
          [
            -48.883493699999974,
            -27.059865999235004
          ],
          [
            -48.883463300000024,
            -27.059674399235018
          ],
          [
            -48.8834501,
            -27.059598899235034
          ],
          [
            -48.883433299999986,
            -27.059508399235035
          ],
          [
            -48.883382400000016,
            -27.059246099235004
          ],
          [
            -48.883365000000026,
            -27.059151899235033
          ],
          [
            -48.883354999999995,
            -27.059091399235022
          ]
        ]
      },
      "properties": {
        "OBJECTID": 345652,
        "COTRECHO": 344348,
        "COBACIA": "77962391",
        "NORIOCOMP": "Rio Itajaí-mirim",
        "NOORIGINAL": "Rio Itajaí-mirim",
        "NUSTRAHLER": 4,
        "NUTRJUS": 344727,
        "NUCOMPTREC": 0.32319274000000003,
        "NUAREAMONT": 1268.39584687
      }
    },
    {
      "type": "Feature",
      "id": 345977,
      "geometry": {
        "type": "LineString",
        "coordinates": [
          [
            -48.85433929999999,
            -27.02901729923562
          ],
          [
            -48.85414830000002,
            -27.028851299235583
          ],
          [
            -48.85397119999999,
            -27.028700699235607
          ],
          [
            -48.8537996,
            -27.028557199235625
          ],
          [
            -48.85364449999997,
            -27.028430099235596
          ],
          [
            -48.85355070000003,
            -27.028351899235624
          ],
          [
            -48.853505900000016,
            -27.02831299923563
          ],
          [
            -48.8534621,
            -27.0282733992356
          ],
          [
            -48.85341890000001,
            -27.028232399235588
          ],
          [
            -48.85337629999998,
            -27.028189499235612
          ],
          [
            -48.85333379999997,
            -27.028144199235598
          ],
          [
            -48.85329159999998,
            -27.02809689923559
          ],
          [
            -48.85324960000003,
            -27.028047899235613
          ],
          [
            -48.853166499999986,
            -27.027946999235606
          ],
          [
            -48.85304459999998,
            -27.027795099235608
          ],
          [
            -48.85296520000003,
            -27.027697899235644
          ],
          [
            -48.852884700000004,
            -27.027603099235638
          ],
          [
            -48.85284309999997,
            -27.0275558992356
          ],
          [
            -48.852800100000024,
            -27.02750849923563
          ],
          [
            -48.85275539999998,
            -27.027460399235625
          ],
          [
            -48.8527085,
            -27.027411599235624
          ],
          [
            -48.85263930000002,
            -27.02734209923563
          ],
          [
            -48.85255519999999,
            -27.02725939923562
          ],
          [
            -48.85233890000001,
            -27.027049999235604
          ],
          [
            -48.85223450000001,
            -27.026946099235612
          ],
          [
            -48.85218450000002,
            -27.026894799235617
          ],
          [
            -48.85213620000002,
            -27.026843899235658
          ],
          [
            -48.8520896,
            -27.026793199235623
          ],
          [
            -48.85204490000001,
            -27.026742899235618
          ],
          [
            -48.852010800000016,
            -27.026702999235642
          ],
          [
            -48.851961200000005,
            -27.026642899235657
          ],
          [
            -48.85192249999999,
            -27.02659309923566
          ],
          [
            -48.85188599999998,
            -27.026543399235617
          ],
          [
            -48.85185130000002,
            -27.026493799235666
          ],
          [
            -48.85181829999999,
            -27.026444299235624
          ],
          [
            -48.851786699999984,
            -27.02639489923566
          ],
          [
            -48.851655199999975,
            -27.026177399235646
          ],
          [
            -48.85163130000001,
            -27.026137499235652
          ],
          [
            -48.85158100000001,
            -27.02605499923564
          ],
          [
            -48.85155070000002,
            -27.02600779923565
          ],
          [
            -48.851519499999995,
            -27.02596099923564
          ],
          [
            -48.85148700000001,
            -27.025914899235634
          ],
          [
            -48.85145319999997,
            -27.02586939923563
          ],
          [
            -48.85141759999999,
            -27.025824599235673
          ],
          [
            -48.85138019999999,
            -27.02578059923568
          ],
          [
            -48.85134069999998,
            -27.025737299235658
          ],
          [
            -48.85129910000001,
            -27.025694599235667
          ],
          [
            -48.8512551,
            -27.025652399235675
          ],
          [
            -48.85120869999997,
            -27.025610499235693
          ],
          [
            -48.85115960000001,
            -27.025568899235658
          ],
          [
            -48.851107899999995,
            -27.02552739923565
          ],
          [
            -48.85105340000001,
            -27.02548599923566
          ],
          [
            -48.85099600000001,
            -27.025444499235654
          ],
          [
            -48.85093640000002,
            -27.02540299923564
          ],
          [
            -48.850690100000016,
            -27.025235799235684
          ],
          [
            -48.85063020000002,
            -27.025193599235696
          ],
          [
            -48.85057260000002,
            -27.025151299235674
          ],
          [
            -48.85051759999999,
            -27.025108799235664
          ],
          [
            -48.85046490000003,
            -27.025065799235666
          ],
          [
            -48.85041410000002,
            -27.025022099235667
          ],
          [
            -48.85036459999998,
            -27.024977399235677
          ],
          [
            -48.8503159,
            -27.024931499235652
          ],
          [
            -48.85026740000001,
            -27.0248838992357
          ],
          [
            -48.85021870000002,
            -27.024834599235703
          ],
          [
            -48.850118399999985,
            -27.024729399235685
          ],
          [
            -48.85006659999999,
            -27.02467339923567
          ],
          [
            -48.850014199999976,
            -27.02461559923568
          ],
          [
            -48.84996159999997,
            -27.024556099235664
          ],
          [
            -48.849909000000025,
            -27.02449509923571
          ],
          [
            -48.8498568,
            -27.024432899235713
          ],
          [
            -48.84980810000002,
            -27.024372899235683
          ],
          [
            -48.849755200000004,
            -27.024305699235697
          ],
          [
            -48.849706399999995,
            -27.024241099235674
          ],
          [
            -48.84965890000001,
            -27.024176099235667
          ],
          [
            -48.84961270000002,
            -27.024110899235673
          ],
          [
            -48.84956770000002,
            -27.024045599235716
          ],
          [
            -48.8494814,
            -27.023915299235686
          ],
          [
            -48.849438899999996,
            -27.02385029923568
          ],
          [
            -48.849317400000025,
            -27.02365909923568
          ],
          [
            -48.84904069999999,
            -27.023218399235734
          ],
          [
            -48.84901270000001,
            -27.02317289923573
          ],
          [
            -48.84898620000001,
            -27.02312849923569
          ],
          [
            -48.84896140000001,
            -27.0230844992357
          ],
          [
            -48.848938299999986,
            -27.02304039923571
          ],
          [
            -48.848916799999984,
            -27.02299549923569
          ],
          [
            -48.84889700000002,
            -27.022949399235728
          ],
          [
            -48.84887889999999,
            -27.022901499235704
          ],
          [
            -48.84886260000002,
            -27.02285189923569
          ],
          [
            -48.848847999999975,
            -27.02280079923574
          ],
          [
            -48.84883500000001,
            -27.0227484992357
          ],
          [
            -48.84882379999999,
            -27.02269509923574
          ],
          [
            -48.848814300000015,
            -27.022640899235707
          ],
          [
            -48.8488064,
            -27.02258599923571
          ],
          [
            -48.8488003,
            -27.02253079923575
          ],
          [
            -48.848795800000005,
            -27.02247529923572
          ],
          [
            -48.84879280000001,
            -27.02241969923573
          ],
          [
            -48.84879110000003,
            -27.02236389923574
          ],
          [
            -48.848790699999995,
            -27.022307899235706
          ],
          [
            -48.848791199999994,
            -27.022251799235715
          ],
          [
            -48.8487945,
            -27.02213919923576
          ],
          [
            -48.848805399999996,
            -27.021911099235744
          ],
          [
            -48.84880959999998,
            -27.02179129923576
          ],
          [
            -48.84881059999998,
            -27.021728699235716
          ],
          [
            -48.84881059999998,
            -27.021663899235758
          ],
          [
            -48.84880939999999,
            -27.02159639923576
          ],
          [
            -48.848806799999984,
            -27.02152599923573
          ],
          [
            -48.8488031,
            -27.021453599235716
          ],
          [
            -48.848784900000005,
            -27.021162699235727
          ],
          [
            -48.84878129999999,
            -27.021094399235736
          ],
          [
            -48.84877890000001,
            -27.02102989923572
          ],
          [
            -48.848777900000016,
            -27.020969699235764
          ],
          [
            -48.84877799999998,
            -27.020913599235726
          ],
          [
            -48.8487806,
            -27.020761999235745
          ],
          [
            -48.84878090000001,
            -27.020714799235755
          ],
          [
            -48.84877999999998,
            -27.020668199235743
          ],
          [
            -48.84877779999999,
            -27.020621299235774
          ],
          [
            -48.848773800000004,
            -27.020573699235758
          ],
          [
            -48.84876839999998,
            -27.020525199235767
          ],
          [
            -48.8487495,
            -27.02037369923575
          ],
          [
            -48.84874389999999,
            -27.020321099235765
          ],
          [
            -48.84873970000001,
            -27.020267399235795
          ],
          [
            -48.848737200000016,
            -27.020212499235775
          ],
          [
            -48.848736900000006,
            -27.020156399235795
          ],
          [
            -48.848739599999995,
            -27.020088799235754
          ],
          [
            -48.848742800000025,
            -27.020041899235792
          ],
          [
            -48.84874860000002,
            -27.01998409923575
          ],
          [
            -48.84875610000001,
            -27.019926399235747
          ],
          [
            -48.848765300000025,
            -27.019868999235797
          ],
          [
            -48.84877590000002,
            -27.019812299235788
          ],
          [
            -48.848787800000025,
            -27.01975669923579
          ],
          [
            -48.84880079999999,
            -27.019702299235778
          ],
          [
            -48.84881469999999,
            -27.019649499235793
          ],
          [
            -48.84882920000001,
            -27.019598299235753
          ],
          [
            -48.84885880000001,
            -27.019501799235776
          ],
          [
            -48.84891190000001,
            -27.01933689923576
          ],
          [
            -48.84893260000001,
            -27.0192674992358
          ],
          [
            -48.84894170000001,
            -27.019234099235796
          ],
          [
            -48.848958100000004,
            -27.019165999235767
          ],
          [
            -48.84896570000001,
            -27.019129799235756
          ],
          [
            -48.84898020000003,
            -27.01904989923581
          ],
          [
            -48.84899359999997,
            -27.01895969923576
          ],
          [
            -48.84899960000001,
            -27.018911899235768
          ],
          [
            -48.849004900000004,
            -27.0188629992358
          ],
          [
            -48.84900939999999,
            -27.018813399235803
          ],
          [
            -48.849013000000014,
            -27.01876369923582
          ],
          [
            -48.849015399999985,
            -27.018714299235796
          ],
          [
            -48.84901660000003,
            -27.018665699235775
          ],
          [
            -48.84901630000002,
            -27.018618099235837
          ],
          [
            -48.84901439999999,
            -27.018571599235766
          ],
          [
            -48.849010599999986,
            -27.018526499235808
          ],
          [
            -48.84900479999999,
            -27.018482899235785
          ],
          [
            -48.848996699999994,
            -27.018440999235793
          ],
          [
            -48.84898620000001,
            -27.018400899235814
          ],
          [
            -48.848972999999994,
            -27.01836279923577
          ],
          [
            -48.848956999999984,
            -27.018326899235777
          ],
          [
            -48.848938499999974,
            -27.018292799235795
          ],
          [
            -48.848917700000015,
            -27.01826039923578
          ],
          [
            -48.84889479999998,
            -27.018229499235833
          ],
          [
            -48.84887020000003,
            -27.018199699235836
          ],
          [
            -48.848844100000015,
            -27.01817089923578
          ],
          [
            -48.84881680000001,
            -27.018142699235806
          ],
          [
            -48.84878850000002,
            -27.018114899235812
          ],
          [
            -48.848701199999994,
            -27.01803199923582
          ],
          [
            -48.848672299999976,
            -27.018003699235816
          ],
          [
            -48.8486441,
            -27.017974899235824
          ],
          [
            -48.84861699999999,
            -27.017945199235804
          ],
          [
            -48.84859119999999,
            -27.017914499235825
          ],
          [
            -48.84856719999999,
            -27.017882599235822
          ],
          [
            -48.848545,
            -27.01784929923583
          ],
          [
            -48.848524499999996,
            -27.017814899235834
          ],
          [
            -48.84850510000002,
            -27.017779799235843
          ],
          [
            -48.8484502,
            -27.017673299235824
          ],
          [
            -48.84843150000001,
            -27.01763849923579
          ],
          [
            -48.848411899999974,
            -27.01760449923583
          ],
          [
            -48.84839099999999,
            -27.017571799235796
          ],
          [
            -48.848368900000025,
            -27.017540199235807
          ],
          [
            -48.84834540000003,
            -27.017509699235823
          ],
          [
            -48.84832050000001,
            -27.017480199235848
          ],
          [
            -48.84829430000002,
            -27.017451699235803
          ],
          [
            -48.84826670000001,
            -27.017424099235846
          ],
          [
            -48.84823779999999,
            -27.01739729923585
          ],
          [
            -48.84820739999998,
            -27.017371199235846
          ],
          [
            -48.8481756,
            -27.017345799235812
          ],
          [
            -48.848142499999994,
            -27.017321299235803
          ],
          [
            -48.848108000000025,
            -27.017297599235835
          ],
          [
            -48.84807230000001,
            -27.017274999235806
          ],
          [
            -48.8480353,
            -27.017253499235796
          ],
          [
            -48.847997099999986,
            -27.017233299235812
          ],
          [
            -48.84795780000002,
            -27.017214499235855
          ],
          [
            -48.847917300000006,
            -27.017197199235827
          ],
          [
            -48.847875800000004,
            -27.017181499235818
          ],
          [
            -48.8478336,
            -27.017167299235805
          ],
          [
            -48.84779070000002,
            -27.017154699235814
          ],
          [
            -48.84774759999999,
            -27.017143499235804
          ],
          [
            -48.847704299999975,
            -27.017133699235817
          ],
          [
            -48.84766130000003,
            -27.017125399235834
          ],
          [
            -48.84761880000001,
            -27.017118299235825
          ],
          [
            -48.847576899999986,
            -27.01711259923584
          ],
          [
            -48.84753599999999,
            -27.017107999235833
          ],
          [
            -48.847381799999994,
            -27.017095199235854
          ],
          [
            -48.84734570000001,
            -27.017091599235844
          ],
          [
            -48.84731049999999,
            -27.01708719923582
          ],
          [
            -48.847276299999976,
            -27.017081599235812
          ],
          [
            -48.847243100000014,
            -27.017074499235804
          ],
          [
            -48.84721059999998,
            -27.017066099235855
          ],
          [
            -48.84717849999998,
            -27.017056499235856
          ],
          [
            -48.847146599999974,
            -27.017045899235853
          ],
          [
            -48.8471146,
            -27.01703439923582
          ],
          [
            -48.846980299999984,
            -27.01698399923581
          ],
          [
            -48.8469078,
            -27.01695849923581
          ],
          [
            -48.846870900000006,
            -27.016946499235843
          ],
          [
            -48.846833800000006,
            -27.016935199235814
          ],
          [
            -48.84679690000001,
            -27.01692489923582
          ],
          [
            -48.846760399999994,
            -27.01691579923582
          ],
          [
            -48.846724499999986,
            -27.016908099235856
          ],
          [
            -48.846689500000025,
            -27.016901899235837
          ],
          [
            -48.84665519999999,
            -27.016897399235834
          ],
          [
            -48.846621400000004,
            -27.016894499235804
          ],
          [
            -48.846588000000004,
            -27.016893299235825
          ],
          [
            -48.84655479999998,
            -27.016893699235847
          ],
          [
            -48.8465215,
            -27.016895799235822
          ],
          [
            -48.84648800000002,
            -27.016899599235813
          ],
          [
            -48.84645410000002,
            -27.016904999235837
          ],
          [
            -48.84641970000001,
            -27.016912199235804
          ],
          [
            -48.84638480000001,
            -27.01692099923586
          ],
          [
            -48.846349700000026,
            -27.01693149923583
          ],
          [
            -48.84631430000002,
            -27.01694369923583
          ],
          [
            -48.846278900000016,
            -27.016957499235826
          ],
          [
            -48.84624359999997,
            -27.016973099235805
          ],
          [
            -48.84620860000001,
            -27.016990299235808
          ],
          [
            -48.84617400000001,
            -27.017009199235847
          ],
          [
            -48.846139799999996,
            -27.01702969923585
          ],
          [
            -48.846106299999974,
            -27.01705179923581
          ],
          [
            -48.84607319999998,
            -27.01707529923581
          ],
          [
            -48.846040800000026,
            -27.01710019923584
          ],
          [
            -48.846008999999974,
            -27.01712639923583
          ],
          [
            -48.84597789999998,
            -27.01715369923582
          ],
          [
            -48.8459474,
            -27.017182099235836
          ],
          [
            -48.84591760000001,
            -27.017211399235833
          ],
          [
            -48.8458885,
            -27.017241599235806
          ],
          [
            -48.845860300000034,
            -27.017272499235812
          ],
          [
            -48.84583290000001,
            -27.01730369923584
          ],
          [
            -48.8458066,
            -27.017335199235816
          ],
          [
            -48.8457813,
            -27.01736669923585
          ],
          [
            -48.8457573,
            -27.01739799923583
          ],
          [
            -48.845713199999985,
            -27.017459099235808
          ],
          [
            -48.84565600000002,
            -27.017544199235793
          ],
          [
            -48.845637700000005,
            -27.01757049923579
          ],
          [
            -48.845618899999984,
            -27.0175955992358
          ],
          [
            -48.8455993,
            -27.01761929923579
          ],
          [
            -48.84557819999998,
            -27.017641699235828
          ],
          [
            -48.8455553,
            -27.017662599235802
          ],
          [
            -48.845530199999985,
            -27.01768199923579
          ],
          [
            -48.8455027,
            -27.017699799235817
          ],
          [
            -48.84547300000003,
            -27.017716199235814
          ],
          [
            -48.845440999999994,
            -27.017730999235848
          ],
          [
            -48.8454069,
            -27.01774439923584
          ],
          [
            -48.84537069999999,
            -27.017756399235818
          ],
          [
            -48.845332299999995,
            -27.017767099235833
          ],
          [
            -48.84529199999997,
            -27.017776299235788
          ],
          [
            -48.84524970000001,
            -27.017784199235802
          ],
          [
            -48.845205700000015,
            -27.0177906992358
          ],
          [
            -48.845160299999975,
            -27.017795799235806
          ],
          [
            -48.8451139,
            -27.017799399235805
          ],
          [
            -48.845066599999996,
            -27.017801499235834
          ],
          [
            -48.845018900000014,
            -27.017801999235832
          ],
          [
            -48.844970999999994,
            -27.017800799235797
          ],
          [
            -48.844923300000005,
            -27.01779789923582
          ],
          [
            -48.844875899999984,
            -27.01779329923581
          ],
          [
            -48.84482880000001,
            -27.017787099235832
          ],
          [
            -48.8447822,
            -27.017779399235813
          ],
          [
            -48.84473589999999,
            -27.01777019923579
          ],
          [
            -48.84468989999999,
            -27.017759699235814
          ],
          [
            -48.844644200000005,
            -27.01774809923582
          ],
          [
            -48.844598700000006,
            -27.017735399235804
          ],
          [
            -48.8445534,
            -27.0177216992358
          ],
          [
            -48.84446380000003,
            -27.017692199235825
          ],
          [
            -48.84425570000001,
            -27.01761919923582
          ],
          [
            -48.84421880000002,
            -27.017607099235835
          ],
          [
            -48.844183900000026,
            -27.017596399235813
          ],
          [
            -48.84415089999999,
            -27.01758729923582
          ],
          [
            -48.844119200000016,
            -27.01757939923581
          ],
          [
            -48.844088699999986,
            -27.01757289923583
          ],
          [
            -48.84405889999999,
            -27.017567499235803
          ],
          [
            -48.84402949999998,
            -27.01756329923582
          ],
          [
            -48.844,
            -27.01755999923582
          ],
          [
            -48.84397030000003,
            -27.01755769923582
          ],
          [
            -48.84393990000001,
            -27.01755629923584
          ],
          [
            -48.84390860000002,
            -27.017555799235836
          ],
          [
            -48.84387600000002,
            -27.01755629923584
          ],
          [
            -48.843842,
            -27.017557999235834
          ],
          [
            -48.84380620000001,
            -27.017560899235793
          ],
          [
            -48.84376839999999,
            -27.017565099235828
          ],
          [
            -48.84372830000001,
            -27.017570699235833
          ],
          [
            -48.84368569999998,
            -27.017577899235807
          ],
          [
            -48.843640300000004,
            -27.01758659923583
          ],
          [
            -48.84359269999999,
            -27.017596699235835
          ],
          [
            -48.8435432,
            -27.017608099235837
          ],
          [
            -48.84344119999997,
            -27.017633599235833
          ],
          [
            -48.84338969999998,
            -27.017647399235805
          ],
          [
            -48.84328829999999,
            -27.017676099235825
          ],
          [
            -48.8431453,
            -27.017719499235813
          ],
          [
            -48.8429279,
            -27.01778839923579
          ],
          [
            -48.842846099999974,
            -27.01781359923581
          ],
          [
            -48.84276699999998,
            -27.01783679923581
          ],
          [
            -48.842729099999985,
            -27.017847299235843
          ],
          [
            -48.84261909999998,
            -27.017876199235793
          ],
          [
            -48.84255039999999,
            -27.01789169923581
          ],
          [
            -48.84251649999999,
            -27.017898299235828
          ],
          [
            -48.84248229999997,
            -27.017904199235794
          ],
          [
            -48.842447400000026,
            -27.017909399235823
          ],
          [
            -48.84241129999997,
            -27.01791379923578
          ],
          [
            -48.8423737,
            -27.017917499235818
          ],
          [
            -48.842334100000016,
            -27.017920399235784
          ],
          [
            -48.84229210000001,
            -27.01792259923583
          ],
          [
            -48.84224760000001,
            -27.01792409923583
          ],
          [
            -48.842200600000005,
            -27.01792479923581
          ],
          [
            -48.84215119999999,
            -27.01792479923581
          ],
          [
            -48.84209920000001,
            -27.017923999235794
          ],
          [
            -48.842044699999974,
            -27.017922399235797
          ],
          [
            -48.841927999999996,
            -27.017916799235838
          ],
          [
            -48.841801999999966,
            -27.017908199235837
          ],
          [
            -48.84173700000002,
            -27.017902799235817
          ],
          [
            -48.84160680000002,
            -27.01788989923582
          ],
          [
            -48.84154310000003,
            -27.017882599235822
          ],
          [
            -48.84148140000002,
            -27.01787459923584
          ],
          [
            -48.84142229999998,
            -27.017866199235822
          ],
          [
            -48.8413665,
            -27.017857199235802
          ],
          [
            -48.841313800000016,
            -27.017847699235816
          ],
          [
            -48.84126379999997,
            -27.017837499235796
          ],
          [
            -48.84125820000003,
            -27.017836199235784
          ],
          [
            -48.84121620000002,
            -27.01782669923582
          ],
          [
            -48.8411706,
            -27.01781499923581
          ],
          [
            -48.841126700000025,
            -27.017802599235797
          ],
          [
            -48.841084099999996,
            -27.017789199235796
          ],
          [
            -48.84104239999999,
            -27.017774799235806
          ],
          [
            -48.841001199999994,
            -27.017759499235815
          ],
          [
            -48.84096030000001,
            -27.017743199235802
          ],
          [
            -48.84079020000002,
            -27.017672599235844
          ],
          [
            -48.840744099999995,
            -27.017654199235793
          ],
          [
            -48.84069579999999,
            -27.0176359992358
          ],
          [
            -48.84064489999998,
            -27.01761789923583
          ],
          [
            -48.840536100000016,
            -27.017581699235812
          ],
          [
            -48.840231700000004,
            -27.017484999235837
          ],
          [
            -48.8401667,
            -27.017463399235822
          ],
          [
            -48.84003319999999,
            -27.017417399235818
          ],
          [
            -48.83996430000001,
            -27.01739289923582
          ],
          [
            -48.83982159999999,
            -27.01734089923584
          ],
          [
            -48.8396717,
            -27.017284499235842
          ],
          [
            -48.8394323,
            -27.017193199235834
          ],
          [
            -48.83926500000001,
            -27.017131499235827
          ],
          [
            -48.83917969999999,
            -27.01710139923583
          ],
          [
            -48.8390935,
            -27.017072399235847
          ],
          [
            -48.8390066,
            -27.017044799235837
          ],
          [
            -48.838919299999986,
            -27.017018799235842
          ],
          [
            -48.838831700000014,
            -27.01699439923581
          ],
          [
            -48.838744099999985,
            -27.016971499235837
          ],
          [
            -48.83865659999997,
            -27.01694979923585
          ],
          [
            -48.838569500000006,
            -27.016929399235817
          ],
          [
            -48.83848289999998,
            -27.01690999923582
          ],
          [
            -48.838396999999986,
            -27.016891499235822
          ],
          [
            -48.8380636,
            -27.01682309923584
          ],
          [
            -48.837982599999975,
            -27.016806099235833
          ],
          [
            -48.83790240000002,
            -27.01678849923585
          ],
          [
            -48.83782289999999,
            -27.01676999923584
          ],
          [
            -48.83774399999999,
            -27.01675019923582
          ],
          [
            -48.83766559999999,
            -27.016728999235813
          ],
          [
            -48.837587600000006,
            -27.016706099235854
          ],
          [
            -48.83748179999998,
            -27.016671599235824
          ],
          [
            -48.837433499999975,
            -27.016655099235816
          ],
          [
            -48.83735760000002,
            -27.01662719923585
          ],
          [
            -48.837282800000025,
            -27.016597799235843
          ],
          [
            -48.837209099999995,
            -27.01656699923585
          ],
          [
            -48.837136799999996,
            -27.016534899235854
          ],
          [
            -48.83706590000003,
            -27.01650149923585
          ],
          [
            -48.8369965,
            -27.016466999235814
          ],
          [
            -48.83692869999999,
            -27.016431399235834
          ],
          [
            -48.83686239999997,
            -27.016394799235837
          ],
          [
            -48.83679749999999,
            -27.016357199235856
          ],
          [
            -48.83673399999998,
            -27.016318799235865
          ],
          [
            -48.8366719,
            -27.01627969923582
          ],
          [
            -48.836611000000005,
            -27.01623989923586
          ],
          [
            -48.836551299999996,
            -27.01619949923586
          ],
          [
            -48.836492899999996,
            -27.016158599235823
          ],
          [
            -48.83643560000002,
            -27.016117399235828
          ],
          [
            -48.83637970000001,
            -27.016075999235838
          ],
          [
            -48.83632510000001,
            -27.01603459923585
          ],
          [
            -48.83627189999998,
            -27.01599339923587
          ],
          [
            -48.836170100000004,
            -27.01591189923584
          ],
          [
            -48.83607469999999,
            -27.01583299923584
          ],
          [
            -48.83594199999999,
            -27.01572159923586
          ],
          [
            -48.835857799999985,
            -27.015653099235863
          ],
          [
            -48.835816299999976,
            -27.015620899235838
          ],
          [
            -48.83577500000001,
            -27.015590099235858
          ],
          [
            -48.8357335,
            -27.01556089923588
          ],
          [
            -48.83569139999997,
            -27.015532999235866
          ],
          [
            -48.83564819999997,
            -27.01550599923588
          ],
          [
            -48.83560349999999,
            -27.01547969923587
          ],
          [
            -48.8355568,
            -27.015453799235843
          ],
          [
            -48.83550760000003,
            -27.015427999235843
          ],
          [
            -48.8354554,
            -27.015401899235833
          ],
          [
            -48.83539980000001,
            -27.015375199235848
          ],
          [
            -48.83534029999998,
            -27.015347799235837
          ],
          [
            -48.835141899999996,
            -27.01525789923586
          ],
          [
            -48.83507020000001,
            -27.01522459923588
          ],
          [
            -48.834999700000026,
            -27.015190899235858
          ],
          [
            -48.834920599999975,
            -27.015151699235847
          ],
          [
            -48.83484329999998,
            -27.01511149923585
          ],
          [
            -48.834765,
            -27.015068699235833
          ],
          [
            -48.83468620000002,
            -27.01502329923587
          ],
          [
            -48.834607500000004,
            -27.014975899235896
          ],
          [
            -48.83452940000001,
            -27.014926699235865
          ],
          [
            -48.83445260000002,
            -27.014876099235856
          ],
          [
            -48.834377700000005,
            -27.014824399235884
          ],
          [
            -48.83430520000001,
            -27.01477189923589
          ],
          [
            -48.83423590000001,
            -27.014718999235882
          ],
          [
            -48.834170099999994,
            -27.01466589923588
          ],
          [
            -48.83410759999998,
            -27.01461279923589
          ],
          [
            -48.83404789999997,
            -27.014559799235847
          ],
          [
            -48.834002399999974,
            -27.014517799235893
          ],
          [
            -48.83393510000002,
            -27.01445389923586
          ],
          [
            -48.83388120000001,
            -27.014401299235857
          ],
          [
            -48.833724000000025,
            -27.014244999235903
          ],
          [
            -48.83361980000001,
            -27.014142399235904
          ],
          [
            -48.83351420000003,
            -27.014040499235907
          ],
          [
            -48.8334059,
            -27.01393899923588
          ],
          [
            -48.8333503,
            -27.013888199235883
          ],
          [
            -48.83323630000002,
            -27.013786599235896
          ],
          [
            -48.8329031,
            -27.013496699235922
          ],
          [
            -48.83280669999999,
            -27.013409999235925
          ],
          [
            -48.832762100000025,
            -27.013368299235914
          ],
          [
            -48.832719800000014,
            -27.01332719923589
          ],
          [
            -48.83267970000003,
            -27.01328639923593
          ],
          [
            -48.832641599999995,
            -27.0132455992359
          ],
          [
            -48.83260560000002,
            -27.013204399235914
          ],
          [
            -48.8325714,
            -27.013162599235883
          ],
          [
            -48.83253910000003,
            -27.013119899235896
          ],
          [
            -48.83250850000002,
            -27.0130763992359
          ],
          [
            -48.8324796,
            -27.013032299235924
          ],
          [
            -48.83245249999999,
            -27.01298779923593
          ],
          [
            -48.83242699999999,
            -27.01294319923591
          ],
          [
            -48.83240310000002,
            -27.01289859923594
          ],
          [
            -48.832380699999995,
            -27.012854199235903
          ],
          [
            -48.832359999999994,
            -27.012810299235923
          ],
          [
            -48.832340699999975,
            -27.012766899235885
          ],
          [
            -48.8323231,
            -27.01272409923593
          ],
          [
            -48.8323072,
            -27.012681499235896
          ],
          [
            -48.83229310000002,
            -27.01263919923593
          ],
          [
            -48.832280799999985,
            -27.012596899235913
          ],
          [
            -48.83227060000002,
            -27.012554399235913
          ],
          [
            -48.832262500000006,
            -27.012511699235922
          ],
          [
            -48.832256599999994,
            -27.012468499235926
          ],
          [
            -48.83225299999997,
            -27.012424799235927
          ],
          [
            -48.832251799999995,
            -27.012380199235917
          ],
          [
            -48.8322528,
            -27.012334699235907
          ],
          [
            -48.83225629999998,
            -27.012287999235934
          ],
          [
            -48.83226209999998,
            -27.01223999923594
          ],
          [
            -48.8322703,
            -27.0121902992359
          ],
          [
            -48.8322809,
            -27.01213889923594
          ],
          [
            -48.83229399999999,
            -27.01208549923592
          ],
          [
            -48.832309399999986,
            -27.012030099235922
          ],
          [
            -48.832327099999986,
            -27.01197269923592
          ],
          [
            -48.83234690000001,
            -27.011913899235946
          ],
          [
            -48.83236849999997,
            -27.01185389923593
          ],
          [
            -48.83239159999999,
            -27.011792999235944
          ],
          [
            -48.83241620000001,
            -27.011731599235944
          ],
          [
            -48.832442000000015,
            -27.011669999235906
          ],
          [
            -48.83246869999999,
            -27.01160849923595
          ],
          [
            -48.8324963,
            -27.011547299235954
          ],
          [
            -48.8325246,
            -27.011486199235925
          ],
          [
            -48.832583899999975,
            -27.011363599235917
          ],
          [
            -48.83267439999997,
            -27.01118499923596
          ]
        ]
      },
      "properties": {
        "OBJECTID": 345977,
        "COTRECHO": 344703,
        "COBACIA": "77962375",
        "NORIOCOMP": "Rio Itajaí-mirim",
        "NOORIGINAL": "Rio Itajaí-mirim",
        "NUSTRAHLER": 4,
        "NUTRJUS": 344717,
        "NUCOMPTREC": 3.53423184,
        "NUAREAMONT": 1372.22188875
      }
    },
    {
      "type": "Feature",
      "id": 346009,
      "geometry": {
        "type": "LineString",
        "coordinates": [
          [
            -48.95293290000001,
            -27.137287299233535
          ],
          [
            -48.95298509999998,
            -27.137386999233502
          ],
          [
            -48.95301719999998,
            -27.13745359923353
          ],
          [
            -48.953031599999974,
            -27.137486099233495
          ],
          [
            -48.9530446,
            -27.1375176992335
          ],
          [
            -48.95305580000002,
            -27.13754799923349
          ],
          [
            -48.953065099999996,
            -27.137576999233534
          ],
          [
            -48.953072500000026,
            -27.137604599233484
          ],
          [
            -48.95307819999999,
            -27.13763119923349
          ],
          [
            -48.95308240000002,
            -27.13765679923351
          ],
          [
            -48.95308519999997,
            -27.1376817992335
          ],
          [
            -48.953086799999994,
            -27.137706199233534
          ],
          [
            -48.95308720000003,
            -27.137730399233508
          ],
          [
            -48.953086799999994,
            -27.13775449923353
          ],
          [
            -48.95308560000001,
            -27.137778599233496
          ],
          [
            -48.953083600000014,
            -27.13780269923352
          ],
          [
            -48.95308060000002,
            -27.1378266992335
          ],
          [
            -48.953076500000016,
            -27.137850499233515
          ],
          [
            -48.953071299999976,
            -27.13787379923352
          ],
          [
            -48.953064799999986,
            -27.137896599233482
          ],
          [
            -48.95305700000001,
            -27.137918799233514
          ],
          [
            -48.95304770000002,
            -27.137940199233512
          ],
          [
            -48.953036899999965,
            -27.137960699233503
          ],
          [
            -48.95302459999999,
            -27.137980199233514
          ],
          [
            -48.95301089999998,
            -27.137998699233524
          ],
          [
            -48.95299599999999,
            -27.138016099233518
          ],
          [
            -48.95297979999998,
            -27.138032299233515
          ],
          [
            -48.95296259999998,
            -27.138047199233515
          ],
          [
            -48.95294439999998,
            -27.138060699233478
          ],
          [
            -48.95292519999999,
            -27.138072799233473
          ],
          [
            -48.9529053,
            -27.138083399233523
          ],
          [
            -48.952884600000004,
            -27.138092599233484
          ],
          [
            -48.95286340000001,
            -27.138100399233476
          ],
          [
            -48.95285260000003,
            -27.13810369923349
          ],
          [
            -48.95281970000002,
            -27.138112299233487
          ],
          [
            -48.95279740000001,
            -27.138116499233522
          ],
          [
            -48.952774999999974,
            -27.13811959923348
          ],
          [
            -48.952752600000004,
            -27.138121699233494
          ],
          [
            -48.952730299999985,
            -27.13812299923349
          ],
          [
            -48.952708099999995,
            -27.138123499233505
          ],
          [
            -48.95266400000003,
            -27.13812279923352
          ],
          [
            -48.95259829999998,
            -27.13812019923351
          ],
          [
            -48.95255479999997,
            -27.13811929923352
          ],
          [
            -48.95251150000002,
            -27.13811999923351
          ],
          [
            -48.952468599999975,
            -27.13812279923352
          ],
          [
            -48.95242610000003,
            -27.13812809923351
          ],
          [
            -48.95240510000002,
            -27.138131699233472
          ],
          [
            -48.952363600000005,
            -27.138140999233517
          ],
          [
            -48.95228159999999,
            -27.138161499233515
          ],
          [
            -48.95226109999999,
            -27.13816579923352
          ],
          [
            -48.95224059999999,
            -27.1381692992335
          ],
          [
            -48.95221989999999,
            -27.138171799233504
          ],
          [
            -48.95219909999997,
            -27.13817339923352
          ],
          [
            -48.952177800000015,
            -27.138174099233506
          ],
          [
            -48.95215610000002,
            -27.138173899233525
          ],
          [
            -48.952110600000026,
            -27.138171299233502
          ],
          [
            -48.95206150000001,
            -27.13816579923352
          ],
          [
            -48.952008299999996,
            -27.13815799923347
          ],
          [
            -48.9519535,
            -27.138148499233502
          ],
          [
            -48.95190009999999,
            -27.138137999233525
          ],
          [
            -48.951829299999986,
            -27.138121999233505
          ],
          [
            -48.95179039999999,
            -27.138111499233478
          ],
          [
            -48.951756199999984,
            -27.13810059923347
          ],
          [
            -48.951740400000006,
            -27.13809479923348
          ],
          [
            -48.951710100000014,
            -27.13808219923348
          ],
          [
            -48.9516802,
            -27.138067899233505
          ],
          [
            -48.951649700000026,
            -27.13805159923348
          ],
          [
            -48.95160120000003,
            -27.1380233992335
          ],
          [
            -48.95150849999999,
            -27.137966999233498
          ],
          [
            -48.951468499999976,
            -27.137943299233516
          ],
          [
            -48.95142820000001,
            -27.13792059923347
          ],
          [
            -48.95138800000001,
            -27.137899499233495
          ],
          [
            -48.951324199999995,
            -27.137868499233523
          ],
          [
            -48.9511319,
            -27.137778299233485
          ],
          [
            -48.95103979999999,
            -27.137733499233526
          ],
          [
            -48.9509832,
            -27.13770469923348
          ],
          [
            -48.95085169999999,
            -27.13763489923353
          ],
          [
            -48.95079329999999,
            -27.137604699233503
          ],
          [
            -48.9506126,
            -27.13751529923353
          ],
          [
            -48.95054190000002,
            -27.137479499233493
          ],
          [
            -48.95046830000001,
            -27.137440199233517
          ],
          [
            -48.95043270000002,
            -27.137420199233517
          ],
          [
            -48.95036440000001,
            -27.137380099233486
          ],
          [
            -48.95030009999999,
            -27.1373396992335
          ],
          [
            -48.95024000000001,
            -27.137299299233515
          ],
          [
            -48.95018449999998,
            -27.137259199233522
          ],
          [
            -48.95015849999999,
            -27.137238999233542
          ],
          [
            -48.950133600000015,
            -27.137218699233525
          ],
          [
            -48.95010989999997,
            -27.13719799923353
          ],
          [
            -48.95008730000001,
            -27.137176999233528
          ],
          [
            -48.950065800000004,
            -27.13715549923352
          ],
          [
            -48.95004549999999,
            -27.137133499233524
          ],
          [
            -48.95002620000003,
            -27.137110699233524
          ],
          [
            -48.9500079,
            -27.137087099233497
          ],
          [
            -48.94999009999998,
            -27.13706229923354
          ],
          [
            -48.94997269999999,
            -27.137035999233543
          ],
          [
            -48.9499553,
            -27.137008099233515
          ],
          [
            -48.94993770000002,
            -27.1369781992335
          ],
          [
            -48.94990080000002,
            -27.1369114992335
          ],
          [
            -48.949839199999985,
            -27.13679279923354
          ],
          [
            -48.949772499999995,
            -27.136658399233514
          ],
          [
            -48.94972749999999,
            -27.136564399233517
          ],
          [
            -48.94959610000001,
            -27.136284699233514
          ],
          [
            -48.94955299999998,
            -27.13619669923355
          ],
          [
            -48.949531400000005,
            -27.136154299233525
          ],
          [
            -48.949488099999996,
            -27.136072599233515
          ],
          [
            -48.94946640000001,
            -27.136033199233523
          ],
          [
            -48.949422700000014,
            -27.13595639923354
          ],
          [
            -48.94935620000001,
            -27.135845399233528
          ],
          [
            -48.94931070000001,
            -27.135773699233557
          ],
          [
            -48.94929380000002,
            -27.135748399233545
          ],
          [
            -48.94926349999998,
            -27.135704899233556
          ],
          [
            -48.9492391,
            -27.135671899233518
          ],
          [
            -48.949213999999984,
            -27.135639999233575
          ],
          [
            -48.94918819999998,
            -27.135609299233536
          ],
          [
            -48.949161499999995,
            -27.135579899233534
          ],
          [
            -48.94913409999998,
            -27.13555149923356
          ],
          [
            -48.94910629999998,
            -27.135523899233554
          ],
          [
            -48.948993099999996,
            -27.135416099233534
          ],
          [
            -48.9489653,
            -27.135388399233552
          ],
          [
            -48.948937899999976,
            -27.135359999233543
          ],
          [
            -48.94891100000002,
            -27.13533069923355
          ],
          [
            -48.94888459999999,
            -27.135300799233534
          ],
          [
            -48.94883299999998,
            -27.135239099233527
          ],
          [
            -48.948807699999975,
            -27.135207599233553
          ],
          [
            -48.948758,
            -27.135143199233564
          ],
          [
            -48.948709399999984,
            -27.135077299233526
          ],
          [
            -48.94868550000002,
            -27.135043399233524
          ],
          [
            -48.94866189999999,
            -27.13500859923355
          ],
          [
            -48.94863859999998,
            -27.13497269923354
          ],
          [
            -48.94861559999999,
            -27.134935299233554
          ],
          [
            -48.948592899999994,
            -27.13489639923356
          ],
          [
            -48.948570599999975,
            -27.134855699233558
          ],
          [
            -48.94854859999999,
            -27.13481299923356
          ],
          [
            -48.94852680000003,
            -27.13476829923358
          ],
          [
            -48.94850520000001,
            -27.134721499233585
          ],
          [
            -48.948462000000006,
            -27.134621499233532
          ],
          [
            -48.9484402,
            -27.134568199233545
          ],
          [
            -48.948386400000004,
            -27.13443119923356
          ],
          [
            -48.94830080000003,
            -27.134206899233543
          ],
          [
            -48.948251200000016,
            -27.134079099233574
          ],
          [
            -48.94820060000001,
            -27.133954099233563
          ],
          [
            -48.94817499999999,
            -27.133893799233586
          ],
          [
            -48.94814919999999,
            -27.133835199233605
          ],
          [
            -48.9481232,
            -27.133778399233552
          ],
          [
            -48.948097099999984,
            -27.133723499233543
          ],
          [
            -48.94807079999998,
            -27.133670399233598
          ],
          [
            -48.948044400000015,
            -27.133619299233594
          ],
          [
            -48.94801769999997,
            -27.133570099233566
          ],
          [
            -48.94799089999998,
            -27.133523099233575
          ],
          [
            -48.94796389999999,
            -27.13347799923361
          ],
          [
            -48.947936500000026,
            -27.133434599233574
          ],
          [
            -48.94790870000002,
            -27.133392699233585
          ],
          [
            -48.947880199999986,
            -27.13335159923361
          ],
          [
            -48.947850899999985,
            -27.133311199233574
          ],
          [
            -48.94782070000002,
            -27.133270999233567
          ],
          [
            -48.94778930000001,
            -27.133230599233578
          ],
          [
            -48.947722699999986,
            -27.13314789923357
          ],
          [
            -48.94765109999997,
            -27.133063099233606
          ],
          [
            -48.94761399999999,
            -27.13302049923358
          ],
          [
            -48.9475761,
            -27.1329783992336
          ],
          [
            -48.947537899999986,
            -27.13293699923363
          ],
          [
            -48.94749930000001,
            -27.132896599233575
          ],
          [
            -48.94746070000002,
            -27.132857599233628
          ],
          [
            -48.947422200000005,
            -27.132820199233624
          ],
          [
            -48.94738389999998,
            -27.132784499233612
          ],
          [
            -48.947346100000004,
            -27.1327502992336
          ],
          [
            -48.94730879999997,
            -27.13271769923361
          ],
          [
            -48.947272199999986,
            -27.132686699233627
          ],
          [
            -48.94720160000003,
            -27.132628999233596
          ],
          [
            -48.9470743,
            -27.13252939923361
          ],
          [
            -48.947017500000015,
            -27.1324840992336
          ],
          [
            -48.946990700000015,
            -27.132461699233634
          ],
          [
            -48.94696479999999,
            -27.1324390992336
          ],
          [
            -48.946939799999996,
            -27.132416099233605
          ],
          [
            -48.94691569999998,
            -27.132392399233613
          ],
          [
            -48.94689249999999,
            -27.13236809923361
          ],
          [
            -48.9468703,
            -27.132343299233607
          ],
          [
            -48.94684910000001,
            -27.13231819923359
          ],
          [
            -48.94682899999997,
            -27.132292899233594
          ],
          [
            -48.94681000000003,
            -27.132267499233624
          ],
          [
            -48.946792200000004,
            -27.132242199233612
          ],
          [
            -48.94677560000003,
            -27.132216999233638
          ],
          [
            -48.94676040000002,
            -27.13219219923362
          ],
          [
            -48.94674629999998,
            -27.132167499233592
          ],
          [
            -48.94673340000003,
            -27.132142999233597
          ],
          [
            -48.946721500000024,
            -27.132118499233602
          ],
          [
            -48.94671060000002,
            -27.132093899233574
          ],
          [
            -48.94670059999999,
            -27.1320691992336
          ],
          [
            -48.94669140000003,
            -27.132044199233608
          ],
          [
            -48.94668300000001,
            -27.132018899233604
          ],
          [
            -48.946675200000016,
            -27.131993199233616
          ],
          [
            -48.94666169999999,
            -27.13194059923363
          ],
          [
            -48.9466559,
            -27.13191369923359
          ],
          [
            -48.9466463,
            -27.131858699233625
          ],
          [
            -48.94664249999999,
            -27.131830599233613
          ],
          [
            -48.94663680000002,
            -27.1317733992336
          ],
          [
            -48.94663379999997,
            -27.13171469923359
          ],
          [
            -48.946633299999974,
            -27.131684699233606
          ],
          [
            -48.94663420000001,
            -27.131622999233606
          ],
          [
            -48.94663780000002,
            -27.131558899233635
          ],
          [
            -48.946644100000015,
            -27.131492099233625
          ],
          [
            -48.946653000000026,
            -27.13142299923361
          ],
          [
            -48.946658500000005,
            -27.131387699233628
          ],
          [
            -48.9466716,
            -27.13131599923365
          ],
          [
            -48.946679200000005,
            -27.131279699233623
          ],
          [
            -48.94669640000001,
            -27.1312067992336
          ],
          [
            -48.94671579999999,
            -27.13113489923363
          ],
          [
            -48.94672620000001,
            -27.131099899233607
          ],
          [
            -48.94674770000001,
            -27.131033299233643
          ],
          [
            -48.94676559999999,
            -27.130984499233644
          ],
          [
            -48.94678119999997,
            -27.130944499233625
          ],
          [
            -48.9468033,
            -27.13089309923361
          ],
          [
            -48.946878000000034,
            -27.13073309923362
          ],
          [
            -48.946909500000004,
            -27.130661099233638
          ],
          [
            -48.94692329999998,
            -27.130626099233606
          ],
          [
            -48.94693059999997,
            -27.130604899233628
          ],
          [
            -48.94693890000002,
            -27.13057429923361
          ],
          [
            -48.94694249999998,
            -27.130553999233666
          ],
          [
            -48.946943799999985,
            -27.130533299233676
          ],
          [
            -48.94694329999999,
            -27.13052249923364
          ],
          [
            -48.9469421,
            -27.130511599233618
          ],
          [
            -48.946939999999984,
            -27.130500199233612
          ],
          [
            -48.94693300000001,
            -27.130476499233627
          ],
          [
            -48.94692290000001,
            -27.130451799233636
          ],
          [
            -48.9469168,
            -27.130439199233653
          ],
          [
            -48.94690309999999,
            -27.130413999233618
          ],
          [
            -48.946887899999986,
            -27.130389199233665
          ],
          [
            -48.94687979999998,
            -27.13037699923365
          ],
          [
            -48.94686180000002,
            -27.13035309923362
          ],
          [
            -48.946851700000025,
            -27.13034129923364
          ],
          [
            -48.94684069999999,
            -27.130329699233652
          ],
          [
            -48.94682870000002,
            -27.130318199233617
          ],
          [
            -48.946815500000014,
            -27.130306799233676
          ],
          [
            -48.94680119999998,
            -27.130295499233636
          ],
          [
            -48.94678570000002,
            -27.13028449923366
          ],
          [
            -48.946769399999994,
            -27.130273899233664
          ],
          [
            -48.94675219999999,
            -27.130263899233643
          ],
          [
            -48.946734400000025,
            -27.130254599233638
          ],
          [
            -48.946716200000026,
            -27.130246099233673
          ],
          [
            -48.94669759999999,
            -27.130238699233654
          ],
          [
            -48.94667900000002,
            -27.130232499233617
          ],
          [
            -48.9466602,
            -27.130227499233634
          ],
          [
            -48.94664130000001,
            -27.130223799233654
          ],
          [
            -48.946621900000025,
            -27.13022109923367
          ],
          [
            -48.94660190000002,
            -27.13021939923363
          ],
          [
            -48.94658090000002,
            -27.130218599233626
          ],
          [
            -48.946558700000026,
            -27.13021839923364
          ],
          [
            -48.94653520000003,
            -27.130218899233636
          ],
          [
            -48.94648310000002,
            -27.130221099233676
          ],
          [
            -48.94642490000001,
            -27.130224999233636
          ],
          [
            -48.94639430000001,
            -27.130227799233648
          ],
          [
            -48.94633190000002,
            -27.130235199233663
          ],
          [
            -48.94630069999999,
            -27.13023999923367
          ],
          [
            -48.946269900000004,
            -27.130245599233675
          ],
          [
            -48.94623980000001,
            -27.13025199923363
          ],
          [
            -48.94618209999999,
            -27.13026689923362
          ],
          [
            -48.94612749999999,
            -27.130283099233623
          ],
          [
            -48.94605180000003,
            -27.130306699233653
          ],
          [
            -48.946005000000014,
            -27.130319999233635
          ],
          [
            -48.94598209999997,
            -27.13032559923364
          ],
          [
            -48.94595909999998,
            -27.130330299233673
          ],
          [
            -48.94593570000001,
            -27.130334099233675
          ],
          [
            -48.94591159999999,
            -27.13033689923362
          ],
          [
            -48.94588649999998,
            -27.130338699233626
          ],
          [
            -48.94585999999998,
            -27.13033919923362
          ],
          [
            -48.945831999999996,
            -27.130338499233645
          ],
          [
            -48.94580239999999,
            -27.130336499233643
          ],
          [
            -48.94577140000001,
            -27.13033319923364
          ],
          [
            -48.945739,
            -27.13032849923366
          ],
          [
            -48.945705299999986,
            -27.13032239923366
          ],
          [
            -48.945670300000025,
            -27.130314999233647
          ],
          [
            -48.945634299999995,
            -27.130306099233625
          ],
          [
            -48.94559720000001,
            -27.13029579923365
          ],
          [
            -48.945559100000025,
            -27.130284099233624
          ],
          [
            -48.94551990000002,
            -27.130270999233627
          ],
          [
            -48.94543679999998,
            -27.13024079923367
          ],
          [
            -48.945245699999994,
            -27.13016729923363
          ],
          [
            -48.94489570000002,
            -27.130034099233637
          ],
          [
            -48.94477599999999,
            -27.12998689923366
          ],
          [
            -48.94466119999998,
            -27.12993929923364
          ],
          [
            -48.94460570000001,
            -27.12991529923364
          ],
          [
            -48.94455149999999,
            -27.129890999233638
          ],
          [
            -48.944498399999986,
            -27.12986629923365
          ],
          [
            -48.94444629999998,
            -27.12984119923364
          ],
          [
            -48.9443953,
            -27.12981549923366
          ],
          [
            -48.9443453,
            -27.12978919923367
          ],
          [
            -48.9442962,
            -27.12976209923365
          ],
          [
            -48.944248000000016,
            -27.129734399233666
          ],
          [
            -48.944200799999976,
            -27.12970599923365
          ],
          [
            -48.94415479999998,
            -27.129677099233636
          ],
          [
            -48.9441099,
            -27.12964769923368
          ],
          [
            -48.94406629999997,
            -27.129617899233683
          ],
          [
            -48.94400350000001,
            -27.129572499233664
          ],
          [
            -48.943983100000025,
            -27.129557299233642
          ],
          [
            -48.94394360000001,
            -27.12952669923365
          ],
          [
            -48.943905400000006,
            -27.129495799233634
          ],
          [
            -48.94386859999997,
            -27.129464899233678
          ],
          [
            -48.943833100000006,
            -27.129433999233665
          ],
          [
            -48.943765499999984,
            -27.129372099233677
          ],
          [
            -48.94370209999999,
            -27.129310799233654
          ],
          [
            -48.94364250000001,
            -27.129250699233666
          ],
          [
            -48.94350859999997,
            -27.129112099233645
          ],
          [
            -48.94346059999998,
            -27.129064499233692
          ],
          [
            -48.943415200000004,
            -27.12902229923364
          ],
          [
            -48.94339309999998,
            -27.12900329923368
          ],
          [
            -48.94337130000003,
            -27.128985599233687
          ],
          [
            -48.943349599999976,
            -27.12896929923366
          ],
          [
            -48.943327899999986,
            -27.128954299233648
          ],
          [
            -48.94330609999997,
            -27.128940699233656
          ],
          [
            -48.943284,
            -27.12892839923368
          ],
          [
            -48.94326139999999,
            -27.128917299233684
          ],
          [
            -48.943238099999974,
            -27.1289074992337
          ],
          [
            -48.94321389999998,
            -27.128898899233693
          ],
          [
            -48.94318870000001,
            -27.12889149923368
          ],
          [
            -48.943162099999995,
            -27.128885099233656
          ],
          [
            -48.94313410000001,
            -27.128879799233665
          ],
          [
            -48.943104300000016,
            -27.12887559923368
          ],
          [
            -48.943072700000016,
            -27.128872299233688
          ],
          [
            -48.94303939999997,
            -27.128869899233653
          ],
          [
            -48.943004700000024,
            -27.12886859923364
          ],
          [
            -48.942968899999975,
            -27.128868299233694
          ],
          [
            -48.94293199999998,
            -27.128868999233685
          ],
          [
            -48.94289450000002,
            -27.1288705992337
          ],
          [
            -48.94285650000001,
            -27.12887339923365
          ],
          [
            -48.9428183,
            -27.128877099233684
          ],
          [
            -48.942780200000016,
            -27.12888189923368
          ],
          [
            -48.94274219999999,
            -27.128887699233672
          ],
          [
            -48.942704499999984,
            -27.12889459923369
          ],
          [
            -48.942667299999975,
            -27.128902599233676
          ],
          [
            -48.942630699999995,
            -27.128911599233664
          ],
          [
            -48.94259490000002,
            -27.128921699233654
          ],
          [
            -48.942560000000014,
            -27.128932899233664
          ],
          [
            -48.942526199999975,
            -27.128945199233648
          ],
          [
            -48.94249359999998,
            -27.128958599233645
          ],
          [
            -48.94246190000001,
            -27.128973099233665
          ],
          [
            -48.94243110000002,
            -27.128988799233678
          ],
          [
            -48.94240079999997,
            -27.129005699233655
          ],
          [
            -48.942370799999985,
            -27.129023799233703
          ],
          [
            -48.942341,
            -27.129043099233666
          ],
          [
            -48.94231109999998,
            -27.12906369923368
          ],
          [
            -48.942280900000014,
            -27.12908559923366
          ],
          [
            -48.94225030000002,
            -27.12910869923368
          ],
          [
            -48.94218840000002,
            -27.129157999233684
          ],
          [
            -48.942127200000016,
            -27.129209599233686
          ],
          [
            -48.94206850000001,
            -27.129261599233672
          ],
          [
            -48.94204079999997,
            -27.129287099233668
          ],
          [
            -48.9419891,
            -27.129336399233665
          ],
          [
            -48.94194190000002,
            -27.129383499233676
          ],
          [
            -48.94189829999999,
            -27.129428799233697
          ],
          [
            -48.941818300000016,
            -27.12951489923367
          ],
          [
            -48.94176399999998,
            -27.12957549923364
          ],
          [
            -48.94173110000003,
            -27.129613399233634
          ],
          [
            -48.94167199999998,
            -27.12968409923369
          ],
          [
            -48.941629999999975,
            -27.12973109923368
          ],
          [
            -48.94162010000002,
            -27.129739699233667
          ],
          [
            -48.94161070000002,
            -27.12974639923365
          ],
          [
            -48.941601400000025,
            -27.129751399233637
          ],
          [
            -48.94159209999999,
            -27.129754799233645
          ],
          [
            -48.941582499999974,
            -27.12975669923363
          ],
          [
            -48.94157239999998,
            -27.129757299233642
          ],
          [
            -48.94156140000001,
            -27.129756499233633
          ],
          [
            -48.941549399999985,
            -27.129754599233664
          ],
          [
            -48.94153599999999,
            -27.12975169923365
          ],
          [
            -48.941505199999995,
            -27.129743299233624
          ],
          [
            -48.941488100000015,
            -27.129737899233668
          ],
          [
            -48.941452200000015,
            -27.129724899233647
          ],
          [
            -48.941416000000004,
            -27.12970939923367
          ],
          [
            -48.94139849999999,
            -27.129700899233644
          ],
          [
            -48.94138179999999,
            -27.129691999233632
          ],
          [
            -48.941365700000006,
            -27.129682499233652
          ],
          [
            -48.94135030000001,
            -27.129672499233685
          ],
          [
            -48.94133529999999,
            -27.129661799233677
          ],
          [
            -48.941320800000035,
            -27.129650499233684
          ],
          [
            -48.941306499999996,
            -27.12963839923364
          ],
          [
            -48.941278599999976,
            -27.129611799233682
          ],
          [
            -48.94126469999998,
            -27.12959719923363
          ],
          [
            -48.94123680000001,
            -27.12956539923365
          ],
          [
            -48.94120830000002,
            -27.12953059923368
          ],
          [
            -48.94111600000002,
            -27.129413599233676
          ],
          [
            -48.941069500000026,
            -27.12935609923366
          ],
          [
            -48.941041499999976,
            -27.129322499233666
          ],
          [
            -48.9409847,
            -27.129257899233693
          ],
          [
            -48.94095349999998,
            -27.12921959923366
          ],
          [
            -48.94093129999999,
            -27.12918889923364
          ],
          [
            -48.9408373,
            -27.12905229923368
          ],
          [
            -48.94080389999999,
            -27.12900729923368
          ],
          [
            -48.940785300000016,
            -27.128983899233653
          ],
          [
            -48.94076519999999,
            -27.128959899233642
          ],
          [
            -48.94074310000002,
            -27.128935199233677
          ],
          [
            -48.940719,
            -27.12890979923364
          ],
          [
            -48.94069259999998,
            -27.128883799233652
          ],
          [
            -48.940663700000016,
            -27.12885699923365
          ],
          [
            -48.940632600000015,
            -27.12882979923368
          ],
          [
            -48.94059950000002,
            -27.128802399233656
          ],
          [
            -48.94056490000003,
            -27.128775199233683
          ],
          [
            -48.94052909999999,
            -27.128748299233642
          ],
          [
            -48.940492399999975,
            -27.128722099233677
          ],
          [
            -48.940454999999986,
            -27.128696699233643
          ],
          [
            -48.94041750000003,
            -27.128672599233695
          ],
          [
            -48.94037989999998,
            -27.1286498992337
          ],
          [
            -48.94034260000001,
            -27.128628399233694
          ],
          [
            -48.94019859999998,
            -27.128547999233703
          ],
          [
            -48.94016449999998,
            -27.12852789923367
          ],
          [
            -48.94013159999997,
            -27.128507199233685
          ],
          [
            -48.940099799999984,
            -27.128485699233682
          ],
          [
            -48.94006869999998,
            -27.128463199233675
          ],
          [
            -48.9400071,
            -27.128415199233686
          ],
          [
            -48.93990910000003,
            -27.128334999233672
          ],
          [
            -48.93983489999999,
            -27.128275599233675
          ],
          [
            -48.939753499999995,
            -27.128212499233705
          ],
          [
            -48.939549,
            -27.12805639923368
          ],
          [
            -48.9394777,
            -27.12800069923366
          ],
          [
            -48.939413,
            -27.127948199233682
          ],
          [
            -48.9393521,
            -27.12789639923368
          ],
          [
            -48.93932239999998,
            -27.12787009923369
          ],
          [
            -48.93929259999999,
            -27.127842899233706
          ],
          [
            -48.939232600000025,
            -27.1277859992337
          ],
          [
            -48.93917290000002,
            -27.127727399233724
          ],
          [
            -48.93900330000002,
            -27.127557599233683
          ],
          [
            -48.9388955,
            -27.127450799233713
          ],
          [
            -48.938766799999996,
            -27.12732209923372
          ],
          [
            -48.93867249999999,
            -27.127230799233715
          ],
          [
            -48.93857960000003,
            -27.12714519923368
          ],
          [
            -48.93851890000002,
            -27.1270906992337
          ],
          [
            -48.93847640000002,
            -27.12705339923372
          ],
          [
            -48.938388299999986,
            -27.126977999233713
          ],
          [
            -48.938343299999985,
            -27.126940499233697
          ],
          [
            -48.9382531,
            -27.126867199233708
          ],
          [
            -48.938042800000005,
            -27.126700399233716
          ],
          [
            -48.93797280000001,
            -27.12664199923372
          ],
          [
            -48.937942299999975,
            -27.126614899233704
          ],
          [
            -48.93791479999999,
            -27.126588999233736
          ],
          [
            -48.93788999999998,
            -27.126564199233734
          ],
          [
            -48.93786770000003,
            -27.126540299233707
          ],
          [
            -48.93784770000002,
            -27.126516999233697
          ],
          [
            -48.937829799999975,
            -27.126494099233724
          ],
          [
            -48.93781389999998,
            -27.126471599233714
          ],
          [
            -48.93779949999998,
            -27.12644909923372
          ],
          [
            -48.937786700000004,
            -27.126426399233736
          ],
          [
            -48.93777499999999,
            -27.12640339923374
          ],
          [
            -48.937764300000026,
            -27.126379799233717
          ],
          [
            -48.937754299999995,
            -27.126355399233752
          ],
          [
            -48.937744899999984,
            -27.126329899233696
          ],
          [
            -48.937726399999974,
            -27.126274699233736
          ],
          [
            -48.93770699999999,
            -27.126212499233738
          ],
          [
            -48.93768649999999,
            -27.12614269923372
          ],
          [
            -48.93766610000001,
            -27.126065899233744
          ],
          [
            -48.93765639999997,
            -27.126025199233737
          ],
          [
            -48.93764709999999,
            -27.125982899233723
          ],
          [
            -48.937638600000014,
            -27.125939199233734
          ],
          [
            -48.937630899999995,
            -27.12589419923373
          ],
          [
            -48.937624099999994,
            -27.125847799233707
          ],
          [
            -48.937618300000004,
            -27.125799999233756
          ],
          [
            -48.93761349999999,
            -27.125750599233736
          ],
          [
            -48.937609699999996,
            -27.125699599233748
          ],
          [
            -48.93760709999998,
            -27.125646999233755
          ],
          [
            -48.937605700000006,
            -27.125592699233763
          ],
          [
            -48.93760550000002,
            -27.125536499233746
          ],
          [
            -48.9376067,
            -27.125478499233733
          ],
          [
            -48.93760959999997,
            -27.12541829923371
          ],
          [
            -48.93761469999998,
            -27.125355799233763
          ],
          [
            -48.93762229999999,
            -27.125290699233744
          ],
          [
            -48.937633,
            -27.12522279923376
          ],
          [
            -48.93764709999999,
            -27.12515189923374
          ],
          [
            -48.9376651,
            -27.12507769923377
          ],
          [
            -48.937687400000016,
            -27.124999999233747
          ]
        ]
      },
      "properties": {
        "OBJECTID": 346009,
        "COTRECHO": 344704,
        "COBACIA": "77962513",
        "NORIOCOMP": "Rio Itajaí-mirim",
        "NOORIGINAL": "Rio Itajaí-mirim",
        "NUSTRAHLER": 4,
        "NUTRJUS": 344705,
        "NUCOMPTREC": 2.58978313,
        "NUAREAMONT": 1043.47192866
      }
    },
    {
      "type": "Feature",
      "id": 346010,
      "geometry": {
        "type": "LineString",
        "coordinates": [
          [
            -48.864416800000015,
            -27.033731199235483
          ],
          [
            -48.86435260000002,
            -27.03370569923549
          ],
          [
            -48.86427950000001,
            -27.033677799235534
          ],
          [
            -48.86420659999999,
            -27.0336510992355
          ],
          [
            -48.86413379999999,
            -27.03362549923554
          ],
          [
            -48.8640613,
            -27.03360089923552
          ],
          [
            -48.863988800000016,
            -27.033577299235503
          ],
          [
            -48.86391609999998,
            -27.033554399235516
          ],
          [
            -48.863842499999976,
            -27.033532199235527
          ],
          [
            -48.8637675,
            -27.033510399235517
          ],
          [
            -48.863675899999976,
            -27.033484899235525
          ],
          [
            -48.86352920000002,
            -27.033445799235487
          ],
          [
            -48.86344350000002,
            -27.033423899235512
          ],
          [
            -48.863261799999975,
            -27.033378899235515
          ],
          [
            -48.863073299999996,
            -27.033333799235493
          ],
          [
            -48.86288710000003,
            -27.03329049923553
          ],
          [
            -48.8626319,
            -27.0332326992355
          ],
          [
            -48.862484800000004,
            -27.033200899235517
          ],
          [
            -48.86241740000003,
            -27.03318719923551
          ],
          [
            -48.862353600000006,
            -27.03317499923554
          ],
          [
            -48.86229290000001,
            -27.03316439923549
          ],
          [
            -48.862235000000005,
            -27.03315529923549
          ],
          [
            -48.86217950000003,
            -27.033147999235492
          ],
          [
            -48.86212590000003,
            -27.03314229923552
          ],
          [
            -48.862074199999995,
            -27.033138199235516
          ],
          [
            -48.86202420000001,
            -27.033135499235534
          ],
          [
            -48.861975700000016,
            -27.033134199235523
          ],
          [
            -48.8619286,
            -27.033134099235493
          ],
          [
            -48.86188290000001,
            -27.033135099235494
          ],
          [
            -48.86183829999999,
            -27.033137199235505
          ],
          [
            -48.86179470000002,
            -27.033140099235546
          ],
          [
            -48.86175209999999,
            -27.0331436992355
          ],
          [
            -48.86171039999999,
            -27.03314809923552
          ],
          [
            -48.86163030000001,
            -27.033158199235523
          ],
          [
            -48.8615552,
            -27.0331694992355
          ],
          [
            -48.861391500000025,
            -27.033196899235524
          ],
          [
            -48.86133219999999,
            -27.03320549923552
          ],
          [
            -48.86127269999997,
            -27.033211899235546
          ],
          [
            -48.861242000000004,
            -27.033213999235507
          ],
          [
            -48.86121040000001,
            -27.033215399235537
          ],
          [
            -48.8611444,
            -27.033215999235498
          ],
          [
            -48.86107550000003,
            -27.03321429923551
          ],
          [
            -48.86100460000001,
            -27.033210799235512
          ],
          [
            -48.860857899999985,
            -27.033201499235545
          ],
          [
            -48.860777799999994,
            -27.033197399235515
          ],
          [
            -48.8606888,
            -27.03319489923553
          ],
          [
            -48.860639900000024,
            -27.033194499235496
          ],
          [
            -48.86058780000002,
            -27.033194999235494
          ],
          [
            -48.86053270000003,
            -27.033196199235533
          ],
          [
            -48.860474899999986,
            -27.033198399235523
          ],
          [
            -48.8604148,
            -27.03320139923551
          ],
          [
            -48.860352999999975,
            -27.033205299235526
          ],
          [
            -48.86028970000001,
            -27.033210299235524
          ],
          [
            -48.8602254,
            -27.03321619923554
          ],
          [
            -48.860160500000006,
            -27.03322319923552
          ],
          [
            -48.86009530000001,
            -27.033231299235528
          ],
          [
            -48.86003010000002,
            -27.033240399235517
          ],
          [
            -48.85996519999998,
            -27.033250399235502
          ],
          [
            -48.8599006,
            -27.03326109923552
          ],
          [
            -48.85977380000002,
            -27.03328449923549
          ],
          [
            -48.85971189999998,
            -27.033296899235495
          ],
          [
            -48.8595924,
            -27.03332249923551
          ],
          [
            -48.859480000000026,
            -27.03334859923552
          ],
          [
            -48.859427200000034,
            -27.033361599235484
          ],
          [
            -48.8593295,
            -27.033386799235537
          ],
          [
            -48.85924430000001,
            -27.0334101992355
          ],
          [
            -48.85907580000003,
            -27.03345979923551
          ],
          [
            -48.859009699999994,
            -27.033477899235482
          ],
          [
            -48.858934100000006,
            -27.03349609923548
          ],
          [
            -48.8588919,
            -27.033505199235496
          ],
          [
            -48.85884690000001,
            -27.0335140992355
          ],
          [
            -48.8587996,
            -27.033522599235535
          ],
          [
            -48.8587501,
            -27.03353059923552
          ],
          [
            -48.85869889999998,
            -27.033537699235524
          ],
          [
            -48.85864609999999,
            -27.033543999235516
          ],
          [
            -48.85859210000001,
            -27.033549199235495
          ],
          [
            -48.85853709999998,
            -27.03355309923552
          ],
          [
            -48.85848140000002,
            -27.03355589923552
          ],
          [
            -48.858425300000015,
            -27.033557699235523
          ],
          [
            -48.85836899999998,
            -27.03355869923552
          ],
          [
            -48.8581906,
            -27.033557899235515
          ],
          [
            -48.858039899999994,
            -27.033555599235513
          ],
          [
            -48.857937,
            -27.03355219923547
          ],
          [
            -48.85788689999999,
            -27.033549499235495
          ],
          [
            -48.85783759999998,
            -27.03354609923554
          ],
          [
            -48.857789000000025,
            -27.033541699235514
          ],
          [
            -48.8577411,
            -27.03353619923552
          ],
          [
            -48.85769390000001,
            -27.03352939923553
          ],
          [
            -48.85764740000001,
            -27.033521399235493
          ],
          [
            -48.85760140000003,
            -27.033511999235493
          ],
          [
            -48.85755599999999,
            -27.0335011992355
          ],
          [
            -48.85751110000001,
            -27.03348899923548
          ],
          [
            -48.857466699999975,
            -27.0334753992355
          ],
          [
            -48.85742290000002,
            -27.03346029923551
          ],
          [
            -48.85737940000001,
            -27.033443599235515
          ],
          [
            -48.85733640000001,
            -27.033425399235522
          ],
          [
            -48.8572939,
            -27.033405599235493
          ],
          [
            -48.85725230000002,
            -27.033384399235505
          ],
          [
            -48.857211500000005,
            -27.03336169923552
          ],
          [
            -48.8571718,
            -27.03333749923554
          ],
          [
            -48.857133400000016,
            -27.033311899235517
          ],
          [
            -48.85709639999999,
            -27.033284999235487
          ],
          [
            -48.85706110000001,
            -27.033256699235498
          ],
          [
            -48.857027500000015,
            -27.03322709923549
          ],
          [
            -48.85699540000002,
            -27.033195899235526
          ],
          [
            -48.85696489999998,
            -27.03316259923554
          ],
          [
            -48.856935599999986,
            -27.033126899235526
          ],
          [
            -48.85690749999998,
            -27.033088499235543
          ],
          [
            -48.85688040000002,
            -27.03304709923549
          ],
          [
            -48.85685399999999,
            -27.033002099235492
          ],
          [
            -48.85682839999998,
            -27.032953399235513
          ],
          [
            -48.8568032,
            -27.03290069923555
          ],
          [
            -48.8567787,
            -27.032844299235542
          ],
          [
            -48.85675500000002,
            -27.03278489923554
          ],
          [
            -48.85673229999998,
            -27.032723099235525
          ],
          [
            -48.85671079999997,
            -27.032659299235497
          ],
          [
            -48.85669050000001,
            -27.032594199235536
          ],
          [
            -48.85667180000002,
            -27.03252839923552
          ],
          [
            -48.856654600000006,
            -27.03246229923555
          ],
          [
            -48.85663920000002,
            -27.032396499235542
          ],
          [
            -48.85662530000001,
            -27.032331299235533
          ],
          [
            -48.85661249999998,
            -27.03226679923553
          ],
          [
            -48.856567600000005,
            -27.032019099235562
          ],
          [
            -48.85655639999999,
            -27.03196059923552
          ],
          [
            -48.85654460000001,
            -27.03190389923552
          ],
          [
            -48.85653230000002,
            -27.031848699235546
          ],
          [
            -48.856519299999995,
            -27.031795199235518
          ],
          [
            -48.85650579999998,
            -27.03174319923553
          ],
          [
            -48.85649169999999,
            -27.03169269923555
          ],
          [
            -48.856477100000006,
            -27.031643499235518
          ],
          [
            -48.85646200000002,
            -27.031595599235555
          ],
          [
            -48.85644630000001,
            -27.031548899235567
          ],
          [
            -48.85643010000002,
            -27.031503499235537
          ],
          [
            -48.85641340000001,
            -27.031459199235524
          ],
          [
            -48.8563962,
            -27.03141619923557
          ],
          [
            -48.85637830000002,
            -27.031374499235575
          ],
          [
            -48.85635980000001,
            -27.031334199235562
          ],
          [
            -48.85634060000001,
            -27.031295199235533
          ],
          [
            -48.85632079999999,
            -27.031257699235578
          ],
          [
            -48.85630029999999,
            -27.031221599235536
          ],
          [
            -48.85627899999997,
            -27.031187099235567
          ],
          [
            -48.856256599999995,
            -27.031153599235527
          ],
          [
            -48.856232999999975,
            -27.03112079923555
          ],
          [
            -48.85620779999999,
            -27.031088299235588
          ],
          [
            -48.85618069999998,
            -27.03105559923555
          ],
          [
            -48.85615150000002,
            -27.03102229923558
          ],
          [
            -48.85611979999999,
            -27.03098809923556
          ],
          [
            -48.856085500000006,
            -27.030952399235552
          ],
          [
            -48.85600849999998,
            -27.030875899235586
          ],
          [
            -48.85578659999998,
            -27.03066179923558
          ],
          [
            -48.85569509999999,
            -27.030570899235553
          ],
          [
            -48.85565009999999,
            -27.030524699235563
          ],
          [
            -48.8556054,
            -27.030477699235572
          ],
          [
            -48.85556109999999,
            -27.030429599235564
          ],
          [
            -48.85551709999998,
            -27.03038039923559
          ],
          [
            -48.855473399999994,
            -27.030329799235577
          ],
          [
            -48.85542980000002,
            -27.030277599235557
          ],
          [
            -48.85539299999999,
            -27.030231799235597
          ],
          [
            -48.85534310000003,
            -27.03016769923557
          ],
          [
            -48.855256199999985,
            -27.030051199235583
          ],
          [
            -48.85512349999999,
            -27.029869899235578
          ],
          [
            -48.85507819999998,
            -27.029809099235603
          ],
          [
            -48.85503219999998,
            -27.029748699235608
          ],
          [
            -48.85498530000001,
            -27.029688899235577
          ],
          [
            -48.85493760000003,
            -27.02962989923556
          ],
          [
            -48.8548892,
            -27.029571799235573
          ],
          [
            -48.85484009999999,
            -27.029514699235573
          ],
          [
            -48.85479029999999,
            -27.029458499235563
          ],
          [
            -48.854740100000015,
            -27.029403499235595
          ],
          [
            -48.85468930000002,
            -27.029349599235584
          ],
          [
            -48.85463809999999,
            -27.029296999235584
          ],
          [
            -48.85458649999999,
            -27.029245599235615
          ],
          [
            -48.854534399999984,
            -27.02919529923562
          ],
          [
            -48.854481799999974,
            -27.02914579923557
          ],
          [
            -48.854398,
            -27.02906969923557
          ],
          [
            -48.85433929999999,
            -27.02901729923562
          ]
        ]
      },
      "properties": {
        "OBJECTID": 346010,
        "COTRECHO": 344702,
        "COBACIA": "77962377",
        "NORIOCOMP": "Rio Itajaí-mirim",
        "NOORIGINAL": "Rio Itajaí-mirim",
        "NUSTRAHLER": 4,
        "NUTRJUS": 344703,
        "NUCOMPTREC": 1.30811342,
        "NUAREAMONT": 1355.35549299
      }
    },
    {
      "type": "Feature",
      "id": 346012,
      "geometry": {
        "type": "LineString",
        "coordinates": [
          [
            -48.937687400000016,
            -27.124999999233747
          ],
          [
            -48.93774350000001,
            -27.124882499233756
          ],
          [
            -48.937946300000014,
            -27.12466009923379
          ],
          [
            -48.93808450000001,
            -27.124523899233743
          ],
          [
            -48.9382038,
            -27.124388199233756
          ],
          [
            -48.938286000000005,
            -27.124261099233777
          ],
          [
            -48.9383396,
            -27.12413179923375
          ],
          [
            -48.93834950000002,
            -27.12403849923375
          ],
          [
            -48.9383378,
            -27.123877899233793
          ],
          [
            -48.93827490000001,
            -27.12373399923378
          ],
          [
            -48.93820229999999,
            -27.123558799233777
          ],
          [
            -48.938082099999974,
            -27.12340859923378
          ],
          [
            -48.93791909999999,
            -27.123223799233784
          ],
          [
            -48.937809200000004,
            -27.12307009923379
          ],
          [
            -48.937691700000016,
            -27.122883299233795
          ],
          [
            -48.93756969999998,
            -27.12270859923381
          ],
          [
            -48.9375,
            -27.122513099233785
          ],
          [
            -48.937458400000025,
            -27.122446199233806
          ],
          [
            -48.9373966,
            -27.122331099233797
          ],
          [
            -48.93730290000002,
            -27.122149799233796
          ],
          [
            -48.93722330000003,
            -27.121995899233795
          ],
          [
            -48.937143100000014,
            -27.121873699233795
          ],
          [
            -48.93706290000001,
            -27.12175139923381
          ],
          [
            -48.93694740000001,
            -27.12162859923382
          ],
          [
            -48.936826199999985,
            -27.121495199233834
          ],
          [
            -48.9367466,
            -27.121341299233805
          ],
          [
            -48.936626999999994,
            -27.121162199233833
          ],
          [
            -48.936501799999974,
            -27.120962899233817
          ],
          [
            -48.93634450000002,
            -27.120707099233837
          ],
          [
            -48.93625170000001,
            -27.120550999233814
          ],
          [
            -48.93612919999998,
            -27.120356099233828
          ],
          [
            -48.936039400000034,
            -27.120158899233818
          ],
          [
            -48.9360097,
            -27.120025299233852
          ],
          [
            -48.93595399999998,
            -27.119716299233843
          ],
          [
            -48.93594350000001,
            -27.119494099233858
          ],
          [
            -48.93596059999999,
            -27.119305999233852
          ],
          [
            -48.93599649999999,
            -27.119115899233854
          ],
          [
            -48.9360332,
            -27.118886499233845
          ],
          [
            -48.936096299999974,
            -27.118612399233893
          ],
          [
            -48.9361318,
            -27.118506499233906
          ],
          [
            -48.93614530000002,
            -27.118465999233887
          ],
          [
            -48.9362132,
            -27.118303399233874
          ],
          [
            -48.93635230000001,
            -27.11804849923386
          ],
          [
            -48.9364539,
            -27.117827199233908
          ],
          [
            -48.93649080000001,
            -27.117709599233905
          ],
          [
            -48.936557100000016,
            -27.117503399233865
          ],
          [
            -48.93661919999999,
            -27.11727849923389
          ],
          [
            -48.93665229999999,
            -27.117117299233907
          ],
          [
            -48.936653400000004,
            -27.116957399233893
          ],
          [
            -48.93664200000001,
            -27.11681539923391
          ],
          [
            -48.936625299999996,
            -27.11670669923392
          ],
          [
            -48.93658090000002,
            -27.11658409923393
          ],
          [
            -48.93652750000002,
            -27.11644149923392
          ],
          [
            -48.936476099999986,
            -27.11632189923392
          ],
          [
            -48.93639259999998,
            -27.11616629923389
          ],
          [
            -48.93634559999998,
            -27.11605839923391
          ],
          [
            -48.93629040000002,
            -27.11589069923395
          ],
          [
            -48.93627479999998,
            -27.11572359923394
          ],
          [
            -48.93629199999998,
            -27.11554659923394
          ],
          [
            -48.93631579999998,
            -27.11540599923393
          ],
          [
            -48.9363411,
            -27.11530299923391
          ],
          [
            -48.93645650000001,
            -27.115042699233946
          ],
          [
            -48.936506099999974,
            -27.11495629923396
          ],
          [
            -48.9365952,
            -27.11484489923392
          ],
          [
            -48.93671629999999,
            -27.114703299233913
          ],
          [
            -48.93679479999997,
            -27.11460109923396
          ],
          [
            -48.93687319999998,
            -27.114503499233965
          ],
          [
            -48.93696720000002,
            -27.11438489923396
          ],
          [
            -48.93706789999999,
            -27.114273999233976
          ],
          [
            -48.9371415,
            -27.114180599233947
          ],
          [
            -48.937228800000014,
            -27.11406239923397
          ],
          [
            -48.9372932,
            -27.113975399233976
          ],
          [
            -48.93733370000001,
            -27.11392019923396
          ],
          [
            -48.93738889999998,
            -27.11386359923396
          ],
          [
            -48.93745319999999,
            -27.11381029923397
          ],
          [
            -48.93750010000002,
            -27.11377129923396
          ],
          [
            -48.93758939999998,
            -27.113690799233943
          ],
          [
            -48.93763510000002,
            -27.113658899233982
          ],
          [
            -48.937708799999996,
            -27.113607399233945
          ],
          [
            -48.937951399999974,
            -27.113506799233942
          ],
          [
            -48.9381214,
            -27.11345569923394
          ],
          [
            -48.938307699999996,
            -27.113427299233976
          ],
          [
            -48.93845750000003,
            -27.11341799923399
          ],
          [
            -48.93853619999998,
            -27.113435299233966
          ],
          [
            -48.9386503,
            -27.11347279923398
          ],
          [
            -48.93873860000002,
            -27.113515599234006
          ],
          [
            -48.93885690000001,
            -27.11360729923398
          ],
          [
            -48.93893580000002,
            -27.113663899233973
          ],
          [
            -48.939110200000016,
            -27.113816899233978
          ],
          [
            -48.939200099999994,
            -27.113910499233928
          ],
          [
            -48.939299399999975,
            -27.114055099233934
          ],
          [
            -48.93937570000003,
            -27.11419749923395
          ],
          [
            -48.939460699999984,
            -27.114347599233923
          ],
          [
            -48.939701300000024,
            -27.114751199233943
          ],
          [
            -48.93990739999998,
            -27.11501359923393
          ],
          [
            -48.93999919999999,
            -27.11512319923397
          ],
          [
            -48.940051700000026,
            -27.11517799923395
          ],
          [
            -48.94012470000001,
            -27.115238199233954
          ],
          [
            -48.94021140000001,
            -27.11529859923394
          ],
          [
            -48.94028179999998,
            -27.115338799233935
          ],
          [
            -48.940388100000014,
            -27.115398499233955
          ],
          [
            -48.94054,
            -27.115449699233924
          ],
          [
            -48.940648099999976,
            -27.115458399233955
          ],
          [
            -48.940807500000005,
            -27.115468899233928
          ],
          [
            -48.94090920000002,
            -27.115474499233937
          ],
          [
            -48.94100079999999,
            -27.115457499233923
          ],
          [
            -48.94119189999998,
            -27.11541439923396
          ],
          [
            -48.94147989999999,
            -27.115282599233932
          ],
          [
            -48.9417274,
            -27.115154699233944
          ],
          [
            -48.94181120000002,
            -27.115120199233914
          ],
          [
            -48.941857399999996,
            -27.115086299233905
          ],
          [
            -48.94220360000003,
            -27.114823599233958
          ],
          [
            -48.94274810000002,
            -27.11449199923393
          ],
          [
            -48.943105600000024,
            -27.114225599233936
          ],
          [
            -48.94330860000002,
            -27.113985799233976
          ],
          [
            -48.94347920000001,
            -27.11372429923396
          ],
          [
            -48.94359459999998,
            -27.11350319923399
          ],
          [
            -48.94362119999999,
            -27.113444899233954
          ],
          [
            -48.94367369999998,
            -27.11336419923394
          ],
          [
            -48.943722599999994,
            -27.113278599233976
          ],
          [
            -48.94389080000003,
            -27.11297349923398
          ],
          [
            -48.94401929999998,
            -27.11272279923395
          ],
          [
            -48.944123199999986,
            -27.112421199234017
          ],
          [
            -48.944152499999966,
            -27.112212099234004
          ],
          [
            -48.94414330000001,
            -27.112021299233977
          ],
          [
            -48.94409780000001,
            -27.111769399234007
          ],
          [
            -48.9440566,
            -27.111667599233982
          ],
          [
            -48.9440065,
            -27.111554799234028
          ],
          [
            -48.943966699999976,
            -27.111468299234016
          ],
          [
            -48.94391949999999,
            -27.11135109923398
          ],
          [
            -48.94369440000003,
            -27.110939699234027
          ],
          [
            -48.94353910000001,
            -27.110648199234035
          ],
          [
            -48.943294200000025,
            -27.11011219923403
          ],
          [
            -48.9431429,
            -27.109855699234057
          ],
          [
            -48.94290080000002,
            -27.10950899923405
          ],
          [
            -48.942638499999994,
            -27.10917209923408
          ],
          [
            -48.94254769999998,
            -27.10908029923407
          ],
          [
            -48.94248240000002,
            -27.10902259923406
          ],
          [
            -48.942394499999985,
            -27.108935999234088
          ],
          [
            -48.94210149999998,
            -27.108694199234062
          ],
          [
            -48.94135669999998,
            -27.10815239923406
          ],
          [
            -48.941185899999994,
            -27.108037199234087
          ],
          [
            -48.941073500000016,
            -27.10797749923408
          ],
          [
            -48.940967500000006,
            -27.10789979923406
          ],
          [
            -48.94049949999999,
            -27.10766629923408
          ],
          [
            -48.9398314,
            -27.107345599234066
          ],
          [
            -48.93947980000002,
            -27.10717949923405
          ],
          [
            -48.9393015,
            -27.10710159923411
          ],
          [
            -48.93909689999999,
            -27.10697659923408
          ],
          [
            -48.93867230000001,
            -27.106687599234085
          ],
          [
            -48.93799119999999,
            -27.10629329923412
          ],
          [
            -48.937615100000016,
            -27.106036899234095
          ],
          [
            -48.93750010000002,
            -27.105969699234116
          ],
          [
            -48.93709030000002,
            -27.105725499234133
          ],
          [
            -48.93690900000002,
            -27.10561609923414
          ],
          [
            -48.93664339999997,
            -27.105419999234105
          ],
          [
            -48.93637109999998,
            -27.10523729923413
          ],
          [
            -48.936139500000024,
            -27.10506189923414
          ],
          [
            -48.93590210000002,
            -27.104866199234145
          ],
          [
            -48.9357091,
            -27.10461869923415
          ],
          [
            -48.93555079999999,
            -27.104371699234143
          ],
          [
            -48.93534890000001,
            -27.10407999923417
          ],
          [
            -48.9351848,
            -27.103796099234163
          ],
          [
            -48.9350738,
            -27.10346039923418
          ],
          [
            -48.935048800000004,
            -27.103144099234175
          ],
          [
            -48.93507169999999,
            -27.102841499234174
          ],
          [
            -48.93513230000002,
            -27.102496699234187
          ],
          [
            -48.93519939999999,
            -27.10215399923417
          ],
          [
            -48.935245899999984,
            -27.101865999234164
          ],
          [
            -48.93523790000001,
            -27.101592099234196
          ],
          [
            -48.935202000000004,
            -27.10130219923422
          ],
          [
            -48.935163699999976,
            -27.101017199234207
          ],
          [
            -48.9350988,
            -27.10076379923419
          ],
          [
            -48.934958800000004,
            -27.100586999234235
          ],
          [
            -48.934723899999995,
            -27.100359499234244
          ],
          [
            -48.93457139999998,
            -27.1002717992342
          ],
          [
            -48.9344724,
            -27.100221799234212
          ],
          [
            -48.93437979999999,
            -27.10018349923424
          ],
          [
            -48.93426119999998,
            -27.10014099923423
          ],
          [
            -48.93413370000002,
            -27.100106099234235
          ],
          [
            -48.93392619999997,
            -27.10005839923425
          ],
          [
            -48.9336328,
            -27.099962799234248
          ],
          [
            -48.93344080000003,
            -27.099864299234213
          ],
          [
            -48.93318649999997,
            -27.09976739923425
          ],
          [
            -48.93290270000001,
            -27.099615599234227
          ],
          [
            -48.9326117,
            -27.099465099234216
          ],
          [
            -48.93235629999998,
            -27.099309899234214
          ],
          [
            -48.93215950000001,
            -27.09914969923424
          ],
          [
            -48.93197370000001,
            -27.09898379923423
          ],
          [
            -48.931842599999975,
            -27.098872199234275
          ],
          [
            -48.93180410000002,
            -27.098842499234244
          ],
          [
            -48.9317226,
            -27.09879079923427
          ],
          [
            -48.93166259999998,
            -27.098743299234272
          ],
          [
            -48.93160519999998,
            -27.098680399234226
          ],
          [
            -48.93142260000002,
            -27.098574799234253
          ],
          [
            -48.93115540000002,
            -27.09846789923425
          ],
          [
            -48.93099769999998,
            -27.09838909923427
          ],
          [
            -48.93078029999998,
            -27.098288899234262
          ],
          [
            -48.9305822,
            -27.098202399234257
          ],
          [
            -48.930334500000015,
            -27.09809779923426
          ],
          [
            -48.93012979999997,
            -27.098013199234288
          ],
          [
            -48.92987840000001,
            -27.097871699234265
          ]
        ]
      },
      "properties": {
        "OBJECTID": 346012,
        "COTRECHO": 344705,
        "COBACIA": "77962511",
        "NORIOCOMP": "Rio Itajaí-mirim",
        "NOORIGINAL": "Rio Itajaí-mirim",
        "NUSTRAHLER": 4,
        "NUTRJUS": 344711,
        "NUCOMPTREC": 4.65034611,
        "NUAREAMONT": 1087.6769872
      }
    },
    {
      "type": "Feature",
      "id": 346014,
      "geometry": {
        "type": "LineString",
        "coordinates": [
          [
            -49.117915400000015,
            -27.185447699232583
          ],
          [
            -49.11775269999998,
            -27.18526459923257
          ],
          [
            -49.117401400000006,
            -27.184880599232578
          ],
          [
            -49.117241200000024,
            -27.184681899232586
          ],
          [
            -49.117073500000004,
            -27.18462019923258
          ],
          [
            -49.116899699999976,
            -27.18462699923258
          ],
          [
            -49.116667800000016,
            -27.18473819923262
          ],
          [
            -49.116333,
            -27.18489369923257
          ],
          [
            -49.116167399999995,
            -27.18501479923257
          ],
          [
            -49.11607220000002,
            -27.185205499232577
          ],
          [
            -49.116037300000016,
            -27.185456399232613
          ],
          [
            -49.11593540000001,
            -27.18574299923258
          ],
          [
            -49.115810599999975,
            -27.1858737992326
          ],
          [
            -49.1156398,
            -27.185999499232558
          ],
          [
            -49.115402399999994,
            -27.18613339923259
          ],
          [
            -49.115254499999985,
            -27.186199499232558
          ],
          [
            -49.114836000000025,
            -27.18638629923256
          ],
          [
            -49.11455819999998,
            -27.186496899232576
          ],
          [
            -49.114429200000025,
            -27.186533699232555
          ],
          [
            -49.11397090000003,
            -27.186470699232537
          ],
          [
            -49.11380289999999,
            -27.186427299232566
          ],
          [
            -49.113651600000026,
            -27.186306399232553
          ],
          [
            -49.11346630000003,
            -27.186084599232593
          ],
          [
            -49.11337150000002,
            -27.185946199232564
          ],
          [
            -49.11331319999999,
            -27.185767099232596
          ],
          [
            -49.113095999999985,
            -27.18530719923261
          ],
          [
            -49.11299270000001,
            -27.18506809923262
          ],
          [
            -49.11290969999999,
            -27.184838499232605
          ],
          [
            -49.11290839999998,
            -27.18461449923261
          ],
          [
            -49.11291779999999,
            -27.184358699232614
          ],
          [
            -49.11297710000002,
            -27.184176699232616
          ],
          [
            -49.113091,
            -27.184091399232607
          ],
          [
            -49.11323010000001,
            -27.184020099232605
          ],
          [
            -49.113288399999995,
            -27.183897499232614
          ],
          [
            -49.11330750000002,
            -27.18367379923263
          ],
          [
            -49.11323659999999,
            -27.183330099232617
          ],
          [
            -49.11308739999998,
            -27.182784199232643
          ],
          [
            -49.112984299999994,
            -27.182531399232666
          ],
          [
            -49.11280190000002,
            -27.182437499232634
          ],
          [
            -49.1127113,
            -27.182432099232685
          ],
          [
            -49.11260789999999,
            -27.182425799232618
          ],
          [
            -49.11217859999999,
            -27.18242909923263
          ],
          [
            -49.111114999999984,
            -27.182460499232644
          ],
          [
            -49.11036619999999,
            -27.182619499232626
          ],
          [
            -49.11029309999998,
            -27.18264729923262
          ],
          [
            -49.10943520000001,
            -27.182972599232674
          ],
          [
            -49.10890039999998,
            -27.183171099232624
          ],
          [
            -49.108265500000016,
            -27.183480699232632
          ],
          [
            -49.10798829999998,
            -27.183615799232605
          ],
          [
            -49.10747329999998,
            -27.183846499232637
          ],
          [
            -49.107059900000024,
            -27.184115199232618
          ],
          [
            -49.10645540000001,
            -27.18450459923263
          ],
          [
            -49.106116199999974,
            -27.184618899232575
          ],
          [
            -49.10595760000002,
            -27.184625899232625
          ],
          [
            -49.10578340000001,
            -27.18465099923257
          ],
          [
            -49.105572900000034,
            -27.184707499232598
          ],
          [
            -49.10534539999997,
            -27.184864399232573
          ],
          [
            -49.10513099999997,
            -27.18514949923262
          ],
          [
            -49.10507100000001,
            -27.185377199232594
          ],
          [
            -49.10511630000001,
            -27.185498899232613
          ],
          [
            -49.10520789999998,
            -27.185739999232588
          ],
          [
            -49.10541790000002,
            -27.186017099232593
          ],
          [
            -49.10564290000002,
            -27.186312699232545
          ],
          [
            -49.10583489999999,
            -27.186439399232555
          ],
          [
            -49.10601059999999,
            -27.18655529923257
          ],
          [
            -49.106253200000026,
            -27.18671629923257
          ],
          [
            -49.106471,
            -27.186760399232583
          ],
          [
            -49.106720199999984,
            -27.186756899232538
          ],
          [
            -49.10695049999998,
            -27.186739399232586
          ],
          [
            -49.10714969999998,
            -27.18674209923256
          ],
          [
            -49.1073207,
            -27.186830099232566
          ],
          [
            -49.107534799999996,
            -27.18709349923256
          ],
          [
            -49.10773540000002,
            -27.18747329923258
          ],
          [
            -49.10789729999999,
            -27.187869699232554
          ],
          [
            -49.10802899999999,
            -27.188015399232523
          ],
          [
            -49.108093499999995,
            -27.188159899232552
          ],
          [
            -49.108102900000006,
            -27.188180899232563
          ],
          [
            -49.1081221,
            -27.188407399232545
          ],
          [
            -49.1080973,
            -27.188739599232544
          ],
          [
            -49.108061799999966,
            -27.18902709923249
          ],
          [
            -49.108001100000024,
            -27.189218199232542
          ],
          [
            -49.1079249,
            -27.189412599232533
          ],
          [
            -49.10786380000002,
            -27.189631099232496
          ],
          [
            -49.10785040000001,
            -27.1899668992325
          ],
          [
            -49.107814200000014,
            -27.190298899232516
          ],
          [
            -49.10779880000001,
            -27.19052829923248
          ],
          [
            -49.10773089999998,
            -27.190691899232473
          ],
          [
            -49.10755660000001,
            -27.190795799232475
          ],
          [
            -49.10736020000002,
            -27.190847999232496
          ],
          [
            -49.10718750000001,
            -27.190862799232466
          ],
          [
            -49.106867799999975,
            -27.190728299232475
          ],
          [
            -49.1065903,
            -27.190587399232516
          ],
          [
            -49.10638440000002,
            -27.190522899232516
          ],
          [
            -49.10627440000002,
            -27.19045289923252
          ],
          [
            -49.106135600000016,
            -27.190272799232496
          ],
          [
            -49.10598829999997,
            -27.190147399232494
          ],
          [
            -49.10558070000002,
            -27.189764799232478
          ],
          [
            -49.10543389999999,
            -27.18960509923251
          ],
          [
            -49.10537440000002,
            -27.18950149923251
          ],
          [
            -49.10537549999998,
            -27.18943639923249
          ],
          [
            -49.10537340000001,
            -27.189330099232524
          ],
          [
            -49.105326400000024,
            -27.189164899232498
          ],
          [
            -49.10517700000002,
            -27.1889297992325
          ],
          [
            -49.10506959999998,
            -27.188708999232553
          ],
          [
            -49.10493769999999,
            -27.188573499232543
          ],
          [
            -49.10475489999999,
            -27.18850589923252
          ],
          [
            -49.10459020000002,
            -27.18850029923251
          ],
          [
            -49.10416700000002,
            -27.188587099232535
          ],
          [
            -49.10385819999998,
            -27.188713199232517
          ],
          [
            -49.103726300000005,
            -27.188810799232524
          ],
          [
            -49.103459199999975,
            -27.189187699232512
          ],
          [
            -49.10335459999998,
            -27.189480999232515
          ],
          [
            -49.10326409999999,
            -27.19007279923249
          ],
          [
            -49.10319579999998,
            -27.190709499232515
          ],
          [
            -49.10318849999999,
            -27.191144699232474
          ],
          [
            -49.103173500000025,
            -27.191350199232467
          ],
          [
            -49.103135000000016,
            -27.19158619923249
          ],
          [
            -49.10293619999999,
            -27.192008499232447
          ],
          [
            -49.10275969999998,
            -27.192242699232466
          ],
          [
            -49.10252650000001,
            -27.19243489923247
          ],
          [
            -49.10226019999999,
            -27.192537599232434
          ],
          [
            -49.102114099999994,
            -27.19258869923243
          ],
          [
            -49.10200570000001,
            -27.192626699232463
          ],
          [
            -49.10185180000002,
            -27.192658899232477
          ],
          [
            -49.101675100000016,
            -27.192680499232445
          ],
          [
            -49.10146509999999,
            -27.192636499232442
          ],
          [
            -49.10104669999998,
            -27.19244229923244
          ],
          [
            -49.100771699999996,
            -27.192380299232482
          ],
          [
            -49.10035840000001,
            -27.192340399232428
          ],
          [
            -49.10005619999998,
            -27.192301999232438
          ],
          [
            -49.09978539999997,
            -27.192222899232448
          ],
          [
            -49.09943140000002,
            -27.19207759923246
          ],
          [
            -49.09935250000001,
            -27.19204439923244
          ],
          [
            -49.0991535,
            -27.191960699232443
          ],
          [
            -49.09898320000002,
            -27.19187329923246
          ],
          [
            -49.098965299999975,
            -27.19180629923247
          ],
          [
            -49.09899819999998,
            -27.191629499232445
          ],
          [
            -49.099062300000014,
            -27.19146589923249
          ],
          [
            -49.09945640000001,
            -27.191052999232504
          ],
          [
            -49.099775299999976,
            -27.19078659923251
          ],
          [
            -49.0998803,
            -27.190698899232455
          ],
          [
            -49.09989719999999,
            -27.19060309923246
          ],
          [
            -49.099847599999976,
            -27.19036249923249
          ],
          [
            -49.099772700000024,
            -27.190035799232472
          ],
          [
            -49.09968900000001,
            -27.189767299232543
          ],
          [
            -49.099605300000015,
            -27.18950909923251
          ],
          [
            -49.09959309999999,
            -27.189323799232525
          ],
          [
            -49.09965410000001,
            -27.189115599232505
          ],
          [
            -49.099760300000014,
            -27.188955899232518
          ],
          [
            -49.099861299999986,
            -27.188878399232543
          ],
          [
            -49.100015299999995,
            -27.188839399232528
          ],
          [
            -49.10017729999998,
            -27.188776399232516
          ],
          [
            -49.1003328,
            -27.18864829923254
          ],
          [
            -49.100506499999995,
            -27.188478999232505
          ],
          [
            -49.10052460000003,
            -27.188414399232535
          ],
          [
            -49.10051120000002,
            -27.188301099232522
          ],
          [
            -49.10040299999997,
            -27.188124799232554
          ],
          [
            -49.100086799999985,
            -27.187784599232526
          ],
          [
            -49.099882999999984,
            -27.18759669923251
          ],
          [
            -49.09970850000003,
            -27.187491499232564
          ],
          [
            -49.0995183,
            -27.18740319923255
          ],
          [
            -49.09923079999999,
            -27.187179999232566
          ],
          [
            -49.09912209999999,
            -27.18703449923254
          ],
          [
            -49.09905509999999,
            -27.18691709923258
          ],
          [
            -49.099012500000015,
            -27.18671429923256
          ],
          [
            -49.09898720000001,
            -27.186242699232547
          ],
          [
            -49.098998800000004,
            -27.185716599232556
          ],
          [
            -49.09895920000003,
            -27.185335499232597
          ],
          [
            -49.098877500000015,
            -27.1849539992326
          ],
          [
            -49.098789899999986,
            -27.184695699232627
          ],
          [
            -49.09862879999997,
            -27.184480999232612
          ],
          [
            -49.09841690000002,
            -27.1843135992326
          ],
          [
            -49.09809419999999,
            -27.18413089923263
          ],
          [
            -49.09764630000001,
            -27.184031799232635
          ],
          [
            -49.097237600000035,
            -27.18401649923259
          ],
          [
            -49.09685350000001,
            -27.184062699232648
          ],
          [
            -49.09684370000002,
            -27.1840634992326
          ],
          [
            -49.0960551,
            -27.184127299232618
          ],
          [
            -49.09533040000002,
            -27.18414479923262
          ],
          [
            -49.09484370000002,
            -27.184141599232586
          ],
          [
            -49.094534300000014,
            -27.184221499232592
          ],
          [
            -49.09435180000003,
            -27.184349899232576
          ],
          [
            -49.09416670000001,
            -27.184506099232628
          ],
          [
            -49.09367750000002,
            -27.18509589923261
          ],
          [
            -49.09335499999997,
            -27.185578199232594
          ],
          [
            -49.09316510000002,
            -27.185928699232548
          ],
          [
            -49.093107599999996,
            -27.186154199232547
          ],
          [
            -49.09313309999999,
            -27.186272699232592
          ],
          [
            -49.09324520000001,
            -27.18640279923256
          ],
          [
            -49.0934843,
            -27.18653979923256
          ],
          [
            -49.09359699999999,
            -27.186674999232537
          ],
          [
            -49.09368760000001,
            -27.186758499232557
          ],
          [
            -49.09375160000002,
            -27.186824499232557
          ],
          [
            -49.093873900000006,
            -27.186846699232547
          ],
          [
            -49.09409290000002,
            -27.186815399232557
          ],
          [
            -49.09425829999998,
            -27.186783399232585
          ],
          [
            -49.094392400000004,
            -27.18678519923253
          ],
          [
            -49.09451419999999,
            -27.18683489923257
          ],
          [
            -49.09463899999997,
            -27.18693939923258
          ],
          [
            -49.0947367,
            -27.187050399232533
          ],
          [
            -49.09481610000001,
            -27.187116599232578
          ],
          [
            -49.09485319999999,
            -27.18718909923256
          ],
          [
            -49.094859299999996,
            -27.187281699232585
          ],
          [
            -49.094855300000006,
            -27.187514799232527
          ],
          [
            -49.09490169999999,
            -27.187721099232526
          ],
          [
            -49.09498100000002,
            -27.18801689923251
          ],
          [
            -49.09515520000002,
            -27.188365499232507
          ],
          [
            -49.09518650000002,
            -27.18855099923254
          ],
          [
            -49.09520359999999,
            -27.188674699232493
          ],
          [
            -49.09519319999998,
            -27.18883559923253
          ],
          [
            -49.09505360000003,
            -27.18915599923254
          ],
          [
            -49.094955500000026,
            -27.189291699232527
          ],
          [
            -49.094789100000014,
            -27.18938199923253
          ],
          [
            -49.0946538,
            -27.18944869923253
          ],
          [
            -49.094490399999984,
            -27.189590499232512
          ],
          [
            -49.094349299999976,
            -27.189770199232502
          ],
          [
            -49.094154300000014,
            -27.189969799232465
          ],
          [
            -49.093818399999975,
            -27.19033889923247
          ],
          [
            -49.09338330000003,
            -27.19067579923249
          ],
          [
            -49.09311580000002,
            -27.19085039923247
          ],
          [
            -49.09274859999999,
            -27.19103389923246
          ],
          [
            -49.09252570000001,
            -27.19106509923249
          ],
          [
            -49.09231569999997,
            -27.191017699232457
          ],
          [
            -49.092056000000014,
            -27.190962799232498
          ],
          [
            -49.09176509999997,
            -27.19093479923247
          ],
          [
            -49.091500999999994,
            -27.19091409923247
          ],
          [
            -49.09130099999999,
            -27.190949099232483
          ],
          [
            -49.0909585,
            -27.19109919923247
          ],
          [
            -49.090883899999994,
            -27.191131899232502
          ],
          [
            -49.090277800000024,
            -27.191387599232453
          ],
          [
            -49.08995650000003,
            -27.191571699232473
          ],
          [
            -49.089831600000025,
            -27.191700299232444
          ],
          [
            -49.08976899999999,
            -27.191804399232492
          ],
          [
            -49.089775599999996,
            -27.192062899232468
          ],
          [
            -49.08979240000002,
            -27.19220359923249
          ],
          [
            -49.08984679999998,
            -27.192386099232476
          ],
          [
            -49.08994030000003,
            -27.19251759923243
          ],
          [
            -49.09007700000001,
            -27.19259829923244
          ],
          [
            -49.09017999999998,
            -27.19262709923243
          ],
          [
            -49.09032930000001,
            -27.192639399232473
          ],
          [
            -49.09046289999998,
            -27.19267209923243
          ],
          [
            -49.09066660000002,
            -27.192863399232465
          ],
          [
            -49.090874699999965,
            -27.19302739923245
          ],
          [
            -49.09105670000002,
            -27.193365799232417
          ],
          [
            -49.09127669999998,
            -27.193728699232445
          ],
          [
            -49.091399799999984,
            -27.193929199232436
          ],
          [
            -49.091421000000025,
            -27.194035699232394
          ],
          [
            -49.091397799999974,
            -27.19426849923244
          ],
          [
            -49.09123560000001,
            -27.194564499232417
          ],
          [
            -49.09108329999997,
            -27.194733799232406
          ],
          [
            -49.090980600000016,
            -27.194907199232386
          ],
          [
            -49.09087990000001,
            -27.19497099923241
          ],
          [
            -49.09066539999998,
            -27.19496119923243
          ],
          [
            -49.0903429,
            -27.194991099232382
          ],
          [
            -49.08995290000002,
            -27.195102299232367
          ]
        ]
      },
      "properties": {
        "OBJECTID": 346014,
        "COTRECHO": 344706,
        "COBACIA": "77962557",
        "NORIOCOMP": "Rio Itajaí-mirim",
        "NOORIGINAL": "Rio Itajaí-mirim",
        "NUSTRAHLER": 4,
        "NUTRJUS": 344725,
        "NUCOMPTREC": 7.3139321,
        "NUAREAMONT": 774.8854334
      }
    },
    {
      "type": "Feature",
      "id": 346016,
      "geometry": {
        "type": "LineString",
        "coordinates": [
          [
            -49.15388860000001,
            -27.206166499232186
          ],
          [
            -49.1537422,
            -27.206012899232217
          ],
          [
            -49.153658000000014,
            -27.2058489992322
          ],
          [
            -49.153623400000015,
            -27.20568939923218
          ],
          [
            -49.153613500000006,
            -27.205533899232176
          ],
          [
            -49.153612200000005,
            -27.205363699232223
          ],
          [
            -49.15370480000002,
            -27.20476549923222
          ],
          [
            -49.15380240000002,
            -27.2043671992322
          ],
          [
            -49.1539707,
            -27.20394769923224
          ],
          [
            -49.153974300000016,
            -27.203729399232227
          ],
          [
            -49.153924399999994,
            -27.203495699232256
          ],
          [
            -49.15374480000003,
            -27.203093699232262
          ],
          [
            -49.153504,
            -27.20263909923225
          ],
          [
            -49.15323540000003,
            -27.20236549923224
          ],
          [
            -49.152924100000014,
            -27.202172699232275
          ],
          [
            -49.15253369999999,
            -27.202004799232274
          ],
          [
            -49.152245100000016,
            -27.20194169923229
          ],
          [
            -49.15195619999997,
            -27.201897199232288
          ],
          [
            -49.15165409999997,
            -27.201900699232283
          ],
          [
            -49.15109000000001,
            -27.201981999232263
          ],
          [
            -49.150145699999996,
            -27.20228399923228
          ],
          [
            -49.14971250000002,
            -27.20245589923228
          ],
          [
            -49.149235799999985,
            -27.202752999232228
          ],
          [
            -49.148843,
            -27.202988299232274
          ],
          [
            -49.14872139999999,
            -27.203042099232235
          ],
          [
            -49.14868039999998,
            -27.203060199232215
          ],
          [
            -49.14849800000002,
            -27.20307999923224
          ],
          [
            -49.14829980000001,
            -27.203051399232237
          ],
          [
            -49.14815629999998,
            -27.20297189923229
          ],
          [
            -49.14798400000001,
            -27.202884499232237
          ],
          [
            -49.14765419999998,
            -27.202806099232227
          ],
          [
            -49.147378,
            -27.20267619923224
          ],
          [
            -49.14736269999997,
            -27.20266909923224
          ],
          [
            -49.14711629999999,
            -27.20255849923227
          ],
          [
            -49.14683220000001,
            -27.20246969923225
          ],
          [
            -49.146797100000015,
            -27.202463599232253
          ],
          [
            -49.14655160000001,
            -27.202421499232283
          ],
          [
            -49.14650660000001,
            -27.20240209923223
          ],
          [
            -49.1463215,
            -27.20232229923226
          ],
          [
            -49.14595759999997,
            -27.202058499232294
          ],
          [
            -49.14562560000002,
            -27.201865399232247
          ],
          [
            -49.14546410000003,
            -27.201805699232295
          ],
          [
            -49.145251900000005,
            -27.201693999232255
          ],
          [
            -49.14502679999998,
            -27.20154299923229
          ],
          [
            -49.14479269999998,
            -27.20143629923229
          ],
          [
            -49.14442359999998,
            -27.201238999232274
          ],
          [
            -49.14415730000002,
            -27.201076399232267
          ],
          [
            -49.143752,
            -27.200567799232278
          ],
          [
            -49.14346860000001,
            -27.200190399232305
          ],
          [
            -49.14327479999997,
            -27.199895499232333
          ],
          [
            -49.14291429999997,
            -27.19942819923232
          ],
          [
            -49.14262230000003,
            -27.199072899232302
          ],
          [
            -49.14247560000001,
            -27.19893399923233
          ],
          [
            -49.1423317,
            -27.198876599232335
          ],
          [
            -49.1421866,
            -27.198896899232363
          ],
          [
            -49.14211529999999,
            -27.19895149923235
          ],
          [
            -49.14196149999998,
            -27.198993799232312
          ],
          [
            -49.141650599999984,
            -27.199030399232353
          ],
          [
            -49.141410199999996,
            -27.199053099232337
          ],
          [
            -49.1411205,
            -27.199056699232354
          ],
          [
            -49.140876400000025,
            -27.19905339923235
          ],
          [
            -49.14079349999998,
            -27.199062699232343
          ],
          [
            -49.14069819999997,
            -27.19907329923233
          ],
          [
            -49.1405441,
            -27.199130399232327
          ],
          [
            -49.1404718,
            -27.19925159923235
          ],
          [
            -49.140448400000025,
            -27.199661899232336
          ],
          [
            -49.14043320000002,
            -27.200079799232334
          ],
          [
            -49.14038679999999,
            -27.200382599232313
          ],
          [
            -49.14028839999997,
            -27.200573699232308
          ],
          [
            -49.140102000000006,
            -27.200837599232287
          ],
          [
            -49.13994709999997,
            -27.200946599232296
          ],
          [
            -49.13981769999999,
            -27.20101139923231
          ],
          [
            -49.13962329999999,
            -27.20100889923227
          ],
          [
            -49.139467000000025,
            -27.200951299232276
          ],
          [
            -49.139344900000026,
            -27.200831299232288
          ],
          [
            -49.13932729999999,
            -27.20075099923232
          ],
          [
            -49.13931409999998,
            -27.200690299232306
          ],
          [
            -49.13922969999999,
            -27.2005410992323
          ],
          [
            -49.13905999999998,
            -27.200290999232294
          ],
          [
            -49.1388786,
            -27.200003699232333
          ],
          [
            -49.138808100000006,
            -27.199765999232316
          ],
          [
            -49.138694199999975,
            -27.199646099232307
          ],
          [
            -49.13856320000002,
            -27.199562899232312
          ],
          [
            -49.13838240000001,
            -27.19954499923232
          ],
          [
            -49.138348399999984,
            -27.199541599232283
          ],
          [
            -49.138145500000014,
            -27.199546299232324
          ],
          [
            -49.13775750000002,
            -27.199489299232308
          ],
          [
            -49.13695610000001,
            -27.19940839923231
          ],
          [
            -49.1359984,
            -27.19927349923233
          ],
          [
            -49.135584900000026,
            -27.19925319923231
          ],
          [
            -49.13521670000001,
            -27.199248299232334
          ],
          [
            -49.13488219999999,
            -27.199210599232334
          ],
          [
            -49.13453609999999,
            -27.199124599232324
          ],
          [
            -49.13405770000003,
            -27.199025699232322
          ],
          [
            -49.13392210000001,
            -27.198968399232335
          ],
          [
            -49.1338285,
            -27.19887839923235
          ],
          [
            -49.13372670000001,
            -27.198777099232313
          ],
          [
            -49.13352529999998,
            -27.198448799232327
          ],
          [
            -49.133382600000004,
            -27.198321099232327
          ],
          [
            -49.133248400000014,
            -27.198178799232338
          ],
          [
            -49.13317239999998,
            -27.198022299232335
          ],
          [
            -49.13313290000002,
            -27.197907099232356
          ],
          [
            -49.133114700000014,
            -27.19775889923235
          ],
          [
            -49.1331293,
            -27.19762959923238
          ],
          [
            -49.1332092,
            -27.19750129923235
          ],
          [
            -49.1332443,
            -27.197444799232382
          ],
          [
            -49.13328230000002,
            -27.197383699232354
          ],
          [
            -49.13332980000002,
            -27.197269699232358
          ],
          [
            -49.133332300000006,
            -27.19711429923237
          ],
          [
            -49.1332941,
            -27.196928799232392
          ],
          [
            -49.133197499999994,
            -27.196760999232346
          ],
          [
            -49.1329437,
            -27.196598499232373
          ],
          [
            -49.13252030000002,
            -27.196433799232405
          ],
          [
            -49.132203600000025,
            -27.196318599232367
          ],
          [
            -49.13203470000002,
            -27.196271899232382
          ],
          [
            -49.13188580000003,
            -27.196269899232377
          ],
          [
            -49.13168669999998,
            -27.19630059923235
          ],
          [
            -49.1315419,
            -27.196298699232383
          ],
          [
            -49.13134409999998,
            -27.196251599232365
          ],
          [
            -49.13121260000003,
            -27.1961943992324
          ],
          [
            -49.1310719,
            -27.19619249923239
          ],
          [
            -49.1309435,
            -27.196205599232368
          ],
          [
            -49.1308388,
            -27.19627819923237
          ],
          [
            -49.13078389999999,
            -27.196343999232376
          ],
          [
            -49.13071719999999,
            -27.19637649923237
          ],
          [
            -49.13058410000002,
            -27.196419099232394
          ],
          [
            -49.13043959999999,
            -27.19639869923235
          ],
          [
            -49.13040169999999,
            -27.196376899232394
          ],
          [
            -49.13029820000002,
            -27.19631739923238
          ],
          [
            -49.130287899999985,
            -27.19631149923235
          ],
          [
            -49.130062699999996,
            -27.196171599232404
          ],
          [
            -49.12987040000001,
            -27.196043299232365
          ],
          [
            -49.129785500000025,
            -27.195919999232384
          ],
          [
            -49.12973770000002,
            -27.195808399232366
          ],
          [
            -49.1297318,
            -27.19566769923239
          ],
          [
            -49.12974509999998,
            -27.195364499232383
          ],
          [
            -49.12972669999999,
            -27.195173399232385
          ],
          [
            -49.12969570000001,
            -27.194853299232385
          ],
          [
            -49.12968640000002,
            -27.194668099232416
          ],
          [
            -49.12971770000001,
            -27.1945279992324
          ],
          [
            -49.129853000000026,
            -27.19435589923242
          ],
          [
            -49.12999619999999,
            -27.194202399232413
          ],
          [
            -49.130130500000014,
            -27.194093199232412
          ],
          [
            -49.13023290000001,
            -27.193905899232423
          ],
          [
            -49.13031719999997,
            -27.1938144992324
          ],
          [
            -49.130676499999986,
            -27.193608399232446
          ],
          [
            -49.1313189,
            -27.19329509923244
          ],
          [
            -49.1315348,
            -27.193246099232454
          ],
          [
            -49.13189369999998,
            -27.193065899232458
          ],
          [
            -49.132135500000004,
            -27.192954499232417
          ],
          [
            -49.132307500000024,
            -27.192812399232423
          ],
          [
            -49.13250940000001,
            -27.19261529923244
          ],
          [
            -49.13265319999999,
            -27.192428599232482
          ],
          [
            -49.13266850000002,
            -27.192254899232477
          ],
          [
            -49.13262550000002,
            -27.192102599232456
          ],
          [
            -49.13246750000002,
            -27.19190439923246
          ],
          [
            -49.131915100000015,
            -27.191530699232466
          ],
          [
            -49.13152939999998,
            -27.191340599232454
          ],
          [
            -49.131306800000004,
            -27.19128949923245
          ],
          [
            -49.13121210000003,
            -27.191262399232503
          ],
          [
            -49.131008899999976,
            -27.191041399232507
          ],
          [
            -49.130554200000006,
            -27.190517299232496
          ],
          [
            -49.130424300000016,
            -27.19035299923251
          ],
          [
            -49.13033539999998,
            -27.19024059923248
          ],
          [
            -49.13014679999998,
            -27.19013819923247
          ],
          [
            -49.13001079999998,
            -27.190106799232527
          ],
          [
            -49.1299227,
            -27.19011349923248
          ],
          [
            -49.129845100000004,
            -27.19011939923251
          ],
          [
            -49.12971620000002,
            -27.190154699232487
          ],
          [
            -49.12949270000001,
            -27.190159099232517
          ],
          [
            -49.129236999999996,
            -27.190111299232505
          ],
          [
            -49.128932099999986,
            -27.190033199232506
          ],
          [
            -49.12860699999999,
            -27.189928999232507
          ],
          [
            -49.12842519999998,
            -27.1898758992325
          ],
          [
            -49.128314699999976,
            -27.189843699232487
          ],
          [
            -49.12791060000001,
            -27.189760599232507
          ],
          [
            -49.127448500000014,
            -27.189680399232486
          ],
          [
            -49.1271974,
            -27.189602999232484
          ],
          [
            -49.127004899999974,
            -27.18948949923248
          ],
          [
            -49.126929099999984,
            -27.189318299232543
          ],
          [
            -49.12691219999999,
            -27.189092299232538
          ],
          [
            -49.12699300000003,
            -27.188963899232498
          ],
          [
            -49.127082400000006,
            -27.188809699232504
          ],
          [
            -49.12716189999998,
            -27.18875899923253
          ],
          [
            -49.12731930000001,
            -27.188746299232516
          ],
          [
            -49.12756000000002,
            -27.188705099232518
          ],
          [
            -49.12771459999999,
            -27.18861099923251
          ],
          [
            -49.127865199999974,
            -27.188513099232544
          ],
          [
            -49.127983099999994,
            -27.188392599232515
          ],
          [
            -49.12809349999998,
            -27.188220099232556
          ],
          [
            -49.12836090000002,
            -27.187820399232564
          ],
          [
            -49.12837639999998,
            -27.18778069923256
          ],
          [
            -49.1284516,
            -27.187588499232543
          ],
          [
            -49.128496999999975,
            -27.187348699232526
          ],
          [
            -49.12851660000001,
            -27.187163899232527
          ],
          [
            -49.128501099999994,
            -27.18685289923258
          ],
          [
            -49.128454799999986,
            -27.186652499232544
          ],
          [
            -49.128337999999985,
            -27.186465999232567
          ],
          [
            -49.1282162,
            -27.186327399232553
          ],
          [
            -49.128180499999985,
            -27.18629699923258
          ],
          [
            -49.12777560000001,
            -27.185951599232595
          ],
          [
            -49.127555099999995,
            -27.185774699232603
          ],
          [
            -49.127407399999974,
            -27.185702399232607
          ],
          [
            -49.12720519999999,
            -27.185673799232607
          ],
          [
            -49.12696119999998,
            -27.185663199232607
          ],
          [
            -49.126895699999984,
            -27.185664399232586
          ],
          [
            -49.126162500000014,
            -27.185678399232554
          ],
          [
            -49.1258186,
            -27.185707099232587
          ],
          [
            -49.125470800000016,
            -27.18572469923256
          ],
          [
            -49.12526009999999,
            -27.18570329923258
          ],
          [
            -49.12513259999997,
            -27.185657199232566
          ],
          [
            -49.125083700000005,
            -27.18561219923256
          ],
          [
            -49.12500010000002,
            -27.1855185992326
          ],
          [
            -49.1244317,
            -27.18500679923259
          ],
          [
            -49.12418910000002,
            -27.184838999232607
          ],
          [
            -49.12402140000001,
            -27.184781899232615
          ],
          [
            -49.12385819999997,
            -27.184765999232628
          ],
          [
            -49.1237246,
            -27.184805399232623
          ],
          [
            -49.123512800000015,
            -27.184944199232618
          ],
          [
            -49.12336740000001,
            -27.185079399232595
          ],
          [
            -49.12311660000001,
            -27.18540969923256
          ],
          [
            -49.12291640000001,
            -27.185763499232582
          ],
          [
            -49.12283700000001,
            -27.185926999232574
          ],
          [
            -49.122723000000015,
            -27.186021399232594
          ],
          [
            -49.12247159999998,
            -27.186082099232593
          ],
          [
            -49.122282799999994,
            -27.186061199232554
          ],
          [
            -49.122135300000025,
            -27.186018099232577
          ],
          [
            -49.12192729999998,
            -27.185928499232567
          ],
          [
            -49.121621800000014,
            -27.185855899232557
          ],
          [
            -49.121386700000016,
            -27.185857299232584
          ],
          [
            -49.12101230000002,
            -27.18593909923256
          ],
          [
            -49.12067760000002,
            -27.1860853992326
          ],
          [
            -49.1204194,
            -27.1862418992326
          ],
          [
            -49.120252600000015,
            -27.18644079923258
          ],
          [
            -49.12017209999999,
            -27.18666819923255
          ],
          [
            -49.120157199999994,
            -27.186946799232548
          ],
          [
            -49.12021950000002,
            -27.187194499232536
          ],
          [
            -49.12023169999998,
            -27.187381999232564
          ],
          [
            -49.12019570000001,
            -27.187544899232527
          ],
          [
            -49.120176399999984,
            -27.187632699232537
          ],
          [
            -49.12003509999999,
            -27.187827299232517
          ],
          [
            -49.11992079999998,
            -27.18793999923256
          ],
          [
            -49.11975660000002,
            -27.187978999232524
          ],
          [
            -49.119593599999966,
            -27.187944799232564
          ],
          [
            -49.11942149999999,
            -27.18784189923256
          ],
          [
            -49.11922900000002,
            -27.187743399232538
          ],
          [
            -49.11906620000002,
            -27.187695499232564
          ],
          [
            -49.118848300000025,
            -27.187587399232527
          ],
          [
            -49.11856119999999,
            -27.187336799232575
          ],
          [
            -49.11850879999997,
            -27.187255899232586
          ],
          [
            -49.11844159999998,
            -27.18715229923253
          ],
          [
            -49.118284500000016,
            -27.18677089923255
          ],
          [
            -49.118228999999985,
            -27.18642279923257
          ],
          [
            -49.11810639999999,
            -27.185808699232574
          ],
          [
            -49.118003499999986,
            -27.185546799232586
          ],
          [
            -49.117915400000015,
            -27.185447699232583
          ]
        ]
      },
      "properties": {
        "OBJECTID": 346016,
        "COTRECHO": 344707,
        "COBACIA": "7796257",
        "NORIOCOMP": "Rio Itajaí-mirim",
        "NOORIGINAL": "Rio Itajaí-mirim",
        "NUSTRAHLER": 4,
        "NUTRJUS": 344706,
        "NUCOMPTREC": 6.70695315,
        "NUAREAMONT": 719.00205865
      }
    },
    {
      "type": "Feature",
      "id": 346017,
      "geometry": {
        "type": "LineString",
        "coordinates": [
          [
            -49.284290699999985,
            -27.259082499231152
          ],
          [
            -49.28427099999998,
            -27.259011099231188
          ],
          [
            -49.284263599999974,
            -27.25888639923118
          ],
          [
            -49.28430509999998,
            -27.258607199231164
          ],
          [
            -49.2843196,
            -27.25834399923122
          ],
          [
            -49.28431490000003,
            -27.25817249923119
          ],
          [
            -49.28428150000001,
            -27.257922899231183
          ],
          [
            -49.284219599999965,
            -27.25771999923121
          ],
          [
            -49.284134300000005,
            -27.257619199231232
          ],
          [
            -49.28383539999998,
            -27.2573080992312
          ],
          [
            -49.28360670000001,
            -27.257064399231215
          ],
          [
            -49.28325499999999,
            -27.25676649923125
          ],
          [
            -49.28301570000002,
            -27.256605699231244
          ],
          [
            -49.282865099999974,
            -27.25652909923125
          ],
          [
            -49.28272110000001,
            -27.256422099231234
          ],
          [
            -49.28252629999997,
            -27.2561870992312
          ],
          [
            -49.28244799999999,
            -27.256042099231234
          ],
          [
            -49.282328199999995,
            -27.255771999231225
          ],
          [
            -49.28219790000003,
            -27.255579299231268
          ],
          [
            -49.28192369999999,
            -27.255274099231254
          ],
          [
            -49.281405199999995,
            -27.25473879923124
          ],
          [
            -49.28128609999999,
            -27.254623799231258
          ],
          [
            -49.28118180000002,
            -27.254550499231264
          ],
          [
            -49.28113530000001,
            -27.254516499231293
          ],
          [
            -49.280973500000016,
            -27.254398399231277
          ],
          [
            -49.28079589999998,
            -27.254257699231253
          ],
          [
            -49.28065479999998,
            -27.254164599231302
          ],
          [
            -49.2804888,
            -27.25407949923126
          ],
          [
            -49.28026030000001,
            -27.254026799231305
          ],
          [
            -49.280000400000006,
            -27.253998699231296
          ],
          [
            -49.2798176,
            -27.253999199231284
          ],
          [
            -49.27963770000002,
            -27.2540108992313
          ],
          [
            -49.279425999999994,
            -27.254071999231275
          ],
          [
            -49.279307500000016,
            -27.25412039923124
          ],
          [
            -49.27916329999999,
            -27.254229399231264
          ],
          [
            -49.279108399999984,
            -27.254281699231242
          ],
          [
            -49.278968299999974,
            -27.254415299231276
          ],
          [
            -49.27871809999999,
            -27.254567299231287
          ],
          [
            -49.27852439999998,
            -27.254667399231284
          ],
          [
            -49.27839,
            -27.25474329923124
          ],
          [
            -49.278271399999994,
            -27.254797199231255
          ],
          [
            -49.278110099999985,
            -27.25481179923128
          ],
          [
            -49.27799249999998,
            -27.25479649923125
          ],
          [
            -49.27788479999999,
            -27.254748099231232
          ],
          [
            -49.27787549999999,
            -27.254738199231284
          ],
          [
            -49.277808600000014,
            -27.25466689923128
          ],
          [
            -49.277723400000006,
            -27.254566099231237
          ],
          [
            -49.27768600000002,
            -27.25437729923125
          ],
          [
            -49.277700400000015,
            -27.254250099231253
          ],
          [
            -49.277753399999995,
            -27.254029199231272
          ],
          [
            -49.277828899999975,
            -27.25393739923126
          ],
          [
            -49.27784810000003,
            -27.25391409923125
          ],
          [
            -49.277961300000015,
            -27.253804699231274
          ],
          [
            -49.278089900000005,
            -27.25370939923127
          ],
          [
            -49.27821540000002,
            -27.253605699231265
          ],
          [
            -49.27831279999998,
            -27.253515499231273
          ],
          [
            -49.27838800000001,
            -27.25346379923131
          ],
          [
            -49.278479000000004,
            -27.25339009923127
          ],
          [
            -49.27854280000003,
            -27.253274599231293
          ],
          [
            -49.27863889999997,
            -27.25306809923131
          ],
          [
            -49.27867950000002,
            -27.25284419923132
          ],
          [
            -49.278759900000004,
            -27.252654099231282
          ],
          [
            -49.278805999999975,
            -27.252480199231286
          ],
          [
            -49.27885880000003,
            -27.2522731992313
          ],
          [
            -49.27886130000002,
            -27.25210979923134
          ],
          [
            -49.27881819999999,
            -27.251890499231312
          ],
          [
            -49.27872150000002,
            -27.251728699231315
          ],
          [
            -49.2786661,
            -27.251688799231328
          ],
          [
            -49.2785376,
            -27.251596299231327
          ],
          [
            -49.27841829999999,
            -27.25149509923132
          ],
          [
            -49.278283699999974,
            -27.251385399231328
          ],
          [
            -49.278117399999985,
            -27.251314199231352
          ],
          [
            -49.27783229999999,
            -27.25131619923134
          ],
          [
            -49.27763190000001,
            -27.251310399231347
          ],
          [
            -49.27749469999998,
            -27.251306499231326
          ],
          [
            -49.27723789999999,
            -27.251283999231322
          ],
          [
            -49.27698400000003,
            -27.251272499231355
          ],
          [
            -49.27683530000001,
            -27.25127069923135
          ],
          [
            -49.2766833,
            -27.251277099231313
          ],
          [
            -49.27656459999997,
            -27.251342099231326
          ],
          [
            -49.276420400000006,
            -27.251448399231343
          ],
          [
            -49.276175799999976,
            -27.25183579923129
          ],
          [
            -49.27599679999997,
            -27.251991499231284
          ],
          [
            -49.27580870000003,
            -27.252133199231324
          ],
          [
            -49.27564940000001,
            -27.2522142992313
          ],
          [
            -49.27552129999998,
            -27.252281999231293
          ],
          [
            -49.275388299999975,
            -27.25226649923133
          ],
          [
            -49.27521919999998,
            -27.25218129923132
          ],
          [
            -49.27510940000002,
            -27.25206639923131
          ],
          [
            -49.275005900000004,
            -27.2519487992313
          ],
          [
            -49.27486210000001,
            -27.251830699231345
          ],
          [
            -49.27478020000001,
            -27.251713399231352
          ],
          [
            -49.27473570000001,
            -27.251588199231335
          ],
          [
            -49.274718500000006,
            -27.251496599231313
          ],
          [
            -49.27472019999998,
            -27.251388599231312
          ],
          [
            -49.2747759,
            -27.25119269923133
          ],
          [
            -49.27479729999999,
            -27.251010199231324
          ],
          [
            -49.274809600000026,
            -27.250816499231313
          ],
          [
            -49.2748115,
            -27.25069189923133
          ],
          [
            -49.274801000000025,
            -27.25056709923135
          ],
          [
            -49.274749600000014,
            -27.250486199231347
          ],
          [
            -49.27462839999998,
            -27.25030469923136
          ],
          [
            -49.2745655,
            -27.250165399231367
          ],
          [
            -49.274532599999986,
            -27.250090299231356
          ],
          [
            -49.27449619999998,
            -27.250003299231356
          ],
          [
            -49.27441290000001,
            -27.249755999231347
          ],
          [
            -49.274312000000016,
            -27.249559999231323
          ],
          [
            -49.274230999999986,
            -27.249379299231354
          ],
          [
            -49.27411269999999,
            -27.249009299231385
          ],
          [
            -49.274029900000016,
            -27.248726599231375
          ],
          [
            -49.27402189999998,
            -27.24859159923137
          ],
          [
            -49.274029700000035,
            -27.24830409923137
          ],
          [
            -49.27405679999998,
            -27.24806769923136
          ],
          [
            -49.27410300000002,
            -27.247900499231417
          ],
          [
            -49.274186199999974,
            -27.24772469923138
          ],
          [
            -49.274326499999965,
            -27.24753469923141
          ],
          [
            -49.274476600000014,
            -27.247368799231403
          ],
          [
            -49.27458530000002,
            -27.247277199231384
          ],
          [
            -49.27470740000001,
            -27.247188799231406
          ],
          [
            -49.27484870000001,
            -27.247151599231405
          ],
          [
            -49.27502670000001,
            -27.247129899231407
          ],
          [
            -49.27518090000002,
            -27.24713469923141
          ],
          [
            -49.27545199999997,
            -27.247159099231382
          ],
          [
            -49.27563300000003,
            -27.247161299231426
          ],
          [
            -49.27574750000002,
            -27.247129699231426
          ],
          [
            -49.27599729999997,
            -27.247015999231383
          ],
          [
            -49.27612260000001,
            -27.246939599231425
          ],
          [
            -49.276204000000014,
            -27.24687469923139
          ],
          [
            -49.27629660000002,
            -27.246737999231396
          ],
          [
            -49.27630770000002,
            -27.24670969923141
          ]
        ]
      },
      "properties": {
        "OBJECTID": 346017,
        "COTRECHO": 344708,
        "COBACIA": "779625971",
        "NORIOCOMP": "Rio Itajaí-mirim",
        "NOORIGINAL": "Rio Itajaí-mirim",
        "NUSTRAHLER": 4,
        "NUTRJUS": 344710,
        "NUCOMPTREC": 2.58061995,
        "NUAREAMONT": 515.28457504
      }
    },
    {
      "type": "Feature",
      "id": 346020,
      "geometry": {
        "type": "LineString",
        "coordinates": [
          [
            -48.833243400000015,
            -27.006766699236053
          ],
          [
            -48.83316639999998,
            -27.006700799236004
          ],
          [
            -48.8331139,
            -27.006657999236044
          ],
          [
            -48.83306090000002,
            -27.00661579923606
          ],
          [
            -48.832765300000005,
            -27.00638419923604
          ],
          [
            -48.83265069999999,
            -27.00629349923607
          ],
          [
            -48.83255059999999,
            -27.006215899236015
          ],
          [
            -48.83252169999998,
            -27.006193999236036
          ],
          [
            -48.832448399999976,
            -27.006139199236046
          ],
          [
            -48.83234140000002,
            -27.006061799236036
          ],
          [
            -48.832225600000015,
            -27.00598049923606
          ],
          [
            -48.832096999999976,
            -27.005891999236056
          ],
          [
            -48.831952,
            -27.00579309923605
          ],
          [
            -48.83179230000002,
            -27.005685299236024
          ],
          [
            -48.831624999999974,
            -27.00557419923606
          ],
          [
            -48.8315409,
            -27.005519299236056
          ],
          [
            -48.831492000000026,
            -27.00548789923603
          ],
          [
            -48.83137599999998,
            -27.00541449923603
          ],
          [
            -48.831296899999984,
            -27.00536589923607
          ],
          [
            -48.83122020000002,
            -27.005319999236036
          ],
          [
            -48.8311453,
            -27.005276299236034
          ],
          [
            -48.83107189999998,
            -27.00523459923605
          ],
          [
            -48.830999700000014,
            -27.005194599236027
          ],
          [
            -48.83092820000002,
            -27.005156099236082
          ],
          [
            -48.83075320000001,
            -27.005065399236038
          ],
          [
            -48.830498499999976,
            -27.004936499236038
          ],
          [
            -48.83042719999998,
            -27.004899199236075
          ],
          [
            -48.83035669999998,
            -27.00486079923608
          ],
          [
            -48.83028710000002,
            -27.00482109923607
          ],
          [
            -48.83021860000002,
            -27.004779799236058
          ],
          [
            -48.83015149999999,
            -27.004736599236075
          ],
          [
            -48.83008560000002,
            -27.004691399236084
          ],
          [
            -48.83002069999998,
            -27.00464409923608
          ],
          [
            -48.82995660000001,
            -27.00459449923606
          ],
          [
            -48.829893000000034,
            -27.004542499236077
          ],
          [
            -48.82982989999999,
            -27.004488099236077
          ],
          [
            -48.82976689999998,
            -27.004430999236078
          ],
          [
            -48.829703800000004,
            -27.004371299236073
          ],
          [
            -48.82964070000003,
            -27.00430879923606
          ],
          [
            -48.829577400000005,
            -27.004243999236106
          ],
          [
            -48.8295144,
            -27.0041774992361
          ],
          [
            -48.8294702,
            -27.004129699236092
          ],
          [
            -48.82938969999998,
            -27.004041299236047
          ],
          [
            -48.8292682,
            -27.00390439923609
          ],
          [
            -48.82909510000002,
            -27.00370659923607
          ],
          [
            -48.8289858,
            -27.003584199236066
          ],
          [
            -48.82893259999997,
            -27.003526699236094
          ],
          [
            -48.828880200000015,
            -27.003471999236083
          ],
          [
            -48.828828499999986,
            -27.003420399236074
          ],
          [
            -48.82877739999998,
            -27.00337229923612
          ],
          [
            -48.82874240000001,
            -27.003341599236087
          ],
          [
            -48.82867570000002,
            -27.003285899236072
          ],
          [
            -48.82862419999998,
            -27.003246299236082
          ],
          [
            -48.82857130000002,
            -27.0032080992361
          ],
          [
            -48.8285166,
            -27.003170399236083
          ],
          [
            -48.82845950000001,
            -27.003132599236114
          ],
          [
            -48.828399400000016,
            -27.003093799236073
          ],
          [
            -48.82816120000001,
            -27.002942299236064
          ],
          [
            -48.827963899999986,
            -27.002815199236082
          ],
          [
            -48.827797499999974,
            -27.002704699236084
          ],
          [
            -48.82771220000001,
            -27.002646499236125
          ],
          [
            -48.82762589999999,
            -27.002586499236116
          ],
          [
            -48.82753930000001,
            -27.00252489923614
          ],
          [
            -48.82745269999999,
            -27.002461899236117
          ],
          [
            -48.82736679999999,
            -27.002397799236093
          ],
          [
            -48.8272819,
            -27.002332899236116
          ],
          [
            -48.82719850000001,
            -27.002267199236123
          ],
          [
            -48.827117300000005,
            -27.00220119923612
          ],
          [
            -48.82703859999998,
            -27.002134899236108
          ],
          [
            -48.8269628,
            -27.002068799236135
          ],
          [
            -48.826889900000026,
            -27.002002899236096
          ],
          [
            -48.826819899999975,
            -27.001937399236084
          ],
          [
            -48.82675239999998,
            -27.001872599236126
          ],
          [
            -48.82668749999999,
            -27.001808599236124
          ],
          [
            -48.82662490000001,
            -27.001745699236142
          ],
          [
            -48.82648840000002,
            -27.001605299236132
          ]
        ]
      },
      "properties": {
        "OBJECTID": 346020,
        "COTRECHO": 344709,
        "COBACIA": "77962371",
        "NORIOCOMP": "Rio Itajaí-mirim",
        "NOORIGINAL": "Rio Itajaí-mirim",
        "NUSTRAHLER": 4,
        "NUTRJUS": 344734,
        "NUCOMPTREC": 0.8876792,
        "NUAREAMONT": 1390.84780449
      }
    },
    {
      "type": "Feature",
      "id": 346021,
      "geometry": {
        "type": "LineString",
        "coordinates": [
          [
            -48.92987840000001,
            -27.097871699234265
          ],
          [
            -48.929712100000025,
            -27.097799099234244
          ],
          [
            -48.929677599999984,
            -27.097786899234293
          ],
          [
            -48.929612899999995,
            -27.097766599234276
          ],
          [
            -48.9295305,
            -27.09776339923429
          ],
          [
            -48.92946760000001,
            -27.09776049923426
          ],
          [
            -48.92940679999998,
            -27.097759599234294
          ],
          [
            -48.929346,
            -27.097758699234266
          ],
          [
            -48.92926999999998,
            -27.09776149923426
          ],
          [
            -48.9292049,
            -27.09776249923425
          ],
          [
            -48.92915699999997,
            -27.097767599234263
          ],
          [
            -48.929021499999976,
            -27.097816099234254
          ],
          [
            -48.928900899999974,
            -27.097882299234247
          ],
          [
            -48.92866700000002,
            -27.098040399234268
          ],
          [
            -48.9285223,
            -27.09811599923427
          ],
          [
            -48.9283638,
            -27.098235999234245
          ],
          [
            -48.92817700000001,
            -27.098361399234246
          ],
          [
            -48.928095499999976,
            -27.098428199234252
          ],
          [
            -48.92802519999997,
            -27.09847369923426
          ],
          [
            -48.92797860000002,
            -27.098525499234245
          ],
          [
            -48.92793440000003,
            -27.098567499234257
          ],
          [
            -48.927750600000024,
            -27.098734299234245
          ],
          [
            -48.927576199999976,
            -27.098890999234236
          ],
          [
            -48.92737820000002,
            -27.099131399234228
          ],
          [
            -48.92718949999999,
            -27.099357799234244
          ],
          [
            -48.92704040000001,
            -27.09955359923421
          ],
          [
            -48.926951100000004,
            -27.099660099234228
          ],
          [
            -48.92681140000002,
            -27.099819199234247
          ],
          [
            -48.92662159999998,
            -27.09998529923424
          ],
          [
            -48.926468399999976,
            -27.10017529923421
          ],
          [
            -48.92630969999999,
            -27.100400699234253
          ],
          [
            -48.92619159999998,
            -27.100567899234193
          ],
          [
            -48.92608660000002,
            -27.100727599234236
          ],
          [
            -48.925964599999986,
            -27.100919699234236
          ],
          [
            -48.925872200000015,
            -27.101050499234187
          ],
          [
            -48.92574560000003,
            -27.101228199234185
          ],
          [
            -48.92564690000001,
            -27.101352299234183
          ],
          [
            -48.9255412,
            -27.101509799234158
          ],
          [
            -48.92549109999999,
            -27.101593899234217
          ],
          [
            -48.92545899999999,
            -27.101649899234182
          ],
          [
            -48.92539610000001,
            -27.101752499234173
          ],
          [
            -48.92534119999999,
            -27.101827299234223
          ],
          [
            -48.92530069999998,
            -27.10187459923416
          ],
          [
            -48.925250500000004,
            -27.101923699234177
          ],
          [
            -48.92521060000002,
            -27.101959999234214
          ],
          [
            -48.9251385,
            -27.10203359923422
          ],
          [
            -48.92508770000001,
            -27.1020994992342
          ],
          [
            -48.92482059999998,
            -27.102372099234213
          ],
          [
            -48.92457999999999,
            -27.102572199234178
          ],
          [
            -48.92430309999997,
            -27.10273329923419
          ],
          [
            -48.92404850000003,
            -27.102850699234136
          ],
          [
            -48.92378630000002,
            -27.102888099234146
          ],
          [
            -48.923503100000005,
            -27.102886699234176
          ],
          [
            -48.92321140000002,
            -27.10285209923418
          ],
          [
            -48.923081000000025,
            -27.102836599234166
          ],
          [
            -48.92296720000001,
            -27.102832199234197
          ],
          [
            -48.922893400000014,
            -27.102828399234195
          ],
          [
            -48.92278570000002,
            -27.102826799234176
          ],
          [
            -48.92265040000001,
            -27.102824799234188
          ],
          [
            -48.922548800000015,
            -27.10282599923417
          ],
          [
            -48.9224749,
            -27.10282769923415
          ],
          [
            -48.92237019999999,
            -27.10282889923419
          ],
          [
            -48.92225930000001,
            -27.102835499234192
          ],
          [
            -48.922163800000014,
            -27.10284239923416
          ],
          [
            -48.922056,
            -27.102843499234172
          ],
          [
            -48.92192660000001,
            -27.10285539923419
          ],
          [
            -48.92184040000001,
            -27.102856799234154
          ],
          [
            -48.921698699999986,
            -27.10286029923415
          ],
          [
            -48.92161870000002,
            -27.102859099234156
          ],
          [
            -48.92153569999999,
            -27.102857799234148
          ],
          [
            -48.92145260000001,
            -27.102856599234173
          ],
          [
            -48.92135430000002,
            -27.1028440992342
          ],
          [
            -48.92126250000001,
            -27.10281529923414
          ],
          [
            -48.9211032,
            -27.102774399234164
          ],
          [
            -48.92072089999999,
            -27.102669399234205
          ],
          [
            -48.92040850000001,
            -27.102587699234185
          ],
          [
            -48.920031600000016,
            -27.102496799234164
          ],
          [
            -48.9197287,
            -27.102401399234207
          ],
          [
            -48.91947219999997,
            -27.10229299923415
          ],
          [
            -48.919212899999984,
            -27.1021707992342
          ],
          [
            -48.91911329999999,
            -27.102064699234223
          ],
          [
            -48.91905559999997,
            -27.10202259923419
          ],
          [
            -48.91903760000003,
            -27.10199749923416
          ],
          [
            -48.918992100000025,
            -27.101961099234178
          ],
          [
            -48.9189101,
            -27.101899299234194
          ],
          [
            -48.91886790000001,
            -27.10185459923422
          ],
          [
            -48.918798100000004,
            -27.101798499234167
          ],
          [
            -48.91874999999999,
            -27.101739999234198
          ],
          [
            -48.91868629999999,
            -27.10168669923421
          ],
          [
            -48.91864099999998,
            -27.10163929923418
          ],
          [
            -48.918562,
            -27.10158579923422
          ],
          [
            -48.91844639999999,
            -27.101515299234215
          ],
          [
            -48.9182538,
            -27.101359199234185
          ],
          [
            -48.918001600000025,
            -27.1011847992342
          ],
          [
            -48.91780419999998,
            -27.101041499234206
          ],
          [
            -48.917625199999975,
            -27.100903899234204
          ],
          [
            -48.9174888,
            -27.100794499234212
          ],
          [
            -48.91729090000001,
            -27.10067869923422
          ],
          [
            -48.91707430000003,
            -27.100570899234192
          ],
          [
            -48.9169546,
            -27.100545499234226
          ]
        ]
      },
      "properties": {
        "OBJECTID": 346021,
        "COTRECHO": 344711,
        "COBACIA": "77962399",
        "NORIOCOMP": "Rio Itajaí-mirim",
        "NOORIGINAL": "Rio Itajaí-mirim",
        "NUSTRAHLER": 4,
        "NUTRJUS": 311535,
        "NUCOMPTREC": 1.6296179,
        "NUAREAMONT": 1205.66416253
      }
    },
    {
      "type": "Feature",
      "id": 346022,
      "geometry": {
        "type": "LineString",
        "coordinates": [
          [
            -49.27630770000002,
            -27.24670969923141
          ],
          [
            -49.27636990000003,
            -27.2465500992314
          ],
          [
            -49.27639179999999,
            -27.246436499231436
          ],
          [
            -49.27636669999999,
            -27.246322399231413
          ],
          [
            -49.276344900000026,
            -27.246214199231414
          ],
          [
            -49.27622919999999,
            -27.246110899231457
          ],
          [
            -49.27607990000001,
            -27.246007199231435
          ],
          [
            -49.275944400000014,
            -27.245882699231405
          ],
          [
            -49.275799500000005,
            -27.24571309923142
          ],
          [
            -49.275597800000014,
            -27.245530899231447
          ],
          [
            -49.27548460000003,
            -27.24548449923142
          ],
          [
            -49.27539100000001,
            -27.245468399231438
          ],
          [
            -49.27525000000003,
            -27.245478599231443
          ],
          [
            -49.27498000000003,
            -27.245595199231474
          ],
          [
            -49.274646099999984,
            -27.245728899231445
          ],
          [
            -49.27395200000001,
            -27.245953999231414
          ],
          [
            -49.273470299999985,
            -27.246103899231418
          ],
          [
            -49.2731776,
            -27.246169199231424
          ],
          [
            -49.27294979999999,
            -27.246163399231417
          ],
          [
            -49.27274299999999,
            -27.24609489923143
          ],
          [
            -49.27254060000001,
            -27.24595759923143
          ],
          [
            -49.27243839999999,
            -27.245845499231404
          ],
          [
            -49.27234459999999,
            -27.245625599231428
          ],
          [
            -49.27222719999998,
            -27.24541139923146
          ],
          [
            -49.27208860000002,
            -27.24526889923143
          ],
          [
            -49.2718832,
            -27.245110499231444
          ],
          [
            -49.27159369999998,
            -27.24497509923142
          ],
          [
            -49.27127689999998,
            -27.244863299231465
          ],
          [
            -49.2708958,
            -27.24479569923145
          ],
          [
            -49.270685000000014,
            -27.24476609923144
          ],
          [
            -49.27042019999999,
            -27.244765899231457
          ],
          [
            -49.27012480000002,
            -27.24479519923145
          ],
          [
            -49.26974719999998,
            -27.244931299231467
          ],
          [
            -49.269654600000024,
            -27.244974099231428
          ],
          [
            -49.26961540000002,
            -27.245099499231422
          ],
          [
            -49.26955670000001,
            -27.245174799231407
          ],
          [
            -49.26945299999999,
            -27.245337999231438
          ],
          [
            -49.26937450000003,
            -27.24550149923143
          ],
          [
            -49.26932119999998,
            -27.245679699231413
          ],
          [
            -49.26929059999998,
            -27.245874699231425
          ],
          [
            -49.26929280000002,
            -27.246024799231414
          ],
          [
            -49.26930399999998,
            -27.246195599231445
          ],
          [
            -49.26931350000001,
            -27.246232899231416
          ],
          [
            -49.26933650000001,
            -27.24632339923141
          ],
          [
            -49.26936740000002,
            -27.24640809923142
          ],
          [
            -49.26944350000002,
            -27.246597499231424
          ],
          [
            -49.269496000000004,
            -27.246768099231407
          ],
          [
            -49.26949380000002,
            -27.24691129923144
          ],
          [
            -49.2695612,
            -27.24698449923141
          ],
          [
            -49.26967489999998,
            -27.247222599231392
          ],
          [
            -49.269712200000015,
            -27.247411799231415
          ],
          [
            -49.2697334,
            -27.24755589923141
          ],
          [
            -49.26973600000002,
            -27.24782259923141
          ],
          [
            -49.26972360000002,
            -27.247972299231392
          ],
          [
            -49.26965740000003,
            -27.248351999231385
          ],
          [
            -49.269569199999985,
            -27.248635499231362
          ],
          [
            -49.26943210000002,
            -27.249047299231343
          ],
          [
            -49.26931769999999,
            -27.24928559923136
          ],
          [
            -49.26920139999999,
            -27.249436999231364
          ],
          [
            -49.26904589999998,
            -27.249521999231373
          ],
          [
            -49.268877499999974,
            -27.249573799231367
          ],
          [
            -49.26866230000001,
            -27.24961009923134
          ],
          [
            -49.26858700000003,
            -27.249612899231344
          ],
          [
            -49.2684812,
            -27.249616899231345
          ],
          [
            -49.268293799999974,
            -27.249593599231385
          ],
          [
            -49.267964199999994,
            -27.249445699231387
          ],
          [
            -49.267729400000015,
            -27.24923599923136
          ],
          [
            -49.267423199999996,
            -27.248878699231355
          ],
          [
            -49.26734110000001,
            -27.24876679923138
          ],
          [
            -49.26729610000001,
            -27.24864039923137
          ],
          [
            -49.267221399999976,
            -27.24848669923138
          ],
          [
            -49.267044000000006,
            -27.248348399231386
          ],
          [
            -49.266822400000024,
            -27.248274999231352
          ],
          [
            -49.26671929999997,
            -27.24824219923138
          ],
          [
            -49.266645600000004,
            -27.2482187992314
          ],
          [
            -49.2663263,
            -27.248053099231388
          ],
          [
            -49.26588650000003,
            -27.247882799231405
          ],
          [
            -49.2654728,
            -27.247751899231417
          ],
          [
            -49.2652736,
            -27.24774939923136
          ],
          [
            -49.265104099999974,
            -27.24774729923141
          ],
          [
            -49.26483519999999,
            -27.247794899231366
          ],
          [
            -49.26452189999998,
            -27.24788989923141
          ],
          [
            -49.26424439999999,
            -27.248060199231382
          ],
          [
            -49.26386839999997,
            -27.248310299231406
          ],
          [
            -49.26367179999999,
            -27.24844869923137
          ],
          [
            -49.26348639999998,
            -27.248512299231397
          ],
          [
            -49.26335180000001,
            -27.248546599231375
          ],
          [
            -49.26322440000001,
            -27.24854499923136
          ],
          [
            -49.26306770000003,
            -27.248492099231395
          ],
          [
            -49.26273149999997,
            -27.248335099231394
          ],
          [
            -49.26218829999999,
            -27.24801059923137
          ],
          [
            -49.26206050000002,
            -27.24793429923139
          ],
          [
            -49.261695599999996,
            -27.247686999231384
          ],
          [
            -49.2613341,
            -27.24743689923143
          ],
          [
            -49.26110790000002,
            -27.247323199231396
          ],
          [
            -49.26093750000001,
            -27.247285099231398
          ],
          [
            -49.26079979999997,
            -27.247301399231425
          ],
          [
            -49.260668599999974,
            -27.247332699231414
          ],
          [
            -49.26052299999997,
            -27.24742379923138
          ],
          [
            -49.260318499999975,
            -27.247639999231385
          ],
          [
            -49.260205799999994,
            -27.247776399231412
          ],
          [
            -49.26011419999997,
            -27.247844199231373
          ],
          [
            -49.25999280000001,
            -27.247887599231408
          ],
          [
            -49.2597586,
            -27.24785769923139
          ],
          [
            -49.25951789999999,
            -27.247818799231393
          ],
          [
            -49.2593205,
            -27.247792399231376
          ],
          [
            -49.259226599999984,
            -27.247794199231386
          ],
          [
            -49.2590386,
            -27.247809799231426
          ],
          [
            -49.25891130000002,
            -27.247805199231408
          ],
          [
            -49.25877800000001,
            -27.247752599231408
          ],
          [
            -49.25864530000001,
            -27.247664099231404
          ],
          [
            -49.2585325,
            -27.247584799231426
          ],
          [
            -49.258399,
            -27.24754719923138
          ],
          [
            -49.25829800000002,
            -27.247575899231403
          ],
          [
            -49.258081000000004,
            -27.24773499923138
          ],
          [
            -49.257812699999995,
            -27.24795639923141
          ],
          [
            -49.25766420000002,
            -27.248017399231372
          ],
          [
            -49.25728779999997,
            -27.24808169923139
          ],
          [
            -49.25717709999998,
            -27.24808029923141
          ],
          [
            -49.2570604,
            -27.248042899231365
          ],
          [
            -49.257014500000025,
            -27.247973399231373
          ],
          [
            -49.25701229999999,
            -27.247901499231396
          ],
          [
            -49.25697680000002,
            -27.24781109923137
          ],
          [
            -49.256938900000016,
            -27.24766379923139
          ],
          [
            -49.25691039999998,
            -27.2475555992314
          ],
          [
            -49.25691169999999,
            -27.2474716992314
          ],
          [
            -49.256955500000004,
            -27.24724759923138
          ],
          [
            -49.25705140000002,
            -27.247116899231383
          ],
          [
            -49.25737729999997,
            -27.246638599231396
          ],
          [
            -49.25749430000002,
            -27.246442299231436
          ],
          [
            -49.257497399999984,
            -27.246247599231435
          ],
          [
            -49.25746650000003,
            -27.246076399231427
          ],
          [
            -49.25737509999998,
            -27.24591939923141
          ],
          [
            -49.2572492,
            -27.24582199923141
          ],
          [
            -49.257129099999986,
            -27.245787499231437
          ],
          [
            -49.256981800000005,
            -27.24577369923141
          ],
          [
            -49.256877599999996,
            -27.245790399231407
          ],
          [
            -49.256703000000016,
            -27.245806199231435
          ],
          [
            -49.256522000000025,
            -27.245803899231426
          ],
          [
            -49.2563518,
            -27.245759899231437
          ],
          [
            -49.2561283,
            -27.245688199231452
          ],
          [
            -49.25578230000002,
            -27.24551609923142
          ],
          [
            -49.25569200000002,
            -27.24547429923145
          ],
          [
            -49.25548939999998,
            -27.245380599231417
          ],
          [
            -49.255156899999974,
            -27.245208699231423
          ],
          [
            -49.254825100000005,
            -27.244988799231443
          ],
          [
            -49.254506100000015,
            -27.244804999231434
          ],
          [
            -49.254097100000024,
            -27.244593199231453
          ],
          [
            -49.253756899999985,
            -27.244481099231436
          ],
          [
            -49.25346050000002,
            -27.244357499231434
          ],
          [
            -49.2531869,
            -27.244270199231472
          ],
          [
            -49.25300340000001,
            -27.244216999231462
          ],
          [
            -49.25278559999998,
            -27.24420829923149
          ],
          [
            -49.252470500000015,
            -27.244210299231487
          ],
          [
            -49.25221260000001,
            -27.24419209923149
          ],
          [
            -49.2520889,
            -27.24417259923147
          ],
          [
            -49.252016200000014,
            -27.24410879923145
          ],
          [
            -49.25194119999997,
            -27.243972999231453
          ],
          [
            -49.25189280000001,
            -27.2438525992315
          ],
          [
            -49.2518541,
            -27.243753199231485
          ],
          [
            -49.2518321,
            -27.243659999231454
          ],
          [
            -49.25186719999999,
            -27.24355859923144
          ],
          [
            -49.2520561,
            -27.243267299231498
          ],
          [
            -49.25210099999998,
            -27.24318399923147
          ],
          [
            -49.2521395,
            -27.24307959923147
          ],
          [
            -49.252121100000004,
            -27.242968499231505
          ],
          [
            -49.252049500000005,
            -27.242835799231504
          ],
          [
            -49.25195739999999,
            -27.242717799231464
          ],
          [
            -49.25190889999999,
            -27.242606299231472
          ],
          [
            -49.25181120000002,
            -27.242206599231473
          ],
          [
            -49.25171999999998,
            -27.241824899231496
          ],
          [
            -49.2516488,
            -27.24166219923151
          ],
          [
            -49.2515902,
            -27.241550599231502
          ],
          [
            -49.25155849999999,
            -27.241430399231525
          ],
          [
            -49.25155710000002,
            -27.241310499231517
          ],
          [
            -49.251574000000005,
            -27.241082999231534
          ],
          [
            -49.25160610000001,
            -27.24096059923152
          ],
          [
            -49.25159370000001,
            -27.24068179923153
          ],
          [
            -49.25159330000002,
            -27.240489999231556
          ],
          [
            -49.25162690000002,
            -27.240271699231535
          ],
          [
            -49.2517148,
            -27.24000909923155
          ],
          [
            -49.251844999999996,
            -27.239833899231556
          ],
          [
            -49.252262400000006,
            -27.23929379923155
          ],
          [
            -49.25231359999997,
            -27.239222299231546
          ],
          [
            -49.252447399999994,
            -27.239035499231576
          ],
          [
            -49.25289950000001,
            -27.238423899231556
          ],
          [
            -49.253030200000005,
            -27.23820679923158
          ],
          [
            -49.253058899999985,
            -27.238090299231594
          ],
          [
            -49.25306030000002,
            -27.237997399231556
          ],
          [
            -49.25304849999998,
            -27.237892399231608
          ],
          [
            -49.252933799999994,
            -27.23772619923159
          ],
          [
            -49.25278129999998,
            -27.237616399231563
          ],
          [
            -49.25254690000002,
            -27.237601499231577
          ],
          [
            -49.25238619999999,
            -27.237587499231612
          ],
          [
            -49.25230299999998,
            -27.237550499231595
          ],
          [
            -49.25217980000003,
            -27.237497999231607
          ],
          [
            -49.252076199999976,
            -27.237475799231625
          ],
          [
            -49.2518379,
            -27.23749679923157
          ],
          [
            -49.25155840000002,
            -27.237577199231563
          ],
          [
            -49.251356799999996,
            -27.237607599231577
          ],
          [
            -49.2511662,
            -27.23757829923159
          ],
          [
            -49.250979599999994,
            -27.23750699923159
          ],
          [
            -49.2505041,
            -27.237264399231613
          ],
          [
            -49.25000010000002,
            -27.23701539923161
          ],
          [
            -49.24946219999998,
            -27.236736599231573
          ],
          [
            -49.24919019999999,
            -27.236634199231634
          ],
          [
            -49.249144100000024,
            -27.236625399231578
          ],
          [
            -49.248897899999974,
            -27.236578199231598
          ],
          [
            -49.24861149999999,
            -27.236562899231625
          ],
          [
            -49.24839020000002,
            -27.236548499231635
          ],
          [
            -49.24806369999999,
            -27.236602699231593
          ],
          [
            -49.247769699999985,
            -27.236651399231643
          ],
          [
            -49.24748249999999,
            -27.23668859923159
          ],
          [
            -49.2472158,
            -27.236661899231603
          ],
          [
            -49.246845000000015,
            -27.236628199231582
          ],
          [
            -49.246420699999994,
            -27.236681099231603
          ],
          [
            -49.24584570000002,
            -27.236796199231623
          ],
          [
            -49.24556610000002,
            -27.236757699231603
          ],
          [
            -49.24535900000001,
            -27.236673599231622
          ],
          [
            -49.2451787,
            -27.236537399231587
          ],
          [
            -49.24502599999999,
            -27.236302599231607
          ],
          [
            -49.24497580000001,
            -27.236185499231592
          ],
          [
            -49.24496119999998,
            -27.235864999231605
          ],
          [
            -49.24489199999999,
            -27.23563339923161
          ],
          [
            -49.24471089999997,
            -27.235264299231613
          ],
          [
            -49.24446940000002,
            -27.235008999231635
          ],
          [
            -49.2441786,
            -27.234857999231618
          ],
          [
            -49.243919800000015,
            -27.23477289923164
          ],
          [
            -49.243702600000006,
            -27.234737699231626
          ],
          [
            -49.24363469999997,
            -27.234726699231654
          ],
          [
            -49.24314320000002,
            -27.234756599231662
          ],
          [
            -49.24251750000001,
            -27.23493219923165
          ],
          [
            -49.24201649999998,
            -27.23509949923163
          ],
          [
            -49.24178899999998,
            -27.23511629923165
          ],
          [
            -49.241122899999986,
            -27.235065299231618
          ],
          [
            -49.24067919999999,
            -27.23508269923166
          ],
          [
            -49.240462900000004,
            -27.23508979923167
          ],
          [
            -49.240257199999974,
            -27.23511999923163
          ],
          [
            -49.240120400000016,
            -27.235200099231612
          ],
          [
            -49.239690800000005,
            -27.2357187992316
          ],
          [
            -49.23953089999998,
            -27.235867499231603
          ],
          [
            -49.23941589999998,
            -27.235957699231598
          ],
          [
            -49.23921610000002,
            -27.236076399231617
          ],
          [
            -49.2391131,
            -27.23610459923159
          ],
          [
            -49.23898809999998,
            -27.23612919923161
          ],
          [
            -49.238874899999985,
            -27.2361015992316
          ],
          [
            -49.23875850000002,
            -27.2360509992316
          ],
          [
            -49.238715300000024,
            -27.235998099231637
          ],
          [
            -49.23868700000003,
            -27.2359321992316
          ],
          [
            -49.23870720000002,
            -27.23581779923162
          ],
          [
            -49.2387099,
            -27.23579679923163
          ],
          [
            -49.23871960000002,
            -27.23572299923163
          ],
          [
            -49.238711799999976,
            -27.235526299231637
          ],
          [
            -49.238673300000016,
            -27.23540789923162
          ],
          [
            -49.238565600000015,
            -27.235268999231643
          ],
          [
            -49.238471600000025,
            -27.235185899231602
          ],
          [
            -49.23834369999997,
            -27.23492879923161
          ],
          [
            -49.23828049999997,
            -27.234757699231633
          ],
          [
            -49.238119400000016,
            -27.234280699231654
          ],
          [
            -49.23803889999999,
            -27.23404389923168
          ],
          [
            -49.23785299999997,
            -27.23374669923165
          ],
          [
            -49.23753229999999,
            -27.233398799231647
          ],
          [
            -49.23716630000001,
            -27.233141999231663
          ],
          [
            -49.2369334,
            -27.233037499231695
          ],
          [
            -49.23680180000002,
            -27.23301619923168
          ],
          [
            -49.23670980000003,
            -27.233044499231678
          ],
          [
            -49.236615900000004,
            -27.23311729923168
          ],
          [
            -49.236468600000016,
            -27.233231399231695
          ],
          [
            -49.23621639999999,
            -27.233424799231695
          ],
          [
            -49.23608380000002,
            -27.233472299231682
          ],
          [
            -49.23591110000001,
            -27.233499599231685
          ],
          [
            -49.235652800000025,
            -27.23361089923164
          ],
          [
            -49.235448599999984,
            -27.233781999231685
          ],
          [
            -49.23495600000001,
            -27.234345699231657
          ],
          [
            -49.23465870000001,
            -27.234607299231648
          ],
          [
            -49.23439669999999,
            -27.234721899231648
          ],
          [
            -49.23427110000001,
            -27.234720299231633
          ],
          [
            -49.23419519999999,
            -27.234719399231658
          ],
          [
            -49.23380329999998,
            -27.23447859923163
          ],
          [
            -49.23368479999999,
            -27.234326399231637
          ],
          [
            -49.23366529999999,
            -27.23416569923166
          ],
          [
            -49.23362049999997,
            -27.23398819923166
          ],
          [
            -49.23359369999997,
            -27.23383069923165
          ],
          [
            -49.23353020000002,
            -27.233669299231632
          ],
          [
            -49.23352130000001,
            -27.233538199231663
          ],
          [
            -49.23354860000001,
            -27.233433699231643
          ],
          [
            -49.233601599999986,
            -27.23332629923165
          ],
          [
            -49.233706299999994,
            -27.233196599231665
          ],
          [
            -49.2338004,
            -27.233089599231707
          ],
          [
            -49.233922699999994,
            -27.23295039923167
          ],
          [
            -49.234500299999986,
            -27.232341899231688
          ],
          [
            -49.23457969999998,
            -27.232185699231696
          ],
          [
            -49.234647499999994,
            -27.232068599231678
          ],
          [
            -49.23471269999999,
            -27.231882699231726
          ],
          [
            -49.23470880000002,
            -27.23166319923171
          ],
          [
            -49.23466000000002,
            -27.231505399231708
          ],
          [
            -49.23457430000002,
            -27.231363399231736
          ],
          [
            -49.23450960000002,
            -27.231283999231724
          ],
          [
            -49.23450860000003,
            -27.231227199231682
          ],
          [
            -49.23449349999998,
            -27.231161999231702
          ],
          [
            -49.23448259999998,
            -27.231127199231715
          ],
          [
            -49.23446380000001,
            -27.231067799231713
          ],
          [
            -49.23443129999998,
            -27.231012699231712
          ],
          [
            -49.23441200000002,
            -27.230989799231697
          ],
          [
            -49.234362799999985,
            -27.23096439923172
          ],
          [
            -49.234300700000006,
            -27.230949199231716
          ],
          [
            -49.23423539999999,
            -27.23092159923171
          ],
          [
            -49.23420670000001,
            -27.230914999231697
          ],
          [
            -49.23415469999998,
            -27.230916399231724
          ],
          [
            -49.23403760000003,
            -27.230952099231743
          ],
          [
            -49.233964699999994,
            -27.230985599231715
          ],
          [
            -49.233716300000026,
            -27.230933399231745
          ],
          [
            -49.23340189999999,
            -27.230890099231726
          ],
          [
            -49.233178599999974,
            -27.230877399231705
          ],
          [
            -49.23275830000001,
            -27.230806599231702
          ],
          [
            -49.23225409999998,
            -27.230711799231706
          ],
          [
            -49.23186049999998,
            -27.230575799231723
          ],
          [
            -49.23159040000002,
            -27.230510199231748
          ],
          [
            -49.23147449999998,
            -27.230502399231696
          ],
          [
            -49.23122799999999,
            -27.23048599923171
          ],
          [
            -49.23095660000001,
            -27.230505499231715
          ],
          [
            -49.2307247,
            -27.230567999231724
          ],
          [
            -49.23052899999999,
            -27.230663799231724
          ],
          [
            -49.23036589999998,
            -27.23078299923169
          ],
          [
            -49.23019879999998,
            -27.230924999231735
          ],
          [
            -49.23007530000001,
            -27.231083899231695
          ],
          [
            -49.229981899999984,
            -27.23124309923168
          ],
          [
            -49.229928500000035,
            -27.23133429923172
          ],
          [
            -49.229803800000006,
            -27.231568499231678
          ],
          [
            -49.22969519999998,
            -27.231717799231713
          ],
          [
            -49.229652199999975,
            -27.231747299231696
          ],
          [
            -49.229573000000016,
            -27.23180149923172
          ],
          [
            -49.229451299999994,
            -27.231848999231705
          ],
          [
            -49.22926410000003,
            -27.231866299231672
          ],
          [
            -49.22905520000001,
            -27.23187349923169
          ],
          [
            -49.22877949999997,
            -27.231925699231674
          ],
          [
            -49.2285071,
            -27.232004199231703
          ],
          [
            -49.22819870000001,
            -27.232042799231685
          ],
          [
            -49.22796699999998,
            -27.23209559923168
          ],
          [
            -49.22751820000002,
            -27.23220779923172
          ],
          [
            -49.22717979999999,
            -27.232288699231713
          ],
          [
            -49.22684149999998,
            -27.232362999231718
          ],
          [
            -49.226573799999976,
            -27.23237269923168
          ],
          [
            -49.22634310000001,
            -27.232366499231695
          ],
          [
            -49.22616040000002,
            -27.232334799231683
          ],
          [
            -49.22583909999998,
            -27.23226189923172
          ],
          [
            -49.22552949999999,
            -27.232143299231705
          ],
          [
            -49.22542279999999,
            -27.232082999231682
          ],
          [
            -49.225257100000015,
            -27.231989199231677
          ],
          [
            -49.22507680000002,
            -27.231806799231713
          ],
          [
            -49.22493989999998,
            -27.231657599231713
          ],
          [
            -49.22483890000001,
            -27.231554799231724
          ],
          [
            -49.22466029999998,
            -27.23149359923172
          ],
          [
            -49.224335199999985,
            -27.2314337992317
          ],
          [
            -49.22353770000001,
            -27.231348299231684
          ],
          [
            -49.222794299999975,
            -27.231319199231688
          ],
          [
            -49.222185000000025,
            -27.231383599231716
          ],
          [
            -49.221880999999996,
            -27.231379699231695
          ]
        ]
      },
      "properties": {
        "OBJECTID": 346022,
        "COTRECHO": 344710,
        "COBACIA": "77962595",
        "NORIOCOMP": "Rio Itajaí-mirim",
        "NOORIGINAL": "Rio Itajaí-mirim",
        "NUSTRAHLER": 4,
        "NUTRJUS": 344735,
        "NUCOMPTREC": 8.60566503,
        "NUAREAMONT": 549.25979652
      }
    },
    {
      "type": "Feature",
      "id": 346023,
      "geometry": {
        "type": "LineString",
        "coordinates": [
          [
            -48.793346499999984,
            -26.963352899236877
          ],
          [
            -48.7930748,
            -26.963045799236852
          ],
          [
            -48.792734100000025,
            -26.962521099236888
          ],
          [
            -48.79254659999998,
            -26.962170399236875
          ],
          [
            -48.79228640000002,
            -26.961659899236874
          ],
          [
            -48.79210260000002,
            -26.96136009923689
          ],
          [
            -48.79176840000002,
            -26.960979799236924
          ],
          [
            -48.791218800000024,
            -26.960431199236936
          ],
          [
            -48.79078049999998,
            -26.95990239923691
          ],
          [
            -48.79042190000002,
            -26.959458599236942
          ],
          [
            -48.790033600000015,
            -26.958956299236956
          ],
          [
            -48.789700100000005,
            -26.958532799236963
          ],
          [
            -48.78950639999999,
            -26.958336599236954
          ],
          [
            -48.78930070000001,
            -26.95806409923697
          ],
          [
            -48.78902099999999,
            -26.957733499236983
          ],
          [
            -48.78878159999999,
            -26.957468699236976
          ],
          [
            -48.78848119999997,
            -26.95709649923696
          ],
          [
            -48.788181500000015,
            -26.956716599236984
          ],
          [
            -48.78790299999997,
            -26.956458199236987
          ],
          [
            -48.78763959999998,
            -26.956187299237023
          ],
          [
            -48.78747370000002,
            -26.956023899236996
          ],
          [
            -48.78731649999998,
            -26.955811799237
          ],
          [
            -48.787217199999986,
            -26.95563219923704
          ],
          [
            -48.78700020000003,
            -26.95532329923699
          ],
          [
            -48.78677879999998,
            -26.955068199237058
          ],
          [
            -48.78664909999998,
            -26.95489039923704
          ],
          [
            -48.7865524,
            -26.95477939923704
          ],
          [
            -48.78635589999999,
            -26.95458289923702
          ],
          [
            -48.78613739999998,
            -26.954441999237012
          ],
          [
            -48.78585880000003,
            -26.954321099237056
          ],
          [
            -48.78547880000002,
            -26.95416059923706
          ],
          [
            -48.785130200000026,
            -26.954024599237076
          ],
          [
            -48.7845633,
            -26.95386389923704
          ],
          [
            -48.783976499999994,
            -26.95372779923708
          ],
          [
            -48.7839363,
            -26.953720099237046
          ],
          [
            -48.78350440000003,
            -26.95366009923704
          ],
          [
            -48.78313220000001,
            -26.953668199237033
          ],
          [
            -48.782706399999995,
            -26.953675199237065
          ],
          [
            -48.7824139,
            -26.95368859923708
          ],
          [
            -48.78168130000001,
            -26.953783599237063
          ],
          [
            -48.78146880000003,
            -26.953858799237025
          ],
          [
            -48.78092490000001,
            -26.954088399237037
          ],
          [
            -48.780689199999976,
            -26.954166299237034
          ],
          [
            -48.780394,
            -26.95422459923702
          ],
          [
            -48.78007270000001,
            -26.954289399237048
          ],
          [
            -48.77951200000001,
            -26.95442319923705
          ],
          [
            -48.77914129999999,
            -26.95448719923705
          ],
          [
            -48.7786845,
            -26.95455599923706
          ],
          [
            -48.778112700000015,
            -26.95462649923705
          ],
          [
            -48.77703910000003,
            -26.95464269923705
          ],
          [
            -48.77662220000002,
            -26.954640299237028
          ],
          [
            -48.7760217,
            -26.954589799237045
          ],
          [
            -48.775616000000014,
            -26.95447899923703
          ],
          [
            -48.77524949999997,
            -26.954271899237025
          ],
          [
            -48.775063400000015,
            -26.95408729923708
          ],
          [
            -48.774565499999994,
            -26.953584999237034
          ],
          [
            -48.774025300000005,
            -26.95311049923705
          ],
          [
            -48.77355449999999,
            -26.952707899237076
          ],
          [
            -48.77320789999999,
            -26.952294299237085
          ],
          [
            -48.7728032,
            -26.9518402992371
          ],
          [
            -48.7726548,
            -26.95163309923708
          ],
          [
            -48.772422800000015,
            -26.951364799237123
          ],
          [
            -48.77191829999998,
            -26.950952899237105
          ],
          [
            -48.77159710000001,
            -26.950776399237103
          ],
          [
            -48.77130469999998,
            -26.95061889923711
          ],
          [
            -48.771026800000016,
            -26.950565999237103
          ],
          [
            -48.77037840000003,
            -26.95055139923711
          ],
          [
            -48.76965740000003,
            -26.950494399237144
          ],
          [
            -48.76919800000002,
            -26.95036029923712
          ],
          [
            -48.768598,
            -26.950092699237146
          ],
          [
            -48.76823969999998,
            -26.94990059923711
          ],
          [
            -48.76794929999999,
            -26.949638799237125
          ],
          [
            -48.76788140000002,
            -26.949561799237163
          ]
        ]
      },
      "properties": {
        "OBJECTID": 346023,
        "COTRECHO": 344713,
        "COBACIA": "77962317",
        "NORIOCOMP": "Rio Itajaí-mirim",
        "NOORIGINAL": "Rio Itajaí-mirim",
        "NUSTRAHLER": 4,
        "NUTRJUS": 24977,
        "NUCOMPTREC": 3.28943278,
        "NUAREAMONT": 1511.09182902
      }
    },
    {
      "type": "Feature",
      "id": 346025,
      "geometry": {
        "type": "LineString",
        "coordinates": [
          [
            -49.34092209999999,
            -27.360459499229236
          ],
          [
            -49.34072149999997,
            -27.360261599229258
          ],
          [
            -49.340590399999996,
            -27.360139499229255
          ],
          [
            -49.34039150000001,
            -27.359955299229288
          ],
          [
            -49.34023560000003,
            -27.35978709922926
          ],
          [
            -49.3400982,
            -27.359628099229266
          ],
          [
            -49.34003740000002,
            -27.35953059922929
          ],
          [
            -49.339955299999986,
            -27.359434999229293
          ],
          [
            -49.33987280000002,
            -27.35936099922925
          ],
          [
            -49.33969430000002,
            -27.3592084992293
          ],
          [
            -49.339594999999974,
            -27.359119199229294
          ],
          [
            -49.33953170000001,
            -27.35902839922927
          ],
          [
            -49.339506700000015,
            -27.358943399229272
          ],
          [
            -49.33950429999999,
            -27.35883349922929
          ],
          [
            -49.339524100000006,
            -27.358721999229275
          ],
          [
            -49.339595599999996,
            -27.3585362992293
          ],
          [
            -49.339691500000015,
            -27.358339199229277
          ],
          [
            -49.339750400000014,
            -27.358171399229295
          ],
          [
            -49.339815199999975,
            -27.3580037992293
          ],
          [
            -49.33991789999999,
            -27.35781219922931
          ],
          [
            -49.33999749999998,
            -27.357727399229283
          ],
          [
            -49.34009529999997,
            -27.357615799229325
          ],
          [
            -49.34014300000002,
            -27.35752589922929
          ],
          [
            -49.3402299,
            -27.357306899229332
          ],
          [
            -49.34036839999999,
            -27.357037799229314
          ],
          [
            -49.34049270000003,
            -27.356796299229305
          ],
          [
            -49.34072359999998,
            -27.356317099229344
          ],
          [
            -49.340813200000014,
            -27.35610079922931
          ],
          [
            -49.34086799999999,
            -27.355954899229307
          ],
          [
            -49.340902200000016,
            -27.35591039922935
          ],
          [
            -49.3409628,
            -27.35586829922933
          ],
          [
            -49.341071500000005,
            -27.35581619922933
          ],
          [
            -49.341249000000005,
            -27.355709399229355
          ],
          [
            -49.341509900000005,
            -27.355561599229326
          ],
          [
            -49.341608699999995,
            -27.355528499229326
          ],
          [
            -49.341762700000004,
            -27.355493999229356
          ],
          [
            -49.34183250000001,
            -27.35547559922932
          ],
          [
            -49.341888100000006,
            -27.355448399229342
          ],
          [
            -49.34194630000001,
            -27.35540419922936
          ],
          [
            -49.342014500000005,
            -27.35533439922935
          ],
          [
            -49.34210739999997,
            -27.35521579922935
          ],
          [
            -49.342228999999975,
            -27.355101699229312
          ],
          [
            -49.34233719999997,
            -27.354980799229374
          ],
          [
            -49.34235860000001,
            -27.354956899229347
          ],
          [
            -49.34243670000001,
            -27.35486159922935
          ],
          [
            -49.34247140000002,
            -27.35478929922935
          ],
          [
            -49.34250389999999,
            -27.35469559922937
          ],
          [
            -49.34251289999997,
            -27.35458159922938
          ],
          [
            -49.342485399999994,
            -27.354495699229336
          ],
          [
            -49.342415200000005,
            -27.35437509922938
          ],
          [
            -49.3422855,
            -27.354218799229383
          ],
          [
            -49.34218600000003,
            -27.354138499229347
          ],
          [
            -49.34208849999999,
            -27.354081699229365
          ],
          [
            -49.341935700000015,
            -27.35403499922938
          ],
          [
            -49.341761099999985,
            -27.354000799229365
          ],
          [
            -49.34161260000002,
            -27.353992699229355
          ],
          [
            -49.34138250000001,
            -27.353983499229393
          ],
          [
            -49.3411107,
            -27.35400379922935
          ],
          [
            -49.34087549999998,
            -27.35401379922939
          ],
          [
            -49.34064009999997,
            -27.35403669922937
          ],
          [
            -49.34047220000002,
            -27.35403899922937
          ],
          [
            -49.3403452,
            -27.354030999229384
          ],
          [
            -49.3400891,
            -27.353991499229377
          ],
          [
            -49.33987289999999,
            -27.353953899229392
          ],
          [
            -49.339523799999995,
            -27.35388609922937
          ],
          [
            -49.339232400000014,
            -27.353809899229365
          ],
          [
            -49.33902929999999,
            -27.35375399922935
          ],
          [
            -49.33879009999998,
            -27.3536671992294
          ],
          [
            -49.33869279999999,
            -27.35359979922937
          ],
          [
            -49.33860520000002,
            -27.353519599229415
          ],
          [
            -49.33851120000003,
            -27.353394399229398
          ],
          [
            -49.33840930000002,
            -27.353199299229413
          ],
          [
            -49.33832819999998,
            -27.35300339922936
          ],
          [
            -49.33822809999998,
            -27.35274469922942
          ],
          [
            -49.33810490000002,
            -27.35253979922939
          ],
          [
            -49.33802780000003,
            -27.3524275992294
          ],
          [
            -49.33791830000001,
            -27.35229189922941
          ],
          [
            -49.33768379999998,
            -27.352083199229384
          ],
          [
            -49.33759250000003,
            -27.35197079922941
          ],
          [
            -49.337539100000015,
            -27.351866499229445
          ],
          [
            -49.337507000000016,
            -27.351752999229387
          ],
          [
            -49.33733669999999,
            -27.35127029922943
          ],
          [
            -49.33726309999997,
            -27.35107969922944
          ],
          [
            -49.33722060000002,
            -27.350999899229404
          ],
          [
            -49.3371778,
            -27.350919199229455
          ],
          [
            -49.33709399999998,
            -27.350772499229436
          ],
          [
            -49.33700329999999,
            -27.350628799229412
          ],
          [
            -49.33680850000001,
            -27.350290899229442
          ],
          [
            -49.336675699999994,
            -27.350115899229436
          ],
          [
            -49.33655970000001,
            -27.349976199229456
          ],
          [
            -49.33647530000002,
            -27.349836399229464
          ],
          [
            -49.33640559999998,
            -27.349641199229456
          ],
          [
            -49.33631329999997,
            -27.34933469922944
          ],
          [
            -49.3362884,
            -27.349177399229433
          ],
          [
            -49.33626670000002,
            -27.348848499229444
          ],
          [
            -49.3362836,
            -27.348660999229466
          ],
          [
            -49.33631930000002,
            -27.34856799922947
          ],
          [
            -49.33641069999999,
            -27.34844669922949
          ],
          [
            -49.336494200000004,
            -27.348342099229505
          ],
          [
            -49.33651579999997,
            -27.348299799229487
          ],
          [
            -49.33652829999999,
            -27.348226899229463
          ],
          [
            -49.33652599999999,
            -27.348129999229506
          ],
          [
            -49.3365169,
            -27.3479744992295
          ],
          [
            -49.33653190000001,
            -27.347860799229462
          ],
          [
            -49.33656209999997,
            -27.347757399229458
          ],
          [
            -49.3366431,
            -27.347588999229526
          ],
          [
            -49.33669450000003,
            -27.3474654992295
          ],
          [
            -49.336718800000035,
            -27.34736889922949
          ],
          [
            -49.33673190000002,
            -27.347258499229508
          ],
          [
            -49.33672769999998,
            -27.347153999229494
          ],
          [
            -49.3367025,
            -27.347060199229492
          ],
          [
            -49.33665849999999,
            -27.34694239922949
          ],
          [
            -49.336607300000026,
            -27.346786399229483
          ],
          [
            -49.33657269999998,
            -27.34667889922948
          ],
          [
            -49.33654119999999,
            -27.34662069922953
          ],
          [
            -49.3365111,
            -27.346593099229512
          ],
          [
            -49.336474099999975,
            -27.346579799229495
          ],
          [
            -49.33642340000001,
            -27.346577999229527
          ],
          [
            -49.336372400000016,
            -27.346588099229535
          ],
          [
            -49.33630520000003,
            -27.346614699229484
          ],
          [
            -49.336248800000014,
            -27.346636699229492
          ],
          [
            -49.3362032,
            -27.346646899229512
          ],
          [
            -49.336173900000006,
            -27.346644099229504
          ],
          [
            -49.33613930000001,
            -27.346635399229537
          ],
          [
            -49.33611350000002,
            -27.34662069922953
          ],
          [
            -49.33607269999999,
            -27.346582099229483
          ],
          [
            -49.336039200000016,
            -27.346535999229534
          ],
          [
            -49.33594799999997,
            -27.346397299229494
          ],
          [
            -49.33591050000001,
            -27.346292399229498
          ],
          [
            -49.335850100000016,
            -27.34616379922952
          ],
          [
            -49.33578460000002,
            -27.346053299229514
          ],
          [
            -49.33563830000003,
            -27.345837399229513
          ],
          [
            -49.33548510000003,
            -27.345626399229552
          ],
          [
            -49.33534789999999,
            -27.345433799229554
          ],
          [
            -49.3352405,
            -27.345326899229505
          ],
          [
            -49.33509520000002,
            -27.345223699229567
          ],
          [
            -49.33488870000002,
            -27.34506409922955
          ],
          [
            -49.33469689999998,
            -27.344896999229547
          ],
          [
            -49.33462789999999,
            -27.34484389922954
          ],
          [
            -49.3345817,
            -27.344819399229554
          ],
          [
            -49.3345377,
            -27.344803299229564
          ],
          [
            -49.334494800000016,
            -27.344794499229522
          ],
          [
            -49.33444129999997,
            -27.344790799229546
          ],
          [
            -49.334362,
            -27.34479709922954
          ],
          [
            -49.33418089999998,
            -27.34482819922954
          ],
          [
            -49.33405349999998,
            -27.344836199229526
          ],
          [
            -49.33389360000001,
            -27.344829199229544
          ],
          [
            -49.333684600000026,
            -27.344795399229543
          ],
          [
            -49.333328100000024,
            -27.344704799229536
          ],
          [
            -49.33292879999999,
            -27.344593099229556
          ],
          [
            -49.33267599999999,
            -27.34451499922955
          ],
          [
            -49.33258110000003,
            -27.344476999229528
          ],
          [
            -49.33255430000003,
            -27.34445939922956
          ],
          [
            -49.3325289,
            -27.344429199229538
          ],
          [
            -49.332490800000016,
            -27.344345499229522
          ],
          [
            -49.332469600000024,
            -27.344242099229536
          ],
          [
            -49.332485899999995,
            -27.344122599229546
          ],
          [
            -49.332568900000005,
            -27.34389009922957
          ],
          [
            -49.33278259999997,
            -27.343493799229538
          ],
          [
            -49.332958200000014,
            -27.343260399229592
          ],
          [
            -49.333126900000025,
            -27.34303469922956
          ],
          [
            -49.333228700000014,
            -27.342853199229566
          ],
          [
            -49.33333640000001,
            -27.342628699229564
          ],
          [
            -49.333392300000014,
            -27.34251929922958
          ],
          [
            -49.3334802,
            -27.342378999229577
          ],
          [
            -49.33364089999998,
            -27.3421676992296
          ],
          [
            -49.333791299999966,
            -27.34198699922962
          ],
          [
            -49.33388609999998,
            -27.341877099229585
          ],
          [
            -49.33397939999997,
            -27.3417239992296
          ],
          [
            -49.334020899999985,
            -27.34162219922962
          ],
          [
            -49.334053600000004,
            -27.3415072992296
          ],
          [
            -49.334064899999994,
            -27.341362199229597
          ],
          [
            -49.33405049999999,
            -27.341225699229607
          ],
          [
            -49.334006499999994,
            -27.341099399229627
          ],
          [
            -49.33393719999998,
            -27.340986299229613
          ],
          [
            -49.333856000000026,
            -27.340903599229605
          ],
          [
            -49.33373369999998,
            -27.34082049922962
          ],
          [
            -49.3335611,
            -27.340728599229593
          ],
          [
            -49.33336539999999,
            -27.340650799229614
          ],
          [
            -49.333203899999994,
            -27.340558399229636
          ],
          [
            -49.333056699999986,
            -27.34045659922961
          ],
          [
            -49.33283510000001,
            -27.340261799229637
          ],
          [
            -49.332595000000026,
            -27.340009399229622
          ],
          [
            -49.33233569999999,
            -27.339764999229647
          ],
          [
            -49.332132899999976,
            -27.33959779922962
          ],
          [
            -49.331888400000025,
            -27.339473999229636
          ],
          [
            -49.331586500000014,
            -27.339342299229642
          ],
          [
            -49.3313354,
            -27.339236199229664
          ],
          [
            -49.3311607,
            -27.339180199229638
          ],
          [
            -49.33098000000001,
            -27.339139499229645
          ],
          [
            -49.33070659999999,
            -27.33909489922968
          ],
          [
            -49.33047390000002,
            -27.33906899922965
          ],
          [
            -49.33024360000002,
            -27.33906879922967
          ],
          [
            -49.33004770000002,
            -27.33907929922964
          ],
          [
            -49.329745199999984,
            -27.339098799229646
          ],
          [
            -49.32940989999997,
            -27.339127799229665
          ],
          [
            -49.32928099999998,
            -27.33912749922967
          ],
          [
            -49.32916410000002,
            -27.33911889922967
          ],
          [
            -49.3290978,
            -27.339098299229647
          ],
          [
            -49.32902580000001,
            -27.339057899229655
          ],
          [
            -49.3289661,
            -27.339001399229623
          ],
          [
            -49.32886669999999,
            -27.338901199229664
          ],
          [
            -49.32877309999998,
            -27.338781399229685
          ],
          [
            -49.32872659999999,
            -27.33870579922966
          ],
          [
            -49.3287115,
            -27.338653299229637
          ],
          [
            -49.328707599999966,
            -27.338595299229674
          ],
          [
            -49.32871790000002,
            -27.338546599229637
          ],
          [
            -49.32875860000002,
            -27.338472099229648
          ],
          [
            -49.328868399999976,
            -27.338344599229696
          ],
          [
            -49.32905560000001,
            -27.338149499229658
          ],
          [
            -49.3291198,
            -27.33810079922967
          ],
          [
            -49.32918990000002,
            -27.33807469922966
          ],
          [
            -49.329283799999985,
            -27.338058899229694
          ],
          [
            -49.32949480000002,
            -27.338054299229686
          ],
          [
            -49.32969379999998,
            -27.33805549922967
          ],
          [
            -49.32983150000001,
            -27.338074099229647
          ],
          [
            -49.3299136,
            -27.3380962992297
          ],
          [
            -49.329974900000025,
            -27.338133799229645
          ],
          [
            -49.330040999999994,
            -27.33816719922966
          ],
          [
            -49.33011049999999,
            -27.338190599229684
          ],
          [
            -49.3301849,
            -27.338199999229644
          ],
          [
            -49.33032939999998,
            -27.33819039922964
          ],
          [
            -49.33048200000002,
            -27.33816539922965
          ],
          [
            -49.3306642,
            -27.338110799229646
          ],
          [
            -49.3308811,
            -27.3380340992297
          ],
          [
            -49.3310874,
            -27.33793559922965
          ],
          [
            -49.33122020000002,
            -27.337862199229697
          ],
          [
            -49.33131020000002,
            -27.337782699229667
          ],
          [
            -49.33142329999998,
            -27.337661799229657
          ],
          [
            -49.33148010000002,
            -27.337576199229687
          ],
          [
            -49.331528,
            -27.337447499229683
          ],
          [
            -49.33154539999998,
            -27.337348699229686
          ],
          [
            -49.3315518,
            -27.337234199229698
          ],
          [
            -49.33153579999998,
            -27.33698209922969
          ],
          [
            -49.3315058,
            -27.336717699229705
          ],
          [
            -49.3314469,
            -27.3365780992297
          ],
          [
            -49.331365300000016,
            -27.336434499229696
          ],
          [
            -49.331258400000024,
            -27.336290599229677
          ],
          [
            -49.331073,
            -27.336129999229737
          ],
          [
            -49.33090399999997,
            -27.336026699229702
          ],
          [
            -49.33071200000001,
            -27.335930499229725
          ],
          [
            -49.33046650000001,
            -27.3357955992297
          ],
          [
            -49.33011709999999,
            -27.335568099229697
          ],
          [
            -49.32987079999999,
            -27.335426799229715
          ],
          [
            -49.329746399999976,
            -27.33537449922972
          ],
          [
            -49.329562399999986,
            -27.3353164992297
          ],
          [
            -49.32943740000002,
            -27.335299699229733
          ],
          [
            -49.3292813,
            -27.335301099229714
          ],
          [
            -49.329152599999986,
            -27.335306999229722
          ],
          [
            -49.329054799999994,
            -27.3353020992297
          ],
          [
            -49.32896829999999,
            -27.335287399229745
          ],
          [
            -49.3289044,
            -27.33525669922972
          ],
          [
            -49.32884769999999,
            -27.335217299229733
          ],
          [
            -49.32879539999999,
            -27.335161799229702
          ],
          [
            -49.32875030000002,
            -27.335091399229746
          ],
          [
            -49.32867709999999,
            -27.334965399229716
          ],
          [
            -49.32864009999997,
            -27.33484729922972
          ],
          [
            -49.3286296,
            -27.334732699229754
          ],
          [
            -49.32863639999999,
            -27.334630799229757
          ],
          [
            -49.32866030000002,
            -27.334555799229715
          ],
          [
            -49.3287072,
            -27.33447889922976
          ],
          [
            -49.32878219999998,
            -27.334406099229763
          ],
          [
            -49.328913899999975,
            -27.33430099922974
          ],
          [
            -49.32909439999997,
            -27.334173699229755
          ],
          [
            -49.329191700000024,
            -27.334129099229735
          ],
          [
            -49.3292768,
            -27.334107299229785
          ],
          [
            -49.32937579999998,
            -27.334080299229726
          ],
          [
            -49.32945089999998,
            -27.334047099229764
          ],
          [
            -49.329491599999976,
            -27.334006899229774
          ],
          [
            -49.32953250000003,
            -27.333950699229753
          ],
          [
            -49.32956569999999,
            -27.333856099229745
          ],
          [
            -49.32959039999997,
            -27.333684399229746
          ],
          [
            -49.32960209999999,
            -27.333442499229765
          ],
          [
            -49.32960589999999,
            -27.333336099229765
          ],
          [
            -49.32964750000002,
            -27.333082499229754
          ],
          [
            -49.32964759999999,
            -27.332958499229793
          ],
          [
            -49.329627500000015,
            -27.332887599229764
          ],
          [
            -49.32959140000003,
            -27.332830599229812
          ],
          [
            -49.32952560000001,
            -27.332762299229785
          ],
          [
            -49.32943310000002,
            -27.332710899229774
          ],
          [
            -49.32928429999998,
            -27.332661999229796
          ],
          [
            -49.328708199999994,
            -27.332566599229782
          ],
          [
            -49.32844260000002,
            -27.33255869922977
          ],
          [
            -49.32826640000002,
            -27.332573799229746
          ],
          [
            -49.328077500000006,
            -27.332618699229783
          ],
          [
            -49.32792369999998,
            -27.332665499229787
          ],
          [
            -49.32775179999999,
            -27.332746699229755
          ],
          [
            -49.327626699999996,
            -27.33283319922976
          ],
          [
            -49.3275362,
            -27.33288389922978
          ],
          [
            -49.327469099999966,
            -27.33290349922975
          ],
          [
            -49.327396900000004,
            -27.332905799229767
          ],
          [
            -49.32733710000002,
            -27.33290349922975
          ],
          [
            -49.327230100000016,
            -27.33287869922976
          ],
          [
            -49.327167799999984,
            -27.332856699229755
          ],
          [
            -49.327027100000016,
            -27.332807199229766
          ],
          [
            -49.326319500000004,
            -27.33253769922977
          ],
          [
            -49.32609960000002,
            -27.33241889922978
          ],
          [
            -49.32596030000002,
            -27.33232459922978
          ],
          [
            -49.325891000000006,
            -27.332253099229778
          ],
          [
            -49.325836100000004,
            -27.33213199922979
          ],
          [
            -49.32582489999999,
            -27.332061199229795
          ],
          [
            -49.32582780000001,
            -27.3319795992298
          ],
          [
            -49.32585039999997,
            -27.3318824992298
          ],
          [
            -49.32597920000001,
            -27.331517699229806
          ],
          [
            -49.326218900000015,
            -27.331134299229777
          ],
          [
            -49.3263968,
            -27.33084979922982
          ],
          [
            -49.32640279999999,
            -27.330834399229825
          ],
          [
            -49.32649650000001,
            -27.330591499229836
          ],
          [
            -49.3265275,
            -27.330411499229843
          ],
          [
            -49.326522599999976,
            -27.330268999229812
          ],
          [
            -49.32646790000001,
            -27.330115399229832
          ],
          [
            -49.32632289999998,
            -27.32985729922984
          ],
          [
            -49.326155099999994,
            -27.329697099229794
          ],
          [
            -49.325898300000006,
            -27.32955799922986
          ],
          [
            -49.32559850000001,
            -27.32945309922987
          ],
          [
            -49.32550259999999,
            -27.329420499229865
          ],
          [
            -49.325204799999995,
            -27.32932839922985
          ],
          [
            -49.32507320000002,
            -27.329274099229856
          ],
          [
            -49.32491449999998,
            -27.329175999229857
          ],
          [
            -49.32484790000001,
            -27.32913699922985
          ],
          [
            -49.32483130000003,
            -27.32912329922984
          ],
          [
            -49.32482470000002,
            -27.32910969922985
          ],
          [
            -49.32482229999999,
            -27.32909889922987
          ],
          [
            -49.324819400000024,
            -27.329079699229872
          ],
          [
            -49.324819400000024,
            -27.329050299229845
          ],
          [
            -49.32482900000002,
            -27.328998599229834
          ],
          [
            -49.32484549999998,
            -27.328946499229815
          ],
          [
            -49.32483309999997,
            -27.32884679922985
          ],
          [
            -49.324834399999986,
            -27.328758199229828
          ],
          [
            -49.32485380000003,
            -27.32865089922987
          ],
          [
            -49.32501730000001,
            -27.32838699922988
          ],
          [
            -49.32516020000003,
            -27.328081799229864
          ],
          [
            -49.325180699999976,
            -27.327898499229864
          ],
          [
            -49.325123099999985,
            -27.32771419922987
          ],
          [
            -49.325000999999986,
            -27.327582999229875
          ],
          [
            -49.32478609999998,
            -27.327491799229893
          ],
          [
            -49.324626900000005,
            -27.327464599229856
          ],
          [
            -49.324485100000004,
            -27.327466099229856
          ],
          [
            -49.324285700000026,
            -27.327520599229896
          ],
          [
            -49.32405,
            -27.32763169922985
          ],
          [
            -49.32388170000001,
            -27.32774049922988
          ],
          [
            -49.323702200000014,
            -27.32788709922987
          ],
          [
            -49.3235818,
            -27.32811349922983
          ],
          [
            -49.32352909999997,
            -27.328318499229887
          ],
          [
            -49.32350869999999,
            -27.328492299229847
          ],
          [
            -49.32355460000002,
            -27.32874289922986
          ],
          [
            -49.323638200000005,
            -27.329079299229836
          ],
          [
            -49.32363959999998,
            -27.329184999229827
          ],
          [
            -49.32361720000001,
            -27.329257499229826
          ],
          [
            -49.323573200000006,
            -27.32935819922984
          ],
          [
            -49.32348990000003,
            -27.32947429922985
          ],
          [
            -49.3233429,
            -27.329580099229826
          ],
          [
            -49.323143000000016,
            -27.329669499229865
          ],
          [
            -49.32290810000001,
            -27.329723699229817
          ],
          [
            -49.32263089999998,
            -27.32976779922985
          ],
          [
            -49.32246780000003,
            -27.329768999229813
          ],
          [
            -49.32236160000003,
            -27.329755099229825
          ],
          [
            -49.3222806,
            -27.32972239922981
          ],
          [
            -49.322228199999984,
            -27.32966799922985
          ],
          [
            -49.32220069999999,
            -27.329610699229832
          ],
          [
            -49.32219489999999,
            -27.329525199229828
          ],
          [
            -49.32219570000001,
            -27.329468299229813
          ]
        ]
      },
      "properties": {
        "OBJECTID": 346025,
        "COTRECHO": 344712,
        "COBACIA": "7796277",
        "NORIOCOMP": "Rio Itajaí-mirim",
        "NOORIGINAL": "Rio Itajaí-mirim",
        "NUSTRAHLER": 4,
        "NUTRJUS": 344240,
        "NUCOMPTREC": 6.24996934,
        "NUAREAMONT": 286.90736574
      }
    },
    {
      "type": "Feature",
      "id": 346026,
      "geometry": {
        "type": "LineString",
        "coordinates": [
          [
            -48.906070600000014,
            -27.093135399234356
          ],
          [
            -48.90604860000002,
            -27.093012899234388
          ],
          [
            -48.90602660000002,
            -27.09288889923436
          ],
          [
            -48.905948799999976,
            -27.09253039923437
          ],
          [
            -48.90593180000002,
            -27.092132799234374
          ],
          [
            -48.9059282,
            -27.0918008992344
          ],
          [
            -48.90593999999999,
            -27.091425599234366
          ],
          [
            -48.905945299999985,
            -27.091141899234415
          ],
          [
            -48.9060723,
            -27.090873099234418
          ],
          [
            -48.906329700000015,
            -27.090680499234427
          ],
          [
            -48.9066684,
            -27.0905763992344
          ],
          [
            -48.90689450000002,
            -27.090545499234427
          ],
          [
            -48.907245199999984,
            -27.09046019923441
          ],
          [
            -48.90751840000002,
            -27.090399699234393
          ],
          [
            -48.90781149999997,
            -27.090307099234437
          ],
          [
            -48.9081549,
            -27.09022179923441
          ],
          [
            -48.90842980000002,
            -27.09013669923443
          ],
          [
            -48.908696899999995,
            -27.090015699234407
          ],
          [
            -48.908935299999996,
            -27.089887799234408
          ],
          [
            -48.909123299999976,
            -27.08974849923441
          ],
          [
            -48.90930179999998,
            -27.08962749923443
          ],
          [
            -48.90945799999998,
            -27.089515699234422
          ],
          [
            -48.909602199999995,
            -27.089401499234448
          ],
          [
            -48.90984409999999,
            -27.089211199234462
          ],
          [
            -48.91003060000003,
            -27.089017999234443
          ],
          [
            -48.91014660000002,
            -27.088891599234454
          ],
          [
            -48.91025550000001,
            -27.088733799234447
          ],
          [
            -48.910377400000016,
            -27.08852239923444
          ],
          [
            -48.910475299999966,
            -27.088301999234446
          ],
          [
            -48.91051490000001,
            -27.088117299234476
          ],
          [
            -48.9105515,
            -27.087838699234492
          ],
          [
            -48.91055849999997,
            -27.087595399234463
          ],
          [
            -48.91049989999999,
            -27.08737909923449
          ],
          [
            -48.9103475,
            -27.087157199234454
          ],
          [
            -48.91018609999997,
            -27.0869983992345
          ],
          [
            -48.910044700000014,
            -27.086834699234483
          ],
          [
            -48.909891800000025,
            -27.086638599234497
          ],
          [
            -48.90980109999998,
            -27.086469199234486
          ],
          [
            -48.909719600000024,
            -27.086319399234466
          ],
          [
            -48.90966129999998,
            -27.086215099234504
          ],
          [
            -48.90963829999999,
            -27.086158799234507
          ],
          [
            -48.909600899999994,
            -27.086100099234496
          ],
          [
            -48.909499700000026,
            -27.08595779923451
          ],
          [
            -48.90940840000002,
            -27.085820699234493
          ],
          [
            -48.909283200000004,
            -27.08568959923453
          ],
          [
            -48.90916320000002,
            -27.08553699923449
          ],
          [
            -48.90905789999999,
            -27.085373899234487
          ],
          [
            -48.90898060000001,
            -27.08523759923453
          ],
          [
            -48.90891169999997,
            -27.085055699234516
          ],
          [
            -48.908854899999994,
            -27.084873899234513
          ],
          [
            -48.90880069999997,
            -27.08468139923455
          ],
          [
            -48.908747000000005,
            -27.08446079923452
          ],
          [
            -48.90869689999999,
            -27.084307199234544
          ],
          [
            -48.9086231,
            -27.08412939923453
          ],
          [
            -48.90857069999999,
            -27.083959499234524
          ],
          [
            -48.90849309999998,
            -27.083732099234563
          ],
          [
            -48.90847480000002,
            -27.083550899234517
          ],
          [
            -48.90840830000002,
            -27.08333679923453
          ],
          [
            -48.90839870000002,
            -27.083189599234565
          ],
          [
            -48.90838850000001,
            -27.08304559923454
          ],
          [
            -48.90837779999998,
            -27.082905299234543
          ],
          [
            -48.908366600000015,
            -27.08276929923455
          ],
          [
            -48.908355099999994,
            -27.08263799923453
          ],
          [
            -48.90834339999998,
            -27.082512099234545
          ],
          [
            -48.908319999999996,
            -27.082277999234545
          ],
          [
            -48.908308499999976,
            -27.08217079923454
          ],
          [
            -48.908297000000005,
            -27.082069799234574
          ],
          [
            -48.90828529999999,
            -27.081974399234568
          ],
          [
            -48.908273399999985,
            -27.081884099234603
          ],
          [
            -48.90826099999998,
            -27.081798199234555
          ],
          [
            -48.908248000000015,
            -27.081716099234573
          ],
          [
            -48.90823419999998,
            -27.08163729923459
          ],
          [
            -48.90821949999997,
            -27.081561099234573
          ],
          [
            -48.9082037,
            -27.08148699923457
          ],
          [
            -48.908187000000005,
            -27.08141499923458
          ],
          [
            -48.908169499999985,
            -27.081345099234607
          ],
          [
            -48.90815149999998,
            -27.081277299234596
          ],
          [
            -48.9081329,
            -27.081211799234588
          ],
          [
            -48.90811409999998,
            -27.081148399234607
          ],
          [
            -48.90809519999999,
            -27.08108739923459
          ],
          [
            -48.908076300000005,
            -27.081028599234614
          ],
          [
            -48.90805760000001,
            -27.08097209923459
          ],
          [
            -48.908039099999996,
            -27.08091809923461
          ],
          [
            -48.90802070000001,
            -27.080866499234602
          ],
          [
            -48.90800239999999,
            -27.08081759923458
          ],
          [
            -48.90798410000002,
            -27.080771299234573
          ],
          [
            -48.90796590000002,
            -27.080727799234577
          ],
          [
            -48.90794770000002,
            -27.0806871992346
          ],
          [
            -48.90792950000003,
            -27.080649499234593
          ],
          [
            -48.9079112,
            -27.08061469923462
          ],
          [
            -48.90789219999999,
            -27.08058239923461
          ],
          [
            -48.907872199999986,
            -27.08055189923459
          ],
          [
            -48.90785060000002,
            -27.080522699234614
          ],
          [
            -48.907827,
            -27.080494299234598
          ],
          [
            -48.90780080000002,
            -27.080465999234605
          ],
          [
            -48.9077714,
            -27.080437199234616
          ],
          [
            -48.9077504,
            -27.0804181992346
          ]
        ]
      },
      "properties": {
        "OBJECTID": 346026,
        "COTRECHO": 344718,
        "COBACIA": "77962395",
        "NORIOCOMP": "Rio Itajaí-mirim",
        "NOORIGINAL": "Rio Itajaí-mirim",
        "NUSTRAHLER": 4,
        "NUTRJUS": 344739,
        "NUCOMPTREC": 1.7417509500000001,
        "NUAREAMONT": 1229.82219544
      }
    },
    {
      "type": "Feature",
      "id": 346028,
      "geometry": {
        "type": "LineString",
        "coordinates": [
          [
            -48.83267439999997,
            -27.01118499923596
          ],
          [
            -48.8327486,
            -27.011041199235965
          ],
          [
            -48.832859799999994,
            -27.01082889923593
          ],
          [
            -48.8329807,
            -27.01060109923592
          ],
          [
            -48.83315479999999,
            -27.01027639923597
          ],
          [
            -48.83324110000001,
            -27.010113499235953
          ],
          [
            -48.83332150000001,
            -27.009957799235956
          ],
          [
            -48.833358100000005,
            -27.009884399235936
          ],
          [
            -48.83339189999998,
            -27.009814699235964
          ],
          [
            -48.83342320000003,
            -27.009747899235954
          ],
          [
            -48.8334524,
            -27.00968339923594
          ],
          [
            -48.833480099999974,
            -27.009620199235936
          ],
          [
            -48.83353290000002,
            -27.00949419923598
          ],
          [
            -48.833613300000025,
            -27.009293699235972
          ],
          [
            -48.833669499999985,
            -27.009148799235977
          ],
          [
            -48.83369729999998,
            -27.00907469923596
          ],
          [
            -48.833724200000006,
            -27.00900039923597
          ],
          [
            -48.83375000000001,
            -27.008926699235996
          ],
          [
            -48.833774000000005,
            -27.00885429923598
          ],
          [
            -48.833795800000026,
            -27.008783999235973
          ],
          [
            -48.83381200000002,
            -27.008726899235974
          ],
          [
            -48.83383190000001,
            -27.00865029923598
          ],
          [
            -48.833846300000005,
            -27.008585899236007
          ],
          [
            -48.833858299999974,
            -27.008522299235974
          ],
          [
            -48.83386810000002,
            -27.008458799236017
          ],
          [
            -48.83387570000002,
            -27.008394699235993
          ],
          [
            -48.83388129999997,
            -27.008329499236
          ],
          [
            -48.833884899999994,
            -27.008262399235978
          ],
          [
            -48.833886699999994,
            -27.008193099236028
          ],
          [
            -48.833886399999976,
            -27.008121899235988
          ],
          [
            -48.8338842,
            -27.008049599235985
          ],
          [
            -48.83387979999998,
            -27.00797679923599
          ],
          [
            -48.83387320000002,
            -27.00790419923599
          ],
          [
            -48.833864300000016,
            -27.007832599235982
          ],
          [
            -48.833852999999976,
            -27.007762399236004
          ],
          [
            -48.8338392,
            -27.007694599235982
          ],
          [
            -48.83382280000001,
            -27.00762939923599
          ],
          [
            -48.833803999999986,
            -27.007566899235993
          ],
          [
            -48.833782799999994,
            -27.007506799235994
          ],
          [
            -48.83375919999998,
            -27.007448599235982
          ],
          [
            -48.83373340000002,
            -27.007392299236006
          ],
          [
            -48.833705399999985,
            -27.00733729923603
          ],
          [
            -48.833675299999975,
            -27.00728359923601
          ],
          [
            -48.83364319999998,
            -27.007230699235993
          ],
          [
            -48.833609200000005,
            -27.007178499236026
          ],
          [
            -48.8335732,
            -27.007126899236024
          ],
          [
            -48.83353540000002,
            -27.00707609923603
          ],
          [
            -48.83349559999999,
            -27.00702599923601
          ],
          [
            -48.833454000000025,
            -27.006976699236006
          ],
          [
            -48.83341039999999,
            -27.006928299236037
          ],
          [
            -48.83336500000001,
            -27.006880799235997
          ],
          [
            -48.833317799999975,
            -27.006834299236
          ],
          [
            -48.83326870000001,
            -27.006788899236017
          ],
          [
            -48.833243400000015,
            -27.006766699236053
          ]
        ]
      },
      "properties": {
        "OBJECTID": 346028,
        "COTRECHO": 344717,
        "COBACIA": "77962373",
        "NORIOCOMP": "Rio Itajaí-mirim",
        "NOORIGINAL": "Rio Itajaí-mirim",
        "NUSTRAHLER": 4,
        "NUTRJUS": 344709,
        "NUCOMPTREC": 0.53246027,
        "NUAREAMONT": 1378.78515513
      }
    },
    {
      "type": "Feature",
      "id": 346029,
      "geometry": {
        "type": "LineString",
        "coordinates": [
          [
            -49.20844570000003,
            -27.21390429923207
          ],
          [
            -49.208302100000026,
            -27.21392179923203
          ],
          [
            -49.20816180000003,
            -27.213988799232016
          ],
          [
            -49.20790440000002,
            -27.21404769923202
          ],
          [
            -49.20766839999999,
            -27.214073599232048
          ],
          [
            -49.20761079999999,
            -27.214079999232062
          ],
          [
            -49.2072776,
            -27.214065899232008
          ],
          [
            -49.206927800000024,
            -27.21394679923202
          ],
          [
            -49.20657460000001,
            -27.213811199232055
          ],
          [
            -49.206163000000004,
            -27.213661799232053
          ],
          [
            -49.20599279999999,
            -27.213538499232087
          ],
          [
            -49.205856299999994,
            -27.213369699232043
          ],
          [
            -49.20566000000003,
            -27.21304609923204
          ],
          [
            -49.20546680000001,
            -27.212752099232052
          ],
          [
            -49.20520060000001,
            -27.21245069923204
          ],
          [
            -49.20494839999998,
            -27.212182099232074
          ],
          [
            -49.20478910000003,
            -27.21206219923207
          ],
          [
            -49.204634,
            -27.211912799232074
          ],
          [
            -49.20449609999997,
            -27.21183239923207
          ],
          [
            -49.20435720000001,
            -27.211810999232092
          ],
          [
            -49.20415939999997,
            -27.211808399232076
          ],
          [
            -49.204008499999986,
            -27.211849099232072
          ],
          [
            -49.203952099999974,
            -27.211943299232047
          ],
          [
            -49.203979000000004,
            -27.212094399232093
          ],
          [
            -49.204050300000006,
            -27.21221319923208
          ],
          [
            -49.20417379999998,
            -27.212283599232048
          ],
          [
            -49.20427380000001,
            -27.21244209923205
          ],
          [
            -49.20438969999998,
            -27.21252869923207
          ],
          [
            -49.20447230000002,
            -27.21263129923207
          ],
          [
            -49.20451839999999,
            -27.21272359923207
          ],
          [
            -49.20453809999998,
            -27.212867999232074
          ],
          [
            -49.20448620000002,
            -27.213132599232043
          ],
          [
            -49.20434499999999,
            -27.21348459923207
          ],
          [
            -49.20413960000002,
            -27.21395689923207
          ],
          [
            -49.20396840000001,
            -27.21412499923206
          ],
          [
            -49.2037861,
            -27.214296299232036
          ],
          [
            -49.20353160000001,
            -27.214404399232
          ],
          [
            -49.203182500000025,
            -27.214468699232025
          ],
          [
            -49.20302409999999,
            -27.214522399232052
          ],
          [
            -49.20289220000001,
            -27.214520699232008
          ],
          [
            -49.20275400000003,
            -27.214459899232036
          ],
          [
            -49.2025544,
            -27.214342699232
          ],
          [
            -49.20234659999999,
            -27.214277799232026
          ],
          [
            -49.20207110000002,
            -27.214090899232005
          ],
          [
            -49.20171069999998,
            -27.21394869923205
          ],
          [
            -49.2015576,
            -27.213900899232037
          ],
          [
            -49.201489599999995,
            -27.213850799232034
          ],
          [
            -49.20148519999998,
            -27.213847499232035
          ],
          [
            -49.201428799999974,
            -27.213705899232036
          ],
          [
            -49.20138229999997,
            -27.213407299232024
          ],
          [
            -49.20138170000001,
            -27.21299129923206
          ],
          [
            -49.20136389999998,
            -27.212499699232094
          ],
          [
            -49.201335400000005,
            -27.212224199232057
          ],
          [
            -49.20128149999999,
            -27.211931999232064
          ],
          [
            -49.201193100000005,
            -27.211505099232106
          ],
          [
            -49.2010722,
            -27.21104489923209
          ],
          [
            -49.200933299999974,
            -27.21079749923211
          ],
          [
            -49.20074679999999,
            -27.210323399232102
          ],
          [
            -49.200520900000015,
            -27.20978989923209
          ],
          [
            -49.20039379999998,
            -27.209493499232135
          ],
          [
            -49.20036320000003,
            -27.209345699232102
          ],
          [
            -49.200349500000016,
            -27.20905719923217
          ],
          [
            -49.20029979999998,
            -27.20885639923215
          ],
          [
            -49.200260000000014,
            -27.208695799232128
          ],
          [
            -49.2001894,
            -27.208534399232157
          ],
          [
            -49.20000090000002,
            -27.208335599232147
          ],
          [
            -49.19974130000003,
            -27.20805349923216
          ],
          [
            -49.19967810000003,
            -27.20798479923217
          ],
          [
            -49.19932729999999,
            -27.207653599232177
          ],
          [
            -49.199085299999986,
            -27.207460299232142
          ],
          [
            -49.1987229,
            -27.207273699232136
          ],
          [
            -49.19846560000002,
            -27.207171199232175
          ],
          [
            -49.19814769999999,
            -27.207092599232187
          ],
          [
            -49.19796309999998,
            -27.207069599232188
          ],
          [
            -49.19778250000001,
            -27.207083799232194
          ],
          [
            -49.19756080000002,
            -27.207064399232145
          ],
          [
            -49.19737620000001,
            -27.207041399232146
          ],
          [
            -49.197094600000014,
            -27.207008799232167
          ],
          [
            -49.19680790000001,
            -27.207005099232177
          ],
          [
            -49.19650630000001,
            -27.20706739923219
          ],
          [
            -49.19632009999999,
            -27.207143499232146
          ],
          [
            -49.196193600000015,
            -27.20724119923217
          ],
          [
            -49.1960616,
            -27.20739659923214
          ],
          [
            -49.195903999999985,
            -27.207704699232174
          ],
          [
            -49.19576039999998,
            -27.208008799232164
          ],
          [
            -49.19564109999999,
            -27.20823889923218
          ],
          [
            -49.19555200000001,
            -27.208334899232163
          ],
          [
            -49.19530020000002,
            -27.20849869923216
          ],
          [
            -49.19503609999999,
            -27.208608699232162
          ],
          [
            -49.19477260000002,
            -27.208626899232165
          ],
          [
            -49.194652899999994,
            -27.208606999232106
          ],
          [
            -49.19451609999999,
            -27.20858379923213
          ],
          [
            -49.19441760000001,
            -27.208525799232163
          ],
          [
            -49.19438050000002,
            -27.208491199232178
          ],
          [
            -49.19430269999998,
            -27.20841849923213
          ],
          [
            -49.194250399999994,
            -27.20833469923217
          ],
          [
            -49.194196999999974,
            -27.20821579923215
          ],
          [
            -49.19416030000003,
            -27.20804999923217
          ],
          [
            -49.1940889,
            -27.207841399232155
          ],
          [
            -49.19401379999999,
            -27.20761519923218
          ],
          [
            -49.193995400000006,
            -27.207537599232186
          ],
          [
            -49.1939797,
            -27.207287499232173
          ],
          [
            -49.193972400000014,
            -27.20700939923217
          ],
          [
            -49.193936500000014,
            -27.206797799232177
          ],
          [
            -49.19387979999999,
            -27.206652799232156
          ],
          [
            -49.19383119999997,
            -27.20649029923217
          ],
          [
            -49.193731699999994,
            -27.206070199232194
          ],
          [
            -49.19367089999997,
            -27.20568939923218
          ],
          [
            -49.19362719999998,
            -27.20547059923222
          ],
          [
            -49.193572099999976,
            -27.2052305992322
          ],
          [
            -49.1933899,
            -27.204915699232224
          ],
          [
            -49.1933229,
            -27.204815699232196
          ],
          [
            -49.19309820000001,
            -27.20459809923221
          ],
          [
            -49.19287370000001,
            -27.204359399232203
          ],
          [
            -49.19272599999999,
            -27.204248399232213
          ],
          [
            -49.19258539999999,
            -27.20417619923224
          ],
          [
            -49.192464400000006,
            -27.204118399232264
          ],
          [
            -49.19227760000001,
            -27.203985799232235
          ],
          [
            -49.19200430000001,
            -27.203848499232226
          ],
          [
            -49.191769599999986,
            -27.203760999232223
          ],
          [
            -49.191629600000006,
            -27.20365359923223
          ],
          [
            -49.191422100000004,
            -27.203584099232234
          ],
          [
            -49.19123330000002,
            -27.203578099232253
          ],
          [
            -49.191031899999984,
            -27.20361779923225
          ],
          [
            -49.190642200000006,
            -27.203626799232236
          ],
          [
            -49.190185199999966,
            -27.203649099232244
          ],
          [
            -49.189959999999985,
            -27.20373609923226
          ],
          [
            -49.18944460000001,
            -27.203935099232268
          ],
          [
            -49.18881490000001,
            -27.20418029923225
          ],
          [
            -49.18836060000001,
            -27.204279999232213
          ],
          [
            -49.18808840000003,
            -27.20432229923223
          ],
          [
            -49.18784770000001,
            -27.20435789923222
          ],
          [
            -49.18759590000003,
            -27.204354599232214
          ],
          [
            -49.1875,
            -27.20433569923222
          ],
          [
            -49.18729730000001,
            -27.20428659923222
          ],
          [
            -49.1871663,
            -27.204203499232232
          ],
          [
            -49.187060599999995,
            -27.204083699232243
          ],
          [
            -49.187046399999986,
            -27.20393549923224
          ],
          [
            -49.187095399999976,
            -27.203721499232213
          ],
          [
            -49.18733409999999,
            -27.203295399232243
          ],
          [
            -49.18750010000002,
            -27.20306179923225
          ],
          [
            -49.18769049999997,
            -27.20264199923229
          ],
          [
            -49.187901899999986,
            -27.202222499232274
          ],
          [
            -49.18813899999998,
            -27.201680099232245
          ],
          [
            -49.188241699999985,
            -27.201410399232273
          ],
          [
            -49.188378100000016,
            -27.2010074992323
          ],
          [
            -49.18848680000002,
            -27.200618299232264
          ],
          [
            -49.188514399999974,
            -27.200507499232316
          ]
        ]
      },
      "properties": {
        "OBJECTID": 346029,
        "COTRECHO": 344722,
        "COBACIA": "779625931",
        "NORIOCOMP": "Rio Itajaí-mirim",
        "NOORIGINAL": "Rio Itajaí-mirim",
        "NUSTRAHLER": 4,
        "NUTRJUS": 344747,
        "NUCOMPTREC": 4.00759061,
        "NUAREAMONT": 609.24522213
      }
    },
    {
      "type": "Feature",
      "id": 346030,
      "geometry": {
        "type": "LineString",
        "coordinates": [
          [
            -48.89800109999999,
            -27.07712489923468
          ],
          [
            -48.89792560000001,
            -27.077060499234687
          ],
          [
            -48.89786989999999,
            -27.077008899234684
          ],
          [
            -48.897812499999986,
            -27.076952299234694
          ],
          [
            -48.89775350000003,
            -27.076891399234697
          ],
          [
            -48.89769360000002,
            -27.076827399234688
          ],
          [
            -48.89763319999997,
            -27.07676109923467
          ],
          [
            -48.8975729,
            -27.076693699234692
          ],
          [
            -48.89739780000003,
            -27.07649469923469
          ],
          [
            -48.89729030000001,
            -27.076373399234708
          ],
          [
            -48.89719100000002,
            -27.076263299234682
          ],
          [
            -48.89709929999998,
            -27.0761637992347
          ],
          [
            -48.8970147,
            -27.076074299234712
          ],
          [
            -48.89697480000001,
            -27.076033099234714
          ],
          [
            -48.89693590000002,
            -27.075993799234684
          ],
          [
            -48.89689729999998,
            -27.075956099234684
          ],
          [
            -48.896858500000015,
            -27.07591939923467
          ],
          [
            -48.896818800000005,
            -27.07588329923467
          ],
          [
            -48.89677749999998,
            -27.075847499234705
          ],
          [
            -48.89673399999998,
            -27.075811399234716
          ],
          [
            -48.89668769999997,
            -27.075774699234707
          ],
          [
            -48.89663810000002,
            -27.07573709923472
          ],
          [
            -48.89658559999998,
            -27.075698399234714
          ],
          [
            -48.896530799999994,
            -27.07565899923467
          ],
          [
            -48.89629880000002,
            -27.075495199234688
          ],
          [
            -48.89624040000001,
            -27.075453299234685
          ],
          [
            -48.89618280000002,
            -27.075411199234722
          ],
          [
            -48.896125900000015,
            -27.075368799234685
          ],
          [
            -48.8960692,
            -27.07532559923468
          ],
          [
            -48.89601249999998,
            -27.075281599234692
          ],
          [
            -48.895930299999975,
            -27.07521599923472
          ],
          [
            -48.89589769999998,
            -27.0751895992347
          ],
          [
            -48.895839000000024,
            -27.075141199234714
          ],
          [
            -48.895779000000005,
            -27.075090799234715
          ],
          [
            -48.89571749999999,
            -27.07503829923473
          ],
          [
            -48.89565540000001,
            -27.07498429923469
          ],
          [
            -48.89553239999998,
            -27.074875799234682
          ],
          [
            -48.89541750000001,
            -27.07477179923471
          ],
          [
            -48.895317700000014,
            -27.074679399234693
          ],
          [
            -48.89523780000002,
            -27.07460319923473
          ],
          [
            -48.89514120000001,
            -27.07450989923472
          ],
          [
            -48.89511090000002,
            -27.07448129923472
          ],
          [
            -48.89507980000002,
            -27.074452699234715
          ],
          [
            -48.89504670000002,
            -27.07442339923472
          ],
          [
            -48.8950107,
            -27.074392499234712
          ],
          [
            -48.89497119999999,
            -27.074359699234723
          ],
          [
            -48.89492739999998,
            -27.07432449923472
          ],
          [
            -48.894879,
            -27.07428649923475
          ],
          [
            -48.894825200000014,
            -27.074245199234724
          ],
          [
            -48.89476560000003,
            -27.07420019923474
          ],
          [
            -48.89462630000003,
            -27.074097499234732
          ],
          [
            -48.89427610000001,
            -27.073843899234724
          ],
          [
            -48.89418219999999,
            -27.07377529923475
          ],
          [
            -48.89408930000002,
            -27.073706599234708
          ],
          [
            -48.89399889999999,
            -27.073638599234712
          ],
          [
            -48.89391280000001,
            -27.07357239923473
          ],
          [
            -48.89383220000002,
            -27.07350869923473
          ],
          [
            -48.89375660000001,
            -27.073447199234714
          ],
          [
            -48.89368489999998,
            -27.073387299234717
          ],
          [
            -48.893616099999974,
            -27.07332849923474
          ],
          [
            -48.89354909999997,
            -27.073270399234755
          ],
          [
            -48.893360400000006,
            -27.073104299234757
          ],
          [
            -48.893207700000005,
            -27.072970999234748
          ],
          [
            -48.89313449999997,
            -27.072908399234766
          ],
          [
            -48.89305999999999,
            -27.07284589923475
          ],
          [
            -48.89298450000001,
            -27.072783899234743
          ],
          [
            -48.892908299999995,
            -27.072722899234737
          ],
          [
            -48.89283180000001,
            -27.07266359923475
          ],
          [
            -48.8927554,
            -27.07260639923474
          ],
          [
            -48.89267910000001,
            -27.072551499234734
          ],
          [
            -48.89260269999999,
            -27.072498499234765
          ],
          [
            -48.89252549999998,
            -27.072446399234757
          ],
          [
            -48.89228500000001,
            -27.072287399234757
          ],
          [
            -48.892200100000025,
            -27.072230599234768
          ],
          [
            -48.892112,
            -27.0721704992348
          ],
          [
            -48.8920202,
            -27.07210649923478
          ],
          [
            -48.891924700000004,
            -27.072038399234767
          ],
          [
            -48.89182520000003,
            -27.07196639923478
          ],
          [
            -48.891721700000005,
            -27.07189039923474
          ],
          [
            -48.89148449999998,
            -27.07171319923475
          ],
          [
            -48.89138639999999,
            -27.07163949923478
          ],
          [
            -48.89114130000001,
            -27.071453999234787
          ],
          [
            -48.89088099999998,
            -27.071255899234753
          ],
          [
            -48.89061029999999,
            -27.071048599234764
          ],
          [
            -48.89047249999999,
            -27.07094249923479
          ],
          [
            -48.890195300000016,
            -27.07072779923477
          ],
          [
            -48.88995799999997,
            -27.07054199923478
          ],
          [
            -48.88978659999998,
            -27.0704070992348
          ],
          [
            -48.88965660000003,
            -27.070303599234773
          ],
          [
            -48.88953140000001,
            -27.070203199234776
          ],
          [
            -48.88941230000001,
            -27.0701066992348
          ],
          [
            -48.8893003,
            -27.070014899234796
          ],
          [
            -48.88919659999999,
            -27.069928699234808
          ],
          [
            -48.88910199999998,
            -27.069848399234814
          ],
          [
            -48.88901559999999,
            -27.069773399234773
          ],
          [
            -48.8889365,
            -27.069702499234822
          ],
          [
            -48.88886359999997,
            -27.069634499234827
          ],
          [
            -48.8887957,
            -27.0695683992348
          ],
          [
            -48.88873180000002,
            -27.069503099234833
          ],
          [
            -48.88867090000002,
            -27.069437399234843
          ],
          [
            -48.88861170000001,
            -27.06937009923483
          ],
          [
            -48.8885535,
            -27.069300499234814
          ],
          [
            -48.88849579999999,
            -27.069228199234818
          ],
          [
            -48.88843859999997,
            -27.069153199234837
          ],
          [
            -48.888381700000025,
            -27.069075499234817
          ],
          [
            -48.88832480000003,
            -27.06899509923482
          ],
          [
            -48.88826790000001,
            -27.068911899234816
          ],
          [
            -48.8882107,
            -27.06882589923481
          ],
          [
            -48.88815319999998,
            -27.06873699923483
          ],
          [
            -48.88809520000001,
            -27.068645299234845
          ],
          [
            -48.88803680000001,
            -27.06855069923484
          ],
          [
            -48.88797840000001,
            -27.068453499234806
          ],
          [
            -48.88792009999997,
            -27.068353799234853
          ],
          [
            -48.887862100000014,
            -27.068251499234815
          ],
          [
            -48.88780459999998,
            -27.068146799234857
          ],
          [
            -48.88774799999999,
            -27.068039799234853
          ],
          [
            -48.88769239999999,
            -27.067930599234852
          ],
          [
            -48.88763799999998,
            -27.06781949923482
          ],
          [
            -48.88758519999999,
            -27.067707499234828
          ],
          [
            -48.88753450000001,
            -27.067595999234833
          ],
          [
            -48.88750279999999,
            -27.067523699234822
          ],
          [
            -48.88744070000002,
            -27.06737889923485
          ],
          [
            -48.887398399999995,
            -27.067275999234845
          ],
          [
            -48.88735980000002,
            -27.067178399234844
          ],
          [
            -48.8873251,
            -27.067087399234854
          ],
          [
            -48.88729480000001,
            -27.067003999234856
          ],
          [
            -48.88726860000003,
            -27.066927699234864
          ],
          [
            -48.887246199999986,
            -27.066857699234887
          ],
          [
            -48.88722739999997,
            -27.066793299234853
          ],
          [
            -48.88721190000001,
            -27.066733699234852
          ],
          [
            -48.88719930000002,
            -27.066678199234882
          ],
          [
            -48.88718949999998,
            -27.066625899234893
          ],
          [
            -48.887182199999984,
            -27.066576099234897
          ],
          [
            -48.88717689999999,
            -27.06652819923486
          ],
          [
            -48.88717350000002,
            -27.066481599234837
          ],
          [
            -48.88717159999999,
            -27.06643589923486
          ],
          [
            -48.8871709,
            -27.0663907992349
          ],
          [
            -48.88717100000002,
            -27.066345899234857
          ],
          [
            -48.88717320000001,
            -27.066208099234867
          ],
          [
            -48.8871734,
            -27.066159899234883
          ],
          [
            -48.88717289999999,
            -27.066110099234887
          ],
          [
            -48.8871714,
            -27.066058499234874
          ],
          [
            -48.88716870000002,
            -27.066004999234902
          ],
          [
            -48.88716440000002,
            -27.065949399234906
          ],
          [
            -48.8871585,
            -27.065891499234905
          ],
          [
            -48.88715050000001,
            -27.06583109923491
          ],
          [
            -48.887140199999976,
            -27.06576819923486
          ],
          [
            -48.88712750000002,
            -27.065702599234896
          ],
          [
            -48.88711239999998,
            -27.065634899234908
          ],
          [
            -48.88709499999999,
            -27.0655657992349
          ],
          [
            -48.88707540000001,
            -27.065495899234868
          ],
          [
            -48.88705379999999,
            -27.0654259992349
          ],
          [
            -48.88703029999999,
            -27.065356699234894
          ],
          [
            -48.88700490000002,
            -27.065288699234895
          ],
          [
            -48.886978,
            -27.06522269923489
          ],
          [
            -48.886949399999985,
            -27.0651592992349
          ],
          [
            -48.88691929999999,
            -27.065098299234883
          ],
          [
            -48.88688760000002,
            -27.065039799234928
          ],
          [
            -48.88685429999998,
            -27.06498339923492
          ],
          [
            -48.88681939999998,
            -27.064929099234874
          ],
          [
            -48.8867828,
            -27.06487669923492
          ],
          [
            -48.886744599999986,
            -27.06482599923488
          ],
          [
            -48.88670459999998,
            -27.06477689923493
          ],
          [
            -48.88666310000003,
            -27.06472919923489
          ],
          [
            -48.88661999999999,
            -27.064682399234886
          ],
          [
            -48.886575600000015,
            -27.06463569923491
          ],
          [
            -48.886483699999985,
            -27.064540399234918
          ],
          [
            -48.88643660000003,
            -27.064490599234908
          ],
          [
            -48.88638900000001,
            -27.064438499234914
          ],
          [
            -48.886341000000016,
            -27.06438349923492
          ],
          [
            -48.8862929,
            -27.064325199234897
          ],
          [
            -48.88624499999997,
            -27.064264399234926
          ],
          [
            -48.88619749999998,
            -27.064202199234924
          ],
          [
            -48.886083600000006,
            -27.0640490992349
          ],
          [
            -48.88601720000003,
            -27.06396049923492
          ],
          [
            -48.885975900000005,
            -27.06390719923494
          ],
          [
            -48.88593639999999,
            -27.06385829923492
          ],
          [
            -48.885897199999995,
            -27.063812699234955
          ],
          [
            -48.88585669999998,
            -27.063768399234934
          ],
          [
            -48.88581310000001,
            -27.063723599234926
          ],
          [
            -48.885764600000016,
            -27.0636766992349
          ],
          [
            -48.88570970000001,
            -27.063625599234946
          ],
          [
            -48.885646399999985,
            -27.063568799234915
          ],
          [
            -48.88557320000001,
            -27.063504199234927
          ],
          [
            -48.885489000000014,
            -27.063430899234948
          ],
          [
            -48.885087699999985,
            -27.063084099234963
          ],
          [
            -48.884885000000004,
            -27.06290739923491
          ],
          [
            -48.884792300000015,
            -27.062825499234922
          ],
          [
            -48.884677899999986,
            -27.06272229923496
          ],
          [
            -48.884633199999996,
            -27.062681499234948
          ],
          [
            -48.88456639999998,
            -27.062619099234954
          ],
          [
            -48.884507299999996,
            -27.06256269923495
          ],
          [
            -48.884455600000024,
            -27.06251189923495
          ],
          [
            -48.884410600000024,
            -27.06246639923495
          ],
          [
            -48.884371999999985,
            -27.06242579923498
          ],
          [
            -48.8843392,
            -27.062389699234934
          ],
          [
            -48.88431179999998,
            -27.062357799234928
          ],
          [
            -48.88428909999999,
            -27.06232919923497
          ],
          [
            -48.88427050000002,
            -27.062302899234975
          ],
          [
            -48.884255499999995,
            -27.06227789923499
          ],
          [
            -48.88424359999999,
            -27.06225339923493
          ],
          [
            -48.88423399999999,
            -27.06222829923497
          ],
          [
            -48.88422910000003,
            -27.062211699234943
          ],
          [
            -48.884219599999994,
            -27.06217249923493
          ],
          [
            -48.8842138,
            -27.062140199234953
          ],
          [
            -48.88420839999998,
            -27.06210449923492
          ],
          [
            -48.88419850000002,
            -27.062023799234982
          ],
          [
            -48.8841802,
            -27.061853199234925
          ]
        ]
      },
      "properties": {
        "OBJECTID": 346030,
        "COTRECHO": 344719,
        "COBACIA": "779623931",
        "NORIOCOMP": "Rio Itajaí-mirim",
        "NOORIGINAL": "Rio Itajaí-mirim",
        "NUSTRAHLER": 4,
        "NUTRJUS": 344348,
        "NUCOMPTREC": 2.2435113700000002,
        "NUAREAMONT": 1255.75571568
      }
    },
    {
      "type": "Feature",
      "id": 346032,
      "geometry": {
        "type": "LineString",
        "coordinates": [
          [
            -48.75899570000001,
            -26.93614579923742
          ],
          [
            -48.75893530000002,
            -26.935639199237436
          ],
          [
            -48.758866000000005,
            -26.93528509923739
          ],
          [
            -48.75872750000003,
            -26.934893099237424
          ],
          [
            -48.758585900000014,
            -26.934689499237415
          ],
          [
            -48.75829779999999,
            -26.934524599237392
          ],
          [
            -48.75793570000001,
            -26.934313899237438
          ],
          [
            -48.75764559999999,
            -26.934040799237422
          ],
          [
            -48.7563485,
            -26.932893099237457
          ],
          [
            -48.755265399999985,
            -26.932044399237455
          ],
          [
            -48.75493660000001,
            -26.931821299237495
          ],
          [
            -48.754507199999985,
            -26.931582099237495
          ],
          [
            -48.75391739999998,
            -26.931311799237488
          ],
          [
            -48.75367419999998,
            -26.931196099237514
          ],
          [
            -48.75348889999998,
            -26.931146199237492
          ],
          [
            -48.752375700000016,
            -26.930894599237487
          ],
          [
            -48.751951099999985,
            -26.930819899237516
          ],
          [
            -48.751969299999985,
            -26.93087549923752
          ],
          [
            -48.751967200000024,
            -26.930917199237506
          ],
          [
            -48.751963800000006,
            -26.930965599237467
          ],
          [
            -48.75197489999999,
            -26.931034499237498
          ],
          [
            -48.75199780000003,
            -26.931102799237507
          ],
          [
            -48.75201010000001,
            -26.931141599237474
          ],
          [
            -48.752016099999985,
            -26.931183999237454
          ],
          [
            -48.75202250000002,
            -26.931237499237493
          ],
          [
            -48.75201820000001,
            -26.9313590992375
          ],
          [
            -48.752006900000026,
            -26.931521199237505
          ],
          [
            -48.75198080000001,
            -26.931615299237453
          ],
          [
            -48.75194370000003,
            -26.931791599237467
          ],
          [
            -48.75190500000002,
            -26.931892299237486
          ],
          [
            -48.75185909999999,
            -26.932040999237497
          ],
          [
            -48.751820699999996,
            -26.932128299237466
          ],
          [
            -48.75178690000002,
            -26.932233299237485
          ],
          [
            -48.75175089999999,
            -26.93232339923745
          ],
          [
            -48.75169690000001,
            -26.932442499237446
          ],
          [
            -48.751614500000024,
            -26.932581699237463
          ],
          [
            -48.75154500000002,
            -26.93270239923744
          ],
          [
            -48.751478500000026,
            -26.93282189923747
          ],
          [
            -48.75143580000003,
            -26.932904199237452
          ],
          [
            -48.75136170000002,
            -26.933035699237447
          ],
          [
            -48.7513065,
            -26.933128299237474
          ],
          [
            -48.751257899999985,
            -26.933196399237435
          ],
          [
            -48.75125009999999,
            -26.933207299237438
          ],
          [
            -48.75121589999998,
            -26.93324339923743
          ],
          [
            -48.75114810000002,
            -26.933279699237467
          ],
          [
            -48.7511136,
            -26.93329409923746
          ],
          [
            -48.75107489999999,
            -26.93330069923747
          ],
          [
            -48.7510345,
            -26.93330619923745
          ],
          [
            -48.750899600000025,
            -26.933321299237438
          ],
          [
            -48.7508095,
            -26.933322099237447
          ],
          [
            -48.75070219999997,
            -26.933316499237442
          ],
          [
            -48.75059090000002,
            -26.93330699923746
          ],
          [
            -48.750506099999996,
            -26.933290599237473
          ],
          [
            -48.75043249999999,
            -26.933272699237424
          ],
          [
            -48.75035279999998,
            -26.933249199237423
          ],
          [
            -48.75022790000003,
            -26.933201399237426
          ],
          [
            -48.750113399999975,
            -26.933148899237445
          ],
          [
            -48.750034700000015,
            -26.933106499237454
          ],
          [
            -48.75000010000002,
            -26.933090299237456
          ],
          [
            -48.74991959999999,
            -26.933048999237442
          ],
          [
            -48.74981600000001,
            -26.933007799237437
          ],
          [
            -48.74969829999998,
            -26.93296259923745
          ],
          [
            -48.74962360000001,
            -26.93294949923747
          ],
          [
            -48.749547800000016,
            -26.93294609923744
          ],
          [
            -48.74946870000002,
            -26.93295449923745
          ],
          [
            -48.749385700000005,
            -26.932968999237463
          ],
          [
            -48.74932039999999,
            -26.932988499237474
          ],
          [
            -48.7492628,
            -26.933016699237445
          ],
          [
            -48.749187500000005,
            -26.933068799237454
          ],
          [
            -48.74914380000001,
            -26.933106599237426
          ],
          [
            -48.74909819999999,
            -26.93315629923746
          ],
          [
            -48.74904070000002,
            -26.93322899923744
          ],
          [
            -48.74899219999998,
            -26.933297899237456
          ],
          [
            -48.74885870000003,
            -26.933502199237463
          ],
          [
            -48.74875880000002,
            -26.93365519923742
          ],
          [
            -48.74870499999997,
            -26.93372139923746
          ],
          [
            -48.748659799999984,
            -26.933760099237407
          ],
          [
            -48.74861629999998,
            -26.933784899237423
          ],
          [
            -48.74857259999998,
            -26.93380049923746
          ],
          [
            -48.74851740000003,
            -26.93381279923743
          ],
          [
            -48.74845319999997,
            -26.933819699237443
          ],
          [
            -48.748382900000024,
            -26.933819199237444
          ],
          [
            -48.74831110000002,
            -26.933811899237458
          ],
          [
            -48.74824319999999,
            -26.933799699237436
          ],
          [
            -48.748165400000005,
            -26.93377859923742
          ],
          [
            -48.74810029999997,
            -26.93375179923741
          ],
          [
            -48.74803350000002,
            -26.93371119923744
          ],
          [
            -48.74798720000001,
            -26.93367129923745
          ],
          [
            -48.74795879999999,
            -26.933630399237455
          ],
          [
            -48.74793119999999,
            -26.933562099237466
          ],
          [
            -48.74779460000002,
            -26.93314659923743
          ],
          [
            -48.74779000000001,
            -26.933096199237475
          ],
          [
            -48.74778989999999,
            -26.933063299237464
          ],
          [
            -48.74779360000002,
            -26.933036099237434
          ],
          [
            -48.747809399999994,
            -26.932990999237465
          ],
          [
            -48.7478352,
            -26.932949899237446
          ],
          [
            -48.7478706,
            -26.93291179923745
          ],
          [
            -48.7479214,
            -26.932872999237432
          ],
          [
            -48.747998100000025,
            -26.932825699237476
          ],
          [
            -48.7480678,
            -26.932789299237488
          ],
          [
            -48.7483082,
            -26.932686399237483
          ],
          [
            -48.748398099999974,
            -26.932642399237483
          ],
          [
            -48.748465599999975,
            -26.932598799237457
          ],
          [
            -48.748496199999984,
            -26.932572899237485
          ],
          [
            -48.748519699999974,
            -26.932547999237464
          ],
          [
            -48.74854529999999,
            -26.932509599237477
          ],
          [
            -48.748558,
            -26.932475599237442
          ],
          [
            -48.74856140000003,
            -26.93243949923744
          ],
          [
            -48.748557800000015,
            -26.932396999237444
          ],
          [
            -48.748547200000026,
            -26.932354599237463
          ],
          [
            -48.74852750000002,
            -26.93231179923745
          ],
          [
            -48.748497799999996,
            -26.932271199237476
          ],
          [
            -48.7484738,
            -26.932249499237475
          ],
          [
            -48.748427100000015,
            -26.932224599237454
          ],
          [
            -48.74834329999998,
            -26.93219229923747
          ],
          [
            -48.74826409999998,
            -26.932168899237492
          ],
          [
            -48.74819409999998,
            -26.932153199237497
          ],
          [
            -48.74811219999998,
            -26.932141399237448
          ],
          [
            -48.74803730000002,
            -26.932136099237457
          ],
          [
            -48.747948399999984,
            -26.93213439923747
          ],
          [
            -48.74784690000001,
            -26.932136499237483
          ],
          [
            -48.747695299999975,
            -26.932144999237458
          ],
          [
            -48.74749489999999,
            -26.93216289923746
          ],
          [
            -48.74701679999998,
            -26.93222149923749
          ],
          [
            -48.74686409999999,
            -26.932249799237482
          ],
          [
            -48.74646439999998,
            -26.932340099237443
          ],
          [
            -48.74635740000002,
            -26.93235999923748
          ],
          [
            -48.74628710000001,
            -26.93237019923745
          ],
          [
            -48.74623079999998,
            -26.932374299237456
          ],
          [
            -48.746181200000024,
            -26.932371899237488
          ],
          [
            -48.74612830000001,
            -26.93236289923745
          ],
          [
            -48.74606760000001,
            -26.932347799237466
          ],
          [
            -48.74598150000003,
            -26.932321699237445
          ],
          [
            -48.74589880000003,
            -26.93229209923745
          ],
          [
            -48.74582400000003,
            -26.93226079923746
          ],
          [
            -48.74575859999999,
            -26.932228099237445
          ],
          [
            -48.74569700000001,
            -26.93219099923747
          ],
          [
            -48.7456325,
            -26.932145599237476
          ],
          [
            -48.74558000000002,
            -26.932103699237498
          ],
          [
            -48.74552299999999,
            -26.93205309923749
          ],
          [
            -48.745424899999996,
            -26.931955599237444
          ],
          [
            -48.745336099999975,
            -26.931853299237478
          ],
          [
            -48.74526509999998,
            -26.93175869923747
          ],
          [
            -48.745239000000026,
            -26.931711399237457
          ],
          [
            -48.74508509999998,
            -26.93148839923746
          ],
          [
            -48.74500640000002,
            -26.93138009923749
          ],
          [
            -48.74492529999998,
            -26.931279799237515
          ],
          [
            -48.744865600000026,
            -26.931221699237454
          ],
          [
            -48.744812799999984,
            -26.931192599237455
          ],
          [
            -48.744763499999976,
            -26.931177699237473
          ],
          [
            -48.74471790000001,
            -26.931172299237502
          ],
          [
            -48.744666300000006,
            -26.931170699237487
          ],
          [
            -48.744626900000014,
            -26.931172699237482
          ],
          [
            -48.744575399999974,
            -26.931182199237508
          ],
          [
            -48.744526199999996,
            -26.931195399237463
          ],
          [
            -48.74447409999999,
            -26.9312159992375
          ],
          [
            -48.74432039999999,
            -26.931307799237498
          ],
          [
            -48.74427229999998,
            -26.931343499237506
          ],
          [
            -48.74422270000002,
            -26.931379699237464
          ],
          [
            -48.744174199999975,
            -26.93142439923751
          ],
          [
            -48.74414180000002,
            -26.931463599237457
          ],
          [
            -48.74411159999999,
            -26.931503599237473
          ],
          [
            -48.74409379999998,
            -26.93154189923749
          ],
          [
            -48.744079500000005,
            -26.931595599237465
          ],
          [
            -48.74406449999998,
            -26.93169859923749
          ],
          [
            -48.74405380000002,
            -26.931872699237463
          ],
          [
            -48.74404570000002,
            -26.931916199237463
          ],
          [
            -48.74403389999998,
            -26.931954199237484
          ],
          [
            -48.744001000000026,
            -26.932022299237502
          ],
          [
            -48.7439521,
            -26.93209729923748
          ],
          [
            -48.74391009999999,
            -26.93214379923748
          ],
          [
            -48.743852000000004,
            -26.93219259923749
          ],
          [
            -48.743812400000024,
            -26.932217799237456
          ],
          [
            -48.743768699999976,
            -26.93223939923749
          ],
          [
            -48.7437003,
            -26.932266899237465
          ],
          [
            -48.743616900000006,
            -26.93229519923747
          ],
          [
            -48.74349080000002,
            -26.932328499237453
          ],
          [
            -48.74328129999998,
            -26.932372999237458
          ],
          [
            -48.74316859999999,
            -26.93239969923749
          ],
          [
            -48.7431057,
            -26.932419999237446
          ],
          [
            -48.7430501,
            -26.932445599237447
          ],
          [
            -48.74297480000002,
            -26.93248579923745
          ],
          [
            -48.742910600000016,
            -26.932524099237483
          ],
          [
            -48.74272309999998,
            -26.932648299237442
          ],
          [
            -48.742640600000016,
            -26.93269959923744
          ],
          [
            -48.74237499999998,
            -26.932849299237446
          ],
          [
            -48.74218000000002,
            -26.932951099237474
          ],
          [
            -48.74204270000002,
            -26.933017399237443
          ],
          [
            -48.74192959999999,
            -26.93306689923742
          ],
          [
            -48.74177209999999,
            -26.933130399237427
          ],
          [
            -48.74165920000001,
            -26.93318919923746
          ],
          [
            -48.74158190000003,
            -26.933233199237467
          ],
          [
            -48.74148070000002,
            -26.933298799237434
          ],
          [
            -48.74138110000001,
            -26.933375999237455
          ],
          [
            -48.741325500000016,
            -26.933432299237435
          ],
          [
            -48.74129970000001,
            -26.933474599237464
          ],
          [
            -48.741288199999985,
            -26.933516799237452
          ],
          [
            -48.74129130000001,
            -26.933556999237453
          ],
          [
            -48.741308000000004,
            -26.933604599237462
          ],
          [
            -48.74133610000001,
            -26.933644699237455
          ],
          [
            -48.74137739999998,
            -26.933683699237463
          ],
          [
            -48.74142920000003,
            -26.933718699237428
          ],
          [
            -48.74150259999999,
            -26.93375589923744
          ],
          [
            -48.74155469999999,
            -26.933772799237424
          ],
          [
            -48.7416245,
            -26.933773299237426
          ],
          [
            -48.741738500000004,
            -26.933764699237422
          ],
          [
            -48.742053999999996,
            -26.933723799237434
          ],
          [
            -48.74228649999998,
            -26.933698899237463
          ],
          [
            -48.74242650000003,
            -26.93368839923743
          ],
          [
            -48.7425581,
            -26.933683599237437
          ],
          [
            -48.74264470000002,
            -26.933683499237425
          ],
          [
            -48.74277910000001,
            -26.933687799237415
          ],
          [
            -48.743004600000006,
            -26.933704299237426
          ],
          [
            -48.743174500000016,
            -26.933726399237454
          ],
          [
            -48.74323970000001,
            -26.933739899237416
          ],
          [
            -48.743293300000005,
            -26.933756099237428
          ],
          [
            -48.74332140000001,
            -26.933770099237446
          ],
          [
            -48.7433426,
            -26.93378689923741
          ],
          [
            -48.74336099999999,
            -26.933806799237455
          ],
          [
            -48.7433818,
            -26.93383789923744
          ],
          [
            -48.74339709999998,
            -26.933868299237414
          ],
          [
            -48.74340369999999,
            -26.93389119923745
          ],
          [
            -48.74340480000001,
            -26.933917299237457
          ],
          [
            -48.743400699999995,
            -26.933943699237417
          ],
          [
            -48.74338890000002,
            -26.93397559923743
          ],
          [
            -48.743373099999985,
            -26.934002699237443
          ],
          [
            -48.74328680000002,
            -26.934108899237447
          ],
          [
            -48.74323270000002,
            -26.93416259923741
          ],
          [
            -48.74319989999998,
            -26.93418609923741
          ],
          [
            -48.743171700000005,
            -26.934201999237455
          ],
          [
            -48.74314349999998,
            -26.934213499237416
          ],
          [
            -48.74311089999997,
            -26.934222199237453
          ],
          [
            -48.74298160000001,
            -26.934244899237438
          ],
          [
            -48.74277910000001,
            -26.934265799237416
          ],
          [
            -48.742382299999974,
            -26.934306699237407
          ],
          [
            -48.74222359999999,
            -26.93432759923744
          ],
          [
            -48.742127700000026,
            -26.93434539923741
          ],
          [
            -48.74199870000001,
            -26.93438239923744
          ],
          [
            -48.74188459999999,
            -26.93442209923743
          ],
          [
            -48.74156240000002,
            -26.934555599237434
          ],
          [
            -48.741451600000005,
            -26.934597399237397
          ],
          [
            -48.741355699999986,
            -26.934626699237448
          ],
          [
            -48.74128259999998,
            -26.934641699237414
          ],
          [
            -48.74121910000002,
            -26.93464589923745
          ],
          [
            -48.74113379999999,
            -26.934639499237413
          ],
          [
            -48.741014800000016,
            -26.934621699237404
          ],
          [
            -48.74065669999999,
            -26.934559899237428
          ],
          [
            -48.74053780000002,
            -26.934546099237394
          ],
          [
            -48.740445900000005,
            -26.93454069923743
          ],
          [
            -48.740302100000015,
            -26.934541399237425
          ],
          [
            -48.740173200000015,
            -26.934551199237408
          ],
          [
            -48.74007,
            -26.9345705992374
          ],
          [
            -48.73995050000001,
            -26.934606599237426
          ],
          [
            -48.7398733,
            -26.93463689923741
          ],
          [
            -48.739754500000004,
            -26.934689999237406
          ],
          [
            -48.739641500000005,
            -26.93474539923742
          ],
          [
            -48.739529000000005,
            -26.934805599237418
          ],
          [
            -48.73937699999999,
            -26.934890699237396
          ],
          [
            -48.73927939999999,
            -26.934949299237438
          ],
          [
            -48.7391806,
            -26.935015999237436
          ],
          [
            -48.739107999999995,
            -26.935072799237407
          ],
          [
            -48.73901489999998,
            -26.93515809923743
          ],
          [
            -48.73897520000003,
            -26.9352008992374
          ],
          [
            -48.738938700000006,
            -26.935246899237395
          ],
          [
            -48.7387756,
            -26.935486299237393
          ]
        ]
      },
      "properties": {
        "OBJECTID": 346032,
        "COTRECHO": 344720,
        "COBACIA": "77962313",
        "NORIOCOMP": "Rio Itajaí-mirim",
        "NOORIGINAL": "Rio Itajaí-mirim",
        "NUSTRAHLER": 4,
        "NUTRJUS": 177939,
        "NUCOMPTREC": 3.50143322,
        "NUAREAMONT": 1545.3336232
      }
    },
    {
      "type": "Feature",
      "id": 346033,
      "geometry": {
        "type": "LineString",
        "coordinates": [
          [
            -49.32056549999999,
            -27.317446799230098
          ],
          [
            -49.32067970000003,
            -27.317235799230062
          ],
          [
            -49.32088279999999,
            -27.316820499230083
          ],
          [
            -49.32090019999998,
            -27.316531799230084
          ],
          [
            -49.320863599999996,
            -27.316446699230063
          ],
          [
            -49.320841099999996,
            -27.316394399230056
          ],
          [
            -49.320701799999995,
            -27.316345899230075
          ],
          [
            -49.320492100000024,
            -27.316331699230062
          ],
          [
            -49.320259899999996,
            -27.316356199230054
          ],
          [
            -49.31978090000001,
            -27.316502699230085
          ],
          [
            -49.3192813,
            -27.316563099230073
          ],
          [
            -49.318112799999994,
            -27.316603699230058
          ],
          [
            -49.317901199999994,
            -27.316572599230053
          ],
          [
            -49.317806000000026,
            -27.31650109923007
          ],
          [
            -49.3177336,
            -27.316371399230057
          ],
          [
            -49.31771329999998,
            -27.316265799230077
          ],
          [
            -49.317707299999995,
            -27.31608219923007
          ],
          [
            -49.317723,
            -27.315914499230107
          ],
          [
            -49.31776910000002,
            -27.31575889923008
          ],
          [
            -49.317899399999995,
            -27.315530099230084
          ],
          [
            -49.31809470000002,
            -27.315300199230133
          ],
          [
            -49.31820320000003,
            -27.315067299230122
          ],
          [
            -49.31821530000001,
            -27.31484489923014
          ],
          [
            -49.31816199999997,
            -27.314606099230108
          ],
          [
            -49.31800229999998,
            -27.31417859923011
          ],
          [
            -49.31772139999998,
            -27.313641499230158
          ],
          [
            -49.31750870000002,
            -27.313234999230165
          ],
          [
            -49.31747480000001,
            -27.313039999230142
          ],
          [
            -49.31743940000001,
            -27.312531399230178
          ],
          [
            -49.31738339999999,
            -27.311802299230187
          ],
          [
            -49.31738039999998,
            -27.31176329923018
          ],
          [
            -49.31732390000002,
            -27.311639299230194
          ],
          [
            -49.317263299999986,
            -27.311589299230157
          ],
          [
            -49.3171931,
            -27.311560999230156
          ],
          [
            -49.31708570000001,
            -27.311559699230152
          ],
          [
            -49.31693769999998,
            -27.3115990992302
          ],
          [
            -49.31677689999998,
            -27.31167659923017
          ],
          [
            -49.316594399999985,
            -27.311764799230172
          ],
          [
            -49.31651069999998,
            -27.311818599230143
          ],
          [
            -49.316466999999996,
            -27.31186199923019
          ],
          [
            -49.31642019999998,
            -27.311916199230158
          ],
          [
            -49.31637919999998,
            -27.311984199230146
          ],
          [
            -49.31630630000001,
            -27.31213949923017
          ],
          [
            -49.316252399999996,
            -27.31245129923018
          ],
          [
            -49.31623059999999,
            -27.31284329923016
          ],
          [
            -49.3161938,
            -27.31304019923014
          ],
          [
            -49.316112299999986,
            -27.31315699923013
          ],
          [
            -49.31561620000002,
            -27.313650899230158
          ],
          [
            -49.314888800000006,
            -27.314315299230103
          ],
          [
            -49.314552799999994,
            -27.314586399230127
          ],
          [
            -49.314356299999986,
            -27.314681799230137
          ],
          [
            -49.31418800000001,
            -27.314722499230133
          ],
          [
            -49.31408199999998,
            -27.314715099230117
          ],
          [
            -49.313945499999996,
            -27.314688999230103
          ],
          [
            -49.313857400000025,
            -27.31462689923013
          ],
          [
            -49.31380009999998,
            -27.3145680992301
          ],
          [
            -49.31373700000001,
            -27.314442099230124
          ],
          [
            -49.31370209999999,
            -27.31426149923011
          ],
          [
            -49.313723400000015,
            -27.313983799230137
          ],
          [
            -49.31412740000001,
            -27.312953799230154
          ],
          [
            -49.3141802,
            -27.31281939923018
          ],
          [
            -49.314263100000005,
            -27.31232129923017
          ],
          [
            -49.31438050000003,
            -27.31186939923016
          ],
          [
            -49.31473570000003,
            -27.31123799923018
          ],
          [
            -49.315668800000026,
            -27.309823699230186
          ],
          [
            -49.315890700000004,
            -27.309487399230253
          ],
          [
            -49.31606260000001,
            -27.309325399230197
          ],
          [
            -49.316307600000016,
            -27.309189799230232
          ],
          [
            -49.31685440000001,
            -27.308952499230198
          ],
          [
            -49.317150500000025,
            -27.308784299230236
          ],
          [
            -49.3173506,
            -27.308634899230245
          ],
          [
            -49.31783439999998,
            -27.30827349923023
          ],
          [
            -49.31801760000002,
            -27.308206399230254
          ],
          [
            -49.318250499999984,
            -27.308206199230202
          ],
          [
            -49.318773599999986,
            -27.308194399230235
          ],
          [
            -49.31901800000003,
            -27.308100999230266
          ],
          [
            -49.3191276,
            -27.307993899230233
          ],
          [
            -49.31914360000002,
            -27.30782839923026
          ],
          [
            -49.31907990000003,
            -27.30757769923028
          ],
          [
            -49.318981199999996,
            -27.307407799230276
          ],
          [
            -49.3188442,
            -27.307321799230262
          ],
          [
            -49.318585400000025,
            -27.307249399230244
          ],
          [
            -49.318305699999996,
            -27.307208699230248
          ],
          [
            -49.318022299999996,
            -27.30720529923028
          ],
          [
            -49.31766440000001,
            -27.307221999230276
          ],
          [
            -49.317411900000025,
            -27.307182799230286
          ],
          [
            -49.31720790000003,
            -27.307062899230267
          ],
          [
            -49.317135199999996,
            -27.30695959923029
          ],
          [
            -49.31709280000001,
            -27.306865799230287
          ],
          [
            -49.31709110000003,
            -27.306751299230246
          ],
          [
            -49.31722919999999,
            -27.30654409923026
          ],
          [
            -49.31750060000001,
            -27.3062190992303
          ],
          [
            -49.31782160000001,
            -27.30596689923027
          ],
          [
            -49.31794580000001,
            -27.305807599230267
          ],
          [
            -49.31803639999998,
            -27.305615999230273
          ],
          [
            -49.318409299999985,
            -27.305278999230286
          ],
          [
            -49.31900489999998,
            -27.3047407992303
          ],
          [
            -49.3192353,
            -27.30446279923033
          ],
          [
            -49.319301800000005,
            -27.304303999230314
          ],
          [
            -49.31929220000001,
            -27.304229199230324
          ],
          [
            -49.319289700000006,
            -27.304210399230296
          ],
          [
            -49.319236999999994,
            -27.304125499230313
          ],
          [
            -49.31916719999998,
            -27.304055399230304
          ],
          [
            -49.31899299999998,
            -27.30397189923034
          ],
          [
            -49.31878089999998,
            -27.303942299230336
          ],
          [
            -49.3181773,
            -27.303916999230346
          ],
          [
            -49.31708040000001,
            -27.30393689923032
          ],
          [
            -49.316834700000015,
            -27.30395419923034
          ],
          [
            -49.31630450000001,
            -27.303991499230314
          ],
          [
            -49.315826000000015,
            -27.303992099230335
          ],
          [
            -49.3156937,
            -27.303969399230343
          ],
          [
            -49.31563030000001,
            -27.30393689923032
          ],
          [
            -49.315574200000015,
            -27.303889699230336
          ],
          [
            -49.31553969999999,
            -27.303819499230308
          ],
          [
            -49.315529099999985,
            -27.303738999230333
          ],
          [
            -49.315519600000016,
            -27.303580399230317
          ],
          [
            -49.31554799999997,
            -27.30342429923035
          ],
          [
            -49.31561640000001,
            -27.303289799230356
          ],
          [
            -49.315695800000015,
            -27.30320619923032
          ],
          [
            -49.31653269999998,
            -27.30253389923036
          ],
          [
            -49.31664310000002,
            -27.30242659923034
          ],
          [
            -49.31670600000002,
            -27.302338599230342
          ],
          [
            -49.316711999999995,
            -27.30224979923039
          ],
          [
            -49.31669499999999,
            -27.302122799230357
          ],
          [
            -49.31655979999999,
            -27.30178519923035
          ],
          [
            -49.316294400000004,
            -27.30112239923037
          ],
          [
            -49.31619369999999,
            -27.301016399230374
          ],
          [
            -49.31607339999999,
            -27.300960799230364
          ],
          [
            -49.316049899999996,
            -27.300955899230402
          ],
          [
            -49.3156505,
            -27.300871199230397
          ],
          [
            -49.314394,
            -27.300558499230416
          ],
          [
            -49.31420459999998,
            -27.30048989923039
          ],
          [
            -49.31406959999998,
            -27.300403799230406
          ],
          [
            -49.31401410000001,
            -27.300315199230397
          ],
          [
            -49.3140037,
            -27.300250799230408
          ],
          [
            -49.31402379999997,
            -27.30017329923038
          ],
          [
            -49.314054999999996,
            -27.300112799230426
          ],
          [
            -49.31424659999999,
            -27.29996639923041
          ],
          [
            -49.31512429999998,
            -27.299533999230402
          ],
          [
            -49.31538080000002,
            -27.299363499230434
          ],
          [
            -49.315454999999986,
            -27.29921559923044
          ],
          [
            -49.315450199999994,
            -27.299032999230434
          ],
          [
            -49.31532470000002,
            -27.298815099230435
          ],
          [
            -49.314793699999996,
            -27.29810879923046
          ],
          [
            -49.3146792,
            -27.297895299230436
          ],
          [
            -49.3146438,
            -27.297732599230464
          ],
          [
            -49.31467040000002,
            -27.29747599923046
          ],
          [
            -49.31477810000001,
            -27.296860499230434
          ],
          [
            -49.314779499999986,
            -27.29682589923044
          ],
          [
            -49.31478980000003,
            -27.29658339923044
          ],
          [
            -49.31472819999999,
            -27.296403399230446
          ],
          [
            -49.31462399999999,
            -27.296277099230462
          ],
          [
            -49.314514999999965,
            -27.296221599230492
          ],
          [
            -49.31437519999997,
            -27.296203099230475
          ],
          [
            -49.3141966,
            -27.296238099230447
          ],
          [
            -49.31412399999999,
            -27.296281199230485
          ],
          [
            -49.314042900000004,
            -27.296388399230484
          ],
          [
            -49.31398819999998,
            -27.296499299230454
          ],
          [
            -49.313919699999985,
            -27.29700609923043
          ],
          [
            -49.313824599999975,
            -27.29777039923044
          ],
          [
            -49.313701700000024,
            -27.298133999230433
          ],
          [
            -49.3133924,
            -27.29852649923041
          ],
          [
            -49.31295460000002,
            -27.298923499230416
          ],
          [
            -49.31290310000003,
            -27.298949499230407
          ],
          [
            -49.31285980000001,
            -27.2989559992304
          ],
          [
            -49.3128193,
            -27.298948499230413
          ],
          [
            -49.31276600000001,
            -27.29892099923043
          ],
          [
            -49.312741800000026,
            -27.298875099230386
          ],
          [
            -49.312738599999996,
            -27.298829399230407
          ],
          [
            -49.312737099999985,
            -27.298751099230426
          ],
          [
            -49.31276100000002,
            -27.298648399230412
          ],
          [
            -49.31281050000001,
            -27.298476799230432
          ],
          [
            -49.312876800000026,
            -27.297976499230437
          ],
          [
            -49.312880800000016,
            -27.297653599230422
          ],
          [
            -49.31284190000003,
            -27.297483799230452
          ],
          [
            -49.312781099999995,
            -27.297390499230445
          ],
          [
            -49.31270219999998,
            -27.29731279923043
          ],
          [
            -49.31250010000002,
            -27.29717299923044
          ],
          [
            -49.312242799999986,
            -27.296924999230445
          ],
          [
            -49.31203850000003,
            -27.29668649923049
          ],
          [
            -49.31192820000001,
            -27.29650939923046
          ],
          [
            -49.31189130000002,
            -27.296400199230455
          ],
          [
            -49.3118834,
            -27.29633379923048
          ],
          [
            -49.311899400000016,
            -27.296257099230463
          ],
          [
            -49.311936300000006,
            -27.296185499230447
          ],
          [
            -49.31196060000002,
            -27.29613839923049
          ],
          [
            -49.31223139999997,
            -27.295916299230463
          ],
          [
            -49.3125,
            -27.295739999230502
          ],
          [
            -49.31286560000001,
            -27.29540959923051
          ],
          [
            -49.313377,
            -27.29486579923053
          ],
          [
            -49.31389739999997,
            -27.294170899230497
          ],
          [
            -49.31422220000002,
            -27.29359609923052
          ],
          [
            -49.31428599999998,
            -27.29343479923053
          ],
          [
            -49.31429400000002,
            -27.29333119923054
          ],
          [
            -49.314267599999994,
            -27.293263199230534
          ],
          [
            -49.314241200000026,
            -27.29319519923053
          ],
          [
            -49.314057100000014,
            -27.29278409923054
          ],
          [
            -49.31365340000002,
            -27.29203159923053
          ],
          [
            -49.31348509999998,
            -27.291666899230545
          ],
          [
            -49.31347720000002,
            -27.291583199230548
          ],
          [
            -49.31349829999999,
            -27.291504899230564
          ],
          [
            -49.31360849999999,
            -27.29135629923058
          ],
          [
            -49.31405510000002,
            -27.29090849923057
          ],
          [
            -49.314176799999984,
            -27.290788599230552
          ],
          [
            -49.31423829999999,
            -27.290689399230594
          ],
          [
            -49.31424750000002,
            -27.290610999230594
          ],
          [
            -49.31424099999998,
            -27.290510999230563
          ],
          [
            -49.31417490000002,
            -27.29038519923059
          ],
          [
            -49.3141,
            -27.2903164992306
          ],
          [
            -49.31390549999998,
            -27.290221399230585
          ],
          [
            -49.313646199999994,
            -27.290186099230617
          ],
          [
            -49.313286500000004,
            -27.290174699230594
          ],
          [
            -49.3125,
            -27.290297099230564
          ],
          [
            -49.312105400000014,
            -27.290316599230568
          ],
          [
            -49.31191539999998,
            -27.29031429923055
          ],
          [
            -49.3118344,
            -27.290289899230586
          ],
          [
            -49.31176399999998,
            -27.290268799230557
          ],
          [
            -49.311602900000025,
            -27.2901503992306
          ],
          [
            -49.31140529999998,
            -27.289929599230582
          ],
          [
            -49.3112132,
            -27.289704099230597
          ],
          [
            -49.31122160000001,
            -27.289505299230573
          ],
          [
            -49.311250400000006,
            -27.289398899230584
          ],
          [
            -49.311427200000026,
            -27.289197199230603
          ],
          [
            -49.31158019999998,
            -27.28913599923059
          ],
          [
            -49.311780699999986,
            -27.28916749923063
          ],
          [
            -49.31199149999998,
            -27.289233099230596
          ],
          [
            -49.3122942,
            -27.289328999230616
          ],
          [
            -49.31250000000001,
            -27.289364999230582
          ],
          [
            -49.312899099999974,
            -27.289340599230606
          ],
          [
            -49.31315840000002,
            -27.289302299230577
          ],
          [
            -49.31345299999998,
            -27.289226599230616
          ],
          [
            -49.314308600000004,
            -27.28882669923063
          ],
          [
            -49.31538310000002,
            -27.288339199230613
          ],
          [
            -49.31677389999999,
            -27.287783699230598
          ],
          [
            -49.31693389999998,
            -27.287705299230662
          ],
          [
            -49.31700050000001,
            -27.287640599230613
          ],
          [
            -49.317024600000025,
            -27.28757889923066
          ],
          [
            -49.317050300000005,
            -27.287413699230637
          ],
          [
            -49.31706209999999,
            -27.286822899230657
          ],
          [
            -49.31707999999997,
            -27.285930199230673
          ],
          [
            -49.31702580000001,
            -27.285637199230663
          ],
          [
            -49.31694060000001,
            -27.28545159923066
          ],
          [
            -49.316780800000004,
            -27.285271099230666
          ],
          [
            -49.31664139999999,
            -27.285177099230665
          ]
        ]
      },
      "properties": {
        "OBJECTID": 346033,
        "COTRECHO": 344721,
        "COBACIA": "7796271",
        "NORIOCOMP": "Rio Itajaí-mirim",
        "NOORIGINAL": "Rio Itajaí-mirim",
        "NUSTRAHLER": 4,
        "NUTRJUS": 344745,
        "NUCOMPTREC": 7.54218475,
        "NUAREAMONT": 343.07949169
      }
    },
    {
      "type": "Feature",
      "id": 346036,
      "geometry": {
        "type": "LineString",
        "coordinates": [
          [
            -49.08995290000002,
            -27.195102299232367
          ],
          [
            -49.08981510000001,
            -27.195141599232404
          ],
          [
            -49.08940610000002,
            -27.195297099232405
          ],
          [
            -49.0890172,
            -27.195624299232417
          ],
          [
            -49.0884739,
            -27.196011099232404
          ],
          [
            -49.08792940000001,
            -27.196469799232368
          ],
          [
            -49.087406699999974,
            -27.19700089923235
          ],
          [
            -49.087096299999985,
            -27.19744229923234
          ],
          [
            -49.086539200000004,
            -27.198166199232347
          ],
          [
            -49.08625860000001,
            -27.198459199232342
          ],
          [
            -49.08602810000002,
            -27.19871309923235
          ],
          [
            -49.085700799999984,
            -27.199023999232338
          ],
          [
            -49.08542019999999,
            -27.19929089923232
          ],
          [
            -49.085214500000006,
            -27.19943889923234
          ],
          [
            -49.08501740000003,
            -27.199528799232304
          ],
          [
            -49.084840199999974,
            -27.19958119923233
          ],
          [
            -49.08466809999998,
            -27.199558299232294
          ],
          [
            -49.08452010000002,
            -27.199467199232327
          ],
          [
            -49.084415200000024,
            -27.199328599232327
          ],
          [
            -49.084309700000006,
            -27.199217499232308
          ],
          [
            -49.08422009999998,
            -27.199075699232306
          ],
          [
            -49.0840996,
            -27.198950699232345
          ],
          [
            -49.08391339999997,
            -27.198852199232302
          ],
          [
            -49.083835299999976,
            -27.19871399923232
          ],
          [
            -49.08379280000002,
            -27.198511199232325
          ],
          [
            -49.08383520000001,
            -27.198271799232327
          ],
          [
            -49.08378950000002,
            -27.19802779923233
          ],
          [
            -49.083761599999995,
            -27.197866299232345
          ],
          [
            -49.08374600000001,
            -27.19765699923234
          ],
          [
            -49.08371410000001,
            -27.197505699232376
          ],
          [
            -49.0837176,
            -27.197303499232326
          ],
          [
            -49.08372609999997,
            -27.19702939923238
          ],
          [
            -49.08377200000002,
            -27.196814099232352
          ],
          [
            -49.0837368,
            -27.196628499232336
          ],
          [
            -49.08370580000002,
            -27.19642589923238
          ],
          [
            -49.08367820000001,
            -27.19624379923237
          ],
          [
            -49.08364849999998,
            -27.19596579923239
          ],
          [
            -49.08362090000002,
            -27.195783699232383
          ],
          [
            -49.083558200000034,
            -27.195638899232392
          ],
          [
            -49.08335820000002,
            -27.195231699232426
          ],
          [
            -49.0832618,
            -27.19495149923241
          ],
          [
            -49.08322670000001,
            -27.194849399232414
          ],
          [
            -49.0831422,
            -27.194635699232407
          ],
          [
            -49.08300730000002,
            -27.19445559923244
          ],
          [
            -49.08284370000001,
            -27.19438479923243
          ],
          [
            -49.08259479999999,
            -27.19436769923241
          ],
          [
            -49.08241450000003,
            -27.194372099232424
          ],
          [
            -49.0822182,
            -27.19442079923241
          ],
          [
            -49.08197050000001,
            -27.194561399232413
          ],
          [
            -49.08183059999998,
            -27.19466919923243
          ],
          [
            -49.081724500000014,
            -27.194821999232385
          ],
          [
            -49.08169839999999,
            -27.194913399232423
          ],
          [
            -49.081593999999996,
            -27.195279499232424
          ],
          [
            -49.081451500000014,
            -27.195541499232387
          ],
          [
            -49.08141699999999,
            -27.195767299232383
          ],
          [
            -49.08127919999998,
            -27.195977899232386
          ],
          [
            -49.081119899999976,
            -27.196105999232373
          ],
          [
            -49.08089239999999,
            -27.196181699232394
          ],
          [
            -49.080706299999974,
            -27.19630259923241
          ],
          [
            -49.080586400000016,
            -27.196365999232377
          ],
          [
            -49.08039070000001,
            -27.196377099232382
          ],
          [
            -49.08024519999998,
            -27.196364799232402
          ],
          [
            -49.080040199999985,
            -27.196248899232387
          ],
          [
            -49.079810399999985,
            -27.196012599232404
          ],
          [
            -49.0797594,
            -27.195861099232395
          ],
          [
            -49.07962379999998,
            -27.195718699232383
          ],
          [
            -49.0791802,
            -27.195431599232403
          ],
          [
            -49.07881759999998,
            -27.19529599923237
          ],
          [
            -49.07874220000002,
            -27.19526789923237
          ],
          [
            -49.07847629999998,
            -27.19512369923242
          ],
          [
            -49.07830510000002,
            -27.19504939923241
          ],
          [
            -49.07810269999998,
            -27.19500199923239
          ],
          [
            -49.077972699999975,
            -27.19498649923243
          ],
          [
            -49.07779540000002,
            -27.19504239923238
          ],
          [
            -49.07761929999998,
            -27.195252499232396
          ],
          [
            -49.07740280000001,
            -27.195581999232395
          ],
          [
            -49.07736089999997,
            -27.195626699232385
          ],
          [
            -49.077234900000015,
            -27.19576139923238
          ],
          [
            -49.07712520000001,
            -27.195896999232385
          ],
          [
            -49.077122799999984,
            -27.19603749923238
          ],
          [
            -49.077059399999996,
            -27.196159999232396
          ],
          [
            -49.07701229999998,
            -27.19622109923238
          ],
          [
            -49.07680670000002,
            -27.19636559923236
          ],
          [
            -49.076731300000006,
            -27.19651199923236
          ],
          [
            -49.07647800000001,
            -27.196755299232382
          ],
          [
            -49.076290700000015,
            -27.196944699232386
          ],
          [
            -49.07606299999998,
            -27.19726039923237
          ],
          [
            -49.07578380000001,
            -27.197667899232343
          ],
          [
            -49.07559550000002,
            -27.197915499232366
          ],
          [
            -49.07536229999999,
            -27.198100799232364
          ],
          [
            -49.07515269999999,
            -27.19825219923236
          ],
          [
            -49.074978800000004,
            -27.198332099232356
          ],
          [
            -49.0747753,
            -27.19835669923231
          ],
          [
            -49.07461060000003,
            -27.198344199232352
          ],
          [
            -49.07449350000002,
            -27.19824309923236
          ],
          [
            -49.0744393,
            -27.19815719923236
          ]
        ]
      },
      "properties": {
        "OBJECTID": 346036,
        "COTRECHO": 344725,
        "COBACIA": "77962555",
        "NORIOCOMP": "Rio Itajaí-mirim",
        "NOORIGINAL": "Rio Itajaí-mirim",
        "NUSTRAHLER": 4,
        "NUTRJUS": 344742,
        "NUCOMPTREC": 2.5907877,
        "NUAREAMONT": 799.39100695
      }
    },
    {
      "type": "Feature",
      "id": 346039,
      "geometry": {
        "type": "LineString",
        "coordinates": [
          [
            -49.02717940000002,
            -27.201884899232258
          ],
          [
            -49.026678600000025,
            -27.201416999232272
          ],
          [
            -49.02661940000002,
            -27.201357699232293
          ],
          [
            -49.02649389999999,
            -27.201236799232298
          ],
          [
            -49.02636580000001,
            -27.20098549923229
          ],
          [
            -49.02621099999999,
            -27.200762899232267
          ],
          [
            -49.02615359999999,
            -27.200688299232322
          ],
          [
            -49.0261026,
            -27.20058899923227
          ],
          [
            -49.02608270000002,
            -27.200498799232296
          ],
          [
            -49.02607269999999,
            -27.200295999232285
          ],
          [
            -49.0260854,
            -27.200122799232272
          ],
          [
            -49.02610700000002,
            -27.19983079923229
          ],
          [
            -49.02620839999997,
            -27.19902879923233
          ],
          [
            -49.02635340000001,
            -27.198448999232326
          ],
          [
            -49.02642400000002,
            -27.198221899232355
          ],
          [
            -49.02667300000002,
            -27.197737499232378
          ],
          [
            -49.02684629999999,
            -27.19753829923238
          ],
          [
            -49.02702290000002,
            -27.19738139923234
          ],
          [
            -49.02713940000001,
            -27.19722789923234
          ],
          [
            -49.027350599999984,
            -27.19694399923234
          ],
          [
            -49.027466300000015,
            -27.196802099232382
          ],
          [
            -49.02756870000002,
            -27.196712099232396
          ],
          [
            -49.02766630000002,
            -27.196631599232358
          ],
          [
            -49.0278394,
            -27.19651919923238
          ],
          [
            -49.02804200000003,
            -27.196373299232377
          ],
          [
            -49.028305999999986,
            -27.19613649923241
          ],
          [
            -49.028488700000025,
            -27.196023899232387
          ],
          [
            -49.028639,
            -27.1959809992324
          ],
          [
            -49.028909999999996,
            -27.195910199232404
          ],
          [
            -49.029178100000024,
            -27.19586159923239
          ],
          [
            -49.02945240000003,
            -27.19583239923235
          ],
          [
            -49.029859600000016,
            -27.19583619923236
          ],
          [
            -49.03020459999999,
            -27.19586439923239
          ],
          [
            -49.030415800000014,
            -27.195840099232385
          ],
          [
            -49.03062849999998,
            -27.19573049923241
          ],
          [
            -49.03075460000002,
            -27.195607699232376
          ],
          [
            -49.03089449999999,
            -27.195436899232394
          ],
          [
            -49.03097330000003,
            -27.195280699232413
          ],
          [
            -49.03097780000002,
            -27.195147899232403
          ],
          [
            -49.0309489,
            -27.195058099232384
          ],
          [
            -49.030861800000025,
            -27.194946199232408
          ],
          [
            -49.03071990000001,
            -27.19484999923238
          ],
          [
            -49.0305343,
            -27.194728999232407
          ],
          [
            -49.03029320000002,
            -27.194588399232394
          ],
          [
            -49.03012439999998,
            -27.194432599232446
          ],
          [
            -49.02985399999999,
            -27.19403939923243
          ],
          [
            -49.02972369999998,
            -27.1936746992324
          ],
          [
            -49.02965390000003,
            -27.193381899232456
          ],
          [
            -49.02963060000002,
            -27.193204599232434
          ],
          [
            -49.029672600000026,
            -27.19237139923247
          ],
          [
            -49.02968959999998,
            -27.19218719923244
          ],
          [
            -49.02972849999997,
            -27.192022599232438
          ],
          [
            -49.029750099999994,
            -27.19193009923244
          ],
          [
            -49.02982689999999,
            -27.191601099232493
          ],
          [
            -49.029832899999974,
            -27.191480999232482
          ],
          [
            -49.029792999999984,
            -27.191312299232465
          ],
          [
            -49.02973739999999,
            -27.19119099923248
          ],
          [
            -49.029619000000025,
            -27.1908246992325
          ],
          [
            -49.029498100000005,
            -27.189972399232488
          ],
          [
            -49.02948120000001,
            -27.189348099232536
          ],
          [
            -49.02949289999998,
            -27.189127199232484
          ],
          [
            -49.02951610000002,
            -27.188332499232537
          ],
          [
            -49.029447300000015,
            -27.187910899232552
          ],
          [
            -49.02944020000001,
            -27.187691299232526
          ],
          [
            -49.02941989999999,
            -27.187605899232537
          ],
          [
            -49.02934010000001,
            -27.187405899232537
          ],
          [
            -49.02928209999999,
            -27.187299199232537
          ],
          [
            -49.02913810000001,
            -27.187130499232584
          ],
          [
            -49.02886139999998,
            -27.18696689923257
          ],
          [
            -49.0287138,
            -27.186920999232544
          ],
          [
            -49.02839430000001,
            -27.186868899232525
          ],
          [
            -49.0281119,
            -27.18682959923257
          ],
          [
            -49.02776790000002,
            -27.186803899232533
          ],
          [
            -49.027370700000006,
            -27.186765499232536
          ],
          [
            -49.02702240000002,
            -27.186710699232552
          ],
          [
            -49.02692330000002,
            -27.18667419923259
          ],
          [
            -49.02683889999997,
            -27.186624999232563
          ],
          [
            -49.02679310000002,
            -27.186554099232595
          ],
          [
            -49.0267086,
            -27.186399499232564
          ],
          [
            -49.026661299999994,
            -27.186258099232553
          ],
          [
            -49.026556200000016,
            -27.186108399232598
          ],
          [
            -49.026349700000026,
            -27.185894999232584
          ],
          [
            -49.0259231,
            -27.185544899232603
          ],
          [
            -49.025661000000014,
            -27.185245899232577
          ],
          [
            -49.02543659999998,
            -27.184891699232576
          ],
          [
            -49.02517039999998,
            -27.184274399232596
          ],
          [
            -49.025122599999975,
            -27.184083899232633
          ],
          [
            -49.02509470000001,
            -27.18388319923264
          ],
          [
            -49.02502440000001,
            -27.183632699232597
          ],
          [
            -49.0248613,
            -27.18305669923264
          ],
          [
            -49.024819799999996,
            -27.182766699232648
          ],
          [
            -49.02478380000003,
            -27.181982799232667
          ],
          [
            -49.02479160000001,
            -27.181782099232674
          ],
          [
            -49.0248436,
            -27.181688999232666
          ],
          [
            -49.0249179,
            -27.18156489923267
          ],
          [
            -49.02507789999999,
            -27.181418599232632
          ],
          [
            -49.02528860000001,
            -27.181294299232658
          ],
          [
            -49.02573530000001,
            -27.181087699232656
          ],
          [
            -49.026079700000025,
            -27.18088119923266
          ],
          [
            -49.026203699999996,
            -27.180723599232696
          ],
          [
            -49.02623089999997,
            -27.18063089923266
          ],
          [
            -49.026227800000015,
            -27.180494699232675
          ],
          [
            -49.0261721,
            -27.180347599232686
          ],
          [
            -49.02563839999999,
            -27.1795524992327
          ],
          [
            -49.02555239999998,
            -27.179453299232673
          ],
          [
            -49.02544399999999,
            -27.179389099232683
          ],
          [
            -49.025046499999966,
            -27.1792715992327
          ],
          [
            -49.02443390000001,
            -27.179042699232742
          ],
          [
            -49.0242207,
            -27.17892819923269
          ],
          [
            -49.02410739999999,
            -27.178806699232705
          ],
          [
            -49.02407870000002,
            -27.178664099232705
          ],
          [
            -49.02408029999999,
            -27.178448799232736
          ],
          [
            -49.024113899999975,
            -27.178341399232735
          ],
          [
            -49.024218000000026,
            -27.178196699232718
          ],
          [
            -49.02430500000003,
            -27.178047099232742
          ],
          [
            -49.02437140000001,
            -27.177821599232747
          ],
          [
            -49.02451369999999,
            -27.177427199232746
          ],
          [
            -49.02472360000001,
            -27.17692229923275
          ],
          [
            -49.024895000000015,
            -27.176576199232763
          ],
          [
            -49.02492460000002,
            -27.17650679923278
          ],
          [
            -49.02494890000003,
            -27.176346399232767
          ],
          [
            -49.024943500000006,
            -27.176204399232777
          ],
          [
            -49.02487609999997,
            -27.17603749923277
          ],
          [
            -49.0248143,
            -27.17588459923279
          ],
          [
            -49.0247781,
            -27.1756168992328
          ],
          [
            -49.02473079999998,
            -27.174924199232812
          ],
          [
            -49.02465999999998,
            -27.17432389923279
          ],
          [
            -49.02462170000001,
            -27.174086699232774
          ],
          [
            -49.02458569999999,
            -27.173987399232796
          ],
          [
            -49.024523800000004,
            -27.173919199232813
          ],
          [
            -49.024408699999974,
            -27.1738435992328
          ],
          [
            -49.02425440000002,
            -27.173768799232814
          ],
          [
            -49.024174500000015,
            -27.1737499992328
          ],
          [
            -49.024066100000034,
            -27.173738399232803
          ],
          [
            -49.023912499999994,
            -27.173745499232812
          ],
          [
            -49.02379480000002,
            -27.173795699232834
          ],
          [
            -49.0237391,
            -27.173824199232826
          ],
          [
            -49.02365529999997,
            -27.173883199232776
          ],
          [
            -49.02354009999999,
            -27.174026799232788
          ],
          [
            -49.02347179999998,
            -27.174174499232798
          ],
          [
            -49.02335660000001,
            -27.174368099232773
          ],
          [
            -49.02325300000002,
            -27.174477099232785
          ],
          [
            -49.02315320000002,
            -27.17454909923278
          ],
          [
            -49.02301099999999,
            -27.174642099232816
          ],
          [
            -49.02293270000001,
            -27.17467719923281
          ],
          [
            -49.022709899999995,
            -27.174718099232802
          ],
          [
            -49.02253059999998,
            -27.17470869923279
          ],
          [
            -49.02237710000003,
            -27.174665399232772
          ],
          [
            -49.02227290000002,
            -27.174620899232774
          ],
          [
            -49.022144799999985,
            -27.174535699232766
          ],
          [
            -49.02204649999999,
            -27.174446199232776
          ],
          [
            -49.021902599999976,
            -27.17436149923277
          ],
          [
            -49.02163719999999,
            -27.174278299232824
          ],
          [
            -49.02143699999999,
            -27.174240199232784
          ],
          [
            -49.02130629999999,
            -27.174237299232807
          ],
          [
            -49.021109299999985,
            -27.174264599232824
          ],
          [
            -49.021027600000025,
            -27.17428659923281
          ],
          [
            -49.020949299999984,
            -27.174321799232768
          ],
          [
            -49.020850499999995,
            -27.17440419923283
          ],
          [
            -49.0207125,
            -27.174526999232807
          ],
          [
            -49.02062160000003,
            -27.17457859923281
          ],
          [
            -49.02003209999997,
            -27.17490579923276
          ],
          [
            -49.019879300000014,
            -27.17497749923279
          ],
          [
            -49.019647299999974,
            -27.175063499232802
          ],
          [
            -49.01947280000001,
            -27.175102899232797
          ],
          [
            -49.01918970000003,
            -27.17514269923277
          ],
          [
            -49.0182815,
            -27.17516769923276
          ],
          [
            -49.017810999999995,
            -27.1751923992328
          ],
          [
            -49.01759700000003,
            -27.175187099232794
          ],
          [
            -49.01737000000003,
            -27.175181499232792
          ],
          [
            -49.01665969999999,
            -27.175141599232795
          ],
          [
            -49.01651229999999,
            -27.17514419923277
          ],
          [
            -49.016266900000005,
            -27.175208299232793
          ],
          [
            -49.01596719999998,
            -27.175293399232764
          ],
          [
            -49.01548220000001,
            -27.175359599232756
          ],
          [
            -49.015344400000004,
            -27.175370799232784
          ],
          [
            -49.015051200000016,
            -27.175449899232767
          ],
          [
            -49.01499109999997,
            -27.17547409923276
          ],
          [
            -49.01486799999998,
            -27.17549119923278
          ],
          [
            -49.01477010000002,
            -27.17547259923276
          ],
          [
            -49.01451129999998,
            -27.17533419923279
          ],
          [
            -49.01434280000001,
            -27.17522219923279
          ],
          [
            -49.014083700000015,
            -27.175005799232792
          ],
          [
            -49.01370859999998,
            -27.17450779923281
          ],
          [
            -49.01336759999998,
            -27.173935799232794
          ],
          [
            -49.013000499999976,
            -27.1731932992328
          ],
          [
            -49.01282839999999,
            -27.172908099232792
          ],
          [
            -49.01261280000001,
            -27.172636699232832
          ],
          [
            -49.01248529999999,
            -27.172590099232806
          ],
          [
            -49.01231169999999,
            -27.172559599232844
          ],
          [
            -49.01222569999999,
            -27.172555599232837
          ],
          [
            -49.01207540000001,
            -27.172564699232847
          ],
          [
            -49.01186280000002,
            -27.172651099232837
          ],
          [
            -49.01147470000001,
            -27.172816399232822
          ],
          [
            -49.01138930000002,
            -27.17287999923285
          ],
          [
            -49.01135879999998,
            -27.17293909923283
          ],
          [
            -49.01135599999998,
            -27.17299169923282
          ],
          [
            -49.01136939999997,
            -27.17306279923285
          ],
          [
            -49.01139280000002,
            -27.17312269923285
          ],
          [
            -49.01139869999997,
            -27.17317529923284
          ],
          [
            -49.011388399999994,
            -27.173401599232793
          ],
          [
            -49.0113642,
            -27.17353959923284
          ],
          [
            -49.011305100000015,
            -27.173648099232803
          ],
          [
            -49.011130200000025,
            -27.17374639923284
          ],
          [
            -49.01096819999998,
            -27.173794599232814
          ],
          [
            -49.01069860000001,
            -27.173776299232795
          ],
          [
            -49.010422,
            -27.173696799232825
          ],
          [
            -49.01019000000002,
            -27.173607099232836
          ],
          [
            -49.00991529999999,
            -27.173423099232792
          ],
          [
            -49.00964909999999,
            -27.1731770992328
          ],
          [
            -49.00933329999998,
            -27.172816099232804
          ],
          [
            -49.009187199999985,
            -27.172648099232834
          ],
          [
            -49.00917679999998,
            -27.172554299232836
          ],
          [
            -49.00919699999997,
            -27.172322899232817
          ],
          [
            -49.00924379999998,
            -27.17195619923285
          ],
          [
            -49.00920789999997,
            -27.171472599232875
          ],
          [
            -49.0089486,
            -27.170621699232896
          ],
          [
            -49.00870709999998,
            -27.169993299232882
          ],
          [
            -49.00863659999999,
            -27.16977259923288
          ],
          [
            -49.008652299999994,
            -27.169689799232906
          ],
          [
            -49.008754099999976,
            -27.169548799232874
          ],
          [
            -49.00883399999997,
            -27.16948509923287
          ],
          [
            -49.0090462,
            -27.169411999232917
          ],
          [
            -49.00924850000001,
            -27.169374799232898
          ],
          [
            -49.009499600000034,
            -27.169362299232887
          ],
          [
            -49.00972280000003,
            -27.169411499232922
          ],
          [
            -49.010193500000014,
            -27.169593099232884
          ],
          [
            -49.01038240000003,
            -27.169681899232888
          ],
          [
            -49.0105699,
            -27.1697205992329
          ],
          [
            -49.010771999999974,
            -27.169693399232916
          ],
          [
            -49.0109999,
            -27.169565199232913
          ],
          [
            -49.01129650000002,
            -27.169343699232908
          ],
          [
            -49.0118109,
            -27.16893159923291
          ],
          [
            -49.011954,
            -27.168821499232873
          ],
          [
            -49.012113899999974,
            -27.168771699232888
          ],
          [
            -49.01229810000001,
            -27.16874219923291
          ],
          [
            -49.01247719999998,
            -27.168750799232907
          ],
          [
            -49.01286340000001,
            -27.16883029923293
          ],
          [
            -49.01317460000001,
            -27.16889689923289
          ],
          [
            -49.01328790000002,
            -27.168948599232927
          ],
          [
            -49.0135851,
            -27.1690121992329
          ],
          [
            -49.01397509999998,
            -27.169038399232875
          ],
          [
            -49.01413439999998,
            -27.169024599232905
          ],
          [
            -49.01424250000002,
            -27.16899009923288
          ],
          [
            -49.0143286,
            -27.168937199232914
          ],
          [
            -49.01447710000002,
            -27.168808499232917
          ],
          [
            -49.0148241,
            -27.168441999232947
          ],
          [
            -49.014948300000015,
            -27.168285599232906
          ],
          [
            -49.015053799999976,
            -27.16814689923293
          ],
          [
            -49.01518370000003,
            -27.168024499232917
          ],
          [
            -49.01585480000001,
            -27.167719299232918
          ],
          [
            -49.016461900000024,
            -27.16746259923295
          ],
          [
            -49.01715710000002,
            -27.16704499923291
          ],
          [
            -49.01722769999998,
            -27.16699099923294
          ],
          [
            -49.01732449999998,
            -27.166835399232973
          ],
          [
            -49.01741090000002,
            -27.16666949923295
          ],
          [
            -49.01739709999998,
            -27.166558699232958
          ],
          [
            -49.01733350000001,
            -27.166433099232965
          ],
          [
            -49.017261899999994,
            -27.166321199232975
          ],
          [
            -49.01718299999999,
            -27.16618159923297
          ],
          [
            -49.01714079999999,
            -27.165978699232937
          ],
          [
            -49.0171393,
            -27.165581299232954
          ],
          [
            -49.01719329999998,
            -27.165240999232953
          ],
          [
            -49.01744889999998,
            -27.16429909923299
          ],
          [
            -49.01752929999998,
            -27.164080399232983
          ],
          [
            -49.017593600000005,
            -27.163750899233026
          ],
          [
            -49.01763039999997,
            -27.163580999233027
          ],
          [
            -49.0177597,
            -27.163401299232987
          ],
          [
            -49.018035199999986,
            -27.16310989923301
          ],
          [
            -49.01820650000002,
            -27.16285659923301
          ],
          [
            -49.018536100000006,
            -27.16232989923301
          ],
          [
            -49.01885970000001,
            -27.16185709923306
          ],
          [
            -49.019165999999984,
            -27.161510699233055
          ],
          [
            -49.01945890000002,
            -27.16129639923308
          ],
          [
            -49.01956689999998,
            -27.161228499233044
          ],
          [
            -49.01966060000001,
            -27.161205999233054
          ],
          [
            -49.01979909999999,
            -27.161194899233053
          ],
          [
            -49.020048799999984,
            -27.161214799233047
          ],
          [
            -49.02022599999998,
            -27.161279099233052
          ],
          [
            -49.02047859999998,
            -27.16135679923307
          ],
          [
            -49.0206958,
            -27.161377299233067
          ],
          [
            -49.0209754,
            -27.161385099233065
          ],
          [
            -49.021080299999994,
            -27.16137499923306
          ],
          [
            -49.02111669999999,
            -27.16135479923307
          ],
          [
            -49.021168999999986,
            -27.161306099233038
          ],
          [
            -49.02122050000003,
            -27.161250699233037
          ],
          [
            -49.021294599999976,
            -27.161201899233024
          ],
          [
            -49.02155640000001,
            -27.161079099233042
          ],
          [
            -49.02196639999999,
            -27.160935199233037
          ],
          [
            -49.0224222,
            -27.16055089923304
          ],
          [
            -49.02245570000002,
            -27.160496199233073
          ],
          [
            -49.02247569999997,
            -27.16042909923306
          ],
          [
            -49.02249560000001,
            -27.160371199233047
          ],
          [
            -49.0224968,
            -27.16030069923306
          ],
          [
            -49.0224996,
            -27.160237899233103
          ],
          [
            -49.02247010000002,
            -27.160160899233066
          ],
          [
            -49.02244550000001,
            -27.160103899233093
          ],
          [
            -49.022413400000005,
            -27.1600727992331
          ],
          [
            -49.02237969999999,
            -27.160040099233072
          ],
          [
            -49.02231899999998,
            -27.15998719923306
          ],
          [
            -49.02226639999997,
            -27.159955799233053
          ],
          [
            -49.02220379999999,
            -27.159910499233106
          ],
          [
            -49.022074799999984,
            -27.1598378992331
          ],
          [
            -49.02198820000001,
            -27.15978099923309
          ],
          [
            -49.02187029999999,
            -27.159659799233054
          ],
          [
            -49.0216641,
            -27.159499099233095
          ],
          [
            -49.021459900000025,
            -27.159389299233066
          ],
          [
            -49.02125369999999,
            -27.159336699233073
          ],
          [
            -49.02111780000001,
            -27.15932919923308
          ],
          [
            -49.020892199999984,
            -27.15932329923306
          ],
          [
            -49.02069469999998,
            -27.159303899233088
          ],
          [
            -49.02060829999999,
            -27.15929439923312
          ],
          [
            -49.02049740000001,
            -27.159270699233062
          ],
          [
            -49.0204081,
            -27.159250099233102
          ],
          [
            -49.020328199999994,
            -27.159224099233107
          ],
          [
            -49.020239300000014,
            -27.15918419923312
          ],
          [
            -49.020111199999974,
            -27.159080099233076
          ],
          [
            -49.01999269999999,
            -27.15896509923308
          ],
          [
            -49.019883900000025,
            -27.158822599233094
          ],
          [
            -49.01977479999999,
            -27.15869659923309
          ],
          [
            -49.019675800000016,
            -27.15852539923308
          ],
          [
            -49.019581699999996,
            -27.15825039923309
          ],
          [
            -49.01952060000002,
            -27.15803669923314
          ],
          [
            -49.019540500000005,
            -27.1577826992331
          ],
          [
            -49.01955229999999,
            -27.157641899233106
          ],
          [
            -49.01959419999998,
            -27.1575457992331
          ],
          [
            -49.01966399999998,
            -27.157444499233126
          ],
          [
            -49.01985719999999,
            -27.157355999233115
          ],
          [
            -49.020025499999974,
            -27.15727819923314
          ],
          [
            -49.02019660000002,
            -27.157219799233136
          ],
          [
            -49.020452499999976,
            -27.15712039923312
          ],
          [
            -49.02084789999998,
            -27.156960099233125
          ],
          [
            -49.02120020000002,
            -27.15679649923311
          ],
          [
            -49.02159,
            -27.15660299923316
          ],
          [
            -49.021940900000004,
            -27.15639889923315
          ],
          [
            -49.02227859999999,
            -27.156185299233147
          ],
          [
            -49.02249840000002,
            -27.155992199233168
          ],
          [
            -49.02276890000002,
            -27.155730599233184
          ]
        ]
      },
      "properties": {
        "OBJECTID": 346039,
        "COTRECHO": 344724,
        "COBACIA": "77962551",
        "NORIOCOMP": "Rio Itajaí-mirim",
        "NOORIGINAL": "Rio Itajaí-mirim",
        "NUSTRAHLER": 4,
        "NUTRJUS": 344732,
        "NUCOMPTREC": 9.1255258,
        "NUAREAMONT": 897.49587477
      }
    },
    {
      "type": "Feature",
      "id": 346040,
      "geometry": {
        "type": "LineString",
        "coordinates": [
          [
            -48.80831760000001,
            -26.97706359923661
          ],
          [
            -48.80778409999999,
            -26.97657499923664
          ],
          [
            -48.807530499999984,
            -26.976377699236618
          ],
          [
            -48.807074,
            -26.975963399236626
          ],
          [
            -48.80667770000002,
            -26.975574799236636
          ],
          [
            -48.80633280000001,
            -26.975272499236645
          ],
          [
            -48.80607149999997,
            -26.97506059923665
          ],
          [
            -48.80579239999997,
            -26.974771299236636
          ],
          [
            -48.8055147,
            -26.974413599236645
          ],
          [
            -48.805231,
            -26.974048199236684
          ],
          [
            -48.80494220000003,
            -26.973614299236683
          ],
          [
            -48.80472630000003,
            -26.973263199236687
          ],
          [
            -48.80444010000002,
            -26.972580499236685
          ],
          [
            -48.8043103,
            -26.9721924992367
          ],
          [
            -48.80408860000001,
            -26.971646199236712
          ],
          [
            -48.80394669999999,
            -26.97138529923672
          ],
          [
            -48.80385310000003,
            -26.97117879923674
          ],
          [
            -48.803366400000016,
            -26.97023669923672
          ],
          [
            -48.80303700000001,
            -26.969712999236762
          ],
          [
            -48.80286380000002,
            -26.96939409923674
          ],
          [
            -48.80238409999998,
            -26.96839589923679
          ],
          [
            -48.80219820000003,
            -26.96809349923678
          ],
          [
            -48.801915300000026,
            -26.96775679923679
          ],
          [
            -48.80163040000002,
            -26.967540299236788
          ],
          [
            -48.80128289999998,
            -26.967373699236788
          ],
          [
            -48.8006302,
            -26.967010099236774
          ],
          [
            -48.80051159999999,
            -26.966950499236788
          ]
        ]
      },
      "properties": {
        "OBJECTID": 346040,
        "COTRECHO": 344726,
        "COBACIA": "77962333",
        "NORIOCOMP": "Rio Itajaí-mirim",
        "NOORIGINAL": "Rio Itajaí-mirim",
        "NUSTRAHLER": 4,
        "NUTRJUS": 177942,
        "NUCOMPTREC": 1.39745866,
        "NUAREAMONT": 1474.27511254
      }
    },
    {
      "type": "Feature",
      "id": 346041,
      "geometry": {
        "type": "LineString",
        "coordinates": [
          [
            -48.883354999999995,
            -27.059091399235022
          ],
          [
            -48.8833477,
            -27.05904419923504
          ],
          [
            -48.88334090000001,
            -27.05898979923502
          ],
          [
            -48.883336199999974,
            -27.05894369923501
          ],
          [
            -48.88333080000001,
            -27.058879099235043
          ],
          [
            -48.883328000000006,
            -27.058833699235
          ],
          [
            -48.883327099999974,
            -27.058809199235007
          ],
          [
            -48.88332630000002,
            -27.058754399235017
          ],
          [
            -48.883326599999975,
            -27.058723399235042
          ],
          [
            -48.883327099999974,
            -27.058704299235014
          ],
          [
            -48.883330600000015,
            -27.05861579923501
          ],
          [
            -48.88333549999999,
            -27.05853719923501
          ],
          [
            -48.88333849999998,
            -27.058497699235005
          ],
          [
            -48.88334550000002,
            -27.058420799235048
          ],
          [
            -48.88334950000001,
            -27.058384699235003
          ],
          [
            -48.88335799999999,
            -27.058317199235017
          ],
          [
            -48.883366900000006,
            -27.058255799235017
          ],
          [
            -48.88339180000003,
            -27.058100899235036
          ],
          [
            -48.88339819999999,
            -27.05805539923503
          ],
          [
            -48.883402800000006,
            -27.058010599235025
          ],
          [
            -48.88340449999998,
            -27.057987899235048
          ],
          [
            -48.8834056,
            -27.057964799235013
          ],
          [
            -48.883405900000014,
            -27.057941099235034
          ],
          [
            -48.88340540000001,
            -27.057916499235013
          ],
          [
            -48.88340390000002,
            -27.05789079923504
          ],
          [
            -48.88340119999998,
            -27.057863799235047
          ],
          [
            -48.88339719999999,
            -27.05783539923502
          ],
          [
            -48.88339159999998,
            -27.05780519923506
          ],
          [
            -48.88338440000001,
            -27.05777309923506
          ],
          [
            -48.88337530000002,
            -27.057738999235063
          ],
          [
            -48.883364599999986,
            -27.057702999235044
          ],
          [
            -48.88335239999997,
            -27.05766539923506
          ],
          [
            -48.88333890000001,
            -27.057626499235067
          ],
          [
            -48.88332409999998,
            -27.057586499235054
          ],
          [
            -48.88330830000001,
            -27.05754579923506
          ],
          [
            -48.88329169999997,
            -27.057504599235056
          ],
          [
            -48.88325630000003,
            -27.057421699235068
          ],
          [
            -48.883237699999995,
            -27.057380099235036
          ],
          [
            -48.88321810000002,
            -27.057338299235074
          ],
          [
            -48.88319739999997,
            -27.05729599923506
          ],
          [
            -48.883175600000015,
            -27.057253199235035
          ],
          [
            -48.8831523,
            -27.057209499235057
          ],
          [
            -48.88312739999998,
            -27.05716499923505
          ],
          [
            -48.88310080000002,
            -27.057119299235065
          ],
          [
            -48.8830724,
            -27.05707239923504
          ],
          [
            -48.88304240000002,
            -27.05702439923504
          ],
          [
            -48.88291459999999,
            -27.05682339923504
          ],
          [
            -48.88288249999999,
            -27.056771499235083
          ],
          [
            -48.88285120000001,
            -27.05671919923503
          ],
          [
            -48.88282090000001,
            -27.056666699235056
          ],
          [
            -48.88279160000002,
            -27.05661379923504
          ],
          [
            -48.88276330000002,
            -27.056560499235054
          ],
          [
            -48.8827359,
            -27.056506899235046
          ],
          [
            -48.88270929999999,
            -27.056452899235072
          ],
          [
            -48.882683499999985,
            -27.05639849923507
          ],
          [
            -48.882658400000025,
            -27.05634349923511
          ],
          [
            -48.8826338,
            -27.056288099235086
          ],
          [
            -48.882586,
            -27.056174999235065
          ],
          [
            -48.882511299999976,
            -27.055992999235073
          ],
          [
            -48.88245499999999,
            -27.055857699235066
          ],
          [
            -48.88242359999998,
            -27.055784399235066
          ],
          [
            -48.882389699999976,
            -27.055707099235086
          ],
          [
            -48.882353799999976,
            -27.055626899235076
          ],
          [
            -48.8823165,
            -27.05554529923509
          ],
          [
            -48.882278299999996,
            -27.055463999235066
          ],
          [
            -48.88223979999998,
            -27.0553842992351
          ],
          [
            -48.88220159999997,
            -27.055307899235093
          ],
          [
            -48.882164400000015,
            -27.055236199235107
          ],
          [
            -48.88212870000001,
            -27.05517079923508
          ],
          [
            -48.88209490000003,
            -27.05511269923509
          ],
          [
            -48.88206300000002,
            -27.05506129923507
          ],
          [
            -48.88203249999998,
            -27.0550153992351
          ],
          [
            -48.882003199999986,
            -27.05497379923513
          ],
          [
            -48.88197459999998,
            -27.05493529923511
          ],
          [
            -48.881861800000024,
            -27.054789999235116
          ],
          [
            -48.8818028,
            -27.054710999235095
          ],
          [
            -48.88174079999999,
            -27.0546260992351
          ],
          [
            -48.881570200000006,
            -27.05438959923509
          ],
          [
            -48.8814979,
            -27.054287399235136
          ],
          [
            -48.88146219999999,
            -27.054235399235097
          ],
          [
            -48.88142720000002,
            -27.054183299235092
          ],
          [
            -48.88139330000002,
            -27.054131199235083
          ],
          [
            -48.88136100000002,
            -27.054079399235096
          ],
          [
            -48.881330400000024,
            -27.05402799923513
          ],
          [
            -48.88130169999999,
            -27.05397749923508
          ],
          [
            -48.881274899999994,
            -27.053928099235115
          ],
          [
            -48.8812499,
            -27.053880299235118
          ],
          [
            -48.88122679999997,
            -27.053834199235098
          ],
          [
            -48.88121289999998,
            -27.053805199235118
          ],
          [
            -48.881186300000024,
            -27.05374879923512
          ],
          [
            -48.881153299999994,
            -27.05367429923513
          ],
          [
            -48.88113950000002,
            -27.053640899235123
          ],
          [
            -48.88112710000001,
            -27.05360909923514
          ],
          [
            -48.88111620000001,
            -27.053578099235107
          ],
          [
            -48.88110640000003,
            -27.05354709923512
          ],
          [
            -48.881097599999976,
            -27.053515399235103
          ],
          [
            -48.881089599999996,
            -27.053482199235145
          ],
          [
            -48.88108219999999,
            -27.0534465992351
          ],
          [
            -48.88107530000002,
            -27.053408299235127
          ],
          [
            -48.8810689,
            -27.053367399235135
          ],
          [
            -48.881062900000025,
            -27.053324699235134
          ],
          [
            -48.881052599999975,
            -27.053235999235156
          ],
          [
            -48.88104820000001,
            -27.05319119923515
          ],
          [
            -48.88104120000003,
            -27.05310369923514
          ],
          [
            -48.88103849999999,
            -27.053062099235103
          ],
          [
            -48.881034899999975,
            -27.05298339923515
          ],
          [
            -48.88103389999998,
            -27.052946199235137
          ],
          [
            -48.8810335,
            -27.052875399235134
          ],
          [
            -48.881034100000015,
            -27.052841499235143
          ],
          [
            -48.88103660000001,
            -27.052776399235167
          ],
          [
            -48.88103869999998,
            -27.05274389923513
          ],
          [
            -48.88104149999998,
            -27.05271009923515
          ],
          [
            -48.881045200000024,
            -27.052673999235164
          ],
          [
            -48.881049800000035,
            -27.052634499235158
          ],
          [
            -48.88106269999998,
            -27.052540999235152
          ],
          [
            -48.88108119999998,
            -27.05242159923514
          ],
          [
            -48.8811053,
            -27.05227589923513
          ],
          [
            -48.88113390000001,
            -27.052111599235143
          ],
          [
            -48.88116600000001,
            -27.051936599235134
          ],
          [
            -48.88120049999998,
            -27.05175849923515
          ],
          [
            -48.88121849999999,
            -27.05167009923518
          ],
          [
            -48.881236899999976,
            -27.051582699235137
          ],
          [
            -48.881255599999974,
            -27.051496499235146
          ],
          [
            -48.881274700000006,
            -27.05141179923515
          ],
          [
            -48.88129420000001,
            -27.05132899923517
          ],
          [
            -48.88131399999997,
            -27.051248399235185
          ],
          [
            -48.88133399999999,
            -27.051170399235147
          ],
          [
            -48.881354300000005,
            -27.05109519923518
          ],
          [
            -48.88137490000003,
            -27.05102299923515
          ],
          [
            -48.8813958,
            -27.050953999235162
          ],
          [
            -48.88141689999997,
            -27.0508883992352
          ],
          [
            -48.88143830000002,
            -27.050826199235196
          ],
          [
            -48.881460000000004,
            -27.050767799235196
          ],
          [
            -48.881482000000005,
            -27.05071309923517
          ],
          [
            -48.88150430000002,
            -27.05066249923517
          ],
          [
            -48.881527000000006,
            -27.050615699235163
          ],
          [
            -48.88155039999998,
            -27.05057209923519
          ],
          [
            -48.88157510000002,
            -27.05053059923519
          ],
          [
            -48.88160140000002,
            -27.050490099235166
          ],
          [
            -48.88162979999999,
            -27.05044959923516
          ],
          [
            -48.8816607,
            -27.050407899235164
          ],
          [
            -48.881694700000025,
            -27.05036419923518
          ],
          [
            -48.88173210000002,
            -27.050317399235166
          ],
          [
            -48.88181750000002,
            -27.050212699235157
          ],
          [
            -48.88191230000002,
            -27.05009929923519
          ],
          [
            -48.8819613,
            -27.050041799235167
          ],
          [
            -48.882010400000006,
            -27.049985199235163
          ],
          [
            -48.88208229999998,
            -27.049904499235204
          ],
          [
            -48.88210570000001,
            -27.04987849923517
          ],
          [
            -48.88215059999999,
            -27.049830099235205
          ],
          [
            -48.882193599999994,
            -27.049785199235174
          ],
          [
            -48.8822351,
            -27.049743299235182
          ],
          [
            -48.882275499999984,
            -27.049704099235175
          ],
          [
            -48.882315100000035,
            -27.049666999235193
          ],
          [
            -48.88235439999999,
            -27.049631599235195
          ],
          [
            -48.88239370000002,
            -27.0495976992352
          ],
          [
            -48.8824333,
            -27.049564599235186
          ],
          [
            -48.88247369999999,
            -27.04953219923519
          ],
          [
            -48.88255579999998,
            -27.049468599235215
          ],
          [
            -48.88272119999999,
            -27.049344799235172
          ],
          [
            -48.882801599999986,
            -27.049283499235198
          ],
          [
            -48.882879100000025,
            -27.04922209923522
          ],
          [
            -48.88295360000001,
            -27.049160499235242
          ],
          [
            -48.882989699999996,
            -27.04912959923523
          ],
          [
            -48.88302490000001,
            -27.049098599235194
          ],
          [
            -48.88304670000002,
            -27.049078899235198
          ],
          [
            -48.883092999999974,
            -27.049036299235222
          ],
          [
            -48.88312560000003,
            -27.04900499923523
          ],
          [
            -48.8831571,
            -27.04897359923522
          ],
          [
            -48.8831874,
            -27.048942199235213
          ],
          [
            -48.88321639999998,
            -27.04891079923521
          ],
          [
            -48.88324399999999,
            -27.04887939923519
          ],
          [
            -48.88326999999998,
            -27.04884799923523
          ],
          [
            -48.883294299999996,
            -27.048816699235196
          ],
          [
            -48.88331679999999,
            -27.048785399235197
          ],
          [
            -48.883337600000004,
            -27.048754199235233
          ],
          [
            -48.8833568,
            -27.04872309923524
          ],
          [
            -48.8833745,
            -27.04869219923522
          ],
          [
            -48.88339079999997,
            -27.048661299235206
          ],
          [
            -48.8834058,
            -27.048630699235197
          ],
          [
            -48.8834195,
            -27.048600199235224
          ],
          [
            -48.88343209999999,
            -27.048569799235207
          ],
          [
            -48.883443699999994,
            -27.048539699235224
          ],
          [
            -48.88345429999998,
            -27.04850969923523
          ],
          [
            -48.883464000000004,
            -27.048479999235205
          ],
          [
            -48.883472700000034,
            -27.048450399235193
          ],
          [
            -48.883480399999996,
            -27.048421099235206
          ],
          [
            -48.88348719999999,
            -27.048391899235238
          ],
          [
            -48.88349310000001,
            -27.04836299923522
          ],
          [
            -48.8834981,
            -27.04833419923522
          ],
          [
            -48.88350229999998,
            -27.048305599235217
          ],
          [
            -48.88350559999998,
            -27.0482771992352
          ],
          [
            -48.883508000000006,
            -27.04824899923522
          ],
          [
            -48.88350950000001,
            -27.04822099923524
          ],
          [
            -48.88351010000002,
            -27.048193199235243
          ],
          [
            -48.88350980000001,
            -27.04816549923521
          ],
          [
            -48.883508500000005,
            -27.048137999235216
          ],
          [
            -48.883506399999995,
            -27.048110699235217
          ],
          [
            -48.88350329999997,
            -27.048083499235236
          ],
          [
            -48.88349920000002,
            -27.0480564992352
          ],
          [
            -48.883494299999995,
            -27.048029699235208
          ],
          [
            -48.88348839999998,
            -27.04800299923522
          ],
          [
            -48.88348170000001,
            -27.047976599235252
          ],
          [
            -48.8834741,
            -27.047950299235257
          ],
          [
            -48.8834655,
            -27.047924299235213
          ],
          [
            -48.88345620000001,
            -27.0478984992352
          ],
          [
            -48.88344590000003,
            -27.047872999235206
          ],
          [
            -48.883435099999986,
            -27.047847599235247
          ],
          [
            -48.883390599999984,
            -27.047748299235266
          ],
          [
            -48.8833803,
            -27.047723899235233
          ],
          [
            -48.88337089999999,
            -27.047699699235245
          ],
          [
            -48.88336249999998,
            -27.04767559923523
          ],
          [
            -48.88335510000001,
            -27.04765159923523
          ],
          [
            -48.8833487,
            -27.047627399235246
          ],
          [
            -48.883343000000025,
            -27.04760299923521
          ],
          [
            -48.88333799999998,
            -27.047578199235208
          ],
          [
            -48.88333360000002,
            -27.047552899235267
          ],
          [
            -48.88332639999999,
            -27.047500299235264
          ],
          [
            -48.88332329999997,
            -27.047472799235223
          ],
          [
            -48.8833181,
            -27.047415699235227
          ],
          [
            -48.88331419999997,
            -27.047357099235242
          ],
          [
            -48.8833108,
            -27.047269399235248
          ],
          [
            -48.88330989999998,
            -27.047212899235216
          ],
          [
            -48.88331249999998,
            -27.047015499235236
          ],
          [
            -48.88331599999998,
            -27.04680979923526
          ],
          [
            -48.88331720000002,
            -27.04670369923528
          ],
          [
            -48.88331699999998,
            -27.04665989923527
          ],
          [
            -48.88331640000001,
            -27.046637499235224
          ],
          [
            -48.88331529999999,
            -27.046614599235262
          ],
          [
            -48.883313499999986,
            -27.046591199235287
          ],
          [
            -48.883310800000004,
            -27.046567199235284
          ],
          [
            -48.88330719999999,
            -27.046542499235244
          ],
          [
            -48.883302300000025,
            -27.046516999235244
          ],
          [
            -48.88329620000001,
            -27.046490699235257
          ],
          [
            -48.88328869999998,
            -27.046463599235246
          ],
          [
            -48.8832797,
            -27.04643569923528
          ],
          [
            -48.88326919999997,
            -27.046406999235252
          ],
          [
            -48.88325689999999,
            -27.04637739923525
          ],
          [
            -48.88324299999999,
            -27.04634709923524
          ],
          [
            -48.88322720000003,
            -27.04631589923529
          ],
          [
            -48.8832094,
            -27.04628389923526
          ],
          [
            -48.8831897,
            -27.046251199235236
          ],
          [
            -48.883168000000005,
            -27.04621769923526
          ],
          [
            -48.88314450000002,
            -27.046183499235255
          ],
          [
            -48.88311909999998,
            -27.046148699235264
          ],
          [
            -48.88309199999998,
            -27.046113199235254
          ],
          [
            -48.88306319999999,
            -27.046077299235243
          ],
          [
            -48.883032800000024,
            -27.046040899235248
          ],
          [
            -48.88300090000001,
            -27.046003999235253
          ],
          [
            -48.88298250000003,
            -27.045983599235267
          ],
          [
            -48.88293249999999,
            -27.04592919923526
          ],
          [
            -48.882895899999994,
            -27.045891299235254
          ],
          [
            -48.88285760000002,
            -27.045853199235275
          ],
          [
            -48.882817499999994,
            -27.045814799235295
          ],
          [
            -48.882775700000025,
            -27.04577619923525
          ],
          [
            -48.88273190000001,
            -27.045737399235282
          ],
          [
            -48.88268620000002,
            -27.045698399235267
          ],
          [
            -48.882638499999985,
            -27.04565939923526
          ],
          [
            -48.882589199999984,
            -27.045620499235262
          ],
          [
            -48.88253850000001,
            -27.045581899235266
          ],
          [
            -48.88248690000001,
            -27.045543999235292
          ],
          [
            -48.88243460000002,
            -27.045506799235277
          ],
          [
            -48.88238219999999,
            -27.045470799235247
          ],
          [
            -48.88232979999998,
            -27.045435999235274
          ],
          [
            -48.88227790000003,
            -27.045402799235244
          ],
          [
            -48.88222680000001,
            -27.045371299235274
          ],
          [
            -48.88217659999998,
            -27.04534169923528
          ],
          [
            -48.88212750000002,
            -27.045313999235304
          ],
          [
            -48.882079499999975,
            -27.045288299235263
          ],
          [
            -48.882032599999995,
            -27.045264799235262
          ],
          [
            -48.881987099999996,
            -27.045243499235312
          ],
          [
            -48.881942999999985,
            -27.0452244992353
          ],
          [
            -48.881900400000006,
            -27.045207899235265
          ],
          [
            -48.88185929999997,
            -27.045193599235297
          ],
          [
            -48.88181939999998,
            -27.045181599235253
          ],
          [
            -48.88178040000003,
            -27.045171599235278
          ],
          [
            -48.881741799999986,
            -27.045163199235276
          ],
          [
            -48.881703399999985,
            -27.045156399235285
          ],
          [
            -48.88166460000002,
            -27.045150699235307
          ],
          [
            -48.881625199999974,
            -27.045146099235293
          ],
          [
            -48.88158470000002,
            -27.045142099235306
          ],
          [
            -48.88154279999997,
            -27.04513859923525
          ],
          [
            -48.88149920000001,
            -27.045135599235266
          ],
          [
            -48.881453599999986,
            -27.04513309923527
          ],
          [
            -48.881405599999994,
            -27.045130999235305
          ],
          [
            -48.88135499999998,
            -27.04512939923529
          ],
          [
            -48.88124449999998,
            -27.04512739923529
          ],
          [
            -48.88111980000002,
            -27.045127199235306
          ],
          [
            -48.8807031,
            -27.045131199235293
          ],
          [
            -48.880573500000025,
            -27.04513149923531
          ],
          [
            -48.880299099999995,
            -27.04512809923528
          ],
          [
            -48.88017480000002,
            -27.045126199235323
          ],
          [
            -48.87989859999998,
            -27.045124399235302
          ],
          [
            -48.87979730000001,
            -27.04512289923531
          ],
          [
            -48.87973199999998,
            -27.045121099235306
          ],
          [
            -48.87967120000002,
            -27.045118499235286
          ],
          [
            -48.87964299999999,
            -27.045116799235306
          ],
          [
            -48.87959089999998,
            -27.045112699235283
          ],
          [
            -48.87954350000001,
            -27.045107699235295
          ],
          [
            -48.879499599999974,
            -27.04510169923526
          ],
          [
            -48.87945780000001,
            -27.045094899235263
          ],
          [
            -48.87943710000002,
            -27.0450909992353
          ],
          [
            -48.87941599999999,
            -27.045086299235265
          ],
          [
            -48.87939419999998,
            -27.04508059923529
          ],
          [
            -48.87937119999998,
            -27.0450737992353
          ],
          [
            -48.87934669999998,
            -27.045065499235307
          ],
          [
            -48.879320300000025,
            -27.04505549923528
          ],
          [
            -48.87929159999999,
            -27.04504359923527
          ],
          [
            -48.879260199999976,
            -27.04502939923526
          ],
          [
            -48.87922570000001,
            -27.04501289923531
          ],
          [
            -48.87918769999999,
            -27.04499379923527
          ],
          [
            -48.879145900000026,
            -27.044971899235303
          ],
          [
            -48.879099800000006,
            -27.044946999235265
          ],
          [
            -48.879049099999975,
            -27.044918999235286
          ],
          [
            -48.878932299999974,
            -27.044852799235287
          ],
          [
            -48.87883040000003,
            -27.044793499235315
          ],
          [
            -48.878498200000024,
            -27.044598099235266
          ],
          [
            -48.878154300000006,
            -27.044392199235304
          ],
          [
            -48.87807120000002,
            -27.044343499235325
          ],
          [
            -48.87799380000001,
            -27.044299799235276
          ],
          [
            -48.87791720000001,
            -27.04425899923531
          ],
          [
            -48.87787930000002,
            -27.044239599235325
          ],
          [
            -48.87780600000002,
            -27.044203999235283
          ],
          [
            -48.877770999999996,
            -27.044187799235274
          ],
          [
            -48.87773759999999,
            -27.04417309923533
          ],
          [
            -48.87770599999998,
            -27.044159699235323
          ],
          [
            -48.87767630000002,
            -27.044147999235307
          ],
          [
            -48.877648500000014,
            -27.04413769923531
          ],
          [
            -48.877622299999985,
            -27.044128599235325
          ],
          [
            -48.87759749999998,
            -27.04412069923531
          ],
          [
            -48.87757370000002,
            -27.044113799235298
          ],
          [
            -48.87752840000001,
            -27.044102099235275
          ],
          [
            -48.877506400000016,
            -27.04409699923532
          ],
          [
            -48.877462700000024,
            -27.044087899235322
          ],
          [
            -48.87741879999998,
            -27.044079999235315
          ],
          [
            -48.8773741,
            -27.044072999235333
          ],
          [
            -48.87732799999997,
            -27.044067099235313
          ],
          [
            -48.87727990000002,
            -27.044061999235304
          ],
          [
            -48.877228300000006,
            -27.044057899235284
          ],
          [
            -48.8772007,
            -27.0440561992353
          ],
          [
            -48.87714099999999,
            -27.0440538992353
          ],
          [
            -48.87710859999998,
            -27.044053199235314
          ],
          [
            -48.877037599999994,
            -27.044053099235285
          ],
          [
            -48.876998800000024,
            -27.04405399923532
          ],
          [
            -48.8769575,
            -27.04405569923531
          ],
          [
            -48.87691380000001,
            -27.04405839923529
          ],
          [
            -48.87686739999998,
            -27.044062299235314
          ],
          [
            -48.87681830000002,
            -27.044067499235286
          ],
          [
            -48.87676620000002,
            -27.044074099235296
          ],
          [
            -48.87671130000001,
            -27.044082299235324
          ],
          [
            -48.876653999999974,
            -27.044091799235293
          ],
          [
            -48.8765952,
            -27.04410239923529
          ],
          [
            -48.87653549999999,
            -27.044113899235317
          ],
          [
            -48.876475700000015,
            -27.044125999235305
          ],
          [
            -48.87635870000002,
            -27.044150799235325
          ],
          [
            -48.87624970000002,
            -27.044174799235304
          ],
          [
            -48.87594660000002,
            -27.044243599235323
          ],
          [
            -48.8758092,
            -27.044273899235307
          ],
          [
            -48.87576689999998,
            -27.0442826992353
          ],
          [
            -48.875689799999975,
            -27.044297399235308
          ],
          [
            -48.87553129999998,
            -27.04432309923528
          ],
          [
            -48.87548650000003,
            -27.04432979923532
          ],
          [
            -48.87535250000002,
            -27.04434799923532
          ],
          [
            -48.875191599999994,
            -27.04436749923531
          ],
          [
            -48.875,
            -27.04438859923528
          ],
          [
            -48.874776199999985,
            -27.04438909923528
          ],
          [
            -48.87459689999998,
            -27.044355799235298
          ],
          [
            -48.87420259999999,
            -27.04425809923528
          ],
          [
            -48.87399260000001,
            -27.044164399235292
          ],
          [
            -48.87362109999998,
            -27.043928199235282
          ],
          [
            -48.87342159999997,
            -27.04373269923533
          ],
          [
            -48.87328659999997,
            -27.043602399235315
          ],
          [
            -48.872862600000026,
            -27.04315849923533
          ],
          [
            -48.87268599999999,
            -27.042973899235328
          ],
          [
            -48.87248979999999,
            -27.042766999235365
          ],
          [
            -48.872303800000005,
            -27.04249159923534
          ],
          [
            -48.872201399999994,
            -27.04222269923537
          ],
          [
            -48.87195300000002,
            -27.041856799235354
          ],
          [
            -48.8719097,
            -27.04179469923538
          ],
          [
            -48.871828100000016,
            -27.04166729923532
          ],
          [
            -48.871749200000004,
            -27.04157879923538
          ],
          [
            -48.871683099999984,
            -27.041501299235343
          ],
          [
            -48.8716278,
            -27.041433199235335
          ],
          [
            -48.871581699999986,
            -27.041372899235345
          ],
          [
            -48.87154290000001,
            -27.04131889923538
          ],
          [
            -48.87150969999999,
            -27.041269599235385
          ],
          [
            -48.87148029999998,
            -27.041223499235365
          ],
          [
            -48.8713988,
            -27.041090099235383
          ],
          [
            -48.8713439,
            -27.04100149923535
          ],
          [
            -48.8713156,
            -27.040957399235392
          ],
          [
            -48.87128649999999,
            -27.040913399235396
          ],
          [
            -48.87125630000003,
            -27.04086959923537
          ],
          [
            -48.871224900000016,
            -27.04082609923537
          ],
          [
            -48.87119200000001,
            -27.040782699235393
          ],
          [
            -48.871157299999986,
            -27.040739199235393
          ],
          [
            -48.871120399999995,
            -27.040694999235413
          ],
          [
            -48.871081000000004,
            -27.04064989923538
          ],
          [
            -48.87103869999999,
            -27.040603299235354
          ],
          [
            -48.87099310000002,
            -27.040554899235385
          ],
          [
            -48.870943899999986,
            -27.040504099235402
          ],
          [
            -48.87086820000002,
            -27.040428599235362
          ],
          [
            -48.870838400000025,
            -27.040399299235364
          ],
          [
            -48.870772600000016,
            -27.040335599235377
          ],
          [
            -48.870644500000026,
            -27.04021389923541
          ],
          [
            -48.87027210000002,
            -27.039865799235372
          ],
          [
            -48.8702179,
            -27.039813899235405
          ],
          [
            -48.8701656,
            -27.039762499235383
          ],
          [
            -48.8701148,
            -27.039710799235415
          ],
          [
            -48.87006509999998,
            -27.039658099235396
          ],
          [
            -48.87001620000001,
            -27.039603499235387
          ],
          [
            -48.86996770000002,
            -27.039546399235398
          ],
          [
            -48.86991920000003,
            -27.03948609923536
          ],
          [
            -48.8698708,
            -27.03942289923537
          ],
          [
            -48.86982230000001,
            -27.039357199235383
          ],
          [
            -48.86977400000001,
            -27.039289399235376
          ],
          [
            -48.86972559999998,
            -27.03921989923538
          ],
          [
            -48.8696774,
            -27.0391491992354
          ],
          [
            -48.86942069999998,
            -27.038764199235406
          ],
          [
            -48.86929270000002,
            -27.038574399235426
          ],
          [
            -48.86919410000001,
            -27.038432699235397
          ],
          [
            -48.86914400000001,
            -27.03836249923541
          ],
          [
            -48.86909320000001,
            -27.03829269923541
          ],
          [
            -48.869041700000025,
            -27.038223399235402
          ],
          [
            -48.86898939999998,
            -27.038154499235436
          ],
          [
            -48.868936399999996,
            -27.038085899235412
          ],
          [
            -48.868882499999984,
            -27.03801779923539
          ],
          [
            -48.86882780000002,
            -27.037950099235413
          ],
          [
            -48.8687721,
            -27.03788279923541
          ],
          [
            -48.8687155,
            -27.03781589923542
          ],
          [
            -48.86865829999999,
            -27.037749699235437
          ],
          [
            -48.868600599999986,
            -27.037684499235436
          ],
          [
            -48.8685428,
            -27.03762059923546
          ],
          [
            -48.868485299999975,
            -27.03755829923543
          ],
          [
            -48.86842819999998,
            -27.03749779923542
          ],
          [
            -48.86837179999998,
            -27.03743959923546
          ],
          [
            -48.868316499999985,
            -27.03738389923544
          ],
          [
            -48.86826239999999,
            -27.037330799235434
          ],
          [
            -48.86820929999999,
            -27.03728019923543
          ],
          [
            -48.86815680000001,
            -27.037231499235453
          ],
          [
            -48.868104500000015,
            -27.03718419923546
          ],
          [
            -48.86805220000003,
            -27.037138099235435
          ],
          [
            -48.86794579999998,
            -27.03704719923546
          ],
          [
            -48.867835000000014,
            -27.036955399235463
          ],
          [
            -48.86760570000001,
            -27.036767499235435
          ],
          [
            -48.867495299999966,
            -27.03667409923547
          ],
          [
            -48.867442900000015,
            -27.03662819923545
          ],
          [
            -48.867392800000005,
            -27.036582699235435
          ],
          [
            -48.86734439999998,
            -27.036537099235428
          ],
          [
            -48.86729659999997,
            -27.036490299235485
          ],
          [
            -48.86724850000002,
            -27.036441499235472
          ],
          [
            -48.867199200000016,
            -27.036389499235437
          ],
          [
            -48.86717340000001,
            -27.036361599235473
          ],
          [
            -48.86709289999998,
            -27.036272899235428
          ],
          [
            -48.8669706,
            -27.03613309923544
          ],
          [
            -48.86683199999999,
            -27.03597099923548
          ],
          [
            -48.86668420000001,
            -27.035795599235442
          ],
          [
            -48.86646109999998,
            -27.03552739923545
          ],
          [
            -48.86625470000001,
            -27.035276299235488
          ],
          [
            -48.866070700000016,
            -27.03504939923547
          ],
          [
            -48.86581660000002,
            -27.034730999235506
          ],
          [
            -48.86572819999998,
            -27.034622599235455
          ],
          [
            -48.865684999999985,
            -27.0345716992355
          ],
          [
            -48.865641900000014,
            -27.034522499235468
          ],
          [
            -48.86559829999999,
            -27.034474999235467
          ],
          [
            -48.865553999999975,
            -27.034428899235508
          ],
          [
            -48.86550849999997,
            -27.03438399923548
          ],
          [
            -48.86546149999999,
            -27.034340299235478
          ],
          [
            -48.865412900000024,
            -27.034297399235506
          ],
          [
            -48.86536219999999,
            -27.034255399235505
          ],
          [
            -48.86530909999998,
            -27.034214099235477
          ],
          [
            -48.865253499999994,
            -27.03417319923549
          ],
          [
            -48.865194900000006,
            -27.034132699235474
          ],
          [
            -48.865133300000025,
            -27.03409249923548
          ],
          [
            -48.86506880000002,
            -27.034052699235517
          ],
          [
            -48.865002000000004,
            -27.034013299235525
          ],
          [
            -48.86493309999997,
            -27.033974699235475
          ],
          [
            -48.86486259999998,
            -27.033936799235498
          ],
          [
            -48.86479079999998,
            -27.03389999923552
          ],
          [
            -48.86471829999999,
            -27.03386419923548
          ],
          [
            -48.864645199999984,
            -27.033829799235484
          ],
          [
            -48.864572099999975,
            -27.03379679923551
          ],
          [
            -48.864498899999994,
            -27.033765099235495
          ],
          [
            -48.864416800000015,
            -27.033731199235483
          ]
        ]
      },
      "properties": {
        "OBJECTID": 346041,
        "COTRECHO": 344727,
        "COBACIA": "77962379",
        "NORIOCOMP": "Rio Itajaí-mirim",
        "NOORIGINAL": "Rio Itajaí-mirim",
        "NUSTRAHLER": 4,
        "NUTRJUS": 344702,
        "NUCOMPTREC": 4.07879575,
        "NUAREAMONT": 1340.39832509
      }
    },
    {
      "type": "Feature",
      "id": 346042,
      "geometry": {
        "type": "LineString",
        "coordinates": [
          [
            -49.02276890000002,
            -27.155730599233184
          ],
          [
            -49.022906200000016,
            -27.15548099923317
          ],
          [
            -49.023047099999985,
            -27.155305499233165
          ],
          [
            -49.023219900000015,
            -27.15499919923319
          ],
          [
            -49.02334059999998,
            -27.154679699233156
          ],
          [
            -49.02328890000001,
            -27.154445099233147
          ],
          [
            -49.02314619999999,
            -27.154234199233198
          ],
          [
            -49.02296480000001,
            -27.15403829923321
          ],
          [
            -49.0227721,
            -27.153888999233182
          ],
          [
            -49.022583199999985,
            -27.153746699233196
          ],
          [
            -49.022350500000016,
            -27.153660399233182
          ],
          [
            -49.022138299999995,
            -27.1536612992332
          ],
          [
            -49.021823700000034,
            -27.153704299233215
          ],
          [
            -49.02144800000002,
            -27.15370689923317
          ],
          [
            -49.02124479999998,
            -27.153700099233177
          ],
          [
            -49.02098100000001,
            -27.1536212992332
          ],
          [
            -49.0206996,
            -27.153538299233173
          ],
          [
            -49.02037769999998,
            -27.153466999233174
          ],
          [
            -49.020255399999996,
            -27.15343389923319
          ],
          [
            -49.020093599999996,
            -27.15343679923322
          ],
          [
            -49.02001130000002,
            -27.15346009923322
          ],
          [
            -49.01989370000001,
            -27.15349849923321
          ],
          [
            -49.01979920000002,
            -27.153551199233174
          ],
          [
            -49.01971800000001,
            -27.15362149923319
          ],
          [
            -49.01966199999998,
            -27.15370609923322
          ],
          [
            -49.01961149999999,
            -27.153806499233166
          ],
          [
            -49.01957770000001,
            -27.153952399233177
          ],
          [
            -49.01958509999997,
            -27.15408319923319
          ],
          [
            -49.01964700000003,
            -27.154223499233193
          ],
          [
            -49.01970380000001,
            -27.154400899233163
          ],
          [
            -49.019759599999986,
            -27.154545599233195
          ],
          [
            -49.01982429999998,
            -27.154653199233167
          ],
          [
            -49.01989709999998,
            -27.154770899233192
          ],
          [
            -49.01996739999999,
            -27.154876099233196
          ],
          [
            -49.0200117,
            -27.155040499233156
          ],
          [
            -49.02002140000002,
            -27.155274799233137
          ],
          [
            -49.02000049999998,
            -27.15535389923319
          ],
          [
            -49.01999330000001,
            -27.15544809923316
          ],
          [
            -49.01997019999999,
            -27.155499799233144
          ],
          [
            -49.019908300000004,
            -27.155551099233186
          ],
          [
            -49.019757500000026,
            -27.155600999233148
          ],
          [
            -49.01963749999999,
            -27.15563909923313
          ],
          [
            -49.01950950000003,
            -27.155659599233136
          ],
          [
            -49.0193873,
            -27.15566279923318
          ],
          [
            -49.019240000000025,
            -27.155673099233166
          ],
          [
            -49.019184499999994,
            -27.15567239923317
          ],
          [
            -49.01882499999999,
            -27.15569429923316
          ],
          [
            -49.018644600000016,
            -27.15569429923316
          ],
          [
            -49.01852530000002,
            -27.15569259923317
          ],
          [
            -49.01840900000002,
            -27.155678499233183
          ],
          [
            -49.018243499999976,
            -27.15562159923318
          ],
          [
            -49.01816910000002,
            -27.15559329923318
          ],
          [
            -49.018092000000024,
            -27.155559899233175
          ],
          [
            -49.01797110000001,
            -27.155488699233132
          ],
          [
            -49.017897100000035,
            -27.15543809923319
          ],
          [
            -49.0177956,
            -27.15536719923316
          ],
          [
            -49.017688599999985,
            -27.155298599233145
          ],
          [
            -49.017622899999985,
            -27.155245599233158
          ],
          [
            -49.01753489999999,
            -27.155202199233184
          ],
          [
            -49.017526799999985,
            -27.15518969923315
          ],
          [
            -49.01737559999998,
            -27.15507969923316
          ],
          [
            -49.01721470000001,
            -27.154921099233203
          ],
          [
            -49.01716010000001,
            -27.154865799233146
          ],
          [
            -49.017111399999976,
            -27.154798099233158
          ],
          [
            -49.01707340000002,
            -27.154750399233187
          ],
          [
            -49.017060000000015,
            -27.15472039923315
          ],
          [
            -49.017049499999985,
            -27.15468549923321
          ],
          [
            -49.016979299999996,
            -27.154577799233202
          ],
          [
            -49.01689590000001,
            -27.154427799233183
          ],
          [
            -49.016807099999994,
            -27.154270199233167
          ],
          [
            -49.01672869999999,
            -27.154149999233212
          ],
          [
            -49.01663439999998,
            -27.153989799233166
          ],
          [
            -49.0165422,
            -27.15387189923321
          ],
          [
            -49.01636300000002,
            -27.15368619923317
          ],
          [
            -49.0162901,
            -27.15361659923322
          ],
          [
            -49.0162368,
            -27.153560699233214
          ],
          [
            -49.01621010000002,
            -27.153531599233215
          ],
          [
            -49.01616630000001,
            -27.153495599233185
          ],
          [
            -49.0161106,
            -27.153428599233187
          ],
          [
            -49.01607469999999,
            -27.15336399923321
          ],
          [
            -49.01603890000001,
            -27.15329499923322
          ],
          [
            -49.01600020000001,
            -27.1532458992332
          ],
          [
            -49.01597140000001,
            -27.153199099233195
          ],
          [
            -49.01594499999999,
            -27.15315679923318
          ],
          [
            -49.015911800000026,
            -27.15307459923323
          ],
          [
            -49.01589070000001,
            -27.15301459923321
          ],
          [
            -49.015805100000016,
            -27.152815799233196
          ],
          [
            -49.01576210000002,
            -27.15273349923322
          ],
          [
            -49.015712199999996,
            -27.15262229923324
          ],
          [
            -49.015683799999984,
            -27.1525533992332
          ],
          [
            -49.015664800000025,
            -27.15251119923321
          ],
          [
            -49.015650799999996,
            -27.15246239923321
          ],
          [
            -49.0156298,
            -27.152391399233213
          ],
          [
            -49.01562089999998,
            -27.1523338992332
          ],
          [
            -49.01559520000001,
            -27.152253999233253
          ],
          [
            -49.01556460000001,
            -27.15216519923324
          ],
          [
            -49.01554199999998,
            -27.152031399233223
          ],
          [
            -49.01553310000003,
            -27.151978199233202
          ],
          [
            -49.015514800000005,
            -27.15189179923322
          ],
          [
            -49.01547790000001,
            -27.151743299233253
          ],
          [
            -49.015476999999976,
            -27.15165719923322
          ],
          [
            -49.01546539999998,
            -27.151322199233224
          ],
          [
            -49.01545720000002,
            -27.151231499233244
          ],
          [
            -49.015434200000016,
            -27.151133999233256
          ],
          [
            -49.0153962,
            -27.151045099233222
          ],
          [
            -49.015311,
            -27.150973199233256
          ],
          [
            -49.01520829999998,
            -27.15091879923325
          ],
          [
            -49.01502929999998,
            -27.150843299233273
          ],
          [
            -49.0149677,
            -27.15082919923322
          ],
          [
            -49.01490639999997,
            -27.15080629923325
          ],
          [
            -49.01484049999999,
            -27.15076339923327
          ],
          [
            -49.01479890000002,
            -27.15073849923324
          ],
          [
            -49.0145943,
            -27.150548999233273
          ],
          [
            -49.01451880000001,
            -27.150485999233258
          ],
          [
            -49.01447030000003,
            -27.150436799233287
          ],
          [
            -49.014402700000005,
            -27.15034519923326
          ],
          [
            -49.014352599999995,
            -27.15024289923328
          ],
          [
            -49.01431259999998,
            -27.15012969923324
          ],
          [
            -49.01431150000002,
            -27.15005459923324
          ],
          [
            -49.01434829999999,
            -27.14993139923329
          ],
          [
            -49.014381300000025,
            -27.149881099233287
          ],
          [
            -49.01449600000001,
            -27.149818699233297
          ],
          [
            -49.01455290000001,
            -27.149817299233277
          ],
          [
            -49.01463710000001,
            -27.14980519923327
          ],
          [
            -49.014734200000014,
            -27.149760199233274
          ],
          [
            -49.01476919999999,
            -27.149738599233245
          ],
          [
            -49.01477679999999,
            -27.149723199233254
          ],
          [
            -49.0149404,
            -27.14961379923328
          ],
          [
            -49.0149905,
            -27.149572499233248
          ],
          [
            -49.01506319999998,
            -27.149513899233263
          ],
          [
            -49.01514320000001,
            -27.14945979923326
          ],
          [
            -49.01528050000002,
            -27.149375599233256
          ],
          [
            -49.015373099999984,
            -27.149310699233276
          ],
          [
            -49.015483000000025,
            -27.14923929923326
          ],
          [
            -49.01556820000002,
            -27.149172099233272
          ],
          [
            -49.01563329999999,
            -27.14912439923329
          ],
          [
            -49.015738399999975,
            -27.14904639923325
          ],
          [
            -49.015818500000016,
            -27.14898559923329
          ],
          [
            -49.015916000000004,
            -27.14892079923328
          ],
          [
            -49.01598360000003,
            -27.148870899233312
          ],
          [
            -49.01606420000002,
            -27.14878149923328
          ],
          [
            -49.01614260000002,
            -27.148678799233316
          ],
          [
            -49.016276000000005,
            -27.14847149923333
          ],
          [
            -49.01642620000001,
            -27.148360999233315
          ],
          [
            -49.01654330000002,
            -27.148300799233315
          ],
          [
            -49.01672020000001,
            -27.148214999233304
          ],
          [
            -49.01684239999997,
            -27.148152599233303
          ],
          [
            -49.016947099999975,
            -27.14809889923328
          ],
          [
            -49.01705900000002,
            -27.148058499233297
          ],
          [
            -49.01717839999998,
            -27.14800939923329
          ],
          [
            -49.01732070000002,
            -27.147923099233317
          ],
          [
            -49.01739309999999,
            -27.14787989923332
          ],
          [
            -49.01756019999999,
            -27.147789499233287
          ],
          [
            -49.01763999999997,
            -27.147748699233336
          ],
          [
            -49.01779240000002,
            -27.147653599233326
          ],
          [
            -49.017857100000015,
            -27.14762359923328
          ],
          [
            -49.01791939999998,
            -27.147593599233307
          ],
          [
            -49.017998999999975,
            -27.147561599233335
          ],
          [
            -49.0180787,
            -27.147522899233334
          ],
          [
            -49.018153299999994,
            -27.14749529923332
          ],
          [
            -49.01826770000003,
            -27.14745269923329
          ],
          [
            -49.01837469999998,
            -27.147412299233306
          ],
          [
            -49.0183821,
            -27.147412399233335
          ],
          [
            -49.01897129999997,
            -27.147189099233323
          ],
          [
            -49.0191054,
            -27.147148999233337
          ],
          [
            -49.01920960000001,
            -27.14712399923334
          ],
          [
            -49.0193064,
            -27.147100999233352
          ],
          [
            -49.019455100000016,
            -27.147069999233313
          ],
          [
            -49.019539200000004,
            -27.1470623992333
          ],
          [
            -49.01990310000003,
            -27.14702109923335
          ],
          [
            -49.0200466,
            -27.147005499233302
          ],
          [
            -49.02022269999998,
            -27.14696599923335
          ],
          [
            -49.02037660000002,
            -27.146923999233337
          ],
          [
            -49.02047090000003,
            -27.146898799233302
          ],
          [
            -49.02056759999999,
            -27.146878099233305
          ],
          [
            -49.020744200000024,
            -27.1468120992333
          ],
          [
            -49.020838799999986,
            -27.14676919923332
          ],
          [
            -49.02095320000001,
            -27.146724499233343
          ],
          [
            -49.0210232,
            -27.1466790992333
          ],
          [
            -49.02107330000001,
            -27.1466421992333
          ],
          [
            -49.02112090000003,
            -27.146600899233345
          ],
          [
            -49.02116619999998,
            -27.14655519923335
          ],
          [
            -49.021184300000016,
            -27.146511299233318
          ],
          [
            -49.02121490000002,
            -27.14645429923336
          ],
          [
            -49.02122159999999,
            -27.14635279923332
          ],
          [
            -49.021241100000005,
            -27.14622709923331
          ],
          [
            -49.02125330000001,
            -27.146099199233323
          ],
          [
            -49.021260900000016,
            -27.145944699233322
          ],
          [
            -49.0212674,
            -27.14586079923333
          ],
          [
            -49.02130329999999,
            -27.14578399923333
          ],
          [
            -49.02131989999999,
            -27.14568489923334
          ],
          [
            -49.0213465,
            -27.145575999233355
          ],
          [
            -49.02138889999998,
            -27.145410999233373
          ],
          [
            -49.02142909999998,
            -27.145232599233346
          ],
          [
            -49.02146160000001,
            -27.145068299233355
          ],
          [
            -49.021464700000024,
            -27.144889399233374
          ],
          [
            -49.021452899999986,
            -27.14471689923337
          ],
          [
            -49.02145389999998,
            -27.144661699233335
          ],
          [
            -49.0214327,
            -27.144603999233386
          ],
          [
            -49.021393699999976,
            -27.14457689923337
          ],
          [
            -49.02132460000002,
            -27.144571499233358
          ],
          [
            -49.02119879999998,
            -27.144563199233367
          ],
          [
            -49.0210904,
            -27.14454399923337
          ],
          [
            -49.021011699999974,
            -27.144527399233393
          ],
          [
            -49.02090609999999,
            -27.144488299233352
          ],
          [
            -49.02084230000003,
            -27.14446309923337
          ],
          [
            -49.020800599999966,
            -27.144447099233354
          ],
          [
            -49.02070070000002,
            -27.144370599233376
          ],
          [
            -49.0206617,
            -27.144341299233385
          ],
          [
            -49.020590700000014,
            -27.144304999233345
          ],
          [
            -49.02054659999999,
            -27.144286699233376
          ],
          [
            -49.020478000000026,
            -27.14425039923336
          ],
          [
            -49.02037990000002,
            -27.14421369923341
          ],
          [
            -49.020301200000006,
            -27.144194899233383
          ],
          [
            -49.02015269999998,
            -27.144156999233378
          ],
          [
            -49.0199437,
            -27.144101099233374
          ],
          [
            -49.01963599999999,
            -27.144041499233396
          ],
          [
            -49.01935509999999,
            -27.143999999233383
          ],
          [
            -49.019113300000015,
            -27.143987699233403
          ],
          [
            -49.018918499999984,
            -27.14400379923339
          ],
          [
            -49.018788400000005,
            -27.144001999233378
          ],
          [
            -49.0186195,
            -27.144008999233364
          ],
          [
            -49.01848890000002,
            -27.144035499233354
          ],
          [
            -49.01840750000003,
            -27.1440657992334
          ],
          [
            -49.01833990000001,
            -27.144105699233393
          ],
          [
            -49.01825830000002,
            -27.144145399233388
          ],
          [
            -49.01817340000002,
            -27.1441787992334
          ],
          [
            -49.01809179999998,
            -27.144215399233385
          ],
          [
            -49.01798550000001,
            -27.14426419923339
          ],
          [
            -49.01787209999998,
            -27.144312899233356
          ],
          [
            -49.01767410000002,
            -27.1443698992334
          ],
          [
            -49.01733789999997,
            -27.144431399233344
          ],
          [
            -49.017097999999976,
            -27.14447509923339
          ],
          [
            -49.016907499999995,
            -27.14451019923338
          ],
          [
            -49.01670580000001,
            -27.144582799233397
          ],
          [
            -49.01655699999998,
            -27.144643599233365
          ],
          [
            -49.0164646,
            -27.144695799233393
          ],
          [
            -49.01637899999997,
            -27.14476369923337
          ],
          [
            -49.01627589999999,
            -27.144825199233367
          ],
          [
            -49.016179799999975,
            -27.144892999233388
          ],
          [
            -49.01599870000001,
            -27.144994199233345
          ],
          [
            -49.01588889999999,
            -27.145033499233374
          ],
          [
            -49.01570149999998,
            -27.14502409923336
          ],
          [
            -49.015603399999975,
            -27.145006999233384
          ],
          [
            -49.01549870000003,
            -27.14495829923335
          ],
          [
            -49.01544310000003,
            -27.144919799233392
          ],
          [
            -49.015392099999985,
            -27.14482159923336
          ],
          [
            -49.01540069999999,
            -27.144733699233377
          ],
          [
            -49.0152835,
            -27.144599899233366
          ],
          [
            -49.01517519999999,
            -27.14451619923337
          ],
          [
            -49.01488869999998,
            -27.1444146992334
          ],
          [
            -49.014682600000015,
            -27.144336299233395
          ],
          [
            -49.0144874,
            -27.1442328992334
          ],
          [
            -49.0143511,
            -27.14418699923338
          ],
          [
            -49.0142616,
            -27.14407879923337
          ],
          [
            -49.01418619999998,
            -27.14396449923336
          ],
          [
            -49.014100600000006,
            -27.143837499233403
          ],
          [
            -49.01399099999997,
            -27.143669299233384
          ],
          [
            -49.01390930000002,
            -27.143513999233377
          ],
          [
            -49.01375789999997,
            -27.143329499233378
          ],
          [
            -49.01361700000001,
            -27.14314199923341
          ],
          [
            -49.013383799999986,
            -27.142936299233373
          ],
          [
            -49.01313440000001,
            -27.14271899923341
          ],
          [
            -49.01294439999998,
            -27.14252759923341
          ],
          [
            -49.01265969999997,
            -27.142319199233388
          ],
          [
            -49.01241859999999,
            -27.14222769923338
          ],
          [
            -49.012127799999966,
            -27.142170099233407
          ],
          [
            -49.01187709999999,
            -27.14215709923343
          ],
          [
            -49.01166979999999,
            -27.142150999233436
          ],
          [
            -49.0114868,
            -27.14215789923339
          ],
          [
            -49.011236800000006,
            -27.142176299233434
          ],
          [
            -49.01110569999997,
            -27.142227899233436
          ],
          [
            -49.01097449999998,
            -27.142292099233437
          ],
          [
            -49.01080139999999,
            -27.14233369923341
          ],
          [
            -49.0105896,
            -27.14237789923339
          ],
          [
            -49.010406699999976,
            -27.142381499233405
          ],
          [
            -49.010216899999996,
            -27.142375699233412
          ],
          [
            -49.010079700000006,
            -27.142380099233435
          ],
          [
            -49.00983000000002,
            -27.142379699233416
          ],
          [
            -49.00967839999998,
            -27.142399499233424
          ],
          [
            -49.00943710000002,
            -27.14242829923341
          ],
          [
            -49.00929609999997,
            -27.142448299233433
          ],
          [
            -49.0092007,
            -27.14247209923344
          ],
          [
            -49.00913329999998,
            -27.14250579923339
          ],
          [
            -49.00905499999999,
            -27.14255809923339
          ],
          [
            -49.00900840000003,
            -27.14261089923343
          ],
          [
            -49.00897200000003,
            -27.14267959923342
          ],
          [
            -49.00897429999998,
            -27.1427487992334
          ],
          [
            -49.008980099999974,
            -27.142818099233406
          ],
          [
            -49.00899249999998,
            -27.142967699233388
          ],
          [
            -49.009003000000014,
            -27.143088199233418
          ],
          [
            -49.00899529999998,
            -27.143150699233377
          ],
          [
            -49.008952299999976,
            -27.1433962992334
          ],
          [
            -49.00881609999999,
            -27.14353589923341
          ],
          [
            -49.008737699999976,
            -27.143594499233394
          ],
          [
            -49.00862860000001,
            -27.143602399233412
          ],
          [
            -49.00847040000003,
            -27.143596999233388
          ],
          [
            -49.008241699999985,
            -27.143606299233376
          ],
          [
            -49.00803389999998,
            -27.14362219923337
          ],
          [
            -49.0077675,
            -27.143717899233398
          ],
          [
            -49.00754239999997,
            -27.143831999233345
          ],
          [
            -49.00722339999999,
            -27.143913899233358
          ],
          [
            -49.00702910000001,
            -27.143937499233367
          ],
          [
            -49.00683550000002,
            -27.143926399233383
          ],
          [
            -49.00667299999998,
            -27.14390329923337
          ],
          [
            -49.00650769999999,
            -27.1438690992334
          ],
          [
            -49.00636859999997,
            -27.143839299233406
          ],
          [
            -49.006166399999984,
            -27.14382929923338
          ],
          [
            -49.00607800000001,
            -27.14382809923339
          ],
          [
            -49.00601289999997,
            -27.143824399233406
          ],
          [
            -49.00592139999998,
            -27.143824499233375
          ],
          [
            -49.005769499999985,
            -27.14381949923339
          ],
          [
            -49.00567030000002,
            -27.14381669923339
          ],
          [
            -49.005584999999996,
            -27.143814099233374
          ],
          [
            -49.005499799999996,
            -27.143810199233407
          ],
          [
            -49.005278799999985,
            -27.143762599233384
          ],
          [
            -49.005221800000015,
            -27.14374099923336
          ],
          [
            -49.005161900000026,
            -27.143711099233403
          ],
          [
            -49.0051158,
            -27.143683999233392
          ],
          [
            -49.00498950000002,
            -27.14361829923341
          ],
          [
            -49.00487129999999,
            -27.143544499233407
          ],
          [
            -49.004743899999994,
            -27.143470499233374
          ],
          [
            -49.00465450000001,
            -27.143410799233433
          ],
          [
            -49.00451020000003,
            -27.14332959923341
          ],
          [
            -49.00433629999998,
            -27.14324949923342
          ],
          [
            -49.00416009999998,
            -27.14317869923342
          ],
          [
            -49.004090700000006,
            -27.143152799233388
          ],
          [
            -49.00397520000001,
            -27.14310679923339
          ],
          [
            -49.003932099999986,
            -27.143089499233376
          ],
          [
            -49.00387660000001,
            -27.14307349923341
          ],
          [
            -49.0038242,
            -27.143054699233396
          ],
          [
            -49.00374979999999,
            -27.143050799233432
          ],
          [
            -49.00368450000002,
            -27.143056799233413
          ],
          [
            -49.00362519999999,
            -27.143079599233428
          ],
          [
            -49.003554699999995,
            -27.14311739923339
          ],
          [
            -49.003478099999995,
            -27.143155199233426
          ],
          [
            -49.003434099999986,
            -27.143187799233424
          ],
          [
            -49.003393200000005,
            -27.143220499233376
          ],
          [
            -49.003358400000025,
            -27.14325329923342
          ],
          [
            -49.00331760000001,
            -27.143284599233407
          ],
          [
            -49.00327650000003,
            -27.143324299233413
          ],
          [
            -49.003196100000025,
            -27.143400799233387
          ],
          [
            -49.003085699999986,
            -27.143503199233383
          ],
          [
            -49.00298320000002,
            -27.143582399233402
          ],
          [
            -49.002789199999995,
            -27.143742599233377
          ],
          [
            -49.00262750000002,
            -27.143852599233384
          ],
          [
            -49.002446599999985,
            -27.143994199233383
          ],
          [
            -49.00227460000002,
            -27.1441271992334
          ],
          [
            -49.002149799999984,
            -27.144257199233408
          ],
          [
            -49.00206050000003,
            -27.14439459923337
          ],
          [
            -49.00196549999998,
            -27.144585999233374
          ],
          [
            -49.001882799999976,
            -27.144782499233376
          ],
          [
            -49.00180790000002,
            -27.144979799233347
          ],
          [
            -49.00177819999999,
            -27.14516799923337
          ],
          [
            -49.00173590000003,
            -27.145364299233336
          ],
          [
            -49.001691300000005,
            -27.14551959923334
          ],
          [
            -49.00158829999998,
            -27.145731699233348
          ],
          [
            -49.00150530000001,
            -27.145854699233322
          ],
          [
            -49.001390500000014,
            -27.14602779923336
          ],
          [
            -49.00129359999999,
            -27.146159499233352
          ],
          [
            -49.00119860000001,
            -27.146267799233314
          ],
          [
            -49.00104859999999,
            -27.146412599233354
          ],
          [
            -49.000829399999986,
            -27.146583499233344
          ],
          [
            -49.000687700000015,
            -27.14670069923332
          ],
          [
            -49.0005099,
            -27.1468451992333
          ],
          [
            -49.0003567,
            -27.1469667992333
          ],
          [
            -49.000181999999995,
            -27.147108599233345
          ],
          [
            -49.000037200000016,
            -27.147226699233297
          ],
          [
            -49.00000010000003,
            -27.147256899233327
          ],
          [
            -48.999939100000006,
            -27.147306099233298
          ],
          [
            -48.99988400000001,
            -27.147333599233338
          ],
          [
            -48.99983420000001,
            -27.147356799233332
          ],
          [
            -48.99978920000001,
            -27.14737639923329
          ],
          [
            -48.99974850000001,
            -27.147392799233298
          ],
          [
            -48.99971169999998,
            -27.147406299233307
          ],
          [
            -48.999678200000005,
            -27.147417499233335
          ],
          [
            -48.99964749999998,
            -27.147426699233293
          ],
          [
            -48.99961910000001,
            -27.147434499233295
          ],
          [
            -48.99959260000003,
            -27.14744099923333
          ],
          [
            -48.99954309999998,
            -27.14745079923331
          ],
          [
            -48.99951929999997,
            -27.147454599233317
          ],
          [
            -48.99947109999999,
            -27.147460599233302
          ],
          [
            -48.99939119999999,
            -27.14746839923329
          ],
          [
            -48.99930310000002,
            -27.147475999233297
          ],
          [
            -48.999213499999996,
            -27.1474827992333
          ],
          [
            -48.99910089999997,
            -27.14749029923333
          ],
          [
            -48.998997599999996,
            -27.147496099233322
          ],
          [
            -48.99892599999998,
            -27.14749949923329
          ],
          [
            -48.99885840000002,
            -27.147501199233332
          ],
          [
            -48.99881499999998,
            -27.147500999233294
          ],
          [
            -48.99877249999997,
            -27.147499499233298
          ],
          [
            -48.99873439999998,
            -27.14749679923331
          ],
          [
            -48.9987074,
            -27.147494399233334
          ],
          [
            -48.9986609,
            -27.147488899233295
          ],
          [
            -48.99861019999997,
            -27.147481499233336
          ],
          [
            -48.99855539999999,
            -27.14747149923331
          ],
          [
            -48.998526899999995,
            -27.14746529923334
          ],
          [
            -48.99849799999999,
            -27.147457899233327
          ],
          [
            -48.99846889999998,
            -27.147449399233338
          ],
          [
            -48.998439700000006,
            -27.147439599233298
          ],
          [
            -48.99841079999999,
            -27.147428299233315
          ],
          [
            -48.998382100000015,
            -27.14741539923332
          ],
          [
            -48.998353599999966,
            -27.14740089923329
          ],
          [
            -48.998325000000015,
            -27.147384599233323
          ],
          [
            -48.99829599999998,
            -27.147366599233315
          ],
          [
            -48.99826639999997,
            -27.147346799233294
          ],
          [
            -48.99823600000002,
            -27.147325099233313
          ],
          [
            -48.998204300000005,
            -27.147301499233347
          ],
          [
            -48.99816129999999,
            -27.147267799233322
          ],
          [
            -48.9981009,
            -27.14721919923332
          ],
          [
            -48.998026700000025,
            -27.147157399233354
          ],
          [
            -48.997951199999996,
            -27.14709359923333
          ],
          [
            -48.99780679999998,
            -27.146971199233327
          ],
          [
            -48.997740599999986,
            -27.14691419923335
          ],
          [
            -48.99767880000002,
            -27.146858799233346
          ],
          [
            -48.9976494,
            -27.146831099233328
          ],
          [
            -48.997621200000026,
            -27.146803399233345
          ],
          [
            -48.997593999999985,
            -27.146775399233356
          ],
          [
            -48.99756780000001,
            -27.146746899233303
          ],
          [
            -48.99754230000002,
            -27.14671769923335
          ],
          [
            -48.997517500000015,
            -27.146687799233327
          ],
          [
            -48.99749300000002,
            -27.14665689923331
          ],
          [
            -48.99746879999998,
            -27.14662479923331
          ],
          [
            -48.99744470000002,
            -27.14659139923331
          ],
          [
            -48.9973961,
            -27.146519899233322
          ],
          [
            -48.997347400000024,
            -27.146444399233353
          ],
          [
            -48.99725669999998,
            -27.14630019923332
          ],
          [
            -48.9972181,
            -27.146241299233328
          ],
          [
            -48.997200599999985,
            -27.146216299233334
          ],
          [
            -48.997183800000016,
            -27.146193799233338
          ],
          [
            -48.9971673,
            -27.14617329923333
          ],
          [
            -48.99715070000002,
            -27.146154599233327
          ],
          [
            -48.997133599999984,
            -27.146137099233325
          ],
          [
            -48.99711550000001,
            -27.146120599233356
          ],
          [
            -48.99709619999999,
            -27.14610449923331
          ],
          [
            -48.99707510000002,
            -27.14608869923334
          ],
          [
            -48.997052199999985,
            -27.146072999233343
          ],
          [
            -48.9970275,
            -27.14605739923336
          ],
          [
            -48.997000899999996,
            -27.146041999233365
          ],
          [
            -48.996972299999975,
            -27.14602659923337
          ],
          [
            -48.99694169999998,
            -27.146011299233344
          ],
          [
            -48.99690909999998,
            -27.145996099233336
          ],
          [
            -48.996874400000024,
            -27.14598099923335
          ],
          [
            -48.996837400000004,
            -27.14596589923337
          ],
          [
            -48.99675589999998,
            -27.145935299233358
          ],
          [
            -48.99666239999999,
            -27.145902999233325
          ],
          [
            -48.99649449999998,
            -27.14584819923333
          ],
          [
            -48.99629060000001,
            -27.145783999233327
          ],
          [
            -48.99611570000002,
            -27.14573229923336
          ],
          [
            -48.996062600000016,
            -27.145717299233336
          ],
          [
            -48.9959839,
            -27.145695999233336
          ],
          [
            -48.99590490000003,
            -27.145675699233372
          ],
          [
            -48.99582609999999,
            -27.145656799233336
          ],
          [
            -48.995748100000014,
            -27.145639099233332
          ],
          [
            -48.995671300000026,
            -27.14562269923334
          ],
          [
            -48.99552369999998,
            -27.14559369923336
          ],
          [
            -48.9953875,
            -27.14556909923335
          ],
          [
            -48.99521290000001,
            -27.145540199233384
          ],
          [
            -48.99507849999998,
            -27.145519599233356
          ],
          [
            -48.99492959999998,
            -27.14549829923334
          ],
          [
            -48.99490429999997,
            -27.145493799233346
          ],
          [
            -48.99488020000001,
            -27.145488199233334
          ],
          [
            -48.99480729999999,
            -27.145466799233358
          ]
        ]
      },
      "properties": {
        "OBJECTID": 346042,
        "COTRECHO": 344732,
        "COBACIA": "77962533",
        "NORIOCOMP": "Rio Itajaí-mirim",
        "NOORIGINAL": "Rio Itajaí-mirim",
        "NUSTRAHLER": 4,
        "NUTRJUS": 12886,
        "NUCOMPTREC": 6.04475715,
        "NUAREAMONT": 951.28737804
      }
    },
    {
      "type": "Feature",
      "id": 346044,
      "geometry": {
        "type": "LineString",
        "coordinates": [
          [
            -49.221880999999996,
            -27.231379699231695
          ],
          [
            -49.22157420000003,
            -27.231313599231733
          ],
          [
            -49.221207100000015,
            -27.231125499231734
          ],
          [
            -49.2206175,
            -27.230875599231705
          ],
          [
            -49.22033349999999,
            -27.23075739923173
          ],
          [
            -49.220085400000016,
            -27.230691999231695
          ],
          [
            -49.220080300000006,
            -27.230691599231715
          ],
          [
            -49.220012999999994,
            -27.230626399231724
          ],
          [
            -49.21997219999997,
            -27.23058679923174
          ],
          [
            -49.21991129999998,
            -27.230528499231717
          ],
          [
            -49.219828199999995,
            -27.230468699231746
          ],
          [
            -49.21973170000001,
            -27.230416899231745
          ],
          [
            -49.21958260000003,
            -27.230371499231723
          ],
          [
            -49.21947160000003,
            -27.230330199231755
          ],
          [
            -49.219346599999994,
            -27.23033449923176
          ],
          [
            -49.21920569999998,
            -27.23035149923171
          ],
          [
            -49.21912320000001,
            -27.230365299231746
          ],
          [
            -49.2189262,
            -27.23031359923172
          ],
          [
            -49.218575300000005,
            -27.230260099231735
          ],
          [
            -49.21839590000002,
            -27.230251199231724
          ],
          [
            -49.218235400000026,
            -27.230203299231764
          ],
          [
            -49.218127100000004,
            -27.230100399231752
          ],
          [
            -49.21809739999998,
            -27.22989689923176
          ],
          [
            -49.21808900000001,
            -27.229503799231715
          ],
          [
            -49.21809510000003,
            -27.22934989923173
          ],
          [
            -49.21814410000002,
            -27.22926209923178
          ],
          [
            -49.21841460000002,
            -27.22907229923174
          ],
          [
            -49.218919200000016,
            -27.22868239923179
          ],
          [
            -49.2191014,
            -27.228514299231737
          ],
          [
            -49.21917239999999,
            -27.22842679923179
          ],
          [
            -49.21920369999999,
            -27.22830269923174
          ],
          [
            -49.219198399999975,
            -27.22817489923177
          ],
          [
            -49.219084399999986,
            -27.22797369923178
          ],
          [
            -49.21889759999999,
            -27.22773869923176
          ],
          [
            -49.21869409999999,
            -27.227627999231768
          ],
          [
            -49.21860880000003,
            -27.227528599231807
          ],
          [
            -49.21852339999998,
            -27.227416099231803
          ],
          [
            -49.21840020000002,
            -27.227328199231774
          ],
          [
            -49.2183043,
            -27.22728519923176
          ],
          [
            -49.21806520000002,
            -27.227234899231775
          ],
          [
            -49.21719200000001,
            -27.22709279923177
          ],
          [
            -49.216933600000004,
            -27.227081199231776
          ],
          [
            -49.21668749999998,
            -27.227078099231814
          ],
          [
            -49.216546600000015,
            -27.22712639923177
          ],
          [
            -49.21643599999999,
            -27.22722249923177
          ],
          [
            -49.216304099999995,
            -27.227479799231805
          ],
          [
            -49.21625690000002,
            -27.227710399231754
          ],
          [
            -49.21622810000002,
            -27.227939199231756
          ],
          [
            -49.21591339999997,
            -27.22852619923174
          ],
          [
            -49.215770599999985,
            -27.228750399231778
          ],
          [
            -49.215651200000025,
            -27.228879899231725
          ],
          [
            -49.21512150000001,
            -27.22924319923174
          ],
          [
            -49.21483280000002,
            -27.22942299923174
          ],
          [
            -49.21471050000003,
            -27.22950989923173
          ],
          [
            -49.21459599999997,
            -27.22956739923175
          ],
          [
            -49.21446759999998,
            -27.229572299231712
          ],
          [
            -49.214325299999985,
            -27.22953439923172
          ],
          [
            -49.2142351,
            -27.229448099231753
          ],
          [
            -49.21419320000001,
            -27.229319799231735
          ],
          [
            -49.21419229999998,
            -27.22914299923178
          ],
          [
            -49.21413610000002,
            -27.228994799231767
          ],
          [
            -49.21405779999998,
            -27.22884639923177
          ],
          [
            -49.213898099999994,
            -27.228752699231737
          ],
          [
            -49.213737700000024,
            -27.22870479923176
          ],
          [
            -49.21364310000001,
            -27.228660999231753
          ],
          [
            -49.21355569999997,
            -27.228623899231746
          ],
          [
            -49.213462400000026,
            -27.22850149923176
          ],
          [
            -49.2132691,
            -27.22821729923175
          ],
          [
            -49.21314330000001,
            -27.228064999231798
          ],
          [
            -49.21300580000002,
            -27.227951899231773
          ],
          [
            -49.212890000000016,
            -27.227827499231772
          ],
          [
            -49.21287619999998,
            -27.227812699231794
          ],
          [
            -49.21264250000001,
            -27.22753129923179
          ],
          [
            -49.212344299999984,
            -27.227160599231784
          ],
          [
            -49.21225850000002,
            -27.227025199231804
          ],
          [
            -49.21218499999998,
            -27.22681139923177
          ],
          [
            -49.21214359999999,
            -27.226650399231776
          ],
          [
            -49.212120200000015,
            -27.226505899231807
          ],
          [
            -49.212140999999974,
            -27.22635229923177
          ],
          [
            -49.212205100000006,
            -27.226238399231804
          ],
          [
            -49.2122728,
            -27.2261723992318
          ],
          [
            -49.21247679999999,
            -27.225973299231825
          ],
          [
            -49.21261650000003,
            -27.225716299231806
          ],
          [
            -49.21294399999999,
            -27.22517349923182
          ],
          [
            -49.21304689999999,
            -27.224919299231843
          ],
          [
            -49.2130677,
            -27.224768899231844
          ],
          [
            -49.213056,
            -27.224578799231846
          ],
          [
            -49.21301469999998,
            -27.224411199231863
          ],
          [
            -49.21293680000002,
            -27.22424319923184
          ],
          [
            -49.21289389999998,
            -27.224177099231866
          ],
          [
            -49.212879499999985,
            -27.22401829923187
          ],
          [
            -49.212875999999994,
            -27.22385329923183
          ],
          [
            -49.21288120000003,
            -27.223762199231867
          ],
          [
            -49.21288449999997,
            -27.223703199231842
          ],
          [
            -49.2128596,
            -27.22359289923188
          ],
          [
            -49.2127658,
            -27.22343599923185
          ],
          [
            -49.21266129999998,
            -27.223306399231884
          ],
          [
            -49.21260059999997,
            -27.223256099231882
          ],
          [
            -49.212440300000026,
            -27.223155099231853
          ],
          [
            -49.21228359999997,
            -27.22308719923188
          ],
          [
            -49.212147000000016,
            -27.223039599231864
          ],
          [
            -49.21206110000003,
            -27.223023899231855
          ],
          [
            -49.21190130000002,
            -27.22301139923189
          ],
          [
            -49.21179619999998,
            -27.222934799231876
          ],
          [
            -49.21156639999998,
            -27.222872899231906
          ],
          [
            -49.21124070000002,
            -27.222845799231894
          ],
          [
            -49.211168799999996,
            -27.222834799231865
          ],
          [
            -49.21095930000002,
            -27.22280289923185
          ],
          [
            -49.2105798,
            -27.222702999231892
          ],
          [
            -49.210218399999974,
            -27.222619799231882
          ],
          [
            -49.20999169999999,
            -27.222590699231887
          ],
          [
            -49.2098239,
            -27.222542699231898
          ],
          [
            -49.20972599999999,
            -27.22247919923189
          ],
          [
            -49.20962939999998,
            -27.222337099231897
          ],
          [
            -49.20956319999999,
            -27.222123399231872
          ],
          [
            -49.2095147,
            -27.221945899231866
          ],
          [
            -49.20950979999997,
            -27.221791899231924
          ],
          [
            -49.20953309999999,
            -27.221713599231883
          ],
          [
            -49.209585000000004,
            -27.221674899231875
          ],
          [
            -49.20969930000001,
            -27.22162729923191
          ],
          [
            -49.20985510000002,
            -27.221511299231878
          ],
          [
            -49.209925899999966,
            -27.221433599231904
          ],
          [
            -49.21003510000003,
            -27.221251599231913
          ],
          [
            -49.2100499,
            -27.22112619923192
          ],
          [
            -49.21005209999999,
            -27.221107699231904
          ],
          [
            -49.21005359999998,
            -27.22100939923192
          ],
          [
            -49.21007400000002,
            -27.220878699231932
          ],
          [
            -49.21008810000001,
            -27.220685599231935
          ],
          [
            -49.210057800000016,
            -27.22051819923194
          ],
          [
            -49.20999389999998,
            -27.220392899231907
          ],
          [
            -49.20982090000001,
            -27.22021379923193
          ],
          [
            -49.20973789999999,
            -27.220134099231913
          ],
          [
            -49.209687599999995,
            -27.22006799923194
          ],
          [
            -49.209686600000005,
            -27.220064599231925
          ],
          [
            -49.20964579999997,
            -27.219933099231916
          ],
          [
            -49.2096487,
            -27.219752999231947
          ],
          [
            -49.209623000000015,
            -27.219526699231956
          ],
          [
            -49.20950690000001,
            -27.219001099231964
          ],
          [
            -49.2094917,
            -27.218804399231963
          ],
          [
            -49.209476300000006,
            -27.218620799231942
          ],
          [
            -49.209441200000015,
            -27.21852529923195
          ],
          [
            -49.20930199999998,
            -27.218294299231985
          ],
          [
            -49.209233499999975,
            -27.218178399231967
          ],
          [
            -49.20913359999997,
            -27.218009499231965
          ],
          [
            -49.20909510000001,
            -27.217944399231982
          ],
          [
            -49.20903249999998,
            -27.217737299231977
          ],
          [
            -49.20903449999997,
            -27.217606299231978
          ],
          [
            -49.20903770000001,
            -27.217590099231963
          ],
          [
            -49.2090624,
            -27.217465799231984
          ],
          [
            -49.20911289999998,
            -27.217289499231967
          ],
          [
            -49.20919240000001,
            -27.217130099231998
          ],
          [
            -49.20928279999999,
            -27.21697399923197
          ],
          [
            -49.20949789999998,
            -27.21680969923198
          ],
          [
            -49.2098125,
            -27.21661059923201
          ],
          [
            -49.20994280000002,
            -27.216484499231964
          ],
          [
            -49.21005150000002,
            -27.21633199923202
          ],
          [
            -49.21013470000002,
            -27.216165999231983
          ],
          [
            -49.21017360000002,
            -27.21602559923202
          ],
          [
            -49.2101755,
            -27.215905599231995
          ],
          [
            -49.21017610000001,
            -27.215871699231986
          ],
          [
            -49.210159499999975,
            -27.215723199232013
          ],
          [
            -49.210150399999975,
            -27.21564209923203
          ],
          [
            -49.21010899999999,
            -27.215481099231983
          ],
          [
            -49.209962399999995,
            -27.215259699232007
          ],
          [
            -49.20977540000001,
            -27.215041199231997
          ],
          [
            -49.209623299999976,
            -27.214924599232035
          ],
          [
            -49.20957420000001,
            -27.21488539923204
          ],
          [
            -49.20951480000002,
            -27.21483799923201
          ],
          [
            -49.209363800000006,
            -27.21465919923207
          ],
          [
            -49.209150799999975,
            -27.21445999923201
          ],
          [
            -49.20902510000002,
            -27.21430109923203
          ],
          [
            -49.20884130000001,
            -27.214112099232054
          ],
          [
            -49.208718900000015,
            -27.213979499232032
          ],
          [
            -49.208606299999985,
            -27.213915799232037
          ],
          [
            -49.208496700000005,
            -27.213898099232047
          ],
          [
            -49.20844570000003,
            -27.21390429923207
          ]
        ]
      },
      "properties": {
        "OBJECTID": 346044,
        "COTRECHO": 344735,
        "COBACIA": "779625933",
        "NORIOCOMP": "Rio Itajaí-mirim",
        "NOORIGINAL": "Rio Itajaí-mirim",
        "NUSTRAHLER": 4,
        "NUTRJUS": 344722,
        "NUCOMPTREC": 3.5945367900000003,
        "NUAREAMONT": 595.0960637
      }
    },
    {
      "type": "Feature",
      "id": 346046,
      "geometry": {
        "type": "LineString",
        "coordinates": [
          [
            -48.82648840000002,
            -27.001605299236132
          ],
          [
            -48.82634180000002,
            -27.00145309923612
          ],
          [
            -48.82628940000001,
            -27.00139979923613
          ],
          [
            -48.82623769999998,
            -27.00134839923611
          ],
          [
            -48.826186500000006,
            -27.0012987992361
          ],
          [
            -48.826135299999976,
            -27.001251299236106
          ],
          [
            -48.826083900000015,
            -27.001205799236114
          ],
          [
            -48.826032,
            -27.001162399236136
          ],
          [
            -48.825979399999994,
            -27.00112059923611
          ],
          [
            -48.82592590000002,
            -27.0010798992361
          ],
          [
            -48.825871500000005,
            -27.00103989923617
          ],
          [
            -48.82581590000001,
            -27.000999999236118
          ],
          [
            -48.82557880000002,
            -27.00083229923615
          ],
          [
            -48.825515800000005,
            -27.000786499236153
          ],
          [
            -48.82545210000001,
            -27.00073929923617
          ],
          [
            -48.82538840000001,
            -27.000690799236125
          ],
          [
            -48.82532500000002,
            -27.000641099236148
          ],
          [
            -48.825262599999974,
            -27.000590499236136
          ],
          [
            -48.8252018,
            -27.00053909923617
          ],
          [
            -48.825143000000025,
            -27.00048699923617
          ],
          [
            -48.825086800000015,
            -27.000434299236137
          ],
          [
            -48.82503300000002,
            -27.000380499236165
          ],
          [
            -48.82498140000001,
            -27.000325099236154
          ],
          [
            -48.82493160000002,
            -27.00026739923614
          ],
          [
            -48.82488360000002,
            -27.00020689923617
          ],
          [
            -48.82483689999998,
            -27.000142899236163
          ],
          [
            -48.8247915,
            -27.00007489923617
          ],
          [
            -48.824746999999995,
            -27.000002199236143
          ],
          [
            -48.824672599999985,
            -26.999895299236147
          ],
          [
            -48.82461740000002,
            -26.99979729923618
          ],
          [
            -48.824569000000004,
            -26.999706899236145
          ],
          [
            -48.824526100000014,
            -26.999622899236186
          ],
          [
            -48.82448770000002,
            -26.999543899236162
          ],
          [
            -48.82445259999998,
            -26.999468599236163
          ],
          [
            -48.82441970000002,
            -26.999395799236183
          ],
          [
            -48.82414449999999,
            -26.998778599236168
          ],
          [
            -48.82406659999998,
            -26.99860569923617
          ],
          [
            -48.823972000000026,
            -26.998397999236186
          ],
          [
            -48.823858099999995,
            -26.998151499236197
          ],
          [
            -48.82373130000002,
            -26.99787939923619
          ],
          [
            -48.82369080000001,
            -26.99779539923618
          ],
          [
            -48.82364799999999,
            -26.99771139923622
          ],
          [
            -48.823625100000015,
            -26.997668599236206
          ],
          [
            -48.82360080000001,
            -26.99762489923621
          ],
          [
            -48.8235474,
            -26.997534099236198
          ],
          [
            -48.82333449999998,
            -26.997189499236196
          ],
          [
            -48.82314789999998,
            -26.99687759923622
          ],
          [
            -48.82308369999998,
            -26.996772199236226
          ],
          [
            -48.823017600000014,
            -26.996665799236233
          ],
          [
            -48.822949,
            -26.99655719923621
          ],
          [
            -48.8226449,
            -26.996082599236264
          ],
          [
            -48.82252349999999,
            -26.995891199236254
          ],
          [
            -48.82244309999999,
            -26.995762199236246
          ],
          [
            -48.82240359999997,
            -26.995697599236266
          ],
          [
            -48.822326499999974,
            -26.99556819923622
          ],
          [
            -48.8222892,
            -26.995503599236255
          ],
          [
            -48.82225299999999,
            -26.995439099236247
          ],
          [
            -48.82221809999998,
            -26.995374799236224
          ],
          [
            -48.82218449999999,
            -26.99531069923625
          ],
          [
            -48.82212149999998,
            -26.995184999236248
          ],
          [
            -48.82206430000002,
            -26.995065399236243
          ],
          [
            -48.82194550000003,
            -26.994810399236275
          ],
          [
            -48.82187649999997,
            -26.994659499236267
          ],
          [
            -48.82184560000002,
            -26.994586099236255
          ],
          [
            -48.82181650000001,
            -26.99451029923626
          ],
          [
            -48.82178950000002,
            -26.99443259923625
          ],
          [
            -48.82176520000002,
            -26.99435459923627
          ],
          [
            -48.82175419999999,
            -26.994315799236244
          ],
          [
            -48.82174420000001,
            -26.994277599236245
          ],
          [
            -48.82173519999998,
            -26.994239899236288
          ],
          [
            -48.8217272,
            -26.99420269923628
          ],
          [
            -48.821720200000016,
            -26.994166099236246
          ],
          [
            -48.82171419999997,
            -26.99412989923629
          ],
          [
            -48.82170919999999,
            -26.994094199236283
          ],
          [
            -48.821705099999974,
            -26.994058699236255
          ],
          [
            -48.82170200000002,
            -26.994023599236268
          ],
          [
            -48.821699799999976,
            -26.99398869923626
          ],
          [
            -48.821698500000025,
            -26.99395379923626
          ],
          [
            -48.82169829999998,
            -26.993881699236248
          ],
          [
            -48.82170050000002,
            -26.993801499236294
          ],
          [
            -48.82170830000001,
            -26.993594499236263
          ],
          [
            -48.8217125,
            -26.993465099236268
          ],
          [
            -48.82172059999999,
            -26.99314409923629
          ],
          [
            -48.82172259999999,
            -26.993000899236318
          ],
          [
            -48.821723099999986,
            -26.99285559923628
          ],
          [
            -48.8217224,
            -26.99271999923631
          ],
          [
            -48.82172009999999,
            -26.99265179923627
          ],
          [
            -48.82171799999998,
            -26.992618099236314
          ],
          [
            -48.82171499999998,
            -26.99258489923629
          ],
          [
            -48.82171099999999,
            -26.992552399236317
          ],
          [
            -48.821706000000006,
            -26.992520699236294
          ],
          [
            -48.82169970000001,
            -26.992489599236293
          ],
          [
            -48.82169219999997,
            -26.992459099236324
          ],
          [
            -48.82168339999998,
            -26.99242909923629
          ],
          [
            -48.82167320000003,
            -26.992399399236312
          ],
          [
            -48.82166160000002,
            -26.99236989923633
          ],
          [
            -48.82164849999999,
            -26.992340499236317
          ],
          [
            -48.82163379999997,
            -26.992310999236274
          ],
          [
            -48.8216175,
            -26.992281299236307
          ],
          [
            -48.821599499999984,
            -26.992251299236315
          ],
          [
            -48.82157949999999,
            -26.992220599236294
          ],
          [
            -48.82155749999998,
            -26.99218909923632
          ],
          [
            -48.821533199999976,
            -26.9921565992363
          ],
          [
            -48.821506699999986,
            -26.99212279923631
          ],
          [
            -48.82147759999998,
            -26.99208749923633
          ],
          [
            -48.821445900000015,
            -26.99205059923633
          ],
          [
            -48.82141150000001,
            -26.992011899236342
          ],
          [
            -48.82137480000001,
            -26.991971899236326
          ],
          [
            -48.82133640000001,
            -26.991931199236326
          ],
          [
            -48.82129659999998,
            -26.99189039923631
          ],
          [
            -48.821256000000005,
            -26.991850099236338
          ],
          [
            -48.821214999999995,
            -26.9918109992363
          ],
          [
            -48.82117429999999,
            -26.991773599236303
          ],
          [
            -48.821134099999995,
            -26.99173859923633
          ],
          [
            -48.821095000000014,
            -26.991706299236284
          ],
          [
            -48.821056399999975,
            -26.99167629923631
          ],
          [
            -48.82101779999999,
            -26.99164819923631
          ],
          [
            -48.82097870000001,
            -26.991621299236336
          ],
          [
            -48.82093850000001,
            -26.991595199236325
          ],
          [
            -48.82089660000003,
            -26.991569099236305
          ],
          [
            -48.82085239999997,
            -26.991542599236325
          ],
          [
            -48.82070220000003,
            -26.991455799236313
          ],
          [
            -48.820589600000005,
            -26.99139249923633
          ],
          [
            -48.82047169999999,
            -26.991327499236334
          ],
          [
            -48.82035280000002,
            -26.991262999236334
          ],
          [
            -48.82023609999999,
            -26.99120089923635
          ],
          [
            -48.82012229999998,
            -26.99114209923632
          ],
          [
            -48.820066499999996,
            -26.991113999236312
          ],
          [
            -48.81995690000002,
            -26.991060899236302
          ],
          [
            -48.819849900000015,
            -26.99101189923632
          ],
          [
            -48.81964820000002,
            -26.990922899236317
          ],
          [
            -48.8196016,
            -26.99090119923633
          ],
          [
            -48.819556999999975,
            -26.990879299236347
          ],
          [
            -48.81951459999999,
            -26.990856899236316
          ],
          [
            -48.81947450000001,
            -26.990833799236352
          ],
          [
            -48.81943669999998,
            -26.99080989923632
          ],
          [
            -48.81940109999999,
            -26.99078539923633
          ],
          [
            -48.819384300000024,
            -26.99077269923632
          ],
          [
            -48.81933570000001,
            -26.99073369923636
          ],
          [
            -48.8193056,
            -26.990706699236306
          ],
          [
            -48.81927710000002,
            -26.99067869923633
          ],
          [
            -48.819250000000004,
            -26.990649699236343
          ],
          [
            -48.81922429999997,
            -26.990619799236335
          ],
          [
            -48.81919959999999,
            -26.990588899236315
          ],
          [
            -48.81917570000001,
            -26.990556999236365
          ],
          [
            -48.81915249999997,
            -26.990524099236357
          ],
          [
            -48.81910699999998,
            -26.990455099236367
          ],
          [
            -48.81906129999999,
            -26.990381699236337
          ],
          [
            -48.819014100000004,
            -26.990304099236358
          ],
          [
            -48.81894190000003,
            -26.990181899236322
          ],
          [
            -48.8188945,
            -26.990098199236325
          ],
          [
            -48.81887139999997,
            -26.990056199236367
          ],
          [
            -48.818827100000014,
            -26.989971999236374
          ],
          [
            -48.81878560000001,
            -26.989887199236342
          ],
          [
            -48.81876599999998,
            -26.98984429923636
          ],
          [
            -48.818747200000026,
            -26.98980089923633
          ],
          [
            -48.81872929999997,
            -26.989756799236364
          ],
          [
            -48.818712300000016,
            -26.989712099236375
          ],
          [
            -48.8186963,
            -26.989666499236357
          ],
          [
            -48.81868109999999,
            -26.989619999236353
          ],
          [
            -48.818666800000024,
            -26.98957219923636
          ],
          [
            -48.81865329999999,
            -26.989523099236344
          ],
          [
            -48.81864059999997,
            -26.989472499236335
          ],
          [
            -48.81862849999999,
            -26.989420199236346
          ],
          [
            -48.818617200000006,
            -26.98936609923634
          ],
          [
            -48.81860640000002,
            -26.989309899236382
          ],
          [
            -48.818596099999986,
            -26.98925159923636
          ],
          [
            -48.81855619999999,
            -26.989005599236354
          ],
          [
            -48.818545400000005,
            -26.988943199236367
          ],
          [
            -48.81853380000001,
            -26.988881399236398
          ],
          [
            -48.81852120000002,
            -26.98882049923635
          ],
          [
            -48.81850739999998,
            -26.988760999236394
          ],
          [
            -48.8184923,
            -26.988702399236402
          ],
          [
            -48.81847590000001,
            -26.98864409923637
          ],
          [
            -48.81845820000001,
            -26.98858579923639
          ],
          [
            -48.81843900000001,
            -26.988526699236388
          ],
          [
            -48.818418399999985,
            -26.98846629923641
          ],
          [
            -48.81839639999999,
            -26.988404199236374
          ],
          [
            -48.81837280000002,
            -26.98833969923637
          ],
          [
            -48.818310999999994,
            -26.988175699236372
          ],
          [
            -48.81829090000002,
            -26.988123699236407
          ],
          [
            -48.818239199999994,
            -26.987989599236382
          ],
          [
            -48.81815369999998,
            -26.987767599236378
          ],
          [
            -48.818024900000005,
            -26.987429899236382
          ],
          [
            -48.81797560000002,
            -26.987304799236405
          ],
          [
            -48.81795090000003,
            -26.987244199236425
          ],
          [
            -48.817900899999984,
            -26.98712689923643
          ],
          [
            -48.8178752,
            -26.98706989923641
          ],
          [
            -48.81784909999999,
            -26.98701399923639
          ],
          [
            -48.81782220000002,
            -26.986959099236387
          ],
          [
            -48.81779460000001,
            -26.986904999236383
          ],
          [
            -48.81776609999997,
            -26.986851799236426
          ],
          [
            -48.81773659999999,
            -26.98679919923642
          ],
          [
            -48.81770590000002,
            -26.986747299236402
          ],
          [
            -48.8176654,
            -26.98668239923642
          ],
          [
            -48.817640900000015,
            -26.98664469923642
          ],
          [
            -48.81760639999998,
            -26.986593599236407
          ],
          [
            -48.81757040000003,
            -26.986542499236396
          ],
          [
            -48.817533000000026,
            -26.986491099236442
          ],
          [
            -48.817493800000015,
            -26.986439399236403
          ],
          [
            -48.81745310000002,
            -26.986386999236405
          ],
          [
            -48.81741060000002,
            -26.98633399923642
          ],
          [
            -48.81736660000002,
            -26.986280399236435
          ],
          [
            -48.817275300000006,
            -26.986171899236417
          ],
          [
            -48.81718150000001,
            -26.986063099236453
          ],
          [
            -48.816995299999974,
            -26.985849599236435
          ],
          [
            -48.816906500000016,
            -26.985748999236442
          ],
          [
            -48.81682239999998,
            -26.985656099236465
          ],
          [
            -48.816782699999976,
            -26.985613399236417
          ],
          [
            -48.81674459999999,
            -26.98557369923641
          ],
          [
            -48.816708300000016,
            -26.98553709923644
          ],
          [
            -48.81667270000003,
            -26.98550279923644
          ],
          [
            -48.816636800000026,
            -26.98546989923644
          ],
          [
            -48.816599499999995,
            -26.985437499236433
          ],
          [
            -48.81655970000003,
            -26.985404499236463
          ],
          [
            -48.81651629999999,
            -26.985370099236448
          ],
          [
            -48.816468100000016,
            -26.98533319923646
          ],
          [
            -48.816353600000014,
            -26.985248599236414
          ],
          [
            -48.815981299999976,
            -26.98498059923642
          ],
          [
            -48.815818400000005,
            -26.98486189923645
          ],
          [
            -48.81573780000002,
            -26.984802199236437
          ],
          [
            -48.81565840000002,
            -26.98474279923644
          ],
          [
            -48.81550470000003,
            -26.98462619923643
          ],
          [
            -48.81504690000003,
            -26.984273299236435
          ],
          [
            -48.814991700000014,
            -26.98423189923646
          ],
          [
            -48.814937799999996,
            -26.984192499236478
          ],
          [
            -48.81488469999999,
            -26.984154899236486
          ],
          [
            -48.81483190000001,
            -26.98411909923646
          ],
          [
            -48.81477899999999,
            -26.984084899236496
          ],
          [
            -48.814725399999986,
            -26.984052099236454
          ],
          [
            -48.814670999999976,
            -26.98402039923648
          ],
          [
            -48.814616,
            -26.983989799236486
          ],
          [
            -48.81456009999999,
            -26.983959799236462
          ],
          [
            -48.81450350000001,
            -26.98393019923645
          ],
          [
            -48.8141478,
            -26.983749999236462
          ],
          [
            -48.81396569999998,
            -26.983655799236477
          ],
          [
            -48.81378890000003,
            -26.983561799236487
          ],
          [
            -48.81367820000003,
            -26.983500699236455
          ],
          [
            -48.81362619999999,
            -26.98347089923646
          ],
          [
            -48.81357700000001,
            -26.983441799236452
          ],
          [
            -48.81353120000001,
            -26.983413499236462
          ],
          [
            -48.813489000000004,
            -26.983386199236463
          ],
          [
            -48.813450999999986,
            -26.98335989923646
          ],
          [
            -48.813417500000014,
            -26.983334699236476
          ],
          [
            -48.813388299999986,
            -26.983310299236503
          ],
          [
            -48.813362900000016,
            -26.98328639923648
          ],
          [
            -48.8133411,
            -26.98326259923648
          ],
          [
            -48.8133224,
            -26.98323859923647
          ],
          [
            -48.81330650000001,
            -26.983213899236503
          ],
          [
            -48.81329310000001,
            -26.9831883992365
          ],
          [
            -48.81328180000003,
            -26.983161499236484
          ],
          [
            -48.813272299999994,
            -26.983132999236506
          ],
          [
            -48.813264300000014,
            -26.983102599236478
          ],
          [
            -48.813257899999996,
            -26.983070099236492
          ],
          [
            -48.81325279999999,
            -26.98303539923649
          ],
          [
            -48.8132488,
            -26.982997999236503
          ],
          [
            -48.81324599999999,
            -26.982957899236457
          ],
          [
            -48.81324399999999,
            -26.982914899236512
          ],
          [
            -48.81324289999998,
            -26.982868599236504
          ],
          [
            -48.81324239999998,
            -26.982819099236462
          ],
          [
            -48.81324319999999,
            -26.982713099236502
          ],
          [
            -48.8132473,
            -26.98254929923652
          ],
          [
            -48.81325950000002,
            -26.982238399236532
          ],
          [
            -48.81326080000002,
            -26.9821702992365
          ],
          [
            -48.813259899999984,
            -26.98210769923647
          ],
          [
            -48.8132564,
            -26.98204869923651
          ],
          [
            -48.81325349999998,
            -26.98201999923647
          ],
          [
            -48.8132498,
            -26.981991699236488
          ],
          [
            -48.81324530000001,
            -26.981963399236495
          ],
          [
            -48.81323980000001,
            -26.981935099236495
          ],
          [
            -48.81323329999998,
            -26.981906499236494
          ],
          [
            -48.81322590000001,
            -26.981877499236493
          ],
          [
            -48.813217399999985,
            -26.981848099236498
          ],
          [
            -48.813207900000016,
            -26.981818499236482
          ],
          [
            -48.813197300000006,
            -26.981788899236538
          ],
          [
            -48.81318570000002,
            -26.98175929923654
          ],
          [
            -48.813172899999984,
            -26.98172989923651
          ],
          [
            -48.81315910000001,
            -26.98170089923653
          ],
          [
            -48.81314420000001,
            -26.98167229923652
          ],
          [
            -48.813128000000006,
            -26.9816440992365
          ],
          [
            -48.81310989999997,
            -26.981615899236523
          ],
          [
            -48.81308919999998,
            -26.981586799236517
          ],
          [
            -48.813064999999995,
            -26.981556299236534
          ],
          [
            -48.81303650000001,
            -26.981523699236543
          ],
          [
            -48.813003099999996,
            -26.981488199236512
          ],
          [
            -48.812963799999984,
            -26.98144909923654
          ],
          [
            -48.81291800000003,
            -26.981405899236545
          ],
          [
            -48.8128653,
            -26.981358099236537
          ],
          [
            -48.812688099999995,
            -26.981200199236504
          ],
          [
            -48.81263100000001,
            -26.981147699236526
          ],
          [
            -48.81257890000001,
            -26.981097899236538
          ],
          [
            -48.812534500000034,
            -26.981052099236518
          ],
          [
            -48.81250010000002,
            -26.981011899236517
          ],
          [
            -48.81191519999999,
            -26.98041159923656
          ],
          [
            -48.81118509999999,
            -26.979679299236537
          ],
          [
            -48.81089259999999,
            -26.979350599236525
          ],
          [
            -48.810576200000014,
            -26.979077499236574
          ]
        ]
      },
      "properties": {
        "OBJECTID": 346046,
        "COTRECHO": 344734,
        "COBACIA": "77962353",
        "NORIOCOMP": "Rio Itajaí-mirim",
        "NOORIGINAL": "Rio Itajaí-mirim",
        "NUSTRAHLER": 4,
        "NUTRJUS": 177943,
        "NUCOMPTREC": 3.0961089999999998,
        "NUAREAMONT": 1423.05598827
      }
    },
    {
      "type": "Feature",
      "id": 346048,
      "geometry": {
        "type": "LineString",
        "coordinates": [
          [
            -48.9077504,
            -27.0804181992346
          ],
          [
            -48.907701799999984,
            -27.08037629923462
          ],
          [
            -48.90766180000003,
            -27.080344099234594
          ],
          [
            -48.90761950000001,
            -27.080311299234612
          ],
          [
            -48.90757580000002,
            -27.080278499234634
          ],
          [
            -48.907531500000005,
            -27.08024619923459
          ],
          [
            -48.9074875,
            -27.080214899234594
          ],
          [
            -48.907403999999985,
            -27.080157299234603
          ],
          [
            -48.90733080000001,
            -27.080108999234604
          ],
          [
            -48.90726719999997,
            -27.080069199234647
          ],
          [
            -48.907238199999995,
            -27.080051999234627
          ],
          [
            -48.90721070000001,
            -27.080036299234628
          ],
          [
            -48.90718440000001,
            -27.080021899234634
          ],
          [
            -48.90713419999997,
            -27.079996299234615
          ],
          [
            -48.90710969999998,
            -27.079984799234587
          ],
          [
            -48.90708540000003,
            -27.079974199234595
          ],
          [
            -48.90706080000001,
            -27.079964299234582
          ],
          [
            -48.90703580000002,
            -27.079955199234583
          ],
          [
            -48.90701009999998,
            -27.079946899234592
          ],
          [
            -48.906983399999994,
            -27.0799392992346
          ],
          [
            -48.90695549999999,
            -27.079932299234613
          ],
          [
            -48.90692619999999,
            -27.079925999234607
          ],
          [
            -48.906895399999996,
            -27.079920399234602
          ],
          [
            -48.906863499999986,
            -27.079915399234615
          ],
          [
            -48.90683050000001,
            -27.079910999234595
          ],
          [
            -48.906796499999984,
            -27.07990739923464
          ],
          [
            -48.906761700000004,
            -27.079904399234586
          ],
          [
            -48.9067263,
            -27.079902199234606
          ],
          [
            -48.90669029999998,
            -27.07990059923459
          ],
          [
            -48.90665389999999,
            -27.079899699234613
          ],
          [
            -48.906617299999986,
            -27.07989949923463
          ],
          [
            -48.90654430000001,
            -27.07990049923462
          ],
          [
            -48.906508299999985,
            -27.079901699234618
          ],
          [
            -48.9064383,
            -27.07990459923463
          ],
          [
            -48.9062543,
            -27.079914399234625
          ],
          [
            -48.90617839999999,
            -27.07991769923462
          ],
          [
            -48.90613270000001,
            -27.079918499234633
          ],
          [
            -48.90611000000001,
            -27.0799180992346
          ],
          [
            -48.90608639999999,
            -27.079917199234625
          ],
          [
            -48.9060614,
            -27.079915399234622
          ],
          [
            -48.9060341,
            -27.079912699234633
          ],
          [
            -48.906003999999996,
            -27.079908899234635
          ],
          [
            -48.9059704,
            -27.079903899234584
          ],
          [
            -48.905932800000016,
            -27.07989759923461
          ],
          [
            -48.90589160000002,
            -27.07988999923459
          ],
          [
            -48.90584719999998,
            -27.079881199234602
          ],
          [
            -48.90580030000001,
            -27.07987119923463
          ],
          [
            -48.9057512,
            -27.079859999234618
          ],
          [
            -48.90570070000001,
            -27.07984759923461
          ],
          [
            -48.90564920000002,
            -27.079834199234615
          ],
          [
            -48.90559719999999,
            -27.079819699234584
          ],
          [
            -48.905545200000006,
            -27.079804299234585
          ],
          [
            -48.90549320000003,
            -27.07978799923462
          ],
          [
            -48.905441199999984,
            -27.07977089923465
          ],
          [
            -48.905336900000016,
            -27.07973469923463
          ],
          [
            -48.9050717,
            -27.079638599234624
          ],
          [
            -48.90496610000003,
            -27.07960099923464
          ],
          [
            -48.904864499999974,
            -27.079566599234642
          ],
          [
            -48.90481599999998,
            -27.07955119923464
          ],
          [
            -48.904769699999974,
            -27.079537299234637
          ],
          [
            -48.904725600000006,
            -27.07952489923465
          ],
          [
            -48.90468370000002,
            -27.07951399923464
          ],
          [
            -48.90464350000002,
            -27.07950409923463
          ],
          [
            -48.90454549999999,
            -27.07948089923464
          ],
          [
            -48.90449469999999,
            -27.079468599234612
          ],
          [
            -48.90445890000001,
            -27.079459199234606
          ],
          [
            -48.90442300000001,
            -27.079448899234617
          ],
          [
            -48.904386199999976,
            -27.079437699234646
          ],
          [
            -48.9042159,
            -27.07938339923461
          ],
          [
            -48.90416349999998,
            -27.079367399234638
          ],
          [
            -48.904105800000025,
            -27.079350299234616
          ],
          [
            -48.90397209999998,
            -27.07931279923465
          ],
          [
            -48.90363320000001,
            -27.07922029923461
          ],
          [
            -48.903429500000016,
            -27.079162799234634
          ],
          [
            -48.90331780000003,
            -27.07912999923466
          ],
          [
            -48.90265299999999,
            -27.07893149923464
          ],
          [
            -48.90255810000002,
            -27.078903699234647
          ],
          [
            -48.90247249999999,
            -27.078879099234626
          ],
          [
            -48.90239530000002,
            -27.078857699234646
          ],
          [
            -48.90232550000001,
            -27.078839099234617
          ],
          [
            -48.90226159999997,
            -27.078822699234625
          ],
          [
            -48.90220249999999,
            -27.078808499234608
          ],
          [
            -48.902147000000014,
            -27.07879579923466
          ],
          [
            -48.90209379999999,
            -27.078784499234622
          ],
          [
            -48.902041800000006,
            -27.07877399923464
          ],
          [
            -48.90182820000001,
            -27.078734299234647
          ],
          [
            -48.901771000000004,
            -27.078723199234652
          ],
          [
            -48.90171140000002,
            -27.078710899234622
          ],
          [
            -48.90164900000002,
            -27.07869709923464
          ],
          [
            -48.901583200000005,
            -27.078681399234636
          ],
          [
            -48.90151370000001,
            -27.07866359923467
          ],
          [
            -48.90144090000001,
            -27.078643699234632
          ],
          [
            -48.901364899999976,
            -27.078621899234623
          ],
          [
            -48.901286200000015,
            -27.078598399234615
          ],
          [
            -48.90120510000003,
            -27.07857329923466
          ],
          [
            -48.90112210000001,
            -27.07854679923467
          ],
          [
            -48.90103740000001,
            -27.078519099234644
          ],
          [
            -48.9009514,
            -27.07849029923465
          ],
          [
            -48.90086430000002,
            -27.078460599234678
          ],
          [
            -48.90077580000002,
            -27.078429599234642
          ],
          [
            -48.9006852,
            -27.07839719923463
          ],
          [
            -48.90059209999998,
            -27.078362999234663
          ],
          [
            -48.90049579999998,
            -27.078326799234656
          ],
          [
            -48.90039580000001,
            -27.07828829923464
          ],
          [
            -48.9002916,
            -27.078247199234674
          ],
          [
            -48.900182700000016,
            -27.078203299234634
          ],
          [
            -48.90016100000003,
            -27.07819439923461
          ],
          [
            -48.90006879999998,
            -27.078156499234627
          ],
          [
            -48.899951600000016,
            -27.07810749923463
          ],
          [
            -48.89983319999999,
            -27.078057399234623
          ],
          [
            -48.899600599999985,
            -27.077957499234678
          ],
          [
            -48.89938740000002,
            -27.07786469923467
          ],
          [
            -48.89920910000001,
            -27.077786399234633
          ],
          [
            -48.89906719999999,
            -27.077723499234644
          ],
          [
            -48.89900590000002,
            -27.077695799234665
          ],
          [
            -48.89889390000002,
            -27.07764379923464
          ],
          [
            -48.89883980000002,
            -27.07761789923466
          ],
          [
            -48.89872750000001,
            -27.077562399234633
          ],
          [
            -48.89860729999997,
            -27.07750069923464
          ],
          [
            -48.8985457,
            -27.07746809923464
          ],
          [
            -48.89848389999997,
            -27.077434699234693
          ],
          [
            -48.89842249999998,
            -27.07740079923468
          ],
          [
            -48.8983622,
            -27.077366699234695
          ],
          [
            -48.89830360000001,
            -27.07733249923468
          ],
          [
            -48.898247000000026,
            -27.077298399234678
          ],
          [
            -48.89819219999998,
            -27.07726379923468
          ],
          [
            -48.89813859999998,
            -27.077228199234643
          ],
          [
            -48.898085700000024,
            -27.077190699234684
          ],
          [
            -48.898032899999976,
            -27.077150699234686
          ],
          [
            -48.89800109999999,
            -27.07712489923468
          ]
        ]
      },
      "properties": {
        "OBJECTID": 346048,
        "COTRECHO": 344739,
        "COBACIA": "779623933",
        "NORIOCOMP": "Rio Itajaí-mirim",
        "NOORIGINAL": "Rio Itajaí-mirim",
        "NUSTRAHLER": 4,
        "NUTRJUS": 344719,
        "NUCOMPTREC": 1.04784858,
        "NUAREAMONT": 1247.0266647
      }
    },
    {
      "type": "Feature",
      "id": 346054,
      "geometry": {
        "type": "LineString",
        "coordinates": [
          [
            -49.35253940000001,
            -27.369661499229085
          ],
          [
            -49.35249950000002,
            -27.369528099229107
          ],
          [
            -49.35244829999999,
            -27.36941809922909
          ],
          [
            -49.352340700000006,
            -27.36921289922906
          ],
          [
            -49.3522231,
            -27.369000699229098
          ],
          [
            -49.35210030000001,
            -27.368853399229064
          ],
          [
            -49.351951799999995,
            -27.368738599229072
          ],
          [
            -49.35179629999999,
            -27.36867249922909
          ],
          [
            -49.35161529999999,
            -27.3686082992291
          ],
          [
            -49.351502400000015,
            -27.368542599229105
          ],
          [
            -49.35137049999997,
            -27.368433599229093
          ],
          [
            -49.351292899999976,
            -27.368350699229108
          ],
          [
            -49.35121090000002,
            -27.368267699229076
          ],
          [
            -49.35118060000002,
            -27.368245899229066
          ],
          [
            -49.35105659999999,
            -27.368189799229093
          ],
          [
            -49.35081939999998,
            -27.368063399229086
          ],
          [
            -49.35068260000003,
            -27.36798949922913
          ],
          [
            -49.35061130000002,
            -27.367926199229096
          ],
          [
            -49.35057899999998,
            -27.36788679922911
          ],
          [
            -49.35053210000001,
            -27.367802199229143
          ],
          [
            -49.350496899999996,
            -27.36765639922909
          ],
          [
            -49.35047960000003,
            -27.367497999229126
          ],
          [
            -49.35047109999999,
            -27.36734019922912
          ],
          [
            -49.350485900000024,
            -27.36719359922912
          ],
          [
            -49.35051829999997,
            -27.367080299229112
          ],
          [
            -49.35062440000002,
            -27.36680509922915
          ],
          [
            -49.35066380000001,
            -27.366706199229142
          ],
          [
            -49.35067750000002,
            -27.36663659922912
          ],
          [
            -49.35066999999998,
            -27.366572399229128
          ],
          [
            -49.3506433,
            -27.366515499229124
          ],
          [
            -49.3506059,
            -27.366473499229112
          ],
          [
            -49.350532499999986,
            -27.366432999229115
          ],
          [
            -49.35040809999998,
            -27.36638749922911
          ],
          [
            -49.3503705,
            -27.36635879922914
          ],
          [
            -49.35033320000002,
            -27.366301799229106
          ],
          [
            -49.35026720000002,
            -27.36618779922912
          ],
          [
            -49.35019890000001,
            -27.366090799229127
          ],
          [
            -49.35011129999998,
            -27.36599089922913
          ],
          [
            -49.35001119999998,
            -27.36589159922914
          ],
          [
            -49.349925799999994,
            -27.365801999229113
          ],
          [
            -49.349884299999985,
            -27.365723999229143
          ],
          [
            -49.34983749999997,
            -27.365584599229127
          ],
          [
            -49.349787100000015,
            -27.365470999229164
          ],
          [
            -49.349706000000026,
            -27.36533779922918
          ],
          [
            -49.349524299999985,
            -27.365059099229157
          ],
          [
            -49.34938030000001,
            -27.364883699229168
          ],
          [
            -49.349308199999996,
            -27.364812899229165
          ],
          [
            -49.34923680000003,
            -27.364774699229162
          ],
          [
            -49.34914199999998,
            -27.364735199229152
          ],
          [
            -49.34905980000002,
            -27.3647224992292
          ],
          [
            -49.348985299999974,
            -27.364720499229147
          ],
          [
            -49.348893799999985,
            -27.364724099229154
          ],
          [
            -49.34872589999997,
            -27.3647593992292
          ],
          [
            -49.34852740000002,
            -27.36481319922918
          ],
          [
            -49.34838459999998,
            -27.364858199229168
          ],
          [
            -49.34822239999999,
            -27.364934599229183
          ],
          [
            -49.348092699999995,
            -27.365027299229162
          ],
          [
            -49.34799779999997,
            -27.36513699922917
          ],
          [
            -49.347776200000006,
            -27.365357399229143
          ],
          [
            -49.347608599999994,
            -27.365501099229178
          ],
          [
            -49.3475368,
            -27.365550599229156
          ],
          [
            -49.34749249999998,
            -27.36557239922917
          ],
          [
            -49.34742110000002,
            -27.365592099229165
          ],
          [
            -49.347333299999995,
            -27.365592899229174
          ],
          [
            -49.34721439999998,
            -27.365572899229168
          ],
          [
            -49.34703510000003,
            -27.365539099229128
          ],
          [
            -49.34691220000002,
            -27.365505899229163
          ],
          [
            -49.34679590000002,
            -27.36545419922915
          ],
          [
            -49.34651530000003,
            -27.36528989922915
          ],
          [
            -49.34633689999998,
            -27.365194499229137
          ],
          [
            -49.3461514,
            -27.365103999229138
          ],
          [
            -49.34597259999998,
            -27.365032899229178
          ],
          [
            -49.34574739999999,
            -27.364954599229137
          ],
          [
            -49.3455879,
            -27.364890299229177
          ],
          [
            -49.34543000000002,
            -27.364819499229167
          ],
          [
            -49.34519940000001,
            -27.364683899229153
          ],
          [
            -49.34499210000002,
            -27.364565799229148
          ],
          [
            -49.344674399999974,
            -27.364366699229176
          ],
          [
            -49.34454620000002,
            -27.36428579922918
          ],
          [
            -49.344405800000004,
            -27.364162999229205
          ],
          [
            -49.344131000000004,
            -27.363918399229174
          ],
          [
            -49.343904099999975,
            -27.363675899229168
          ],
          [
            -49.34376609999998,
            -27.363515199229187
          ],
          [
            -49.343559700000014,
            -27.36324699922919
          ],
          [
            -49.343312200000014,
            -27.362938299229196
          ],
          [
            -49.34320420000001,
            -27.362717699229215
          ],
          [
            -49.343076800000006,
            -27.362434599229186
          ],
          [
            -49.342923600000006,
            -27.362118399229207
          ],
          [
            -49.34283590000001,
            -27.36192869922924
          ],
          [
            -49.34275350000002,
            -27.361791799229223
          ],
          [
            -49.34266300000001,
            -27.36167159922925
          ],
          [
            -49.34256529999999,
            -27.36157269922923
          ],
          [
            -49.3424571,
            -27.36147929922922
          ],
          [
            -49.342387599999995,
            -27.361424999229232
          ],
          [
            -49.34230969999999,
            -27.361383499229223
          ],
          [
            -49.3422377,
            -27.361360499229225
          ],
          [
            -49.34217369999999,
            -27.361356099229262
          ],
          [
            -49.3420289,
            -27.36135809922925
          ],
          [
            -49.34181019999999,
            -27.361380799229234
          ],
          [
            -49.34172080000002,
            -27.36138249922922
          ],
          [
            -49.341695500000014,
            -27.361378499229225
          ],
          [
            -49.341668200000015,
            -27.361365499229205
          ],
          [
            -49.34163510000002,
            -27.361343399229234
          ],
          [
            -49.34160910000003,
            -27.361314099229247
          ],
          [
            -49.341587300000015,
            -27.361274899229244
          ],
          [
            -49.34153809999997,
            -27.361158899229252
          ],
          [
            -49.34148690000001,
            -27.361040999229235
          ],
          [
            -49.34144479999997,
            -27.360965299229218
          ],
          [
            -49.341393100000005,
            -27.360900399229227
          ],
          [
            -49.34130019999998,
            -27.36082019922922
          ],
          [
            -49.34109669999998,
            -27.36062639922925
          ],
          [
            -49.34092209999999,
            -27.360459499229236
          ]
        ]
      },
      "properties": {
        "OBJECTID": 346054,
        "COTRECHO": 344743,
        "COBACIA": "7796279",
        "NORIOCOMP": "Rio Itajaí-mirim",
        "NOORIGINAL": "Rio Itajaí-mirim",
        "NUSTRAHLER": 4,
        "NUTRJUS": 344712,
        "NUCOMPTREC": 1.81453344,
        "NUAREAMONT": 261.34959594
      }
    },
    {
      "type": "Feature",
      "id": 346057,
      "geometry": {
        "type": "LineString",
        "coordinates": [
          [
            -49.0744393,
            -27.19815719923236
          ],
          [
            -49.07435170000002,
            -27.198018399232364
          ],
          [
            -49.07433630000003,
            -27.197988999232347
          ],
          [
            -49.07423219999998,
            -27.19779079923236
          ],
          [
            -49.074195799999984,
            -27.197721499232358
          ],
          [
            -49.07398710000001,
            -27.197372399232364
          ],
          [
            -49.0739418,
            -27.197300399232383
          ],
          [
            -49.073894300000006,
            -27.19722489923234
          ],
          [
            -49.07375209999998,
            -27.196998999232378
          ],
          [
            -49.07371790000002,
            -27.19693539923235
          ],
          [
            -49.07361459999998,
            -27.19674339923237
          ],
          [
            -49.073546299999975,
            -27.196478499232384
          ],
          [
            -49.073557900000026,
            -27.196252499232394
          ],
          [
            -49.07356829999997,
            -27.196091499232406
          ],
          [
            -49.07361800000001,
            -27.19587619923238
          ],
          [
            -49.07364749999999,
            -27.195499599232406
          ],
          [
            -49.07362999999998,
            -27.195180599232415
          ],
          [
            -49.073616000000015,
            -27.194878699232415
          ],
          [
            -49.073606999999974,
            -27.19450839923244
          ],
          [
            -49.07366480000002,
            -27.194046399232416
          ],
          [
            -49.07369460000001,
            -27.19364919923242
          ],
          [
            -49.07375669999999,
            -27.19315989923245
          ],
          [
            -49.073802899999976,
            -27.19287279923243
          ],
          [
            -49.073823600000026,
            -27.19261239923243
          ],
          [
            -49.07382500000001,
            -27.192310799232427
          ],
          [
            -49.07382300000001,
            -27.192261299232435
          ],
          [
            -49.0738169,
            -27.192111799232478
          ],
          [
            -49.07375359999998,
            -27.191781899232485
          ],
          [
            -49.07372270000001,
            -27.19156899923249
          ],
          [
            -49.07363759999999,
            -27.19139299923248
          ],
          [
            -49.073483300000014,
            -27.19122629923246
          ],
          [
            -49.07320950000002,
            -27.19109909923246
          ],
          [
            -49.07297369999998,
            -27.190989599232505
          ],
          [
            -49.072653100000025,
            -27.19090979923248
          ],
          [
            -49.07237489999999,
            -27.190816899232495
          ],
          [
            -49.07205690000001,
            -27.190805699232477
          ],
          [
            -49.071675200000016,
            -27.190934099232464
          ],
          [
            -49.071462699999984,
            -27.19103059923245
          ],
          [
            -49.07101929999999,
            -27.191178699232495
          ],
          [
            -49.070271400000024,
            -27.191391199232473
          ],
          [
            -49.07020829999999,
            -27.19140669923248
          ],
          [
            -49.06971779999998,
            -27.191520699232484
          ],
          [
            -49.069237799999996,
            -27.19157239923245
          ],
          [
            -49.06911760000003,
            -27.191568599232454
          ],
          [
            -49.0690386,
            -27.191566199232472
          ],
          [
            -49.0689132,
            -27.19150279923249
          ],
          [
            -49.06884209999998,
            -27.191402399232487
          ],
          [
            -49.068794500000024,
            -27.1912714992325
          ],
          [
            -49.06881980000003,
            -27.19113809923246
          ],
          [
            -49.06882630000002,
            -27.190983999232486
          ],
          [
            -49.06878649999999,
            -27.1908428992325
          ],
          [
            -49.06867140000003,
            -27.190628799232506
          ],
          [
            -49.068522900000005,
            -27.190345699232516
          ],
          [
            -49.068383900000015,
            -27.190186099232506
          ],
          [
            -49.068320400000005,
            -27.19008919923249
          ],
          [
            -49.068225299999995,
            -27.19004679923249
          ],
          [
            -49.0680562,
            -27.190071899232517
          ],
          [
            -49.06780120000002,
            -27.190184899232513
          ],
          [
            -49.06742989999997,
            -27.190381999232496
          ],
          [
            -49.067269,
            -27.19059569923251
          ],
          [
            -49.06706109999999,
            -27.190873999232497
          ],
          [
            -49.06691869999998,
            -27.19090629923248
          ],
          [
            -49.06671260000002,
            -27.190855399232465
          ],
          [
            -49.066532699999975,
            -27.19083919923251
          ],
          [
            -49.06625989999998,
            -27.190873199232477
          ],
          [
            -49.065678999999996,
            -27.1909953992325
          ],
          [
            -49.06529360000002,
            -27.19114589923246
          ],
          [
            -49.06490719999999,
            -27.191296699232485
          ],
          [
            -49.06436200000001,
            -27.19156679923244
          ],
          [
            -49.06343650000002,
            -27.192109299232484
          ],
          [
            -49.0632111,
            -27.192287899232447
          ],
          [
            -49.06300820000001,
            -27.192494199232456
          ],
          [
            -49.06287159999999,
            -27.192636299232458
          ],
          [
            -49.062755100000004,
            -27.192720299232462
          ],
          [
            -49.062641299999996,
            -27.192776799232437
          ],
          [
            -49.06250010000002,
            -27.192811199232438
          ],
          [
            -49.06222939999998,
            -27.192862399232475
          ],
          [
            -49.06203369999997,
            -27.192865499232433
          ],
          [
            -49.061906799999974,
            -27.192818899232464
          ],
          [
            -49.061778100000026,
            -27.192691399232462
          ],
          [
            -49.061597500000005,
            -27.192464599232448
          ],
          [
            -49.06154800000001,
            -27.19233239923245
          ],
          [
            -49.061513400000024,
            -27.192184499232454
          ],
          [
            -49.0615143,
            -27.192037699232483
          ],
          [
            -49.06160240000002,
            -27.191801999232464
          ],
          [
            -49.061670100000015,
            -27.191719099232472
          ],
          [
            -49.06181090000001,
            -27.191619899232442
          ],
          [
            -49.06196240000003,
            -27.191460199232456
          ],
          [
            -49.06205210000002,
            -27.191286999232467
          ],
          [
            -49.06207289999997,
            -27.19114769923247
          ],
          [
            -49.06205909999999,
            -27.19101419923247
          ],
          [
            -49.06199779999997,
            -27.19084299923245
          ],
          [
            -49.061794899999995,
            -27.19030709923248
          ],
          [
            -49.06175630000001,
            -27.190184099232514
          ],
          [
            -49.0616321,
            -27.19005689923251
          ],
          [
            -49.0614726,
            -27.189986999232467
          ],
          [
            -49.061296200000015,
            -27.189966099232496
          ],
          [
            -49.06117210000002,
            -27.189974599232524
          ],
          [
            -49.0608957,
            -27.190024099232517
          ],
          [
            -49.06053259999999,
            -27.190113699232477
          ],
          [
            -49.06039479999998,
            -27.190119999232486
          ],
          [
            -49.060277799999994,
            -27.190112199232477
          ],
          [
            -49.06022050000002,
            -27.190107299232512
          ],
          [
            -49.059394199999986,
            -27.190035999232528
          ],
          [
            -49.05927300000002,
            -27.190038699232502
          ],
          [
            -49.05909100000002,
            -27.190075199232528
          ],
          [
            -49.05896089999999,
            -27.19016369923252
          ],
          [
            -49.0588515,
            -27.190250399232525
          ],
          [
            -49.05873969999999,
            -27.190405499232487
          ],
          [
            -49.058589100000006,
            -27.190614699232505
          ],
          [
            -49.05840130000001,
            -27.19077989923247
          ],
          [
            -49.058314300000006,
            -27.19083869923245
          ],
          [
            -49.05815460000002,
            -27.190889999232514
          ],
          [
            -49.05798249999998,
            -27.19088149923247
          ],
          [
            -49.0578802,
            -27.190826699232485
          ],
          [
            -49.057657399999975,
            -27.190698499232486
          ],
          [
            -49.057535599999994,
            -27.190575699232497
          ],
          [
            -49.0574686,
            -27.1904092992325
          ],
          [
            -49.057393400000024,
            -27.190239999232514
          ],
          [
            -49.0572717,
            -27.18997779923252
          ],
          [
            -49.05680940000002,
            -27.18884429923256
          ],
          [
            -49.05674809999999,
            -27.18863369923255
          ],
          [
            -49.056613299999974,
            -27.187853999232562
          ],
          [
            -49.05654279999999,
            -27.18739929923253
          ],
          [
            -49.056487300000015,
            -27.187258599232546
          ],
          [
            -49.056126000000006,
            -27.186495199232585
          ],
          [
            -49.0559955,
            -27.18632979923258
          ],
          [
            -49.05591879999997,
            -27.186263199232556
          ],
          [
            -49.05580329999998,
            -27.186185799232547
          ],
          [
            -49.055695899999996,
            -27.1861720992326
          ],
          [
            -49.05555850000002,
            -27.18616809923255
          ],
          [
            -49.0554295,
            -27.18620929923254
          ],
          [
            -49.055239400000005,
            -27.186343899232558
          ],
          [
            -49.05513180000002,
            -27.18647129923257
          ],
          [
            -49.05486330000002,
            -27.18697739923254
          ],
          [
            -49.054640000000006,
            -27.187594199232528
          ],
          [
            -49.05449920000001,
            -27.1878934992325
          ],
          [
            -49.05432280000002,
            -27.18811789923254
          ],
          [
            -49.05405539999998,
            -27.188327099232506
          ],
          [
            -49.05383760000001,
            -27.1884190992325
          ],
          [
            -49.05370929999998,
            -27.188420599232504
          ],
          [
            -49.053600300000035,
            -27.18837319923253
          ],
          [
            -49.052996500000006,
            -27.188119199232553
          ],
          [
            -49.0528223,
            -27.188084399232515
          ],
          [
            -49.052691999999986,
            -27.188045099232546
          ],
          [
            -49.052574,
            -27.18796279923251
          ],
          [
            -49.0520487,
            -27.187501699232534
          ],
          [
            -49.051289699999984,
            -27.186967799232544
          ],
          [
            -49.05120599999998,
            -27.186882499232574
          ],
          [
            -49.051063,
            -27.186674799232556
          ],
          [
            -49.05020200000001,
            -27.18537829923262
          ],
          [
            -49.04984639999998,
            -27.184936499232588
          ],
          [
            -49.049619699999994,
            -27.18473359923261
          ],
          [
            -49.04943620000001,
            -27.184661699232596
          ],
          [
            -49.04921999999999,
            -27.18463629923262
          ],
          [
            -49.04901239999998,
            -27.184579699232575
          ],
          [
            -49.04884019999997,
            -27.18452029923258
          ],
          [
            -49.048683600000004,
            -27.184475299232574
          ],
          [
            -49.048562600000025,
            -27.184481699232595
          ],
          [
            -49.04846930000002,
            -27.184522599232587
          ],
          [
            -49.04844079999998,
            -27.184535099232612
          ],
          [
            -49.04828620000001,
            -27.184642999232594
          ],
          [
            -49.04767909999998,
            -27.18491649923259
          ],
          [
            -49.0473245,
            -27.185070299232603
          ],
          [
            -49.04719979999999,
            -27.1851602992326
          ],
          [
            -49.04709020000002,
            -27.185299399232612
          ],
          [
            -49.04703260000002,
            -27.185452299232598
          ],
          [
            -49.047035600000015,
            -27.185541999232576
          ],
          [
            -49.0470889,
            -27.185628399232563
          ],
          [
            -49.047177600000005,
            -27.18576819923257
          ],
          [
            -49.04746349999999,
            -27.186125099232598
          ],
          [
            -49.047620699999975,
            -27.186374799232578
          ],
          [
            -49.0476734,
            -27.186492099232566
          ],
          [
            -49.04772200000002,
            -27.186561199232585
          ],
          [
            -49.047777,
            -27.186598499232566
          ],
          [
            -49.04786109999998,
            -27.186628099232568
          ],
          [
            -49.04809230000001,
            -27.18678799923254
          ],
          [
            -49.04813339999998,
            -27.186832299232545
          ],
          [
            -49.04818319999999,
            -27.18689359923257
          ],
          [
            -49.048242500000015,
            -27.186941699232538
          ],
          [
            -49.048286800000035,
            -27.18697689923254
          ],
          [
            -49.04831619999999,
            -27.187010599232565
          ],
          [
            -49.04836590000002,
            -27.187077499232544
          ],
          [
            -49.04839299999997,
            -27.18711409923253
          ],
          [
            -49.04840710000002,
            -27.187130299232532
          ],
          [
            -49.0484462,
            -27.18715429923253
          ],
          [
            -49.04846759999998,
            -27.18716589923257
          ],
          [
            -49.04852269999998,
            -27.18722989923253
          ],
          [
            -49.0485726,
            -27.18731339923254
          ],
          [
            -49.04862780000002,
            -27.18741489923257
          ],
          [
            -49.04875980000003,
            -27.18765789923252
          ],
          [
            -49.048876699999994,
            -27.18784639923255
          ],
          [
            -49.048925300000015,
            -27.188007899232538
          ],
          [
            -49.04897749999998,
            -27.188289399232513
          ],
          [
            -49.04902629999999,
            -27.188448899232554
          ],
          [
            -49.049337200000025,
            -27.189124499232506
          ],
          [
            -49.04973019999999,
            -27.18993619923247
          ],
          [
            -49.04982239999998,
            -27.190226499232494
          ],
          [
            -49.049947799999984,
            -27.190710999232508
          ],
          [
            -49.049923999999976,
            -27.190892199232493
          ],
          [
            -49.04988070000002,
            -27.190985399232463
          ],
          [
            -49.04981859999998,
            -27.191344699232474
          ],
          [
            -49.049700400000006,
            -27.191917499232456
          ],
          [
            -49.0495449,
            -27.19224989923244
          ],
          [
            -49.04941489999999,
            -27.19243859923246
          ],
          [
            -49.0492463,
            -27.192533999232477
          ],
          [
            -49.04908060000003,
            -27.19257589923246
          ],
          [
            -49.04892139999998,
            -27.192576299232428
          ],
          [
            -49.04866850000002,
            -27.19256259923242
          ],
          [
            -49.04801770000001,
            -27.192469599232435
          ],
          [
            -49.04780829999998,
            -27.192410799232462
          ],
          [
            -49.047626499999986,
            -27.192405699232445
          ],
          [
            -49.0473705,
            -27.19240979923246
          ],
          [
            -49.046729599999985,
            -27.192400999232472
          ],
          [
            -49.04627160000001,
            -27.192412399232474
          ],
          [
            -49.04607470000002,
            -27.192452899232435
          ],
          [
            -49.04588319999999,
            -27.192511199232463
          ],
          [
            -49.0456972,
            -27.192582299232477
          ],
          [
            -49.045383500000014,
            -27.19271599923247
          ],
          [
            -49.04508470000002,
            -27.192894799232416
          ],
          [
            -49.044960999999994,
            -27.192979399232456
          ],
          [
            -49.044896800000004,
            -27.193075099232427
          ],
          [
            -49.04486370000001,
            -27.19323669923244
          ],
          [
            -49.0448298,
            -27.193446099232457
          ],
          [
            -49.0448434,
            -27.193582599232435
          ],
          [
            -49.044885599999986,
            -27.193703599232425
          ],
          [
            -49.04495480000003,
            -27.193799699232436
          ],
          [
            -49.04504200000002,
            -27.193884899232426
          ],
          [
            -49.045369900000026,
            -27.194127599232413
          ],
          [
            -49.045560900000005,
            -27.194275099232442
          ],
          [
            -49.04569400000003,
            -27.19437519923245
          ],
          [
            -49.04588990000002,
            -27.194425499232434
          ],
          [
            -49.046051299999995,
            -27.1944245992324
          ],
          [
            -49.04625170000002,
            -27.19442579923239
          ],
          [
            -49.04642510000002,
            -27.19445199923243
          ],
          [
            -49.04675099999998,
            -27.194574399232437
          ],
          [
            -49.04703039999998,
            -27.194750899232385
          ],
          [
            -49.0471923,
            -27.194938599232405
          ],
          [
            -49.04724270000003,
            -27.19508299923242
          ],
          [
            -49.0472267,
            -27.195191599232377
          ],
          [
            -49.04719180000001,
            -27.195270099232417
          ],
          [
            -49.047143000000005,
            -27.19533089923239
          ],
          [
            -49.047073599999976,
            -27.195467399232378
          ],
          [
            -49.04703779999999,
            -27.195591599232397
          ],
          [
            -49.04704290000001,
            -27.195808599232418
          ],
          [
            -49.04701340000002,
            -27.195980199232398
          ],
          [
            -49.04696280000002,
            -27.196103799232375
          ],
          [
            -49.04681440000002,
            -27.19635169923236
          ],
          [
            -49.04635560000003,
            -27.19705549923235
          ],
          [
            -49.04614140000001,
            -27.19719129923235
          ],
          [
            -49.0459035,
            -27.197228399232337
          ],
          [
            -49.045567000000005,
            -27.197246399232345
          ],
          [
            -49.0451534,
            -27.197157399232342
          ],
          [
            -49.04463019999997,
            -27.196997099232338
          ],
          [
            -49.04391509999999,
            -27.19673419923235
          ],
          [
            -49.043764599999975,
            -27.196673399232388
          ],
          [
            -49.0434065,
            -27.196638099232338
          ],
          [
            -49.043140900000026,
            -27.196644499232367
          ],
          [
            -49.04279580000002,
            -27.196604199232407
          ],
          [
            -49.042517799999985,
            -27.19650939923239
          ],
          [
            -49.04212339999998,
            -27.19627359923237
          ],
          [
            -49.041253600000005,
            -27.19574389923241
          ],
          [
            -49.040909399999975,
            -27.19549279923241
          ],
          [
            -49.04078229999999,
            -27.19532689923239
          ],
          [
            -49.04054100000002,
            -27.195076099232395
          ],
          [
            -49.040420600000004,
            -27.194978099232408
          ],
          [
            -49.04023569999998,
            -27.194892199232424
          ],
          [
            -49.03995939999999,
            -27.194863099232425
          ],
          [
            -49.03973350000001,
            -27.194862399232385
          ],
          [
            -49.0394326,
            -27.194944099232387
          ],
          [
            -49.03919300000001,
            -27.195082099232383
          ],
          [
            -49.039008799999976,
            -27.19527889923241
          ],
          [
            -49.03875790000001,
            -27.195531099232372
          ],
          [
            -49.03855840000001,
            -27.1957958992324
          ],
          [
            -49.03820280000002,
            -27.19626309923239
          ],
          [
            -49.03774170000003,
            -27.196668899232392
          ],
          [
            -49.03752050000003,
            -27.19689489923238
          ],
          [
            -49.03745780000003,
            -27.197021299232382
          ],
          [
            -49.03742629999999,
            -27.197192699232378
          ],
          [
            -49.037487300000016,
            -27.197371799232336
          ],
          [
            -49.03792850000003,
            -27.19848549923234
          ],
          [
            -49.03806689999999,
            -27.19882419923232
          ],
          [
            -49.038082900000006,
            -27.199123999232302
          ],
          [
            -49.03804159999999,
            -27.199424899232312
          ],
          [
            -49.037965799999995,
            -27.19964499923229
          ],
          [
            -49.03779709999998,
            -27.19977529923231
          ],
          [
            -49.037621399999985,
            -27.199784899232306
          ],
          [
            -49.03740119999997,
            -27.199773799232318
          ],
          [
            -49.037013,
            -27.199741199232314
          ],
          [
            -49.03679240000002,
            -27.199787699232314
          ],
          [
            -49.03663999999998,
            -27.199862999232295
          ],
          [
            -49.03650449999997,
            -27.199994099232335
          ],
          [
            -49.03642000000003,
            -27.200121899232304
          ],
          [
            -49.03627189999998,
            -27.200568999232264
          ],
          [
            -49.036163499999994,
            -27.20067469923227
          ],
          [
            -49.036033599999996,
            -27.200736399232277
          ],
          [
            -49.03584269999998,
            -27.200816099232288
          ],
          [
            -49.03565350000003,
            -27.200835299232285
          ],
          [
            -49.035471400000006,
            -27.20083669923232
          ],
          [
            -49.035294299999975,
            -27.2008004992323
          ],
          [
            -49.035158000000024,
            -27.200723199232314
          ],
          [
            -49.035079199999984,
            -27.200658499232272
          ],
          [
            -49.034596099999995,
            -27.200269799232306
          ],
          [
            -49.03431480000001,
            -27.20010109923229
          ],
          [
            -49.03359640000002,
            -27.199773199232293
          ],
          [
            -49.03323519999998,
            -27.199579499232335
          ],
          [
            -49.0331084,
            -27.199468499232353
          ],
          [
            -49.033012499999984,
            -27.199363899232292
          ],
          [
            -49.03286859999997,
            -27.199180299232353
          ],
          [
            -49.032680500000026,
            -27.199016899232333
          ],
          [
            -49.03253300000001,
            -27.198941399232353
          ],
          [
            -49.0323133,
            -27.19887819923236
          ],
          [
            -49.03210930000001,
            -27.1988574992323
          ],
          [
            -49.03185589999998,
            -27.19887179923234
          ],
          [
            -49.0315885,
            -27.198919699232302
          ],
          [
            -49.03070100000002,
            -27.199173299232307
          ],
          [
            -49.03056170000002,
            -27.199264699232337
          ],
          [
            -49.03044190000003,
            -27.199382099232302
          ],
          [
            -49.03030769999998,
            -27.199562799232343
          ],
          [
            -49.03007200000002,
            -27.19993539923232
          ],
          [
            -49.02985610000002,
            -27.20035259923227
          ],
          [
            -49.029724199999976,
            -27.200513699232285
          ],
          [
            -49.02944500000001,
            -27.20069269923228
          ],
          [
            -49.02880270000003,
            -27.201193399232306
          ],
          [
            -49.02847170000001,
            -27.201477999232292
          ],
          [
            -49.02821779999999,
            -27.2017151992323
          ],
          [
            -49.028061200000025,
            -27.201845899232303
          ],
          [
            -49.027758000000006,
            -27.201978799232272
          ],
          [
            -49.02749590000002,
            -27.202012899232273
          ],
          [
            -49.02729499999999,
            -27.201963299232258
          ],
          [
            -49.02717940000002,
            -27.201884899232258
          ]
        ]
      },
      "properties": {
        "OBJECTID": 346057,
        "COTRECHO": 344742,
        "COBACIA": "77962553",
        "NORIOCOMP": "Rio Itajaí-mirim",
        "NOORIGINAL": "Rio Itajaí-mirim",
        "NUSTRAHLER": 4,
        "NUTRJUS": 344724,
        "NUCOMPTREC": 9.4716011,
        "NUAREAMONT": 850.42666465
      }
    },
    {
      "type": "Feature",
      "id": 346060,
      "geometry": {
        "type": "LineString",
        "coordinates": [
          [
            -49.304229099999986,
            -27.25848389923118
          ],
          [
            -49.30417649999998,
            -27.258366599231177
          ],
          [
            -49.304087799999984,
            -27.258125099231176
          ],
          [
            -49.30400559999998,
            -27.25793069923117
          ],
          [
            -49.303945699999986,
            -27.2577942992312
          ],
          [
            -49.30386320000002,
            -27.257516299231224
          ],
          [
            -49.303779899999995,
            -27.25708329923119
          ],
          [
            -49.303601300000025,
            -27.256596499231225
          ],
          [
            -49.30347849999998,
            -27.25631799923125
          ],
          [
            -49.303379199999995,
            -27.256120199231248
          ],
          [
            -49.303176500000006,
            -27.256004199231242
          ],
          [
            -49.30283989999998,
            -27.255875599231263
          ],
          [
            -49.302507299999995,
            -27.255791099231246
          ],
          [
            -49.302368,
            -27.255778399231247
          ],
          [
            -49.30223109999998,
            -27.255815499231225
          ],
          [
            -49.30177179999998,
            -27.256064699231253
          ],
          [
            -49.301259000000016,
            -27.25616369923124
          ],
          [
            -49.300475500000005,
            -27.256334199231254
          ],
          [
            -49.299915300000016,
            -27.25651949923125
          ],
          [
            -49.29978099999999,
            -27.25656399923125
          ],
          [
            -49.299636899999996,
            -27.25662029923123
          ],
          [
            -49.29920420000002,
            -27.25678959923122
          ],
          [
            -49.29886840000001,
            -27.257073499231204
          ],
          [
            -49.29876589999998,
            -27.25728829923124
          ],
          [
            -49.29874160000003,
            -27.25734949923119
          ],
          [
            -49.29870790000001,
            -27.257434399231233
          ],
          [
            -49.29865539999997,
            -27.257630299231224
          ],
          [
            -49.29857559999999,
            -27.257781699231217
          ],
          [
            -49.29852279999999,
            -27.257994299231207
          ],
          [
            -49.29847919999997,
            -27.258414699231196
          ],
          [
            -49.29848270000002,
            -27.258589199231206
          ],
          [
            -49.298453300000006,
            -27.258688599231217
          ],
          [
            -49.298384100000014,
            -27.2587569992312
          ],
          [
            -49.29830020000003,
            -27.258769799231175
          ],
          [
            -49.29817939999998,
            -27.258768299231182
          ],
          [
            -49.29806760000003,
            -27.258780799231193
          ],
          [
            -49.29801170000002,
            -27.25879399923121
          ],
          [
            -49.29789419999997,
            -27.258775899231175
          ],
          [
            -49.29780249999999,
            -27.25868899923119
          ],
          [
            -49.29756709999998,
            -27.258478399231183
          ],
          [
            -49.29727650000001,
            -27.25823119923121
          ],
          [
            -49.29699429999999,
            -27.258039399231173
          ],
          [
            -49.29678560000003,
            -27.257909499231186
          ],
          [
            -49.29660050000002,
            -27.25785739923118
          ],
          [
            -49.296417599999984,
            -27.257857899231176
          ],
          [
            -49.296251799999986,
            -27.25796109923119
          ],
          [
            -49.29586610000001,
            -27.2582582992312
          ],
          [
            -49.295638499999995,
            -27.258349699231193
          ],
          [
            -49.29546440000002,
            -27.258389099231184
          ],
          [
            -49.29529289999999,
            -27.258453499231166
          ],
          [
            -49.295165499999996,
            -27.258476899231205
          ],
          [
            -49.295044700000005,
            -27.258478199231202
          ],
          [
            -49.294936199999995,
            -27.258476799231172
          ],
          [
            -49.294760199999985,
            -27.25843309923119
          ],
          [
            -49.29397210000002,
            -27.258096699231206
          ],
          [
            -49.293580200000015,
            -27.25798399923122
          ],
          [
            -49.29340389999999,
            -27.25796519923121
          ],
          [
            -49.293242400000004,
            -27.257988199231207
          ],
          [
            -49.29296419999997,
            -27.258145399231186
          ],
          [
            -49.29281350000002,
            -27.25819229923121
          ],
          [
            -49.2927244,
            -27.258219999231187
          ],
          [
            -49.29205030000002,
            -27.25832809923122
          ],
          [
            -49.29126009999999,
            -27.258534499231178
          ],
          [
            -49.29061410000003,
            -27.258626299231192
          ],
          [
            -49.28983099999999,
            -27.25877179923116
          ],
          [
            -49.28948100000002,
            -27.25883649923117
          ],
          [
            -49.289128600000026,
            -27.25890169923121
          ],
          [
            -49.28893149999999,
            -27.25896179923119
          ],
          [
            -49.28868340000002,
            -27.25903749923115
          ],
          [
            -49.287940100000014,
            -27.25941609923119
          ],
          [
            -49.28757380000002,
            -27.25965529923119
          ],
          [
            -49.28738470000002,
            -27.259863499231155
          ],
          [
            -49.28723930000001,
            -27.260052799231147
          ],
          [
            -49.287019999999984,
            -27.26041009923115
          ],
          [
            -49.28674799999999,
            -27.26076679923115
          ],
          [
            -49.286582399999986,
            -27.26092219923112
          ],
          [
            -49.28650900000002,
            -27.260990999231133
          ],
          [
            -49.2863643,
            -27.261133199231157
          ],
          [
            -49.28626109999999,
            -27.261195699231102
          ],
          [
            -49.28616169999998,
            -27.261208299231154
          ],
          [
            -49.28602619999998,
            -27.261153999231116
          ],
          [
            -49.28589190000002,
            -27.26101669923117
          ],
          [
            -49.28579839999997,
            -27.260849399231134
          ],
          [
            -49.28573929999999,
            -27.260663099231138
          ],
          [
            -49.28564640000002,
            -27.260456999231124
          ],
          [
            -49.28545789999998,
            -27.26021929923117
          ],
          [
            -49.28516109999999,
            -27.25997469923115
          ],
          [
            -49.28464409999998,
            -27.25953639923118
          ],
          [
            -49.284430900000025,
            -27.259295599231145
          ],
          [
            -49.28430620000001,
            -27.259138999231183
          ],
          [
            -49.284290699999985,
            -27.259082499231152
          ]
        ]
      },
      "properties": {
        "OBJECTID": 346060,
        "COTRECHO": 344746,
        "COBACIA": "779625973",
        "NORIOCOMP": "Rio Itajaí-mirim",
        "NOORIGINAL": "Rio Itajaí-mirim",
        "NUSTRAHLER": 4,
        "NUTRJUS": 344708,
        "NUCOMPTREC": 2.67271251,
        "NUAREAMONT": 506.06809783
      }
    },
    {
      "type": "Feature",
      "id": 346061,
      "geometry": {
        "type": "LineString",
        "coordinates": [
          [
            -49.31664139999999,
            -27.285177099230665
          ],
          [
            -49.31655119999999,
            -27.28513549923071
          ],
          [
            -49.31639610000002,
            -27.2851078992307
          ],
          [
            -49.31621860000001,
            -27.285102799230685
          ],
          [
            -49.31592060000003,
            -27.285124899230702
          ],
          [
            -49.31564400000002,
            -27.285190999230675
          ],
          [
            -49.315320699999965,
            -27.285324499230683
          ],
          [
            -49.31511260000003,
            -27.28548559923069
          ],
          [
            -49.314925500000015,
            -27.285668999230648
          ],
          [
            -49.314817500000004,
            -27.285762799230664
          ],
          [
            -49.31477669999998,
            -27.28578049923065
          ],
          [
            -49.314730999999995,
            -27.285784399230685
          ],
          [
            -49.31467020000002,
            -27.285776199230654
          ],
          [
            -49.31459130000002,
            -27.285738999230645
          ],
          [
            -49.31454500000001,
            -27.28567199923064
          ],
          [
            -49.31452059999998,
            -27.285603799230664
          ],
          [
            -49.31448530000001,
            -27.285482599230694
          ],
          [
            -49.31437249999999,
            -27.28498999923067
          ],
          [
            -49.314248599999985,
            -27.284803499230687
          ],
          [
            -49.3139372,
            -27.28458729923069
          ],
          [
            -49.31332839999999,
            -27.284233899230713
          ],
          [
            -49.31283289999999,
            -27.284008699230725
          ],
          [
            -49.31250010000002,
            -27.283887299230713
          ],
          [
            -49.31181889999999,
            -27.28361659923072
          ],
          [
            -49.311290799999995,
            -27.283425399230715
          ],
          [
            -49.311030200000005,
            -27.283300699230708
          ],
          [
            -49.31068240000001,
            -27.282981399230707
          ],
          [
            -49.31040180000003,
            -27.282750399230725
          ],
          [
            -49.31014970000001,
            -27.282581099230747
          ],
          [
            -49.31000510000001,
            -27.28242179923074
          ],
          [
            -49.309865,
            -27.282213899230722
          ],
          [
            -49.30986739999997,
            -27.28205629923076
          ],
          [
            -49.309958300000005,
            -27.28187529923078
          ],
          [
            -49.30998460000001,
            -27.28159499923073
          ],
          [
            -49.310020099999974,
            -27.281432899230786
          ],
          [
            -49.31007699999998,
            -27.281315399230735
          ],
          [
            -49.31036210000001,
            -27.281048099230773
          ],
          [
            -49.31059199999998,
            -27.28078499923075
          ],
          [
            -49.31082049999998,
            -27.28061049923079
          ],
          [
            -49.31094890000003,
            -27.280498799230738
          ],
          [
            -49.311028700000016,
            -27.28032749923077
          ],
          [
            -49.31106089999997,
            -27.280017699230754
          ],
          [
            -49.31115319999998,
            -27.279743099230807
          ],
          [
            -49.31133999999997,
            -27.27905199923078
          ],
          [
            -49.31152470000001,
            -27.278496999230818
          ],
          [
            -49.31191089999998,
            -27.277738599230847
          ],
          [
            -49.312066500000014,
            -27.27728749923084
          ],
          [
            -49.31212060000002,
            -27.276987799230806
          ],
          [
            -49.31220250000001,
            -27.27630449923083
          ],
          [
            -49.31225139999998,
            -27.27598499923085
          ],
          [
            -49.312205800000015,
            -27.275723499230892
          ],
          [
            -49.3121595,
            -27.275628599230867
          ],
          [
            -49.31210429999999,
            -27.275515499230853
          ],
          [
            -49.311951299999976,
            -27.27542999923084
          ],
          [
            -49.31173719999998,
            -27.275373199230863
          ],
          [
            -49.311335299999996,
            -27.27535359923088
          ],
          [
            -49.311114999999965,
            -27.275345999230876
          ],
          [
            -49.31068570000002,
            -27.275316199230875
          ],
          [
            -49.310465299999976,
            -27.275313599230877
          ],
          [
            -49.31023970000001,
            -27.27529609923086
          ],
          [
            -49.309787700000015,
            -27.275310299230867
          ],
          [
            -49.30946319999998,
            -27.275266999230855
          ],
          [
            -49.30926579999999,
            -27.275205499230903
          ],
          [
            -49.309151799999995,
            -27.27513449923086
          ],
          [
            -49.309096599999975,
            -27.275100099230844
          ],
          [
            -49.309011199999986,
            -27.274916899230863
          ],
          [
            -49.3090201,
            -27.274803399230876
          ],
          [
            -49.309079800000006,
            -27.274698199230873
          ],
          [
            -49.309134900000004,
            -27.27459079923088
          ],
          [
            -49.309259199999985,
            -27.27450249923087
          ],
          [
            -49.30932439999998,
            -27.27443009923089
          ],
          [
            -49.30938409999999,
            -27.274364099230898
          ],
          [
            -49.30956579999997,
            -27.2742310992309
          ],
          [
            -49.30960270000003,
            -27.27414719923091
          ],
          [
            -49.3096056,
            -27.274070999230887
          ],
          [
            -49.30960629999999,
            -27.274004599230903
          ],
          [
            -49.309702800000025,
            -27.273928899230885
          ],
          [
            -49.3098301,
            -27.273807899230906
          ],
          [
            -49.31001120000002,
            -27.273547599230874
          ],
          [
            -49.310064099999984,
            -27.273395799230908
          ],
          [
            -49.310139100000015,
            -27.273170299230912
          ],
          [
            -49.3101484,
            -27.272919299230935
          ],
          [
            -49.31010839999999,
            -27.272647999230934
          ],
          [
            -49.31000849999998,
            -27.272380199230906
          ],
          [
            -49.309986700000024,
            -27.27232159923092
          ],
          [
            -49.30969700000002,
            -27.271801099230938
          ],
          [
            -49.309386700000005,
            -27.271551199230924
          ],
          [
            -49.30916100000002,
            -27.271538599230926
          ],
          [
            -49.30893400000003,
            -27.271614699230923
          ],
          [
            -49.30808480000002,
            -27.27202289923095
          ],
          [
            -49.3071539,
            -27.272366099230926
          ],
          [
            -49.30692119999998,
            -27.272451899230944
          ],
          [
            -49.30671640000003,
            -27.27251839923095
          ],
          [
            -49.30651870000003,
            -27.272471699230902
          ],
          [
            -49.305983500000025,
            -27.272159899230953
          ],
          [
            -49.305747800000006,
            -27.2720782992309
          ],
          [
            -49.30548879999998,
            -27.272080099230916
          ],
          [
            -49.305168200000026,
            -27.272149999230944
          ],
          [
            -49.30443009999999,
            -27.272395399230923
          ],
          [
            -49.30411049999997,
            -27.272501599230917
          ],
          [
            -49.30385610000002,
            -27.272562499230908
          ],
          [
            -49.303623800000025,
            -27.272618699230932
          ],
          [
            -49.30349419999999,
            -27.272588799230917
          ],
          [
            -49.3033987,
            -27.272566799230916
          ],
          [
            -49.30310960000003,
            -27.272376199230923
          ],
          [
            -49.3029641,
            -27.272162699230954
          ],
          [
            -49.30292239999999,
            -27.272004699230962
          ],
          [
            -49.302910499999996,
            -27.271877099230917
          ],
          [
            -49.302884500000005,
            -27.271754299230935
          ],
          [
            -49.302839300000024,
            -27.271668599230935
          ],
          [
            -49.302798100000025,
            -27.271628599230922
          ],
          [
            -49.3027553,
            -27.27153669923096
          ],
          [
            -49.302741200000014,
            -27.271393199230925
          ],
          [
            -49.30275530000001,
            -27.271231399230924
          ],
          [
            -49.30279710000002,
            -27.271084399230958
          ],
          [
            -49.302798600000024,
            -27.27098259923097
          ],
          [
            -49.302773800000004,
            -27.270782899230927
          ],
          [
            -49.3027568,
            -27.27052309923095
          ],
          [
            -49.302723000000015,
            -27.27021719923095
          ],
          [
            -49.30274320000001,
            -27.26998109923098
          ],
          [
            -49.302830400000005,
            -27.26967689923096
          ],
          [
            -49.302916100000004,
            -27.269476099230996
          ],
          [
            -49.30295860000001,
            -27.269215699231005
          ],
          [
            -49.303076799999985,
            -27.269054599230998
          ],
          [
            -49.30326639999999,
            -27.26890429923097
          ],
          [
            -49.303481799999986,
            -27.26886749923099
          ],
          [
            -49.303712700000005,
            -27.26890479923097
          ],
          [
            -49.3040522,
            -27.269041899230984
          ],
          [
            -49.30441860000001,
            -27.269223499231007
          ],
          [
            -49.304671799999994,
            -27.269236499230974
          ],
          [
            -49.30500289999997,
            -27.26920109923096
          ],
          [
            -49.305257700000034,
            -27.269115499230985
          ],
          [
            -49.30530959999999,
            -27.268958599231016
          ],
          [
            -49.305273899999975,
            -27.268775999231003
          ],
          [
            -49.30519659999999,
            -27.26867129923098
          ],
          [
            -49.305171299999984,
            -27.26863689923099
          ],
          [
            -49.30501889999999,
            -27.268511999230988
          ],
          [
            -49.30495539999999,
            -27.268338899230994
          ],
          [
            -49.304711,
            -27.268109499230977
          ],
          [
            -49.304459699999995,
            -27.26796359923098
          ],
          [
            -49.304175799999996,
            -27.26779769923104
          ],
          [
            -49.30415510000001,
            -27.26779399923099
          ],
          [
            -49.30394499999999,
            -27.267755499231036
          ],
          [
            -49.303697,
            -27.267762399230996
          ],
          [
            -49.30350820000002,
            -27.26785359923104
          ],
          [
            -49.30329169999999,
            -27.267964299231025
          ],
          [
            -49.30293560000001,
            -27.268196299231008
          ],
          [
            -49.302629200000005,
            -27.268414099230974
          ],
          [
            -49.302496399999995,
            -27.268451899231
          ],
          [
            -49.302226899999994,
            -27.26841909923102
          ],
          [
            -49.30176799999998,
            -27.26852669923099
          ],
          [
            -49.30052389999997,
            -27.268816899230977
          ],
          [
            -49.299879299999986,
            -27.26881399923101
          ],
          [
            -49.29970989999998,
            -27.268723299230977
          ],
          [
            -49.299645399999974,
            -27.268619099231014
          ],
          [
            -49.29963500000002,
            -27.268537899231006
          ],
          [
            -49.29962080000002,
            -27.268426799230983
          ],
          [
            -49.2996192,
            -27.268165799231017
          ],
          [
            -49.299687699999986,
            -27.26801399923101
          ],
          [
            -49.299790299999984,
            -27.267965799231018
          ],
          [
            -49.299856999999975,
            -27.267864099231005
          ],
          [
            -49.29992779999998,
            -27.26769049923103
          ],
          [
            -49.300006800000006,
            -27.26738679923101
          ],
          [
            -49.300119300000006,
            -27.26691739923104
          ],
          [
            -49.30020910000001,
            -27.26671909923102
          ],
          [
            -49.300273100000034,
            -27.266584099231025
          ],
          [
            -49.30052660000001,
            -27.266221699231057
          ],
          [
            -49.30067580000003,
            -27.265985299231044
          ],
          [
            -49.300740099999985,
            -27.265836499231025
          ],
          [
            -49.300771999999995,
            -27.265571099231042
          ],
          [
            -49.300821600000006,
            -27.265366699231073
          ],
          [
            -49.30089359999999,
            -27.265115599231066
          ],
          [
            -49.300936799999995,
            -27.26490199923108
          ],
          [
            -49.300947199999996,
            -27.264850399231072
          ],
          [
            -49.30103459999997,
            -27.264607699231078
          ],
          [
            -49.30122699999998,
            -27.2641807992311
          ],
          [
            -49.30147720000002,
            -27.26362439923112
          ],
          [
            -49.30168789999999,
            -27.26321709923113
          ],
          [
            -49.301869599999975,
            -27.262886999231082
          ],
          [
            -49.30193430000003,
            -27.262704999231097
          ],
          [
            -49.3020836,
            -27.262463099231102
          ],
          [
            -49.30230699999998,
            -27.26224149923113
          ],
          [
            -49.302482199999986,
            -27.262132799231136
          ],
          [
            -49.302684699999986,
            -27.262063299231137
          ],
          [
            -49.30297460000003,
            -27.26195599923112
          ],
          [
            -49.303195200000005,
            -27.261914399231152
          ],
          [
            -49.303427699999986,
            -27.2619088992311
          ],
          [
            -49.30365799999998,
            -27.26184799923111
          ],
          [
            -49.30395709999999,
            -27.261738099231124
          ],
          [
            -49.3041915,
            -27.261610699231124
          ],
          [
            -49.30434500000001,
            -27.26150179923114
          ],
          [
            -49.30445120000001,
            -27.261447699231148
          ],
          [
            -49.304588599999995,
            -27.26138009923113
          ],
          [
            -49.30467069999997,
            -27.26127869923112
          ],
          [
            -49.30475039999999,
            -27.261132899231136
          ],
          [
            -49.30479359999998,
            -27.26093949923115
          ],
          [
            -49.30483589999999,
            -27.260807099231172
          ],
          [
            -49.3048665,
            -27.260624699231137
          ],
          [
            -49.30484389999998,
            -27.26027549923114
          ],
          [
            -49.30479759999997,
            -27.25985949923117
          ],
          [
            -49.30471799999999,
            -27.259755299231163
          ],
          [
            -49.30459569999999,
            -27.25958129923115
          ],
          [
            -49.30445730000003,
            -27.25920319923118
          ],
          [
            -49.30435449999999,
            -27.25899299923115
          ],
          [
            -49.304279399999984,
            -27.258746799231165
          ],
          [
            -49.304229099999986,
            -27.25848389923118
          ]
        ]
      },
      "properties": {
        "OBJECTID": 346061,
        "COTRECHO": 344745,
        "COBACIA": "77962599",
        "NORIOCOMP": "Rio Itajaí-mirim",
        "NOORIGINAL": "Rio Itajaí-mirim",
        "NUSTRAHLER": 4,
        "NUTRJUS": 344746,
        "NUCOMPTREC": 5.77618849,
        "NUAREAMONT": 484.43256327
      }
    },
    {
      "type": "Feature",
      "id": 346063,
      "geometry": {
        "type": "LineString",
        "coordinates": [
          [
            -49.188514399999974,
            -27.200507499232316
          ],
          [
            -49.188589200000024,
            -27.200123399232297
          ],
          [
            -49.18858540000002,
            -27.199869999232284
          ],
          [
            -49.18855530000002,
            -27.199542299232338
          ],
          [
            -49.18852620000001,
            -27.199394099232325
          ],
          [
            -49.18845770000001,
            -27.199248999232342
          ],
          [
            -49.1883292,
            -27.199162899232302
          ],
          [
            -49.188133100000016,
            -27.199121599232328
          ],
          [
            -49.18799539999998,
            -27.199119799232324
          ],
          [
            -49.18785700000001,
            -27.199160299232332
          ],
          [
            -49.18776930000001,
            -27.199229499232324
          ],
          [
            -49.18763419999999,
            -27.19931219923232
          ],
          [
            -49.18750010000003,
            -27.199370399232343
          ],
          [
            -49.1872062,
            -27.199689999232287
          ],
          [
            -49.1867967,
            -27.20018789923231
          ],
          [
            -49.18664690000002,
            -27.200245199232292
          ],
          [
            -49.1864688,
            -27.200253999232274
          ],
          [
            -49.186199699999975,
            -27.20026159923228
          ],
          [
            -49.18604720000002,
            -27.20022259923232
          ],
          [
            -49.18557879999997,
            -27.200020399232336
          ],
          [
            -49.185134699999985,
            -27.19984449923229
          ],
          [
            -49.1848539,
            -27.199807599232305
          ],
          [
            -49.184509600000005,
            -27.199862299232315
          ],
          [
            -49.18425980000001,
            -27.199958999232276
          ],
          [
            -49.1840431,
            -27.20004869923233
          ],
          [
            -49.18385910000001,
            -27.20017209923228
          ],
          [
            -49.183741999999995,
            -27.200320499232276
          ],
          [
            -49.18369430000002,
            -27.20038079923231
          ],
          [
            -49.1835595,
            -27.200530799232318
          ],
          [
            -49.18351999999999,
            -27.200574199232296
          ],
          [
            -49.18338670000003,
            -27.200720899232323
          ],
          [
            -49.18318720000003,
            -27.201032799232298
          ],
          [
            -49.18298420000002,
            -27.20155559923229
          ],
          [
            -49.18275879999998,
            -27.20193009923229
          ],
          [
            -49.182496800000024,
            -27.202267099232238
          ],
          [
            -49.182286900000015,
            -27.20245309923227
          ],
          [
            -49.181897400000025,
            -27.202736599232235
          ],
          [
            -49.18150969999999,
            -27.202916599232235
          ],
          [
            -49.18130480000002,
            -27.203047099232244
          ],
          [
            -49.181072400000005,
            -27.203343799232265
          ],
          [
            -49.180875000000015,
            -27.20377409923221
          ],
          [
            -49.1807604,
            -27.204209199232206
          ],
          [
            -49.18068950000003,
            -27.204500599232244
          ],
          [
            -49.18070080000002,
            -27.20507429923218
          ],
          [
            -49.1806507,
            -27.205610099232203
          ],
          [
            -49.18062459999999,
            -27.205811899232202
          ],
          [
            -49.18060339999999,
            -27.205975799232167
          ],
          [
            -49.18049719999999,
            -27.206399899232192
          ],
          [
            -49.180333399999995,
            -27.206804799232177
          ],
          [
            -49.180290000000014,
            -27.206875899232173
          ],
          [
            -49.18020580000001,
            -27.207013999232192
          ],
          [
            -49.180004199999985,
            -27.207200099232185
          ],
          [
            -49.179766400000005,
            -27.207315399232193
          ],
          [
            -49.179567399999996,
            -27.20733869923214
          ],
          [
            -49.17934969999999,
            -27.207306599232155
          ],
          [
            -49.179319700000015,
            -27.207302199232185
          ],
          [
            -49.17914339999999,
            -27.207199999232177
          ],
          [
            -49.17902620000001,
            -27.20702829923217
          ],
          [
            -49.17897620000003,
            -27.20679819923216
          ],
          [
            -49.17898730000002,
            -27.20662079923217
          ],
          [
            -49.179108799999995,
            -27.20627459923216
          ],
          [
            -49.179266600000005,
            -27.2057326992322
          ],
          [
            -49.179326300000014,
            -27.20536719923221
          ],
          [
            -49.179315599999995,
            -27.20500819923222
          ],
          [
            -49.1792461,
            -27.204703899232243
          ],
          [
            -49.179118700000004,
            -27.204391399232247
          ],
          [
            -49.178916300000026,
            -27.20411499923223
          ],
          [
            -49.178711599999986,
            -27.203979099232257
          ],
          [
            -49.17850199999999,
            -27.203891299232243
          ],
          [
            -49.17821759999998,
            -27.203824699232218
          ],
          [
            -49.17789570000002,
            -27.20376869923225
          ],
          [
            -49.17727880000001,
            -27.203538699232265
          ],
          [
            -49.17675279999998,
            -27.20331359923225
          ],
          [
            -49.176489300000014,
            -27.203228699232273
          ],
          [
            -49.176290999999985,
            -27.20320759923223
          ],
          [
            -49.17618340000001,
            -27.20320619923226
          ],
          [
            -49.1760759,
            -27.203204799232225
          ],
          [
            -49.1758633,
            -27.203298299232213
          ],
          [
            -49.17545430000001,
            -27.203514899232253
          ],
          [
            -49.175092899999974,
            -27.20359529923226
          ],
          [
            -49.174939199999976,
            -27.203579299232246
          ],
          [
            -49.17472939999998,
            -27.20355729923224
          ],
          [
            -49.17457510000003,
            -27.20355099923225
          ],
          [
            -49.17432830000001,
            -27.203540999232203
          ],
          [
            -49.17400559999999,
            -27.203533099232256
          ],
          [
            -49.17377800000003,
            -27.20353749923222
          ],
          [
            -49.17362809999997,
            -27.20359479923226
          ],
          [
            -49.17346520000001,
            -27.20368879923224
          ],
          [
            -49.17311360000002,
            -27.204187399232257
          ],
          [
            -49.172992599999986,
            -27.204321999232217
          ],
          [
            -49.172949200000005,
            -27.204370299232213
          ],
          [
            -49.172637,
            -27.204480899232244
          ],
          [
            -49.17228920000002,
            -27.204498599232238
          ],
          [
            -49.1720161,
            -27.204494999232228
          ],
          [
            -49.17166830000002,
            -27.204508999232203
          ],
          [
            -49.171477200000034,
            -27.204554599232214
          ],
          [
            -49.17086690000002,
            -27.20493139923223
          ],
          [
            -49.17059219999999,
            -27.20502399923219
          ],
          [
            -49.17049789999999,
            -27.20504589923223
          ],
          [
            -49.170380400000006,
            -27.205073099232212
          ],
          [
            -49.17009039999999,
            -27.205091499232182
          ],
          [
            -49.16921610000003,
            -27.205165199232223
          ],
          [
            -49.16904190000002,
            -27.2051941992322
          ],
          [
            -49.16818699999999,
            -27.205336699232177
          ],
          [
            -49.16711070000002,
            -27.20561489923219
          ],
          [
            -49.16573549999998,
            -27.20595209923219
          ],
          [
            -49.165349,
            -27.20604249923222
          ],
          [
            -49.165241099999996,
            -27.20606779923223
          ],
          [
            -49.16504070000002,
            -27.20617609923218
          ],
          [
            -49.164974599999994,
            -27.206263999232164
          ],
          [
            -49.164850399999985,
            -27.20642889923217
          ],
          [
            -49.164604999999995,
            -27.206754999232167
          ],
          [
            -49.16444560000003,
            -27.206886099232197
          ],
          [
            -49.16424949999998,
            -27.206983499232148
          ],
          [
            -49.16400829999997,
            -27.207054299232155
          ],
          [
            -49.16295200000002,
            -27.20737339923216
          ],
          [
            -49.16178350000001,
            -27.20772069923214
          ],
          [
            -49.161476600000015,
            -27.207761099232194
          ],
          [
            -49.161245099999974,
            -27.207743199232144
          ],
          [
            -49.16104280000001,
            -27.207718399232135
          ],
          [
            -49.16082099999999,
            -27.20761929923214
          ],
          [
            -49.160507999999986,
            -27.207522699232193
          ],
          [
            -49.16014089999999,
            -27.207454899232186
          ],
          [
            -49.15972340000002,
            -27.20742729923217
          ],
          [
            -49.159252400000014,
            -27.207390299232152
          ],
          [
            -49.15898770000001,
            -27.207369499232207
          ],
          [
            -49.15859160000002,
            -27.20730139923217
          ],
          [
            -49.15843589999997,
            -27.20720319923215
          ],
          [
            -49.15828520000002,
            -27.207060599232154
          ],
          [
            -49.15817679999998,
            -27.206855699232186
          ],
          [
            -49.158097,
            -27.206676999232204
          ],
          [
            -49.1579994,
            -27.206320499232195
          ],
          [
            -49.1578634,
            -27.205782299232208
          ],
          [
            -49.15778130000001,
            -27.20548889923218
          ],
          [
            -49.15768120000002,
            -27.20528779923221
          ],
          [
            -49.1575469,
            -27.205149099232234
          ],
          [
            -49.15741969999999,
            -27.205080799232228
          ],
          [
            -49.15727900000002,
            -27.20508639923224
          ],
          [
            -49.157038399999976,
            -27.205116499232187
          ],
          [
            -49.15653830000003,
            -27.205331899232185
          ],
          [
            -49.156368999999984,
            -27.20543039923221
          ],
          [
            -49.15595339999999,
            -27.205671999232194
          ],
          [
            -49.155094599999984,
            -27.206060299232174
          ],
          [
            -49.15435500000001,
            -27.206239299232184
          ],
          [
            -49.154085899999984,
            -27.206246799232165
          ],
          [
            -49.15388860000001,
            -27.206166499232186
          ]
        ]
      },
      "properties": {
        "OBJECTID": 346063,
        "COTRECHO": 344747,
        "COBACIA": "77962591",
        "NORIOCOMP": "Rio Itajaí-mirim",
        "NOORIGINAL": "Rio Itajaí-mirim",
        "NUSTRAHLER": 4,
        "NUTRJUS": 344707,
        "NUCOMPTREC": 4.8894114,
        "NUAREAMONT": 640.26185193
      }
    }
  ]
}