{
 "type": "FeatureCollection",
 "crs": {
  "type": "name",
  "properties": {
   "name": "EPSG:4326"
  }
 },
 "features": [
  {
   "type": "Feature",
   "properties": {
    "rio": "Rio_das_Pombas",
    "reach": "R1",
    "rs": 17433.79
   },
   "geometry": {
    "type": "LineString",
    "coordinates": [
     [
      -49.923967,
      -27.235602
     ],
     [
      -49.923889,
      -27.243704
     ]
    ]
   }
  },
  {
   "type": "Feature",
   "properties": {
    "rio": "Rio_das_Pombas",
    "reach": "R1",
    "rs": 16486.57
   },
   "geometry": {
    "type": "LineString",
    "coordinates": [
     [
      -49.912514,
      -27.238715
     ],
     [
      -49.917585,
      -27.245431
     ]
    ]
   }
  },
  {
   "type": "Feature",
   "properties": {
    "rio": "Rio_das_Pombas",
    "reach": "R1",
    "rs": 15513.29
   },
   "geometry": {
    "type": "LineString",
    "coordinates": [
     [
      -49.904459,
      -27.240905
     ],
     [
      -49.907537,
      -27.248527
     ]
    ]
   }
  },
  {
   "type": "Feature",
   "properties": {
    "rio": "Rio_das_Pombas",
    "reach": "R1",
    "rs": 14513.29
   },
   "geometry": {
    "type": "LineString",
    "coordinates": [
     [
      -49.902922,
      -27.243936
     ],
     [
      -49.894421,
      -27.246751
     ]
    ]
   }
  },
  {
   "type": "Feature",
   "properties": {
    "rio": "Rio_das_Pombas",
    "reach": "R1",
    "rs": 13513.29
   },
   "geometry": {
    "type": "LineString",
    "coordinates": [
     [
      -49.890373,
      -27.241118
     ],
     [
      -49.893404,
      -27.248755
     ]
    ]
   }
  },
  {
   "type": "Feature",
   "properties": {
    "rio": "Rio_das_Pombas",
    "reach": "R1",
    "rs": 12513.29
   },
   "geometry": {
    "type": "LineString",
    "coordinates": [
     [
      -49.882368,
      -27.237761
     ],
     [
      -49.884969,
      -27.245528
     ]
    ]
   }
  },
  {
   "type": "Feature",
   "properties": {
    "rio": "Rio_das_Pombas",
    "reach": "R1",
    "rs": 11513.29
   },
   "geometry": {
    "type": "LineString",
    "coordinates": [
     [
      -49.877589,
      -27.241721
     ],
     [
      -49.87303,
      -27.248845
     ]
    ]
   }
  },
  {
   "type": "Feature",
   "properties": {
    "rio": "Rio_das_Pombas",
    "reach": "R1",
    "rs": 10513.29
   },
   "geometry": {
    "type": "LineString",
    "coordinates": [
     [
      -49.870761,
      -27.235029
     ],
     [
      -49.866303,
      -27.242179
     ]
    ]
   }
  },
  {
   "type": "Feature",
   "properties": {
    "rio": "Rio_das_Pombas",
    "reach": "R1",
    "rs": 9615.26
   },
   "geometry": {
    "type": "LineString",
    "coordinates": [
     [
      -49.862282,
      -27.234477
     ],
     [
      -49.857686,
      -27.241422
     ]
    ]
   }
  },
  {
   "type": "Feature",
   "properties": {
    "rio": "Rio_das_Pombas",
    "reach": "R1",
    "rs": 8644.38
   },
   "geometry": {
    "type": "LineString",
    "coordinates": [
     [
      -49.854063,
      -27.23024
     ],
     [
      -49.849236,
      -27.23674
     ]
    ]
   }
  },
  {
   "type": "Feature",
   "properties": {
    "rio": "Rio_das_Pombas",
    "reach": "R1",
    "rs": 7683.58
   },
   "geometry": {
    "type": "LineString",
    "coordinates": [
     [
      -49.852581,
      -27.224939
     ],
     [
      -49.844594,
      -27.227598
     ]
    ]
   }
  },
  {
   "type": "Feature",
   "properties": {
    "rio": "Rio_das_Pombas",
    "reach": "R1",
    "rs": 6826.68
   },
   "geometry": {
    "type": "LineString",
    "coordinates": [
     [
      -49.839981,
      -27.221816
     ],
     [
      -49.841739,
      -27.229178
     ]
    ]
   }
  },
  {
   "type": "Feature",
   "properties": {
    "rio": "Rio_das_Pombas",
    "reach": "R1",
    "rs": 6031.53
   },
   "geometry": {
    "type": "LineString",
    "coordinates": [
     [
      -49.8382,
      -27.218968
     ],
     [
      -49.83209,
      -27.224095
     ]
    ]
   }
  },
  {
   "type": "Feature",
   "properties": {
    "rio": "Rio_das_Pombas",
    "reach": "R1",
    "rs": 5292.35
   },
   "geometry": {
    "type": "LineString",
    "coordinates": [
     [
      -49.830018,
      -27.214799
     ],
     [
      -49.827361,
      -27.221903
     ]
    ]
   }
  },
  {
   "type": "Feature",
   "properties": {
    "rio": "Rio_das_Pombas",
    "reach": "R1",
    "rs": 4320.94
   },
   "geometry": {
    "type": "LineString",
    "coordinates": [
     [
      -49.827597,
      -27.214171
     ],
     [
      -49.819865,
      -27.211126
     ]
    ]
   }
  },
  {
   "type": "Feature",
   "properties": {
    "rio": "Rio_das_Pombas",
    "reach": "R1",
    "rs": 3320.94
   },
   "geometry": {
    "type": "LineString",
    "coordinates": [
     [
      -49.826518,
      -27.20199
     ],
     [
      -49.822115,
      -27.208584
     ]
    ]
   }
  },
  {
   "type": "Feature",
   "properties": {
    "rio": "Rio_das_Pombas",
    "reach": "R1",
    "rs": 2362.63
   },
   "geometry": {
    "type": "LineString",
    "coordinates": [
     [
      -49.818395,
      -27.1973
     ],
     [
      -49.813953,
      -27.204351
     ]
    ]
   }
  },
  {
   "type": "Feature",
   "properties": {
    "rio": "Rio_das_Pombas",
    "reach": "R1",
    "rs": 1456.81
   },
   "geometry": {
    "type": "LineString",
    "coordinates": [
     [
      -49.812139,
      -27.196136
     ],
     [
      -49.803854,
      -27.200188
     ]
    ]
   }
  },
  {
   "type": "Feature",
   "properties": {
    "rio": "Rio_das_Pombas",
    "reach": "R1",
    "rs": 529.59
   },
   "geometry": {
    "type": "LineString",
    "coordinates": [
     [
      -49.810303,
      -27.188018
     ],
     [
      -49.801628,
      -27.192098
     ]
    ]
   }
  },
  {
   "type": "Feature",
   "properties": {
    "rio": "Rio_das_Pombas",
    "reach": "R1",
    "rs": 75.0
   },
   "geometry": {
    "type": "LineString",
    "coordinates": [
     [
      -49.808265,
      -27.184637
     ],
     [
      -49.799321,
      -27.188299
     ]
    ]
   }
  },
  {
   "type": "Feature",
   "properties": {
    "rio": "Rio_dos_Cedros",
    "reach": "R1",
    "rs": 11283.66
   },
   "geometry": {
    "type": "LineString",
    "coordinates": [
     [
      -49.265351,
      -26.740478
     ],
     [
      -49.274263,
      -26.736303
     ]
    ]
   }
  },
  {
   "type": "Feature",
   "properties": {
    "rio": "Rio_dos_Cedros",
    "reach": "R1",
    "rs": 10283.66
   },
   "geometry": {
    "type": "LineString",
    "coordinates": [
     [
      -49.264668,
      -26.747377
     ],
     [
      -49.274658,
      -26.746365
     ]
    ]
   }
  },
  {
   "type": "Feature",
   "properties": {
    "rio": "Rio_dos_Cedros",
    "reach": "R1",
    "rs": 9317.66
   },
   "geometry": {
    "type": "LineString",
    "coordinates": [
     [
      -49.266406,
      -26.754208
     ],
     [
      -49.276284,
      -26.755889
     ]
    ]
   }
  },
  {
   "type": "Feature",
   "properties": {
    "rio": "Rio_dos_Cedros",
    "reach": "R1",
    "rs": 8326.46
   },
   "geometry": {
    "type": "LineString",
    "coordinates": [
     [
      -49.264481,
      -26.760025
     ],
     [
      -49.2723,
      -26.765698
     ]
    ]
   }
  },
  {
   "type": "Feature",
   "properties": {
    "rio": "Rio_dos_Cedros",
    "reach": "R1",
    "rs": 7336.46
   },
   "geometry": {
    "type": "LineString",
    "coordinates": [
     [
      -49.263902,
      -26.772097
     ],
     [
      -49.273807,
      -26.770545
     ]
    ]
   }
  },
  {
   "type": "Feature",
   "properties": {
    "rio": "Rio_dos_Cedros",
    "reach": "R1",
    "rs": 6336.46
   },
   "geometry": {
    "type": "LineString",
    "coordinates": [
     [
      -49.26318,
      -26.780564
     ],
     [
      -49.272969,
      -26.779652
     ]
    ]
   }
  },
  {
   "type": "Feature",
   "properties": {
    "rio": "Rio_dos_Cedros",
    "reach": "R1",
    "rs": 5336.46
   },
   "geometry": {
    "type": "LineString",
    "coordinates": [
     [
      -49.267479,
      -26.789717
     ],
     [
      -49.2765,
      -26.786697
     ]
    ]
   }
  },
  {
   "type": "Feature",
   "properties": {
    "rio": "Rio_dos_Cedros",
    "reach": "R1",
    "rs": 4364.36
   },
   "geometry": {
    "type": "LineString",
    "coordinates": [
     [
      -49.269714,
      -26.798896
     ],
     [
      -49.276471,
      -26.793012
     ]
    ]
   }
  },
  {
   "type": "Feature",
   "properties": {
    "rio": "Rio_dos_Cedros",
    "reach": "R1",
    "rs": 3463.09
   },
   "geometry": {
    "type": "LineString",
    "coordinates": [
     [
      -49.272968,
      -26.805558
     ],
     [
      -49.280089,
      -26.80003
     ]
    ]
   }
  },
  {
   "type": "Feature",
   "properties": {
    "rio": "Rio_dos_Cedros",
    "reach": "R1",
    "rs": 2494.83
   },
   "geometry": {
    "type": "LineString",
    "coordinates": [
     [
      -49.275494,
      -26.805756
     ],
     [
      -49.281773,
      -26.812052
     ]
    ]
   }
  },
  {
   "type": "Feature",
   "properties": {
    "rio": "Rio_dos_Cedros",
    "reach": "R1",
    "rs": 1494.83
   },
   "geometry": {
    "type": "LineString",
    "coordinates": [
     [
      -49.271008,
      -26.815647
     ],
     [
      -49.280152,
      -26.817666
     ]
    ]
   }
  },
  {
   "type": "Feature",
   "properties": {
    "rio": "Rio_dos_Cedros",
    "reach": "R1",
    "rs": 494.83
   },
   "geometry": {
    "type": "LineString",
    "coordinates": [
     [
      -49.269326,
      -26.824304
     ],
     [
      -49.278949,
      -26.823929
     ]
    ]
   }
  },
  {
   "type": "Feature",
   "properties": {
    "rio": "Rio_dos_Cedros",
    "reach": "R1",
    "rs": 75.0
   },
   "geometry": {
    "type": "LineString",
    "coordinates": [
     [
      -49.269051,
      -26.827855
     ],
     [
      -49.278896,
      -26.827975
     ]
    ]
   }
  },
  {
   "type": "Feature",
   "properties": {
    "rio": "Rio_Iraputa",
    "reach": "R1",
    "rs": 18859.33
   },
   "geometry": {
    "type": "LineString",
    "coordinates": [
     [
      -50.128165,
      -26.641322
     ],
     [
      -50.1244,
      -26.645483
     ]
    ]
   }
  },
  {
   "type": "Feature",
   "properties": {
    "rio": "Rio_Iraputa",
    "reach": "R1",
    "rs": 18709.33
   },
   "geometry": {
    "type": "LineString",
    "coordinates": [
     [
      -50.128007,
      -26.640525
     ],
     [
      -50.123456,
      -26.642978
     ]
    ]
   }
  },
  {
   "type": "Feature",
   "properties": {
    "rio": "Rio_Iraputa",
    "reach": "R1",
    "rs": 18559.33
   },
   "geometry": {
    "type": "LineString",
    "coordinates": [
     [
      -50.127611,
      -26.639209
     ],
     [
      -50.123307,
      -26.641447
     ]
    ]
   }
  },
  {
   "type": "Feature",
   "properties": {
    "rio": "Rio_Iraputa",
    "reach": "R1",
    "rs": 18409.33
   },
   "geometry": {
    "type": "LineString",
    "coordinates": [
     [
      -50.126885,
      -26.637903
     ],
     [
      -50.122752,
      -26.640318
     ]
    ]
   }
  },
  {
   "type": "Feature",
   "properties": {
    "rio": "Rio_Iraputa",
    "reach": "R1",
    "rs": 18186.76
   },
   "geometry": {
    "type": "LineString",
    "coordinates": [
     [
      -50.125975,
      -26.636403
     ],
     [
      -50.121427,
      -26.638378
     ]
    ]
   }
  },
  {
   "type": "Feature",
   "properties": {
    "rio": "Rio_Iraputa",
    "reach": "R1",
    "rs": 17744.25
   },
   "geometry": {
    "type": "LineString",
    "coordinates": [
     [
      -50.124876,
      -26.632681
     ],
     [
      -50.120218,
      -26.634438
     ]
    ]
   }
  },
  {
   "type": "Feature",
   "properties": {
    "rio": "Rio_Iraputa",
    "reach": "R1",
    "rs": 16965.57
   },
   "geometry": {
    "type": "LineString",
    "coordinates": [
     [
      -50.11489,
      -26.63115
     ],
     [
      -50.119418,
      -26.633162
     ]
    ]
   }
  },
  {
   "type": "Feature",
   "properties": {
    "rio": "Rio_Iraputa",
    "reach": "R1",
    "rs": 16024.83
   },
   "geometry": {
    "type": "LineString",
    "coordinates": [
     [
      -50.11415,
      -26.632176
     ],
     [
      -50.10919,
      -26.633037
     ]
    ]
   }
  },
  {
   "type": "Feature",
   "properties": {
    "rio": "Rio_Iraputa",
    "reach": "R1",
    "rs": 15294.13
   },
   "geometry": {
    "type": "LineString",
    "coordinates": [
     [
      -50.117383,
      -26.626963
     ],
     [
      -50.112251,
      -26.627177
     ]
    ]
   }
  },
  {
   "type": "Feature",
   "properties": {
    "rio": "Rio_Iraputa",
    "reach": "R1",
    "rs": 14871.33
   },
   "geometry": {
    "type": "LineString",
    "coordinates": [
     [
      -50.114471,
      -26.623145
     ],
     [
      -50.109625,
      -26.625461
     ]
    ]
   }
  },
  {
   "type": "Feature",
   "properties": {
    "rio": "Rio_Iraputa",
    "reach": "R1",
    "rs": 14573.28
   },
   "geometry": {
    "type": "LineString",
    "coordinates": [
     [
      -50.114773,
      -26.622385
     ],
     [
      -50.108832,
      -26.621017
     ]
    ]
   }
  },
  {
   "type": "Feature",
   "properties": {
    "rio": "Rio_Iraputa",
    "reach": "R1",
    "rs": 14127.82
   },
   "geometry": {
    "type": "LineString",
    "coordinates": [
     [
      -50.115736,
      -26.620272
     ],
     [
      -50.111905,
      -26.615267
     ]
    ]
   }
  },
  {
   "type": "Feature",
   "properties": {
    "rio": "Rio_Iraputa",
    "reach": "R1",
    "rs": 13611.42
   },
   "geometry": {
    "type": "LineString",
    "coordinates": [
     [
      -50.120147,
      -26.619519
     ],
     [
      -50.11755,
      -26.613558
     ]
    ]
   }
  },
  {
   "type": "Feature",
   "properties": {
    "rio": "Rio_Iraputa",
    "reach": "R1",
    "rs": 12861.32
   },
   "geometry": {
    "type": "LineString",
    "coordinates": [
     [
      -50.124907,
      -26.613802
     ],
     [
      -50.120019,
      -26.609059
     ]
    ]
   }
  },
  {
   "type": "Feature",
   "properties": {
    "rio": "Rio_Iraputa",
    "reach": "R1",
    "rs": 11938.48
   },
   "geometry": {
    "type": "LineString",
    "coordinates": [
     [
      -50.127182,
      -26.605346
     ],
     [
      -50.121065,
      -26.60847
     ]
    ]
   }
  },
  {
   "type": "Feature",
   "properties": {
    "rio": "Rio_Iraputa",
    "reach": "R1",
    "rs": 11455.37
   },
   "geometry": {
    "type": "LineString",
    "coordinates": [
     [
      -50.128139,
      -26.605283
     ],
     [
      -50.12406,
      -26.600393
     ]
    ]
   }
  },
  {
   "type": "Feature",
   "properties": {
    "rio": "Rio_Iraputa",
    "reach": "R1",
    "rs": 10967.73
   },
   "geometry": {
    "type": "LineString",
    "coordinates": [
     [
      -50.13099,
      -26.600367
     ],
     [
      -50.124635,
      -26.598897
     ]
    ]
   }
  },
  {
   "type": "Feature",
   "properties": {
    "rio": "Rio_Iraputa",
    "reach": "R1",
    "rs": 10331.3
   },
   "geometry": {
    "type": "LineString",
    "coordinates": [
     [
      -50.133459,
      -26.594651
     ],
     [
      -50.126714,
      -26.594038
     ]
    ]
   }
  },
  {
   "type": "Feature",
   "properties": {
    "rio": "Rio_Iraputa",
    "reach": "R1",
    "rs": 10163.66
   },
   "geometry": {
    "type": "LineString",
    "coordinates": [
     [
      -50.134078,
      -26.592894
     ],
     [
      -50.127004,
      -26.592849
     ]
    ]
   }
  },
  {
   "type": "Feature",
   "properties": {
    "rio": "Rio_Iraputa",
    "reach": "R1",
    "rs": 10001.34
   },
   "geometry": {
    "type": "LineString",
    "coordinates": [
     [
      -50.134683,
      -26.591385
     ],
     [
      -50.127312,
      -26.591423
     ]
    ]
   }
  },
  {
   "type": "Feature",
   "properties": {
    "rio": "Rio_Iraputa",
    "reach": "R1",
    "rs": 9810.71
   },
   "geometry": {
    "type": "LineString",
    "coordinates": [
     [
      -50.134692,
      -26.589014
     ],
     [
      -50.127377,
      -26.590204
     ]
    ]
   }
  },
  {
   "type": "Feature",
   "properties": {
    "rio": "Rio_Iraputa",
    "reach": "R1",
    "rs": 9647.39
   },
   "geometry": {
    "type": "LineString",
    "coordinates": [
     [
      -50.133865,
      -26.586319
     ],
     [
      -50.127619,
      -26.589635
     ]
    ]
   }
  },
  {
   "type": "Feature",
   "properties": {
    "rio": "Rio_Iraputa",
    "reach": "R1",
    "rs": 9441.77
   },
   "geometry": {
    "type": "LineString",
    "coordinates": [
     [
      -50.131154,
      -26.583931
     ],
     [
      -50.12708,
      -26.589129
     ]
    ]
   }
  },
  {
   "type": "Feature",
   "properties": {
    "rio": "Rio_Iraputa",
    "reach": "R1",
    "rs": 9074.91
   },
   "geometry": {
    "type": "LineString",
    "coordinates": [
     [
      -50.129668,
      -26.583742
     ],
     [
      -50.123411,
      -26.586199
     ]
    ]
   }
  },
  {
   "type": "Feature",
   "properties": {
    "rio": "Rio_Iraputa",
    "reach": "R1",
    "rs": 8381.06
   },
   "geometry": {
    "type": "LineString",
    "coordinates": [
     [
      -50.131788,
      -26.582495
     ],
     [
      -50.126638,
      -26.578464
     ]
    ]
   }
  },
  {
   "type": "Feature",
   "properties": {
    "rio": "Rio_Iraputa",
    "reach": "R1",
    "rs": 7947.0
   },
   "geometry": {
    "type": "LineString",
    "coordinates": [
     [
      -50.134015,
      -26.574821
     ],
     [
      -50.128026,
      -26.57777
     ]
    ]
   }
  },
  {
   "type": "Feature",
   "properties": {
    "rio": "Rio_Iraputa",
    "reach": "R1",
    "rs": 7580.34
   },
   "geometry": {
    "type": "LineString",
    "coordinates": [
     [
      -50.128848,
      -26.571909
     ],
     [
      -50.125792,
      -26.577399
     ]
    ]
   }
  },
  {
   "type": "Feature",
   "properties": {
    "rio": "Rio_Iraputa",
    "reach": "R1",
    "rs": 7362.91
   },
   "geometry": {
    "type": "LineString",
    "coordinates": [
     [
      -50.128174,
      -26.571482
     ],
     [
      -50.122962,
      -26.576312
     ]
    ]
   }
  },
  {
   "type": "Feature",
   "properties": {
    "rio": "Rio_Iraputa",
    "reach": "R1",
    "rs": 7167.88
   },
   "geometry": {
    "type": "LineString",
    "coordinates": [
     [
      -50.127923,
      -26.570803
     ],
     [
      -50.120698,
      -26.574633
     ]
    ]
   }
  },
  {
   "type": "Feature",
   "properties": {
    "rio": "Rio_Iraputa",
    "reach": "R1",
    "rs": 7017.88
   },
   "geometry": {
    "type": "LineString",
    "coordinates": [
     [
      -50.127757,
      -26.570014
     ],
     [
      -50.119045,
      -26.573277
     ]
    ]
   }
  },
  {
   "type": "Feature",
   "properties": {
    "rio": "Rio_Iraputa",
    "reach": "R1",
    "rs": 6867.88
   },
   "geometry": {
    "type": "LineString",
    "coordinates": [
     [
      -50.127394,
      -26.568915
     ],
     [
      -50.118344,
      -26.571856
     ]
    ]
   }
  },
  {
   "type": "Feature",
   "properties": {
    "rio": "Rio_Iraputa",
    "reach": "R1",
    "rs": 6717.88
   },
   "geometry": {
    "type": "LineString",
    "coordinates": [
     [
      -50.126024,
      -26.567728
     ],
     [
      -50.118093,
      -26.570743
     ]
    ]
   }
  },
  {
   "type": "Feature",
   "properties": {
    "rio": "Rio_Iraputa",
    "reach": "R1",
    "rs": 6567.88
   },
   "geometry": {
    "type": "LineString",
    "coordinates": [
     [
      -50.124264,
      -26.566601
     ],
     [
      -50.117884,
      -26.569882
     ]
    ]
   }
  },
  {
   "type": "Feature",
   "properties": {
    "rio": "Rio_Iraputa",
    "reach": "R1",
    "rs": 6417.88
   },
   "geometry": {
    "type": "LineString",
    "coordinates": [
     [
      -50.12254,
      -26.565917
     ],
     [
      -50.117112,
      -26.56878
     ]
    ]
   }
  },
  {
   "type": "Feature",
   "properties": {
    "rio": "Rio_Iraputa",
    "reach": "R1",
    "rs": 6267.88
   },
   "geometry": {
    "type": "LineString",
    "coordinates": [
     [
      -50.121708,
      -26.565182
     ],
     [
      -50.116184,
      -26.566841
     ]
    ]
   }
  },
  {
   "type": "Feature",
   "properties": {
    "rio": "Rio_Iraputa",
    "reach": "R1",
    "rs": 6117.88
   },
   "geometry": {
    "type": "LineString",
    "coordinates": [
     [
      -50.12147,
      -26.564677
     ],
     [
      -50.116503,
      -26.563838
     ]
    ]
   }
  },
  {
   "type": "Feature",
   "properties": {
    "rio": "Rio_Iraputa",
    "reach": "R1",
    "rs": 5967.88
   },
   "geometry": {
    "type": "LineString",
    "coordinates": [
     [
      -50.121733,
      -26.5644
     ],
     [
      -50.118692,
      -26.561686
     ]
    ]
   }
  },
  {
   "type": "Feature",
   "properties": {
    "rio": "Rio_Iraputa",
    "reach": "R1",
    "rs": 5817.88
   },
   "geometry": {
    "type": "LineString",
    "coordinates": [
     [
      -50.122403,
      -26.564216
     ],
     [
      -50.12122,
      -26.561112
     ]
    ]
   }
  },
  {
   "type": "Feature",
   "properties": {
    "rio": "Rio_Iraputa",
    "reach": "R1",
    "rs": 5667.88
   },
   "geometry": {
    "type": "LineString",
    "coordinates": [
     [
      -50.123504,
      -26.564262
     ],
     [
      -50.12316,
      -26.561103
     ]
    ]
   }
  },
  {
   "type": "Feature",
   "properties": {
    "rio": "Rio_Iraputa",
    "reach": "R1",
    "rs": 5517.88
   },
   "geometry": {
    "type": "LineString",
    "coordinates": [
     [
      -50.124947,
      -26.564379
     ],
     [
      -50.124741,
      -26.561318
     ]
    ]
   }
  },
  {
   "type": "Feature",
   "properties": {
    "rio": "Rio_Iraputa",
    "reach": "R1",
    "rs": 5367.88
   },
   "geometry": {
    "type": "LineString",
    "coordinates": [
     [
      -50.127101,
      -26.564422
     ],
     [
      -50.125834,
      -26.561392
     ]
    ]
   }
  },
  {
   "type": "Feature",
   "properties": {
    "rio": "Rio_Iraputa",
    "reach": "R1",
    "rs": 4934.72
   },
   "geometry": {
    "type": "LineString",
    "coordinates": [
     [
      -50.127535,
      -26.558687
     ],
     [
      -50.125311,
      -26.561462
     ]
    ]
   }
  },
  {
   "type": "Feature",
   "properties": {
    "rio": "Rio_Iraputa",
    "reach": "R1",
    "rs": 4158.96
   },
   "geometry": {
    "type": "LineString",
    "coordinates": [
     [
      -50.126667,
      -26.557258
     ],
     [
      -50.124146,
      -26.554372
     ]
    ]
   }
  },
  {
   "type": "Feature",
   "properties": {
    "rio": "Rio_Iraputa",
    "reach": "R1",
    "rs": 3601.47
   },
   "geometry": {
    "type": "LineString",
    "coordinates": [
     [
      -50.132237,
      -26.553989
     ],
     [
      -50.128053,
      -26.551883
     ]
    ]
   }
  },
  {
   "type": "Feature",
   "properties": {
    "rio": "Rio_Iraputa",
    "reach": "R1",
    "rs": 2752.76
   },
   "geometry": {
    "type": "LineString",
    "coordinates": [
     [
      -50.129811,
      -26.545117
     ],
     [
      -50.124688,
      -26.546589
     ]
    ]
   }
  },
  {
   "type": "Feature",
   "properties": {
    "rio": "Rio_Iraputa",
    "reach": "R1",
    "rs": 2071.62
   },
   "geometry": {
    "type": "LineString",
    "coordinates": [
     [
      -50.128748,
      -26.539782
     ],
     [
      -50.12229,
      -26.540141
     ]
    ]
   }
  },
  {
   "type": "Feature",
   "properties": {
    "rio": "Rio_Iraputa",
    "reach": "R1",
    "rs": 1642.19
   },
   "geometry": {
    "type": "LineString",
    "coordinates": [
     [
      -50.129017,
      -26.535599
     ],
     [
      -50.121853,
      -26.53657
     ]
    ]
   }
  },
  {
   "type": "Feature",
   "properties": {
    "rio": "Rio_Iraputa",
    "reach": "R1",
    "rs": 1192.34
   },
   "geometry": {
    "type": "LineString",
    "coordinates": [
     [
      -50.129429,
      -26.5323
     ],
     [
      -50.121289,
      -26.531979
     ]
    ]
   }
  },
  {
   "type": "Feature",
   "properties": {
    "rio": "Rio_Iraputa",
    "reach": "R1",
    "rs": 797.57
   },
   "geometry": {
    "type": "LineString",
    "coordinates": [
     [
      -50.13011,
      -26.529028
     ],
     [
      -50.121683,
      -26.528262
     ]
    ]
   }
  },
  {
   "type": "Feature",
   "properties": {
    "rio": "Rio_Iraputa",
    "reach": "R1",
    "rs": 282.4
   },
   "geometry": {
    "type": "LineString",
    "coordinates": [
     [
      -50.128071,
      -26.520855
     ],
     [
      -50.122302,
      -26.526589
     ]
    ]
   }
  },
  {
   "type": "Feature",
   "properties": {
    "rio": "Rio_Iraputa",
    "reach": "R1",
    "rs": 75.0
   },
   "geometry": {
    "type": "LineString",
    "coordinates": [
     [
      -50.124398,
      -26.519363
     ],
     [
      -50.121624,
      -26.526684
     ]
    ]
   }
  },
  {
   "type": "Feature",
   "properties": {
    "rio": "Rio_Taio",
    "reach": "R1",
    "rs": 17163.66
   },
   "geometry": {
    "type": "LineString",
    "coordinates": [
     [
      -50.099528,
      -27.209954
     ],
     [
      -50.095099,
      -27.217164
     ]
    ]
   }
  },
  {
   "type": "Feature",
   "properties": {
    "rio": "Rio_Taio",
    "reach": "R1",
    "rs": 17013.66
   },
   "geometry": {
    "type": "LineString",
    "coordinates": [
     [
      -50.097786,
      -27.208733
     ],
     [
      -50.094445,
      -27.216805
     ]
    ]
   }
  },
  {
   "type": "Feature",
   "properties": {
    "rio": "Rio_Taio",
    "reach": "R1",
    "rs": 16863.66
   },
   "geometry": {
    "type": "LineString",
    "coordinates": [
     [
      -50.095731,
      -27.20787
     ],
     [
      -50.093729,
      -27.216678
     ]
    ]
   }
  },
  {
   "type": "Feature",
   "properties": {
    "rio": "Rio_Taio",
    "reach": "R1",
    "rs": 16713.66
   },
   "geometry": {
    "type": "LineString",
    "coordinates": [
     [
      -50.093893,
      -27.207772
     ],
     [
      -50.092547,
      -27.216719
     ]
    ]
   }
  },
  {
   "type": "Feature",
   "properties": {
    "rio": "Rio_Taio",
    "reach": "R1",
    "rs": 16563.66
   },
   "geometry": {
    "type": "LineString",
    "coordinates": [
     [
      -50.092535,
      -27.20754
     ],
     [
      -50.090933,
      -27.216453
     ]
    ]
   }
  },
  {
   "type": "Feature",
   "properties": {
    "rio": "Rio_Taio",
    "reach": "R1",
    "rs": 16413.66
   },
   "geometry": {
    "type": "LineString",
    "coordinates": [
     [
      -50.091277,
      -27.207302
     ],
     [
      -50.089225,
      -27.216141
     ]
    ]
   }
  },
  {
   "type": "Feature",
   "properties": {
    "rio": "Rio_Taio",
    "reach": "R1",
    "rs": 16263.66
   },
   "geometry": {
    "type": "LineString",
    "coordinates": [
     [
      -50.089531,
      -27.206985
     ],
     [
      -50.088004,
      -27.215908
     ]
    ]
   }
  },
  {
   "type": "Feature",
   "properties": {
    "rio": "Rio_Taio",
    "reach": "R1",
    "rs": 16113.66
   },
   "geometry": {
    "type": "LineString",
    "coordinates": [
     [
      -50.087716,
      -27.206735
     ],
     [
      -50.08684,
      -27.215728
     ]
    ]
   }
  },
  {
   "type": "Feature",
   "properties": {
    "rio": "Rio_Taio",
    "reach": "R1",
    "rs": 15963.66
   },
   "geometry": {
    "type": "LineString",
    "coordinates": [
     [
      -50.085604,
      -27.20674
     ],
     [
      -50.085922,
      -27.215703
     ]
    ]
   }
  },
  {
   "type": "Feature",
   "properties": {
    "rio": "Rio_Taio",
    "reach": "R1",
    "rs": 15813.66
   },
   "geometry": {
    "type": "LineString",
    "coordinates": [
     [
      -50.084192,
      -27.206873
     ],
     [
      -50.084322,
      -27.215347
     ]
    ]
   }
  },
  {
   "type": "Feature",
   "properties": {
    "rio": "Rio_Taio",
    "reach": "R1",
    "rs": 15663.66
   },
   "geometry": {
    "type": "LineString",
    "coordinates": [
     [
      -50.08297,
      -27.207485
     ],
     [
      -50.082599,
      -27.215029
     ]
    ]
   }
  },
  {
   "type": "Feature",
   "properties": {
    "rio": "Rio_Taio",
    "reach": "R1",
    "rs": 15513.66
   },
   "geometry": {
    "type": "LineString",
    "coordinates": [
     [
      -50.081543,
      -27.207645
     ],
     [
      -50.08107,
      -27.214319
     ]
    ]
   }
  },
  {
   "type": "Feature",
   "properties": {
    "rio": "Rio_Taio",
    "reach": "R1",
    "rs": 15363.66
   },
   "geometry": {
    "type": "LineString",
    "coordinates": [
     [
      -50.079435,
      -27.208234
     ],
     [
      -50.080199,
      -27.214127
     ]
    ]
   }
  },
  {
   "type": "Feature",
   "properties": {
    "rio": "Rio_Taio",
    "reach": "R1",
    "rs": 15213.66
   },
   "geometry": {
    "type": "LineString",
    "coordinates": [
     [
      -50.077216,
      -27.209032
     ],
     [
      -50.079766,
      -27.214158
     ]
    ]
   }
  },
  {
   "type": "Feature",
   "properties": {
    "rio": "Rio_Taio",
    "reach": "R1",
    "rs": 15063.66
   },
   "geometry": {
    "type": "LineString",
    "coordinates": [
     [
      -50.07597,
      -27.210328
     ],
     [
      -50.07899,
      -27.214875
     ]
    ]
   }
  },
  {
   "type": "Feature",
   "properties": {
    "rio": "Rio_Taio",
    "reach": "R1",
    "rs": 14913.66
   },
   "geometry": {
    "type": "LineString",
    "coordinates": [
     [
      -50.075327,
      -27.21101
     ],
     [
      -50.077145,
      -27.216042
     ]
    ]
   }
  },
  {
   "type": "Feature",
   "properties": {
    "rio": "Rio_Taio",
    "reach": "R1",
    "rs": 14763.66
   },
   "geometry": {
    "type": "LineString",
    "coordinates": [
     [
      -50.074932,
      -27.211025
     ],
     [
      -50.074166,
      -27.216425
     ]
    ]
   }
  },
  {
   "type": "Feature",
   "properties": {
    "rio": "Rio_Taio",
    "reach": "R1",
    "rs": 14613.66
   },
   "geometry": {
    "type": "LineString",
    "coordinates": [
     [
      -50.074502,
      -27.210686
     ],
     [
      -50.071262,
      -27.215654
     ]
    ]
   }
  },
  {
   "type": "Feature",
   "properties": {
    "rio": "Rio_Taio",
    "reach": "R1",
    "rs": 14463.66
   },
   "geometry": {
    "type": "LineString",
    "coordinates": [
     [
      -50.07383,
      -27.210116
     ],
     [
      -50.068996,
      -27.21458
     ]
    ]
   }
  },
  {
   "type": "Feature",
   "properties": {
    "rio": "Rio_Taio",
    "reach": "R1",
    "rs": 14313.66
   },
   "geometry": {
    "type": "LineString",
    "coordinates": [
     [
      -50.073707,
      -27.209127
     ],
     [
      -50.067179,
      -27.213071
     ]
    ]
   }
  },
  {
   "type": "Feature",
   "properties": {
    "rio": "Rio_Taio",
    "reach": "R1",
    "rs": 14163.66
   },
   "geometry": {
    "type": "LineString",
    "coordinates": [
     [
      -50.074052,
      -27.208128
     ],
     [
      -50.065962,
      -27.211183
     ]
    ]
   }
  },
  {
   "type": "Feature",
   "properties": {
    "rio": "Rio_Taio",
    "reach": "R1",
    "rs": 14013.66
   },
   "geometry": {
    "type": "LineString",
    "coordinates": [
     [
      -50.074502,
      -27.206987
     ],
     [
      -50.065882,
      -27.20932
     ]
    ]
   }
  },
  {
   "type": "Feature",
   "properties": {
    "rio": "Rio_Taio",
    "reach": "R1",
    "rs": 13863.66
   },
   "geometry": {
    "type": "LineString",
    "coordinates": [
     [
      -50.074409,
      -27.206266
     ],
     [
      -50.065855,
      -27.207395
     ]
    ]
   }
  },
  {
   "type": "Feature",
   "properties": {
    "rio": "Rio_Taio",
    "reach": "R1",
    "rs": 13664.89
   },
   "geometry": {
    "type": "LineString",
    "coordinates": [
     [
      -50.074351,
      -27.205036
     ],
     [
      -50.066139,
      -27.205234
     ]
    ]
   }
  },
  {
   "type": "Feature",
   "properties": {
    "rio": "Rio_Taio",
    "reach": "R1",
    "rs": 13336.66
   },
   "geometry": {
    "type": "LineString",
    "coordinates": [
     [
      -50.07491,
      -27.202458
     ],
     [
      -50.06663,
      -27.202139
     ]
    ]
   }
  },
  {
   "type": "Feature",
   "properties": {
    "rio": "Rio_Taio",
    "reach": "R1",
    "rs": 12859.82
   },
   "geometry": {
    "type": "LineString",
    "coordinates": [
     [
      -50.071342,
      -27.194624
     ],
     [
      -50.066644,
      -27.200808
     ]
    ]
   }
  },
  {
   "type": "Feature",
   "properties": {
    "rio": "Rio_Taio",
    "reach": "R1",
    "rs": 12299.29
   },
   "geometry": {
    "type": "LineString",
    "coordinates": [
     [
      -50.065791,
      -27.194936
     ],
     [
      -50.062548,
      -27.201827
     ]
    ]
   }
  },
  {
   "type": "Feature",
   "properties": {
    "rio": "Rio_Taio",
    "reach": "R1",
    "rs": 11801.95
   },
   "geometry": {
    "type": "LineString",
    "coordinates": [
     [
      -50.06581,
      -27.192952
     ],
     [
      -50.058057,
      -27.196931
     ]
    ]
   }
  },
  {
   "type": "Feature",
   "properties": {
    "rio": "Rio_Taio",
    "reach": "R1",
    "rs": 11168.56
   },
   "geometry": {
    "type": "LineString",
    "coordinates": [
     [
      -50.061565,
      -27.188169
     ],
     [
      -50.053773,
      -27.193055
     ]
    ]
   }
  },
  {
   "type": "Feature",
   "properties": {
    "rio": "Rio_Taio",
    "reach": "R1",
    "rs": 10273.69
   },
   "geometry": {
    "type": "LineString",
    "coordinates": [
     [
      -50.059274,
      -27.183095
     ],
     [
      -50.049196,
      -27.183618
     ]
    ]
   }
  },
  {
   "type": "Feature",
   "properties": {
    "rio": "Rio_Taio",
    "reach": "R1",
    "rs": 9368.49
   },
   "geometry": {
    "type": "LineString",
    "coordinates": [
     [
      -50.056362,
      -27.173401
     ],
     [
      -50.047501,
      -27.177724
     ]
    ]
   }
  },
  {
   "type": "Feature",
   "properties": {
    "rio": "Rio_Taio",
    "reach": "R1",
    "rs": 8420.72
   },
   "geometry": {
    "type": "LineString",
    "coordinates": [
     [
      -50.049631,
      -27.165903
     ],
     [
      -50.042204,
      -27.172016
     ]
    ]
   }
  },
  {
   "type": "Feature",
   "properties": {
    "rio": "Rio_Taio",
    "reach": "R1",
    "rs": 7778.11
   },
   "geometry": {
    "type": "LineString",
    "coordinates": [
     [
      -50.042137,
      -27.161591
     ],
     [
      -50.038884,
      -27.170136
     ]
    ]
   }
  },
  {
   "type": "Feature",
   "properties": {
    "rio": "Rio_Taio",
    "reach": "R1",
    "rs": 6965.98
   },
   "geometry": {
    "type": "LineString",
    "coordinates": [
     [
      -50.039681,
      -27.160495
     ],
     [
      -50.029891,
      -27.162686
     ]
    ]
   }
  },
  {
   "type": "Feature",
   "properties": {
    "rio": "Rio_Taio",
    "reach": "R1",
    "rs": 6003.45
   },
   "geometry": {
    "type": "LineString",
    "coordinates": [
     [
      -50.040076,
      -27.152551
     ],
     [
      -50.030031,
      -27.153412
     ]
    ]
   }
  },
  {
   "type": "Feature",
   "properties": {
    "rio": "Rio_Taio",
    "reach": "R1",
    "rs": 5222.53
   },
   "geometry": {
    "type": "LineString",
    "coordinates": [
     [
      -50.034659,
      -27.14395
     ],
     [
      -50.027448,
      -27.150265
     ]
    ]
   }
  },
  {
   "type": "Feature",
   "properties": {
    "rio": "Rio_Taio",
    "reach": "R1",
    "rs": 4392.96
   },
   "geometry": {
    "type": "LineString",
    "coordinates": [
     [
      -50.027639,
      -27.138112
     ],
     [
      -50.022365,
      -27.145808
     ]
    ]
   }
  },
  {
   "type": "Feature",
   "properties": {
    "rio": "Rio_Taio",
    "reach": "R1",
    "rs": 3417.93
   },
   "geometry": {
    "type": "LineString",
    "coordinates": [
     [
      -50.021184,
      -27.134164
     ],
     [
      -50.013131,
      -27.139604
     ]
    ]
   }
  },
  {
   "type": "Feature",
   "properties": {
    "rio": "Rio_Taio",
    "reach": "R1",
    "rs": 2475.77
   },
   "geometry": {
    "type": "LineString",
    "coordinates": [
     [
      -50.020692,
      -27.128753
     ],
     [
      -50.010603,
      -27.128719
     ]
    ]
   }
  },
  {
   "type": "Feature",
   "properties": {
    "rio": "Rio_Taio",
    "reach": "R1",
    "rs": 1612.75
   },
   "geometry": {
    "type": "LineString",
    "coordinates": [
     [
      -50.014186,
      -27.11823
     ],
     [
      -50.009811,
      -27.126364
     ]
    ]
   }
  },
  {
   "type": "Feature",
   "properties": {
    "rio": "Rio_Taio",
    "reach": "R1",
    "rs": 1142.1
   },
   "geometry": {
    "type": "LineString",
    "coordinates": [
     [
      -50.007149,
      -27.117482
     ],
     [
      -50.007635,
      -27.126499
     ]
    ]
   }
  },
  {
   "type": "Feature",
   "properties": {
    "rio": "Rio_Taio",
    "reach": "R1",
    "rs": 501.37
   },
   "geometry": {
    "type": "LineString",
    "coordinates": [
     [
      -50.005549,
      -27.116678
     ],
     [
      -49.998177,
      -27.12284
     ]
    ]
   }
  },
  {
   "type": "Feature",
   "properties": {
    "rio": "Rio_Taio",
    "reach": "R1",
    "rs": 123.27
   },
   "geometry": {
    "type": "LineString",
    "coordinates": [
     [
      -50.004337,
      -27.115059
     ],
     [
      -49.995191,
      -27.11887
     ]
    ]
   }
  },
  {
   "type": "Feature",
   "properties": {
    "rio": "Rio_Taio",
    "reach": "R1",
    "rs": 75.0
   },
   "geometry": {
    "type": "LineString",
    "coordinates": [
     [
      -50.004271,
      -27.114782
     ],
     [
      -49.994985,
      -27.11831
     ]
    ]
   }
  },
  {
   "type": "Feature",
   "properties": {
    "rio": "Rio_Trombudo",
    "reach": "R1",
    "rs": 20310.09
   },
   "geometry": {
    "type": "LineString",
    "coordinates": [
     [
      -49.821786,
      -27.357004
     ],
     [
      -49.812946,
      -27.358543
     ]
    ]
   }
  },
  {
   "type": "Feature",
   "properties": {
    "rio": "Rio_Trombudo",
    "reach": "R1",
    "rs": 20086.83
   },
   "geometry": {
    "type": "LineString",
    "coordinates": [
     [
      -49.820177,
      -27.353928
     ],
     [
      -49.812473,
      -27.358094
     ]
    ]
   }
  },
  {
   "type": "Feature",
   "properties": {
    "rio": "Rio_Trombudo",
    "reach": "R1",
    "rs": 19774.1
   },
   "geometry": {
    "type": "LineString",
    "coordinates": [
     [
      -49.818199,
      -27.351325
     ],
     [
      -49.810846,
      -27.356061
     ]
    ]
   }
  },
  {
   "type": "Feature",
   "properties": {
    "rio": "Rio_Trombudo",
    "reach": "R1",
    "rs": 19220.89
   },
   "geometry": {
    "type": "LineString",
    "coordinates": [
     [
      -49.815476,
      -27.347625
     ],
     [
      -49.807276,
      -27.351569
     ]
    ]
   }
  },
  {
   "type": "Feature",
   "properties": {
    "rio": "Rio_Trombudo",
    "reach": "R1",
    "rs": 18341.84
   },
   "geometry": {
    "type": "LineString",
    "coordinates": [
     [
      -49.813684,
      -27.340452
     ],
     [
      -49.80487,
      -27.344028
     ]
    ]
   }
  },
  {
   "type": "Feature",
   "properties": {
    "rio": "Rio_Trombudo",
    "reach": "R1",
    "rs": 17686.53
   },
   "geometry": {
    "type": "LineString",
    "coordinates": [
     [
      -49.809477,
      -27.337232
     ],
     [
      -49.800018,
      -27.340097
     ]
    ]
   }
  },
  {
   "type": "Feature",
   "properties": {
    "rio": "Rio_Trombudo",
    "reach": "R1",
    "rs": 17004.9
   },
   "geometry": {
    "type": "LineString",
    "coordinates": [
     [
      -49.806256,
      -27.331198
     ],
     [
      -49.797254,
      -27.335301
     ]
    ]
   }
  },
  {
   "type": "Feature",
   "properties": {
    "rio": "Rio_Trombudo",
    "reach": "R1",
    "rs": 16338.34
   },
   "geometry": {
    "type": "LineString",
    "coordinates": [
     [
      -49.806089,
      -27.327406
     ],
     [
      -49.795983,
      -27.32732
     ]
    ]
   }
  },
  {
   "type": "Feature",
   "properties": {
    "rio": "Rio_Trombudo",
    "reach": "R1",
    "rs": 15675.56
   },
   "geometry": {
    "type": "LineString",
    "coordinates": [
     [
      -49.804324,
      -27.319759
     ],
     [
      -49.795122,
      -27.323491
     ]
    ]
   }
  },
  {
   "type": "Feature",
   "properties": {
    "rio": "Rio_Trombudo",
    "reach": "R1",
    "rs": 15063.97
   },
   "geometry": {
    "type": "LineString",
    "coordinates": [
     [
      -49.803181,
      -27.315677
     ],
     [
      -49.793192,
      -27.317047
     ]
    ]
   }
  },
  {
   "type": "Feature",
   "properties": {
    "rio": "Rio_Trombudo",
    "reach": "R1",
    "rs": 14724.95
   },
   "geometry": {
    "type": "LineString",
    "coordinates": [
     [
      -49.802486,
      -27.312405
     ],
     [
      -49.792607,
      -27.314307
     ]
    ]
   }
  },
  {
   "type": "Feature",
   "properties": {
    "rio": "Rio_Trombudo",
    "reach": "R1",
    "rs": 14401.31
   },
   "geometry": {
    "type": "LineString",
    "coordinates": [
     [
      -49.801425,
      -27.308983
     ],
     [
      -49.791948,
      -27.312116
     ]
    ]
   }
  },
  {
   "type": "Feature",
   "properties": {
    "rio": "Rio_Trombudo",
    "reach": "R1",
    "rs": 14171.16
   },
   "geometry": {
    "type": "LineString",
    "coordinates": [
     [
      -49.800313,
      -27.306642
     ],
     [
      -49.79125,
      -27.310633
     ]
    ]
   }
  },
  {
   "type": "Feature",
   "properties": {
    "rio": "Rio_Trombudo",
    "reach": "R1",
    "rs": 14005.61
   },
   "geometry": {
    "type": "LineString",
    "coordinates": [
     [
      -49.799409,
      -27.305319
     ],
     [
      -49.790407,
      -27.309421
     ]
    ]
   }
  },
  {
   "type": "Feature",
   "properties": {
    "rio": "Rio_Trombudo",
    "reach": "R1",
    "rs": 13766.64
   },
   "geometry": {
    "type": "LineString",
    "coordinates": [
     [
      -49.798621,
      -27.303791
     ],
     [
      -49.789189,
      -27.307028
     ]
    ]
   }
  },
  {
   "type": "Feature",
   "properties": {
    "rio": "Rio_Trombudo",
    "reach": "R1",
    "rs": 13370.66
   },
   "geometry": {
    "type": "LineString",
    "coordinates": [
     [
      -49.796809,
      -27.299745
     ],
     [
      -49.788177,
      -27.304436
     ]
    ]
   }
  },
  {
   "type": "Feature",
   "properties": {
    "rio": "Rio_Trombudo",
    "reach": "R1",
    "rs": 12726.15
   },
   "geometry": {
    "type": "LineString",
    "coordinates": [
     [
      -49.790212,
      -27.295237
     ],
     [
      -49.784462,
      -27.302445
     ]
    ]
   }
  },
  {
   "type": "Feature",
   "properties": {
    "rio": "Rio_Trombudo",
    "reach": "R1",
    "rs": 12098.13
   },
   "geometry": {
    "type": "LineString",
    "coordinates": [
     [
      -49.786912,
      -27.292034
     ],
     [
      -49.779162,
      -27.297264
     ]
    ]
   }
  },
  {
   "type": "Feature",
   "properties": {
    "rio": "Rio_Trombudo",
    "reach": "R1",
    "rs": 11537.44
   },
   "geometry": {
    "type": "LineString",
    "coordinates": [
     [
      -49.78399,
      -27.287037
     ],
     [
      -49.77756,
      -27.293303
     ]
    ]
   }
  },
  {
   "type": "Feature",
   "properties": {
    "rio": "Rio_Trombudo",
    "reach": "R1",
    "rs": 10881.51
   },
   "geometry": {
    "type": "LineString",
    "coordinates": [
     [
      -49.774581,
      -27.287261
     ],
     [
      -49.775497,
      -27.295723
     ]
    ]
   }
  },
  {
   "type": "Feature",
   "properties": {
    "rio": "Rio_Trombudo",
    "reach": "R1",
    "rs": 10723.9
   },
   "geometry": {
    "type": "LineString",
    "coordinates": [
     [
      -49.774115,
      -27.287149
     ],
     [
      -49.772663,
      -27.29555
     ]
    ]
   }
  },
  {
   "type": "Feature",
   "properties": {
    "rio": "Rio_Trombudo",
    "reach": "R1",
    "rs": 10571.32
   },
   "geometry": {
    "type": "LineString",
    "coordinates": [
     [
      -49.773283,
      -27.286937
     ],
     [
      -49.770449,
      -27.295014
     ]
    ]
   }
  },
  {
   "type": "Feature",
   "properties": {
    "rio": "Rio_Trombudo",
    "reach": "R1",
    "rs": 10421.32
   },
   "geometry": {
    "type": "LineString",
    "coordinates": [
     [
      -49.772058,
      -27.286348
     ],
     [
      -49.768919,
      -27.294402
     ]
    ]
   }
  },
  {
   "type": "Feature",
   "properties": {
    "rio": "Rio_Trombudo",
    "reach": "R1",
    "rs": 10271.32
   },
   "geometry": {
    "type": "LineString",
    "coordinates": [
     [
      -49.77079,
      -27.285837
     ],
     [
      -49.76739,
      -27.293874
     ]
    ]
   }
  },
  {
   "type": "Feature",
   "properties": {
    "rio": "Rio_Trombudo",
    "reach": "R1",
    "rs": 10121.32
   },
   "geometry": {
    "type": "LineString",
    "coordinates": [
     [
      -49.7697,
      -27.285382
     ],
     [
      -49.76572,
      -27.293235
     ]
    ]
   }
  },
  {
   "type": "Feature",
   "properties": {
    "rio": "Rio_Trombudo",
    "reach": "R1",
    "rs": 9971.32
   },
   "geometry": {
    "type": "LineString",
    "coordinates": [
     [
      -49.76887,
      -27.285032
     ],
     [
      -49.763891,
      -27.292332
     ]
    ]
   }
  },
  {
   "type": "Feature",
   "properties": {
    "rio": "Rio_Trombudo",
    "reach": "R1",
    "rs": 9666.59
   },
   "geometry": {
    "type": "LineString",
    "coordinates": [
     [
      -49.766351,
      -27.283381
     ],
     [
      -49.761514,
      -27.290674
     ]
    ]
   }
  },
  {
   "type": "Feature",
   "properties": {
    "rio": "Rio_Trombudo",
    "reach": "R1",
    "rs": 9234.19
   },
   "geometry": {
    "type": "LineString",
    "coordinates": [
     [
      -49.765222,
      -27.283139
     ],
     [
      -49.756511,
      -27.286496
     ]
    ]
   }
  },
  {
   "type": "Feature",
   "properties": {
    "rio": "Rio_Trombudo",
    "reach": "R1",
    "rs": 8708.04
   },
   "geometry": {
    "type": "LineString",
    "coordinates": [
     [
      -49.760055,
      -27.276941
     ],
     [
      -49.756725,
      -27.284879
     ]
    ]
   }
  },
  {
   "type": "Feature",
   "properties": {
    "rio": "Rio_Trombudo",
    "reach": "R1",
    "rs": 7924.21
   },
   "geometry": {
    "type": "LineString",
    "coordinates": [
     [
      -49.756051,
      -27.276102
     ],
     [
      -49.748607,
      -27.281356
     ]
    ]
   }
  },
  {
   "type": "Feature",
   "properties": {
    "rio": "Rio_Trombudo",
    "reach": "R1",
    "rs": 7255.73
   },
   "geometry": {
    "type": "LineString",
    "coordinates": [
     [
      -49.747596,
      -27.271033
     ],
     [
      -49.746066,
      -27.27951
     ]
    ]
   }
  },
  {
   "type": "Feature",
   "properties": {
    "rio": "Rio_Trombudo",
    "reach": "R1",
    "rs": 6560.36
   },
   "geometry": {
    "type": "LineString",
    "coordinates": [
     [
      -49.738821,
      -27.274818
     ],
     [
      -49.74382,
      -27.282321
     ]
    ]
   }
  },
  {
   "type": "Feature",
   "properties": {
    "rio": "Rio_Trombudo",
    "reach": "R1",
    "rs": 5649.43
   },
   "geometry": {
    "type": "LineString",
    "coordinates": [
     [
      -49.737339,
      -27.270352
     ],
     [
      -49.733038,
      -27.278396
     ]
    ]
   }
  },
  {
   "type": "Feature",
   "properties": {
    "rio": "Rio_Trombudo",
    "reach": "R1",
    "rs": 4669.33
   },
   "geometry": {
    "type": "LineString",
    "coordinates": [
     [
      -49.731196,
      -27.267608
     ],
     [
      -49.722932,
      -27.272734
     ]
    ]
   }
  },
  {
   "type": "Feature",
   "properties": {
    "rio": "Rio_Trombudo",
    "reach": "R1",
    "rs": 3708.68
   },
   "geometry": {
    "type": "LineString",
    "coordinates": [
     [
      -49.72485,
      -27.260421
     ],
     [
      -49.717284,
      -27.266402
     ]
    ]
   }
  },
  {
   "type": "Feature",
   "properties": {
    "rio": "Rio_Trombudo",
    "reach": "R1",
    "rs": 2822.21
   },
   "geometry": {
    "type": "LineString",
    "coordinates": [
     [
      -49.716186,
      -27.25497
     ],
     [
      -49.711419,
      -27.262928
     ]
    ]
   }
  },
  {
   "type": "Feature",
   "properties": {
    "rio": "Rio_Trombudo",
    "reach": "R1",
    "rs": 2119.92
   },
   "geometry": {
    "type": "LineString",
    "coordinates": [
     [
      -49.708794,
      -27.252527
     ],
     [
      -49.7057,
      -27.261119
     ]
    ]
   }
  },
  {
   "type": "Feature",
   "properties": {
    "rio": "Rio_Trombudo",
    "reach": "R1",
    "rs": 1437.22
   },
   "geometry": {
    "type": "LineString",
    "coordinates": [
     [
      -49.702485,
      -27.251005
     ],
     [
      -49.698822,
      -27.259417
     ]
    ]
   }
  },
  {
   "type": "Feature",
   "properties": {
    "rio": "Rio_Trombudo",
    "reach": "R1",
    "rs": 590.03
   },
   "geometry": {
    "type": "LineString",
    "coordinates": [
     [
      -49.697283,
      -27.24683
     ],
     [
      -49.690971,
      -27.253877
     ]
    ]
   }
  },
  {
   "type": "Feature",
   "properties": {
    "rio": "Rio_Trombudo",
    "reach": "R1",
    "rs": 75.0
   },
   "geometry": {
    "type": "LineString",
    "coordinates": [
     [
      -49.69264,
      -27.24406
     ],
     [
      -49.686951,
      -27.251517
     ]
    ]
   }
  },
  {
   "type": "Feature",
   "properties": {
    "rio": "Itajai_Norte",
    "reach": "R1",
    "rs": 118822.9
   },
   "geometry": {
    "type": "LineString",
    "coordinates": [
     [
      -50.111244,
      -26.513767
     ],
     [
      -50.117872,
      -26.520033
     ]
    ]
   }
  },
  {
   "type": "Feature",
   "properties": {
    "rio": "Itajai_Norte",
    "reach": "R1",
    "rs": 118116.5
   },
   "geometry": {
    "type": "LineString",
    "coordinates": [
     [
      -50.109639,
      -26.514145
     ],
     [
      -50.106446,
      -26.522304
     ]
    ]
   }
  },
  {
   "type": "Feature",
   "properties": {
    "rio": "Itajai_Norte",
    "reach": "R2",
    "rs": 117426.1
   },
   "geometry": {
    "type": "LineString",
    "coordinates": [
     [
      -50.099256,
      -26.515325
     ],
     [
      -50.104783,
      -26.522403
     ]
    ]
   }
  },
  {
   "type": "Feature",
   "properties": {
    "rio": "Itajai_Norte",
    "reach": "R2",
    "rs": 116746.1
   },
   "geometry": {
    "type": "LineString",
    "coordinates": [
     [
      -50.093752,
      -26.519322
     ],
     [
      -50.09985,
      -26.526234
     ]
    ]
   }
  },
  {
   "type": "Feature",
   "properties": {
    "rio": "Itajai_Norte",
    "reach": "R2",
    "rs": 116596.1
   },
   "geometry": {
    "type": "LineString",
    "coordinates": [
     [
      -50.093044,
      -26.519598
     ],
     [
      -50.097981,
      -26.527427
     ]
    ]
   }
  },
  {
   "type": "Feature",
   "properties": {
    "rio": "Itajai_Norte",
    "reach": "R2",
    "rs": 116446.1
   },
   "geometry": {
    "type": "LineString",
    "coordinates": [
     [
      -50.0925,
      -26.519599
     ],
     [
      -50.095848,
      -26.528794
     ]
    ]
   }
  },
  {
   "type": "Feature",
   "properties": {
    "rio": "Itajai_Norte",
    "reach": "R2",
    "rs": 116296.1
   },
   "geometry": {
    "type": "LineString",
    "coordinates": [
     [
      -50.091546,
      -26.519597
     ],
     [
      -50.093983,
      -26.529991
     ]
    ]
   }
  },
  {
   "type": "Feature",
   "properties": {
    "rio": "Itajai_Norte",
    "reach": "R2",
    "rs": 116146.1
   },
   "geometry": {
    "type": "LineString",
    "coordinates": [
     [
      -50.089678,
      -26.518487
     ],
     [
      -50.092895,
      -26.531467
     ]
    ]
   }
  },
  {
   "type": "Feature",
   "properties": {
    "rio": "Itajai_Norte",
    "reach": "R2",
    "rs": 115996.1
   },
   "geometry": {
    "type": "LineString",
    "coordinates": [
     [
      -50.087319,
      -26.517755
     ],
     [
      -50.092351,
      -26.532553
     ]
    ]
   }
  },
  {
   "type": "Feature",
   "properties": {
    "rio": "Itajai_Norte",
    "reach": "R2",
    "rs": 115846.1
   },
   "geometry": {
    "type": "LineString",
    "coordinates": [
     [
      -50.085505,
      -26.517019
     ],
     [
      -50.091089,
      -26.533476
     ]
    ]
   }
  },
  {
   "type": "Feature",
   "properties": {
    "rio": "Itajai_Norte",
    "reach": "R2",
    "rs": 115684.7
   },
   "geometry": {
    "type": "LineString",
    "coordinates": [
     [
      -50.085208,
      -26.518146
     ],
     [
      -50.088473,
      -26.534088
     ]
    ]
   }
  },
  {
   "type": "Feature",
   "properties": {
    "rio": "Itajai_Norte",
    "reach": "R2",
    "rs": 115488.0
   },
   "geometry": {
    "type": "LineString",
    "coordinates": [
     [
      -50.084457,
      -26.519712
     ],
     [
      -50.085228,
      -26.534095
     ]
    ]
   }
  },
  {
   "type": "Feature",
   "properties": {
    "rio": "Itajai_Norte",
    "reach": "R2",
    "rs": 115318.3
   },
   "geometry": {
    "type": "LineString",
    "coordinates": [
     [
      -50.083114,
      -26.521237
     ],
     [
      -50.083016,
      -26.533458
     ]
    ]
   }
  },
  {
   "type": "Feature",
   "properties": {
    "rio": "Itajai_Norte",
    "reach": "R2",
    "rs": 115168.3
   },
   "geometry": {
    "type": "LineString",
    "coordinates": [
     [
      -50.081922,
      -26.521785
     ],
     [
      -50.080983,
      -26.532426
     ]
    ]
   }
  },
  {
   "type": "Feature",
   "properties": {
    "rio": "Itajai_Norte",
    "reach": "R2",
    "rs": 115018.3
   },
   "geometry": {
    "type": "LineString",
    "coordinates": [
     [
      -50.08116,
      -26.521815
     ],
     [
      -50.078472,
      -26.531357
     ]
    ]
   }
  },
  {
   "type": "Feature",
   "properties": {
    "rio": "Itajai_Norte",
    "reach": "R2",
    "rs": 114868.3
   },
   "geometry": {
    "type": "LineString",
    "coordinates": [
     [
      -50.080721,
      -26.521724
     ],
     [
      -50.075844,
      -26.530016
     ]
    ]
   }
  },
  {
   "type": "Feature",
   "properties": {
    "rio": "Itajai_Norte",
    "reach": "R2",
    "rs": 114718.3
   },
   "geometry": {
    "type": "LineString",
    "coordinates": [
     [
      -50.080309,
      -26.52128
     ],
     [
      -50.073779,
      -26.52847
     ]
    ]
   }
  },
  {
   "type": "Feature",
   "properties": {
    "rio": "Itajai_Norte",
    "reach": "R2",
    "rs": 114568.3
   },
   "geometry": {
    "type": "LineString",
    "coordinates": [
     [
      -50.079508,
      -26.520159
     ],
     [
      -50.072637,
      -26.527442
     ]
    ]
   }
  },
  {
   "type": "Feature",
   "properties": {
    "rio": "Itajai_Norte",
    "reach": "R2",
    "rs": 114418.3
   },
   "geometry": {
    "type": "LineString",
    "coordinates": [
     [
      -50.078073,
      -26.518487
     ],
     [
      -50.072261,
      -26.527008
     ]
    ]
   }
  },
  {
   "type": "Feature",
   "properties": {
    "rio": "Itajai_Norte",
    "reach": "R2",
    "rs": 114268.3
   },
   "geometry": {
    "type": "LineString",
    "coordinates": [
     [
      -50.076127,
      -26.516997
     ],
     [
      -50.071846,
      -26.526875
     ]
    ]
   }
  },
  {
   "type": "Feature",
   "properties": {
    "rio": "Itajai_Norte",
    "reach": "R2",
    "rs": 114118.3
   },
   "geometry": {
    "type": "LineString",
    "coordinates": [
     [
      -50.074227,
      -26.515703
     ],
     [
      -50.071147,
      -26.526411
     ]
    ]
   }
  },
  {
   "type": "Feature",
   "properties": {
    "rio": "Itajai_Norte",
    "reach": "R2",
    "rs": 113968.3
   },
   "geometry": {
    "type": "LineString",
    "coordinates": [
     [
      -50.073255,
      -26.514408
     ],
     [
      -50.069662,
      -26.525724
     ]
    ]
   }
  },
  {
   "type": "Feature",
   "properties": {
    "rio": "Itajai_Norte",
    "reach": "R2",
    "rs": 113818.3
   },
   "geometry": {
    "type": "LineString",
    "coordinates": [
     [
      -50.07241,
      -26.513145
     ],
     [
      -50.068218,
      -26.52487
     ]
    ]
   }
  },
  {
   "type": "Feature",
   "properties": {
    "rio": "Itajai_Norte",
    "reach": "R2",
    "rs": 113668.3
   },
   "geometry": {
    "type": "LineString",
    "coordinates": [
     [
      -50.070548,
      -26.512068
     ],
     [
      -50.067118,
      -26.524433
     ]
    ]
   }
  },
  {
   "type": "Feature",
   "properties": {
    "rio": "Itajai_Norte",
    "reach": "R2",
    "rs": 113518.3
   },
   "geometry": {
    "type": "LineString",
    "coordinates": [
     [
      -50.066906,
      -26.511939
     ],
     [
      -50.066704,
      -26.524251
     ]
    ]
   }
  },
  {
   "type": "Feature",
   "properties": {
    "rio": "Itajai_Norte",
    "reach": "R2",
    "rs": 113368.3
   },
   "geometry": {
    "type": "LineString",
    "coordinates": [
     [
      -50.063521,
      -26.512871
     ],
     [
      -50.066288,
      -26.524412
     ]
    ]
   }
  },
  {
   "type": "Feature",
   "properties": {
    "rio": "Itajai_Norte",
    "reach": "R2",
    "rs": 113218.3
   },
   "geometry": {
    "type": "LineString",
    "coordinates": [
     [
      -50.061381,
      -26.514072
     ],
     [
      -50.065385,
      -26.524799
     ]
    ]
   }
  },
  {
   "type": "Feature",
   "properties": {
    "rio": "Itajai_Norte",
    "reach": "R2",
    "rs": 113068.3
   },
   "geometry": {
    "type": "LineString",
    "coordinates": [
     [
      -50.060784,
      -26.515257
     ],
     [
      -50.063866,
      -26.526123
     ]
    ]
   }
  },
  {
   "type": "Feature",
   "properties": {
    "rio": "Itajai_Norte",
    "reach": "R2",
    "rs": 112918.3
   },
   "geometry": {
    "type": "LineString",
    "coordinates": [
     [
      -50.059911,
      -26.516131
     ],
     [
      -50.062117,
      -26.526768
     ]
    ]
   }
  },
  {
   "type": "Feature",
   "properties": {
    "rio": "Itajai_Norte",
    "reach": "R2",
    "rs": 112768.3
   },
   "geometry": {
    "type": "LineString",
    "coordinates": [
     [
      -50.059103,
      -26.517032
     ],
     [
      -50.060088,
      -26.527405
     ]
    ]
   }
  },
  {
   "type": "Feature",
   "properties": {
    "rio": "Itajai_Norte",
    "reach": "R2",
    "rs": 112618.3
   },
   "geometry": {
    "type": "LineString",
    "coordinates": [
     [
      -50.058136,
      -26.517137
     ],
     [
      -50.057969,
      -26.52718
     ]
    ]
   }
  },
  {
   "type": "Feature",
   "properties": {
    "rio": "Itajai_Norte",
    "reach": "R2",
    "rs": 112440.1
   },
   "geometry": {
    "type": "LineString",
    "coordinates": [
     [
      -50.057601,
      -26.517145
     ],
     [
      -50.054801,
      -26.526868
     ]
    ]
   }
  },
  {
   "type": "Feature",
   "properties": {
    "rio": "Itajai_Norte",
    "reach": "R2",
    "rs": 112093.0
   },
   "geometry": {
    "type": "LineString",
    "coordinates": [
     [
      -50.054946,
      -26.515996
     ],
     [
      -50.051073,
      -26.525416
     ]
    ]
   }
  },
  {
   "type": "Feature",
   "properties": {
    "rio": "Itajai_Norte",
    "reach": "R2",
    "rs": 111638.6
   },
   "geometry": {
    "type": "LineString",
    "coordinates": [
     [
      -50.047704,
      -26.515373
     ],
     [
      -50.049764,
      -26.525279
     ]
    ]
   }
  },
  {
   "type": "Feature",
   "properties": {
    "rio": "Itajai_Norte",
    "reach": "R2",
    "rs": 111049.3
   },
   "geometry": {
    "type": "LineString",
    "coordinates": [
     [
      -50.044007,
      -26.516405
     ],
     [
      -50.041935,
      -26.526344
     ]
    ]
   }
  },
  {
   "type": "Feature",
   "properties": {
    "rio": "Itajai_Norte",
    "reach": "R2",
    "rs": 110899.3
   },
   "geometry": {
    "type": "LineString",
    "coordinates": [
     [
      -50.043631,
      -26.516124
     ],
     [
      -50.039426,
      -26.525539
     ]
    ]
   }
  },
  {
   "type": "Feature",
   "properties": {
    "rio": "Itajai_Norte",
    "reach": "R2",
    "rs": 110749.3
   },
   "geometry": {
    "type": "LineString",
    "coordinates": [
     [
      -50.042284,
      -26.515542
     ],
     [
      -50.037998,
      -26.525104
     ]
    ]
   }
  },
  {
   "type": "Feature",
   "properties": {
    "rio": "Itajai_Norte",
    "reach": "R2",
    "rs": 110599.3
   },
   "geometry": {
    "type": "LineString",
    "coordinates": [
     [
      -50.040825,
      -26.51441
     ],
     [
      -50.036835,
      -26.524954
     ]
    ]
   }
  },
  {
   "type": "Feature",
   "properties": {
    "rio": "Itajai_Norte",
    "reach": "R2",
    "rs": 110449.3
   },
   "geometry": {
    "type": "LineString",
    "coordinates": [
     [
      -50.038482,
      -26.514292
     ],
     [
      -50.036128,
      -26.525371
     ]
    ]
   }
  },
  {
   "type": "Feature",
   "properties": {
    "rio": "Itajai_Norte",
    "reach": "R2",
    "rs": 110299.3
   },
   "geometry": {
    "type": "LineString",
    "coordinates": [
     [
      -50.036469,
      -26.514355
     ],
     [
      -50.035241,
      -26.525556
     ]
    ]
   }
  },
  {
   "type": "Feature",
   "properties": {
    "rio": "Itajai_Norte",
    "reach": "R2",
    "rs": 110149.3
   },
   "geometry": {
    "type": "LineString",
    "coordinates": [
     [
      -50.034972,
      -26.515201
     ],
     [
      -50.033534,
      -26.525692
     ]
    ]
   }
  },
  {
   "type": "Feature",
   "properties": {
    "rio": "Itajai_Norte",
    "reach": "R2",
    "rs": 109999.3
   },
   "geometry": {
    "type": "LineString",
    "coordinates": [
     [
      -50.03402,
      -26.515179
     ],
     [
      -50.031005,
      -26.525607
     ]
    ]
   }
  },
  {
   "type": "Feature",
   "properties": {
    "rio": "Itajai_Norte",
    "reach": "R2",
    "rs": 109742.7
   },
   "geometry": {
    "type": "LineString",
    "coordinates": [
     [
      -50.033339,
      -26.514881
     ],
     [
      -50.025469,
      -26.523539
     ]
    ]
   }
  },
  {
   "type": "Feature",
   "properties": {
    "rio": "Itajai_Norte",
    "reach": "R2",
    "rs": 109524.7
   },
   "geometry": {
    "type": "LineString",
    "coordinates": [
     [
      -50.032819,
      -26.514256
     ],
     [
      -50.021775,
      -26.520616
     ]
    ]
   }
  },
  {
   "type": "Feature",
   "properties": {
    "rio": "Itajai_Norte",
    "reach": "R2",
    "rs": 109374.7
   },
   "geometry": {
    "type": "LineString",
    "coordinates": [
     [
      -50.032593,
      -26.513346
     ],
     [
      -50.020185,
      -26.51876
     ]
    ]
   }
  },
  {
   "type": "Feature",
   "properties": {
    "rio": "Itajai_Norte",
    "reach": "R2",
    "rs": 109224.7
   },
   "geometry": {
    "type": "LineString",
    "coordinates": [
     [
      -50.033579,
      -26.511672
     ],
     [
      -50.019259,
      -26.517252
     ]
    ]
   }
  },
  {
   "type": "Feature",
   "properties": {
    "rio": "Itajai_Norte",
    "reach": "R2",
    "rs": 109074.7
   },
   "geometry": {
    "type": "LineString",
    "coordinates": [
     [
      -50.034463,
      -26.509328
     ],
     [
      -50.018992,
      -26.516527
     ]
    ]
   }
  },
  {
   "type": "Feature",
   "properties": {
    "rio": "Itajai_Norte",
    "reach": "R2",
    "rs": 108924.7
   },
   "geometry": {
    "type": "LineString",
    "coordinates": [
     [
      -50.034822,
      -26.507044
     ],
     [
      -50.018522,
      -26.515843
     ]
    ]
   }
  },
  {
   "type": "Feature",
   "properties": {
    "rio": "Itajai_Norte",
    "reach": "R2",
    "rs": 108774.7
   },
   "geometry": {
    "type": "LineString",
    "coordinates": [
     [
      -50.033739,
      -26.505266
     ],
     [
      -50.01807,
      -26.515307
     ]
    ]
   }
  },
  {
   "type": "Feature",
   "properties": {
    "rio": "Itajai_Norte",
    "reach": "R2",
    "rs": 108624.7
   },
   "geometry": {
    "type": "LineString",
    "coordinates": [
     [
      -50.03291,
      -26.504237
     ],
     [
      -50.017135,
      -26.514146
     ]
    ]
   }
  },
  {
   "type": "Feature",
   "properties": {
    "rio": "Itajai_Norte",
    "reach": "R2",
    "rs": 108474.7
   },
   "geometry": {
    "type": "LineString",
    "coordinates": [
     [
      -50.031754,
      -26.502878
     ],
     [
      -50.016483,
      -26.513343
     ]
    ]
   }
  },
  {
   "type": "Feature",
   "properties": {
    "rio": "Itajai_Norte",
    "reach": "R2",
    "rs": 108324.7
   },
   "geometry": {
    "type": "LineString",
    "coordinates": [
     [
      -50.030342,
      -26.501808
     ],
     [
      -50.017063,
      -26.511553
     ]
    ]
   }
  },
  {
   "type": "Feature",
   "properties": {
    "rio": "Itajai_Norte",
    "reach": "R2",
    "rs": 108174.7
   },
   "geometry": {
    "type": "LineString",
    "coordinates": [
     [
      -50.028507,
      -26.500721
     ],
     [
      -50.017935,
      -26.509652
     ]
    ]
   }
  },
  {
   "type": "Feature",
   "properties": {
    "rio": "Itajai_Norte",
    "reach": "R2",
    "rs": 108024.7
   },
   "geometry": {
    "type": "LineString",
    "coordinates": [
     [
      -50.026663,
      -26.499691
     ],
     [
      -50.018618,
      -26.507565
     ]
    ]
   }
  },
  {
   "type": "Feature",
   "properties": {
    "rio": "Itajai_Norte",
    "reach": "R2",
    "rs": 107874.7
   },
   "geometry": {
    "type": "LineString",
    "coordinates": [
     [
      -50.024897,
      -26.498382
     ],
     [
      -50.018102,
      -26.506491
     ]
    ]
   }
  },
  {
   "type": "Feature",
   "properties": {
    "rio": "Itajai_Norte",
    "reach": "R2",
    "rs": 107724.7
   },
   "geometry": {
    "type": "LineString",
    "coordinates": [
     [
      -50.022229,
      -26.496781
     ],
     [
      -50.017503,
      -26.505977
     ]
    ]
   }
  },
  {
   "type": "Feature",
   "properties": {
    "rio": "Itajai_Norte",
    "reach": "R2",
    "rs": 107574.7
   },
   "geometry": {
    "type": "LineString",
    "coordinates": [
     [
      -50.018368,
      -26.495708
     ],
     [
      -50.017092,
      -26.505775
     ]
    ]
   }
  },
  {
   "type": "Feature",
   "properties": {
    "rio": "Itajai_Norte",
    "reach": "R2",
    "rs": 107424.7
   },
   "geometry": {
    "type": "LineString",
    "coordinates": [
     [
      -50.014285,
      -26.496002
     ],
     [
      -50.016674,
      -26.505903
     ]
    ]
   }
  },
  {
   "type": "Feature",
   "properties": {
    "rio": "Itajai_Norte",
    "reach": "R2",
    "rs": 107274.7
   },
   "geometry": {
    "type": "LineString",
    "coordinates": [
     [
      -50.011658,
      -26.496848
     ],
     [
      -50.015775,
      -26.506279
     ]
    ]
   }
  },
  {
   "type": "Feature",
   "properties": {
    "rio": "Itajai_Norte",
    "reach": "R2",
    "rs": 106963.1
   },
   "geometry": {
    "type": "LineString",
    "coordinates": [
     [
      -50.01006,
      -26.497609
     ],
     [
      -50.012642,
      -26.5085
     ]
    ]
   }
  },
  {
   "type": "Feature",
   "properties": {
    "rio": "Itajai_Norte",
    "reach": "R2",
    "rs": 106346.3
   },
   "geometry": {
    "type": "LineString",
    "coordinates": [
     [
      -50.006039,
      -26.496564
     ],
     [
      -50.005414,
      -26.509493
     ]
    ]
   }
  },
  {
   "type": "Feature",
   "properties": {
    "rio": "Itajai_Norte",
    "reach": "R2",
    "rs": 105751.0
   },
   "geometry": {
    "type": "LineString",
    "coordinates": [
     [
      -49.997932,
      -26.497764
     ],
     [
      -50.001693,
      -26.512118
     ]
    ]
   }
  },
  {
   "type": "Feature",
   "properties": {
    "rio": "Itajai_Norte",
    "reach": "R2",
    "rs": 105120.4
   },
   "geometry": {
    "type": "LineString",
    "coordinates": [
     [
      -49.9877,
      -26.501026
     ],
     [
      -49.999325,
      -26.511747
     ]
    ]
   }
  },
  {
   "type": "Feature",
   "properties": {
    "rio": "Itajai_Norte",
    "reach": "R2",
    "rs": 104188.4
   },
   "geometry": {
    "type": "LineString",
    "coordinates": [
     [
      -49.982295,
      -26.506377
     ],
     [
      -49.991841,
      -26.517944
     ]
    ]
   }
  },
  {
   "type": "Feature",
   "properties": {
    "rio": "Itajai_Norte",
    "reach": "R2",
    "rs": 103256.4
   },
   "geometry": {
    "type": "LineString",
    "coordinates": [
     [
      -49.974177,
      -26.516703
     ],
     [
      -49.988647,
      -26.521389
     ]
    ]
   }
  },
  {
   "type": "Feature",
   "properties": {
    "rio": "Itajai_Norte",
    "reach": "R2",
    "rs": 102377.7
   },
   "geometry": {
    "type": "LineString",
    "coordinates": [
     [
      -49.970877,
      -26.516308
     ],
     [
      -49.978746,
      -26.527929
     ]
    ]
   }
  },
  {
   "type": "Feature",
   "properties": {
    "rio": "Itajai_Norte",
    "reach": "R2",
    "rs": 101516.4
   },
   "geometry": {
    "type": "LineString",
    "coordinates": [
     [
      -49.963036,
      -26.529004
     ],
     [
      -49.977524,
      -26.529782
     ]
    ]
   }
  },
  {
   "type": "Feature",
   "properties": {
    "rio": "Itajai_Norte",
    "reach": "R2",
    "rs": 100566.6
   },
   "geometry": {
    "type": "LineString",
    "coordinates": [
     [
      -49.960431,
      -26.532578
     ],
     [
      -49.971455,
      -26.539259
     ]
    ]
   }
  },
  {
   "type": "Feature",
   "properties": {
    "rio": "Itajai_Norte",
    "reach": "R2",
    "rs": 99566.6
   },
   "geometry": {
    "type": "LineString",
    "coordinates": [
     [
      -49.957822,
      -26.538708
     ],
     [
      -49.964338,
      -26.548117
     ]
    ]
   }
  },
  {
   "type": "Feature",
   "properties": {
    "rio": "Itajai_Norte",
    "reach": "R2",
    "rs": 98588.72
   },
   "geometry": {
    "type": "LineString",
    "coordinates": [
     [
      -49.950672,
      -26.550827
     ],
     [
      -49.96159,
      -26.548508
     ]
    ]
   }
  },
  {
   "type": "Feature",
   "properties": {
    "rio": "Itajai_Norte",
    "reach": "R2",
    "rs": 97792.72
   },
   "geometry": {
    "type": "LineString",
    "coordinates": [
     [
      -49.953343,
      -26.554619
     ],
     [
      -49.963341,
      -26.557658
     ]
    ]
   }
  },
  {
   "type": "Feature",
   "properties": {
    "rio": "Itajai_Norte",
    "reach": "R2",
    "rs": 96996.72
   },
   "geometry": {
    "type": "LineString",
    "coordinates": [
     [
      -49.950831,
      -26.562696
     ],
     [
      -49.960946,
      -26.56259
     ]
    ]
   }
  },
  {
   "type": "Feature",
   "properties": {
    "rio": "Itajai_Norte",
    "reach": "R2",
    "rs": 96642.72
   },
   "geometry": {
    "type": "LineString",
    "coordinates": [
     [
      -49.951632,
      -26.565337
     ],
     [
      -49.96198,
      -26.566394
     ]
    ]
   }
  },
  {
   "type": "Feature",
   "properties": {
    "rio": "Itajai_Norte",
    "reach": "R2",
    "rs": 96254.72
   },
   "geometry": {
    "type": "LineString",
    "coordinates": [
     [
      -49.950978,
      -26.566471
     ],
     [
      -49.959712,
      -26.572986
     ]
    ]
   }
  },
  {
   "type": "Feature",
   "properties": {
    "rio": "Itajai_Norte",
    "reach": "R2",
    "rs": 95730.37
   },
   "geometry": {
    "type": "LineString",
    "coordinates": [
     [
      -49.949712,
      -26.567
     ],
     [
      -49.949732,
      -26.578127
     ]
    ]
   }
  },
  {
   "type": "Feature",
   "properties": {
    "rio": "Itajai_Norte",
    "reach": "R2",
    "rs": 94809.58
   },
   "geometry": {
    "type": "LineString",
    "coordinates": [
     [
      -49.941874,
      -26.570085
     ],
     [
      -49.942657,
      -26.581898
     ]
    ]
   }
  },
  {
   "type": "Feature",
   "properties": {
    "rio": "Itajai_Norte",
    "reach": "R2",
    "rs": 93889.6
   },
   "geometry": {
    "type": "LineString",
    "coordinates": [
     [
      -49.933433,
      -26.567104
     ],
     [
      -49.932615,
      -26.580589
     ]
    ]
   }
  },
  {
   "type": "Feature",
   "properties": {
    "rio": "Itajai_Norte",
    "reach": "R2",
    "rs": 92991.6
   },
   "geometry": {
    "type": "LineString",
    "coordinates": [
     [
      -49.922503,
      -26.571151
     ],
     [
      -49.931115,
      -26.583868
     ]
    ]
   }
  },
  {
   "type": "Feature",
   "properties": {
    "rio": "Itajai_Norte",
    "reach": "R2",
    "rs": 92204.13
   },
   "geometry": {
    "type": "LineString",
    "coordinates": [
     [
      -49.914385,
      -26.575873
     ],
     [
      -49.925768,
      -26.586274
     ]
    ]
   }
  },
  {
   "type": "Feature",
   "properties": {
    "rio": "Itajai_Norte",
    "reach": "R2",
    "rs": 91544.13
   },
   "geometry": {
    "type": "LineString",
    "coordinates": [
     [
      -49.910855,
      -26.579942
     ],
     [
      -49.91896,
      -26.589207
     ]
    ]
   }
  },
  {
   "type": "Feature",
   "properties": {
    "rio": "Itajai_Norte",
    "reach": "R2",
    "rs": 90870.01
   },
   "geometry": {
    "type": "LineString",
    "coordinates": [
     [
      -49.907435,
      -26.587971
     ],
     [
      -49.916355,
      -26.591181
     ]
    ]
   }
  },
  {
   "type": "Feature",
   "properties": {
    "rio": "Itajai_Norte",
    "reach": "R2",
    "rs": 90210.01
   },
   "geometry": {
    "type": "LineString",
    "coordinates": [
     [
      -49.907193,
      -26.594761
     ],
     [
      -49.914459,
      -26.595531
     ]
    ]
   }
  },
  {
   "type": "Feature",
   "properties": {
    "rio": "Itajai_Norte",
    "reach": "R2",
    "rs": 89652.25
   },
   "geometry": {
    "type": "LineString",
    "coordinates": [
     [
      -49.907782,
      -26.599634
     ],
     [
      -49.914007,
      -26.600319
     ]
    ]
   }
  },
  {
   "type": "Feature",
   "properties": {
    "rio": "Itajai_Norte",
    "reach": "R2",
    "rs": 89230.25
   },
   "geometry": {
    "type": "LineString",
    "coordinates": [
     [
      -49.906655,
      -26.599849
     ],
     [
      -49.908106,
      -26.604722
     ]
    ]
   }
  },
  {
   "type": "Feature",
   "properties": {
    "rio": "Itajai_Norte",
    "reach": "R2",
    "rs": 88831.05
   },
   "geometry": {
    "type": "LineString",
    "coordinates": [
     [
      -49.903699,
      -26.600062
     ],
     [
      -49.902954,
      -26.605062
     ]
    ]
   }
  },
  {
   "type": "Feature",
   "properties": {
    "rio": "Itajai_Norte",
    "reach": "R2",
    "rs": 88390.86
   },
   "geometry": {
    "type": "LineString",
    "coordinates": [
     [
      -49.898707,
      -26.599077
     ],
     [
      -49.899494,
      -26.604258
     ]
    ]
   }
  },
  {
   "type": "Feature",
   "properties": {
    "rio": "Itajai_Norte",
    "reach": "R2",
    "rs": 87899.94
   },
   "geometry": {
    "type": "LineString",
    "coordinates": [
     [
      -49.892873,
      -26.603445
     ],
     [
      -49.898751,
      -26.605236
     ]
    ]
   }
  },
  {
   "type": "Feature",
   "properties": {
    "rio": "Itajai_Norte",
    "reach": "R2",
    "rs": 87411.2
   },
   "geometry": {
    "type": "LineString",
    "coordinates": [
     [
      -49.891325,
      -26.605307
     ],
     [
      -49.895669,
      -26.610223
     ]
    ]
   }
  },
  {
   "type": "Feature",
   "properties": {
    "rio": "Itajai_Norte",
    "reach": "R2",
    "rs": 87194.46
   },
   "geometry": {
    "type": "LineString",
    "coordinates": [
     [
      -49.889031,
      -26.605499
     ],
     [
      -49.894239,
      -26.611996
     ]
    ]
   }
  },
  {
   "type": "Feature",
   "properties": {
    "rio": "Itajai_Norte",
    "reach": "R2",
    "rs": 86979.52
   },
   "geometry": {
    "type": "LineString",
    "coordinates": [
     [
      -49.886478,
      -26.606523
     ],
     [
      -49.893578,
      -26.613657
     ]
    ]
   }
  },
  {
   "type": "Feature",
   "properties": {
    "rio": "Itajai_Norte",
    "reach": "R2",
    "rs": 86808.33
   },
   "geometry": {
    "type": "LineString",
    "coordinates": [
     [
      -49.884288,
      -26.607303
     ],
     [
      -49.893698,
      -26.615427
     ]
    ]
   }
  },
  {
   "type": "Feature",
   "properties": {
    "rio": "Itajai_Norte",
    "reach": "R2",
    "rs": 86658.33
   },
   "geometry": {
    "type": "LineString",
    "coordinates": [
     [
      -49.88208,
      -26.607723
     ],
     [
      -49.893807,
      -26.616946
     ]
    ]
   }
  },
  {
   "type": "Feature",
   "properties": {
    "rio": "Itajai_Norte",
    "reach": "R2",
    "rs": 86508.33
   },
   "geometry": {
    "type": "LineString",
    "coordinates": [
     [
      -49.879594,
      -26.608685
     ],
     [
      -49.89439,
      -26.618084
     ]
    ]
   }
  },
  {
   "type": "Feature",
   "properties": {
    "rio": "Itajai_Norte",
    "reach": "R2",
    "rs": 86358.33
   },
   "geometry": {
    "type": "LineString",
    "coordinates": [
     [
      -49.877732,
      -26.609989
     ],
     [
      -49.894568,
      -26.61902
     ]
    ]
   }
  },
  {
   "type": "Feature",
   "properties": {
    "rio": "Itajai_Norte",
    "reach": "R2",
    "rs": 86208.33
   },
   "geometry": {
    "type": "LineString",
    "coordinates": [
     [
      -49.877134,
      -26.611264
     ],
     [
      -49.892542,
      -26.619463
     ]
    ]
   }
  },
  {
   "type": "Feature",
   "properties": {
    "rio": "Itajai_Norte",
    "reach": "R2",
    "rs": 86058.33
   },
   "geometry": {
    "type": "LineString",
    "coordinates": [
     [
      -49.876803,
      -26.611748
     ],
     [
      -49.889966,
      -26.620241
     ]
    ]
   }
  },
  {
   "type": "Feature",
   "properties": {
    "rio": "Itajai_Norte",
    "reach": "R2",
    "rs": 85908.33
   },
   "geometry": {
    "type": "LineString",
    "coordinates": [
     [
      -49.876252,
      -26.612253
     ],
     [
      -49.887381,
      -26.620609
     ]
    ]
   }
  },
  {
   "type": "Feature",
   "properties": {
    "rio": "Itajai_Norte",
    "reach": "R2",
    "rs": 85758.33
   },
   "geometry": {
    "type": "LineString",
    "coordinates": [
     [
      -49.874565,
      -26.613973
     ],
     [
      -49.886627,
      -26.62121
     ]
    ]
   }
  },
  {
   "type": "Feature",
   "properties": {
    "rio": "Itajai_Norte",
    "reach": "R2",
    "rs": 85608.33
   },
   "geometry": {
    "type": "LineString",
    "coordinates": [
     [
      -49.872817,
      -26.616896
     ],
     [
      -49.886371,
      -26.621537
     ]
    ]
   }
  },
  {
   "type": "Feature",
   "properties": {
    "rio": "Itajai_Norte",
    "reach": "R2",
    "rs": 85458.33
   },
   "geometry": {
    "type": "LineString",
    "coordinates": [
     [
      -49.872083,
      -26.61969
     ],
     [
      -49.886327,
      -26.622156
     ]
    ]
   }
  },
  {
   "type": "Feature",
   "properties": {
    "rio": "Itajai_Norte",
    "reach": "R2",
    "rs": 85308.33
   },
   "geometry": {
    "type": "LineString",
    "coordinates": [
     [
      -49.871965,
      -26.621522
     ],
     [
      -49.886794,
      -26.623335
     ]
    ]
   }
  },
  {
   "type": "Feature",
   "properties": {
    "rio": "Itajai_Norte",
    "reach": "R2",
    "rs": 85158.33
   },
   "geometry": {
    "type": "LineString",
    "coordinates": [
     [
      -49.871799,
      -26.622121
     ],
     [
      -49.886808,
      -26.625121
     ]
    ]
   }
  },
  {
   "type": "Feature",
   "properties": {
    "rio": "Itajai_Norte",
    "reach": "R2",
    "rs": 85008.33
   },
   "geometry": {
    "type": "LineString",
    "coordinates": [
     [
      -49.871665,
      -26.622655
     ],
     [
      -49.886274,
      -26.62686
     ]
    ]
   }
  },
  {
   "type": "Feature",
   "properties": {
    "rio": "Itajai_Norte",
    "reach": "R2",
    "rs": 84858.33
   },
   "geometry": {
    "type": "LineString",
    "coordinates": [
     [
      -49.871388,
      -26.62349
     ],
     [
      -49.885138,
      -26.628211
     ]
    ]
   }
  },
  {
   "type": "Feature",
   "properties": {
    "rio": "Itajai_Norte",
    "reach": "R2",
    "rs": 84702.95
   },
   "geometry": {
    "type": "LineString",
    "coordinates": [
     [
      -49.871249,
      -26.625411
     ],
     [
      -49.884212,
      -26.629158
     ]
    ]
   }
  },
  {
   "type": "Feature",
   "properties": {
    "rio": "Itajai_Norte",
    "reach": "R2",
    "rs": 84526.43
   },
   "geometry": {
    "type": "LineString",
    "coordinates": [
     [
      -49.871457,
      -26.628675
     ],
     [
      -49.883849,
      -26.629808
     ]
    ]
   }
  },
  {
   "type": "Feature",
   "properties": {
    "rio": "Itajai_Norte",
    "reach": "R2",
    "rs": 84309.37
   },
   "geometry": {
    "type": "LineString",
    "coordinates": [
     [
      -49.872868,
      -26.632719
     ],
     [
      -49.883983,
      -26.630363
     ]
    ]
   }
  },
  {
   "type": "Feature",
   "properties": {
    "rio": "Itajai_Norte",
    "reach": "R2",
    "rs": 84057.37
   },
   "geometry": {
    "type": "LineString",
    "coordinates": [
     [
      -49.874883,
      -26.6352
     ],
     [
      -49.884761,
      -26.632051
     ]
    ]
   }
  },
  {
   "type": "Feature",
   "properties": {
    "rio": "Itajai_Norte",
    "reach": "R2",
    "rs": 83817.69
   },
   "geometry": {
    "type": "LineString",
    "coordinates": [
     [
      -49.876007,
      -26.637041
     ],
     [
      -49.886082,
      -26.634
     ]
    ]
   }
  },
  {
   "type": "Feature",
   "properties": {
    "rio": "Itajai_Norte",
    "reach": "R2",
    "rs": 83599.69
   },
   "geometry": {
    "type": "LineString",
    "coordinates": [
     [
      -49.877116,
      -26.638599
     ],
     [
      -49.887452,
      -26.635863
     ]
    ]
   }
  },
  {
   "type": "Feature",
   "properties": {
    "rio": "Itajai_Norte",
    "reach": "R2",
    "rs": 83381.69
   },
   "geometry": {
    "type": "LineString",
    "coordinates": [
     [
      -49.877425,
      -26.639733
     ],
     [
      -49.889294,
      -26.638556
     ]
    ]
   }
  },
  {
   "type": "Feature",
   "properties": {
    "rio": "Itajai_Norte",
    "reach": "R2",
    "rs": 83165.9
   },
   "geometry": {
    "type": "LineString",
    "coordinates": [
     [
      -49.878072,
      -26.640369
     ],
     [
      -49.889965,
      -26.642447
     ]
    ]
   }
  },
  {
   "type": "Feature",
   "properties": {
    "rio": "Itajai_Norte",
    "reach": "R2",
    "rs": 82979.46
   },
   "geometry": {
    "type": "LineString",
    "coordinates": [
     [
      -49.877915,
      -26.641597
     ],
     [
      -49.889449,
      -26.644839
     ]
    ]
   }
  },
  {
   "type": "Feature",
   "properties": {
    "rio": "Itajai_Norte",
    "reach": "R2",
    "rs": 82818.37
   },
   "geometry": {
    "type": "LineString",
    "coordinates": [
     [
      -49.877859,
      -26.643209
     ],
     [
      -49.888612,
      -26.64584
     ]
    ]
   }
  },
  {
   "type": "Feature",
   "properties": {
    "rio": "Itajai_Norte",
    "reach": "R2",
    "rs": 82668.37
   },
   "geometry": {
    "type": "LineString",
    "coordinates": [
     [
      -49.877949,
      -26.644278
     ],
     [
      -49.887865,
      -26.647673
     ]
    ]
   }
  },
  {
   "type": "Feature",
   "properties": {
    "rio": "Itajai_Norte",
    "reach": "R2",
    "rs": 82518.37
   },
   "geometry": {
    "type": "LineString",
    "coordinates": [
     [
      -49.877832,
      -26.644655
     ],
     [
      -49.885725,
      -26.650328
     ]
    ]
   }
  },
  {
   "type": "Feature",
   "properties": {
    "rio": "Itajai_Norte",
    "reach": "R2",
    "rs": 82350.75
   },
   "geometry": {
    "type": "LineString",
    "coordinates": [
     [
      -49.877397,
      -26.645008
     ],
     [
      -49.882528,
      -26.652172
     ]
    ]
   }
  },
  {
   "type": "Feature",
   "properties": {
    "rio": "Itajai_Norte",
    "reach": "R2",
    "rs": 82137.85
   },
   "geometry": {
    "type": "LineString",
    "coordinates": [
     [
      -49.8756,
      -26.646034
     ],
     [
      -49.880279,
      -26.652477
     ]
    ]
   }
  },
  {
   "type": "Feature",
   "properties": {
    "rio": "Itajai_Norte",
    "reach": "R2",
    "rs": 81799.38
   },
   "geometry": {
    "type": "LineString",
    "coordinates": [
     [
      -49.872805,
      -26.648963
     ],
     [
      -49.878853,
      -26.653069
     ]
    ]
   }
  },
  {
   "type": "Feature",
   "properties": {
    "rio": "Itajai_Norte",
    "reach": "R2",
    "rs": 81488.56
   },
   "geometry": {
    "type": "LineString",
    "coordinates": [
     [
      -49.871726,
      -26.650528
     ],
     [
      -49.875111,
      -26.656085
     ]
    ]
   }
  },
  {
   "type": "Feature",
   "properties": {
    "rio": "Itajai_Norte",
    "reach": "R2",
    "rs": 81248.69
   },
   "geometry": {
    "type": "LineString",
    "coordinates": [
     [
      -49.871048,
      -26.650532
     ],
     [
      -49.869947,
      -26.656571
     ]
    ]
   }
  },
  {
   "type": "Feature",
   "properties": {
    "rio": "Itajai_Norte",
    "reach": "R2",
    "rs": 81016.79
   },
   "geometry": {
    "type": "LineString",
    "coordinates": [
     [
      -49.869508,
      -26.649752
     ],
     [
      -49.866952,
      -26.655424
     ]
    ]
   }
  },
  {
   "type": "Feature",
   "properties": {
    "rio": "Itajai_Norte",
    "reach": "R2",
    "rs": 80834.37
   },
   "geometry": {
    "type": "LineString",
    "coordinates": [
     [
      -49.867425,
      -26.648508
     ],
     [
      -49.866067,
      -26.655031
     ]
    ]
   }
  },
  {
   "type": "Feature",
   "properties": {
    "rio": "Itajai_Norte",
    "reach": "R2",
    "rs": 80684.37
   },
   "geometry": {
    "type": "LineString",
    "coordinates": [
     [
      -49.865132,
      -26.647796
     ],
     [
      -49.865625,
      -26.654886
     ]
    ]
   }
  },
  {
   "type": "Feature",
   "properties": {
    "rio": "Itajai_Norte",
    "reach": "R2",
    "rs": 80534.37
   },
   "geometry": {
    "type": "LineString",
    "coordinates": [
     [
      -49.862606,
      -26.647165
     ],
     [
      -49.865049,
      -26.655133
     ]
    ]
   }
  },
  {
   "type": "Feature",
   "properties": {
    "rio": "Itajai_Norte",
    "reach": "R2",
    "rs": 80307.13
   },
   "geometry": {
    "type": "LineString",
    "coordinates": [
     [
      -49.860368,
      -26.647311
     ],
     [
      -49.862859,
      -26.655845
     ]
    ]
   }
  },
  {
   "type": "Feature",
   "properties": {
    "rio": "Itajai_Norte",
    "reach": "R2",
    "rs": 79987.13
   },
   "geometry": {
    "type": "LineString",
    "coordinates": [
     [
      -49.857087,
      -26.647298
     ],
     [
      -49.859697,
      -26.656277
     ]
    ]
   }
  },
  {
   "type": "Feature",
   "properties": {
    "rio": "Itajai_Norte",
    "reach": "R2",
    "rs": 79623.39
   },
   "geometry": {
    "type": "LineString",
    "coordinates": [
     [
      -49.851086,
      -26.650939
     ],
     [
      -49.85871,
      -26.656624
     ]
    ]
   }
  },
  {
   "type": "Feature",
   "properties": {
    "rio": "Itajai_Norte",
    "reach": "R2",
    "rs": 79201.39
   },
   "geometry": {
    "type": "LineString",
    "coordinates": [
     [
      -49.848898,
      -26.656697
     ],
     [
      -49.858238,
      -26.658633
     ]
    ]
   }
  },
  {
   "type": "Feature",
   "properties": {
    "rio": "Itajai_Norte",
    "reach": "R2",
    "rs": 78752.66
   },
   "geometry": {
    "type": "LineString",
    "coordinates": [
     [
      -49.848304,
      -26.658348
     ],
     [
      -49.855863,
      -26.663989
     ]
    ]
   }
  },
  {
   "type": "Feature",
   "properties": {
    "rio": "Itajai_Norte",
    "reach": "R2",
    "rs": 78262.66
   },
   "geometry": {
    "type": "LineString",
    "coordinates": [
     [
      -49.844817,
      -26.66159
     ],
     [
      -49.852505,
      -26.66711
     ]
    ]
   }
  },
  {
   "type": "Feature",
   "properties": {
    "rio": "Itajai_Norte",
    "reach": "R2",
    "rs": 77772.66
   },
   "geometry": {
    "type": "LineString",
    "coordinates": [
     [
      -49.841645,
      -26.667984
     ],
     [
      -49.851443,
      -26.668957
     ]
    ]
   }
  },
  {
   "type": "Feature",
   "properties": {
    "rio": "Itajai_Norte",
    "reach": "R2",
    "rs": 77282.66
   },
   "geometry": {
    "type": "LineString",
    "coordinates": [
     [
      -49.842433,
      -26.669458
     ],
     [
      -49.849308,
      -26.675311
     ]
    ]
   }
  },
  {
   "type": "Feature",
   "properties": {
    "rio": "Itajai_Norte",
    "reach": "R2",
    "rs": 76792.66
   },
   "geometry": {
    "type": "LineString",
    "coordinates": [
     [
      -49.839563,
      -26.669676
     ],
     [
      -49.843319,
      -26.677488
     ]
    ]
   }
  },
  {
   "type": "Feature",
   "properties": {
    "rio": "Itajai_Norte",
    "reach": "R2",
    "rs": 76302.66
   },
   "geometry": {
    "type": "LineString",
    "coordinates": [
     [
      -49.833152,
      -26.675454
     ],
     [
      -49.842101,
      -26.678242
     ]
    ]
   }
  },
  {
   "type": "Feature",
   "properties": {
    "rio": "Itajai_Norte",
    "reach": "R2",
    "rs": 75872.58
   },
   "geometry": {
    "type": "LineString",
    "coordinates": [
     [
      -49.832846,
      -26.68159
     ],
     [
      -49.84256,
      -26.680246
     ]
    ]
   }
  },
  {
   "type": "Feature",
   "properties": {
    "rio": "Itajai_Norte",
    "reach": "R2",
    "rs": 75556.03
   },
   "geometry": {
    "type": "LineString",
    "coordinates": [
     [
      -49.833297,
      -26.684407
     ],
     [
      -49.843657,
      -26.682973
     ]
    ]
   }
  },
  {
   "type": "Feature",
   "properties": {
    "rio": "Itajai_Norte",
    "reach": "R2",
    "rs": 75282.53
   },
   "geometry": {
    "type": "LineString",
    "coordinates": [
     [
      -49.833813,
      -26.686607
     ],
     [
      -49.845061,
      -26.685506
     ]
    ]
   }
  },
  {
   "type": "Feature",
   "properties": {
    "rio": "Itajai_Norte",
    "reach": "R2",
    "rs": 75046.23
   },
   "geometry": {
    "type": "LineString",
    "coordinates": [
     [
      -49.834258,
      -26.687817
     ],
     [
      -49.846014,
      -26.688653
     ]
    ]
   }
  },
  {
   "type": "Feature",
   "properties": {
    "rio": "Itajai_Norte",
    "reach": "R2",
    "rs": 74828.23
   },
   "geometry": {
    "type": "LineString",
    "coordinates": [
     [
      -49.834112,
      -26.688713
     ],
     [
      -49.846151,
      -26.692084
     ]
    ]
   }
  },
  {
   "type": "Feature",
   "properties": {
    "rio": "Itajai_Norte",
    "reach": "R2",
    "rs": 74610.23
   },
   "geometry": {
    "type": "LineString",
    "coordinates": [
     [
      -49.833845,
      -26.689252
     ],
     [
      -49.844843,
      -26.695957
     ]
    ]
   }
  },
  {
   "type": "Feature",
   "properties": {
    "rio": "Itajai_Norte",
    "reach": "R2",
    "rs": 74392.23
   },
   "geometry": {
    "type": "LineString",
    "coordinates": [
     [
      -49.832984,
      -26.689994
     ],
     [
      -49.842851,
      -26.698883
     ]
    ]
   }
  },
  {
   "type": "Feature",
   "properties": {
    "rio": "Itajai_Norte",
    "reach": "R2",
    "rs": 74174.23
   },
   "geometry": {
    "type": "LineString",
    "coordinates": [
     [
      -49.830692,
      -26.690694
     ],
     [
      -49.841238,
      -26.700229
     ]
    ]
   }
  },
  {
   "type": "Feature",
   "properties": {
    "rio": "Itajai_Norte",
    "reach": "R2",
    "rs": 73956.23
   },
   "geometry": {
    "type": "LineString",
    "coordinates": [
     [
      -49.827728,
      -26.691988
     ],
     [
      -49.84048,
      -26.700904
     ]
    ]
   }
  },
  {
   "type": "Feature",
   "properties": {
    "rio": "Itajai_Norte",
    "reach": "R2",
    "rs": 73738.23
   },
   "geometry": {
    "type": "LineString",
    "coordinates": [
     [
      -49.825678,
      -26.694527
     ],
     [
      -49.840146,
      -26.701413
     ]
    ]
   }
  },
  {
   "type": "Feature",
   "properties": {
    "rio": "Itajai_Norte",
    "reach": "R2",
    "rs": 73520.23
   },
   "geometry": {
    "type": "LineString",
    "coordinates": [
     [
      -49.825163,
      -26.697252
     ],
     [
      -49.839697,
      -26.702447
     ]
    ]
   }
  },
  {
   "type": "Feature",
   "properties": {
    "rio": "Itajai_Norte",
    "reach": "R2",
    "rs": 73267.49
   },
   "geometry": {
    "type": "LineString",
    "coordinates": [
     [
      -49.825189,
      -26.699835
     ],
     [
      -49.838929,
      -26.704426
     ]
    ]
   }
  },
  {
   "type": "Feature",
   "properties": {
    "rio": "Itajai_Norte",
    "reach": "R2",
    "rs": 72946.0
   },
   "geometry": {
    "type": "LineString",
    "coordinates": [
     [
      -49.824192,
      -26.702114
     ],
     [
      -49.837478,
      -26.707758
     ]
    ]
   }
  },
  {
   "type": "Feature",
   "properties": {
    "rio": "Itajai_Norte",
    "reach": "R2",
    "rs": 72509.61
   },
   "geometry": {
    "type": "LineString",
    "coordinates": [
     [
      -49.823687,
      -26.703224
     ],
     [
      -49.832063,
      -26.71411
     ]
    ]
   }
  },
  {
   "type": "Feature",
   "properties": {
    "rio": "Itajai_Norte",
    "reach": "R2",
    "rs": 71879.98
   },
   "geometry": {
    "type": "LineString",
    "coordinates": [
     [
      -49.8199,
      -26.703298
     ],
     [
      -49.822405,
      -26.716371
     ]
    ]
   }
  },
  {
   "type": "Feature",
   "properties": {
    "rio": "Itajai_Norte",
    "reach": "R2",
    "rs": 71083.98
   },
   "geometry": {
    "type": "LineString",
    "coordinates": [
     [
      -49.810727,
      -26.705629
     ],
     [
      -49.817275,
      -26.718533
     ]
    ]
   }
  },
  {
   "type": "Feature",
   "properties": {
    "rio": "Itajai_Norte",
    "reach": "R2",
    "rs": 70219.98
   },
   "geometry": {
    "type": "LineString",
    "coordinates": [
     [
      -49.800924,
      -26.713535
     ],
     [
      -49.815462,
      -26.720024
     ]
    ]
   }
  },
  {
   "type": "Feature",
   "properties": {
    "rio": "Itajai_Norte",
    "reach": "R2",
    "rs": 69331.78
   },
   "geometry": {
    "type": "LineString",
    "coordinates": [
     [
      -49.79793,
      -26.723042
     ],
     [
      -49.812769,
      -26.725348
     ]
    ]
   }
  },
  {
   "type": "Feature",
   "properties": {
    "rio": "Itajai_Norte",
    "reach": "R2",
    "rs": 68442.78
   },
   "geometry": {
    "type": "LineString",
    "coordinates": [
     [
      -49.797028,
      -26.728074
     ],
     [
      -49.806596,
      -26.73508
     ]
    ]
   }
  },
  {
   "type": "Feature",
   "properties": {
    "rio": "Itajai_Norte",
    "reach": "R2",
    "rs": 67544.78
   },
   "geometry": {
    "type": "LineString",
    "coordinates": [
     [
      -49.792167,
      -26.735342
     ],
     [
      -49.800545,
      -26.740579
     ]
    ]
   }
  },
  {
   "type": "Feature",
   "properties": {
    "rio": "Itajai_Norte",
    "reach": "R2",
    "rs": 66694.81
   },
   "geometry": {
    "type": "LineString",
    "coordinates": [
     [
      -49.789236,
      -26.744783
     ],
     [
      -49.798927,
      -26.744887
     ]
    ]
   }
  },
  {
   "type": "Feature",
   "properties": {
    "rio": "Itajai_Norte",
    "reach": "R2",
    "rs": 65796.81
   },
   "geometry": {
    "type": "LineString",
    "coordinates": [
     [
      -49.788189,
      -26.74633
     ],
     [
      -49.789366,
      -26.754966
     ]
    ]
   }
  },
  {
   "type": "Feature",
   "properties": {
    "rio": "Itajai_Norte",
    "reach": "R2",
    "rs": 65259.83
   },
   "geometry": {
    "type": "LineString",
    "coordinates": [
     [
      -49.782126,
      -26.746785
     ],
     [
      -49.784847,
      -26.755136
     ]
    ]
   }
  },
  {
   "type": "Feature",
   "properties": {
    "rio": "Itajai_Norte",
    "reach": "R2",
    "rs": 64890.61
   },
   "geometry": {
    "type": "LineString",
    "coordinates": [
     [
      -49.776866,
      -26.749123
     ],
     [
      -49.78386,
      -26.755527
     ]
    ]
   }
  },
  {
   "type": "Feature",
   "properties": {
    "rio": "Itajai_Norte",
    "reach": "R2",
    "rs": 64536.61
   },
   "geometry": {
    "type": "LineString",
    "coordinates": [
     [
      -49.773532,
      -26.752386
     ],
     [
      -49.782745,
      -26.757112
     ]
    ]
   }
  },
  {
   "type": "Feature",
   "properties": {
    "rio": "Itajai_Norte",
    "reach": "R2",
    "rs": 64182.61
   },
   "geometry": {
    "type": "LineString",
    "coordinates": [
     [
      -49.771262,
      -26.755385
     ],
     [
      -49.781333,
      -26.759591
     ]
    ]
   }
  },
  {
   "type": "Feature",
   "properties": {
    "rio": "Itajai_Norte",
    "reach": "R2",
    "rs": 63857.9
   },
   "geometry": {
    "type": "LineString",
    "coordinates": [
     [
      -49.769759,
      -26.758424
     ],
     [
      -49.780342,
      -26.761995
     ]
    ]
   }
  },
  {
   "type": "Feature",
   "properties": {
    "rio": "Itajai_Norte",
    "reach": "R2",
    "rs": 63537.9
   },
   "geometry": {
    "type": "LineString",
    "coordinates": [
     [
      -49.769781,
      -26.760995
     ],
     [
      -49.779013,
      -26.765193
     ]
    ]
   }
  },
  {
   "type": "Feature",
   "properties": {
    "rio": "Itajai_Norte",
    "reach": "R2",
    "rs": 63232.86
   },
   "geometry": {
    "type": "LineString",
    "coordinates": [
     [
      -49.768854,
      -26.763807
     ],
     [
      -49.777507,
      -26.76736
     ]
    ]
   }
  },
  {
   "type": "Feature",
   "properties": {
    "rio": "Itajai_Norte",
    "reach": "R2",
    "rs": 62924.41
   },
   "geometry": {
    "type": "LineString",
    "coordinates": [
     [
      -49.76858,
      -26.767813
     ],
     [
      -49.777254,
      -26.76813
     ]
    ]
   }
  },
  {
   "type": "Feature",
   "properties": {
    "rio": "Itajai_Norte",
    "reach": "R2",
    "rs": 62513.21
   },
   "geometry": {
    "type": "LineString",
    "coordinates": [
     [
      -49.769098,
      -26.771299
     ],
     [
      -49.777731,
      -26.772128
     ]
    ]
   }
  },
  {
   "type": "Feature",
   "properties": {
    "rio": "Itajai_Norte",
    "reach": "R2",
    "rs": 61952.56
   },
   "geometry": {
    "type": "LineString",
    "coordinates": [
     [
      -49.767802,
      -26.771724
     ],
     [
      -49.769413,
      -26.779381
     ]
    ]
   }
  },
  {
   "type": "Feature",
   "properties": {
    "rio": "Itajai_Norte",
    "reach": "R2",
    "rs": 61205.42
   },
   "geometry": {
    "type": "LineString",
    "coordinates": [
     [
      -49.760751,
      -26.771741
     ],
     [
      -49.761307,
      -26.779679
     ]
    ]
   }
  },
  {
   "type": "Feature",
   "properties": {
    "rio": "Itajai_Norte",
    "reach": "R2",
    "rs": 60417.23
   },
   "geometry": {
    "type": "LineString",
    "coordinates": [
     [
      -49.751696,
      -26.775811
     ],
     [
      -49.758685,
      -26.781513
     ]
    ]
   }
  },
  {
   "type": "Feature",
   "properties": {
    "rio": "Itajai_Norte",
    "reach": "R2",
    "rs": 59655.23
   },
   "geometry": {
    "type": "LineString",
    "coordinates": [
     [
      -49.747216,
      -26.783375
     ],
     [
      -49.75731,
      -26.784739
     ]
    ]
   }
  },
  {
   "type": "Feature",
   "properties": {
    "rio": "Itajai_Norte",
    "reach": "R2",
    "rs": 58893.23
   },
   "geometry": {
    "type": "LineString",
    "coordinates": [
     [
      -49.749615,
      -26.791986
     ],
     [
      -49.758737,
      -26.786811
     ]
    ]
   }
  },
  {
   "type": "Feature",
   "properties": {
    "rio": "Itajai_Norte",
    "reach": "R2",
    "rs": 58130.59
   },
   "geometry": {
    "type": "LineString",
    "coordinates": [
     [
      -49.749119,
      -26.79342
     ],
     [
      -49.756285,
      -26.800919
     ]
    ]
   }
  },
  {
   "type": "Feature",
   "properties": {
    "rio": "Itajai_Norte",
    "reach": "R2",
    "rs": 57130.59
   },
   "geometry": {
    "type": "LineString",
    "coordinates": [
     [
      -49.740374,
      -26.800005
     ],
     [
      -49.750452,
      -26.804135
     ]
    ]
   }
  },
  {
   "type": "Feature",
   "properties": {
    "rio": "Itajai_Norte",
    "reach": "R2",
    "rs": 56130.59
   },
   "geometry": {
    "type": "LineString",
    "coordinates": [
     [
      -49.73678,
      -26.806517
     ],
     [
      -49.746489,
      -26.814272
     ]
    ]
   }
  },
  {
   "type": "Feature",
   "properties": {
    "rio": "Itajai_Norte",
    "reach": "R2",
    "rs": 55168.09
   },
   "geometry": {
    "type": "LineString",
    "coordinates": [
     [
      -49.729584,
      -26.813606
     ],
     [
      -49.74275,
      -26.820848
     ]
    ]
   }
  },
  {
   "type": "Feature",
   "properties": {
    "rio": "Itajai_Norte",
    "reach": "R2",
    "rs": 54707.0
   },
   "geometry": {
    "type": "LineString",
    "coordinates": [
     [
      -49.726069,
      -26.814232
     ],
     [
      -49.73912,
      -26.825888
     ]
    ]
   }
  },
  {
   "type": "Feature",
   "properties": {
    "rio": "Itajai_Norte",
    "reach": "R2",
    "rs": 54106.52
   },
   "geometry": {
    "type": "LineString",
    "coordinates": [
     [
      -49.721575,
      -26.817718
     ],
     [
      -49.734985,
      -26.829992
     ]
    ]
   }
  },
  {
   "type": "Feature",
   "properties": {
    "rio": "Itajai_Norte",
    "reach": "R2",
    "rs": 53456.04
   },
   "geometry": {
    "type": "LineString",
    "coordinates": [
     [
      -49.716838,
      -26.82177
     ],
     [
      -49.730373,
      -26.83416
     ]
    ]
   }
  },
  {
   "type": "Feature",
   "properties": {
    "rio": "Itajai_Norte",
    "reach": "R2",
    "rs": 52961.52
   },
   "geometry": {
    "type": "LineString",
    "coordinates": [
     [
      -49.713193,
      -26.825222
     ],
     [
      -49.726912,
      -26.836957
     ]
    ]
   }
  },
  {
   "type": "Feature",
   "properties": {
    "rio": "Itajai_Norte",
    "reach": "R2",
    "rs": 52258.45
   },
   "geometry": {
    "type": "LineString",
    "coordinates": [
     [
      -49.708327,
      -26.833338
     ],
     [
      -49.725021,
      -26.839709
     ]
    ]
   }
  },
  {
   "type": "Feature",
   "properties": {
    "rio": "Itajai_Norte",
    "reach": "R2",
    "rs": 51395.35
   },
   "geometry": {
    "type": "LineString",
    "coordinates": [
     [
      -49.706125,
      -26.838315
     ],
     [
      -49.718628,
      -26.848513
     ]
    ]
   }
  },
  {
   "type": "Feature",
   "properties": {
    "rio": "Itajai_Norte",
    "reach": "R2",
    "rs": 50863.12
   },
   "geometry": {
    "type": "LineString",
    "coordinates": [
     [
      -49.701993,
      -26.844649
     ],
     [
      -49.716378,
      -26.849248
     ]
    ]
   }
  },
  {
   "type": "Feature",
   "properties": {
    "rio": "Itajai_Norte",
    "reach": "R2",
    "rs": 50267.8
   },
   "geometry": {
    "type": "LineString",
    "coordinates": [
     [
      -49.701356,
      -26.850691
     ],
     [
      -49.715451,
      -26.853581
     ]
    ]
   }
  },
  {
   "type": "Feature",
   "properties": {
    "rio": "Itajai_Norte",
    "reach": "R2",
    "rs": 49546.62
   },
   "geometry": {
    "type": "LineString",
    "coordinates": [
     [
      -49.699358,
      -26.851605
     ],
     [
      -49.707304,
      -26.861504
     ]
    ]
   }
  },
  {
   "type": "Feature",
   "properties": {
    "rio": "Itajai_Norte",
    "reach": "R2",
    "rs": 48905.07
   },
   "geometry": {
    "type": "LineString",
    "coordinates": [
     [
      -49.696969,
      -26.852853
     ],
     [
      -49.698386,
      -26.864336
     ]
    ]
   }
  },
  {
   "type": "Feature",
   "properties": {
    "rio": "Itajai_Norte",
    "reach": "R2",
    "rs": 48755.07
   },
   "geometry": {
    "type": "LineString",
    "coordinates": [
     [
      -49.695918,
      -26.852807
     ],
     [
      -49.696464,
      -26.863705
     ]
    ]
   }
  },
  {
   "type": "Feature",
   "properties": {
    "rio": "Itajai_Norte",
    "reach": "R2",
    "rs": 48605.07
   },
   "geometry": {
    "type": "LineString",
    "coordinates": [
     [
      -49.693637,
      -26.852685
     ],
     [
      -49.695458,
      -26.863429
     ]
    ]
   }
  },
  {
   "type": "Feature",
   "properties": {
    "rio": "Itajai_Norte",
    "reach": "R2",
    "rs": 48455.07
   },
   "geometry": {
    "type": "LineString",
    "coordinates": [
     [
      -49.690675,
      -26.852826
     ],
     [
      -49.694886,
      -26.863529
     ]
    ]
   }
  },
  {
   "type": "Feature",
   "properties": {
    "rio": "Itajai_Norte",
    "reach": "R2",
    "rs": 48305.07
   },
   "geometry": {
    "type": "LineString",
    "coordinates": [
     [
      -49.687359,
      -26.853423
     ],
     [
      -49.694498,
      -26.863737
     ]
    ]
   }
  },
  {
   "type": "Feature",
   "properties": {
    "rio": "Itajai_Norte",
    "reach": "R2",
    "rs": 48148.34
   },
   "geometry": {
    "type": "LineString",
    "coordinates": [
     [
      -49.684766,
      -26.854595
     ],
     [
      -49.693849,
      -26.864255
     ]
    ]
   }
  },
  {
   "type": "Feature",
   "properties": {
    "rio": "Itajai_Norte",
    "reach": "R2",
    "rs": 47980.26
   },
   "geometry": {
    "type": "LineString",
    "coordinates": [
     [
      -49.682867,
      -26.855965
     ],
     [
      -49.693568,
      -26.865662
     ]
    ]
   }
  },
  {
   "type": "Feature",
   "properties": {
    "rio": "Itajai_Norte",
    "reach": "R2",
    "rs": 47685.0
   },
   "geometry": {
    "type": "LineString",
    "coordinates": [
     [
      -49.680642,
      -26.85941
     ],
     [
      -49.692657,
      -26.867338
     ]
    ]
   }
  },
  {
   "type": "Feature",
   "properties": {
    "rio": "Itajai_Norte",
    "reach": "R2",
    "rs": 47185.54
   },
   "geometry": {
    "type": "LineString",
    "coordinates": [
     [
      -49.6796,
      -26.865169
     ],
     [
      -49.691335,
      -26.870943
     ]
    ]
   }
  },
  {
   "type": "Feature",
   "properties": {
    "rio": "Itajai_Norte",
    "reach": "R2",
    "rs": 46421.72
   },
   "geometry": {
    "type": "LineString",
    "coordinates": [
     [
      -49.677385,
      -26.872649
     ],
     [
      -49.687741,
      -26.875821
     ]
    ]
   }
  },
  {
   "type": "Feature",
   "properties": {
    "rio": "Itajai_Norte",
    "reach": "R2",
    "rs": 45421.72
   },
   "geometry": {
    "type": "LineString",
    "coordinates": [
     [
      -49.677993,
      -26.882872
     ],
     [
      -49.687565,
      -26.882623
     ]
    ]
   }
  },
  {
   "type": "Feature",
   "properties": {
    "rio": "Itajai_Norte",
    "reach": "R2",
    "rs": 44421.72
   },
   "geometry": {
    "type": "LineString",
    "coordinates": [
     [
      -49.679965,
      -26.890115
     ],
     [
      -49.688124,
      -26.894611
     ]
    ]
   }
  },
  {
   "type": "Feature",
   "properties": {
    "rio": "Itajai_Norte",
    "reach": "R2",
    "rs": 44271.72
   },
   "geometry": {
    "type": "LineString",
    "coordinates": [
     [
      -49.679574,
      -26.890322
     ],
     [
      -49.685027,
      -26.896982
     ]
    ]
   }
  },
  {
   "type": "Feature",
   "properties": {
    "rio": "Itajai_Norte",
    "reach": "R2",
    "rs": 44121.72
   },
   "geometry": {
    "type": "LineString",
    "coordinates": [
     [
      -49.678943,
      -26.890555
     ],
     [
      -49.681818,
      -26.898063
     ]
    ]
   }
  },
  {
   "type": "Feature",
   "properties": {
    "rio": "Itajai_Norte",
    "reach": "R2",
    "rs": 43971.72
   },
   "geometry": {
    "type": "LineString",
    "coordinates": [
     [
      -49.677758,
      -26.890442
     ],
     [
      -49.679336,
      -26.897485
     ]
    ]
   }
  },
  {
   "type": "Feature",
   "properties": {
    "rio": "Itajai_Norte",
    "reach": "R2",
    "rs": 43821.72
   },
   "geometry": {
    "type": "LineString",
    "coordinates": [
     [
      -49.676252,
      -26.8897
     ],
     [
      -49.677503,
      -26.897043
     ]
    ]
   }
  },
  {
   "type": "Feature",
   "properties": {
    "rio": "Itajai_Norte",
    "reach": "R2",
    "rs": 43562.05
   },
   "geometry": {
    "type": "LineString",
    "coordinates": [
     [
      -49.67383,
      -26.889609
     ],
     [
      -49.674643,
      -26.896849
     ]
    ]
   }
  },
  {
   "type": "Feature",
   "properties": {
    "rio": "Itajai_Norte",
    "reach": "R2",
    "rs": 42883.92
   },
   "geometry": {
    "type": "LineString",
    "coordinates": [
     [
      -49.668988,
      -26.888227
     ],
     [
      -49.666831,
      -26.895531
     ]
    ]
   }
  },
  {
   "type": "Feature",
   "properties": {
    "rio": "Itajai_Norte",
    "reach": "R2",
    "rs": 41883.92
   },
   "geometry": {
    "type": "LineString",
    "coordinates": [
     [
      -49.656852,
      -26.896871
     ],
     [
      -49.664746,
      -26.895788
     ]
    ]
   }
  },
  {
   "type": "Feature",
   "properties": {
    "rio": "Itajai_Norte",
    "reach": "R2",
    "rs": 40883.92
   },
   "geometry": {
    "type": "LineString",
    "coordinates": [
     [
      -49.653931,
      -26.902094
     ],
     [
      -49.660977,
      -26.905463
     ]
    ]
   }
  },
  {
   "type": "Feature",
   "properties": {
    "rio": "Itajai_Norte",
    "reach": "R2",
    "rs": 39883.92
   },
   "geometry": {
    "type": "LineString",
    "coordinates": [
     [
      -49.655686,
      -26.91363
     ],
     [
      -49.663392,
      -26.910922
     ]
    ]
   }
  },
  {
   "type": "Feature",
   "properties": {
    "rio": "Itajai_Norte",
    "reach": "R2",
    "rs": 38883.92
   },
   "geometry": {
    "type": "LineString",
    "coordinates": [
     [
      -49.653362,
      -26.914487
     ],
     [
      -49.656402,
      -26.92188
     ]
    ]
   }
  },
  {
   "type": "Feature",
   "properties": {
    "rio": "Itajai_Norte",
    "reach": "R2",
    "rs": 37883.92
   },
   "geometry": {
    "type": "LineString",
    "coordinates": [
     [
      -49.643274,
      -26.919826
     ],
     [
      -49.649722,
      -26.926165
     ]
    ]
   }
  },
  {
   "type": "Feature",
   "properties": {
    "rio": "Itajai_Norte",
    "reach": "R2",
    "rs": 36883.92
   },
   "geometry": {
    "type": "LineString",
    "coordinates": [
     [
      -49.637133,
      -26.930307
     ],
     [
      -49.647715,
      -26.931389
     ]
    ]
   }
  },
  {
   "type": "Feature",
   "properties": {
    "rio": "Itajai_Norte",
    "reach": "R2",
    "rs": 35883.92
   },
   "geometry": {
    "type": "LineString",
    "coordinates": [
     [
      -49.63548,
      -26.93853
     ],
     [
      -49.646655,
      -26.941004
     ]
    ]
   }
  },
  {
   "type": "Feature",
   "properties": {
    "rio": "Itajai_Norte",
    "reach": "R2",
    "rs": 34883.92
   },
   "geometry": {
    "type": "LineString",
    "coordinates": [
     [
      -49.630934,
      -26.944199
     ],
     [
      -49.640691,
      -26.950616
     ]
    ]
   }
  },
  {
   "type": "Feature",
   "properties": {
    "rio": "Itajai_Norte",
    "reach": "R2",
    "rs": 33883.92
   },
   "geometry": {
    "type": "LineString",
    "coordinates": [
     [
      -49.628517,
      -26.958521
     ],
     [
      -49.638661,
      -26.952798
     ]
    ]
   }
  },
  {
   "type": "Feature",
   "properties": {
    "rio": "Itajai_Norte",
    "reach": "R2",
    "rs": 32883.92
   },
   "geometry": {
    "type": "LineString",
    "coordinates": [
     [
      -49.631172,
      -26.960837
     ],
     [
      -49.641949,
      -26.965298
     ]
    ]
   }
  },
  {
   "type": "Feature",
   "properties": {
    "rio": "Itajai_Norte",
    "reach": "R2",
    "rs": 31883.92
   },
   "geometry": {
    "type": "LineString",
    "coordinates": [
     [
      -49.627231,
      -26.961671
     ],
     [
      -49.630096,
      -26.971886
     ]
    ]
   }
  },
  {
   "type": "Feature",
   "properties": {
    "rio": "Itajai_Norte",
    "reach": "R2",
    "rs": 30883.92
   },
   "geometry": {
    "type": "LineString",
    "coordinates": [
     [
      -49.618677,
      -26.962527
     ],
     [
      -49.619264,
      -26.973047
     ]
    ]
   }
  },
  {
   "type": "Feature",
   "properties": {
    "rio": "Itajai_Norte",
    "reach": "R2",
    "rs": 29883.92
   },
   "geometry": {
    "type": "LineString",
    "coordinates": [
     [
      -49.604981,
      -26.973386
     ],
     [
      -49.616824,
      -26.973485
     ]
    ]
   }
  },
  {
   "type": "Feature",
   "properties": {
    "rio": "Itajai_Norte",
    "reach": "R2",
    "rs": 28953.59
   },
   "geometry": {
    "type": "LineString",
    "coordinates": [
     [
      -49.600513,
      -26.979148
     ],
     [
      -49.612383,
      -26.980846
     ]
    ]
   }
  },
  {
   "type": "Feature",
   "properties": {
    "rio": "Itajai_Norte",
    "reach": "R2",
    "rs": 27953.59
   },
   "geometry": {
    "type": "LineString",
    "coordinates": [
     [
      -49.609297,
      -26.990289
     ],
     [
      -49.619322,
      -26.982383
     ]
    ]
   }
  },
  {
   "type": "Feature",
   "properties": {
    "rio": "Itajai_Norte",
    "reach": "R2",
    "rs": 26953.59
   },
   "geometry": {
    "type": "LineString",
    "coordinates": [
     [
      -49.606988,
      -26.992865
     ],
     [
      -49.621375,
      -26.995117
     ]
    ]
   }
  },
  {
   "type": "Feature",
   "properties": {
    "rio": "Itajai_Norte",
    "reach": "R2",
    "rs": 25953.59
   },
   "geometry": {
    "type": "LineString",
    "coordinates": [
     [
      -49.607437,
      -26.997711
     ],
     [
      -49.61841,
      -27.007852
     ]
    ]
   }
  },
  {
   "type": "Feature",
   "properties": {
    "rio": "Itajai_Norte",
    "reach": "R2",
    "rs": 24980.02
   },
   "geometry": {
    "type": "LineString",
    "coordinates": [
     [
      -49.597661,
      -27.001791
     ],
     [
      -49.610854,
      -27.009679
     ]
    ]
   }
  },
  {
   "type": "Feature",
   "properties": {
    "rio": "Itajai_Norte",
    "reach": "R2",
    "rs": 23980.02
   },
   "geometry": {
    "type": "LineString",
    "coordinates": [
     [
      -49.592745,
      -27.010722
     ],
     [
      -49.606878,
      -27.016886
     ]
    ]
   }
  },
  {
   "type": "Feature",
   "properties": {
    "rio": "Itajai_Norte",
    "reach": "R2",
    "rs": 22980.02
   },
   "geometry": {
    "type": "LineString",
    "coordinates": [
     [
      -49.590729,
      -27.018479
     ],
     [
      -49.600812,
      -27.025613
     ]
    ]
   }
  },
  {
   "type": "Feature",
   "properties": {
    "rio": "Itajai_Norte",
    "reach": "R2",
    "rs": 21980.02
   },
   "geometry": {
    "type": "LineString",
    "coordinates": [
     [
      -49.59038,
      -27.030817
     ],
     [
      -49.600053,
      -27.028989
     ]
    ]
   }
  },
  {
   "type": "Feature",
   "properties": {
    "rio": "Itajai_Norte",
    "reach": "R2",
    "rs": 20980.02
   },
   "geometry": {
    "type": "LineString",
    "coordinates": [
     [
      -49.591797,
      -27.038484
     ],
     [
      -49.598395,
      -27.04018
     ]
    ]
   }
  },
  {
   "type": "Feature",
   "properties": {
    "rio": "Itajai_Norte",
    "reach": "R2",
    "rs": 19980.02
   },
   "geometry": {
    "type": "LineString",
    "coordinates": [
     [
      -49.588021,
      -27.045508
     ],
     [
      -49.591984,
      -27.049853
     ]
    ]
   }
  },
  {
   "type": "Feature",
   "properties": {
    "rio": "Itajai_Norte",
    "reach": "R2",
    "rs": 19695.7
   },
   "geometry": {
    "type": "LineString",
    "coordinates": [
     [
      -49.586853,
      -27.046076
     ],
     [
      -49.586791,
      -27.047655
     ],
     [
      -49.586792,
      -27.048008
     ],
     [
      -49.586792,
      -27.04836
     ],
     [
      -49.586424,
      -27.051401
     ]
    ]
   }
  },
  {
   "type": "Feature",
   "properties": {
    "rio": "Itajai_Norte",
    "reach": "R2",
    "rs": 19411.37
   },
   "geometry": {
    "type": "LineString",
    "coordinates": [
     [
      -49.586624,
      -27.046046
     ],
     [
      -49.581202,
      -27.047516
     ]
    ]
   }
  },
  {
   "type": "Feature",
   "properties": {
    "rio": "Itajai_Norte",
    "reach": "R2",
    "rs": 18991.2
   },
   "geometry": {
    "type": "LineString",
    "coordinates": [
     [
      -49.587936,
      -27.043864
     ],
     [
      -49.583068,
      -27.041853
     ]
    ]
   }
  },
  {
   "type": "Feature",
   "properties": {
    "rio": "Itajai_Norte",
    "reach": "R2",
    "rs": 18279.93
   },
   "geometry": {
    "type": "LineString",
    "coordinates": [
     [
      -49.587702,
      -27.036389
     ],
     [
      -49.582367,
      -27.038389
     ]
    ]
   }
  },
  {
   "type": "Feature",
   "properties": {
    "rio": "Itajai_Norte",
    "reach": "R2",
    "rs": 17297.88
   },
   "geometry": {
    "type": "LineString",
    "coordinates": [
     [
      -49.591018,
      -27.02972
     ],
     [
      -49.584903,
      -27.028768
     ]
    ]
   }
  },
  {
   "type": "Feature",
   "properties": {
    "rio": "Itajai_Norte",
    "reach": "R2",
    "rs": 16365.88
   },
   "geometry": {
    "type": "LineString",
    "coordinates": [
     [
      -49.580539,
      -27.023632
     ],
     [
      -49.582104,
      -27.029345
     ]
    ]
   }
  },
  {
   "type": "Feature",
   "properties": {
    "rio": "Itajai_Norte",
    "reach": "R2",
    "rs": 16083.4
   },
   "geometry": {
    "type": "LineString",
    "coordinates": [
     [
      -49.576794,
      -27.025152
     ],
     [
      -49.578495,
      -27.027137
     ],
     [
      -49.578738,
      -27.027433
     ],
     [
      -49.57898,
      -27.02773
     ],
     [
      -49.580759,
      -27.0298
     ]
    ]
   }
  },
  {
   "type": "Feature",
   "properties": {
    "rio": "Itajai_Norte",
    "reach": "R2",
    "rs": 15800.94
   },
   "geometry": {
    "type": "LineString",
    "coordinates": [
     [
      -49.574139,
      -27.02823
     ],
     [
      -49.580066,
      -27.03062
     ]
    ]
   }
  },
  {
   "type": "Feature",
   "properties": {
    "rio": "Itajai_Norte",
    "reach": "R2",
    "rs": 15725.9
   },
   "geometry": {
    "type": "LineString",
    "coordinates": [
     [
      -49.574954,
      -27.029525
     ],
     [
      -49.576368,
      -27.029903
     ],
     [
      -49.576754,
      -27.030027
     ],
     [
      -49.57714,
      -27.030152
     ],
     [
      -49.580842,
      -27.031974
     ]
    ]
   }
  },
  {
   "type": "Feature",
   "properties": {
    "rio": "Itajai_Norte",
    "reach": "R2",
    "rs": 15650.94
   },
   "geometry": {
    "type": "LineString",
    "coordinates": [
     [
      -49.573577,
      -27.02988
     ],
     [
      -49.579853,
      -27.031561
     ]
    ]
   }
  },
  {
   "type": "Feature",
   "properties": {
    "rio": "Itajai_Norte",
    "reach": "R2",
    "rs": 15500.94
   },
   "geometry": {
    "type": "LineString",
    "coordinates": [
     [
      -49.573601,
      -27.03084
     ],
     [
      -49.579636,
      -27.033369
     ]
    ]
   }
  },
  {
   "type": "Feature",
   "properties": {
    "rio": "Itajai_Norte",
    "reach": "R2",
    "rs": 15350.94
   },
   "geometry": {
    "type": "LineString",
    "coordinates": [
     [
      -49.573452,
      -27.031215
     ],
     [
      -49.578304,
      -27.035475
     ]
    ]
   }
  },
  {
   "type": "Feature",
   "properties": {
    "rio": "Itajai_Norte",
    "reach": "R2",
    "rs": 15200.94
   },
   "geometry": {
    "type": "LineString",
    "coordinates": [
     [
      -49.573003,
      -27.031294
     ],
     [
      -49.575992,
      -27.03677
     ]
    ]
   }
  },
  {
   "type": "Feature",
   "properties": {
    "rio": "Itajai_Norte",
    "reach": "R2",
    "rs": 15050.94
   },
   "geometry": {
    "type": "LineString",
    "coordinates": [
     [
      -49.571845,
      -27.031421
     ],
     [
      -49.574119,
      -27.037178
     ]
    ]
   }
  },
  {
   "type": "Feature",
   "properties": {
    "rio": "Itajai_Norte",
    "reach": "R2",
    "rs": 14900.94
   },
   "geometry": {
    "type": "LineString",
    "coordinates": [
     [
      -49.569906,
      -27.031993
     ],
     [
      -49.573264,
      -27.037432
     ]
    ]
   }
  },
  {
   "type": "Feature",
   "properties": {
    "rio": "Itajai_Norte",
    "reach": "R2",
    "rs": 14750.94
   },
   "geometry": {
    "type": "LineString",
    "coordinates": [
     [
      -49.567825,
      -27.033126
     ],
     [
      -49.572841,
      -27.037575
     ]
    ]
   }
  },
  {
   "type": "Feature",
   "properties": {
    "rio": "Itajai_Norte",
    "reach": "R2",
    "rs": 14600.94
   },
   "geometry": {
    "type": "LineString",
    "coordinates": [
     [
      -49.566556,
      -27.034672
     ],
     [
      -49.572533,
      -27.038234
     ]
    ]
   }
  },
  {
   "type": "Feature",
   "properties": {
    "rio": "Itajai_Norte",
    "reach": "R2",
    "rs": 14406.18
   },
   "geometry": {
    "type": "LineString",
    "coordinates": [
     [
      -49.566189,
      -27.035976
     ],
     [
      -49.571371,
      -27.040246
     ]
    ]
   }
  },
  {
   "type": "Feature",
   "properties": {
    "rio": "Itajai_Norte",
    "reach": "R2",
    "rs": 14216.1
   },
   "geometry": {
    "type": "LineString",
    "coordinates": [
     [
      -49.565646,
      -27.035837
     ],
     [
      -49.566989,
      -27.038569
     ],
     [
      -49.567083,
      -27.038913
     ],
     [
      -49.567176,
      -27.039256
     ],
     [
      -49.568257,
      -27.041619
     ]
    ]
   }
  },
  {
   "type": "Feature",
   "properties": {
    "rio": "Itajai_Norte",
    "reach": "R2",
    "rs": 14026.02
   },
   "geometry": {
    "type": "LineString",
    "coordinates": [
     [
      -49.565018,
      -27.036332
     ],
     [
      -49.565387,
      -27.042509
     ]
    ]
   }
  },
  {
   "type": "Feature",
   "properties": {
    "rio": "Itajai_Norte",
    "reach": "R2",
    "rs": 13876.02
   },
   "geometry": {
    "type": "LineString",
    "coordinates": [
     [
      -49.563963,
      -27.036623
     ],
     [
      -49.56314,
      -27.043214
     ]
    ]
   }
  },
  {
   "type": "Feature",
   "properties": {
    "rio": "Itajai_Norte",
    "reach": "R2",
    "rs": 13726.02
   },
   "geometry": {
    "type": "LineString",
    "coordinates": [
     [
      -49.562964,
      -27.036773
     ],
     [
      -49.560382,
      -27.043594
     ]
    ]
   }
  },
  {
   "type": "Feature",
   "properties": {
    "rio": "Itajai_Norte",
    "reach": "R2",
    "rs": 13576.02
   },
   "geometry": {
    "type": "LineString",
    "coordinates": [
     [
      -49.562381,
      -27.036535
     ],
     [
      -49.557269,
      -27.042272
     ]
    ]
   }
  },
  {
   "type": "Feature",
   "properties": {
    "rio": "Itajai_Norte",
    "reach": "R2",
    "rs": 13426.02
   },
   "geometry": {
    "type": "LineString",
    "coordinates": [
     [
      -49.562069,
      -27.036251
     ],
     [
      -49.555192,
      -27.039383
     ]
    ]
   }
  },
  {
   "type": "Feature",
   "properties": {
    "rio": "Itajai_Norte",
    "reach": "R2",
    "rs": 13276.02
   },
   "geometry": {
    "type": "LineString",
    "coordinates": [
     [
      -49.562014,
      -27.035726
     ],
     [
      -49.554818,
      -27.036399
     ]
    ]
   }
  },
  {
   "type": "Feature",
   "properties": {
    "rio": "Itajai_Norte",
    "reach": "R2",
    "rs": 13126.02
   },
   "geometry": {
    "type": "LineString",
    "coordinates": [
     [
      -49.562347,
      -27.034658
     ],
     [
      -49.554979,
      -27.034559
     ]
    ]
   }
  },
  {
   "type": "Feature",
   "properties": {
    "rio": "Itajai_Norte",
    "reach": "R2",
    "rs": 12976.02
   },
   "geometry": {
    "type": "LineString",
    "coordinates": [
     [
      -49.563305,
      -27.033022
     ],
     [
      -49.555902,
      -27.033618
     ]
    ]
   }
  },
  {
   "type": "Feature",
   "properties": {
    "rio": "Itajai_Norte",
    "reach": "R2",
    "rs": 12826.02
   },
   "geometry": {
    "type": "LineString",
    "coordinates": [
     [
      -49.563503,
      -27.030851
     ],
     [
      -49.556368,
      -27.032912
     ]
    ]
   }
  },
  {
   "type": "Feature",
   "properties": {
    "rio": "Itajai_Norte",
    "reach": "R2",
    "rs": 12503.89
   },
   "geometry": {
    "type": "LineString",
    "coordinates": [
     [
      -49.562418,
      -27.027923
     ],
     [
      -49.555601,
      -27.030262
     ]
    ]
   }
  },
  {
   "type": "Feature",
   "properties": {
    "rio": "Itajai_Norte",
    "reach": "R2",
    "rs": 12129.7
   },
   "geometry": {
    "type": "LineString",
    "coordinates": [
     [
      -49.561734,
      -27.025795
     ],
     [
      -49.557974,
      -27.026123
     ],
     [
      -49.557497,
      -27.026118
     ],
     [
      -49.557019,
      -27.026113
     ],
     [
      -49.554516,
      -27.026166
     ]
    ]
   }
  },
  {
   "type": "Feature",
   "properties": {
    "rio": "Itajai_Norte",
    "reach": "R2",
    "rs": 11755.58
   },
   "geometry": {
    "type": "LineString",
    "coordinates": [
     [
      -49.561613,
      -27.021385
     ],
     [
      -49.554862,
      -27.023565
     ]
    ]
   }
  },
  {
   "type": "Feature",
   "properties": {
    "rio": "Itajai_Norte",
    "reach": "R2",
    "rs": 11418.3
   },
   "geometry": {
    "type": "LineString",
    "coordinates": [
     [
      -49.556676,
      -27.017389
     ],
     [
      -49.555282,
      -27.020211
     ],
     [
      -49.555105,
      -27.020644
     ],
     [
      -49.554928,
      -27.021077
     ],
     [
      -49.553843,
      -27.023232
     ]
    ]
   }
  },
  {
   "type": "Feature",
   "properties": {
    "rio": "Itajai_Norte",
    "reach": "R2",
    "rs": 11080.94
   },
   "geometry": {
    "type": "LineString",
    "coordinates": [
     [
      -49.549519,
      -27.017233
     ],
     [
      -49.553253,
      -27.022592
     ]
    ]
   }
  },
  {
   "type": "Feature",
   "properties": {
    "rio": "Itajai_Norte",
    "reach": "R2",
    "rs": 10856.28
   },
   "geometry": {
    "type": "LineString",
    "coordinates": [
     [
      -49.546902,
      -27.020318
     ],
     [
      -49.553084,
      -27.023358
     ]
    ]
   }
  },
  {
   "type": "Feature",
   "properties": {
    "rio": "Itajai_Norte",
    "reach": "R2",
    "rs": 10706.28
   },
   "geometry": {
    "type": "LineString",
    "coordinates": [
     [
      -49.546424,
      -27.021552
     ],
     [
      -49.552695,
      -27.024717
     ]
    ]
   }
  },
  {
   "type": "Feature",
   "properties": {
    "rio": "Itajai_Norte",
    "reach": "R2",
    "rs": 10556.28
   },
   "geometry": {
    "type": "LineString",
    "coordinates": [
     [
      -49.546242,
      -27.021928
     ],
     [
      -49.55169,
      -27.026516
     ]
    ]
   }
  },
  {
   "type": "Feature",
   "properties": {
    "rio": "Itajai_Norte",
    "reach": "R2",
    "rs": 10406.28
   },
   "geometry": {
    "type": "LineString",
    "coordinates": [
     [
      -49.54539,
      -27.022298
     ],
     [
      -49.550165,
      -27.027524
     ]
    ]
   }
  },
  {
   "type": "Feature",
   "properties": {
    "rio": "Itajai_Norte",
    "reach": "R2",
    "rs": 10256.28
   },
   "geometry": {
    "type": "LineString",
    "coordinates": [
     [
      -49.544118,
      -27.023047
     ],
     [
      -49.548857,
      -27.028205
     ]
    ]
   }
  },
  {
   "type": "Feature",
   "properties": {
    "rio": "Itajai_Norte",
    "reach": "R2",
    "rs": 10106.28
   },
   "geometry": {
    "type": "LineString",
    "coordinates": [
     [
      -49.541922,
      -27.024493
     ],
     [
      -49.548124,
      -27.028511
     ]
    ]
   }
  },
  {
   "type": "Feature",
   "properties": {
    "rio": "Itajai_Norte",
    "reach": "R2",
    "rs": 9956.28
   },
   "geometry": {
    "type": "LineString",
    "coordinates": [
     [
      -49.539673,
      -27.026518
     ],
     [
      -49.547713,
      -27.028942
     ]
    ]
   }
  },
  {
   "type": "Feature",
   "properties": {
    "rio": "Itajai_Norte",
    "reach": "R2",
    "rs": 9806.28
   },
   "geometry": {
    "type": "LineString",
    "coordinates": [
     [
      -49.538855,
      -27.029719
     ],
     [
      -49.547788,
      -27.029353
     ]
    ]
   }
  },
  {
   "type": "Feature",
   "properties": {
    "rio": "Itajai_Norte",
    "reach": "R2",
    "rs": 9656.28
   },
   "geometry": {
    "type": "LineString",
    "coordinates": [
     [
      -49.539461,
      -27.032148
     ],
     [
      -49.547932,
      -27.030137
     ]
    ]
   }
  },
  {
   "type": "Feature",
   "properties": {
    "rio": "Itajai_Norte",
    "reach": "R2",
    "rs": 9506.28
   },
   "geometry": {
    "type": "LineString",
    "coordinates": [
     [
      -49.540895,
      -27.033724
     ],
     [
      -49.549163,
      -27.030843
     ]
    ]
   }
  },
  {
   "type": "Feature",
   "properties": {
    "rio": "Itajai_Norte",
    "reach": "R2",
    "rs": 9356.28
   },
   "geometry": {
    "type": "LineString",
    "coordinates": [
     [
      -49.541621,
      -27.034851
     ],
     [
      -49.550634,
      -27.031848
     ]
    ]
   }
  },
  {
   "type": "Feature",
   "properties": {
    "rio": "Itajai_Norte",
    "reach": "R2",
    "rs": 9206.28
   },
   "geometry": {
    "type": "LineString",
    "coordinates": [
     [
      -49.542017,
      -27.035694
     ],
     [
      -49.552248,
      -27.033262
     ]
    ]
   }
  },
  {
   "type": "Feature",
   "properties": {
    "rio": "Itajai_Norte",
    "reach": "R2",
    "rs": 9056.28
   },
   "geometry": {
    "type": "LineString",
    "coordinates": [
     [
      -49.542184,
      -27.036077
     ],
     [
      -49.553349,
      -27.03556
     ]
    ]
   }
  },
  {
   "type": "Feature",
   "properties": {
    "rio": "Itajai_Norte",
    "reach": "R2",
    "rs": 8906.28
   },
   "geometry": {
    "type": "LineString",
    "coordinates": [
     [
      -49.542145,
      -27.036636
     ],
     [
      -49.553573,
      -27.037839
     ]
    ]
   }
  },
  {
   "type": "Feature",
   "properties": {
    "rio": "Itajai_Norte",
    "reach": "R2",
    "rs": 8756.28
   },
   "geometry": {
    "type": "LineString",
    "coordinates": [
     [
      -49.54137,
      -27.037346
     ],
     [
      -49.553289,
      -27.039796
     ]
    ]
   }
  },
  {
   "type": "Feature",
   "properties": {
    "rio": "Itajai_Norte",
    "reach": "R2",
    "rs": 8606.28
   },
   "geometry": {
    "type": "LineString",
    "coordinates": [
     [
      -49.54049,
      -27.03925
     ],
     [
      -49.55302,
      -27.040351
     ]
    ]
   }
  },
  {
   "type": "Feature",
   "properties": {
    "rio": "Itajai_Norte",
    "reach": "R2",
    "rs": 8456.28
   },
   "geometry": {
    "type": "LineString",
    "coordinates": [
     [
      -49.540845,
      -27.041332
     ],
     [
      -49.552419,
      -27.040852
     ]
    ]
   }
  },
  {
   "type": "Feature",
   "properties": {
    "rio": "Itajai_Norte",
    "reach": "R2",
    "rs": 8306.28
   },
   "geometry": {
    "type": "LineString",
    "coordinates": [
     [
      -49.542718,
      -27.043125
     ],
     [
      -49.552269,
      -27.041362
     ]
    ]
   }
  },
  {
   "type": "Feature",
   "properties": {
    "rio": "Itajai_Norte",
    "reach": "R2",
    "rs": 8156.28
   },
   "geometry": {
    "type": "LineString",
    "coordinates": [
     [
      -49.544441,
      -27.044315
     ],
     [
      -49.552132,
      -27.042505
     ]
    ]
   }
  },
  {
   "type": "Feature",
   "properties": {
    "rio": "Itajai_Norte",
    "reach": "R2",
    "rs": 8006.28
   },
   "geometry": {
    "type": "LineString",
    "coordinates": [
     [
      -49.545351,
      -27.04521
     ],
     [
      -49.552819,
      -27.044441
     ]
    ]
   }
  },
  {
   "type": "Feature",
   "properties": {
    "rio": "Itajai_Norte",
    "reach": "R2",
    "rs": 7856.28
   },
   "geometry": {
    "type": "LineString",
    "coordinates": [
     [
      -49.545475,
      -27.045949
     ],
     [
      -49.552562,
      -27.047182
     ]
    ]
   }
  },
  {
   "type": "Feature",
   "properties": {
    "rio": "Itajai_Norte",
    "reach": "R2",
    "rs": 7706.28
   },
   "geometry": {
    "type": "LineString",
    "coordinates": [
     [
      -49.545411,
      -27.046362
     ],
     [
      -49.550711,
      -27.050237
     ]
    ]
   }
  },
  {
   "type": "Feature",
   "properties": {
    "rio": "Itajai_Norte",
    "reach": "R2",
    "rs": 7556.28
   },
   "geometry": {
    "type": "LineString",
    "coordinates": [
     [
      -49.544866,
      -27.046533
     ],
     [
      -49.547655,
      -27.051756
     ]
    ]
   }
  },
  {
   "type": "Feature",
   "properties": {
    "rio": "Itajai_Norte",
    "reach": "R2",
    "rs": 7406.28
   },
   "geometry": {
    "type": "LineString",
    "coordinates": [
     [
      -49.543875,
      -27.04659
     ],
     [
      -49.545176,
      -27.052265
     ]
    ]
   }
  },
  {
   "type": "Feature",
   "properties": {
    "rio": "Itajai_Norte",
    "reach": "R2",
    "rs": 7256.28
   },
   "geometry": {
    "type": "LineString",
    "coordinates": [
     [
      -49.542121,
      -27.045985
     ],
     [
      -49.543811,
      -27.05222
     ]
    ]
   }
  },
  {
   "type": "Feature",
   "properties": {
    "rio": "Itajai_Norte",
    "reach": "R2",
    "rs": 7106.28
   },
   "geometry": {
    "type": "LineString",
    "coordinates": [
     [
      -49.539803,
      -27.046018
     ],
     [
      -49.543233,
      -27.052353
     ]
    ]
   }
  },
  {
   "type": "Feature",
   "properties": {
    "rio": "Itajai_Norte",
    "reach": "R2",
    "rs": 6956.28
   },
   "geometry": {
    "type": "LineString",
    "coordinates": [
     [
      -49.537135,
      -27.046519
     ],
     [
      -49.542922,
      -27.052657
     ]
    ]
   }
  },
  {
   "type": "Feature",
   "properties": {
    "rio": "Itajai_Norte",
    "reach": "R2",
    "rs": 6806.28
   },
   "geometry": {
    "type": "LineString",
    "coordinates": [
     [
      -49.53527,
      -27.047585
     ],
     [
      -49.542319,
      -27.053317
     ]
    ]
   }
  },
  {
   "type": "Feature",
   "properties": {
    "rio": "Itajai_Norte",
    "reach": "R2",
    "rs": 6656.28
   },
   "geometry": {
    "type": "LineString",
    "coordinates": [
     [
      -49.533633,
      -27.048868
     ],
     [
      -49.542116,
      -27.054311
     ]
    ]
   }
  },
  {
   "type": "Feature",
   "properties": {
    "rio": "Itajai_Norte",
    "reach": "R2",
    "rs": 6506.28
   },
   "geometry": {
    "type": "LineString",
    "coordinates": [
     [
      -49.532858,
      -27.051004
     ],
     [
      -49.542142,
      -27.054939
     ]
    ]
   }
  },
  {
   "type": "Feature",
   "properties": {
    "rio": "Itajai_Norte",
    "reach": "R2",
    "rs": 6356.28
   },
   "geometry": {
    "type": "LineString",
    "coordinates": [
     [
      -49.532839,
      -27.053064
     ],
     [
      -49.542447,
      -27.05569
     ]
    ]
   }
  },
  {
   "type": "Feature",
   "properties": {
    "rio": "Itajai_Norte",
    "reach": "R2",
    "rs": 6206.28
   },
   "geometry": {
    "type": "LineString",
    "coordinates": [
     [
      -49.533189,
      -27.05483
     ],
     [
      -49.54244,
      -27.056587
     ]
    ]
   }
  },
  {
   "type": "Feature",
   "properties": {
    "rio": "Itajai_Norte",
    "reach": "R2",
    "rs": 6056.28
   },
   "geometry": {
    "type": "LineString",
    "coordinates": [
     [
      -49.533098,
      -27.055554
     ],
     [
      -49.541911,
      -27.058962
     ]
    ]
   }
  },
  {
   "type": "Feature",
   "properties": {
    "rio": "Itajai_Norte",
    "reach": "R2",
    "rs": 5906.28
   },
   "geometry": {
    "type": "LineString",
    "coordinates": [
     [
      -49.532997,
      -27.055942
     ],
     [
      -49.540823,
      -27.06188
     ]
    ]
   }
  },
  {
   "type": "Feature",
   "properties": {
    "rio": "Itajai_Norte",
    "reach": "R2",
    "rs": 5756.28
   },
   "geometry": {
    "type": "LineString",
    "coordinates": [
     [
      -49.532532,
      -27.056056
     ],
     [
      -49.538612,
      -27.064543
     ]
    ]
   }
  },
  {
   "type": "Feature",
   "properties": {
    "rio": "Itajai_Norte",
    "reach": "R2",
    "rs": 5606.28
   },
   "geometry": {
    "type": "LineString",
    "coordinates": [
     [
      -49.531631,
      -27.05639
     ],
     [
      -49.536559,
      -27.066295
     ]
    ]
   }
  },
  {
   "type": "Feature",
   "properties": {
    "rio": "Itajai_Norte",
    "reach": "R2",
    "rs": 5456.28
   },
   "geometry": {
    "type": "LineString",
    "coordinates": [
     [
      -49.530465,
      -27.056299
     ],
     [
      -49.534284,
      -27.067374
     ]
    ]
   }
  },
  {
   "type": "Feature",
   "properties": {
    "rio": "Itajai_Norte",
    "reach": "R2",
    "rs": 5306.28
   },
   "geometry": {
    "type": "LineString",
    "coordinates": [
     [
      -49.529642,
      -27.05611
     ],
     [
      -49.531293,
      -27.067553
     ]
    ]
   }
  },
  {
   "type": "Feature",
   "properties": {
    "rio": "Itajai_Norte",
    "reach": "R2",
    "rs": 5156.28
   },
   "geometry": {
    "type": "LineString",
    "coordinates": [
     [
      -49.529131,
      -27.055643
     ],
     [
      -49.528151,
      -27.066826
     ]
    ]
   }
  },
  {
   "type": "Feature",
   "properties": {
    "rio": "Itajai_Norte",
    "reach": "R2",
    "rs": 5006.28
   },
   "geometry": {
    "type": "LineString",
    "coordinates": [
     [
      -49.52859,
      -27.055507
     ],
     [
      -49.525601,
      -27.065384
     ]
    ]
   }
  },
  {
   "type": "Feature",
   "properties": {
    "rio": "Itajai_Norte",
    "reach": "R2",
    "rs": 4817.75
   },
   "geometry": {
    "type": "LineString",
    "coordinates": [
     [
      -49.527441,
      -27.054883
     ],
     [
      -49.523368,
      -27.064097
     ]
    ]
   }
  },
  {
   "type": "Feature",
   "properties": {
    "rio": "Itajai_Norte",
    "reach": "R2",
    "rs": 4567.03
   },
   "geometry": {
    "type": "LineString",
    "coordinates": [
     [
      -49.525701,
      -27.053824
     ],
     [
      -49.520737,
      -27.06281
     ]
    ]
   }
  },
  {
   "type": "Feature",
   "properties": {
    "rio": "Itajai_Norte",
    "reach": "R2",
    "rs": 4225.02
   },
   "geometry": {
    "type": "LineString",
    "coordinates": [
     [
      -49.522948,
      -27.052181
     ],
     [
      -49.517989,
      -27.060607
     ]
    ]
   }
  },
  {
   "type": "Feature",
   "properties": {
    "rio": "Itajai_Norte",
    "reach": "R2",
    "rs": 3766.46
   },
   "geometry": {
    "type": "LineString",
    "coordinates": [
     [
      -49.515268,
      -27.049689
     ],
     [
      -49.516294,
      -27.058635
     ]
    ]
   }
  },
  {
   "type": "Feature",
   "properties": {
    "rio": "Itajai_Norte",
    "reach": "R2",
    "rs": 3260.34
   },
   "geometry": {
    "type": "LineString",
    "coordinates": [
     [
      -49.5097,
      -27.052343
     ],
     [
      -49.512725,
      -27.060178
     ]
    ]
   }
  },
  {
   "type": "Feature",
   "properties": {
    "rio": "Itajai_Norte",
    "reach": "R2",
    "rs": 2875.77
   },
   "geometry": {
    "type": "LineString",
    "coordinates": [
     [
      -49.508163,
      -27.051418
     ],
     [
      -49.508092,
      -27.059845
     ]
    ]
   }
  },
  {
   "type": "Feature",
   "properties": {
    "rio": "Itajai_Norte",
    "reach": "R2",
    "rs": 2521.77
   },
   "geometry": {
    "type": "LineString",
    "coordinates": [
     [
      -49.49979,
      -27.055127
     ],
     [
      -49.507287,
      -27.060223
     ]
    ]
   }
  },
  {
   "type": "Feature",
   "properties": {
    "rio": "Itajai_Norte",
    "reach": "R2",
    "rs": 2184.93
   },
   "geometry": {
    "type": "LineString",
    "coordinates": [
     [
      -49.497737,
      -27.059282
     ],
     [
      -49.506423,
      -27.062531
     ]
    ]
   }
  },
  {
   "type": "Feature",
   "properties": {
    "rio": "Itajai_Norte",
    "reach": "R2",
    "rs": 1835.96
   },
   "geometry": {
    "type": "LineString",
    "coordinates": [
     [
      -49.496542,
      -27.061365
     ],
     [
      -49.505843,
      -27.066207
     ]
    ]
   }
  },
  {
   "type": "Feature",
   "properties": {
    "rio": "Itajai_Norte",
    "reach": "R2",
    "rs": 1464.82
   },
   "geometry": {
    "type": "LineString",
    "coordinates": [
     [
      -49.494003,
      -27.066083
     ],
     [
      -49.506533,
      -27.068502
     ]
    ]
   }
  },
  {
   "type": "Feature",
   "properties": {
    "rio": "Itajai_Norte",
    "reach": "R2",
    "rs": 1194.63
   },
   "geometry": {
    "type": "LineString",
    "coordinates": [
     [
      -49.493629,
      -27.069169
     ],
     [
      -49.508428,
      -27.070535
     ]
    ]
   }
  },
  {
   "type": "Feature",
   "properties": {
    "rio": "Itajai_Norte",
    "reach": "R2",
    "rs": 942.63
   },
   "geometry": {
    "type": "LineString",
    "coordinates": [
     [
      -49.493142,
      -27.070491
     ],
     [
      -49.50828,
      -27.073837
     ]
    ]
   }
  },
  {
   "type": "Feature",
   "properties": {
    "rio": "Itajai_Norte",
    "reach": "R2",
    "rs": 690.63
   },
   "geometry": {
    "type": "LineString",
    "coordinates": [
     [
      -49.492682,
      -27.071892
     ],
     [
      -49.507466,
      -27.076965
     ]
    ]
   }
  },
  {
   "type": "Feature",
   "properties": {
    "rio": "Itajai_Norte",
    "reach": "R2",
    "rs": 410.44
   },
   "geometry": {
    "type": "LineString",
    "coordinates": [
     [
      -49.492403,
      -27.072614
     ],
     [
      -49.505502,
      -27.081317
     ]
    ]
   }
  },
  {
   "type": "Feature",
   "properties": {
    "rio": "Itajai_Norte",
    "reach": "R2",
    "rs": 75.0
   },
   "geometry": {
    "type": "LineString",
    "coordinates": [
     [
      -49.49106,
      -27.073502
     ],
     [
      -49.501813,
      -27.085048
     ]
    ]
   }
  },
  {
   "type": "Feature",
   "properties": {
    "rio": "Itajai_Oeste",
    "reach": "R1",
    "rs": 56723.3
   },
   "geometry": {
    "type": "LineString",
    "coordinates": [
     [
      -49.993114,
      -27.108314
     ],
     [
      -49.990056,
      -27.118813
     ]
    ]
   }
  },
  {
   "type": "Feature",
   "properties": {
    "rio": "Itajai_Oeste",
    "reach": "R1",
    "rs": 56023.83
   },
   "geometry": {
    "type": "LineString",
    "coordinates": [
     [
      -49.988892,
      -27.105959
     ],
     [
      -49.983463,
      -27.114025
     ]
    ]
   }
  },
  {
   "type": "Feature",
   "properties": {
    "rio": "Itajai_Oeste",
    "reach": "R2",
    "rs": 55121.36
   },
   "geometry": {
    "type": "LineString",
    "coordinates": [
     [
      -49.977002,
      -27.103825
     ],
     [
      -49.976697,
      -27.111481
     ]
    ]
   }
  },
  {
   "type": "Feature",
   "properties": {
    "rio": "Itajai_Oeste",
    "reach": "R2",
    "rs": 54129.32
   },
   "geometry": {
    "type": "LineString",
    "coordinates": [
     [
      -49.970671,
      -27.103996
     ],
     [
      -49.965896,
      -27.109268
     ]
    ]
   }
  },
  {
   "type": "Feature",
   "properties": {
    "rio": "Itajai_Oeste",
    "reach": "R2",
    "rs": 53253.81
   },
   "geometry": {
    "type": "LineString",
    "coordinates": [
     [
      -49.95794,
      -27.11019
     ],
     [
      -49.964795,
      -27.109928
     ]
    ]
   }
  },
  {
   "type": "Feature",
   "properties": {
    "rio": "Itajai_Oeste",
    "reach": "R2",
    "rs": 52253.81
   },
   "geometry": {
    "type": "LineString",
    "coordinates": [
     [
      -49.960009,
      -27.117382
     ],
     [
      -49.965971,
      -27.119701
     ]
    ]
   }
  },
  {
   "type": "Feature",
   "properties": {
    "rio": "Itajai_Oeste",
    "reach": "R2",
    "rs": 51253.81
   },
   "geometry": {
    "type": "LineString",
    "coordinates": [
     [
      -49.954328,
      -27.11871
     ],
     [
      -49.955423,
      -27.12478
     ]
    ]
   }
  },
  {
   "type": "Feature",
   "properties": {
    "rio": "Itajai_Oeste",
    "reach": "R2",
    "rs": 50253.81
   },
   "geometry": {
    "type": "LineString",
    "coordinates": [
     [
      -49.94419,
      -27.127035
     ],
     [
      -49.951093,
      -27.12871
     ]
    ]
   }
  },
  {
   "type": "Feature",
   "properties": {
    "rio": "Itajai_Oeste",
    "reach": "R2",
    "rs": 49253.81
   },
   "geometry": {
    "type": "LineString",
    "coordinates": [
     [
      -49.944503,
      -27.127434
     ],
     [
      -49.940621,
      -27.133105
     ]
    ]
   }
  },
  {
   "type": "Feature",
   "properties": {
    "rio": "Itajai_Oeste",
    "reach": "R2",
    "rs": 48281.76
   },
   "geometry": {
    "type": "LineString",
    "coordinates": [
     [
      -49.930746,
      -27.127586
     ],
     [
      -49.935587,
      -27.132525
     ]
    ]
   }
  },
  {
   "type": "Feature",
   "properties": {
    "rio": "Itajai_Oeste",
    "reach": "R2",
    "rs": 47315.76
   },
   "geometry": {
    "type": "LineString",
    "coordinates": [
     [
      -49.92685,
      -27.134335
     ],
     [
      -49.930283,
      -27.140142
     ]
    ]
   }
  },
  {
   "type": "Feature",
   "properties": {
    "rio": "Itajai_Oeste",
    "reach": "R2",
    "rs": 46315.76
   },
   "geometry": {
    "type": "LineString",
    "coordinates": [
     [
      -49.9242,
      -27.145507
     ],
     [
      -49.928683,
      -27.140316
     ]
    ]
   }
  },
  {
   "type": "Feature",
   "properties": {
    "rio": "Itajai_Oeste",
    "reach": "R2",
    "rs": 45315.76
   },
   "geometry": {
    "type": "LineString",
    "coordinates": [
     [
      -49.92403,
      -27.14691
     ],
     [
      -49.928608,
      -27.15193
     ]
    ]
   }
  },
  {
   "type": "Feature",
   "properties": {
    "rio": "Itajai_Oeste",
    "reach": "R2",
    "rs": 44315.76
   },
   "geometry": {
    "type": "LineString",
    "coordinates": [
     [
      -49.921351,
      -27.14427
     ],
     [
      -49.916307,
      -27.148803
     ]
    ]
   }
  },
  {
   "type": "Feature",
   "properties": {
    "rio": "Itajai_Oeste",
    "reach": "R2",
    "rs": 43315.76
   },
   "geometry": {
    "type": "LineString",
    "coordinates": [
     [
      -49.913976,
      -27.143418
     ],
     [
      -49.9079,
      -27.14665
     ]
    ]
   }
  },
  {
   "type": "Feature",
   "properties": {
    "rio": "Itajai_Oeste",
    "reach": "R2",
    "rs": 42315.76
   },
   "geometry": {
    "type": "LineString",
    "coordinates": [
     [
      -49.905953,
      -27.135451
     ],
     [
      -49.902932,
      -27.141168
     ]
    ]
   }
  },
  {
   "type": "Feature",
   "properties": {
    "rio": "Itajai_Oeste",
    "reach": "R2",
    "rs": 41315.76
   },
   "geometry": {
    "type": "LineString",
    "coordinates": [
     [
      -49.899215,
      -27.143821
     ],
     [
      -49.906258,
      -27.143285
     ]
    ]
   }
  },
  {
   "type": "Feature",
   "properties": {
    "rio": "Itajai_Oeste",
    "reach": "R2",
    "rs": 40315.76
   },
   "geometry": {
    "type": "LineString",
    "coordinates": [
     [
      -49.900138,
      -27.147042
     ],
     [
      -49.898368,
      -27.153164
     ]
    ]
   }
  },
  {
   "type": "Feature",
   "properties": {
    "rio": "Itajai_Oeste",
    "reach": "R2",
    "rs": 39315.76
   },
   "geometry": {
    "type": "LineString",
    "coordinates": [
     [
      -49.892774,
      -27.14488
     ],
     [
      -49.888006,
      -27.149682
     ]
    ]
   }
  },
  {
   "type": "Feature",
   "properties": {
    "rio": "Itajai_Oeste",
    "reach": "R2",
    "rs": 38315.76
   },
   "geometry": {
    "type": "LineString",
    "coordinates": [
     [
      -49.88153,
      -27.142653
     ],
     [
      -49.882187,
      -27.149447
     ]
    ]
   }
  },
  {
   "type": "Feature",
   "properties": {
    "rio": "Itajai_Oeste",
    "reach": "R2",
    "rs": 37315.76
   },
   "geometry": {
    "type": "LineString",
    "coordinates": [
     [
      -49.873352,
      -27.147549
     ],
     [
      -49.873909,
      -27.154547
     ]
    ]
   }
  },
  {
   "type": "Feature",
   "properties": {
    "rio": "Itajai_Oeste",
    "reach": "R2",
    "rs": 36315.76
   },
   "geometry": {
    "type": "LineString",
    "coordinates": [
     [
      -49.864706,
      -27.149062
     ],
     [
      -49.871995,
      -27.151903
     ]
    ]
   }
  },
  {
   "type": "Feature",
   "properties": {
    "rio": "Itajai_Oeste",
    "reach": "R2",
    "rs": 35315.76
   },
   "geometry": {
    "type": "LineString",
    "coordinates": [
     [
      -49.862008,
      -27.153601
     ],
     [
      -49.863196,
      -27.16043
     ]
    ]
   }
  },
  {
   "type": "Feature",
   "properties": {
    "rio": "Itajai_Oeste",
    "reach": "R2",
    "rs": 34315.76
   },
   "geometry": {
    "type": "LineString",
    "coordinates": [
     [
      -49.855211,
      -27.163942
     ],
     [
      -49.862134,
      -27.160871
     ]
    ]
   }
  },
  {
   "type": "Feature",
   "properties": {
    "rio": "Itajai_Oeste",
    "reach": "R2",
    "rs": 33315.76
   },
   "geometry": {
    "type": "LineString",
    "coordinates": [
     [
      -49.858941,
      -27.167588
     ],
     [
      -49.864708,
      -27.172122
     ]
    ]
   }
  },
  {
   "type": "Feature",
   "properties": {
    "rio": "Itajai_Oeste",
    "reach": "R2",
    "rs": 32315.76
   },
   "geometry": {
    "type": "LineString",
    "coordinates": [
     [
      -49.859689,
      -27.16362
     ],
     [
      -49.85356,
      -27.167684
     ]
    ]
   }
  },
  {
   "type": "Feature",
   "properties": {
    "rio": "Itajai_Oeste",
    "reach": "R2",
    "rs": 31315.76
   },
   "geometry": {
    "type": "LineString",
    "coordinates": [
     [
      -49.84742,
      -27.160771
     ],
     [
      -49.846454,
      -27.167496
     ]
    ]
   }
  },
  {
   "type": "Feature",
   "properties": {
    "rio": "Itajai_Oeste",
    "reach": "R2",
    "rs": 30536.22
   },
   "geometry": {
    "type": "LineString",
    "coordinates": [
     [
      -49.839067,
      -27.157872
     ],
     [
      -49.840846,
      -27.164463
     ]
    ]
   }
  },
  {
   "type": "Feature",
   "properties": {
    "rio": "Itajai_Oeste",
    "reach": "R2",
    "rs": 29560.24
   },
   "geometry": {
    "type": "LineString",
    "coordinates": [
     [
      -49.839149,
      -27.170523
     ],
     [
      -49.845598,
      -27.166804
     ]
    ]
   }
  },
  {
   "type": "Feature",
   "properties": {
    "rio": "Itajai_Oeste",
    "reach": "R2",
    "rs": 28560.24
   },
   "geometry": {
    "type": "LineString",
    "coordinates": [
     [
      -49.841073,
      -27.174572
     ],
     [
      -49.847171,
      -27.179011
     ]
    ]
   }
  },
  {
   "type": "Feature",
   "properties": {
    "rio": "Itajai_Oeste",
    "reach": "R2",
    "rs": 27560.24
   },
   "geometry": {
    "type": "LineString",
    "coordinates": [
     [
      -49.837318,
      -27.17378
     ],
     [
      -49.832628,
      -27.180166
     ]
    ]
   }
  },
  {
   "type": "Feature",
   "properties": {
    "rio": "Itajai_Oeste",
    "reach": "R2",
    "rs": 26560.24
   },
   "geometry": {
    "type": "LineString",
    "coordinates": [
     [
      -49.82616,
      -27.171021
     ],
     [
      -49.825271,
      -27.179147
     ]
    ]
   }
  },
  {
   "type": "Feature",
   "properties": {
    "rio": "Itajai_Oeste",
    "reach": "R2",
    "rs": 25602.79
   },
   "geometry": {
    "type": "LineString",
    "coordinates": [
     [
      -49.815599,
      -27.178527
     ],
     [
      -49.824283,
      -27.182428
     ]
    ]
   }
  },
  {
   "type": "Feature",
   "properties": {
    "rio": "Itajai_Oeste",
    "reach": "R2",
    "rs": 24602.79
   },
   "geometry": {
    "type": "LineString",
    "coordinates": [
     [
      -49.814013,
      -27.182194
     ],
     [
      -49.81489,
      -27.191337
     ]
    ]
   }
  },
  {
   "type": "Feature",
   "properties": {
    "rio": "Itajai_Oeste",
    "reach": "R2",
    "rs": 23602.79
   },
   "geometry": {
    "type": "LineString",
    "coordinates": [
     [
      -49.804253,
      -27.180675
     ],
     [
      -49.805045,
      -27.189992
     ]
    ]
   }
  },
  {
   "type": "Feature",
   "properties": {
    "rio": "Itajai_Oeste",
    "reach": "R3",
    "rs": 22602.79
   },
   "geometry": {
    "type": "LineString",
    "coordinates": [
     [
      -49.793495,
      -27.182441
     ],
     [
      -49.796103,
      -27.191574
     ]
    ]
   }
  },
  {
   "type": "Feature",
   "properties": {
    "rio": "Itajai_Oeste",
    "reach": "R3",
    "rs": 21602.79
   },
   "geometry": {
    "type": "LineString",
    "coordinates": [
     [
      -49.782021,
      -27.186219
     ],
     [
      -49.788963,
      -27.192885
     ]
    ]
   }
  },
  {
   "type": "Feature",
   "properties": {
    "rio": "Itajai_Oeste",
    "reach": "R3",
    "rs": 20602.79
   },
   "geometry": {
    "type": "LineString",
    "coordinates": [
     [
      -49.781138,
      -27.197935
     ],
     [
      -49.789752,
      -27.195913
     ]
    ]
   }
  },
  {
   "type": "Feature",
   "properties": {
    "rio": "Itajai_Oeste",
    "reach": "R3",
    "rs": 19602.79
   },
   "geometry": {
    "type": "LineString",
    "coordinates": [
     [
      -49.777917,
      -27.199836
     ],
     [
      -49.781293,
      -27.205797
     ]
    ]
   }
  },
  {
   "type": "Feature",
   "properties": {
    "rio": "Itajai_Oeste",
    "reach": "R3",
    "rs": 18602.79
   },
   "geometry": {
    "type": "LineString",
    "coordinates": [
     [
      -49.775107,
      -27.201892
     ],
     [
      -49.770308,
      -27.205168
     ]
    ]
   }
  },
  {
   "type": "Feature",
   "properties": {
    "rio": "Itajai_Oeste",
    "reach": "R3",
    "rs": 17602.79
   },
   "geometry": {
    "type": "LineString",
    "coordinates": [
     [
      -49.771105,
      -27.194974
     ],
     [
      -49.765907,
      -27.19744
     ]
    ]
   }
  },
  {
   "type": "Feature",
   "properties": {
    "rio": "Itajai_Oeste",
    "reach": "R3",
    "rs": 16816.35
   },
   "geometry": {
    "type": "LineString",
    "coordinates": [
     [
      -49.760539,
      -27.199896
     ],
     [
      -49.766398,
      -27.200382
     ]
    ]
   }
  },
  {
   "type": "Feature",
   "properties": {
    "rio": "Itajai_Oeste",
    "reach": "R3",
    "rs": 15840.58
   },
   "geometry": {
    "type": "LineString",
    "coordinates": [
     [
      -49.76033,
      -27.20779
     ],
     [
      -49.765826,
      -27.209671
     ]
    ]
   }
  },
  {
   "type": "Feature",
   "properties": {
    "rio": "Itajai_Oeste",
    "reach": "R3",
    "rs": 14840.58
   },
   "geometry": {
    "type": "LineString",
    "coordinates": [
     [
      -49.758037,
      -27.206889
     ],
     [
      -49.753927,
      -27.211275
     ]
    ]
   }
  },
  {
   "type": "Feature",
   "properties": {
    "rio": "Itajai_Oeste",
    "reach": "R3",
    "rs": 13840.58
   },
   "geometry": {
    "type": "LineString",
    "coordinates": [
     [
      -49.744798,
      -27.204811
     ],
     [
      -49.749738,
      -27.209137
     ]
    ]
   }
  },
  {
   "type": "Feature",
   "properties": {
    "rio": "Itajai_Oeste",
    "reach": "R3",
    "rs": 12840.58
   },
   "geometry": {
    "type": "LineString",
    "coordinates": [
     [
      -49.740143,
      -27.213919
     ],
     [
      -49.746937,
      -27.21684
     ]
    ]
   }
  },
  {
   "type": "Feature",
   "properties": {
    "rio": "Itajai_Oeste",
    "reach": "R3",
    "rs": 11840.58
   },
   "geometry": {
    "type": "LineString",
    "coordinates": [
     [
      -49.733528,
      -27.215615
     ],
     [
      -49.736959,
      -27.222291
     ]
    ]
   }
  },
  {
   "type": "Feature",
   "properties": {
    "rio": "Itajai_Oeste",
    "reach": "R3",
    "rs": 10840.58
   },
   "geometry": {
    "type": "LineString",
    "coordinates": [
     [
      -49.726316,
      -27.224053
     ],
     [
      -49.734144,
      -27.228976
     ]
    ]
   }
  },
  {
   "type": "Feature",
   "properties": {
    "rio": "Itajai_Oeste",
    "reach": "R3",
    "rs": 9840.58
   },
   "geometry": {
    "type": "LineString",
    "coordinates": [
     [
      -49.722217,
      -27.222966
     ],
     [
      -49.720398,
      -27.232972
     ]
    ]
   }
  },
  {
   "type": "Feature",
   "properties": {
    "rio": "Itajai_Oeste",
    "reach": "R3",
    "rs": 8840.58
   },
   "geometry": {
    "type": "LineString",
    "coordinates": [
     [
      -49.710762,
      -27.225096
     ],
     [
      -49.712728,
      -27.235683
     ]
    ]
   }
  },
  {
   "type": "Feature",
   "properties": {
    "rio": "Itajai_Oeste",
    "reach": "R3",
    "rs": 7840.58
   },
   "geometry": {
    "type": "LineString",
    "coordinates": [
     [
      -49.702048,
      -27.23415
     ],
     [
      -49.712604,
      -27.23925
     ]
    ]
   }
  },
  {
   "type": "Feature",
   "properties": {
    "rio": "Itajai_Oeste",
    "reach": "R3",
    "rs": 6856.24
   },
   "geometry": {
    "type": "LineString",
    "coordinates": [
     [
      -49.695965,
      -27.236475
     ],
     [
      -49.699992,
      -27.24607
     ]
    ]
   }
  },
  {
   "type": "Feature",
   "properties": {
    "rio": "Itajai_Oeste",
    "reach": "R3",
    "rs": 6063.93
   },
   "geometry": {
    "type": "LineString",
    "coordinates": [
     [
      -49.688767,
      -27.242217
     ],
     [
      -49.697368,
      -27.248993
     ]
    ]
   }
  },
  {
   "type": "Feature",
   "properties": {
    "rio": "Itajai_Oeste",
    "reach": "R4",
    "rs": 5069.37
   },
   "geometry": {
    "type": "LineString",
    "coordinates": [
     [
      -49.687389,
      -27.242799
     ],
     [
      -49.677439,
      -27.247901
     ]
    ]
   }
  },
  {
   "type": "Feature",
   "properties": {
    "rio": "Itajai_Oeste",
    "reach": "R4",
    "rs": 4069.37
   },
   "geometry": {
    "type": "LineString",
    "coordinates": [
     [
      -49.681453,
      -27.234197
     ],
     [
      -49.674266,
      -27.242195
     ]
    ]
   }
  },
  {
   "type": "Feature",
   "properties": {
    "rio": "Itajai_Oeste",
    "reach": "R4",
    "rs": 3069.37
   },
   "geometry": {
    "type": "LineString",
    "coordinates": [
     [
      -49.672596,
      -27.229322
     ],
     [
      -49.665943,
      -27.238705
     ]
    ]
   }
  },
  {
   "type": "Feature",
   "properties": {
    "rio": "Itajai_Oeste",
    "reach": "R4",
    "rs": 2069.37
   },
   "geometry": {
    "type": "LineString",
    "coordinates": [
     [
      -49.669242,
      -27.223537
     ],
     [
      -49.657224,
      -27.228781
     ]
    ]
   }
  },
  {
   "type": "Feature",
   "properties": {
    "rio": "Itajai_Oeste",
    "reach": "R4",
    "rs": 1069.37
   },
   "geometry": {
    "type": "LineString",
    "coordinates": [
     [
      -49.657098,
      -27.216479
     ],
     [
      -49.65414,
      -27.229002
     ]
    ]
   }
  },
  {
   "type": "Feature",
   "properties": {
    "rio": "Itajai_Oeste",
    "reach": "R4",
    "rs": 75.0
   },
   "geometry": {
    "type": "LineString",
    "coordinates": [
     [
      -49.655064,
      -27.215142
     ],
     [
      -49.641336,
      -27.218777
     ]
    ]
   }
  },
  {
   "type": "Feature",
   "properties": {
    "rio": "Itajai_Sul",
    "reach": "R1",
    "rs": 71452.57
   },
   "geometry": {
    "type": "LineString",
    "coordinates": [
     [
      -49.398556,
      -27.670422
     ],
     [
      -49.391594,
      -27.665397
     ]
    ]
   }
  },
  {
   "type": "Feature",
   "properties": {
    "rio": "Itajai_Sul",
    "reach": "R1",
    "rs": 71209.1
   },
   "geometry": {
    "type": "LineString",
    "coordinates": [
     [
      -49.398887,
      -27.66981
     ],
     [
      -49.394765,
      -27.662905
     ]
    ]
   }
  },
  {
   "type": "Feature",
   "properties": {
    "rio": "Itajai_Sul",
    "reach": "R1",
    "rs": 70841.72
   },
   "geometry": {
    "type": "LineString",
    "coordinates": [
     [
      -49.400201,
      -27.670151
     ],
     [
      -49.400739,
      -27.662507
     ]
    ]
   }
  },
  {
   "type": "Feature",
   "properties": {
    "rio": "Itajai_Sul",
    "reach": "R1",
    "rs": 70196.39
   },
   "geometry": {
    "type": "LineString",
    "coordinates": [
     [
      -49.406925,
      -27.666351
     ],
     [
      -49.402153,
      -27.660093
     ]
    ]
   }
  },
  {
   "type": "Feature",
   "properties": {
    "rio": "Itajai_Sul",
    "reach": "R1",
    "rs": 69600.96
   },
   "geometry": {
    "type": "LineString",
    "coordinates": [
     [
      -49.409387,
      -27.66765
     ],
     [
      -49.411293,
      -27.660305
     ]
    ]
   }
  },
  {
   "type": "Feature",
   "properties": {
    "rio": "Itajai_Sul",
    "reach": "R1",
    "rs": 69082.18
   },
   "geometry": {
    "type": "LineString",
    "coordinates": [
     [
      -49.417815,
      -27.666412
     ],
     [
      -49.412739,
      -27.660412
     ]
    ]
   }
  },
  {
   "type": "Feature",
   "properties": {
    "rio": "Itajai_Sul",
    "reach": "R1",
    "rs": 68514.39
   },
   "geometry": {
    "type": "LineString",
    "coordinates": [
     [
      -49.421268,
      -27.66169
     ],
     [
      -49.415889,
      -27.656674
     ]
    ]
   }
  },
  {
   "type": "Feature",
   "properties": {
    "rio": "Itajai_Sul",
    "reach": "R1",
    "rs": 68220.34
   },
   "geometry": {
    "type": "LineString",
    "coordinates": [
     [
      -49.422717,
      -27.660457
     ],
     [
      -49.419622,
      -27.655179
     ]
    ]
   }
  },
  {
   "type": "Feature",
   "properties": {
    "rio": "Itajai_Sul",
    "reach": "R1",
    "rs": 67980.98
   },
   "geometry": {
    "type": "LineString",
    "coordinates": [
     [
      -49.424847,
      -27.658737
     ],
     [
      -49.421272,
      -27.654917
     ]
    ]
   }
  },
  {
   "type": "Feature",
   "properties": {
    "rio": "Itajai_Sul",
    "reach": "R1",
    "rs": 67710.53
   },
   "geometry": {
    "type": "LineString",
    "coordinates": [
     [
      -49.42564,
      -27.657398
     ],
     [
      -49.424402,
      -27.652966
     ]
    ]
   }
  },
  {
   "type": "Feature",
   "properties": {
    "rio": "Itajai_Sul",
    "reach": "R1",
    "rs": 67454.35
   },
   "geometry": {
    "type": "LineString",
    "coordinates": [
     [
      -49.426271,
      -27.65792
     ],
     [
      -49.42897,
      -27.654037
     ]
    ]
   }
  },
  {
   "type": "Feature",
   "properties": {
    "rio": "Itajai_Sul",
    "reach": "R1",
    "rs": 67084.38
   },
   "geometry": {
    "type": "LineString",
    "coordinates": [
     [
      -49.429317,
      -27.660166
     ],
     [
      -49.431578,
      -27.656067
     ]
    ]
   }
  },
  {
   "type": "Feature",
   "properties": {
    "rio": "Itajai_Sul",
    "reach": "R1",
    "rs": 66444.0
   },
   "geometry": {
    "type": "LineString",
    "coordinates": [
     [
      -49.437626,
      -27.657322
     ],
     [
      -49.432799,
      -27.65533
     ]
    ]
   }
  },
  {
   "type": "Feature",
   "properties": {
    "rio": "Itajai_Sul",
    "reach": "R1",
    "rs": 65591.73
   },
   "geometry": {
    "type": "LineString",
    "coordinates": [
     [
      -49.441739,
      -27.650402
     ],
     [
      -49.436155,
      -27.6485
     ]
    ]
   }
  },
  {
   "type": "Feature",
   "properties": {
    "rio": "Itajai_Sul",
    "reach": "R1",
    "rs": 64693.73
   },
   "geometry": {
    "type": "LineString",
    "coordinates": [
     [
      -49.442578,
      -27.644558
     ],
     [
      -49.435846,
      -27.640048
     ]
    ]
   }
  },
  {
   "type": "Feature",
   "properties": {
    "rio": "Itajai_Sul",
    "reach": "R1",
    "rs": 63860.67
   },
   "geometry": {
    "type": "LineString",
    "coordinates": [
     [
      -49.449282,
      -27.637577
     ],
     [
      -49.438423,
      -27.63444
     ]
    ]
   }
  },
  {
   "type": "Feature",
   "properties": {
    "rio": "Itajai_Sul",
    "reach": "R1",
    "rs": 63082.11
   },
   "geometry": {
    "type": "LineString",
    "coordinates": [
     [
      -49.451672,
      -27.6338
     ],
     [
      -49.441219,
      -27.625586
     ]
    ]
   }
  },
  {
   "type": "Feature",
   "properties": {
    "rio": "Itajai_Sul",
    "reach": "R1",
    "rs": 62196.94
   },
   "geometry": {
    "type": "LineString",
    "coordinates": [
     [
      -49.458007,
      -27.621709
     ],
     [
      -49.444109,
      -27.62484
     ]
    ]
   }
  },
  {
   "type": "Feature",
   "properties": {
    "rio": "Itajai_Sul",
    "reach": "R1",
    "rs": 61359.94
   },
   "geometry": {
    "type": "LineString",
    "coordinates": [
     [
      -49.456461,
      -27.615428
     ],
     [
      -49.442695,
      -27.616611
     ]
    ]
   }
  },
  {
   "type": "Feature",
   "properties": {
    "rio": "Itajai_Sul",
    "reach": "R1",
    "rs": 60547.28
   },
   "geometry": {
    "type": "LineString",
    "coordinates": [
     [
      -49.458119,
      -27.609145
     ],
     [
      -49.444723,
      -27.609287
     ]
    ]
   }
  },
  {
   "type": "Feature",
   "properties": {
    "rio": "Itajai_Sul",
    "reach": "R1",
    "rs": 59581.28
   },
   "geometry": {
    "type": "LineString",
    "coordinates": [
     [
      -49.453815,
      -27.603999
     ],
     [
      -49.442075,
      -27.599868
     ]
    ]
   }
  },
  {
   "type": "Feature",
   "properties": {
    "rio": "Itajai_Sul",
    "reach": "R1",
    "rs": 58637.05
   },
   "geometry": {
    "type": "LineString",
    "coordinates": [
     [
      -49.457604,
      -27.597782
     ],
     [
      -49.447981,
      -27.591628
     ]
    ]
   }
  },
  {
   "type": "Feature",
   "properties": {
    "rio": "Itajai_Sul",
    "reach": "R1",
    "rs": 57902.62
   },
   "geometry": {
    "type": "LineString",
    "coordinates": [
     [
      -49.458985,
      -27.587843
     ],
     [
      -49.448288,
      -27.58934
     ]
    ]
   }
  },
  {
   "type": "Feature",
   "properties": {
    "rio": "Itajai_Sul",
    "reach": "R1",
    "rs": 57156.69
   },
   "geometry": {
    "type": "LineString",
    "coordinates": [
     [
      -49.456485,
      -27.580909
     ],
     [
      -49.446472,
      -27.583708
     ]
    ]
   }
  },
  {
   "type": "Feature",
   "properties": {
    "rio": "Itajai_Sul",
    "reach": "R1",
    "rs": 56226.66
   },
   "geometry": {
    "type": "LineString",
    "coordinates": [
     [
      -49.456077,
      -27.578195
     ],
     [
      -49.450323,
      -27.570553
     ]
    ]
   }
  },
  {
   "type": "Feature",
   "properties": {
    "rio": "Itajai_Sul",
    "reach": "R1",
    "rs": 55324.45
   },
   "geometry": {
    "type": "LineString",
    "coordinates": [
     [
      -49.465155,
      -27.577194
     ],
     [
      -49.458755,
      -27.569972
     ]
    ]
   }
  },
  {
   "type": "Feature",
   "properties": {
    "rio": "Itajai_Sul",
    "reach": "R1",
    "rs": 54494.45
   },
   "geometry": {
    "type": "LineString",
    "coordinates": [
     [
      -49.468361,
      -27.571266
     ],
     [
      -49.463481,
      -27.563505
     ]
    ]
   }
  },
  {
   "type": "Feature",
   "properties": {
    "rio": "Itajai_Sul",
    "reach": "R1",
    "rs": 53572.41
   },
   "geometry": {
    "type": "LineString",
    "coordinates": [
     [
      -49.478029,
      -27.56301
     ],
     [
      -49.468441,
      -27.564738
     ]
    ]
   }
  },
  {
   "type": "Feature",
   "properties": {
    "rio": "Itajai_Sul",
    "reach": "R1",
    "rs": 52572.41
   },
   "geometry": {
    "type": "LineString",
    "coordinates": [
     [
      -49.475078,
      -27.559594
     ],
     [
      -49.46884,
      -27.552924
     ]
    ]
   }
  },
  {
   "type": "Feature",
   "properties": {
    "rio": "Itajai_Sul",
    "reach": "R1",
    "rs": 51572.41
   },
   "geometry": {
    "type": "LineString",
    "coordinates": [
     [
      -49.479191,
      -27.560993
     ],
     [
      -49.482557,
      -27.552402
     ]
    ]
   }
  },
  {
   "type": "Feature",
   "properties": {
    "rio": "Itajai_Sul",
    "reach": "R1",
    "rs": 50572.41
   },
   "geometry": {
    "type": "LineString",
    "coordinates": [
     [
      -49.493312,
      -27.552236
     ],
     [
      -49.482947,
      -27.55056
     ]
    ]
   }
  },
  {
   "type": "Feature",
   "properties": {
    "rio": "Itajai_Sul",
    "reach": "R1",
    "rs": 49572.41
   },
   "geometry": {
    "type": "LineString",
    "coordinates": [
     [
      -49.49717,
      -27.543728
     ],
     [
      -49.486564,
      -27.542326
     ]
    ]
   }
  },
  {
   "type": "Feature",
   "properties": {
    "rio": "Itajai_Sul",
    "reach": "R1",
    "rs": 48679.99
   },
   "geometry": {
    "type": "LineString",
    "coordinates": [
     [
      -49.496305,
      -27.540955
     ],
     [
      -49.490733,
      -27.531825
     ]
    ]
   }
  },
  {
   "type": "Feature",
   "properties": {
    "rio": "Itajai_Sul",
    "reach": "R1",
    "rs": 48051.49
   },
   "geometry": {
    "type": "LineString",
    "coordinates": [
     [
      -49.503071,
      -27.537856
     ],
     [
      -49.494949,
      -27.529209
     ]
    ]
   }
  },
  {
   "type": "Feature",
   "properties": {
    "rio": "Itajai_Sul",
    "reach": "R1",
    "rs": 47255.09
   },
   "geometry": {
    "type": "LineString",
    "coordinates": [
     [
      -49.50867,
      -27.53322
     ],
     [
      -49.500576,
      -27.523459
     ]
    ]
   }
  },
  {
   "type": "Feature",
   "properties": {
    "rio": "Itajai_Sul",
    "reach": "R1",
    "rs": 46255.09
   },
   "geometry": {
    "type": "LineString",
    "coordinates": [
     [
      -49.5159,
      -27.530958
     ],
     [
      -49.511625,
      -27.51853
     ]
    ]
   }
  },
  {
   "type": "Feature",
   "properties": {
    "rio": "Itajai_Sul",
    "reach": "R1",
    "rs": 45255.09
   },
   "geometry": {
    "type": "LineString",
    "coordinates": [
     [
      -49.527182,
      -27.526363
     ],
     [
      -49.516615,
      -27.516262
     ]
    ]
   }
  },
  {
   "type": "Feature",
   "properties": {
    "rio": "Itajai_Sul",
    "reach": "R1",
    "rs": 44255.09
   },
   "geometry": {
    "type": "LineString",
    "coordinates": [
     [
      -49.535114,
      -27.525456
     ],
     [
      -49.527661,
      -27.512429
     ]
    ]
   }
  },
  {
   "type": "Feature",
   "properties": {
    "rio": "Itajai_Sul",
    "reach": "R1",
    "rs": 43255.09
   },
   "geometry": {
    "type": "LineString",
    "coordinates": [
     [
      -49.542775,
      -27.519534
     ],
     [
      -49.535223,
      -27.506552
     ]
    ]
   }
  },
  {
   "type": "Feature",
   "properties": {
    "rio": "Itajai_Sul",
    "reach": "R1",
    "rs": 42313.91
   },
   "geometry": {
    "type": "LineString",
    "coordinates": [
     [
      -49.552983,
      -27.514743
     ],
     [
      -49.541618,
      -27.504198
     ]
    ]
   }
  },
  {
   "type": "Feature",
   "properties": {
    "rio": "Itajai_Sul",
    "reach": "R1",
    "rs": 41490.41
   },
   "geometry": {
    "type": "LineString",
    "coordinates": [
     [
      -49.557766,
      -27.511066
     ],
     [
      -49.550112,
      -27.4991
     ]
    ]
   }
  },
  {
   "type": "Feature",
   "properties": {
    "rio": "Itajai_Sul",
    "reach": "R1",
    "rs": 41340.41
   },
   "geometry": {
    "type": "LineString",
    "coordinates": [
     [
      -49.558704,
      -27.509318
     ],
     [
      -49.551623,
      -27.499259
     ]
    ]
   }
  },
  {
   "type": "Feature",
   "properties": {
    "rio": "Itajai_Sul",
    "reach": "R1",
    "rs": 41190.41
   },
   "geometry": {
    "type": "LineString",
    "coordinates": [
     [
      -49.559672,
      -27.507463
     ],
     [
      -49.553149,
      -27.499608
     ]
    ]
   }
  },
  {
   "type": "Feature",
   "properties": {
    "rio": "Itajai_Sul",
    "reach": "R1",
    "rs": 41040.41
   },
   "geometry": {
    "type": "LineString",
    "coordinates": [
     [
      -49.56053,
      -27.505981
     ],
     [
      -49.554723,
      -27.499494
     ]
    ]
   }
  },
  {
   "type": "Feature",
   "properties": {
    "rio": "Itajai_Sul",
    "reach": "R1",
    "rs": 40872.63
   },
   "geometry": {
    "type": "LineString",
    "coordinates": [
     [
      -49.56164,
      -27.505186
     ],
     [
      -49.556545,
      -27.498753
     ]
    ]
   }
  },
  {
   "type": "Feature",
   "properties": {
    "rio": "Itajai_Sul",
    "reach": "R1",
    "rs": 40609.37
   },
   "geometry": {
    "type": "LineString",
    "coordinates": [
     [
      -49.562247,
      -27.504686
     ],
     [
      -49.560415,
      -27.49721
     ]
    ]
   }
  },
  {
   "type": "Feature",
   "properties": {
    "rio": "Itajai_Sul",
    "reach": "R1",
    "rs": 39916.47
   },
   "geometry": {
    "type": "LineString",
    "coordinates": [
     [
      -49.563141,
      -27.506821
     ],
     [
      -49.569205,
      -27.501405
     ]
    ]
   }
  },
  {
   "type": "Feature",
   "properties": {
    "rio": "Itajai_Sul",
    "reach": "R1",
    "rs": 38916.47
   },
   "geometry": {
    "type": "LineString",
    "coordinates": [
     [
      -49.57692,
      -27.502413
     ],
     [
      -49.569588,
      -27.498436
     ]
    ]
   }
  },
  {
   "type": "Feature",
   "properties": {
    "rio": "Itajai_Sul",
    "reach": "R1",
    "rs": 37951.11
   },
   "geometry": {
    "type": "LineString",
    "coordinates": [
     [
      -49.581262,
      -27.493679
     ],
     [
      -49.573103,
      -27.491229
     ]
    ]
   }
  },
  {
   "type": "Feature",
   "properties": {
    "rio": "Itajai_Sul",
    "reach": "R1",
    "rs": 37023.18
   },
   "geometry": {
    "type": "LineString",
    "coordinates": [
     [
      -49.585722,
      -27.486863
     ],
     [
      -49.577598,
      -27.483779
     ]
    ]
   }
  },
  {
   "type": "Feature",
   "properties": {
    "rio": "Itajai_Sul",
    "reach": "R1",
    "rs": 36023.18
   },
   "geometry": {
    "type": "LineString",
    "coordinates": [
     [
      -49.58608,
      -27.474555
     ],
     [
      -49.578607,
      -27.478091
     ]
    ]
   }
  },
  {
   "type": "Feature",
   "properties": {
    "rio": "Itajai_Sul",
    "reach": "R1",
    "rs": 35023.18
   },
   "geometry": {
    "type": "LineString",
    "coordinates": [
     [
      -49.580495,
      -27.469194
     ],
     [
      -49.572472,
      -27.469913
     ]
    ]
   }
  },
  {
   "type": "Feature",
   "properties": {
    "rio": "Itajai_Sul",
    "reach": "R1",
    "rs": 34023.18
   },
   "geometry": {
    "type": "LineString",
    "coordinates": [
     [
      -49.581753,
      -27.46157
     ],
     [
      -49.57449,
      -27.460001
     ]
    ]
   }
  },
  {
   "type": "Feature",
   "properties": {
    "rio": "Itajai_Sul",
    "reach": "R1",
    "rs": 33023.18
   },
   "geometry": {
    "type": "LineString",
    "coordinates": [
     [
      -49.584697,
      -27.460678
     ],
     [
      -49.583556,
      -27.45409
     ]
    ]
   }
  },
  {
   "type": "Feature",
   "properties": {
    "rio": "Itajai_Sul",
    "reach": "R1",
    "rs": 32898.2
   },
   "geometry": {
    "type": "LineString",
    "coordinates": [
     [
      -49.586903,
      -27.458968
     ],
     [
      -49.58543,
      -27.457076
     ],
     [
      -49.585264,
      -27.456823
     ],
     [
      -49.585098,
      -27.45657
     ],
     [
      -49.582581,
      -27.453541
     ]
    ]
   }
  },
  {
   "type": "Feature",
   "properties": {
    "rio": "Itajai_Sul",
    "reach": "R1",
    "rs": 32773.2
   },
   "geometry": {
    "type": "LineString",
    "coordinates": [
     [
      -49.589029,
      -27.457149
     ],
     [
      -49.586433,
      -27.456172
     ],
     [
      -49.586141,
      -27.456037
     ],
     [
      -49.58585,
      -27.455902
     ],
     [
      -49.582168,
      -27.454527
     ]
    ]
   }
  },
  {
   "type": "Feature",
   "properties": {
    "rio": "Itajai_Sul",
    "reach": "R1",
    "rs": 32648.2
   },
   "geometry": {
    "type": "LineString",
    "coordinates": [
     [
      -49.589597,
      -27.454319
     ],
     [
      -49.58666,
      -27.454889
     ],
     [
      -49.586314,
      -27.454946
     ],
     [
      -49.585967,
      -27.455003
     ],
     [
      -49.582286,
      -27.455672
     ]
    ]
   }
  },
  {
   "type": "Feature",
   "properties": {
    "rio": "Itajai_Sul",
    "reach": "R1",
    "rs": 32523.2
   },
   "geometry": {
    "type": "LineString",
    "coordinates": [
     [
      -49.588324,
      -27.451903
     ],
     [
      -49.585849,
      -27.453769
     ],
     [
      -49.585654,
      -27.454031
     ],
     [
      -49.585458,
      -27.454292
     ],
     [
      -49.582704,
      -27.456251
     ]
    ]
   }
  },
  {
   "type": "Feature",
   "properties": {
    "rio": "Itajai_Sul",
    "reach": "R1",
    "rs": 32398.2
   },
   "geometry": {
    "type": "LineString",
    "coordinates": [
     [
      -49.586614,
      -27.450846
     ],
     [
      -49.584547,
      -27.453339
     ],
     [
      -49.584469,
      -27.453645
     ],
     [
      -49.584391,
      -27.453952
     ],
     [
      -49.582518,
      -27.456362
     ]
    ]
   }
  },
  {
   "type": "Feature",
   "properties": {
    "rio": "Itajai_Sul",
    "reach": "R1",
    "rs": 32273.2
   },
   "geometry": {
    "type": "LineString",
    "coordinates": [
     [
      -49.585443,
      -27.450398
     ],
     [
      -49.583309,
      -27.453105
     ],
     [
      -49.583232,
      -27.453411
     ],
     [
      -49.583154,
      -27.453718
     ],
     [
      -49.581731,
      -27.456127
     ]
    ]
   }
  },
  {
   "type": "Feature",
   "properties": {
    "rio": "Itajai_Sul",
    "reach": "R1",
    "rs": 32148.2
   },
   "geometry": {
    "type": "LineString",
    "coordinates": [
     [
      -49.584927,
      -27.450193
     ],
     [
      -49.582221,
      -27.452754
     ],
     [
      -49.582047,
      -27.453027
     ],
     [
      -49.581872,
      -27.4533
     ],
     [
      -49.580215,
      -27.455333
     ]
    ]
   }
  },
  {
   "type": "Feature",
   "properties": {
    "rio": "Itajai_Sul",
    "reach": "R1",
    "rs": 32023.18
   },
   "geometry": {
    "type": "LineString",
    "coordinates": [
     [
      -49.584393,
      -27.450359
     ],
     [
      -49.578149,
      -27.454019
     ]
    ]
   }
  },
  {
   "type": "Feature",
   "properties": {
    "rio": "Itajai_Sul",
    "reach": "R1",
    "rs": 31905.2
   },
   "geometry": {
    "type": "LineString",
    "coordinates": [
     [
      -49.585018,
      -27.450715
     ],
     [
      -49.581028,
      -27.451277
     ],
     [
      -49.580657,
      -27.451327
     ],
     [
      -49.580286,
      -27.451378
     ],
     [
      -49.577636,
      -27.451718
     ]
    ]
   }
  },
  {
   "type": "Feature",
   "properties": {
    "rio": "Itajai_Sul",
    "reach": "R1",
    "rs": 31787.3
   },
   "geometry": {
    "type": "LineString",
    "coordinates": [
     [
      -49.584995,
      -27.451129
     ],
     [
      -49.581135,
      -27.450403
     ],
     [
      -49.580784,
      -27.450285
     ],
     [
      -49.580432,
      -27.450166
     ],
     [
      -49.577757,
      -27.449523
     ]
    ]
   }
  },
  {
   "type": "Feature",
   "properties": {
    "rio": "Itajai_Sul",
    "reach": "R1",
    "rs": 31669.3
   },
   "geometry": {
    "type": "LineString",
    "coordinates": [
     [
      -49.585024,
      -27.451335
     ],
     [
      -49.581699,
      -27.449602
     ],
     [
      -49.581413,
      -27.449385
     ],
     [
      -49.581126,
      -27.449168
     ],
     [
      -49.578737,
      -27.447759
     ]
    ]
   }
  },
  {
   "type": "Feature",
   "properties": {
    "rio": "Itajai_Sul",
    "reach": "R1",
    "rs": 31551.4
   },
   "geometry": {
    "type": "LineString",
    "coordinates": [
     [
      -49.585181,
      -27.451287
     ],
     [
      -49.582521,
      -27.44892
     ],
     [
      -49.582284,
      -27.44866
     ],
     [
      -49.582048,
      -27.4484
     ],
     [
      -49.580046,
      -27.446456
     ]
    ]
   }
  },
  {
   "type": "Feature",
   "properties": {
    "rio": "Itajai_Sul",
    "reach": "R1",
    "rs": 31433.5
   },
   "geometry": {
    "type": "LineString",
    "coordinates": [
     [
      -49.585585,
      -27.450967
     ],
     [
      -49.583441,
      -27.448318
     ],
     [
      -49.583246,
      -27.448032
     ],
     [
      -49.58305,
      -27.447746
     ],
     [
      -49.581352,
      -27.445483
     ]
    ]
   }
  },
  {
   "type": "Feature",
   "properties": {
    "rio": "Itajai_Sul",
    "reach": "R1",
    "rs": 31315.5
   },
   "geometry": {
    "type": "LineString",
    "coordinates": [
     [
      -49.586205,
      -27.450627
     ],
     [
      -49.58444,
      -27.44786
     ],
     [
      -49.584304,
      -27.447547
     ],
     [
      -49.584169,
      -27.447235
     ],
     [
      -49.582632,
      -27.444785
     ]
    ]
   }
  },
  {
   "type": "Feature",
   "properties": {
    "rio": "Itajai_Sul",
    "reach": "R1",
    "rs": 31197.6
   },
   "geometry": {
    "type": "LineString",
    "coordinates": [
     [
      -49.58715,
      -27.450229
     ],
     [
      -49.585554,
      -27.447475
     ],
     [
      -49.585417,
      -27.447163
     ],
     [
      -49.58528,
      -27.446851
     ],
     [
      -49.583818,
      -27.444272
     ]
    ]
   }
  },
  {
   "type": "Feature",
   "properties": {
    "rio": "Itajai_Sul",
    "reach": "R1",
    "rs": 31079.61
   },
   "geometry": {
    "type": "LineString",
    "coordinates": [
     [
      -49.588186,
      -27.449826
     ],
     [
      -49.584927,
      -27.443828
     ]
    ]
   }
  },
  {
   "type": "Feature",
   "properties": {
    "rio": "Itajai_Sul",
    "reach": "R1",
    "rs": 30829.6
   },
   "geometry": {
    "type": "LineString",
    "coordinates": [
     [
      -49.590795,
      -27.448461
     ],
     [
      -49.588917,
      -27.445885
     ],
     [
      -49.588704,
      -27.445633
     ],
     [
      -49.588491,
      -27.445381
     ],
     [
      -49.58666,
      -27.442878
     ]
    ]
   }
  },
  {
   "type": "Feature",
   "properties": {
    "rio": "Itajai_Sul",
    "reach": "R1",
    "rs": 30579.6
   },
   "geometry": {
    "type": "LineString",
    "coordinates": [
     [
      -49.592906,
      -27.447045
     ],
     [
      -49.59093,
      -27.44451
     ],
     [
      -49.590697,
      -27.444244
     ],
     [
      -49.590463,
      -27.443977
     ],
     [
      -49.58855,
      -27.441558
     ]
    ]
   }
  },
  {
   "type": "Feature",
   "properties": {
    "rio": "Itajai_Sul",
    "reach": "R1",
    "rs": 30329.6
   },
   "geometry": {
    "type": "LineString",
    "coordinates": [
     [
      -49.594374,
      -27.446058
     ],
     [
      -49.592919,
      -27.443194
     ],
     [
      -49.592739,
      -27.442919
     ],
     [
      -49.592558,
      -27.442644
     ],
     [
      -49.591166,
      -27.439941
     ]
    ]
   }
  },
  {
   "type": "Feature",
   "properties": {
    "rio": "Itajai_Sul",
    "reach": "R1",
    "rs": 30079.61
   },
   "geometry": {
    "type": "LineString",
    "coordinates": [
     [
      -49.595686,
      -27.445739
     ],
     [
      -49.594611,
      -27.439026
     ]
    ]
   }
  },
  {
   "type": "Feature",
   "properties": {
    "rio": "Itajai_Sul",
    "reach": "R1",
    "rs": 29829.6
   },
   "geometry": {
    "type": "LineString",
    "coordinates": [
     [
      -49.599019,
      -27.445439
     ],
     [
      -49.5977,
      -27.442613
     ],
     [
      -49.597659,
      -27.442292
     ],
     [
      -49.597617,
      -27.441971
     ],
     [
      -49.596225,
      -27.439079
     ]
    ]
   }
  },
  {
   "type": "Feature",
   "properties": {
    "rio": "Itajai_Sul",
    "reach": "R1",
    "rs": 29579.6
   },
   "geometry": {
    "type": "LineString",
    "coordinates": [
     [
      -49.602755,
      -27.442813
     ],
     [
      -49.599971,
      -27.441202
     ],
     [
      -49.599646,
      -27.441052
     ],
     [
      -49.599321,
      -27.440902
     ],
     [
      -49.59625,
      -27.439047
     ]
    ]
   }
  },
  {
   "type": "Feature",
   "properties": {
    "rio": "Itajai_Sul",
    "reach": "R1",
    "rs": 29329.6
   },
   "geometry": {
    "type": "LineString",
    "coordinates": [
     [
      -49.603424,
      -27.439209
     ],
     [
      -49.600247,
      -27.438844
     ],
     [
      -49.599877,
      -27.438841
     ],
     [
      -49.599508,
      -27.438837
     ],
     [
      -49.5957,
      -27.438116
     ]
    ]
   }
  },
  {
   "type": "Feature",
   "properties": {
    "rio": "Itajai_Sul",
    "reach": "R1",
    "rs": 29079.61
   },
   "geometry": {
    "type": "LineString",
    "coordinates": [
     [
      -49.603893,
      -27.437111
     ],
     [
      -49.596067,
      -27.436076
     ]
    ]
   }
  },
  {
   "type": "Feature",
   "properties": {
    "rio": "Itajai_Sul",
    "reach": "R1",
    "rs": 28079.61
   },
   "geometry": {
    "type": "LineString",
    "coordinates": [
     [
      -49.601265,
      -27.430731
     ],
     [
      -49.592717,
      -27.428253
     ]
    ]
   }
  },
  {
   "type": "Feature",
   "properties": {
    "rio": "Itajai_Sul",
    "reach": "R1",
    "rs": 27079.61
   },
   "geometry": {
    "type": "LineString",
    "coordinates": [
     [
      -49.60754,
      -27.422911
     ],
     [
      -49.597714,
      -27.421146
     ]
    ]
   }
  },
  {
   "type": "Feature",
   "properties": {
    "rio": "Itajai_Sul",
    "reach": "R1",
    "rs": 26079.61
   },
   "geometry": {
    "type": "LineString",
    "coordinates": [
     [
      -49.610872,
      -27.416844
     ],
     [
      -49.602015,
      -27.411655
     ]
    ]
   }
  },
  {
   "type": "Feature",
   "properties": {
    "rio": "Itajai_Sul",
    "reach": "R1",
    "rs": 25290.34
   },
   "geometry": {
    "type": "LineString",
    "coordinates": [
     [
      -49.614816,
      -27.409221
     ],
     [
      -49.604995,
      -27.406164
     ]
    ]
   }
  },
  {
   "type": "Feature",
   "properties": {
    "rio": "Itajai_Sul",
    "reach": "R1",
    "rs": 25004.34
   },
   "geometry": {
    "type": "LineString",
    "coordinates": [
     [
      -49.61562,
      -27.405182
     ],
     [
      -49.605507,
      -27.404843
     ]
    ]
   }
  },
  {
   "type": "Feature",
   "properties": {
    "rio": "Itajai_Sul",
    "reach": "R1",
    "rs": 24627.58
   },
   "geometry": {
    "type": "LineString",
    "coordinates": [
     [
      -49.613704,
      -27.399096
     ],
     [
      -49.60514,
      -27.403909
     ]
    ]
   }
  },
  {
   "type": "Feature",
   "properties": {
    "rio": "Itajai_Sul",
    "reach": "R1",
    "rs": 23965.98
   },
   "geometry": {
    "type": "LineString",
    "coordinates": [
     [
      -49.609581,
      -27.395026
     ],
     [
      -49.600546,
      -27.399095
     ]
    ]
   }
  },
  {
   "type": "Feature",
   "properties": {
    "rio": "Itajai_Sul",
    "reach": "R1",
    "rs": 22972.08
   },
   "geometry": {
    "type": "LineString",
    "coordinates": [
     [
      -49.6116,
      -27.393012
     ],
     [
      -49.604067,
      -27.386448
     ]
    ]
   }
  },
  {
   "type": "Feature",
   "properties": {
    "rio": "Itajai_Sul",
    "reach": "R1",
    "rs": 21972.08
   },
   "geometry": {
    "type": "LineString",
    "coordinates": [
     [
      -49.619131,
      -27.385164
     ],
     [
      -49.609562,
      -27.380426
     ]
    ]
   }
  },
  {
   "type": "Feature",
   "properties": {
    "rio": "Itajai_Sul",
    "reach": "R1",
    "rs": 20972.08
   },
   "geometry": {
    "type": "LineString",
    "coordinates": [
     [
      -49.620902,
      -27.374967
     ],
     [
      -49.609358,
      -27.372946
     ]
    ]
   }
  },
  {
   "type": "Feature",
   "properties": {
    "rio": "Itajai_Sul",
    "reach": "R1",
    "rs": 19972.08
   },
   "geometry": {
    "type": "LineString",
    "coordinates": [
     [
      -49.620292,
      -27.364493
     ],
     [
      -49.608386,
      -27.366099
     ]
    ]
   }
  },
  {
   "type": "Feature",
   "properties": {
    "rio": "Itajai_Sul",
    "reach": "R1",
    "rs": 19196.24
   },
   "geometry": {
    "type": "LineString",
    "coordinates": [
     [
      -49.619108,
      -27.356446
     ],
     [
      -49.607613,
      -27.360378
     ]
    ]
   }
  },
  {
   "type": "Feature",
   "properties": {
    "rio": "Itajai_Sul",
    "reach": "R1",
    "rs": 18373.05
   },
   "geometry": {
    "type": "LineString",
    "coordinates": [
     [
      -49.620619,
      -27.355327
     ],
     [
      -49.610306,
      -27.349554
     ]
    ]
   }
  },
  {
   "type": "Feature",
   "properties": {
    "rio": "Itajai_Sul",
    "reach": "R1",
    "rs": 17373.05
   },
   "geometry": {
    "type": "LineString",
    "coordinates": [
     [
      -49.618945,
      -27.351141
     ],
     [
      -49.613194,
      -27.341562
     ]
    ]
   }
  },
  {
   "type": "Feature",
   "properties": {
    "rio": "Itajai_Sul",
    "reach": "R1",
    "rs": 16475.05
   },
   "geometry": {
    "type": "LineString",
    "coordinates": [
     [
      -49.627788,
      -27.340182
     ],
     [
      -49.615617,
      -27.340203
     ]
    ]
   }
  },
  {
   "type": "Feature",
   "properties": {
    "rio": "Itajai_Sul",
    "reach": "R1",
    "rs": 15577.05
   },
   "geometry": {
    "type": "LineString",
    "coordinates": [
     [
      -49.62644,
      -27.332746
     ],
     [
      -49.614095,
      -27.331912
     ]
    ]
   }
  },
  {
   "type": "Feature",
   "properties": {
    "rio": "Itajai_Sul",
    "reach": "R1",
    "rs": 14657.85
   },
   "geometry": {
    "type": "LineString",
    "coordinates": [
     [
      -49.62974,
      -27.328396
     ],
     [
      -49.618833,
      -27.322072
     ]
    ]
   }
  },
  {
   "type": "Feature",
   "properties": {
    "rio": "Itajai_Sul",
    "reach": "R1",
    "rs": 13724.04
   },
   "geometry": {
    "type": "LineString",
    "coordinates": [
     [
      -49.632923,
      -27.324378
     ],
     [
      -49.627392,
      -27.313254
     ]
    ]
   }
  },
  {
   "type": "Feature",
   "properties": {
    "rio": "Itajai_Sul",
    "reach": "R1",
    "rs": 12792.04
   },
   "geometry": {
    "type": "LineString",
    "coordinates": [
     [
      -49.645184,
      -27.318401
     ],
     [
      -49.631862,
      -27.31444
     ]
    ]
   }
  },
  {
   "type": "Feature",
   "properties": {
    "rio": "Itajai_Sul",
    "reach": "R1",
    "rs": 11876.47
   },
   "geometry": {
    "type": "LineString",
    "coordinates": [
     [
      -49.64221,
      -27.308659
     ],
     [
      -49.627975,
      -27.309481
     ]
    ]
   }
  },
  {
   "type": "Feature",
   "properties": {
    "rio": "Itajai_Sul",
    "reach": "R1",
    "rs": 10938.39
   },
   "geometry": {
    "type": "LineString",
    "coordinates": [
     [
      -49.644568,
      -27.307235
     ],
     [
      -49.635712,
      -27.296991
     ]
    ]
   }
  },
  {
   "type": "Feature",
   "properties": {
    "rio": "Itajai_Sul",
    "reach": "R1",
    "rs": 9943.07
   },
   "geometry": {
    "type": "LineString",
    "coordinates": [
     [
      -49.653411,
      -27.299797
     ],
     [
      -49.641151,
      -27.292484
     ]
    ]
   }
  },
  {
   "type": "Feature",
   "properties": {
    "rio": "Itajai_Sul",
    "reach": "R1",
    "rs": 8943.07
   },
   "geometry": {
    "type": "LineString",
    "coordinates": [
     [
      -49.657685,
      -27.287212
     ],
     [
      -49.642555,
      -27.288815
     ]
    ]
   }
  },
  {
   "type": "Feature",
   "properties": {
    "rio": "Itajai_Sul",
    "reach": "R1",
    "rs": 7943.07
   },
   "geometry": {
    "type": "LineString",
    "coordinates": [
     [
      -49.656163,
      -27.282019
     ],
     [
      -49.641705,
      -27.276354
     ]
    ]
   }
  },
  {
   "type": "Feature",
   "properties": {
    "rio": "Itajai_Sul",
    "reach": "R1",
    "rs": 6943.07
   },
   "geometry": {
    "type": "LineString",
    "coordinates": [
     [
      -49.663166,
      -27.273073
     ],
     [
      -49.646968,
      -27.271367
     ]
    ]
   }
  },
  {
   "type": "Feature",
   "properties": {
    "rio": "Itajai_Sul",
    "reach": "R1",
    "rs": 5943.07
   },
   "geometry": {
    "type": "LineString",
    "coordinates": [
     [
      -49.664444,
      -27.263673
     ],
     [
      -49.648079,
      -27.263542
     ]
    ]
   }
  },
  {
   "type": "Feature",
   "properties": {
    "rio": "Itajai_Sul",
    "reach": "R1",
    "rs": 4943.07
   },
   "geometry": {
    "type": "LineString",
    "coordinates": [
     [
      -49.661412,
      -27.252462
     ],
     [
      -49.646068,
      -27.257546
     ]
    ]
   }
  },
  {
   "type": "Feature",
   "properties": {
    "rio": "Itajai_Sul",
    "reach": "R1",
    "rs": 3943.07
   },
   "geometry": {
    "type": "LineString",
    "coordinates": [
     [
      -49.658572,
      -27.243972
     ],
     [
      -49.643217,
      -27.249026
     ]
    ]
   }
  },
  {
   "type": "Feature",
   "properties": {
    "rio": "Itajai_Sul",
    "reach": "R1",
    "rs": 2943.07
   },
   "geometry": {
    "type": "LineString",
    "coordinates": [
     [
      -49.651194,
      -27.239912
     ],
     [
      -49.635314,
      -27.243437
     ]
    ]
   }
  },
  {
   "type": "Feature",
   "properties": {
    "rio": "Itajai_Sul",
    "reach": "R1",
    "rs": 1943.07
   },
   "geometry": {
    "type": "LineString",
    "coordinates": [
     [
      -49.654631,
      -27.234682
     ],
     [
      -49.638515,
      -27.232157
     ]
    ]
   }
  },
  {
   "type": "Feature",
   "properties": {
    "rio": "Itajai_Sul",
    "reach": "R1",
    "rs": 943.07
   },
   "geometry": {
    "type": "LineString",
    "coordinates": [
     [
      -49.654897,
      -27.224055
     ],
     [
      -49.638571,
      -27.225001
     ]
    ]
   }
  },
  {
   "type": "Feature",
   "properties": {
    "rio": "Itajai_Sul",
    "reach": "R1",
    "rs": 75.0
   },
   "geometry": {
    "type": "LineString",
    "coordinates": [
     [
      -49.655419,
      -27.218673
     ],
     [
      -49.63962,
      -27.214877
     ]
    ]
   }
  },
  {
   "type": "Feature",
   "properties": {
    "rio": "Rio_Benedito",
    "reach": "R1",
    "rs": 22933.31
   },
   "geometry": {
    "type": "LineString",
    "coordinates": [
     [
      -49.36068,
      -26.782329
     ],
     [
      -49.368455,
      -26.783608
     ]
    ]
   }
  },
  {
   "type": "Feature",
   "properties": {
    "rio": "Rio_Benedito",
    "reach": "R1",
    "rs": 22278.33
   },
   "geometry": {
    "type": "LineString",
    "coordinates": [
     [
      -49.359862,
      -26.786237
     ],
     [
      -49.368349,
      -26.790923
     ]
    ]
   }
  },
  {
   "type": "Feature",
   "properties": {
    "rio": "Rio_Benedito",
    "reach": "R1",
    "rs": 21558.4
   },
   "geometry": {
    "type": "LineString",
    "coordinates": [
     [
      -49.35589,
      -26.794567
     ],
     [
      -49.36763,
      -26.794303
     ]
    ]
   }
  },
  {
   "type": "Feature",
   "properties": {
    "rio": "Rio_Benedito",
    "reach": "R1",
    "rs": 20724.42
   },
   "geometry": {
    "type": "LineString",
    "coordinates": [
     [
      -49.353992,
      -26.799613
     ],
     [
      -49.365642,
      -26.803551
     ]
    ]
   }
  },
  {
   "type": "Feature",
   "properties": {
    "rio": "Rio_Benedito",
    "reach": "R1",
    "rs": 19767.3
   },
   "geometry": {
    "type": "LineString",
    "coordinates": [
     [
      -49.349222,
      -26.805049
     ],
     [
      -49.359129,
      -26.811859
     ]
    ]
   }
  },
  {
   "type": "Feature",
   "properties": {
    "rio": "Rio_Benedito",
    "reach": "R1",
    "rs": 19617.3
   },
   "geometry": {
    "type": "LineString",
    "coordinates": [
     [
      -49.348451,
      -26.806071
     ],
     [
      -49.35823,
      -26.813088
     ]
    ]
   }
  },
  {
   "type": "Feature",
   "properties": {
    "rio": "Rio_Benedito",
    "reach": "R1",
    "rs": 19467.3
   },
   "geometry": {
    "type": "LineString",
    "coordinates": [
     [
      -49.347683,
      -26.806907
     ],
     [
      -49.357117,
      -26.814365
     ]
    ]
   }
  },
  {
   "type": "Feature",
   "properties": {
    "rio": "Rio_Benedito",
    "reach": "R1",
    "rs": 19317.3
   },
   "geometry": {
    "type": "LineString",
    "coordinates": [
     [
      -49.346701,
      -26.807719
     ],
     [
      -49.355937,
      -26.815444
     ]
    ]
   }
  },
  {
   "type": "Feature",
   "properties": {
    "rio": "Rio_Benedito",
    "reach": "R1",
    "rs": 19167.3
   },
   "geometry": {
    "type": "LineString",
    "coordinates": [
     [
      -49.345406,
      -26.808871
     ],
     [
      -49.355094,
      -26.816199
     ]
    ]
   }
  },
  {
   "type": "Feature",
   "properties": {
    "rio": "Rio_Benedito",
    "reach": "R1",
    "rs": 19017.3
   },
   "geometry": {
    "type": "LineString",
    "coordinates": [
     [
      -49.344201,
      -26.810273
     ],
     [
      -49.354488,
      -26.816957
     ]
    ]
   }
  },
  {
   "type": "Feature",
   "properties": {
    "rio": "Rio_Benedito",
    "reach": "R1",
    "rs": 18867.3
   },
   "geometry": {
    "type": "LineString",
    "coordinates": [
     [
      -49.343189,
      -26.811701
     ],
     [
      -49.353914,
      -26.817833
     ]
    ]
   }
  },
  {
   "type": "Feature",
   "properties": {
    "rio": "Rio_Benedito",
    "reach": "R1",
    "rs": 18717.3
   },
   "geometry": {
    "type": "LineString",
    "coordinates": [
     [
      -49.342411,
      -26.812822
     ],
     [
      -49.353106,
      -26.819015
     ]
    ]
   }
  },
  {
   "type": "Feature",
   "properties": {
    "rio": "Rio_Benedito",
    "reach": "R1",
    "rs": 18567.3
   },
   "geometry": {
    "type": "LineString",
    "coordinates": [
     [
      -49.342257,
      -26.814276
     ],
     [
      -49.352278,
      -26.820223
     ]
    ]
   }
  },
  {
   "type": "Feature",
   "properties": {
    "rio": "Rio_Benedito",
    "reach": "R1",
    "rs": 18417.3
   },
   "geometry": {
    "type": "LineString",
    "coordinates": [
     [
      -49.34234,
      -26.815942
     ],
     [
      -49.351111,
      -26.821147
     ]
    ]
   }
  },
  {
   "type": "Feature",
   "properties": {
    "rio": "Rio_Benedito",
    "reach": "R1",
    "rs": 18267.3
   },
   "geometry": {
    "type": "LineString",
    "coordinates": [
     [
      -49.342541,
      -26.817705
     ],
     [
      -49.34969,
      -26.821891
     ]
    ]
   }
  },
  {
   "type": "Feature",
   "properties": {
    "rio": "Rio_Benedito",
    "reach": "R1",
    "rs": 18117.3
   },
   "geometry": {
    "type": "LineString",
    "coordinates": [
     [
      -49.342224,
      -26.818998
     ],
     [
      -49.347779,
      -26.822592
     ]
    ]
   }
  },
  {
   "type": "Feature",
   "properties": {
    "rio": "Rio_Benedito",
    "reach": "R1",
    "rs": 17967.3
   },
   "geometry": {
    "type": "LineString",
    "coordinates": [
     [
      -49.341869,
      -26.819677
     ],
     [
      -49.345673,
      -26.823772
     ]
    ]
   }
  },
  {
   "type": "Feature",
   "properties": {
    "rio": "Rio_Benedito",
    "reach": "R1",
    "rs": 17817.3
   },
   "geometry": {
    "type": "LineString",
    "coordinates": [
     [
      -49.341569,
      -26.819946
     ],
     [
      -49.343191,
      -26.824468
     ]
    ]
   }
  },
  {
   "type": "Feature",
   "properties": {
    "rio": "Rio_Benedito",
    "reach": "R1",
    "rs": 17667.3
   },
   "geometry": {
    "type": "LineString",
    "coordinates": [
     [
      -49.340968,
      -26.819769
     ],
     [
      -49.340917,
      -26.824324
     ]
    ]
   }
  },
  {
   "type": "Feature",
   "properties": {
    "rio": "Rio_Benedito",
    "reach": "R1",
    "rs": 17517.3
   },
   "geometry": {
    "type": "LineString",
    "coordinates": [
     [
      -49.339572,
      -26.819488
     ],
     [
      -49.339382,
      -26.823846
     ]
    ]
   }
  },
  {
   "type": "Feature",
   "properties": {
    "rio": "Rio_Benedito",
    "reach": "R1",
    "rs": 17367.3
   },
   "geometry": {
    "type": "LineString",
    "coordinates": [
     [
      -49.337266,
      -26.819488
     ],
     [
      -49.338492,
      -26.823763
     ]
    ]
   }
  },
  {
   "type": "Feature",
   "properties": {
    "rio": "Rio_Benedito",
    "reach": "R1",
    "rs": 17217.3
   },
   "geometry": {
    "type": "LineString",
    "coordinates": [
     [
      -49.334494,
      -26.82045
     ],
     [
      -49.338077,
      -26.823876
     ]
    ]
   }
  },
  {
   "type": "Feature",
   "properties": {
    "rio": "Rio_Benedito",
    "reach": "R1",
    "rs": 16894.88
   },
   "geometry": {
    "type": "LineString",
    "coordinates": [
     [
      -49.332292,
      -26.825194
     ],
     [
      -49.338103,
      -26.825129
     ]
    ]
   }
  },
  {
   "type": "Feature",
   "properties": {
    "rio": "Rio_Benedito",
    "reach": "R1",
    "rs": 16217.2
   },
   "geometry": {
    "type": "LineString",
    "coordinates": [
     [
      -49.332086,
      -26.827608
     ],
     [
      -49.336124,
      -26.832445
     ]
    ]
   }
  },
  {
   "type": "Feature",
   "properties": {
    "rio": "Rio_Benedito",
    "reach": "R1",
    "rs": 15268.82
   },
   "geometry": {
    "type": "LineString",
    "coordinates": [
     [
      -49.327409,
      -26.82765
     ],
     [
      -49.324366,
      -26.834464
     ]
    ]
   }
  },
  {
   "type": "Feature",
   "properties": {
    "rio": "Rio_Benedito",
    "reach": "R1",
    "rs": 14268.82
   },
   "geometry": {
    "type": "LineString",
    "coordinates": [
     [
      -49.319132,
      -26.821179
     ],
     [
      -49.318433,
      -26.829562
     ]
    ]
   }
  },
  {
   "type": "Feature",
   "properties": {
    "rio": "Rio_Benedito",
    "reach": "R1",
    "rs": 13268.82
   },
   "geometry": {
    "type": "LineString",
    "coordinates": [
     [
      -49.311745,
      -26.822348
     ],
     [
      -49.309353,
      -26.831491
     ]
    ]
   }
  },
  {
   "type": "Feature",
   "properties": {
    "rio": "Rio_Benedito",
    "reach": "R1",
    "rs": 12268.82
   },
   "geometry": {
    "type": "LineString",
    "coordinates": [
     [
      -49.301492,
      -26.823571
     ],
     [
      -49.300145,
      -26.83354
     ]
    ]
   }
  },
  {
   "type": "Feature",
   "properties": {
    "rio": "Rio_Benedito",
    "reach": "R1",
    "rs": 11268.82
   },
   "geometry": {
    "type": "LineString",
    "coordinates": [
     [
      -49.292491,
      -26.819755
     ],
     [
      -49.291291,
      -26.830042
     ]
    ]
   }
  },
  {
   "type": "Feature",
   "properties": {
    "rio": "Rio_Benedito",
    "reach": "R1",
    "rs": 10268.82
   },
   "geometry": {
    "type": "LineString",
    "coordinates": [
     [
      -49.280053,
      -26.820953
     ],
     [
      -49.285441,
      -26.829801
     ]
    ]
   }
  },
  {
   "type": "Feature",
   "properties": {
    "rio": "Rio_Benedito",
    "reach": "R1",
    "rs": 9489.09
   },
   "geometry": {
    "type": "LineString",
    "coordinates": [
     [
      -49.272647,
      -26.82326
     ],
     [
      -49.277913,
      -26.83145
     ]
    ]
   }
  },
  {
   "type": "Feature",
   "properties": {
    "rio": "Rio_Benedito",
    "reach": "R2",
    "rs": 8944.5
   },
   "geometry": {
    "type": "LineString",
    "coordinates": [
     [
      -49.267909,
      -26.827113
     ],
     [
      -49.274419,
      -26.834192
     ]
    ]
   }
  },
  {
   "type": "Feature",
   "properties": {
    "rio": "Rio_Benedito",
    "reach": "R2",
    "rs": 8031.67
   },
   "geometry": {
    "type": "LineString",
    "coordinates": [
     [
      -49.265795,
      -26.838838
     ],
     [
      -49.275193,
      -26.835211
     ]
    ]
   }
  },
  {
   "type": "Feature",
   "properties": {
    "rio": "Rio_Benedito",
    "reach": "R2",
    "rs": 7031.67
   },
   "geometry": {
    "type": "LineString",
    "coordinates": [
     [
      -49.268071,
      -26.847879
     ],
     [
      -49.276966,
      -26.843344
     ]
    ]
   }
  },
  {
   "type": "Feature",
   "properties": {
    "rio": "Rio_Benedito",
    "reach": "R2",
    "rs": 6031.67
   },
   "geometry": {
    "type": "LineString",
    "coordinates": [
     [
      -49.264298,
      -26.84764
     ],
     [
      -49.271272,
      -26.854453
     ]
    ]
   }
  },
  {
   "type": "Feature",
   "properties": {
    "rio": "Rio_Benedito",
    "reach": "R2",
    "rs": 5031.67
   },
   "geometry": {
    "type": "LineString",
    "coordinates": [
     [
      -49.260593,
      -26.852067
     ],
     [
      -49.262209,
      -26.861355
     ]
    ]
   }
  },
  {
   "type": "Feature",
   "properties": {
    "rio": "Rio_Benedito",
    "reach": "R2",
    "rs": 4031.67
   },
   "geometry": {
    "type": "LineString",
    "coordinates": [
     [
      -49.251108,
      -26.861748
     ],
     [
      -49.261889,
      -26.865103
     ]
    ]
   }
  },
  {
   "type": "Feature",
   "properties": {
    "rio": "Rio_Benedito",
    "reach": "R2",
    "rs": 3031.67
   },
   "geometry": {
    "type": "LineString",
    "coordinates": [
     [
      -49.248425,
      -26.869324
     ],
     [
      -49.259075,
      -26.87477
     ]
    ]
   }
  },
  {
   "type": "Feature",
   "properties": {
    "rio": "Rio_Benedito",
    "reach": "R2",
    "rs": 2031.67
   },
   "geometry": {
    "type": "LineString",
    "coordinates": [
     [
      -49.241736,
      -26.871467
     ],
     [
      -49.2487,
      -26.881334
     ]
    ]
   }
  },
  {
   "type": "Feature",
   "properties": {
    "rio": "Rio_Benedito",
    "reach": "R2",
    "rs": 1031.67
   },
   "geometry": {
    "type": "LineString",
    "coordinates": [
     [
      -49.23291,
      -26.882403
     ],
     [
      -49.24611,
      -26.883646
     ]
    ]
   }
  },
  {
   "type": "Feature",
   "properties": {
    "rio": "Rio_Benedito",
    "reach": "R2",
    "rs": 133.67
   },
   "geometry": {
    "type": "LineString",
    "coordinates": [
     [
      -49.231763,
      -26.885261
     ],
     [
      -49.24022,
      -26.894751
     ]
    ]
   }
  },
  {
   "type": "Feature",
   "properties": {
    "rio": "Rio_Benedito",
    "reach": "R2",
    "rs": 75.0
   },
   "geometry": {
    "type": "LineString",
    "coordinates": [
     [
      -49.231419,
      -26.885291
     ],
     [
      -49.239573,
      -26.895296
     ]
    ]
   }
  },
  {
   "type": "Feature",
   "properties": {
    "rio": "Rio_do_Testo",
    "reach": "R1",
    "rs": 6083.3
   },
   "geometry": {
    "type": "LineString",
    "coordinates": [
     [
      -49.152396,
      -26.855201
     ],
     [
      -49.15567,
      -26.850834
     ]
    ]
   }
  },
  {
   "type": "Feature",
   "properties": {
    "rio": "Rio_do_Testo",
    "reach": "R1",
    "rs": 5838.51
   },
   "geometry": {
    "type": "LineString",
    "coordinates": [
     [
      -49.153836,
      -26.855752
     ],
     [
      -49.158376,
      -26.852436
     ]
    ]
   }
  },
  {
   "type": "Feature",
   "properties": {
    "rio": "Rio_do_Testo",
    "reach": "R1",
    "rs": 5524.11
   },
   "geometry": {
    "type": "LineString",
    "coordinates": [
     [
      -49.154555,
      -26.856766
     ],
     [
      -49.160386,
      -26.856427
     ]
    ]
   }
  },
  {
   "type": "Feature",
   "properties": {
    "rio": "Rio_do_Testo",
    "reach": "R1",
    "rs": 4835.83
   },
   "geometry": {
    "type": "LineString",
    "coordinates": [
     [
      -49.15304,
      -26.861769
     ],
     [
      -49.158685,
      -26.863583
     ]
    ]
   }
  },
  {
   "type": "Feature",
   "properties": {
    "rio": "Rio_do_Testo",
    "reach": "R1",
    "rs": 4243.26
   },
   "geometry": {
    "type": "LineString",
    "coordinates": [
     [
      -49.152168,
      -26.866779
     ],
     [
      -49.157778,
      -26.869169
     ]
    ]
   }
  },
  {
   "type": "Feature",
   "properties": {
    "rio": "Rio_do_Testo",
    "reach": "R1",
    "rs": 3693.34
   },
   "geometry": {
    "type": "LineString",
    "coordinates": [
     [
      -49.151285,
      -26.865742
     ],
     [
      -49.148573,
      -26.870965
     ]
    ]
   }
  },
  {
   "type": "Feature",
   "properties": {
    "rio": "Rio_do_Testo",
    "reach": "R1",
    "rs": 2929.22
   },
   "geometry": {
    "type": "LineString",
    "coordinates": [
     [
      -49.141521,
      -26.868205
     ],
     [
      -49.146613,
      -26.871746
     ]
    ]
   }
  },
  {
   "type": "Feature",
   "properties": {
    "rio": "Rio_do_Testo",
    "reach": "R1",
    "rs": 2203.38
   },
   "geometry": {
    "type": "LineString",
    "coordinates": [
     [
      -49.139006,
      -26.875475
     ],
     [
      -49.145364,
      -26.876238
     ]
    ]
   }
  },
  {
   "type": "Feature",
   "properties": {
    "rio": "Rio_do_Testo",
    "reach": "R1",
    "rs": 1794.3
   },
   "geometry": {
    "type": "LineString",
    "coordinates": [
     [
      -49.139952,
      -26.880386
     ],
     [
      -49.145419,
      -26.877429
     ]
    ]
   }
  },
  {
   "type": "Feature",
   "properties": {
    "rio": "Rio_do_Testo",
    "reach": "R1",
    "rs": 1489.39
   },
   "geometry": {
    "type": "LineString",
    "coordinates": [
     [
      -49.141969,
      -26.882203
     ],
     [
      -49.147739,
      -26.87969
     ]
    ]
   }
  },
  {
   "type": "Feature",
   "properties": {
    "rio": "Rio_do_Testo",
    "reach": "R1",
    "rs": 1221.33
   },
   "geometry": {
    "type": "LineString",
    "coordinates": [
     [
      -49.142068,
      -26.88283
     ],
     [
      -49.148174,
      -26.884758
     ]
    ]
   }
  },
  {
   "type": "Feature",
   "properties": {
    "rio": "Rio_do_Testo",
    "reach": "R1",
    "rs": 770.54
   },
   "geometry": {
    "type": "LineString",
    "coordinates": [
     [
      -49.13973,
      -26.884883
     ],
     [
      -49.144071,
      -26.889499
     ]
    ]
   }
  },
  {
   "type": "Feature",
   "properties": {
    "rio": "Rio_do_Testo",
    "reach": "R1",
    "rs": 308.09
   },
   "geometry": {
    "type": "LineString",
    "coordinates": [
     [
      -49.136223,
      -26.885821
     ],
     [
      -49.138754,
      -26.892398
     ]
    ]
   }
  },
  {
   "type": "Feature",
   "properties": {
    "rio": "Rio_do_Testo",
    "reach": "R1",
    "rs": 75.0
   },
   "geometry": {
    "type": "LineString",
    "coordinates": [
     [
      -49.133795,
      -26.885732
     ],
     [
      -49.136501,
      -26.8932
     ]
    ]
   }
  },
  {
   "type": "Feature",
   "properties": {
    "rio": "Itajai_Acu",
    "reach": "R1",
    "rs": 173425.5
   },
   "geometry": {
    "type": "LineString",
    "coordinates": [
     [
      -49.634939,
      -27.203972
     ],
     [
      -49.634774,
      -27.209976
     ]
    ]
   }
  },
  {
   "type": "Feature",
   "properties": {
    "rio": "Itajai_Acu",
    "reach": "R1",
    "rs": 172425.5
   },
   "geometry": {
    "type": "LineString",
    "coordinates": [
     [
      -49.627049,
      -27.204056
     ],
     [
      -49.623307,
      -27.20893
     ]
    ]
   }
  },
  {
   "type": "Feature",
   "properties": {
    "rio": "Itajai_Acu",
    "reach": "R1",
    "rs": 171425.5
   },
   "geometry": {
    "type": "LineString",
    "coordinates": [
     [
      -49.627852,
      -27.203186
     ],
     [
      -49.624689,
      -27.197995
     ]
    ]
   }
  },
  {
   "type": "Feature",
   "properties": {
    "rio": "Itajai_Acu",
    "reach": "R1",
    "rs": 170425.5
   },
   "geometry": {
    "type": "LineString",
    "coordinates": [
     [
      -49.622687,
      -27.193742
     ],
     [
      -49.620116,
      -27.199189
     ]
    ]
   }
  },
  {
   "type": "Feature",
   "properties": {
    "rio": "Itajai_Acu",
    "reach": "R1",
    "rs": 169425.5
   },
   "geometry": {
    "type": "LineString",
    "coordinates": [
     [
      -49.61576,
      -27.187433
     ],
     [
      -49.613272,
      -27.192882
     ]
    ]
   }
  },
  {
   "type": "Feature",
   "properties": {
    "rio": "Itajai_Acu",
    "reach": "R1",
    "rs": 168425.5
   },
   "geometry": {
    "type": "LineString",
    "coordinates": [
     [
      -49.605509,
      -27.188582
     ],
     [
      -49.604534,
      -27.19482
     ]
    ]
   }
  },
  {
   "type": "Feature",
   "properties": {
    "rio": "Itajai_Acu",
    "reach": "R1",
    "rs": 167425.5
   },
   "geometry": {
    "type": "LineString",
    "coordinates": [
     [
      -49.600182,
      -27.184225
     ],
     [
      -49.594622,
      -27.188735
     ]
    ]
   }
  },
  {
   "type": "Feature",
   "properties": {
    "rio": "Itajai_Acu",
    "reach": "R1",
    "rs": 166425.5
   },
   "geometry": {
    "type": "LineString",
    "coordinates": [
     [
      -49.59536,
      -27.177465
     ],
     [
      -49.588347,
      -27.180902
     ]
    ]
   }
  },
  {
   "type": "Feature",
   "properties": {
    "rio": "Itajai_Acu",
    "reach": "R1",
    "rs": 165425.5
   },
   "geometry": {
    "type": "LineString",
    "coordinates": [
     [
      -49.580323,
      -27.178191
     ],
     [
      -49.587883,
      -27.180522
     ]
    ]
   }
  },
  {
   "type": "Feature",
   "properties": {
    "rio": "Itajai_Acu",
    "reach": "R1",
    "rs": 164425.5
   },
   "geometry": {
    "type": "LineString",
    "coordinates": [
     [
      -49.582014,
      -27.182865
     ],
     [
      -49.580484,
      -27.189884
     ]
    ]
   }
  },
  {
   "type": "Feature",
   "properties": {
    "rio": "Itajai_Acu",
    "reach": "R1",
    "rs": 163425.5
   },
   "geometry": {
    "type": "LineString",
    "coordinates": [
     [
      -49.58372,
      -27.176791
     ],
     [
      -49.576927,
      -27.18154
     ]
    ]
   }
  },
  {
   "type": "Feature",
   "properties": {
    "rio": "Itajai_Acu",
    "reach": "R1",
    "rs": 162425.5
   },
   "geometry": {
    "type": "LineString",
    "coordinates": [
     [
      -49.577884,
      -27.169439
     ],
     [
      -49.57072,
      -27.174667
     ]
    ]
   }
  },
  {
   "type": "Feature",
   "properties": {
    "rio": "Itajai_Acu",
    "reach": "R1",
    "rs": 161425.5
   },
   "geometry": {
    "type": "LineString",
    "coordinates": [
     [
      -49.563561,
      -27.167185
     ],
     [
      -49.56568,
      -27.176037
     ]
    ]
   }
  },
  {
   "type": "Feature",
   "properties": {
    "rio": "Itajai_Acu",
    "reach": "R1",
    "rs": 160425.5
   },
   "geometry": {
    "type": "LineString",
    "coordinates": [
     [
      -49.554259,
      -27.170923
     ],
     [
      -49.556573,
      -27.17933
     ]
    ]
   }
  },
  {
   "type": "Feature",
   "properties": {
    "rio": "Itajai_Acu",
    "reach": "R1",
    "rs": 159425.5
   },
   "geometry": {
    "type": "LineString",
    "coordinates": [
     [
      -49.550382,
      -27.169436
     ],
     [
      -49.543356,
      -27.174639
     ]
    ]
   }
  },
  {
   "type": "Feature",
   "properties": {
    "rio": "Itajai_Acu",
    "reach": "R1",
    "rs": 158425.5
   },
   "geometry": {
    "type": "LineString",
    "coordinates": [
     [
      -49.551017,
      -27.166573
     ],
     [
      -49.54419,
      -27.16233
     ]
    ]
   }
  },
  {
   "type": "Feature",
   "properties": {
    "rio": "Itajai_Acu",
    "reach": "R1",
    "rs": 157425.5
   },
   "geometry": {
    "type": "LineString",
    "coordinates": [
     [
      -49.555884,
      -27.158533
     ],
     [
      -49.54898,
      -27.154582
     ]
    ]
   }
  },
  {
   "type": "Feature",
   "properties": {
    "rio": "Itajai_Acu",
    "reach": "R1",
    "rs": 156425.5
   },
   "geometry": {
    "type": "LineString",
    "coordinates": [
     [
      -49.554248,
      -27.145743
     ],
     [
      -49.551943,
      -27.152778
     ]
    ]
   }
  },
  {
   "type": "Feature",
   "properties": {
    "rio": "Itajai_Acu",
    "reach": "R1",
    "rs": 155425.5
   },
   "geometry": {
    "type": "LineString",
    "coordinates": [
     [
      -49.542362,
      -27.151432
     ],
     [
      -49.548047,
      -27.156713
     ]
    ]
   }
  },
  {
   "type": "Feature",
   "properties": {
    "rio": "Itajai_Acu",
    "reach": "R1",
    "rs": 154425.5
   },
   "geometry": {
    "type": "LineString",
    "coordinates": [
     [
      -49.54024,
      -27.151473
     ],
     [
      -49.533974,
      -27.156462
     ]
    ]
   }
  },
  {
   "type": "Feature",
   "properties": {
    "rio": "Itajai_Acu",
    "reach": "R1",
    "rs": 153425.5
   },
   "geometry": {
    "type": "LineString",
    "coordinates": [
     [
      -49.537053,
      -27.147255
     ],
     [
      -49.528987,
      -27.14522
     ]
    ]
   }
  },
  {
   "type": "Feature",
   "properties": {
    "rio": "Itajai_Acu",
    "reach": "R1",
    "rs": 152925.5
   },
   "geometry": {
    "type": "LineString",
    "coordinates": [
     [
      -49.539498,
      -27.144724
     ],
     [
      -49.536187,
      -27.142876
     ],
     [
      -49.535885,
      -27.142654
     ],
     [
      -49.535583,
      -27.142433
     ],
     [
      -49.53258,
      -27.140673
     ]
    ]
   }
  },
  {
   "type": "Feature",
   "properties": {
    "rio": "Itajai_Acu",
    "reach": "R1",
    "rs": 152425.5
   },
   "geometry": {
    "type": "LineString",
    "coordinates": [
     [
      -49.541462,
      -27.137976
     ],
     [
      -49.533379,
      -27.139046
     ]
    ]
   }
  },
  {
   "type": "Feature",
   "properties": {
    "rio": "Itajai_Acu",
    "reach": "R1",
    "rs": 152015.6
   },
   "geometry": {
    "type": "LineString",
    "coordinates": [
     [
      -49.536309,
      -27.132686
     ],
     [
      -49.535045,
      -27.135711
     ],
     [
      -49.535042,
      -27.135868
     ],
     [
      -49.535038,
      -27.136025
     ],
     [
      -49.533478,
      -27.13933
     ]
    ]
   }
  },
  {
   "type": "Feature",
   "properties": {
    "rio": "Itajai_Acu",
    "reach": "R1",
    "rs": 151605.7
   },
   "geometry": {
    "type": "LineString",
    "coordinates": [
     [
      -49.531693,
      -27.132536
     ],
     [
      -49.530249,
      -27.139367
     ]
    ]
   }
  },
  {
   "type": "Feature",
   "properties": {
    "rio": "Itajai_Acu",
    "reach": "R1",
    "rs": 151292.7
   },
   "geometry": {
    "type": "LineString",
    "coordinates": [
     [
      -49.529366,
      -27.131724
     ],
     [
      -49.528134,
      -27.134819
     ],
     [
      -49.528084,
      -27.13489
     ],
     [
      -49.528035,
      -27.134962
     ],
     [
      -49.526808,
      -27.138014
     ]
    ]
   }
  },
  {
   "type": "Feature",
   "properties": {
    "rio": "Itajai_Acu",
    "reach": "R1",
    "rs": 150979.7
   },
   "geometry": {
    "type": "LineString",
    "coordinates": [
     [
      -49.525176,
      -27.130919
     ],
     [
      -49.525187,
      -27.137364
     ]
    ]
   }
  },
  {
   "type": "Feature",
   "properties": {
    "rio": "Itajai_Acu",
    "reach": "R1",
    "rs": 150765.5
   },
   "geometry": {
    "type": "LineString",
    "coordinates": [
     [
      -49.521981,
      -27.132008
     ],
     [
      -49.52461,
      -27.137553
     ]
    ]
   }
  },
  {
   "type": "Feature",
   "properties": {
    "rio": "Itajai_Acu",
    "reach": "R1",
    "rs": 150611.3
   },
   "geometry": {
    "type": "LineString",
    "coordinates": [
     [
      -49.52068,
      -27.133268
     ],
     [
      -49.523641,
      -27.138204
     ]
    ]
   }
  },
  {
   "type": "Feature",
   "properties": {
    "rio": "Itajai_Acu",
    "reach": "R1",
    "rs": 150461.3
   },
   "geometry": {
    "type": "LineString",
    "coordinates": [
     [
      -49.519885,
      -27.133961
     ],
     [
      -49.521676,
      -27.139156
     ]
    ]
   }
  },
  {
   "type": "Feature",
   "properties": {
    "rio": "Itajai_Acu",
    "reach": "R1",
    "rs": 150311.3
   },
   "geometry": {
    "type": "LineString",
    "coordinates": [
     [
      -49.519316,
      -27.13422
     ],
     [
      -49.518695,
      -27.140015
     ]
    ]
   }
  },
  {
   "type": "Feature",
   "properties": {
    "rio": "Itajai_Acu",
    "reach": "R1",
    "rs": 150292.6
   },
   "geometry": {
    "type": "LineString",
    "coordinates": [
     [
      -49.519326,
      -27.133756
     ],
     [
      -49.518921,
      -27.136113
     ],
     [
      -49.518916,
      -27.136186
     ],
     [
      -49.51891,
      -27.136259
     ],
     [
      -49.518326,
      -27.13952
     ]
    ]
   }
  },
  {
   "type": "Feature",
   "properties": {
    "rio": "Itajai_Acu",
    "reach": "R1",
    "rs": 150273.8
   },
   "geometry": {
    "type": "LineString",
    "coordinates": [
     [
      -49.519313,
      -27.133738
     ],
     [
      -49.518768,
      -27.136073
     ],
     [
      -49.518736,
      -27.136141
     ],
     [
      -49.518705,
      -27.136209
     ],
     [
      -49.51794,
      -27.13944
     ]
    ]
   }
  },
  {
   "type": "Feature",
   "properties": {
    "rio": "Itajai_Acu",
    "reach": "R1",
    "rs": 150255.0
   },
   "geometry": {
    "type": "LineString",
    "coordinates": [
     [
      -49.519276,
      -27.133702
     ],
     [
      -49.518593,
      -27.136009
     ],
     [
      -49.518561,
      -27.136076
     ],
     [
      -49.51853,
      -27.136144
     ],
     [
      -49.517584,
      -27.139338
     ]
    ]
   }
  },
  {
   "type": "Feature",
   "properties": {
    "rio": "Itajai_Acu",
    "reach": "R1",
    "rs": 150236.3
   },
   "geometry": {
    "type": "LineString",
    "coordinates": [
     [
      -49.519235,
      -27.13369
     ],
     [
      -49.518426,
      -27.135927
     ],
     [
      -49.518387,
      -27.136012
     ],
     [
      -49.518347,
      -27.136097
     ],
     [
      -49.517223,
      -27.139245
     ]
    ]
   }
  },
  {
   "type": "Feature",
   "properties": {
    "rio": "Itajai_Acu",
    "reach": "R1",
    "rs": 150217.5
   },
   "geometry": {
    "type": "LineString",
    "coordinates": [
     [
      -49.519193,
      -27.133667
     ],
     [
      -49.518251,
      -27.135862
     ],
     [
      -49.518212,
      -27.135947
     ],
     [
      -49.518173,
      -27.136032
     ],
     [
      -49.516861,
      -27.139124
     ]
    ]
   }
  },
  {
   "type": "Feature",
   "properties": {
    "rio": "Itajai_Acu",
    "reach": "R1",
    "rs": 150198.8
   },
   "geometry": {
    "type": "LineString",
    "coordinates": [
     [
      -49.519161,
      -27.133654
     ],
     [
      -49.518078,
      -27.135798
     ],
     [
      -49.518037,
      -27.135882
     ],
     [
      -49.517996,
      -27.135967
     ],
     [
      -49.516496,
      -27.13899
     ]
    ]
   }
  },
  {
   "type": "Feature",
   "properties": {
    "rio": "Itajai_Acu",
    "reach": "R1",
    "rs": 150180.1
   },
   "geometry": {
    "type": "LineString",
    "coordinates": [
     [
      -49.51916,
      -27.133638
     ],
     [
      -49.517942,
      -27.135724
     ],
     [
      -49.517877,
      -27.135796
     ],
     [
      -49.517813,
      -27.135867
     ],
     [
      -49.516129,
      -27.138814
     ]
    ]
   }
  },
  {
   "type": "Feature",
   "properties": {
    "rio": "Itajai_Acu",
    "reach": "R1",
    "rs": 150161.3
   },
   "geometry": {
    "type": "LineString",
    "coordinates": [
     [
      -49.518829,
      -27.134057
     ],
     [
      -49.515453,
      -27.139075
     ]
    ]
   }
  },
  {
   "type": "Feature",
   "properties": {
    "rio": "Itajai_Acu",
    "reach": "R1",
    "rs": 150086.3
   },
   "geometry": {
    "type": "LineString",
    "coordinates": [
     [
      -49.518645,
      -27.133866
     ],
     [
      -49.517211,
      -27.135188
     ],
     [
      -49.517146,
      -27.135259
     ],
     [
      -49.51708,
      -27.13533
     ],
     [
      -49.51411,
      -27.138091
     ]
    ]
   }
  },
  {
   "type": "Feature",
   "properties": {
    "rio": "Itajai_Acu",
    "reach": "R1",
    "rs": 150048.8
   },
   "geometry": {
    "type": "LineString",
    "coordinates": [
     [
      -49.518344,
      -27.133888
     ],
     [
      -49.516975,
      -27.134952
     ],
     [
      -49.516894,
      -27.135009
     ],
     [
      -49.516813,
      -27.135066
     ],
     [
      -49.513292,
      -27.13762
     ]
    ]
   }
  },
  {
   "type": "Feature",
   "properties": {
    "rio": "Itajai_Acu",
    "reach": "R1",
    "rs": 150011.3
   },
   "geometry": {
    "type": "LineString",
    "coordinates": [
     [
      -49.518431,
      -27.133684
     ],
     [
      -49.512982,
      -27.136943
     ]
    ]
   }
  },
  {
   "type": "Feature",
   "properties": {
    "rio": "Itajai_Acu",
    "reach": "R1",
    "rs": 149973.8
   },
   "geometry": {
    "type": "LineString",
    "coordinates": [
     [
      -49.51821,
      -27.133584
     ],
     [
      -49.516508,
      -27.13442
     ],
     [
      -49.516428,
      -27.134475
     ],
     [
      -49.516349,
      -27.134531
     ],
     [
      -49.512471,
      -27.136167
     ]
    ]
   }
  },
  {
   "type": "Feature",
   "properties": {
    "rio": "Itajai_Acu",
    "reach": "R1",
    "rs": 149936.3
   },
   "geometry": {
    "type": "LineString",
    "coordinates": [
     [
      -49.518539,
      -27.133414
     ],
     [
      -49.516347,
      -27.134147
     ],
     [
      -49.516255,
      -27.134178
     ],
     [
      -49.516162,
      -27.13421
     ],
     [
      -49.512585,
      -27.135268
     ]
    ]
   }
  },
  {
   "type": "Feature",
   "properties": {
    "rio": "Itajai_Acu",
    "reach": "R1",
    "rs": 149898.8
   },
   "geometry": {
    "type": "LineString",
    "coordinates": [
     [
      -49.518869,
      -27.133321
     ],
     [
      -49.516209,
      -27.133831
     ],
     [
      -49.516118,
      -27.133863
     ],
     [
      -49.516028,
      -27.133894
     ],
     [
      -49.51283,
      -27.134484
     ]
    ]
   }
  },
  {
   "type": "Feature",
   "properties": {
    "rio": "Itajai_Acu",
    "reach": "R1",
    "rs": 149861.3
   },
   "geometry": {
    "type": "LineString",
    "coordinates": [
     [
      -49.518105,
      -27.133372
     ],
     [
      -49.51208,
      -27.133867
     ]
    ]
   }
  },
  {
   "type": "Feature",
   "properties": {
    "rio": "Itajai_Acu",
    "reach": "R1",
    "rs": 149823.8
   },
   "geometry": {
    "type": "LineString",
    "coordinates": [
     [
      -49.519153,
      -27.133244
     ],
     [
      -49.516085,
      -27.133209
     ],
     [
      -49.51599,
      -27.133208
     ],
     [
      -49.515895,
      -27.133207
     ],
     [
      -49.513131,
      -27.133146
     ]
    ]
   }
  },
  {
   "type": "Feature",
   "properties": {
    "rio": "Itajai_Acu",
    "reach": "R1",
    "rs": 149786.3
   },
   "geometry": {
    "type": "LineString",
    "coordinates": [
     [
      -49.519103,
      -27.133176
     ],
     [
      -49.516108,
      -27.132871
     ],
     [
      -49.515995,
      -27.13287
     ],
     [
      -49.515882,
      -27.132868
     ],
     [
      -49.513154,
      -27.132546
     ]
    ]
   }
  },
  {
   "type": "Feature",
   "properties": {
    "rio": "Itajai_Acu",
    "reach": "R1",
    "rs": 149748.8
   },
   "geometry": {
    "type": "LineString",
    "coordinates": [
     [
      -49.51911,
      -27.133121
     ],
     [
      -49.516205,
      -27.132601
     ],
     [
      -49.516105,
      -27.132555
     ],
     [
      -49.516005,
      -27.132509
     ],
     [
      -49.513295,
      -27.131976
     ]
    ]
   }
  },
  {
   "type": "Feature",
   "properties": {
    "rio": "Itajai_Acu",
    "reach": "R1",
    "rs": 149711.3
   },
   "geometry": {
    "type": "LineString",
    "coordinates": [
     [
      -49.518292,
      -27.13287
     ],
     [
      -49.512673,
      -27.131152
     ]
    ]
   }
  },
  {
   "type": "Feature",
   "properties": {
    "rio": "Itajai_Acu",
    "reach": "R1",
    "rs": 149673.8
   },
   "geometry": {
    "type": "LineString",
    "coordinates": [
     [
      -49.519347,
      -27.132856
     ],
     [
      -49.516564,
      -27.132044
     ],
     [
      -49.516498,
      -27.131984
     ],
     [
      -49.516432,
      -27.131924
     ],
     [
      -49.513735,
      -27.131095
     ]
    ]
   }
  },
  {
   "type": "Feature",
   "properties": {
    "rio": "Itajai_Acu",
    "reach": "R1",
    "rs": 149636.3
   },
   "geometry": {
    "type": "LineString",
    "coordinates": [
     [
      -49.519571,
      -27.132685
     ],
     [
      -49.516835,
      -27.131808
     ],
     [
      -49.516769,
      -27.131747
     ],
     [
      -49.516703,
      -27.131687
     ],
     [
      -49.513966,
      -27.13081
     ]
    ]
   }
  },
  {
   "type": "Feature",
   "properties": {
    "rio": "Itajai_Acu",
    "reach": "R1",
    "rs": 149598.8
   },
   "geometry": {
    "type": "LineString",
    "coordinates": [
     [
      -49.519808,
      -27.132479
     ],
     [
      -49.517106,
      -27.131571
     ],
     [
      -49.517039,
      -27.131511
     ],
     [
      -49.516973,
      -27.13145
     ],
     [
      -49.514183,
      -27.130559
     ]
    ]
   }
  },
  {
   "type": "Feature",
   "properties": {
    "rio": "Itajai_Acu",
    "reach": "R1",
    "rs": 149561.3
   },
   "geometry": {
    "type": "LineString",
    "coordinates": [
     [
      -49.519336,
      -27.132084
     ],
     [
      -49.51381,
      -27.129842
     ]
    ]
   }
  },
  {
   "type": "Feature",
   "properties": {
    "rio": "Itajai_Acu",
    "reach": "R1",
    "rs": 149411.3
   },
   "geometry": {
    "type": "LineString",
    "coordinates": [
     [
      -49.520787,
      -27.130607
     ],
     [
      -49.5143,
      -27.129394
     ]
    ]
   }
  },
  {
   "type": "Feature",
   "properties": {
    "rio": "Itajai_Acu",
    "reach": "R1",
    "rs": 149386.3
   },
   "geometry": {
    "type": "LineString",
    "coordinates": [
     [
      -49.520191,
      -27.130114
     ],
     [
      -49.518117,
      -27.129866
     ],
     [
      -49.518032,
      -27.129866
     ],
     [
      -49.517946,
      -27.129865
     ],
     [
      -49.513466,
      -27.129289
     ]
    ]
   }
  },
  {
   "type": "Feature",
   "properties": {
    "rio": "Itajai_Acu",
    "reach": "R1",
    "rs": 149361.3
   },
   "geometry": {
    "type": "LineString",
    "coordinates": [
     [
      -49.520262,
      -27.129782
     ],
     [
      -49.518122,
      -27.129641
     ],
     [
      -49.518035,
      -27.12964
     ],
     [
      -49.517947,
      -27.129639
     ],
     [
      -49.513352,
      -27.129063
     ]
    ]
   }
  },
  {
   "type": "Feature",
   "properties": {
    "rio": "Itajai_Acu",
    "reach": "R1",
    "rs": 149336.3
   },
   "geometry": {
    "type": "LineString",
    "coordinates": [
     [
      -49.520301,
      -27.129456
     ],
     [
      -49.518104,
      -27.129401
     ],
     [
      -49.518016,
      -27.129416
     ],
     [
      -49.517927,
      -27.129431
     ],
     [
      -49.513214,
      -27.128873
     ]
    ]
   }
  },
  {
   "type": "Feature",
   "properties": {
    "rio": "Itajai_Acu",
    "reach": "R1",
    "rs": 149311.3
   },
   "geometry": {
    "type": "LineString",
    "coordinates": [
     [
      -49.52031,
      -27.129149
     ],
     [
      -49.518059,
      -27.129179
     ],
     [
      -49.517969,
      -27.129194
     ],
     [
      -49.517879,
      -27.129209
     ],
     [
      -49.513045,
      -27.128685
     ]
    ]
   }
  },
  {
   "type": "Feature",
   "properties": {
    "rio": "Itajai_Acu",
    "reach": "R1",
    "rs": 149286.3
   },
   "geometry": {
    "type": "LineString",
    "coordinates": [
     [
      -49.520315,
      -27.128844
     ],
     [
      -49.518015,
      -27.128957
     ],
     [
      -49.517923,
      -27.128972
     ],
     [
      -49.51783,
      -27.128988
     ],
     [
      -49.512877,
      -27.128497
     ]
    ]
   }
  },
  {
   "type": "Feature",
   "properties": {
    "rio": "Itajai_Acu",
    "reach": "R1",
    "rs": 149261.3
   },
   "geometry": {
    "type": "LineString",
    "coordinates": [
     [
      -49.52171,
      -27.128503
     ],
     [
      -49.514077,
      -27.128996
     ]
    ]
   }
  },
  {
   "type": "Feature",
   "properties": {
    "rio": "Itajai_Acu",
    "reach": "R1",
    "rs": 149186.3
   },
   "geometry": {
    "type": "LineString",
    "coordinates": [
     [
      -49.522241,
      -27.128143
     ],
     [
      -49.517715,
      -27.128082
     ],
     [
      -49.517613,
      -27.128117
     ],
     [
      -49.517511,
      -27.128152
     ],
     [
      -49.513586,
      -27.128234
     ]
    ]
   }
  },
  {
   "type": "Feature",
   "properties": {
    "rio": "Itajai_Acu",
    "reach": "R1",
    "rs": 149111.3
   },
   "geometry": {
    "type": "LineString",
    "coordinates": [
     [
      -49.523227,
      -27.126518
     ],
     [
      -49.513677,
      -27.128074
     ]
    ]
   }
  },
  {
   "type": "Feature",
   "properties": {
    "rio": "Itajai_Acu",
    "reach": "R1",
    "rs": 148961.3
   },
   "geometry": {
    "type": "LineString",
    "coordinates": [
     [
      -49.524864,
      -27.124954
     ],
     [
      -49.511541,
      -27.126993
     ]
    ]
   }
  },
  {
   "type": "Feature",
   "properties": {
    "rio": "Itajai_Acu",
    "reach": "R1",
    "rs": 148936.3
   },
   "geometry": {
    "type": "LineString",
    "coordinates": [
     [
      -49.525427,
      -27.126048
     ],
     [
      -49.517265,
      -27.125906
     ],
     [
      -49.517176,
      -27.125905
     ],
     [
      -49.517087,
      -27.125904
     ],
     [
      -49.511356,
      -27.126484
     ]
    ]
   }
  },
  {
   "type": "Feature",
   "properties": {
    "rio": "Itajai_Acu",
    "reach": "R1",
    "rs": 148911.3
   },
   "geometry": {
    "type": "LineString",
    "coordinates": [
     [
      -49.525689,
      -27.125873
     ],
     [
      -49.517272,
      -27.125681
     ],
     [
      -49.517179,
      -27.12568
     ],
     [
      -49.517087,
      -27.125679
     ],
     [
      -49.511011,
      -27.126232
     ]
    ]
   }
  },
  {
   "type": "Feature",
   "properties": {
    "rio": "Itajai_Acu",
    "reach": "R1",
    "rs": 148886.3
   },
   "geometry": {
    "type": "LineString",
    "coordinates": [
     [
      -49.525942,
      -27.125688
     ],
     [
      -49.517278,
      -27.125448
     ],
     [
      -49.517182,
      -27.125454
     ],
     [
      -49.517086,
      -27.125461
     ],
     [
      -49.51066,
      -27.125985
     ]
    ]
   }
  },
  {
   "type": "Feature",
   "properties": {
    "rio": "Itajai_Acu",
    "reach": "R1",
    "rs": 148861.3
   },
   "geometry": {
    "type": "LineString",
    "coordinates": [
     [
      -49.526188,
      -27.125545
     ],
     [
      -49.517187,
      -27.125224
     ],
     [
      -49.517138,
      -27.125232
     ],
     [
      -49.517088,
      -27.12524
     ],
     [
      -49.510304,
      -27.125734
     ]
    ]
   }
  },
  {
   "type": "Feature",
   "properties": {
    "rio": "Itajai_Acu",
    "reach": "R1",
    "rs": 148836.3
   },
   "geometry": {
    "type": "LineString",
    "coordinates": [
     [
      -49.526376,
      -27.125407
     ],
     [
      -49.517142,
      -27.125002
     ],
     [
      -49.517091,
      -27.12501
     ],
     [
      -49.51704,
      -27.125019
     ],
     [
      -49.509889,
      -27.125452
     ]
    ]
   }
  },
  {
   "type": "Feature",
   "properties": {
    "rio": "Itajai_Acu",
    "reach": "R1",
    "rs": 148811.3
   },
   "geometry": {
    "type": "LineString",
    "coordinates": [
     [
      -49.525888,
      -27.123591
     ],
     [
      -49.508942,
      -27.125885
     ]
    ]
   }
  },
  {
   "type": "Feature",
   "properties": {
    "rio": "Itajai_Acu",
    "reach": "R1",
    "rs": 148661.3
   },
   "geometry": {
    "type": "LineString",
    "coordinates": [
     [
      -49.525449,
      -27.122128
     ],
     [
      -49.506797,
      -27.124984
     ]
    ]
   }
  },
  {
   "type": "Feature",
   "properties": {
    "rio": "Itajai_Acu",
    "reach": "R1",
    "rs": 148623.8
   },
   "geometry": {
    "type": "LineString",
    "coordinates": [
     [
      -49.526096,
      -27.123292
     ],
     [
      -49.516811,
      -27.123106
     ],
     [
      -49.516696,
      -27.123125
     ],
     [
      -49.51658,
      -27.123145
     ],
     [
      -49.507411,
      -27.123012
     ]
    ]
   }
  },
  {
   "type": "Feature",
   "properties": {
    "rio": "Itajai_Acu",
    "reach": "R1",
    "rs": 148586.3
   },
   "geometry": {
    "type": "LineString",
    "coordinates": [
     [
      -49.526042,
      -27.122895
     ],
     [
      -49.51674,
      -27.122773
     ],
     [
      -49.516626,
      -27.122793
     ],
     [
      -49.516511,
      -27.122812
     ],
     [
      -49.507557,
      -27.1228
     ]
    ]
   }
  },
  {
   "type": "Feature",
   "properties": {
    "rio": "Itajai_Acu",
    "reach": "R1",
    "rs": 148548.8
   },
   "geometry": {
    "type": "LineString",
    "coordinates": [
     [
      -49.525986,
      -27.122482
     ],
     [
      -49.516669,
      -27.122441
     ],
     [
      -49.516556,
      -27.12246
     ],
     [
      -49.516443,
      -27.122479
     ],
     [
      -49.507702,
      -27.122554
     ]
    ]
   }
  },
  {
   "type": "Feature",
   "properties": {
    "rio": "Itajai_Acu",
    "reach": "R1",
    "rs": 148511.3
   },
   "geometry": {
    "type": "LineString",
    "coordinates": [
     [
      -49.524818,
      -27.121224
     ],
     [
      -49.50686,
      -27.12317
     ]
    ]
   }
  },
  {
   "type": "Feature",
   "properties": {
    "rio": "Itajai_Acu",
    "reach": "R1",
    "rs": 148436.3
   },
   "geometry": {
    "type": "LineString",
    "coordinates": [
     [
      -49.525551,
      -27.121329
     ],
     [
      -49.516401,
      -27.121453
     ],
     [
      -49.516347,
      -27.121462
     ],
     [
      -49.516292,
      -27.121471
     ],
     [
      -49.508023,
      -27.121467
     ]
    ]
   }
  },
  {
   "type": "Feature",
   "properties": {
    "rio": "Itajai_Acu",
    "reach": "R1",
    "rs": 148361.3
   },
   "geometry": {
    "type": "LineString",
    "coordinates": [
     [
      -49.524601,
      -27.120464
     ],
     [
      -49.50764,
      -27.121125
     ]
    ]
   }
  },
  {
   "type": "Feature",
   "properties": {
    "rio": "Itajai_Acu",
    "reach": "R1",
    "rs": 148336.3
   },
   "geometry": {
    "type": "LineString",
    "coordinates": [
     [
      -49.525184,
      -27.120485
     ],
     [
      -49.516391,
      -27.120562
     ],
     [
      -49.516339,
      -27.120561
     ],
     [
      -49.516286,
      -27.12056
     ],
     [
      -49.508543,
      -27.120367
     ]
    ]
   }
  },
  {
   "type": "Feature",
   "properties": {
    "rio": "Itajai_Acu",
    "reach": "R1",
    "rs": 148311.3
   },
   "geometry": {
    "type": "LineString",
    "coordinates": [
     [
      -49.525061,
      -27.120313
     ],
     [
      -49.516444,
      -27.120336
     ],
     [
      -49.516342,
      -27.120335
     ],
     [
      -49.516239,
      -27.120334
     ],
     [
      -49.508755,
      -27.120097
     ]
    ]
   }
  },
  {
   "type": "Feature",
   "properties": {
    "rio": "Itajai_Acu",
    "reach": "R1",
    "rs": 148286.3
   },
   "geometry": {
    "type": "LineString",
    "coordinates": [
     [
      -49.524987,
      -27.120079
     ],
     [
      -49.516445,
      -27.120111
     ],
     [
      -49.516345,
      -27.12011
     ],
     [
      -49.516244,
      -27.120109
     ],
     [
      -49.509015,
      -27.119829
     ]
    ]
   }
  },
  {
   "type": "Feature",
   "properties": {
    "rio": "Itajai_Acu",
    "reach": "R1",
    "rs": 148261.3
   },
   "geometry": {
    "type": "LineString",
    "coordinates": [
     [
      -49.524859,
      -27.119841
     ],
     [
      -49.516397,
      -27.119885
     ],
     [
      -49.516348,
      -27.119884
     ],
     [
      -49.516298,
      -27.119883
     ],
     [
      -49.509221,
      -27.119589
     ]
    ]
   }
  },
  {
   "type": "Feature",
   "properties": {
    "rio": "Itajai_Acu",
    "reach": "R1",
    "rs": 148236.3
   },
   "geometry": {
    "type": "LineString",
    "coordinates": [
     [
      -49.524729,
      -27.119636
     ],
     [
      -49.516447,
      -27.119659
     ],
     [
      -49.516351,
      -27.119658
     ],
     [
      -49.516254,
      -27.119657
     ],
     [
      -49.509424,
      -27.119366
     ]
    ]
   }
  },
  {
   "type": "Feature",
   "properties": {
    "rio": "Itajai_Acu",
    "reach": "R1",
    "rs": 148211.3
   },
   "geometry": {
    "type": "LineString",
    "coordinates": [
     [
      -49.524458,
      -27.120008
     ],
     [
      -49.50952,
      -27.118948
     ]
    ]
   }
  },
  {
   "type": "Feature",
   "properties": {
    "rio": "Itajai_Acu",
    "reach": "R1",
    "rs": 148061.3
   },
   "geometry": {
    "type": "LineString",
    "coordinates": [
     [
      -49.524375,
      -27.119567
     ],
     [
      -49.511526,
      -27.117151
     ]
    ]
   }
  },
  {
   "type": "Feature",
   "properties": {
    "rio": "Itajai_Acu",
    "reach": "R1",
    "rs": 147911.3
   },
   "geometry": {
    "type": "LineString",
    "coordinates": [
     [
      -49.524461,
      -27.118916
     ],
     [
      -49.513709,
      -27.115879
     ]
    ]
   }
  },
  {
   "type": "Feature",
   "properties": {
    "rio": "Itajai_Acu",
    "reach": "R1",
    "rs": 147886.3
   },
   "geometry": {
    "type": "LineString",
    "coordinates": [
     [
      -49.525233,
      -27.115782
     ],
     [
      -49.517176,
      -27.116631
     ],
     [
      -49.517078,
      -27.116595
     ],
     [
      -49.51698,
      -27.116559
     ],
     [
      -49.514191,
      -27.115873
     ]
    ]
   }
  },
  {
   "type": "Feature",
   "properties": {
    "rio": "Itajai_Acu",
    "reach": "R1",
    "rs": 147861.3
   },
   "geometry": {
    "type": "LineString",
    "coordinates": [
     [
      -49.525285,
      -27.115524
     ],
     [
      -49.517272,
      -27.116422
     ],
     [
      -49.517174,
      -27.116386
     ],
     [
      -49.517077,
      -27.11635
     ],
     [
      -49.514295,
      -27.115686
     ]
    ]
   }
  },
  {
   "type": "Feature",
   "properties": {
    "rio": "Itajai_Acu",
    "reach": "R1",
    "rs": 147836.3
   },
   "geometry": {
    "type": "LineString",
    "coordinates": [
     [
      -49.525305,
      -27.115253
     ],
     [
      -49.517335,
      -27.116202
     ],
     [
      -49.517271,
      -27.116178
     ],
     [
      -49.517206,
      -27.116154
     ],
     [
      -49.514354,
      -27.115531
     ]
    ]
   }
  },
  {
   "type": "Feature",
   "properties": {
    "rio": "Itajai_Acu",
    "reach": "R1",
    "rs": 147811.3
   },
   "geometry": {
    "type": "LineString",
    "coordinates": [
     [
      -49.525323,
      -27.115035
     ],
     [
      -49.517464,
      -27.116005
     ],
     [
      -49.517367,
      -27.115969
     ],
     [
      -49.517271,
      -27.115933
     ],
     [
      -49.514421,
      -27.115353
     ]
    ]
   }
  },
  {
   "type": "Feature",
   "properties": {
    "rio": "Itajai_Acu",
    "reach": "R1",
    "rs": 147786.3
   },
   "geometry": {
    "type": "LineString",
    "coordinates": [
     [
      -49.525374,
      -27.114776
     ],
     [
      -49.51756,
      -27.115796
     ],
     [
      -49.517464,
      -27.115761
     ],
     [
      -49.517368,
      -27.115725
     ],
     [
      -49.51452,
      -27.115191
     ]
    ]
   }
  },
  {
   "type": "Feature",
   "properties": {
    "rio": "Itajai_Acu",
    "reach": "R1",
    "rs": 147761.3
   },
   "geometry": {
    "type": "LineString",
    "coordinates": [
     [
      -49.525218,
      -27.11707
     ],
     [
      -49.514497,
      -27.114945
     ]
    ]
   }
  },
  {
   "type": "Feature",
   "properties": {
    "rio": "Itajai_Acu",
    "reach": "R1",
    "rs": 147723.8
   },
   "geometry": {
    "type": "LineString",
    "coordinates": [
     [
      -49.525487,
      -27.114132
     ],
     [
      -49.5178,
      -27.115275
     ],
     [
      -49.517705,
      -27.115239
     ],
     [
      -49.517609,
      -27.115204
     ],
     [
      -49.514667,
      -27.114875
     ]
    ]
   }
  },
  {
   "type": "Feature",
   "properties": {
    "rio": "Itajai_Acu",
    "reach": "R1",
    "rs": 147686.3
   },
   "geometry": {
    "type": "LineString",
    "coordinates": [
     [
      -49.525552,
      -27.113738
     ],
     [
      -49.517949,
      -27.114953
     ],
     [
      -49.517849,
      -27.114927
     ],
     [
      -49.51775,
      -27.114901
     ],
     [
      -49.514723,
      -27.114711
     ]
    ]
   }
  },
  {
   "type": "Feature",
   "properties": {
    "rio": "Itajai_Acu",
    "reach": "R1",
    "rs": 147648.8
   },
   "geometry": {
    "type": "LineString",
    "coordinates": [
     [
      -49.525487,
      -27.113284
     ],
     [
      -49.517973,
      -27.114592
     ],
     [
      -49.51787,
      -27.114591
     ],
     [
      -49.517767,
      -27.11459
     ],
     [
      -49.514664,
      -27.114576
     ]
    ]
   }
  },
  {
   "type": "Feature",
   "properties": {
    "rio": "Itajai_Acu",
    "reach": "R1",
    "rs": 147611.3
   },
   "geometry": {
    "type": "LineString",
    "coordinates": [
     [
      -49.52571,
      -27.113933
     ],
     [
      -49.51474,
      -27.11438
     ]
    ]
   }
  },
  {
   "type": "Feature",
   "properties": {
    "rio": "Itajai_Acu",
    "reach": "R1",
    "rs": 147461.3
   },
   "geometry": {
    "type": "LineString",
    "coordinates": [
     [
      -49.524783,
      -27.110337
     ],
     [
      -49.514598,
      -27.11401
     ]
    ]
   }
  },
  {
   "type": "Feature",
   "properties": {
    "rio": "Itajai_Acu",
    "reach": "R1",
    "rs": 147423.8
   },
   "geometry": {
    "type": "LineString",
    "coordinates": [
     [
      -49.52432,
      -27.110497
     ],
     [
      -49.517407,
      -27.112622
     ],
     [
      -49.517317,
      -27.112669
     ],
     [
      -49.517228,
      -27.112715
     ],
     [
      -49.514054,
      -27.113919
     ]
    ]
   }
  },
  {
   "type": "Feature",
   "properties": {
    "rio": "Itajai_Acu",
    "reach": "R1",
    "rs": 147386.3
   },
   "geometry": {
    "type": "LineString",
    "coordinates": [
     [
      -49.524288,
      -27.109912
     ],
     [
      -49.517199,
      -27.112326
     ],
     [
      -49.517117,
      -27.112382
     ],
     [
      -49.517035,
      -27.112439
     ],
     [
      -49.514228,
      -27.113761
     ]
    ]
   }
  },
  {
   "type": "Feature",
   "properties": {
    "rio": "Itajai_Acu",
    "reach": "R1",
    "rs": 147348.8
   },
   "geometry": {
    "type": "LineString",
    "coordinates": [
     [
      -49.524216,
      -27.109341
     ],
     [
      -49.516965,
      -27.112059
     ],
     [
      -49.516884,
      -27.112116
     ],
     [
      -49.516802,
      -27.112173
     ],
     [
      -49.514342,
      -27.113539
     ]
    ]
   }
  },
  {
   "type": "Feature",
   "properties": {
    "rio": "Itajai_Acu",
    "reach": "R1",
    "rs": 147311.3
   },
   "geometry": {
    "type": "LineString",
    "coordinates": [
     [
      -49.523006,
      -27.107735
     ],
     [
      -49.514109,
      -27.113494
     ]
    ]
   }
  },
  {
   "type": "Feature",
   "properties": {
    "rio": "Itajai_Acu",
    "reach": "R1",
    "rs": 147292.6
   },
   "geometry": {
    "type": "LineString",
    "coordinates": [
     [
      -49.523792,
      -27.108561
     ],
     [
      -49.516617,
      -27.111658
     ],
     [
      -49.516535,
      -27.111716
     ],
     [
      -49.516453,
      -27.111773
     ],
     [
      -49.514158,
      -27.11327
     ]
    ]
   }
  },
  {
   "type": "Feature",
   "properties": {
    "rio": "Itajai_Acu",
    "reach": "R1",
    "rs": 147273.8
   },
   "geometry": {
    "type": "LineString",
    "coordinates": [
     [
      -49.52345,
      -27.108385
     ],
     [
      -49.516489,
      -27.111522
     ],
     [
      -49.516413,
      -27.111586
     ],
     [
      -49.516337,
      -27.11165
     ],
     [
      -49.513876,
      -27.11328
     ]
    ]
   }
  },
  {
   "type": "Feature",
   "properties": {
    "rio": "Itajai_Acu",
    "reach": "R1",
    "rs": 147255.0
   },
   "geometry": {
    "type": "LineString",
    "coordinates": [
     [
      -49.523099,
      -27.108224
     ],
     [
      -49.516356,
      -27.111399
     ],
     [
      -49.516281,
      -27.111465
     ],
     [
      -49.516206,
      -27.111531
     ],
     [
      -49.513578,
      -27.113295
     ]
    ]
   }
  },
  {
   "type": "Feature",
   "properties": {
    "rio": "Itajai_Acu",
    "reach": "R1",
    "rs": 147236.3
   },
   "geometry": {
    "type": "LineString",
    "coordinates": [
     [
      -49.522746,
      -27.108067
     ],
     [
      -49.516224,
      -27.111278
     ],
     [
      -49.516149,
      -27.111344
     ],
     [
      -49.516074,
      -27.11141
     ],
     [
      -49.51328,
      -27.113313
     ]
    ]
   }
  },
  {
   "type": "Feature",
   "properties": {
    "rio": "Itajai_Acu",
    "reach": "R1",
    "rs": 147217.5
   },
   "geometry": {
    "type": "LineString",
    "coordinates": [
     [
      -49.522377,
      -27.107894
     ],
     [
      -49.516092,
      -27.111157
     ],
     [
      -49.516017,
      -27.111223
     ],
     [
      -49.515941,
      -27.111289
     ],
     [
      -49.512991,
      -27.113344
     ]
    ]
   }
  },
  {
   "type": "Feature",
   "properties": {
    "rio": "Itajai_Acu",
    "reach": "R1",
    "rs": 147198.8
   },
   "geometry": {
    "type": "LineString",
    "coordinates": [
     [
      -49.522003,
      -27.107724
     ],
     [
      -49.515961,
      -27.111035
     ],
     [
      -49.515885,
      -27.111102
     ],
     [
      -49.515809,
      -27.111168
     ],
     [
      -49.5127,
      -27.113376
     ]
    ]
   }
  },
  {
   "type": "Feature",
   "properties": {
    "rio": "Itajai_Acu",
    "reach": "R1",
    "rs": 147180.1
   },
   "geometry": {
    "type": "LineString",
    "coordinates": [
     [
      -49.521626,
      -27.107559
     ],
     [
      -49.515829,
      -27.110914
     ],
     [
      -49.515753,
      -27.110981
     ],
     [
      -49.515676,
      -27.111048
     ],
     [
      -49.512407,
      -27.113406
     ]
    ]
   }
  },
  {
   "type": "Feature",
   "properties": {
    "rio": "Itajai_Acu",
    "reach": "R1",
    "rs": 147161.3
   },
   "geometry": {
    "type": "LineString",
    "coordinates": [
     [
      -49.521411,
      -27.106126
     ],
     [
      -49.513005,
      -27.112998
     ]
    ]
   }
  },
  {
   "type": "Feature",
   "properties": {
    "rio": "Itajai_Acu",
    "reach": "R1",
    "rs": 147123.8
   },
   "geometry": {
    "type": "LineString",
    "coordinates": [
     [
      -49.521033,
      -27.106826
     ],
     [
      -49.515434,
      -27.110549
     ],
     [
      -49.515356,
      -27.110618
     ],
     [
      -49.515278,
      -27.110686
     ],
     [
      -49.511998,
      -27.113256
     ]
    ]
   }
  },
  {
   "type": "Feature",
   "properties": {
    "rio": "Itajai_Acu",
    "reach": "R1",
    "rs": 147086.3
   },
   "geometry": {
    "type": "LineString",
    "coordinates": [
     [
      -49.520801,
      -27.106239
     ],
     [
      -49.515171,
      -27.110306
     ],
     [
      -49.515092,
      -27.110375
     ],
     [
      -49.515013,
      -27.110445
     ],
     [
      -49.511888,
      -27.113066
     ]
    ]
   }
  },
  {
   "type": "Feature",
   "properties": {
    "rio": "Itajai_Acu",
    "reach": "R1",
    "rs": 147048.8
   },
   "geometry": {
    "type": "LineString",
    "coordinates": [
     [
      -49.520564,
      -27.105654
     ],
     [
      -49.514908,
      -27.110063
     ],
     [
      -49.514828,
      -27.110133
     ],
     [
      -49.514747,
      -27.110204
     ],
     [
      -49.511757,
      -27.112844
     ]
    ]
   }
  },
  {
   "type": "Feature",
   "properties": {
    "rio": "Itajai_Acu",
    "reach": "R1",
    "rs": 147011.3
   },
   "geometry": {
    "type": "LineString",
    "coordinates": [
     [
      -49.52024,
      -27.10462
     ],
     [
      -49.511833,
      -27.112427
     ]
    ]
   }
  },
  {
   "type": "Feature",
   "properties": {
    "rio": "Itajai_Acu",
    "reach": "R1",
    "rs": 146992.6
   },
   "geometry": {
    "type": "LineString",
    "coordinates": [
     [
      -49.520114,
      -27.104714
     ],
     [
      -49.514513,
      -27.109698
     ],
     [
      -49.514431,
      -27.10977
     ],
     [
      -49.514349,
      -27.109842
     ],
     [
      -49.511555,
      -27.112483
     ]
    ]
   }
  },
  {
   "type": "Feature",
   "properties": {
    "rio": "Itajai_Acu",
    "reach": "R1",
    "rs": 146973.8
   },
   "geometry": {
    "type": "LineString",
    "coordinates": [
     [
      -49.519885,
      -27.104444
     ],
     [
      -49.514382,
      -27.109577
     ],
     [
      -49.514299,
      -27.109649
     ],
     [
      -49.514216,
      -27.109721
     ],
     [
      -49.51143,
      -27.112401
     ]
    ]
   }
  },
  {
   "type": "Feature",
   "properties": {
    "rio": "Itajai_Acu",
    "reach": "R1",
    "rs": 146955.0
   },
   "geometry": {
    "type": "LineString",
    "coordinates": [
     [
      -49.519671,
      -27.104144
     ],
     [
      -49.514222,
      -27.109479
     ],
     [
      -49.514167,
      -27.109528
     ],
     [
      -49.514111,
      -27.109576
     ],
     [
      -49.511341,
      -27.112301
     ]
    ]
   }
  },
  {
   "type": "Feature",
   "properties": {
    "rio": "Itajai_Acu",
    "reach": "R1",
    "rs": 146936.3
   },
   "geometry": {
    "type": "LineString",
    "coordinates": [
     [
      -49.519427,
      -27.103872
     ],
     [
      -49.514091,
      -27.109358
     ],
     [
      -49.514035,
      -27.109407
     ],
     [
      -49.513979,
      -27.109456
     ],
     [
      -49.511229,
      -27.112228
     ]
    ]
   }
  },
  {
   "type": "Feature",
   "properties": {
    "rio": "Itajai_Acu",
    "reach": "R1",
    "rs": 146917.5
   },
   "geometry": {
    "type": "LineString",
    "coordinates": [
     [
      -49.519208,
      -27.103578
     ],
     [
      -49.513987,
      -27.109212
     ],
     [
      -49.513903,
      -27.109286
     ],
     [
      -49.513818,
      -27.109359
     ],
     [
      -49.511137,
      -27.112123
     ]
    ]
   }
  },
  {
   "type": "Feature",
   "properties": {
    "rio": "Itajai_Acu",
    "reach": "R1",
    "rs": 146898.8
   },
   "geometry": {
    "type": "LineString",
    "coordinates": [
     [
      -49.51895,
      -27.103305
     ],
     [
      -49.513851,
      -27.109087
     ],
     [
      -49.51377,
      -27.109165
     ],
     [
      -49.51369,
      -27.109243
     ],
     [
      -49.51103,
      -27.112053
     ]
    ]
   }
  },
  {
   "type": "Feature",
   "properties": {
    "rio": "Itajai_Acu",
    "reach": "R1",
    "rs": 146880.1
   },
   "geometry": {
    "type": "LineString",
    "coordinates": [
     [
      -49.518669,
      -27.103045
     ],
     [
      -49.5137,
      -27.108974
     ],
     [
      -49.513625,
      -27.109057
     ],
     [
      -49.513549,
      -27.10914
     ],
     [
      -49.510911,
      -27.111996
     ]
    ]
   }
  },
  {
   "type": "Feature",
   "properties": {
    "rio": "Itajai_Acu",
    "reach": "R1",
    "rs": 146861.3
   },
   "geometry": {
    "type": "LineString",
    "coordinates": [
     [
      -49.51916,
      -27.103136
     ],
     [
      -49.510769,
      -27.111721
     ]
    ]
   }
  },
  {
   "type": "Feature",
   "properties": {
    "rio": "Itajai_Acu",
    "reach": "R1",
    "rs": 146823.8
   },
   "geometry": {
    "type": "LineString",
    "coordinates": [
     [
      -49.517755,
      -27.102415
     ],
     [
      -49.513236,
      -27.10868
     ],
     [
      -49.513186,
      -27.108735
     ],
     [
      -49.513136,
      -27.10879
     ],
     [
      -49.510635,
      -27.111728
     ]
    ]
   }
  },
  {
   "type": "Feature",
   "properties": {
    "rio": "Itajai_Acu",
    "reach": "R1",
    "rs": 146786.3
   },
   "geometry": {
    "type": "LineString",
    "coordinates": [
     [
      -49.517099,
      -27.102086
     ],
     [
      -49.512943,
      -27.108466
     ],
     [
      -49.512893,
      -27.10852
     ],
     [
      -49.512844,
      -27.108575
     ],
     [
      -49.510451,
      -27.11154
     ]
    ]
   }
  },
  {
   "type": "Feature",
   "properties": {
    "rio": "Itajai_Acu",
    "reach": "R1",
    "rs": 146748.8
   },
   "geometry": {
    "type": "LineString",
    "coordinates": [
     [
      -49.516455,
      -27.101779
     ],
     [
      -49.51265,
      -27.108252
     ],
     [
      -49.512601,
      -27.108306
     ],
     [
      -49.512552,
      -27.10836
     ],
     [
      -49.510269,
      -27.111351
     ]
    ]
   }
  },
  {
   "type": "Feature",
   "properties": {
    "rio": "Itajai_Acu",
    "reach": "R1",
    "rs": 146711.3
   },
   "geometry": {
    "type": "LineString",
    "coordinates": [
     [
      -49.517119,
      -27.101949
     ],
     [
      -49.510076,
      -27.110941
     ]
    ]
   }
  },
  {
   "type": "Feature",
   "properties": {
    "rio": "Itajai_Acu",
    "reach": "R1",
    "rs": 146673.8
   },
   "geometry": {
    "type": "LineString",
    "coordinates": [
     [
      -49.515133,
      -27.101435
     ],
     [
      -49.512062,
      -27.107825
     ],
     [
      -49.512016,
      -27.107877
     ],
     [
      -49.51197,
      -27.107928
     ],
     [
      -49.509971,
      -27.110873
     ]
    ]
   }
  },
  {
   "type": "Feature",
   "properties": {
    "rio": "Itajai_Acu",
    "reach": "R1",
    "rs": 146636.3
   },
   "geometry": {
    "type": "LineString",
    "coordinates": [
     [
      -49.51445,
      -27.101427
     ],
     [
      -49.511736,
      -27.107639
     ],
     [
      -49.511699,
      -27.107693
     ],
     [
      -49.511661,
      -27.107747
     ],
     [
      -49.509855,
      -27.110627
     ]
    ]
   }
  },
  {
   "type": "Feature",
   "properties": {
    "rio": "Itajai_Acu",
    "reach": "R1",
    "rs": 146598.8
   },
   "geometry": {
    "type": "LineString",
    "coordinates": [
     [
      -49.513796,
      -27.101447
     ],
     [
      -49.511412,
      -27.107464
     ],
     [
      -49.511377,
      -27.107516
     ],
     [
      -49.511341,
      -27.107567
     ],
     [
      -49.509745,
      -27.110388
     ]
    ]
   }
  },
  {
   "type": "Feature",
   "properties": {
    "rio": "Itajai_Acu",
    "reach": "R1",
    "rs": 146561.3
   },
   "geometry": {
    "type": "LineString",
    "coordinates": [
     [
      -49.513973,
      -27.101988
     ],
     [
      -49.509441,
      -27.110296
     ]
    ]
   }
  },
  {
   "type": "Feature",
   "properties": {
    "rio": "Itajai_Acu",
    "reach": "R1",
    "rs": 146523.8
   },
   "geometry": {
    "type": "LineString",
    "coordinates": [
     [
      -49.51247,
      -27.101803
     ],
     [
      -49.51074,
      -27.107133
     ],
     [
      -49.510704,
      -27.10721
     ],
     [
      -49.510669,
      -27.107287
     ],
     [
      -49.50942,
      -27.110188
     ]
    ]
   }
  },
  {
   "type": "Feature",
   "properties": {
    "rio": "Itajai_Acu",
    "reach": "R1",
    "rs": 146486.3
   },
   "geometry": {
    "type": "LineString",
    "coordinates": [
     [
      -49.511781,
      -27.102135
     ],
     [
      -49.510389,
      -27.107007
     ],
     [
      -49.510355,
      -27.107081
     ],
     [
      -49.510321,
      -27.107154
     ],
     [
      -49.509235,
      -27.110234
     ]
    ]
   }
  },
  {
   "type": "Feature",
   "properties": {
    "rio": "Itajai_Acu",
    "reach": "R1",
    "rs": 146448.8
   },
   "geometry": {
    "type": "LineString",
    "coordinates": [
     [
      -49.511078,
      -27.102447
     ],
     [
      -49.510019,
      -27.10688
     ],
     [
      -49.509996,
      -27.106978
     ],
     [
      -49.509973,
      -27.107077
     ],
     [
      -49.509077,
      -27.110251
     ]
    ]
   }
  },
  {
   "type": "Feature",
   "properties": {
    "rio": "Itajai_Acu",
    "reach": "R1",
    "rs": 146411.3
   },
   "geometry": {
    "type": "LineString",
    "coordinates": [
     [
      -49.510623,
      -27.102691
     ],
     [
      -49.508865,
      -27.110127
     ]
    ]
   }
  },
  {
   "type": "Feature",
   "properties": {
    "rio": "Itajai_Acu",
    "reach": "R1",
    "rs": 146373.8
   },
   "geometry": {
    "type": "LineString",
    "coordinates": [
     [
      -49.509745,
      -27.10321
     ],
     [
      -49.509277,
      -27.106748
     ],
     [
      -49.509256,
      -27.106837
     ],
     [
      -49.509235,
      -27.106927
     ],
     [
      -49.508771,
      -27.110419
     ]
    ]
   }
  },
  {
   "type": "Feature",
   "properties": {
    "rio": "Itajai_Acu",
    "reach": "R1",
    "rs": 146336.3
   },
   "geometry": {
    "type": "LineString",
    "coordinates": [
     [
      -49.509094,
      -27.103639
     ],
     [
      -49.508906,
      -27.106682
     ],
     [
      -49.508886,
      -27.106767
     ],
     [
      -49.508866,
      -27.106852
     ],
     [
      -49.508622,
      -27.110547
     ]
    ]
   }
  },
  {
   "type": "Feature",
   "properties": {
    "rio": "Itajai_Acu",
    "reach": "R1",
    "rs": 146298.8
   },
   "geometry": {
    "type": "LineString",
    "coordinates": [
     [
      -49.508505,
      -27.104048
     ],
     [
      -49.508535,
      -27.106616
     ],
     [
      -49.508516,
      -27.106697
     ],
     [
      -49.508497,
      -27.106778
     ],
     [
      -49.508477,
      -27.110629
     ]
    ]
   }
  },
  {
   "type": "Feature",
   "properties": {
    "rio": "Itajai_Acu",
    "reach": "R1",
    "rs": 146261.3
   },
   "geometry": {
    "type": "LineString",
    "coordinates": [
     [
      -49.507883,
      -27.103757
     ],
     [
      -49.508437,
      -27.10998
     ]
    ]
   }
  },
  {
   "type": "Feature",
   "properties": {
    "rio": "Itajai_Acu",
    "reach": "R1",
    "rs": 146223.8
   },
   "geometry": {
    "type": "LineString",
    "coordinates": [
     [
      -49.50741,
      -27.104653
     ],
     [
      -49.507754,
      -27.106668
     ],
     [
      -49.507773,
      -27.106763
     ],
     [
      -49.507793,
      -27.106857
     ],
     [
      -49.508232,
      -27.110722
     ]
    ]
   }
  },
  {
   "type": "Feature",
   "properties": {
    "rio": "Itajai_Acu",
    "reach": "R1",
    "rs": 146186.3
   },
   "geometry": {
    "type": "LineString",
    "coordinates": [
     [
      -49.506902,
      -27.104831
     ],
     [
      -49.507371,
      -27.106742
     ],
     [
      -49.507404,
      -27.106832
     ],
     [
      -49.507436,
      -27.106921
     ],
     [
      -49.508051,
      -27.11072
     ]
    ]
   }
  },
  {
   "type": "Feature",
   "properties": {
    "rio": "Itajai_Acu",
    "reach": "R1",
    "rs": 146148.8
   },
   "geometry": {
    "type": "LineString",
    "coordinates": [
     [
      -49.506422,
      -27.105067
     ],
     [
      -49.507014,
      -27.106868
     ],
     [
      -49.507051,
      -27.106954
     ],
     [
      -49.507088,
      -27.107039
     ],
     [
      -49.507847,
      -27.11077
     ]
    ]
   }
  },
  {
   "type": "Feature",
   "properties": {
    "rio": "Itajai_Acu",
    "reach": "R1",
    "rs": 146111.3
   },
   "geometry": {
    "type": "LineString",
    "coordinates": [
     [
      -49.505838,
      -27.104761
     ],
     [
      -49.507858,
      -27.110197
     ]
    ]
   }
  },
  {
   "type": "Feature",
   "properties": {
    "rio": "Itajai_Acu",
    "reach": "R1",
    "rs": 146073.8
   },
   "geometry": {
    "type": "LineString",
    "coordinates": [
     [
      -49.50547,
      -27.105459
     ],
     [
      -49.5063,
      -27.107132
     ],
     [
      -49.506359,
      -27.107223
     ],
     [
      -49.506419,
      -27.107314
     ],
     [
      -49.507405,
      -27.110758
     ]
    ]
   }
  },
  {
   "type": "Feature",
   "properties": {
    "rio": "Itajai_Acu",
    "reach": "R1",
    "rs": 146036.3
   },
   "geometry": {
    "type": "LineString",
    "coordinates": [
     [
      -49.505065,
      -27.105616
     ],
     [
      -49.505965,
      -27.10729
     ],
     [
      -49.506032,
      -27.107394
     ],
     [
      -49.5061,
      -27.107498
     ],
     [
      -49.507128,
      -27.110741
     ]
    ]
   }
  },
  {
   "type": "Feature",
   "properties": {
    "rio": "Itajai_Acu",
    "reach": "R1",
    "rs": 145998.8
   },
   "geometry": {
    "type": "LineString",
    "coordinates": [
     [
      -49.504663,
      -27.105777
     ],
     [
      -49.50563,
      -27.107448
     ],
     [
      -49.505706,
      -27.107564
     ],
     [
      -49.505782,
      -27.10768
     ],
     [
      -49.506848,
      -27.110727
     ]
    ]
   }
  },
  {
   "type": "Feature",
   "properties": {
    "rio": "Itajai_Acu",
    "reach": "R1",
    "rs": 145961.3
   },
   "geometry": {
    "type": "LineString",
    "coordinates": [
     [
      -49.504467,
      -27.10599
     ],
     [
      -49.506937,
      -27.110715
     ]
    ]
   }
  },
  {
   "type": "Feature",
   "properties": {
    "rio": "Itajai_Acu",
    "reach": "R1",
    "rs": 145936.3
   },
   "geometry": {
    "type": "LineString",
    "coordinates": [
     [
      -49.504096,
      -27.105932
     ],
     [
      -49.505079,
      -27.107722
     ],
     [
      -49.505161,
      -27.107849
     ],
     [
      -49.505244,
      -27.107976
     ],
     [
      -49.506324,
      -27.110721
     ]
    ]
   }
  },
  {
   "type": "Feature",
   "properties": {
    "rio": "Itajai_Acu",
    "reach": "R1",
    "rs": 145911.3
   },
   "geometry": {
    "type": "LineString",
    "coordinates": [
     [
      -49.503885,
      -27.105978
     ],
     [
      -49.504861,
      -27.107836
     ],
     [
      -49.504944,
      -27.107963
     ],
     [
      -49.505026,
      -27.108089
     ],
     [
      -49.506061,
      -27.110769
     ]
    ]
   }
  },
  {
   "type": "Feature",
   "properties": {
    "rio": "Itajai_Acu",
    "reach": "R1",
    "rs": 145886.3
   },
   "geometry": {
    "type": "LineString",
    "coordinates": [
     [
      -49.503718,
      -27.106027
     ],
     [
      -49.504634,
      -27.107936
     ],
     [
      -49.504726,
      -27.108076
     ],
     [
      -49.504817,
      -27.108217
     ],
     [
      -49.505783,
      -27.110838
     ]
    ]
   }
  },
  {
   "type": "Feature",
   "properties": {
    "rio": "Itajai_Acu",
    "reach": "R1",
    "rs": 145861.3
   },
   "geometry": {
    "type": "LineString",
    "coordinates": [
     [
      -49.50356,
      -27.106058
     ],
     [
      -49.504417,
      -27.108051
     ],
     [
      -49.504508,
      -27.10819
     ],
     [
      -49.504599,
      -27.10833
     ],
     [
      -49.505461,
      -27.110903
     ]
    ]
   }
  },
  {
   "type": "Feature",
   "properties": {
    "rio": "Itajai_Acu",
    "reach": "R1",
    "rs": 145836.3
   },
   "geometry": {
    "type": "LineString",
    "coordinates": [
     [
      -49.503418,
      -27.106087
     ],
     [
      -49.5042,
      -27.108165
     ],
     [
      -49.50429,
      -27.108304
     ],
     [
      -49.504381,
      -27.108443
     ],
     [
      -49.505135,
      -27.110966
     ]
    ]
   }
  },
  {
   "type": "Feature",
   "properties": {
    "rio": "Itajai_Acu",
    "reach": "R1",
    "rs": 145811.3
   },
   "geometry": {
    "type": "LineString",
    "coordinates": [
     [
      -49.50357,
      -27.106726
     ],
     [
      -49.505038,
      -27.111665
     ]
    ]
   }
  },
  {
   "type": "Feature",
   "properties": {
    "rio": "Itajai_Acu",
    "reach": "R1",
    "rs": 145773.8
   },
   "geometry": {
    "type": "LineString",
    "coordinates": [
     [
      -49.503241,
      -27.106282
     ],
     [
      -49.503678,
      -27.108404
     ],
     [
      -49.50374,
      -27.108575
     ],
     [
      -49.503803,
      -27.108746
     ],
     [
      -49.504189,
      -27.111405
     ]
    ]
   }
  },
  {
   "type": "Feature",
   "properties": {
    "rio": "Itajai_Acu",
    "reach": "R1",
    "rs": 145736.3
   },
   "geometry": {
    "type": "LineString",
    "coordinates": [
     [
      -49.503115,
      -27.106404
     ],
     [
      -49.503331,
      -27.108457
     ],
     [
      -49.503369,
      -27.108637
     ],
     [
      -49.503406,
      -27.108817
     ],
     [
      -49.50348,
      -27.111677
     ]
    ]
   }
  },
  {
   "type": "Feature",
   "properties": {
    "rio": "Itajai_Acu",
    "reach": "R1",
    "rs": 145698.8
   },
   "geometry": {
    "type": "LineString",
    "coordinates": [
     [
      -49.503013,
      -27.106552
     ],
     [
      -49.502975,
      -27.108515
     ],
     [
      -49.502997,
      -27.1087
     ],
     [
      -49.503019,
      -27.108885
     ],
     [
      -49.50271,
      -27.111917
     ]
    ]
   }
  },
  {
   "type": "Feature",
   "properties": {
    "rio": "Itajai_Acu",
    "reach": "R1",
    "rs": 145661.3
   },
   "geometry": {
    "type": "LineString",
    "coordinates": [
     [
      -49.50293,
      -27.106943
     ],
     [
      -49.50198,
      -27.112349
     ]
    ]
   }
  },
  {
   "type": "Feature",
   "properties": {
    "rio": "Itajai_Acu",
    "reach": "R1",
    "rs": 145623.8
   },
   "geometry": {
    "type": "LineString",
    "coordinates": [
     [
      -49.502904,
      -27.106567
     ],
     [
      -49.502301,
      -27.108413
     ],
     [
      -49.502256,
      -27.108602
     ],
     [
      -49.502212,
      -27.10879
     ],
     [
      -49.501096,
      -27.111885
     ]
    ]
   }
  },
  {
   "type": "Feature",
   "properties": {
    "rio": "Itajai_Acu",
    "reach": "R1",
    "rs": 145586.3
   },
   "geometry": {
    "type": "LineString",
    "coordinates": [
     [
      -49.502944,
      -27.106543
     ],
     [
      -49.50202,
      -27.108314
     ],
     [
      -49.501903,
      -27.1085
     ],
     [
      -49.501785,
      -27.108685
     ],
     [
      -49.500283,
      -27.111665
     ]
    ]
   }
  },
  {
   "type": "Feature",
   "properties": {
    "rio": "Itajai_Acu",
    "reach": "R1",
    "rs": 145548.8
   },
   "geometry": {
    "type": "LineString",
    "coordinates": [
     [
      -49.50298,
      -27.106425
     ],
     [
      -49.50175,
      -27.108122
     ],
     [
      -49.501603,
      -27.108293
     ],
     [
      -49.501455,
      -27.108465
     ],
     [
      -49.499542,
      -27.111269
     ]
    ]
   }
  },
  {
   "type": "Feature",
   "properties": {
    "rio": "Itajai_Acu",
    "reach": "R1",
    "rs": 145511.3
   },
   "geometry": {
    "type": "LineString",
    "coordinates": [
     [
      -49.502559,
      -27.106746
     ],
     [
      -49.498372,
      -27.111217
     ]
    ]
   }
  },
  {
   "type": "Feature",
   "properties": {
    "rio": "Itajai_Acu",
    "reach": "R1",
    "rs": 145473.8
   },
   "geometry": {
    "type": "LineString",
    "coordinates": [
     [
      -49.502852,
      -27.106439
     ],
     [
      -49.501268,
      -27.107694
     ],
     [
      -49.501067,
      -27.107825
     ],
     [
      -49.500866,
      -27.107957
     ],
     [
      -49.498031,
      -27.11046
     ]
    ]
   }
  },
  {
   "type": "Feature",
   "properties": {
    "rio": "Itajai_Acu",
    "reach": "R1",
    "rs": 145436.3
   },
   "geometry": {
    "type": "LineString",
    "coordinates": [
     [
      -49.502639,
      -27.10644
     ],
     [
      -49.50105,
      -27.107422
     ],
     [
      -49.500843,
      -27.107552
     ],
     [
      -49.500637,
      -27.107682
     ],
     [
      -49.497309,
      -27.110034
     ]
    ]
   }
  },
  {
   "type": "Feature",
   "properties": {
    "rio": "Itajai_Acu",
    "reach": "R1",
    "rs": 145398.8
   },
   "geometry": {
    "type": "LineString",
    "coordinates": [
     [
      -49.502409,
      -27.106442
     ],
     [
      -49.50091,
      -27.107159
     ],
     [
      -49.500658,
      -27.10726
     ],
     [
      -49.500406,
      -27.107362
     ],
     [
      -49.496598,
      -27.109516
     ]
    ]
   }
  },
  {
   "type": "Feature",
   "properties": {
    "rio": "Itajai_Acu",
    "reach": "R1",
    "rs": 145361.3
   },
   "geometry": {
    "type": "LineString",
    "coordinates": [
     [
      -49.502339,
      -27.106299
     ],
     [
      -49.495978,
      -27.10856
     ]
    ]
   }
  },
  {
   "type": "Feature",
   "properties": {
    "rio": "Itajai_Acu",
    "reach": "R1",
    "rs": 145323.8
   },
   "geometry": {
    "type": "LineString",
    "coordinates": [
     [
      -49.502236,
      -27.106178
     ],
     [
      -49.500653,
      -27.106556
     ],
     [
      -49.500385,
      -27.106629
     ],
     [
      -49.500117,
      -27.106702
     ],
     [
      -49.49576,
      -27.108167
     ]
    ]
   }
  },
  {
   "type": "Feature",
   "properties": {
    "rio": "Itajai_Acu",
    "reach": "R1",
    "rs": 145286.3
   },
   "geometry": {
    "type": "LineString",
    "coordinates": [
     [
      -49.502328,
      -27.105991
     ],
     [
      -49.500581,
      -27.106252
     ],
     [
      -49.500305,
      -27.106299
     ],
     [
      -49.500029,
      -27.106345
     ],
     [
      -49.495647,
      -27.107392
     ]
    ]
   }
  },
  {
   "type": "Feature",
   "properties": {
    "rio": "Itajai_Acu",
    "reach": "R1",
    "rs": 145248.8
   },
   "geometry": {
    "type": "LineString",
    "coordinates": [
     [
      -49.502412,
      -27.105785
     ],
     [
      -49.500514,
      -27.105929
     ],
     [
      -49.500236,
      -27.105966
     ],
     [
      -49.499957,
      -27.106003
     ],
     [
      -49.4956,
      -27.106646
     ]
    ]
   }
  },
  {
   "type": "Feature",
   "properties": {
    "rio": "Itajai_Acu",
    "reach": "R1",
    "rs": 145211.3
   },
   "geometry": {
    "type": "LineString",
    "coordinates": [
     [
      -49.502241,
      -27.105596
     ],
     [
      -49.495337,
      -27.105726
     ]
    ]
   }
  },
  {
   "type": "Feature",
   "properties": {
    "rio": "Itajai_Acu",
    "reach": "R1",
    "rs": 145173.8
   },
   "geometry": {
    "type": "LineString",
    "coordinates": [
     [
      -49.502669,
      -27.105489
     ],
     [
      -49.500605,
      -27.10536
     ],
     [
      -49.500304,
      -27.105303
     ],
     [
      -49.500002,
      -27.105246
     ],
     [
      -49.495688,
      -27.105206
     ]
    ]
   }
  },
  {
   "type": "Feature",
   "properties": {
    "rio": "Itajai_Acu",
    "reach": "R1",
    "rs": 145136.3
   },
   "geometry": {
    "type": "LineString",
    "coordinates": [
     [
      -49.502787,
      -27.105305
     ],
     [
      -49.50071,
      -27.105034
     ],
     [
      -49.500382,
      -27.104972
     ],
     [
      -49.500055,
      -27.10491
     ],
     [
      -49.495737,
      -27.104602
     ]
    ]
   }
  },
  {
   "type": "Feature",
   "properties": {
    "rio": "Itajai_Acu",
    "reach": "R1",
    "rs": 145098.8
   },
   "geometry": {
    "type": "LineString",
    "coordinates": [
     [
      -49.50287,
      -27.105123
     ],
     [
      -49.500793,
      -27.104704
     ],
     [
      -49.500461,
      -27.104641
     ],
     [
      -49.500129,
      -27.104578
     ],
     [
      -49.495778,
      -27.104034
     ]
    ]
   }
  },
  {
   "type": "Feature",
   "properties": {
    "rio": "Itajai_Acu",
    "reach": "R1",
    "rs": 145061.3
   },
   "geometry": {
    "type": "LineString",
    "coordinates": [
     [
      -49.502801,
      -27.10489
     ],
     [
      -49.495791,
      -27.103091
     ]
    ]
   }
  },
  {
   "type": "Feature",
   "properties": {
    "rio": "Itajai_Acu",
    "reach": "R1",
    "rs": 145023.8
   },
   "geometry": {
    "type": "LineString",
    "coordinates": [
     [
      -49.502974,
      -27.104768
     ],
     [
      -49.500984,
      -27.104097
     ],
     [
      -49.500651,
      -27.103988
     ],
     [
      -49.500318,
      -27.103879
     ],
     [
      -49.495775,
      -27.102881
     ]
    ]
   }
  },
  {
   "type": "Feature",
   "properties": {
    "rio": "Itajai_Acu",
    "reach": "R1",
    "rs": 144986.3
   },
   "geometry": {
    "type": "LineString",
    "coordinates": [
     [
      -49.503005,
      -27.104526
     ],
     [
      -49.501133,
      -27.1038
     ],
     [
      -49.500796,
      -27.103675
     ],
     [
      -49.500459,
      -27.10355
     ],
     [
      -49.495697,
      -27.102323
     ]
    ]
   }
  },
  {
   "type": "Feature",
   "properties": {
    "rio": "Itajai_Acu",
    "reach": "R1",
    "rs": 144948.8
   },
   "geometry": {
    "type": "LineString",
    "coordinates": [
     [
      -49.503048,
      -27.104286
     ],
     [
      -49.501253,
      -27.103503
     ],
     [
      -49.500941,
      -27.103362
     ],
     [
      -49.500628,
      -27.103222
     ],
     [
      -49.495645,
      -27.101768
     ]
    ]
   }
  },
  {
   "type": "Feature",
   "properties": {
    "rio": "Itajai_Acu",
    "reach": "R1",
    "rs": 144911.3
   },
   "geometry": {
    "type": "LineString",
    "coordinates": [
     [
      -49.503698,
      -27.104241
     ],
     [
      -49.496438,
      -27.100931
     ]
    ]
   }
  },
  {
   "type": "Feature",
   "properties": {
    "rio": "Itajai_Acu",
    "reach": "R1",
    "rs": 144873.8
   },
   "geometry": {
    "type": "LineString",
    "coordinates": [
     [
      -49.50362,
      -27.103945
     ],
     [
      -49.501632,
      -27.102951
     ],
     [
      -49.501333,
      -27.102784
     ],
     [
      -49.501034,
      -27.102618
     ],
     [
      -49.495819,
      -27.100698
     ]
    ]
   }
  },
  {
   "type": "Feature",
   "properties": {
    "rio": "Itajai_Acu",
    "reach": "R1",
    "rs": 144836.3
   },
   "geometry": {
    "type": "LineString",
    "coordinates": [
     [
      -49.504109,
      -27.103882
     ],
     [
      -49.501837,
      -27.102695
     ],
     [
      -49.501537,
      -27.102499
     ],
     [
      -49.501236,
      -27.102304
     ],
     [
      -49.496036,
      -27.100175
     ]
    ]
   }
  },
  {
   "type": "Feature",
   "properties": {
    "rio": "Itajai_Acu",
    "reach": "R1",
    "rs": 144798.8
   },
   "geometry": {
    "type": "LineString",
    "coordinates": [
     [
      -49.504645,
      -27.103863
     ],
     [
      -49.502079,
      -27.102459
     ],
     [
      -49.501776,
      -27.102237
     ],
     [
      -49.501474,
      -27.102016
     ],
     [
      -49.496311,
      -27.099701
     ]
    ]
   }
  },
  {
   "type": "Feature",
   "properties": {
    "rio": "Itajai_Acu",
    "reach": "R1",
    "rs": 144761.3
   },
   "geometry": {
    "type": "LineString",
    "coordinates": [
     [
      -49.505338,
      -27.103974
     ],
     [
      -49.497004,
      -27.098961
     ]
    ]
   }
  },
  {
   "type": "Feature",
   "properties": {
    "rio": "Itajai_Acu",
    "reach": "R1",
    "rs": 144723.8
   },
   "geometry": {
    "type": "LineString",
    "coordinates": [
     [
      -49.50587,
      -27.103847
     ],
     [
      -49.50259,
      -27.101926
     ],
     [
      -49.502254,
      -27.101713
     ],
     [
      -49.501917,
      -27.101499
     ],
     [
      -49.496562,
      -27.098723
     ]
    ]
   }
  },
  {
   "type": "Feature",
   "properties": {
    "rio": "Itajai_Acu",
    "reach": "R1",
    "rs": 144686.3
   },
   "geometry": {
    "type": "LineString",
    "coordinates": [
     [
      -49.506432,
      -27.103825
     ],
     [
      -49.5028,
      -27.101617
     ],
     [
      -49.502452,
      -27.101425
     ],
     [
      -49.502104,
      -27.101232
     ],
     [
      -49.496432,
      -27.098174
     ]
    ]
   }
  },
  {
   "type": "Feature",
   "properties": {
    "rio": "Itajai_Acu",
    "reach": "R1",
    "rs": 144648.8
   },
   "geometry": {
    "type": "LineString",
    "coordinates": [
     [
      -49.506983,
      -27.103843
     ],
     [
      -49.502987,
      -27.10133
     ],
     [
      -49.502651,
      -27.101136
     ],
     [
      -49.502314,
      -27.100943
     ],
     [
      -49.496318,
      -27.097633
     ]
    ]
   }
  },
  {
   "type": "Feature",
   "properties": {
    "rio": "Itajai_Acu",
    "reach": "R1",
    "rs": 144611.3
   },
   "geometry": {
    "type": "LineString",
    "coordinates": [
     [
      -49.507556,
      -27.104112
     ],
     [
      -49.496778,
      -27.096636
     ]
    ]
   }
  },
  {
   "type": "Feature",
   "properties": {
    "rio": "Itajai_Acu",
    "reach": "R1",
    "rs": 144573.8
   },
   "geometry": {
    "type": "LineString",
    "coordinates": [
     [
      -49.508247,
      -27.104031
     ],
     [
      -49.503412,
      -27.100822
     ],
     [
      -49.503099,
      -27.100593
     ],
     [
      -49.502787,
      -27.100364
     ],
     [
      -49.496534,
      -27.096727
     ]
    ]
   }
  },
  {
   "type": "Feature",
   "properties": {
    "rio": "Itajai_Acu",
    "reach": "R1",
    "rs": 144536.3
   },
   "geometry": {
    "type": "LineString",
    "coordinates": [
     [
      -49.509055,
      -27.104095
     ],
     [
      -49.503666,
      -27.100571
     ],
     [
      -49.503339,
      -27.100331
     ],
     [
      -49.503012,
      -27.100091
     ],
     [
      -49.496863,
      -27.096364
     ]
    ]
   }
  },
  {
   "type": "Feature",
   "properties": {
    "rio": "Itajai_Acu",
    "reach": "R1",
    "rs": 144498.8
   },
   "geometry": {
    "type": "LineString",
    "coordinates": [
     [
      -49.509932,
      -27.104123
     ],
     [
      -49.50392,
      -27.10032
     ],
     [
      -49.503579,
      -27.100069
     ],
     [
      -49.503237,
      -27.099819
     ],
     [
      -49.497226,
      -27.096016
     ]
    ]
   }
  },
  {
   "type": "Feature",
   "properties": {
    "rio": "Itajai_Acu",
    "reach": "R1",
    "rs": 144461.3
   },
   "geometry": {
    "type": "LineString",
    "coordinates": [
     [
      -49.510208,
      -27.104643
     ],
     [
      -49.497779,
      -27.095237
     ]
    ]
   }
  },
  {
   "type": "Feature",
   "properties": {
    "rio": "Itajai_Acu",
    "reach": "R1",
    "rs": 144423.8
   },
   "geometry": {
    "type": "LineString",
    "coordinates": [
     [
      -49.511448,
      -27.103836
     ],
     [
      -49.504376,
      -27.099784
     ],
     [
      -49.504058,
      -27.099546
     ],
     [
      -49.50374,
      -27.099308
     ],
     [
      -49.497875,
      -27.095483
     ]
    ]
   }
  },
  {
   "type": "Feature",
   "properties": {
    "rio": "Itajai_Acu",
    "reach": "R1",
    "rs": 144386.3
   },
   "geometry": {
    "type": "LineString",
    "coordinates": [
     [
      -49.511864,
      -27.103697
     ],
     [
      -49.504609,
      -27.099542
     ],
     [
      -49.504301,
      -27.099287
     ],
     [
      -49.503993,
      -27.099031
     ],
     [
      -49.498152,
      -27.095192
     ]
    ]
   }
  },
  {
   "type": "Feature",
   "properties": {
    "rio": "Itajai_Acu",
    "reach": "R1",
    "rs": 144348.8
   },
   "geometry": {
    "type": "LineString",
    "coordinates": [
     [
      -49.512297,
      -27.103598
     ],
     [
      -49.504869,
      -27.099322
     ],
     [
      -49.504572,
      -27.09905
     ],
     [
      -49.504274,
      -27.098778
     ],
     [
      -49.498446,
      -27.094941
     ]
    ]
   }
  },
  {
   "type": "Feature",
   "properties": {
    "rio": "Itajai_Acu",
    "reach": "R1",
    "rs": 144311.3
   },
   "geometry": {
    "type": "LineString",
    "coordinates": [
     [
      -49.511536,
      -27.104798
     ],
     [
      -49.499403,
      -27.09395
     ]
    ]
   }
  },
  {
   "type": "Feature",
   "properties": {
    "rio": "Itajai_Acu",
    "reach": "R1",
    "rs": 144273.8
   },
   "geometry": {
    "type": "LineString",
    "coordinates": [
     [
      -49.51281,
      -27.103277
     ],
     [
      -49.505406,
      -27.098846
     ],
     [
      -49.505113,
      -27.098577
     ],
     [
      -49.50482,
      -27.098309
     ],
     [
      -49.499285,
      -27.094598
     ]
    ]
   }
  },
  {
   "type": "Feature",
   "properties": {
    "rio": "Itajai_Acu",
    "reach": "R1",
    "rs": 144236.3
   },
   "geometry": {
    "type": "LineString",
    "coordinates": [
     [
      -49.512828,
      -27.103031
     ],
     [
      -49.505704,
      -27.098634
     ],
     [
      -49.505383,
      -27.098341
     ],
     [
      -49.505063,
      -27.098047
     ],
     [
      -49.499785,
      -27.094476
     ]
    ]
   }
  },
  {
   "type": "Feature",
   "properties": {
    "rio": "Itajai_Acu",
    "reach": "R1",
    "rs": 144198.8
   },
   "geometry": {
    "type": "LineString",
    "coordinates": [
     [
      -49.5128,
      -27.102753
     ],
     [
      -49.505952,
      -27.0984
     ],
     [
      -49.505654,
      -27.098104
     ],
     [
      -49.505356,
      -27.097809
     ],
     [
      -49.500233,
      -27.094341
     ]
    ]
   }
  },
  {
   "type": "Feature",
   "properties": {
    "rio": "Itajai_Acu",
    "reach": "R1",
    "rs": 144161.3
   },
   "geometry": {
    "type": "LineString",
    "coordinates": [
     [
      -49.512001,
      -27.103487
     ],
     [
      -49.501402,
      -27.093688
     ]
    ]
   }
  },
  {
   "type": "Feature",
   "properties": {
    "rio": "Itajai_Acu",
    "reach": "R1",
    "rs": 144123.8
   },
   "geometry": {
    "type": "LineString",
    "coordinates": [
     [
      -49.512793,
      -27.10212
     ],
     [
      -49.506529,
      -27.098009
     ],
     [
      -49.506241,
      -27.097678
     ],
     [
      -49.505953,
      -27.097348
     ],
     [
      -49.500975,
      -27.094075
     ]
    ]
   }
  },
  {
   "type": "Feature",
   "properties": {
    "rio": "Itajai_Acu",
    "reach": "R1",
    "rs": 144086.3
   },
   "geometry": {
    "type": "LineString",
    "coordinates": [
     [
      -49.51279,
      -27.10171
     ],
     [
      -49.506833,
      -27.097783
     ],
     [
      -49.506539,
      -27.09747
     ],
     [
      -49.506245,
      -27.097157
     ],
     [
      -49.501229,
      -27.09388
     ]
    ]
   }
  },
  {
   "type": "Feature",
   "properties": {
    "rio": "Itajai_Acu",
    "reach": "R1",
    "rs": 144048.8
   },
   "geometry": {
    "type": "LineString",
    "coordinates": [
     [
      -49.512801,
      -27.10126
     ],
     [
      -49.507123,
      -27.097538
     ],
     [
      -49.506821,
      -27.097245
     ],
     [
      -49.506518,
      -27.096952
     ],
     [
      -49.501493,
      -27.093648
     ]
    ]
   }
  },
  {
   "type": "Feature",
   "properties": {
    "rio": "Itajai_Acu",
    "reach": "R1",
    "rs": 144011.3
   },
   "geometry": {
    "type": "LineString",
    "coordinates": [
     [
      -49.512494,
      -27.101383
     ],
     [
      -49.502249,
      -27.093088
     ]
    ]
   }
  },
  {
   "type": "Feature",
   "properties": {
    "rio": "Itajai_Acu",
    "reach": "R1",
    "rs": 143973.8
   },
   "geometry": {
    "type": "LineString",
    "coordinates": [
     [
      -49.512863,
      -27.100467
     ],
     [
      -49.507677,
      -27.097027
     ],
     [
      -49.507362,
      -27.096772
     ],
     [
      -49.507047,
      -27.096518
     ],
     [
      -49.502061,
      -27.093219
     ]
    ]
   }
  },
  {
   "type": "Feature",
   "properties": {
    "rio": "Itajai_Acu",
    "reach": "R1",
    "rs": 143936.3
   },
   "geometry": {
    "type": "LineString",
    "coordinates": [
     [
      -49.512899,
      -27.100026
     ],
     [
      -49.507954,
      -27.096763
     ],
     [
      -49.507597,
      -27.096507
     ],
     [
      -49.507241,
      -27.096252
     ],
     [
      -49.502296,
      -27.092989
     ]
    ]
   }
  },
  {
   "type": "Feature",
   "properties": {
    "rio": "Itajai_Acu",
    "reach": "R1",
    "rs": 143898.8
   },
   "geometry": {
    "type": "LineString",
    "coordinates": [
     [
      -49.512934,
      -27.099584
     ],
     [
      -49.508223,
      -27.096494
     ],
     [
      -49.507828,
      -27.096239
     ],
     [
      -49.507433,
      -27.095984
     ],
     [
      -49.502537,
      -27.092752
     ]
    ]
   }
  },
  {
   "type": "Feature",
   "properties": {
    "rio": "Itajai_Acu",
    "reach": "R1",
    "rs": 143861.3
   },
   "geometry": {
    "type": "LineString",
    "coordinates": [
     [
      -49.513159,
      -27.098917
     ],
     [
      -49.502563,
      -27.092795
     ]
    ]
   }
  },
  {
   "type": "Feature",
   "properties": {
    "rio": "Itajai_Acu",
    "reach": "R1",
    "rs": 143823.8
   },
   "geometry": {
    "type": "LineString",
    "coordinates": [
     [
      -49.513036,
      -27.098733
     ],
     [
      -49.508673,
      -27.095911
     ],
     [
      -49.508241,
      -27.095673
     ],
     [
      -49.507809,
      -27.095436
     ],
     [
      -49.502995,
      -27.092219
     ]
    ]
   }
  },
  {
   "type": "Feature",
   "properties": {
    "rio": "Itajai_Acu",
    "reach": "R1",
    "rs": 143786.3
   },
   "geometry": {
    "type": "LineString",
    "coordinates": [
     [
      -49.513129,
      -27.098314
     ],
     [
      -49.50888,
      -27.095596
     ],
     [
      -49.50844,
      -27.095385
     ],
     [
      -49.507999,
      -27.095174
     ],
     [
      -49.503212,
      -27.09195
     ]
    ]
   }
  },
  {
   "type": "Feature",
   "properties": {
    "rio": "Itajai_Acu",
    "reach": "R1",
    "rs": 143748.8
   },
   "geometry": {
    "type": "LineString",
    "coordinates": [
     [
      -49.513185,
      -27.097879
     ],
     [
      -49.509048,
      -27.095263
     ],
     [
      -49.508601,
      -27.09508
     ],
     [
      -49.508155,
      -27.094897
     ],
     [
      -49.503392,
      -27.091671
     ]
    ]
   }
  },
  {
   "type": "Feature",
   "properties": {
    "rio": "Itajai_Acu",
    "reach": "R1",
    "rs": 143711.3
   },
   "geometry": {
    "type": "LineString",
    "coordinates": [
     [
      -49.513833,
      -27.096966
     ],
     [
      -49.503172,
      -27.092357
     ]
    ]
   }
  },
  {
   "type": "Feature",
   "properties": {
    "rio": "Itajai_Acu",
    "reach": "R1",
    "rs": 143673.8
   },
   "geometry": {
    "type": "LineString",
    "coordinates": [
     [
      -49.513355,
      -27.097074
     ],
     [
      -49.509338,
      -27.094576
     ],
     [
      -49.508884,
      -27.094453
     ],
     [
      -49.50843,
      -27.09433
     ],
     [
      -49.503831,
      -27.091215
     ]
    ]
   }
  },
  {
   "type": "Feature",
   "properties": {
    "rio": "Itajai_Acu",
    "reach": "R1",
    "rs": 143636.3
   },
   "geometry": {
    "type": "LineString",
    "coordinates": [
     [
      -49.513373,
      -27.096642
     ],
     [
      -49.509417,
      -27.094212
     ],
     [
      -49.508963,
      -27.094122
     ],
     [
      -49.508508,
      -27.094031
     ],
     [
      -49.504002,
      -27.09097
     ]
    ]
   }
  },
  {
   "type": "Feature",
   "properties": {
    "rio": "Itajai_Acu",
    "reach": "R1",
    "rs": 143598.8
   },
   "geometry": {
    "type": "LineString",
    "coordinates": [
     [
      -49.513407,
      -27.096274
     ],
     [
      -49.509514,
      -27.09391
     ],
     [
      -49.509041,
      -27.093791
     ],
     [
      -49.508568,
      -27.093671
     ],
     [
      -49.504189,
      -27.090727
     ]
    ]
   }
  },
  {
   "type": "Feature",
   "properties": {
    "rio": "Itajai_Acu",
    "reach": "R1",
    "rs": 143561.3
   },
   "geometry": {
    "type": "LineString",
    "coordinates": [
     [
      -49.513821,
      -27.095558
     ],
     [
      -49.50402,
      -27.091168
     ]
    ]
   }
  },
  {
   "type": "Feature",
   "properties": {
    "rio": "Itajai_Acu",
    "reach": "R1",
    "rs": 143523.8
   },
   "geometry": {
    "type": "LineString",
    "coordinates": [
     [
      -49.513606,
      -27.095737
     ],
     [
      -49.509769,
      -27.093349
     ],
     [
      -49.509307,
      -27.093159
     ],
     [
      -49.508846,
      -27.092968
     ],
     [
      -49.504749,
      -27.09028
     ]
    ]
   }
  },
  {
   "type": "Feature",
   "properties": {
    "rio": "Itajai_Acu",
    "reach": "R1",
    "rs": 143486.3
   },
   "geometry": {
    "type": "LineString",
    "coordinates": [
     [
      -49.513732,
      -27.095547
     ],
     [
      -49.509889,
      -27.093075
     ],
     [
      -49.509458,
      -27.092849
     ],
     [
      -49.509026,
      -27.092622
     ],
     [
      -49.505093,
      -27.090059
     ]
    ]
   }
  },
  {
   "type": "Feature",
   "properties": {
    "rio": "Itajai_Acu",
    "reach": "R1",
    "rs": 143448.8
   },
   "geometry": {
    "type": "LineString",
    "coordinates": [
     [
      -49.51396,
      -27.095406
     ],
     [
      -49.510113,
      -27.092855
     ],
     [
      -49.509688,
      -27.09258
     ],
     [
      -49.509263,
      -27.092306
     ],
     [
      -49.505559,
      -27.089878
     ]
    ]
   }
  },
  {
   "type": "Feature",
   "properties": {
    "rio": "Itajai_Acu",
    "reach": "R1",
    "rs": 143411.3
   },
   "geometry": {
    "type": "LineString",
    "coordinates": [
     [
      -49.514248,
      -27.094904
     ],
     [
      -49.505722,
      -27.089799
     ]
    ]
   }
  },
  {
   "type": "Feature",
   "properties": {
    "rio": "Itajai_Acu",
    "reach": "R1",
    "rs": 143373.8
   },
   "geometry": {
    "type": "LineString",
    "coordinates": [
     [
      -49.514385,
      -27.094944
     ],
     [
      -49.510552,
      -27.092321
     ],
     [
      -49.510149,
      -27.092044
     ],
     [
      -49.509746,
      -27.091767
     ],
     [
      -49.50636,
      -27.089463
     ]
    ]
   }
  },
  {
   "type": "Feature",
   "properties": {
    "rio": "Itajai_Acu",
    "reach": "R1",
    "rs": 143336.3
   },
   "geometry": {
    "type": "LineString",
    "coordinates": [
     [
      -49.514518,
      -27.094663
     ],
     [
      -49.510766,
      -27.092059
     ],
     [
      -49.510379,
      -27.091775
     ],
     [
      -49.509993,
      -27.091492
     ],
     [
      -49.5067,
      -27.089179
     ]
    ]
   }
  },
  {
   "type": "Feature",
   "properties": {
    "rio": "Itajai_Acu",
    "reach": "R1",
    "rs": 143298.8
   },
   "geometry": {
    "type": "LineString",
    "coordinates": [
     [
      -49.514676,
      -27.094417
     ],
     [
      -49.511006,
      -27.091831
     ],
     [
      -49.51062,
      -27.091515
     ],
     [
      -49.510235,
      -27.0912
     ],
     [
      -49.507099,
      -27.088898
     ]
    ]
   }
  },
  {
   "type": "Feature",
   "properties": {
    "rio": "Itajai_Acu",
    "reach": "R1",
    "rs": 143261.3
   },
   "geometry": {
    "type": "LineString",
    "coordinates": [
     [
      -49.514546,
      -27.0946
     ],
     [
      -49.507799,
      -27.08847
     ]
    ]
   }
  },
  {
   "type": "Feature",
   "properties": {
    "rio": "Itajai_Acu",
    "reach": "R1",
    "rs": 143223.8
   },
   "geometry": {
    "type": "LineString",
    "coordinates": [
     [
      -49.515096,
      -27.093999
     ],
     [
      -49.511501,
      -27.091377
     ],
     [
      -49.511162,
      -27.091042
     ],
     [
      -49.510822,
      -27.090708
     ],
     [
      -49.508023,
      -27.088402
     ]
    ]
   }
  },
  {
   "type": "Feature",
   "properties": {
    "rio": "Itajai_Acu",
    "reach": "R1",
    "rs": 143186.3
   },
   "geometry": {
    "type": "LineString",
    "coordinates": [
     [
      -49.515372,
      -27.093827
     ],
     [
      -49.511765,
      -27.091163
     ],
     [
      -49.511447,
      -27.090821
     ],
     [
      -49.511129,
      -27.09048
     ],
     [
      -49.508533,
      -27.088218
     ]
    ]
   }
  },
  {
   "type": "Feature",
   "properties": {
    "rio": "Itajai_Acu",
    "reach": "R1",
    "rs": 143148.8
   },
   "geometry": {
    "type": "LineString",
    "coordinates": [
     [
      -49.515635,
      -27.093648
     ],
     [
      -49.512064,
      -27.090978
     ],
     [
      -49.511745,
      -27.090613
     ],
     [
      -49.511427,
      -27.090248
     ],
     [
      -49.509023,
      -27.088038
     ]
    ]
   }
  },
  {
   "type": "Feature",
   "properties": {
    "rio": "Itajai_Acu",
    "reach": "R1",
    "rs": 143111.3
   },
   "geometry": {
    "type": "LineString",
    "coordinates": [
     [
      -49.515471,
      -27.093915
     ],
     [
      -49.509559,
      -27.08786
     ]
    ]
   }
  },
  {
   "type": "Feature",
   "properties": {
    "rio": "Itajai_Acu",
    "reach": "R1",
    "rs": 143073.8
   },
   "geometry": {
    "type": "LineString",
    "coordinates": [
     [
      -49.51629,
      -27.093233
     ],
     [
      -49.512625,
      -27.09059
     ],
     [
      -49.512355,
      -27.090215
     ],
     [
      -49.512086,
      -27.089839
     ],
     [
      -49.509942,
      -27.087834
     ]
    ]
   }
  },
  {
   "type": "Feature",
   "properties": {
    "rio": "Itajai_Acu",
    "reach": "R1",
    "rs": 143036.3
   },
   "geometry": {
    "type": "LineString",
    "coordinates": [
     [
      -49.516668,
      -27.093042
     ],
     [
      -49.512943,
      -27.090442
     ],
     [
      -49.512682,
      -27.090044
     ],
     [
      -49.51242,
      -27.089646
     ],
     [
      -49.510445,
      -27.087773
     ]
    ]
   }
  },
  {
   "type": "Feature",
   "properties": {
    "rio": "Itajai_Acu",
    "reach": "R1",
    "rs": 142998.8
   },
   "geometry": {
    "type": "LineString",
    "coordinates": [
     [
      -49.51715,
      -27.092794
     ],
     [
      -49.513303,
      -27.090241
     ],
     [
      -49.513008,
      -27.089873
     ],
     [
      -49.512714,
      -27.089505
     ],
     [
      -49.510879,
      -27.087781
     ]
    ]
   }
  },
  {
   "type": "Feature",
   "properties": {
    "rio": "Itajai_Acu",
    "reach": "R1",
    "rs": 142961.3
   },
   "geometry": {
    "type": "LineString",
    "coordinates": [
     [
      -49.516904,
      -27.092942
     ],
     [
      -49.511091,
      -27.087649
     ]
    ]
   }
  },
  {
   "type": "Feature",
   "properties": {
    "rio": "Itajai_Acu",
    "reach": "R1",
    "rs": 142923.8
   },
   "geometry": {
    "type": "LineString",
    "coordinates": [
     [
      -49.517949,
      -27.092118
     ],
     [
      -49.513931,
      -27.089744
     ],
     [
      -49.513567,
      -27.089421
     ],
     [
      -49.513203,
      -27.089099
     ],
     [
      -49.511536,
      -27.087675
     ]
    ]
   }
  },
  {
   "type": "Feature",
   "properties": {
    "rio": "Itajai_Acu",
    "reach": "R1",
    "rs": 142886.3
   },
   "geometry": {
    "type": "LineString",
    "coordinates": [
     [
      -49.518297,
      -27.091747
     ],
     [
      -49.514232,
      -27.089499
     ],
     [
      -49.513838,
      -27.089185
     ],
     [
      -49.513444,
      -27.08887
     ],
     [
      -49.511813,
      -27.087599
     ]
    ]
   }
  },
  {
   "type": "Feature",
   "properties": {
    "rio": "Itajai_Acu",
    "reach": "R1",
    "rs": 142848.8
   },
   "geometry": {
    "type": "LineString",
    "coordinates": [
     [
      -49.518632,
      -27.091335
     ],
     [
      -49.514474,
      -27.089208
     ],
     [
      -49.51407,
      -27.088918
     ],
     [
      -49.513666,
      -27.088627
     ],
     [
      -49.512054,
      -27.08753
     ]
    ]
   }
  },
  {
   "type": "Feature",
   "properties": {
    "rio": "Itajai_Acu",
    "reach": "R1",
    "rs": 142811.3
   },
   "geometry": {
    "type": "LineString",
    "coordinates": [
     [
      -49.518623,
      -27.091041
     ],
     [
      -49.512075,
      -27.087418
     ]
    ]
   }
  },
  {
   "type": "Feature",
   "properties": {
    "rio": "Itajai_Acu",
    "reach": "R1",
    "rs": 142773.8
   },
   "geometry": {
    "type": "LineString",
    "coordinates": [
     [
      -49.519243,
      -27.090355
     ],
     [
      -49.514951,
      -27.088599
     ],
     [
      -49.514498,
      -27.088363
     ],
     [
      -49.514046,
      -27.088126
     ],
     [
      -49.512438,
      -27.087379
     ]
    ]
   }
  },
  {
   "type": "Feature",
   "properties": {
    "rio": "Itajai_Acu",
    "reach": "R1",
    "rs": 142736.3
   },
   "geometry": {
    "type": "LineString",
    "coordinates": [
     [
      -49.519506,
      -27.089781
     ],
     [
      -49.515144,
      -27.088247
     ],
     [
      -49.514672,
      -27.088062
     ],
     [
      -49.514199,
      -27.087876
     ],
     [
      -49.512599,
      -27.087278
     ]
    ]
   }
  },
  {
   "type": "Feature",
   "properties": {
    "rio": "Itajai_Acu",
    "reach": "R1",
    "rs": 142698.8
   },
   "geometry": {
    "type": "LineString",
    "coordinates": [
     [
      -49.519725,
      -27.089165
     ],
     [
      -49.515292,
      -27.087898
     ],
     [
      -49.514813,
      -27.08775
     ],
     [
      -49.514333,
      -27.087602
     ],
     [
      -49.512756,
      -27.087143
     ]
    ]
   }
  },
  {
   "type": "Feature",
   "properties": {
    "rio": "Itajai_Acu",
    "reach": "R1",
    "rs": 142661.3
   },
   "geometry": {
    "type": "LineString",
    "coordinates": [
     [
      -49.519758,
      -27.088576
     ],
     [
      -49.512803,
      -27.086922
     ]
    ]
   }
  },
  {
   "type": "Feature",
   "properties": {
    "rio": "Itajai_Acu",
    "reach": "R1",
    "rs": 142623.8
   },
   "geometry": {
    "type": "LineString",
    "coordinates": [
     [
      -49.519967,
      -27.087781
     ],
     [
      -49.51548,
      -27.087134
     ],
     [
      -49.514965,
      -27.08709
     ],
     [
      -49.51445,
      -27.087046
     ],
     [
      -49.512896,
      -27.086812
     ]
    ]
   }
  },
  {
   "type": "Feature",
   "properties": {
    "rio": "Itajai_Acu",
    "reach": "R1",
    "rs": 142586.3
   },
   "geometry": {
    "type": "LineString",
    "coordinates": [
     [
      -49.519944,
      -27.087038
     ],
     [
      -49.515483,
      -27.086757
     ],
     [
      -49.514969,
      -27.086752
     ],
     [
      -49.514455,
      -27.086746
     ],
     [
      -49.512852,
      -27.086612
     ]
    ]
   }
  },
  {
   "type": "Feature",
   "properties": {
    "rio": "Itajai_Acu",
    "reach": "R1",
    "rs": 142548.8
   },
   "geometry": {
    "type": "LineString",
    "coordinates": [
     [
      -49.519881,
      -27.086319
     ],
     [
      -49.515484,
      -27.086419
     ],
     [
      -49.514974,
      -27.086413
     ],
     [
      -49.514463,
      -27.086408
     ],
     [
      -49.512819,
      -27.086378
     ]
    ]
   }
  },
  {
   "type": "Feature",
   "properties": {
    "rio": "Itajai_Acu",
    "reach": "R1",
    "rs": 142511.3
   },
   "geometry": {
    "type": "LineString",
    "coordinates": [
     [
      -49.519987,
      -27.085808
     ],
     [
      -49.512974,
      -27.086181
     ]
    ]
   }
  },
  {
   "type": "Feature",
   "properties": {
    "rio": "Itajai_Acu",
    "reach": "R1",
    "rs": 142473.8
   },
   "geometry": {
    "type": "LineString",
    "coordinates": [
     [
      -49.519438,
      -27.084948
     ],
     [
      -49.515511,
      -27.085707
     ],
     [
      -49.514983,
      -27.085736
     ],
     [
      -49.514454,
      -27.085765
     ],
     [
      -49.512528,
      -27.085987
     ]
    ]
   }
  },
  {
   "type": "Feature",
   "properties": {
    "rio": "Itajai_Acu",
    "reach": "R1",
    "rs": 142436.3
   },
   "geometry": {
    "type": "LineString",
    "coordinates": [
     [
      -49.518994,
      -27.084323
     ],
     [
      -49.515465,
      -27.085339
     ],
     [
      -49.51494,
      -27.085401
     ],
     [
      -49.514415,
      -27.085464
     ],
     [
      -49.512223,
      -27.085924
     ]
    ]
   }
  },
  {
   "type": "Feature",
   "properties": {
    "rio": "Itajai_Acu",
    "reach": "R1",
    "rs": 142398.8
   },
   "geometry": {
    "type": "LineString",
    "coordinates": [
     [
      -49.518498,
      -27.083737
     ],
     [
      -49.515384,
      -27.084956
     ],
     [
      -49.51487,
      -27.085069
     ],
     [
      -49.514356,
      -27.085182
     ],
     [
      -49.511967,
      -27.086008
     ]
    ]
   }
  },
  {
   "type": "Feature",
   "properties": {
    "rio": "Itajai_Acu",
    "reach": "R1",
    "rs": 142361.3
   },
   "geometry": {
    "type": "LineString",
    "coordinates": [
     [
      -49.519234,
      -27.08267
     ],
     [
      -49.513001,
      -27.08557
     ]
    ]
   }
  },
  {
   "type": "Feature",
   "properties": {
    "rio": "Itajai_Acu",
    "reach": "R1",
    "rs": 142323.8
   },
   "geometry": {
    "type": "LineString",
    "coordinates": [
     [
      -49.517672,
      -27.082496
     ],
     [
      -49.515086,
      -27.084217
     ],
     [
      -49.514617,
      -27.084437
     ],
     [
      -49.514148,
      -27.084657
     ],
     [
      -49.511906,
      -27.086062
     ]
    ]
   }
  },
  {
   "type": "Feature",
   "properties": {
    "rio": "Itajai_Acu",
    "reach": "R1",
    "rs": 142286.3
   },
   "geometry": {
    "type": "LineString",
    "coordinates": [
     [
      -49.517348,
      -27.08177
     ],
     [
      -49.514879,
      -27.083861
     ],
     [
      -49.514448,
      -27.084135
     ],
     [
      -49.514016,
      -27.08441
     ],
     [
      -49.512107,
      -27.085937
     ]
    ]
   }
  },
  {
   "type": "Feature",
   "properties": {
    "rio": "Itajai_Acu",
    "reach": "R1",
    "rs": 142248.8
   },
   "geometry": {
    "type": "LineString",
    "coordinates": [
     [
      -49.516859,
      -27.081107
     ],
     [
      -49.514549,
      -27.08355
     ],
     [
      -49.514183,
      -27.083893
     ],
     [
      -49.513818,
      -27.084236
     ],
     [
      -49.512275,
      -27.085863
     ]
    ]
   }
  },
  {
   "type": "Feature",
   "properties": {
    "rio": "Itajai_Acu",
    "reach": "R1",
    "rs": 142211.3
   },
   "geometry": {
    "type": "LineString",
    "coordinates": [
     [
      -49.5166,
      -27.079856
     ],
     [
      -49.512846,
      -27.08517
     ]
    ]
   }
  },
  {
   "type": "Feature",
   "properties": {
    "rio": "Itajai_Acu",
    "reach": "R1",
    "rs": 142173.8
   },
   "geometry": {
    "type": "LineString",
    "coordinates": [
     [
      -49.515375,
      -27.080371
     ],
     [
      -49.513706,
      -27.083112
     ],
     [
      -49.513553,
      -27.083566
     ],
     [
      -49.5134,
      -27.08402
     ],
     [
      -49.512358,
      -27.086027
     ]
    ]
   }
  },
  {
   "type": "Feature",
   "properties": {
    "rio": "Itajai_Acu",
    "reach": "R1",
    "rs": 142136.3
   },
   "geometry": {
    "type": "LineString",
    "coordinates": [
     [
      -49.514464,
      -27.080338
     ],
     [
      -49.513256,
      -27.083012
     ],
     [
      -49.513187,
      -27.083482
     ],
     [
      -49.513117,
      -27.083952
     ],
     [
      -49.512218,
      -27.086266
     ]
    ]
   }
  },
  {
   "type": "Feature",
   "properties": {
    "rio": "Itajai_Acu",
    "reach": "R1",
    "rs": 142098.8
   },
   "geometry": {
    "type": "LineString",
    "coordinates": [
     [
      -49.513648,
      -27.080439
     ],
     [
      -49.512829,
      -27.083024
     ],
     [
      -49.512809,
      -27.083478
     ],
     [
      -49.512788,
      -27.083932
     ],
     [
      -49.511969,
      -27.086517
     ]
    ]
   }
  },
  {
   "type": "Feature",
   "properties": {
    "rio": "Itajai_Acu",
    "reach": "R1",
    "rs": 142061.3
   },
   "geometry": {
    "type": "LineString",
    "coordinates": [
     [
      -49.513107,
      -27.079024
     ],
     [
      -49.51216,
      -27.085254
     ]
    ]
   }
  },
  {
   "type": "Feature",
   "properties": {
    "rio": "Itajai_Acu",
    "reach": "R1",
    "rs": 142023.8
   },
   "geometry": {
    "type": "LineString",
    "coordinates": [
     [
      -49.512554,
      -27.080243
     ],
     [
      -49.511989,
      -27.083059
     ],
     [
      -49.512056,
      -27.083512
     ],
     [
      -49.512124,
      -27.083965
     ],
     [
      -49.511779,
      -27.086489
     ]
    ]
   }
  },
  {
   "type": "Feature",
   "properties": {
    "rio": "Itajai_Acu",
    "reach": "R1",
    "rs": 141986.3
   },
   "geometry": {
    "type": "LineString",
    "coordinates": [
     [
      -49.51231,
      -27.079931
     ],
     [
      -49.511586,
      -27.083103
     ],
     [
      -49.511685,
      -27.083574
     ],
     [
      -49.511784,
      -27.084046
     ],
     [
      -49.511771,
      -27.086204
     ]
    ]
   }
  },
  {
   "type": "Feature",
   "properties": {
    "rio": "Itajai_Acu",
    "reach": "R1",
    "rs": 141948.8
   },
   "geometry": {
    "type": "LineString",
    "coordinates": [
     [
      -49.512154,
      -27.079604
     ],
     [
      -49.511214,
      -27.083163
     ],
     [
      -49.511313,
      -27.083637
     ],
     [
      -49.511413,
      -27.084111
     ],
     [
      -49.511542,
      -27.085875
     ]
    ]
   }
  },
  {
   "type": "Feature",
   "properties": {
    "rio": "Itajai_Acu",
    "reach": "R1",
    "rs": 141911.3
   },
   "geometry": {
    "type": "LineString",
    "coordinates": [
     [
      -49.510955,
      -27.079208
     ],
     [
      -49.510936,
      -27.085634
     ]
    ]
   }
  },
  {
   "type": "Feature",
   "properties": {
    "rio": "Itajai_Acu",
    "reach": "R1",
    "rs": 141873.8
   },
   "geometry": {
    "type": "LineString",
    "coordinates": [
     [
      -49.511559,
      -27.079296
     ],
     [
      -49.510513,
      -27.083279
     ],
     [
      -49.51057,
      -27.083762
     ],
     [
      -49.510627,
      -27.084244
     ],
     [
      -49.510707,
      -27.085888
     ]
    ]
   }
  },
  {
   "type": "Feature",
   "properties": {
    "rio": "Itajai_Acu",
    "reach": "R1",
    "rs": 141836.3
   },
   "geometry": {
    "type": "LineString",
    "coordinates": [
     [
      -49.51112,
      -27.07925
     ],
     [
      -49.510174,
      -27.083292
     ],
     [
      -49.510193,
      -27.083775
     ],
     [
      -49.510213,
      -27.084259
     ],
     [
      -49.510174,
      -27.086148
     ]
    ]
   }
  },
  {
   "type": "Feature",
   "properties": {
    "rio": "Itajai_Acu",
    "reach": "R1",
    "rs": 141798.8
   },
   "geometry": {
    "type": "LineString",
    "coordinates": [
     [
      -49.510698,
      -27.079204
     ],
     [
      -49.50985,
      -27.083293
     ],
     [
      -49.509815,
      -27.083771
     ],
     [
      -49.509781,
      -27.08425
     ],
     [
      -49.509602,
      -27.086392
     ]
    ]
   }
  },
  {
   "type": "Feature",
   "properties": {
    "rio": "Itajai_Acu",
    "reach": "R1",
    "rs": 141761.3
   },
   "geometry": {
    "type": "LineString",
    "coordinates": [
     [
      -49.510056,
      -27.079172
     ],
     [
      -49.509046,
      -27.086672
     ]
    ]
   }
  },
  {
   "type": "Feature",
   "properties": {
    "rio": "Itajai_Acu",
    "reach": "R1",
    "rs": 141723.8
   },
   "geometry": {
    "type": "LineString",
    "coordinates": [
     [
      -49.509906,
      -27.079058
     ],
     [
      -49.509194,
      -27.083184
     ],
     [
      -49.50907,
      -27.083675
     ],
     [
      -49.508946,
      -27.084166
     ],
     [
      -49.50847,
      -27.086951
     ]
    ]
   }
  },
  {
   "type": "Feature",
   "properties": {
    "rio": "Itajai_Acu",
    "reach": "R1",
    "rs": 141686.3
   },
   "geometry": {
    "type": "LineString",
    "coordinates": [
     [
      -49.509573,
      -27.07897
     ],
     [
      -49.508863,
      -27.083121
     ],
     [
      -49.5087,
      -27.083605
     ],
     [
      -49.508537,
      -27.084088
     ],
     [
      -49.507961,
      -27.08729
     ]
    ]
   }
  },
  {
   "type": "Feature",
   "properties": {
    "rio": "Itajai_Acu",
    "reach": "R1",
    "rs": 141648.8
   },
   "geometry": {
    "type": "LineString",
    "coordinates": [
     [
      -49.509249,
      -27.078856
     ],
     [
      -49.508544,
      -27.08301
     ],
     [
      -49.508348,
      -27.083482
     ],
     [
      -49.508152,
      -27.083955
     ],
     [
      -49.507485,
      -27.087603
     ]
    ]
   }
  },
  {
   "type": "Feature",
   "properties": {
    "rio": "Itajai_Acu",
    "reach": "R1",
    "rs": 141611.3
   },
   "geometry": {
    "type": "LineString",
    "coordinates": [
     [
      -49.509571,
      -27.078489
     ],
     [
      -49.506663,
      -27.087487
     ]
    ]
   }
  },
  {
   "type": "Feature",
   "properties": {
    "rio": "Itajai_Acu",
    "reach": "R1",
    "rs": 141573.8
   },
   "geometry": {
    "type": "LineString",
    "coordinates": [
     [
      -49.508567,
      -27.078436
     ],
     [
      -49.50786,
      -27.082768
     ],
     [
      -49.50765,
      -27.083223
     ],
     [
      -49.507439,
      -27.083679
     ],
     [
      -49.506731,
      -27.088072
     ]
    ]
   }
  },
  {
   "type": "Feature",
   "properties": {
    "rio": "Itajai_Acu",
    "reach": "R1",
    "rs": 141536.3
   },
   "geometry": {
    "type": "LineString",
    "coordinates": [
     [
      -49.508234,
      -27.078088
     ],
     [
      -49.50752,
      -27.082618
     ],
     [
      -49.5073,
      -27.083094
     ],
     [
      -49.50708,
      -27.08357
     ],
     [
      -49.50637,
      -27.088166
     ]
    ]
   }
  },
  {
   "type": "Feature",
   "properties": {
    "rio": "Itajai_Acu",
    "reach": "R1",
    "rs": 141498.8
   },
   "geometry": {
    "type": "LineString",
    "coordinates": [
     [
      -49.507911,
      -27.077741
     ],
     [
      -49.50718,
      -27.082468
     ],
     [
      -49.506951,
      -27.082964
     ],
     [
      -49.506721,
      -27.083461
     ],
     [
      -49.505997,
      -27.088257
     ]
    ]
   }
  },
  {
   "type": "Feature",
   "properties": {
    "rio": "Itajai_Acu",
    "reach": "R1",
    "rs": 141461.3
   },
   "geometry": {
    "type": "LineString",
    "coordinates": [
     [
      -49.508517,
      -27.077587
     ],
     [
      -49.504652,
      -27.088176
     ]
    ]
   }
  },
  {
   "type": "Feature",
   "properties": {
    "rio": "Itajai_Acu",
    "reach": "R1",
    "rs": 141423.8
   },
   "geometry": {
    "type": "LineString",
    "coordinates": [
     [
      -49.507306,
      -27.0773
     ],
     [
      -49.506457,
      -27.082206
     ],
     [
      -49.506252,
      -27.082706
     ],
     [
      -49.506047,
      -27.083205
     ],
     [
      -49.50519,
      -27.088398
     ]
    ]
   }
  },
  {
   "type": "Feature",
   "properties": {
    "rio": "Itajai_Acu",
    "reach": "R1",
    "rs": 141386.3
   },
   "geometry": {
    "type": "LineString",
    "coordinates": [
     [
      -49.506993,
      -27.077214
     ],
     [
      -49.506062,
      -27.082102
     ],
     [
      -49.5059,
      -27.082584
     ],
     [
      -49.505738,
      -27.083066
     ],
     [
      -49.504747,
      -27.088455
     ]
    ]
   }
  },
  {
   "type": "Feature",
   "properties": {
    "rio": "Itajai_Acu",
    "reach": "R1",
    "rs": 141348.8
   },
   "geometry": {
    "type": "LineString",
    "coordinates": [
     [
      -49.506686,
      -27.07719
     ],
     [
      -49.505649,
      -27.082052
     ],
     [
      -49.50553,
      -27.082514
     ],
     [
      -49.505411,
      -27.082975
     ],
     [
      -49.504265,
      -27.08856
     ]
    ]
   }
  },
  {
   "type": "Feature",
   "properties": {
    "rio": "Itajai_Acu",
    "reach": "R1",
    "rs": 141311.3
   },
   "geometry": {
    "type": "LineString",
    "coordinates": [
     [
      -49.506403,
      -27.077323
     ],
     [
      -49.503621,
      -27.088786
     ]
    ]
   }
  },
  {
   "type": "Feature",
   "properties": {
    "rio": "Itajai_Acu",
    "reach": "R1",
    "rs": 141273.8
   },
   "geometry": {
    "type": "LineString",
    "coordinates": [
     [
      -49.506081,
      -27.077231
     ],
     [
      -49.5049,
      -27.081911
     ],
     [
      -49.50479,
      -27.082373
     ],
     [
      -49.50468,
      -27.082835
     ],
     [
      -49.503218,
      -27.088501
     ]
    ]
   }
  },
  {
   "type": "Feature",
   "properties": {
    "rio": "Itajai_Acu",
    "reach": "R1",
    "rs": 141236.3
   },
   "geometry": {
    "type": "LineString",
    "coordinates": [
     [
      -49.505727,
      -27.07728
     ],
     [
      -49.50451,
      -27.081808
     ],
     [
      -49.50442,
      -27.082303
     ],
     [
      -49.50433,
      -27.082798
     ],
     [
      -49.502719,
      -27.088344
     ]
    ]
   }
  },
  {
   "type": "Feature",
   "properties": {
    "rio": "Itajai_Acu",
    "reach": "R1",
    "rs": 141198.8
   },
   "geometry": {
    "type": "LineString",
    "coordinates": [
     [
      -49.505351,
      -27.077306
     ],
     [
      -49.504101,
      -27.081756
     ],
     [
      -49.504048,
      -27.082248
     ],
     [
      -49.503996,
      -27.08274
     ],
     [
      -49.502273,
      -27.088172
     ]
    ]
   }
  },
  {
   "type": "Feature",
   "properties": {
    "rio": "Itajai_Acu",
    "reach": "R1",
    "rs": 141161.3
   },
   "geometry": {
    "type": "LineString",
    "coordinates": [
     [
      -49.504236,
      -27.077656
     ],
     [
      -49.50288,
      -27.088652
     ]
    ]
   }
  },
  {
   "type": "Feature",
   "properties": {
    "rio": "Itajai_Acu",
    "reach": "R1",
    "rs": 141123.8
   },
   "geometry": {
    "type": "LineString",
    "coordinates": [
     [
      -49.504455,
      -27.077613
     ],
     [
      -49.503299,
      -27.081734
     ],
     [
      -49.503292,
      -27.08224
     ],
     [
      -49.503286,
      -27.082746
     ],
     [
      -49.501404,
      -27.087942
     ]
    ]
   }
  },
  {
   "type": "Feature",
   "properties": {
    "rio": "Itajai_Acu",
    "reach": "R1",
    "rs": 141086.3
   },
   "geometry": {
    "type": "LineString",
    "coordinates": [
     [
      -49.50401,
      -27.077781
     ],
     [
      -49.502921,
      -27.081713
     ],
     [
      -49.502914,
      -27.082236
     ],
     [
      -49.502907,
      -27.082758
     ],
     [
      -49.50102,
      -27.087774
     ]
    ]
   }
  },
  {
   "type": "Feature",
   "properties": {
    "rio": "Itajai_Acu",
    "reach": "R1",
    "rs": 141048.8
   },
   "geometry": {
    "type": "LineString",
    "coordinates": [
     [
      -49.503579,
      -27.077981
     ],
     [
      -49.502543,
      -27.081726
     ],
     [
      -49.502536,
      -27.082232
     ],
     [
      -49.502529,
      -27.082738
     ],
     [
      -49.50064,
      -27.08764
     ]
    ]
   }
  },
  {
   "type": "Feature",
   "properties": {
    "rio": "Itajai_Acu",
    "reach": "R1",
    "rs": 141011.3
   },
   "geometry": {
    "type": "LineString",
    "coordinates": [
     [
      -49.502751,
      -27.07827
     ],
     [
      -49.501307,
      -27.087909
     ]
    ]
   }
  },
  {
   "type": "Feature",
   "properties": {
    "rio": "Itajai_Acu",
    "reach": "R1",
    "rs": 140973.8
   },
   "geometry": {
    "type": "LineString",
    "coordinates": [
     [
      -49.502874,
      -27.078199
     ],
     [
      -49.501802,
      -27.08175
     ],
     [
      -49.50178,
      -27.082224
     ],
     [
      -49.501757,
      -27.082698
     ],
     [
      -49.499968,
      -27.087228
     ]
    ]
   }
  },
  {
   "type": "Feature",
   "properties": {
    "rio": "Itajai_Acu",
    "reach": "R1",
    "rs": 140936.3
   },
   "geometry": {
    "type": "LineString",
    "coordinates": [
     [
      -49.502611,
      -27.078258
     ],
     [
      -49.501463,
      -27.081732
     ],
     [
      -49.501402,
      -27.082217
     ],
     [
      -49.50134,
      -27.082703
     ],
     [
      -49.499653,
      -27.086987
     ]
    ]
   }
  },
  {
   "type": "Feature",
   "properties": {
    "rio": "Itajai_Acu",
    "reach": "R1",
    "rs": 140898.8
   },
   "geometry": {
    "type": "LineString",
    "coordinates": [
     [
      -49.502357,
      -27.078262
     ],
     [
      -49.501134,
      -27.081654
     ],
     [
      -49.501032,
      -27.082147
     ],
     [
      -49.50093,
      -27.08264
     ],
     [
      -49.499324,
      -27.08668
     ]
    ]
   }
  },
  {
   "type": "Feature",
   "properties": {
    "rio": "Itajai_Acu",
    "reach": "R1",
    "rs": 140861.3
   },
   "geometry": {
    "type": "LineString",
    "coordinates": [
     [
      -49.501919,
      -27.078246
     ],
     [
      -49.499218,
      -27.086478
     ]
    ]
   }
  },
  {
   "type": "Feature",
   "properties": {
    "rio": "Itajai_Acu",
    "reach": "R1",
    "rs": 140823.8
   },
   "geometry": {
    "type": "LineString",
    "coordinates": [
     [
      -49.501887,
      -27.078231
     ],
     [
      -49.50049,
      -27.081497
     ],
     [
      -49.500304,
      -27.081972
     ],
     [
      -49.500118,
      -27.082447
     ],
     [
      -49.498522,
      -27.086097
     ]
    ]
   }
  },
  {
   "type": "Feature",
   "properties": {
    "rio": "Itajai_Acu",
    "reach": "R1",
    "rs": 140786.3
   },
   "geometry": {
    "type": "LineString",
    "coordinates": [
     [
      -49.501668,
      -27.078221
     ],
     [
      -49.500179,
      -27.08139
     ],
     [
      -49.499955,
      -27.081842
     ],
     [
      -49.499731,
      -27.082294
     ],
     [
      -49.498084,
      -27.085856
     ]
    ]
   }
  },
  {
   "type": "Feature",
   "properties": {
    "rio": "Itajai_Acu",
    "reach": "R1",
    "rs": 140748.8
   },
   "geometry": {
    "type": "LineString",
    "coordinates": [
     [
      -49.501434,
      -27.078212
     ],
     [
      -49.499853,
      -27.08128
     ],
     [
      -49.499606,
      -27.081713
     ],
     [
      -49.499358,
      -27.082146
     ],
     [
      -49.497644,
      -27.085609
     ]
    ]
   }
  },
  {
   "type": "Feature",
   "properties": {
    "rio": "Itajai_Acu",
    "reach": "R1",
    "rs": 140711.3
   },
   "geometry": {
    "type": "LineString",
    "coordinates": [
     [
      -49.501512,
      -27.078076
     ],
     [
      -49.497053,
      -27.084997
     ]
    ]
   }
  },
  {
   "type": "Feature",
   "properties": {
    "rio": "Itajai_Acu",
    "reach": "R1",
    "rs": 140636.3
   },
   "geometry": {
    "type": "LineString",
    "coordinates": [
     [
      -49.500846,
      -27.077699
     ],
     [
      -49.498992,
      -27.080799
     ],
     [
      -49.498652,
      -27.081167
     ],
     [
      -49.498311,
      -27.081534
     ],
     [
      -49.496458,
      -27.084635
     ]
    ]
   }
  },
  {
   "type": "Feature",
   "properties": {
    "rio": "Itajai_Acu",
    "reach": "R1",
    "rs": 140561.3
   },
   "geometry": {
    "type": "LineString",
    "coordinates": [
     [
      -49.500805,
      -27.077492
     ],
     [
      -49.495451,
      -27.083862
     ]
    ]
   }
  },
  {
   "type": "Feature",
   "properties": {
    "rio": "Itajai_Acu",
    "reach": "R1",
    "rs": 140486.3
   },
   "geometry": {
    "type": "LineString",
    "coordinates": [
     [
      -49.499904,
      -27.076955
     ],
     [
      -49.497991,
      -27.079843
     ],
     [
      -49.497595,
      -27.080198
     ],
     [
      -49.497199,
      -27.080553
     ],
     [
      -49.495216,
      -27.083695
     ]
    ]
   }
  },
  {
   "type": "Feature",
   "properties": {
    "rio": "Itajai_Acu",
    "reach": "R1",
    "rs": 140411.3
   },
   "geometry": {
    "type": "LineString",
    "coordinates": [
     [
      -49.499487,
      -27.076395
     ],
     [
      -49.494615,
      -27.083055
     ]
    ]
   }
  },
  {
   "type": "Feature",
   "properties": {
    "rio": "Itajai_Acu",
    "reach": "R1",
    "rs": 140261.3
   },
   "geometry": {
    "type": "LineString",
    "coordinates": [
     [
      -49.497439,
      -27.074901
     ],
     [
      -49.494231,
      -27.082775
     ]
    ]
   }
  },
  {
   "type": "Feature",
   "properties": {
    "rio": "Itajai_Acu",
    "reach": "R2",
    "rs": 140111.3
   },
   "geometry": {
    "type": "LineString",
    "coordinates": [
     [
      -49.494961,
      -27.073207
     ],
     [
      -49.493769,
      -27.082831
     ]
    ]
   }
  },
  {
   "type": "Feature",
   "properties": {
    "rio": "Itajai_Acu",
    "reach": "R2",
    "rs": 139772.0
   },
   "geometry": {
    "type": "LineString",
    "coordinates": [
     [
      -49.488614,
      -27.071819
     ],
     [
      -49.492068,
      -27.083046
     ]
    ]
   }
  },
  {
   "type": "Feature",
   "properties": {
    "rio": "Itajai_Acu",
    "reach": "R2",
    "rs": 139095.5
   },
   "geometry": {
    "type": "LineString",
    "coordinates": [
     [
      -49.478386,
      -27.075035
     ],
     [
      -49.488175,
      -27.085643
     ]
    ]
   }
  },
  {
   "type": "Feature",
   "properties": {
    "rio": "Itajai_Acu",
    "reach": "R2",
    "rs": 138757.8
   },
   "geometry": {
    "type": "LineString",
    "coordinates": [
     [
      -49.475177,
      -27.076849
     ],
     [
      -49.487348,
      -27.089172
     ]
    ]
   }
  },
  {
   "type": "Feature",
   "properties": {
    "rio": "Itajai_Acu",
    "reach": "R2",
    "rs": 138603.8
   },
   "geometry": {
    "type": "LineString",
    "coordinates": [
     [
      -49.474588,
      -27.077246
     ],
     [
      -49.487083,
      -27.091943
     ]
    ]
   }
  },
  {
   "type": "Feature",
   "properties": {
    "rio": "Itajai_Acu",
    "reach": "R2",
    "rs": 138453.8
   },
   "geometry": {
    "type": "LineString",
    "coordinates": [
     [
      -49.474219,
      -27.077479
     ],
     [
      -49.485642,
      -27.093959
     ]
    ]
   }
  },
  {
   "type": "Feature",
   "properties": {
    "rio": "Itajai_Acu",
    "reach": "R2",
    "rs": 138303.8
   },
   "geometry": {
    "type": "LineString",
    "coordinates": [
     [
      -49.473771,
      -27.077731
     ],
     [
      -49.482738,
      -27.093655
     ]
    ]
   }
  },
  {
   "type": "Feature",
   "properties": {
    "rio": "Itajai_Acu",
    "reach": "R2",
    "rs": 138153.8
   },
   "geometry": {
    "type": "LineString",
    "coordinates": [
     [
      -49.472998,
      -27.077974
     ],
     [
      -49.480106,
      -27.092835
     ]
    ]
   }
  },
  {
   "type": "Feature",
   "properties": {
    "rio": "Itajai_Acu",
    "reach": "R2",
    "rs": 138003.8
   },
   "geometry": {
    "type": "LineString",
    "coordinates": [
     [
      -49.471682,
      -27.078434
     ],
     [
      -49.478149,
      -27.092296
     ]
    ]
   }
  },
  {
   "type": "Feature",
   "properties": {
    "rio": "Itajai_Acu",
    "reach": "R2",
    "rs": 137853.8
   },
   "geometry": {
    "type": "LineString",
    "coordinates": [
     [
      -49.469339,
      -27.079735
     ],
     [
      -49.477257,
      -27.092441
     ]
    ]
   }
  },
  {
   "type": "Feature",
   "properties": {
    "rio": "Itajai_Acu",
    "reach": "R2",
    "rs": 137703.8
   },
   "geometry": {
    "type": "LineString",
    "coordinates": [
     [
      -49.466743,
      -27.081699
     ],
     [
      -49.476808,
      -27.092651
     ]
    ]
   }
  },
  {
   "type": "Feature",
   "properties": {
    "rio": "Itajai_Acu",
    "reach": "R2",
    "rs": 137553.8
   },
   "geometry": {
    "type": "LineString",
    "coordinates": [
     [
      -49.464644,
      -27.084166
     ],
     [
      -49.476538,
      -27.09298
     ]
    ]
   }
  },
  {
   "type": "Feature",
   "properties": {
    "rio": "Itajai_Acu",
    "reach": "R2",
    "rs": 137403.8
   },
   "geometry": {
    "type": "LineString",
    "coordinates": [
     [
      -49.463472,
      -27.085707
     ],
     [
      -49.475916,
      -27.09389
     ]
    ]
   }
  },
  {
   "type": "Feature",
   "properties": {
    "rio": "Itajai_Acu",
    "reach": "R2",
    "rs": 137253.8
   },
   "geometry": {
    "type": "LineString",
    "coordinates": [
     [
      -49.462836,
      -27.086553
     ],
     [
      -49.476066,
      -27.095955
     ]
    ]
   }
  },
  {
   "type": "Feature",
   "properties": {
    "rio": "Itajai_Acu",
    "reach": "R2",
    "rs": 137103.8
   },
   "geometry": {
    "type": "LineString",
    "coordinates": [
     [
      -49.462578,
      -27.086891
     ],
     [
      -49.475645,
      -27.098415
     ]
    ]
   }
  },
  {
   "type": "Feature",
   "properties": {
    "rio": "Itajai_Acu",
    "reach": "R2",
    "rs": 136953.8
   },
   "geometry": {
    "type": "LineString",
    "coordinates": [
     [
      -49.461974,
      -27.087284
     ],
     [
      -49.475179,
      -27.10088
     ]
    ]
   }
  },
  {
   "type": "Feature",
   "properties": {
    "rio": "Itajai_Acu",
    "reach": "R2",
    "rs": 136803.8
   },
   "geometry": {
    "type": "LineString",
    "coordinates": [
     [
      -49.460852,
      -27.087436
     ],
     [
      -49.473901,
      -27.102405
     ]
    ]
   }
  },
  {
   "type": "Feature",
   "properties": {
    "rio": "Itajai_Acu",
    "reach": "R2",
    "rs": 136653.8
   },
   "geometry": {
    "type": "LineString",
    "coordinates": [
     [
      -49.460562,
      -27.089594
     ],
     [
      -49.471812,
      -27.101908
     ]
    ]
   }
  },
  {
   "type": "Feature",
   "properties": {
    "rio": "Itajai_Acu",
    "reach": "R2",
    "rs": 136503.8
   },
   "geometry": {
    "type": "LineString",
    "coordinates": [
     [
      -49.460686,
      -27.092403
     ],
     [
      -49.469527,
      -27.100955
     ]
    ]
   }
  },
  {
   "type": "Feature",
   "properties": {
    "rio": "Itajai_Acu",
    "reach": "R2",
    "rs": 136353.8
   },
   "geometry": {
    "type": "LineString",
    "coordinates": [
     [
      -49.461735,
      -27.095624
     ],
     [
      -49.466987,
      -27.100163
     ]
    ]
   }
  },
  {
   "type": "Feature",
   "properties": {
    "rio": "Itajai_Acu",
    "reach": "R2",
    "rs": 136203.8
   },
   "geometry": {
    "type": "LineString",
    "coordinates": [
     [
      -49.46148,
      -27.09733
     ],
     [
      -49.465964,
      -27.101043
     ]
    ]
   }
  },
  {
   "type": "Feature",
   "properties": {
    "rio": "Itajai_Acu",
    "reach": "R2",
    "rs": 136034.8
   },
   "geometry": {
    "type": "LineString",
    "coordinates": [
     [
      -49.460606,
      -27.098433
     ],
     [
      -49.464419,
      -27.102461
     ]
    ]
   }
  },
  {
   "type": "Feature",
   "properties": {
    "rio": "Itajai_Acu",
    "reach": "R2",
    "rs": 135796.8
   },
   "geometry": {
    "type": "LineString",
    "coordinates": [
     [
      -49.45978,
      -27.099238
     ],
     [
      -49.459643,
      -27.104515
     ]
    ]
   }
  },
  {
   "type": "Feature",
   "properties": {
    "rio": "Itajai_Acu",
    "reach": "R2",
    "rs": 135378.6
   },
   "geometry": {
    "type": "LineString",
    "coordinates": [
     [
      -49.460217,
      -27.098258
     ],
     [
      -49.454877,
      -27.097268
     ]
    ]
   }
  },
  {
   "type": "Feature",
   "properties": {
    "rio": "Itajai_Acu",
    "reach": "R2",
    "rs": 134686.3
   },
   "geometry": {
    "type": "LineString",
    "coordinates": [
     [
      -49.460585,
      -27.092002
     ],
     [
      -49.455597,
      -27.091654
     ]
    ]
   }
  },
  {
   "type": "Feature",
   "properties": {
    "rio": "Itajai_Acu",
    "reach": "R2",
    "rs": 133729.0
   },
   "geometry": {
    "type": "LineString",
    "coordinates": [
     [
      -49.457704,
      -27.082672
     ],
     [
      -49.454633,
      -27.08615
     ]
    ]
   }
  },
  {
   "type": "Feature",
   "properties": {
    "rio": "Itajai_Acu",
    "reach": "R2",
    "rs": 132799.9
   },
   "geometry": {
    "type": "LineString",
    "coordinates": [
     [
      -49.448052,
      -27.080604
     ],
     [
      -49.446905,
      -27.085279
     ]
    ]
   }
  },
  {
   "type": "Feature",
   "properties": {
    "rio": "Itajai_Acu",
    "reach": "R2",
    "rs": 131874.6
   },
   "geometry": {
    "type": "LineString",
    "coordinates": [
     [
      -49.448201,
      -27.077843
     ],
     [
      -49.443234,
      -27.075261
     ]
    ]
   }
  },
  {
   "type": "Feature",
   "properties": {
    "rio": "Itajai_Acu",
    "reach": "R2",
    "rs": 130891.8
   },
   "geometry": {
    "type": "LineString",
    "coordinates": [
     [
      -49.441282,
      -27.06868
     ],
     [
      -49.443169,
      -27.073724
     ]
    ]
   }
  },
  {
   "type": "Feature",
   "properties": {
    "rio": "Itajai_Acu",
    "reach": "R2",
    "rs": 130407.8
   },
   "geometry": {
    "type": "LineString",
    "coordinates": [
     [
      -49.436275,
      -27.072086
     ],
     [
      -49.440722,
      -27.075878
     ]
    ]
   }
  },
  {
   "type": "Feature",
   "properties": {
    "rio": "Itajai_Acu",
    "reach": "R2",
    "rs": 129998.4
   },
   "geometry": {
    "type": "LineString",
    "coordinates": [
     [
      -49.434583,
      -27.072954
     ],
     [
      -49.435978,
      -27.078941
     ]
    ]
   }
  },
  {
   "type": "Feature",
   "properties": {
    "rio": "Itajai_Acu",
    "reach": "R2",
    "rs": 129522.5
   },
   "geometry": {
    "type": "LineString",
    "coordinates": [
     [
      -49.431223,
      -27.07231
     ],
     [
      -49.429941,
      -27.079032
     ]
    ]
   }
  },
  {
   "type": "Feature",
   "properties": {
    "rio": "Itajai_Acu",
    "reach": "R2",
    "rs": 128801.8
   },
   "geometry": {
    "type": "LineString",
    "coordinates": [
     [
      -49.427742,
      -27.069962
     ],
     [
      -49.421212,
      -27.075379
     ]
    ]
   }
  },
  {
   "type": "Feature",
   "properties": {
    "rio": "Itajai_Acu",
    "reach": "R2",
    "rs": 127801.8
   },
   "geometry": {
    "type": "LineString",
    "coordinates": [
     [
      -49.423731,
      -27.06376
     ],
     [
      -49.413905,
      -27.066909
     ]
    ]
   }
  },
  {
   "type": "Feature",
   "properties": {
    "rio": "Itajai_Acu",
    "reach": "R2",
    "rs": 126801.8
   },
   "geometry": {
    "type": "LineString",
    "coordinates": [
     [
      -49.41341,
      -27.053311
     ],
     [
      -49.412349,
      -27.063725
     ]
    ]
   }
  },
  {
   "type": "Feature",
   "properties": {
    "rio": "Itajai_Acu",
    "reach": "R2",
    "rs": 125801.8
   },
   "geometry": {
    "type": "LineString",
    "coordinates": [
     [
      -49.402572,
      -27.057482
     ],
     [
      -49.406054,
      -27.068342
     ]
    ]
   }
  },
  {
   "type": "Feature",
   "properties": {
    "rio": "Itajai_Acu",
    "reach": "R2",
    "rs": 124828.8
   },
   "geometry": {
    "type": "LineString",
    "coordinates": [
     [
      -49.399456,
      -27.057129
     ],
     [
      -49.390845,
      -27.065739
     ]
    ]
   }
  },
  {
   "type": "Feature",
   "properties": {
    "rio": "Itajai_Acu",
    "reach": "R2",
    "rs": 124032.8
   },
   "geometry": {
    "type": "LineString",
    "coordinates": [
     [
      -49.399559,
      -27.054477
     ],
     [
      -49.386411,
      -27.055505
     ]
    ]
   }
  },
  {
   "type": "Feature",
   "properties": {
    "rio": "Itajai_Acu",
    "reach": "R2",
    "rs": 123041.6
   },
   "geometry": {
    "type": "LineString",
    "coordinates": [
     [
      -49.399575,
      -27.050093
     ],
     [
      -49.388721,
      -27.043227
     ]
    ]
   }
  },
  {
   "type": "Feature",
   "properties": {
    "rio": "Itajai_Acu",
    "reach": "R2",
    "rs": 122041.6
   },
   "geometry": {
    "type": "LineString",
    "coordinates": [
     [
      -49.403084,
      -27.0364
     ],
     [
      -49.391871,
      -27.041211
     ]
    ]
   }
  },
  {
   "type": "Feature",
   "properties": {
    "rio": "Itajai_Acu",
    "reach": "R2",
    "rs": 121041.6
   },
   "geometry": {
    "type": "LineString",
    "coordinates": [
     [
      -49.395838,
      -27.029472
     ],
     [
      -49.385994,
      -27.034932
     ]
    ]
   }
  },
  {
   "type": "Feature",
   "properties": {
    "rio": "Itajai_Acu",
    "reach": "R2",
    "rs": 120041.6
   },
   "geometry": {
    "type": "LineString",
    "coordinates": [
     [
      -49.386846,
      -27.022502
     ],
     [
      -49.380932,
      -27.030513
     ]
    ]
   }
  },
  {
   "type": "Feature",
   "properties": {
    "rio": "Itajai_Acu",
    "reach": "R2",
    "rs": 119041.6
   },
   "geometry": {
    "type": "LineString",
    "coordinates": [
     [
      -49.376635,
      -27.019545
     ],
     [
      -49.373138,
      -27.028389
     ]
    ]
   }
  },
  {
   "type": "Feature",
   "properties": {
    "rio": "Itajai_Acu",
    "reach": "R2",
    "rs": 118041.6
   },
   "geometry": {
    "type": "LineString",
    "coordinates": [
     [
      -49.376129,
      -27.017078
     ],
     [
      -49.367459,
      -27.01285
     ]
    ]
   }
  },
  {
   "type": "Feature",
   "properties": {
    "rio": "Itajai_Acu",
    "reach": "R2",
    "rs": 117041.6
   },
   "geometry": {
    "type": "LineString",
    "coordinates": [
     [
      -49.38131,
      -27.008007
     ],
     [
      -49.372063,
      -27.007443
     ]
    ]
   }
  },
  {
   "type": "Feature",
   "properties": {
    "rio": "Itajai_Acu",
    "reach": "R2",
    "rs": 116041.6
   },
   "geometry": {
    "type": "LineString",
    "coordinates": [
     [
      -49.383039,
      -26.999686
     ],
     [
      -49.373713,
      -26.997971
     ]
    ]
   }
  },
  {
   "type": "Feature",
   "properties": {
    "rio": "Itajai_Acu",
    "reach": "R2",
    "rs": 115041.6
   },
   "geometry": {
    "type": "LineString",
    "coordinates": [
     [
      -49.3879,
      -26.993032
     ],
     [
      -49.378829,
      -26.989001
     ]
    ]
   }
  },
  {
   "type": "Feature",
   "properties": {
    "rio": "Itajai_Acu",
    "reach": "R2",
    "rs": 114041.6
   },
   "geometry": {
    "type": "LineString",
    "coordinates": [
     [
      -49.382889,
      -26.978951
     ],
     [
      -49.37675,
      -26.987492
     ]
    ]
   }
  },
  {
   "type": "Feature",
   "properties": {
    "rio": "Itajai_Acu",
    "reach": "R2",
    "rs": 113041.6
   },
   "geometry": {
    "type": "LineString",
    "coordinates": [
     [
      -49.378718,
      -26.975601
     ],
     [
      -49.367345,
      -26.98036
     ]
    ]
   }
  },
  {
   "type": "Feature",
   "properties": {
    "rio": "Itajai_Acu",
    "reach": "R2",
    "rs": 112041.6
   },
   "geometry": {
    "type": "LineString",
    "coordinates": [
     [
      -49.377704,
      -26.972423
     ],
     [
      -49.364205,
      -26.968651
     ]
    ]
   }
  },
  {
   "type": "Feature",
   "properties": {
    "rio": "Itajai_Acu",
    "reach": "R2",
    "rs": 111041.6
   },
   "geometry": {
    "type": "LineString",
    "coordinates": [
     [
      -49.382545,
      -26.962931
     ],
     [
      -49.367723,
      -26.9612
     ]
    ]
   }
  },
  {
   "type": "Feature",
   "properties": {
    "rio": "Itajai_Acu",
    "reach": "R2",
    "rs": 110041.6
   },
   "geometry": {
    "type": "LineString",
    "coordinates": [
     [
      -49.374186,
      -26.948019
     ],
     [
      -49.364719,
      -26.958618
     ]
    ]
   }
  },
  {
   "type": "Feature",
   "properties": {
    "rio": "Itajai_Acu",
    "reach": "R2",
    "rs": 109041.6
   },
   "geometry": {
    "type": "LineString",
    "coordinates": [
     [
      -49.355367,
      -26.944642
     ],
     [
      -49.362506,
      -26.956142
     ]
    ]
   }
  },
  {
   "type": "Feature",
   "properties": {
    "rio": "Itajai_Acu",
    "reach": "R2",
    "rs": 108041.6
   },
   "geometry": {
    "type": "LineString",
    "coordinates": [
     [
      -49.347275,
      -26.952766
     ],
     [
      -49.356597,
      -26.961827
     ]
    ]
   }
  },
  {
   "type": "Feature",
   "properties": {
    "rio": "Itajai_Acu",
    "reach": "R2",
    "rs": 107041.6
   },
   "geometry": {
    "type": "LineString",
    "coordinates": [
     [
      -49.340517,
      -26.958041
     ],
     [
      -49.347792,
      -26.967593
     ]
    ]
   }
  },
  {
   "type": "Feature",
   "properties": {
    "rio": "Itajai_Acu",
    "reach": "R2",
    "rs": 106041.6
   },
   "geometry": {
    "type": "LineString",
    "coordinates": [
     [
      -49.335809,
      -26.960923
     ],
     [
      -49.334934,
      -26.970907
     ]
    ]
   }
  },
  {
   "type": "Feature",
   "properties": {
    "rio": "Itajai_Acu",
    "reach": "R2",
    "rs": 105041.6
   },
   "geometry": {
    "type": "LineString",
    "coordinates": [
     [
      -49.325729,
      -26.959314
     ],
     [
      -49.325253,
      -26.968346
     ]
    ]
   }
  },
  {
   "type": "Feature",
   "properties": {
    "rio": "Itajai_Acu",
    "reach": "R2",
    "rs": 104041.6
   },
   "geometry": {
    "type": "LineString",
    "coordinates": [
     [
      -49.322405,
      -26.959466
     ],
     [
      -49.314152,
      -26.962499
     ]
    ]
   }
  },
  {
   "type": "Feature",
   "properties": {
    "rio": "Itajai_Acu",
    "reach": "R2",
    "rs": 103041.6
   },
   "geometry": {
    "type": "LineString",
    "coordinates": [
     [
      -49.327497,
      -26.959427
     ],
     [
      -49.320829,
      -26.954117
     ]
    ]
   }
  },
  {
   "type": "Feature",
   "properties": {
    "rio": "Itajai_Acu",
    "reach": "R2",
    "rs": 102041.6
   },
   "geometry": {
    "type": "LineString",
    "coordinates": [
     [
      -49.31692,
      -26.945959
     ],
     [
      -49.31963,
      -26.953575
     ]
    ]
   }
  },
  {
   "type": "Feature",
   "properties": {
    "rio": "Itajai_Acu",
    "reach": "R2",
    "rs": 101041.6
   },
   "geometry": {
    "type": "LineString",
    "coordinates": [
     [
      -49.309049,
      -26.949283
     ],
     [
      -49.310036,
      -26.957237
     ]
    ]
   }
  },
  {
   "type": "Feature",
   "properties": {
    "rio": "Itajai_Acu",
    "reach": "R2",
    "rs": 100041.6
   },
   "geometry": {
    "type": "LineString",
    "coordinates": [
     [
      -49.301308,
      -26.94871
     ],
     [
      -49.298756,
      -26.957807
     ]
    ]
   }
  },
  {
   "type": "Feature",
   "properties": {
    "rio": "Itajai_Acu",
    "reach": "R2",
    "rs": 99041.68
   },
   "geometry": {
    "type": "LineString",
    "coordinates": [
     [
      -49.297036,
      -26.947945
     ],
     [
      -49.285835,
      -26.95305
     ]
    ]
   }
  },
  {
   "type": "Feature",
   "properties": {
    "rio": "Itajai_Acu",
    "reach": "R2",
    "rs": 98041.68
   },
   "geometry": {
    "type": "LineString",
    "coordinates": [
     [
      -49.296489,
      -26.938283
     ],
     [
      -49.284378,
      -26.945583
     ]
    ]
   }
  },
  {
   "type": "Feature",
   "properties": {
    "rio": "Itajai_Acu",
    "reach": "R2",
    "rs": 97041.68
   },
   "geometry": {
    "type": "LineString",
    "coordinates": [
     [
      -49.292337,
      -26.932599
     ],
     [
      -49.277347,
      -26.937209
     ]
    ]
   }
  },
  {
   "type": "Feature",
   "properties": {
    "rio": "Itajai_Acu",
    "reach": "R2",
    "rs": 96041.68
   },
   "geometry": {
    "type": "LineString",
    "coordinates": [
     [
      -49.290631,
      -26.924227
     ],
     [
      -49.274678,
      -26.928124
     ]
    ]
   }
  },
  {
   "type": "Feature",
   "properties": {
    "rio": "Itajai_Acu",
    "reach": "R2",
    "rs": 95041.68
   },
   "geometry": {
    "type": "LineString",
    "coordinates": [
     [
      -49.290677,
      -26.915624
     ],
     [
      -49.273027,
      -26.91891
     ]
    ]
   }
  },
  {
   "type": "Feature",
   "properties": {
    "rio": "Itajai_Acu",
    "reach": "R2",
    "rs": 94041.68
   },
   "geometry": {
    "type": "LineString",
    "coordinates": [
     [
      -49.276099,
      -26.902205
     ],
     [
      -49.270138,
      -26.917913
     ]
    ]
   }
  },
  {
   "type": "Feature",
   "properties": {
    "rio": "Itajai_Acu",
    "reach": "R2",
    "rs": 93041.68
   },
   "geometry": {
    "type": "LineString",
    "coordinates": [
     [
      -49.271171,
      -26.903661
     ],
     [
      -49.258066,
      -26.915099
     ]
    ]
   }
  },
  {
   "type": "Feature",
   "properties": {
    "rio": "Itajai_Acu",
    "reach": "R2",
    "rs": 92115.28
   },
   "geometry": {
    "type": "LineString",
    "coordinates": [
     [
      -49.264198,
      -26.898066
     ],
     [
      -49.251954,
      -26.908932
     ]
    ]
   }
  },
  {
   "type": "Feature",
   "properties": {
    "rio": "Itajai_Acu",
    "reach": "R2",
    "rs": 91416.8
   },
   "geometry": {
    "type": "LineString",
    "coordinates": [
     [
      -49.253862,
      -26.893206
     ],
     [
      -49.249155,
      -26.90732
     ]
    ]
   }
  },
  {
   "type": "Feature",
   "properties": {
    "rio": "Itajai_Acu",
    "reach": "R2",
    "rs": 91266.8
   },
   "geometry": {
    "type": "LineString",
    "coordinates": [
     [
      -49.25111,
      -26.893023
     ],
     [
      -49.248625,
      -26.907497
     ]
    ]
   }
  },
  {
   "type": "Feature",
   "properties": {
    "rio": "Itajai_Acu",
    "reach": "R2",
    "rs": 91116.8
   },
   "geometry": {
    "type": "LineString",
    "coordinates": [
     [
      -49.24972,
      -26.892914
     ],
     [
      -49.247034,
      -26.907359
     ]
    ]
   }
  },
  {
   "type": "Feature",
   "properties": {
    "rio": "Itajai_Acu",
    "reach": "R2",
    "rs": 90912.24
   },
   "geometry": {
    "type": "LineString",
    "coordinates": [
     [
      -49.248698,
      -26.892854
     ],
     [
      -49.244036,
      -26.907198
     ]
    ]
   }
  },
  {
   "type": "Feature",
   "properties": {
    "rio": "Itajai_Acu",
    "reach": "R2",
    "rs": 90564.21
   },
   "geometry": {
    "type": "LineString",
    "coordinates": [
     [
      -49.247609,
      -26.892622
     ],
     [
      -49.23897,
      -26.904797
     ]
    ]
   }
  },
  {
   "type": "Feature",
   "properties": {
    "rio": "Itajai_Acu",
    "reach": "R2",
    "rs": 89862.86
   },
   "geometry": {
    "type": "LineString",
    "coordinates": [
     [
      -49.244278,
      -26.889531
     ],
     [
      -49.233872,
      -26.898087
     ]
    ]
   }
  },
  {
   "type": "Feature",
   "properties": {
    "rio": "Itajai_Acu",
    "reach": "R3",
    "rs": 88862.86
   },
   "geometry": {
    "type": "LineString",
    "coordinates": [
     [
      -49.232978,
      -26.884611
     ],
     [
      -49.227608,
      -26.893905
     ]
    ]
   }
  },
  {
   "type": "Feature",
   "properties": {
    "rio": "Itajai_Acu",
    "reach": "R3",
    "rs": 87862.86
   },
   "geometry": {
    "type": "LineString",
    "coordinates": [
     [
      -49.227546,
      -26.880548
     ],
     [
      -49.21992,
      -26.886064
     ]
    ]
   }
  },
  {
   "type": "Feature",
   "properties": {
    "rio": "Itajai_Acu",
    "reach": "R3",
    "rs": 87587.18
   },
   "geometry": {
    "type": "LineString",
    "coordinates": [
     [
      -49.224211,
      -26.877771
     ],
     [
      -49.218789,
      -26.884578
     ]
    ]
   }
  },
  {
   "type": "Feature",
   "properties": {
    "rio": "Itajai_Acu",
    "reach": "R3",
    "rs": 87425.39
   },
   "geometry": {
    "type": "LineString",
    "coordinates": [
     [
      -49.220663,
      -26.876499
     ],
     [
      -49.218253,
      -26.884272
     ]
    ]
   }
  },
  {
   "type": "Feature",
   "properties": {
    "rio": "Itajai_Acu",
    "reach": "R3",
    "rs": 87224.31
   },
   "geometry": {
    "type": "LineString",
    "coordinates": [
     [
      -49.215664,
      -26.87643
     ],
     [
      -49.217671,
      -26.884294
     ]
    ]
   }
  },
  {
   "type": "Feature",
   "properties": {
    "rio": "Itajai_Acu",
    "reach": "R3",
    "rs": 86882.94
   },
   "geometry": {
    "type": "LineString",
    "coordinates": [
     [
      -49.210118,
      -26.879402
     ],
     [
      -49.216149,
      -26.885389
     ]
    ]
   }
  },
  {
   "type": "Feature",
   "properties": {
    "rio": "Itajai_Acu",
    "reach": "R3",
    "rs": 86502.84
   },
   "geometry": {
    "type": "LineString",
    "coordinates": [
     [
      -49.20945,
      -26.880249
     ],
     [
      -49.21228,
      -26.888492
     ]
    ]
   }
  },
  {
   "type": "Feature",
   "properties": {
    "rio": "Itajai_Acu",
    "reach": "R3",
    "rs": 86352.2
   },
   "geometry": {
    "type": "LineString",
    "coordinates": [
     [
      -49.208763,
      -26.880198
     ],
     [
      -49.210492,
      -26.889679
     ]
    ]
   }
  },
  {
   "type": "Feature",
   "properties": {
    "rio": "Itajai_Acu",
    "reach": "R3",
    "rs": 86202.2
   },
   "geometry": {
    "type": "LineString",
    "coordinates": [
     [
      -49.206922,
      -26.880312
     ],
     [
      -49.209479,
      -26.89065
     ]
    ]
   }
  },
  {
   "type": "Feature",
   "properties": {
    "rio": "Itajai_Acu",
    "reach": "R3",
    "rs": 86052.2
   },
   "geometry": {
    "type": "LineString",
    "coordinates": [
     [
      -49.204612,
      -26.880785
     ],
     [
      -49.209027,
      -26.891413
     ]
    ]
   }
  },
  {
   "type": "Feature",
   "properties": {
    "rio": "Itajai_Acu",
    "reach": "R3",
    "rs": 85902.2
   },
   "geometry": {
    "type": "LineString",
    "coordinates": [
     [
      -49.203124,
      -26.8825
     ],
     [
      -49.20857,
      -26.892249
     ]
    ]
   }
  },
  {
   "type": "Feature",
   "properties": {
    "rio": "Itajai_Acu",
    "reach": "R3",
    "rs": 85752.2
   },
   "geometry": {
    "type": "LineString",
    "coordinates": [
     [
      -49.202121,
      -26.883883
     ],
     [
      -49.207548,
      -26.89315
     ]
    ]
   }
  },
  {
   "type": "Feature",
   "properties": {
    "rio": "Itajai_Acu",
    "reach": "R3",
    "rs": 85602.2
   },
   "geometry": {
    "type": "LineString",
    "coordinates": [
     [
      -49.201493,
      -26.885425
     ],
     [
      -49.20572,
      -26.893569
     ]
    ]
   }
  },
  {
   "type": "Feature",
   "properties": {
    "rio": "Itajai_Acu",
    "reach": "R3",
    "rs": 85452.2
   },
   "geometry": {
    "type": "LineString",
    "coordinates": [
     [
      -49.200456,
      -26.885875
     ],
     [
      -49.203282,
      -26.893413
     ]
    ]
   }
  },
  {
   "type": "Feature",
   "properties": {
    "rio": "Itajai_Acu",
    "reach": "R3",
    "rs": 85302.2
   },
   "geometry": {
    "type": "LineString",
    "coordinates": [
     [
      -49.200064,
      -26.886143
     ],
     [
      -49.200004,
      -26.893065
     ]
    ]
   }
  },
  {
   "type": "Feature",
   "properties": {
    "rio": "Itajai_Acu",
    "reach": "R3",
    "rs": 85152.2
   },
   "geometry": {
    "type": "LineString",
    "coordinates": [
     [
      -49.199655,
      -26.886061
     ],
     [
      -49.197253,
      -26.892312
     ]
    ]
   }
  },
  {
   "type": "Feature",
   "properties": {
    "rio": "Itajai_Acu",
    "reach": "R3",
    "rs": 85002.2
   },
   "geometry": {
    "type": "LineString",
    "coordinates": [
     [
      -49.198971,
      -26.88541
     ],
     [
      -49.195403,
      -26.891224
     ]
    ]
   }
  },
  {
   "type": "Feature",
   "properties": {
    "rio": "Itajai_Acu",
    "reach": "R3",
    "rs": 84852.2
   },
   "geometry": {
    "type": "LineString",
    "coordinates": [
     [
      -49.197417,
      -26.884204
     ],
     [
      -49.194704,
      -26.890701
     ]
    ]
   }
  },
  {
   "type": "Feature",
   "properties": {
    "rio": "Itajai_Acu",
    "reach": "R3",
    "rs": 84702.2
   },
   "geometry": {
    "type": "LineString",
    "coordinates": [
     [
      -49.195123,
      -26.883443
     ],
     [
      -49.194268,
      -26.890641
     ]
    ]
   }
  },
  {
   "type": "Feature",
   "properties": {
    "rio": "Itajai_Acu",
    "reach": "R3",
    "rs": 84525.93
   },
   "geometry": {
    "type": "LineString",
    "coordinates": [
     [
      -49.19295,
      -26.883337
     ],
     [
      -49.192965,
      -26.890854
     ]
    ]
   }
  },
  {
   "type": "Feature",
   "properties": {
    "rio": "Itajai_Acu",
    "reach": "R3",
    "rs": 84253.76
   },
   "geometry": {
    "type": "LineString",
    "coordinates": [
     [
      -49.192089,
      -26.883461
     ],
     [
      -49.188472,
      -26.890337
     ]
    ]
   }
  },
  {
   "type": "Feature",
   "properties": {
    "rio": "Itajai_Acu",
    "reach": "R3",
    "rs": 83732.86
   },
   "geometry": {
    "type": "LineString",
    "coordinates": [
     [
      -49.190595,
      -26.881084
     ],
     [
      -49.183277,
      -26.885615
     ]
    ]
   }
  },
  {
   "type": "Feature",
   "properties": {
    "rio": "Itajai_Acu",
    "reach": "R3",
    "rs": 82796.06
   },
   "geometry": {
    "type": "LineString",
    "coordinates": [
     [
      -49.180533,
      -26.873457
     ],
     [
      -49.17964,
      -26.882715
     ]
    ]
   }
  },
  {
   "type": "Feature",
   "properties": {
    "rio": "Itajai_Acu",
    "reach": "R3",
    "rs": 81796.06
   },
   "geometry": {
    "type": "LineString",
    "coordinates": [
     [
      -49.168597,
      -26.876083
     ],
     [
      -49.172954,
      -26.886274
     ]
    ]
   }
  },
  {
   "type": "Feature",
   "properties": {
    "rio": "Itajai_Acu",
    "reach": "R3",
    "rs": 80796.06
   },
   "geometry": {
    "type": "LineString",
    "coordinates": [
     [
      -49.157545,
      -26.881095
     ],
     [
      -49.166925,
      -26.89
     ]
    ]
   }
  },
  {
   "type": "Feature",
   "properties": {
    "rio": "Itajai_Acu",
    "reach": "R3",
    "rs": 79796.06
   },
   "geometry": {
    "type": "LineString",
    "coordinates": [
     [
      -49.150619,
      -26.887747
     ],
     [
      -49.16078,
      -26.897081
     ]
    ]
   }
  },
  {
   "type": "Feature",
   "properties": {
    "rio": "Itajai_Acu",
    "reach": "R3",
    "rs": 78796.06
   },
   "geometry": {
    "type": "LineString",
    "coordinates": [
     [
      -49.149075,
      -26.890798
     ],
     [
      -49.144584,
      -26.904056
     ]
    ]
   }
  },
  {
   "type": "Feature",
   "properties": {
    "rio": "Itajai_Acu",
    "reach": "R3",
    "rs": 77796.06
   },
   "geometry": {
    "type": "LineString",
    "coordinates": [
     [
      -49.141486,
      -26.886604
     ],
     [
      -49.134625,
      -26.899089
     ]
    ]
   }
  },
  {
   "type": "Feature",
   "properties": {
    "rio": "Itajai_Acu",
    "reach": "R4",
    "rs": 76830.06
   },
   "geometry": {
    "type": "LineString",
    "coordinates": [
     [
      -49.128642,
      -26.885341
     ],
     [
      -49.130485,
      -26.897956
     ]
    ]
   }
  },
  {
   "type": "Feature",
   "properties": {
    "rio": "Itajai_Acu",
    "reach": "R4",
    "rs": 76023.24
   },
   "geometry": {
    "type": "LineString",
    "coordinates": [
     [
      -49.125191,
      -26.885018
     ],
     [
      -49.117699,
      -26.893445
     ]
    ]
   }
  },
  {
   "type": "Feature",
   "properties": {
    "rio": "Itajai_Acu",
    "reach": "R4",
    "rs": 75230.33
   },
   "geometry": {
    "type": "LineString",
    "coordinates": [
     [
      -49.118492,
      -26.881789
     ],
     [
      -49.111597,
      -26.888778
     ]
    ]
   }
  },
  {
   "type": "Feature",
   "properties": {
    "rio": "Itajai_Acu",
    "reach": "R4",
    "rs": 74955.31
   },
   "geometry": {
    "type": "LineString",
    "coordinates": [
     [
      -49.118382,
      -26.881031
     ],
     [
      -49.110082,
      -26.884815
     ]
    ]
   }
  },
  {
   "type": "Feature",
   "properties": {
    "rio": "Itajai_Acu",
    "reach": "R4",
    "rs": 74805.31
   },
   "geometry": {
    "type": "LineString",
    "coordinates": [
     [
      -49.117702,
      -26.879767
     ],
     [
      -49.110206,
      -26.883275
     ]
    ]
   }
  },
  {
   "type": "Feature",
   "properties": {
    "rio": "Itajai_Acu",
    "reach": "R4",
    "rs": 74655.31
   },
   "geometry": {
    "type": "LineString",
    "coordinates": [
     [
      -49.116797,
      -26.878443
     ],
     [
      -49.109981,
      -26.881987
     ]
    ]
   }
  },
  {
   "type": "Feature",
   "properties": {
    "rio": "Itajai_Acu",
    "reach": "R4",
    "rs": 74505.31
   },
   "geometry": {
    "type": "LineString",
    "coordinates": [
     [
      -49.115077,
      -26.876588
     ],
     [
      -49.109833,
      -26.881153
     ]
    ]
   }
  },
  {
   "type": "Feature",
   "properties": {
    "rio": "Itajai_Acu",
    "reach": "R4",
    "rs": 74355.31
   },
   "geometry": {
    "type": "LineString",
    "coordinates": [
     [
      -49.112507,
      -26.875155
     ],
     [
      -49.109512,
      -26.880712
     ]
    ]
   }
  },
  {
   "type": "Feature",
   "properties": {
    "rio": "Itajai_Acu",
    "reach": "R4",
    "rs": 74205.31
   },
   "geometry": {
    "type": "LineString",
    "coordinates": [
     [
      -49.109305,
      -26.875001
     ],
     [
      -49.109041,
      -26.880787
     ]
    ]
   }
  },
  {
   "type": "Feature",
   "properties": {
    "rio": "Itajai_Acu",
    "reach": "R4",
    "rs": 73993.83
   },
   "geometry": {
    "type": "LineString",
    "coordinates": [
     [
      -49.105941,
      -26.875534
     ],
     [
      -49.107817,
      -26.881075
     ]
    ]
   }
  },
  {
   "type": "Feature",
   "properties": {
    "rio": "Itajai_Acu",
    "reach": "R4",
    "rs": 73499.3
   },
   "geometry": {
    "type": "LineString",
    "coordinates": [
     [
      -49.101306,
      -26.877283
     ],
     [
      -49.103364,
      -26.883027
     ]
    ]
   }
  },
  {
   "type": "Feature",
   "properties": {
    "rio": "Itajai_Acu",
    "reach": "R4",
    "rs": 72805.13
   },
   "geometry": {
    "type": "LineString",
    "coordinates": [
     [
      -49.100947,
      -26.876065
     ],
     [
      -49.09525,
      -26.87971
     ]
    ]
   }
  },
  {
   "type": "Feature",
   "properties": {
    "rio": "Itajai_Acu",
    "reach": "R4",
    "rs": 71955.99
   },
   "geometry": {
    "type": "LineString",
    "coordinates": [
     [
      -49.087753,
      -26.875537
     ],
     [
      -49.093027,
      -26.880024
     ]
    ]
   }
  },
  {
   "type": "Feature",
   "properties": {
    "rio": "Itajai_Acu",
    "reach": "R4",
    "rs": 70955.99
   },
   "geometry": {
    "type": "LineString",
    "coordinates": [
     [
      -49.082746,
      -26.884283
     ],
     [
      -49.089017,
      -26.887297
     ]
    ]
   }
  },
  {
   "type": "Feature",
   "properties": {
    "rio": "Itajai_Acu",
    "reach": "R4",
    "rs": 69955.99
   },
   "geometry": {
    "type": "LineString",
    "coordinates": [
     [
      -49.077406,
      -26.890445
     ],
     [
      -49.082469,
      -26.895125
     ]
    ]
   }
  },
  {
   "type": "Feature",
   "properties": {
    "rio": "Itajai_Acu",
    "reach": "R4",
    "rs": 68955.99
   },
   "geometry": {
    "type": "LineString",
    "coordinates": [
     [
      -49.072362,
      -26.89471
     ],
     [
      -49.072327,
      -26.90087
     ]
    ]
   }
  },
  {
   "type": "Feature",
   "properties": {
    "rio": "Itajai_Acu",
    "reach": "R4",
    "rs": 67955.99
   },
   "geometry": {
    "type": "LineString",
    "coordinates": [
     [
      -49.063116,
      -26.891964
     ],
     [
      -49.062688,
      -26.897892
     ]
    ]
   }
  },
  {
   "type": "Feature",
   "properties": {
    "rio": "Itajai_Acu",
    "reach": "R4",
    "rs": 66955.99
   },
   "geometry": {
    "type": "LineString",
    "coordinates": [
     [
      -49.061156,
      -26.903333
     ],
     [
      -49.065514,
      -26.899546
     ]
    ]
   }
  },
  {
   "type": "Feature",
   "properties": {
    "rio": "Itajai_Acu",
    "reach": "R4",
    "rs": 65955.99
   },
   "geometry": {
    "type": "LineString",
    "coordinates": [
     [
      -49.065652,
      -26.909213
     ],
     [
      -49.071663,
      -26.908461
     ]
    ]
   }
  },
  {
   "type": "Feature",
   "properties": {
    "rio": "Itajai_Acu",
    "reach": "R4",
    "rs": 64955.99
   },
   "geometry": {
    "type": "LineString",
    "coordinates": [
     [
      -49.063891,
      -26.915446
     ],
     [
      -49.068483,
      -26.919099
     ]
    ]
   }
  },
  {
   "type": "Feature",
   "properties": {
    "rio": "Itajai_Acu",
    "reach": "R4",
    "rs": 63955.99
   },
   "geometry": {
    "type": "LineString",
    "coordinates": [
     [
      -49.062645,
      -26.917087
     ],
     [
      -49.056534,
      -26.918035
     ]
    ]
   }
  },
  {
   "type": "Feature",
   "properties": {
    "rio": "Itajai_Acu",
    "reach": "R4",
    "rs": 62955.99
   },
   "geometry": {
    "type": "LineString",
    "coordinates": [
     [
      -49.053847,
      -26.909058
     ],
     [
      -49.052417,
      -26.914524
     ]
    ]
   }
  },
  {
   "type": "Feature",
   "properties": {
    "rio": "Itajai_Acu",
    "reach": "R4",
    "rs": 61955.99
   },
   "geometry": {
    "type": "LineString",
    "coordinates": [
     [
      -49.047938,
      -26.906366
     ],
     [
      -49.041918,
      -26.908571
     ]
    ]
   }
  },
  {
   "type": "Feature",
   "properties": {
    "rio": "Itajai_Acu",
    "reach": "R4",
    "rs": 60955.99
   },
   "geometry": {
    "type": "LineString",
    "coordinates": [
     [
      -49.048683,
      -26.897831
     ],
     [
      -49.042139,
      -26.89932
     ]
    ]
   }
  },
  {
   "type": "Feature",
   "properties": {
    "rio": "Itajai_Acu",
    "reach": "R4",
    "rs": 59955.99
   },
   "geometry": {
    "type": "LineString",
    "coordinates": [
     [
      -49.034507,
      -26.897114
     ],
     [
      -49.040361,
      -26.900947
     ]
    ]
   }
  },
  {
   "type": "Feature",
   "properties": {
    "rio": "Itajai_Acu",
    "reach": "R4",
    "rs": 58955.99
   },
   "geometry": {
    "type": "LineString",
    "coordinates": [
     [
      -49.027698,
      -26.902709
     ],
     [
      -49.032952,
      -26.907814
     ]
    ]
   }
  },
  {
   "type": "Feature",
   "properties": {
    "rio": "Itajai_Acu",
    "reach": "R4",
    "rs": 57955.99
   },
   "geometry": {
    "type": "LineString",
    "coordinates": [
     [
      -49.024601,
      -26.903383
     ],
     [
      -49.019785,
      -26.9102
     ]
    ]
   }
  },
  {
   "type": "Feature",
   "properties": {
    "rio": "Itajai_Acu",
    "reach": "R4",
    "rs": 56955.99
   },
   "geometry": {
    "type": "LineString",
    "coordinates": [
     [
      -49.022018,
      -26.898008
     ],
     [
      -49.012662,
      -26.901184
     ]
    ]
   }
  },
  {
   "type": "Feature",
   "properties": {
    "rio": "Itajai_Acu",
    "reach": "R4",
    "rs": 55955.99
   },
   "geometry": {
    "type": "LineString",
    "coordinates": [
     [
      -49.011235,
      -26.889694
     ],
     [
      -49.00757,
      -26.898763
     ]
    ]
   }
  },
  {
   "type": "Feature",
   "properties": {
    "rio": "Itajai_Acu",
    "reach": "R4",
    "rs": 54955.99
   },
   "geometry": {
    "type": "LineString",
    "coordinates": [
     [
      -49.001355,
      -26.887052
     ],
     [
      -48.998135,
      -26.896939
     ]
    ]
   }
  },
  {
   "type": "Feature",
   "properties": {
    "rio": "Itajai_Acu",
    "reach": "R4",
    "rs": 53955.99
   },
   "geometry": {
    "type": "LineString",
    "coordinates": [
     [
      -48.984157,
      -26.88932
     ],
     [
      -48.994954,
      -26.896259
     ]
    ]
   }
  },
  {
   "type": "Feature",
   "properties": {
    "rio": "Itajai_Acu",
    "reach": "R4",
    "rs": 52955.99
   },
   "geometry": {
    "type": "LineString",
    "coordinates": [
     [
      -48.979421,
      -26.900218
     ],
     [
      -48.994509,
      -26.903252
     ]
    ]
   }
  },
  {
   "type": "Feature",
   "properties": {
    "rio": "Itajai_Acu",
    "reach": "R4",
    "rs": 51955.99
   },
   "geometry": {
    "type": "LineString",
    "coordinates": [
     [
      -48.976688,
      -26.904545
     ],
     [
      -48.989481,
      -26.914023
     ]
    ]
   }
  },
  {
   "type": "Feature",
   "properties": {
    "rio": "Itajai_Acu",
    "reach": "R4",
    "rs": 50955.99
   },
   "geometry": {
    "type": "LineString",
    "coordinates": [
     [
      -48.971906,
      -26.911397
     ],
     [
      -48.982958,
      -26.922573
     ]
    ]
   }
  },
  {
   "type": "Feature",
   "properties": {
    "rio": "Itajai_Acu",
    "reach": "R4",
    "rs": 49955.99
   },
   "geometry": {
    "type": "LineString",
    "coordinates": [
     [
      -48.965605,
      -26.917758
     ],
     [
      -48.974995,
      -26.929801
     ]
    ]
   }
  },
  {
   "type": "Feature",
   "properties": {
    "rio": "Itajai_Acu",
    "reach": "R4",
    "rs": 48955.99
   },
   "geometry": {
    "type": "LineString",
    "coordinates": [
     [
      -48.958723,
      -26.923169
     ],
     [
      -48.965439,
      -26.93662
     ]
    ]
   }
  },
  {
   "type": "Feature",
   "properties": {
    "rio": "Itajai_Acu",
    "reach": "R4",
    "rs": 47955.99
   },
   "geometry": {
    "type": "LineString",
    "coordinates": [
     [
      -48.957261,
      -26.921111
     ],
     [
      -48.94288,
      -26.928344
     ]
    ]
   }
  },
  {
   "type": "Feature",
   "properties": {
    "rio": "Itajai_Acu",
    "reach": "R4",
    "rs": 46955.99
   },
   "geometry": {
    "type": "LineString",
    "coordinates": [
     [
      -48.950079,
      -26.913354
     ],
     [
      -48.938232,
      -26.923634
     ]
    ]
   }
  },
  {
   "type": "Feature",
   "properties": {
    "rio": "Itajai_Acu",
    "reach": "R4",
    "rs": 45955.99
   },
   "geometry": {
    "type": "LineString",
    "coordinates": [
     [
      -48.942507,
      -26.905415
     ],
     [
      -48.932567,
      -26.919732
     ]
    ]
   }
  },
  {
   "type": "Feature",
   "properties": {
    "rio": "Itajai_Acu",
    "reach": "R4",
    "rs": 44955.99
   },
   "geometry": {
    "type": "LineString",
    "coordinates": [
     [
      -48.928888,
      -26.90002
     ],
     [
      -48.929819,
      -26.918946
     ]
    ]
   }
  },
  {
   "type": "Feature",
   "properties": {
    "rio": "Itajai_Acu",
    "reach": "R4",
    "rs": 43955.99
   },
   "geometry": {
    "type": "LineString",
    "coordinates": [
     [
      -48.918896,
      -26.900706
     ],
     [
      -48.919833,
      -26.919611
     ]
    ]
   }
  },
  {
   "type": "Feature",
   "properties": {
    "rio": "Itajai_Acu",
    "reach": "R4",
    "rs": 42955.99
   },
   "geometry": {
    "type": "LineString",
    "coordinates": [
     [
      -48.906811,
      -26.90451
     ],
     [
      -48.913733,
      -26.920146
     ]
    ]
   }
  },
  {
   "type": "Feature",
   "properties": {
    "rio": "Itajai_Acu",
    "reach": "R4",
    "rs": 41955.99
   },
   "geometry": {
    "type": "LineString",
    "coordinates": [
     [
      -48.898159,
      -26.912764
     ],
     [
      -48.909576,
      -26.923344
     ]
    ]
   }
  },
  {
   "type": "Feature",
   "properties": {
    "rio": "Itajai_Acu",
    "reach": "R4",
    "rs": 40955.99
   },
   "geometry": {
    "type": "LineString",
    "coordinates": [
     [
      -48.890924,
      -26.919037
     ],
     [
      -48.902342,
      -26.929619
     ]
    ]
   }
  },
  {
   "type": "Feature",
   "properties": {
    "rio": "Itajai_Acu",
    "reach": "R4",
    "rs": 39955.99
   },
   "geometry": {
    "type": "LineString",
    "coordinates": [
     [
      -48.88918,
      -26.920629
     ],
     [
      -48.87819,
      -26.931568
     ]
    ]
   }
  },
  {
   "type": "Feature",
   "properties": {
    "rio": "Itajai_Acu",
    "reach": "R4",
    "rs": 38955.99
   },
   "geometry": {
    "type": "LineString",
    "coordinates": [
     [
      -48.881579,
      -26.913971
     ],
     [
      -48.87218,
      -26.926042
     ]
    ]
   }
  },
  {
   "type": "Feature",
   "properties": {
    "rio": "Itajai_Acu",
    "reach": "R4",
    "rs": 37955.99
   },
   "geometry": {
    "type": "LineString",
    "coordinates": [
     [
      -48.873878,
      -26.908123
     ],
     [
      -48.863465,
      -26.92212
     ]
    ]
   }
  },
  {
   "type": "Feature",
   "properties": {
    "rio": "Itajai_Acu",
    "reach": "R4",
    "rs": 36955.99
   },
   "geometry": {
    "type": "LineString",
    "coordinates": [
     [
      -48.861352,
      -26.901154
     ],
     [
      -48.860592,
      -26.92067
     ]
    ]
   }
  },
  {
   "type": "Feature",
   "properties": {
    "rio": "Itajai_Acu",
    "reach": "R4",
    "rs": 35955.99
   },
   "geometry": {
    "type": "LineString",
    "coordinates": [
     [
      -48.855075,
      -26.897684
     ],
     [
      -48.847257,
      -26.919226
     ]
    ]
   }
  },
  {
   "type": "Feature",
   "properties": {
    "rio": "Itajai_Acu",
    "reach": "R4",
    "rs": 34955.99
   },
   "geometry": {
    "type": "LineString",
    "coordinates": [
     [
      -48.847822,
      -26.893629
     ],
     [
      -48.835593,
      -26.917468
     ]
    ]
   }
  },
  {
   "type": "Feature",
   "properties": {
    "rio": "Itajai_Acu",
    "reach": "R4",
    "rs": 33955.99
   },
   "geometry": {
    "type": "LineString",
    "coordinates": [
     [
      -48.840447,
      -26.889483
     ],
     [
      -48.824459,
      -26.91495
     ]
    ]
   }
  },
  {
   "type": "Feature",
   "properties": {
    "rio": "Itajai_Acu",
    "reach": "R4",
    "rs": 32955.99
   },
   "geometry": {
    "type": "LineString",
    "coordinates": [
     [
      -48.839863,
      -26.885804
     ],
     [
      -48.811871,
      -26.905308
     ]
    ]
   }
  },
  {
   "type": "Feature",
   "properties": {
    "rio": "Itajai_Acu",
    "reach": "R4",
    "rs": 31955.99
   },
   "geometry": {
    "type": "LineString",
    "coordinates": [
     [
      -48.828838,
      -26.875987
     ],
     [
      -48.810837,
      -26.89969
     ]
    ]
   }
  },
  {
   "type": "Feature",
   "properties": {
    "rio": "Itajai_Acu",
    "reach": "R4",
    "rs": 30955.99
   },
   "geometry": {
    "type": "LineString",
    "coordinates": [
     [
      -48.813564,
      -26.872681
     ],
     [
      -48.80689,
      -26.894888
     ]
    ]
   }
  },
  {
   "type": "Feature",
   "properties": {
    "rio": "Itajai_Acu",
    "reach": "R4",
    "rs": 29955.99
   },
   "geometry": {
    "type": "LineString",
    "coordinates": [
     [
      -48.806928,
      -26.872894
     ],
     [
      -48.796612,
      -26.887535
     ]
    ]
   }
  },
  {
   "type": "Feature",
   "properties": {
    "rio": "Itajai_Acu",
    "reach": "R4",
    "rs": 28955.99
   },
   "geometry": {
    "type": "LineString",
    "coordinates": [
     [
      -48.797958,
      -26.871378
     ],
     [
      -48.787823,
      -26.880915
     ]
    ]
   }
  },
  {
   "type": "Feature",
   "properties": {
    "rio": "Itajai_Acu",
    "reach": "R4",
    "rs": 27955.99
   },
   "geometry": {
    "type": "LineString",
    "coordinates": [
     [
      -48.782541,
      -26.86888
     ],
     [
      -48.785116,
      -26.880246
     ]
    ]
   }
  },
  {
   "type": "Feature",
   "properties": {
    "rio": "Itajai_Acu",
    "reach": "R4",
    "rs": 26955.99
   },
   "geometry": {
    "type": "LineString",
    "coordinates": [
     [
      -48.772987,
      -26.878301
     ],
     [
      -48.783154,
      -26.882465
     ]
    ]
   }
  },
  {
   "type": "Feature",
   "properties": {
    "rio": "Itajai_Acu",
    "reach": "R4",
    "rs": 25955.99
   },
   "geometry": {
    "type": "LineString",
    "coordinates": [
     [
      -48.769088,
      -26.885086
     ],
     [
      -48.777019,
      -26.892215
     ]
    ]
   }
  },
  {
   "type": "Feature",
   "properties": {
    "rio": "Itajai_Acu",
    "reach": "R4",
    "rs": 24955.99
   },
   "geometry": {
    "type": "LineString",
    "coordinates": [
     [
      -48.76741,
      -26.88529
     ],
     [
      -48.75843,
      -26.889982
     ]
    ]
   }
  },
  {
   "type": "Feature",
   "properties": {
    "rio": "Itajai_Acu",
    "reach": "R4",
    "rs": 23955.99
   },
   "geometry": {
    "type": "LineString",
    "coordinates": [
     [
      -48.766072,
      -26.878373
     ],
     [
      -48.756518,
      -26.878222
     ]
    ]
   }
  },
  {
   "type": "Feature",
   "properties": {
    "rio": "Itajai_Acu",
    "reach": "R4",
    "rs": 22955.99
   },
   "geometry": {
    "type": "LineString",
    "coordinates": [
     [
      -48.767499,
      -26.869371
     ],
     [
      -48.757584,
      -26.869214
     ]
    ]
   }
  },
  {
   "type": "Feature",
   "properties": {
    "rio": "Itajai_Acu",
    "reach": "R4",
    "rs": 21955.99
   },
   "geometry": {
    "type": "LineString",
    "coordinates": [
     [
      -48.768798,
      -26.859277
     ],
     [
      -48.757804,
      -26.861023
     ]
    ]
   }
  },
  {
   "type": "Feature",
   "properties": {
    "rio": "Itajai_Acu",
    "reach": "R4",
    "rs": 20955.99
   },
   "geometry": {
    "type": "LineString",
    "coordinates": [
     [
      -48.754726,
      -26.848652
     ],
     [
      -48.75557,
      -26.859757
     ]
    ]
   }
  },
  {
   "type": "Feature",
   "properties": {
    "rio": "Itajai_Acu",
    "reach": "R4",
    "rs": 19955.99
   },
   "geometry": {
    "type": "LineString",
    "coordinates": [
     [
      -48.746164,
      -26.850093
     ],
     [
      -48.744806,
      -26.861153
     ]
    ]
   }
  },
  {
   "type": "Feature",
   "properties": {
    "rio": "Itajai_Acu",
    "reach": "R4",
    "rs": 18955.99
   },
   "geometry": {
    "type": "LineString",
    "coordinates": [
     [
      -48.744629,
      -26.847485
     ],
     [
      -48.734062,
      -26.853102
     ]
    ]
   }
  },
  {
   "type": "Feature",
   "properties": {
    "rio": "Itajai_Acu",
    "reach": "R4",
    "rs": 17955.99
   },
   "geometry": {
    "type": "LineString",
    "coordinates": [
     [
      -48.74118,
      -26.838979
     ],
     [
      -48.730837,
      -26.844728
     ]
    ]
   }
  },
  {
   "type": "Feature",
   "properties": {
    "rio": "Itajai_Acu",
    "reach": "R4",
    "rs": 16955.99
   },
   "geometry": {
    "type": "LineString",
    "coordinates": [
     [
      -48.723303,
      -26.83351
     ],
     [
      -48.728572,
      -26.843233
     ]
    ]
   }
  },
  {
   "type": "Feature",
   "properties": {
    "rio": "Itajai_Acu",
    "reach": "R4",
    "rs": 15955.99
   },
   "geometry": {
    "type": "LineString",
    "coordinates": [
     [
      -48.713334,
      -26.843857
     ],
     [
      -48.724273,
      -26.847364
     ]
    ]
   }
  },
  {
   "type": "Feature",
   "properties": {
    "rio": "Itajai_Acu",
    "reach": "R4",
    "rs": 14955.99
   },
   "geometry": {
    "type": "LineString",
    "coordinates": [
     [
      -48.712902,
      -26.855715
     ],
     [
      -48.724783,
      -26.854182
     ]
    ]
   }
  },
  {
   "type": "Feature",
   "properties": {
    "rio": "Itajai_Acu",
    "reach": "R4",
    "rs": 13955.99
   },
   "geometry": {
    "type": "LineString",
    "coordinates": [
     [
      -48.718408,
      -26.865398
     ],
     [
      -48.729855,
      -26.860043
     ]
    ]
   }
  },
  {
   "type": "Feature",
   "properties": {
    "rio": "Itajai_Acu",
    "reach": "R4",
    "rs": 12955.99
   },
   "geometry": {
    "type": "LineString",
    "coordinates": [
     [
      -48.719308,
      -26.869652
     ],
     [
      -48.731687,
      -26.874035
     ]
    ]
   }
  },
  {
   "type": "Feature",
   "properties": {
    "rio": "Itajai_Acu",
    "reach": "R4",
    "rs": 11955.99
   },
   "geometry": {
    "type": "LineString",
    "coordinates": [
     [
      -48.717089,
      -26.871406
     ],
     [
      -48.717237,
      -26.882961
     ]
    ]
   }
  },
  {
   "type": "Feature",
   "properties": {
    "rio": "Itajai_Acu",
    "reach": "R4",
    "rs": 10955.99
   },
   "geometry": {
    "type": "LineString",
    "coordinates": [
     [
      -48.713388,
      -26.868209
     ],
     [
      -48.704794,
      -26.875643
     ]
    ]
   }
  },
  {
   "type": "Feature",
   "properties": {
    "rio": "Itajai_Acu",
    "reach": "R4",
    "rs": 9955.99
   },
   "geometry": {
    "type": "LineString",
    "coordinates": [
     [
      -48.70429,
      -26.861279
     ],
     [
      -48.698825,
      -26.870792
     ]
    ]
   }
  },
  {
   "type": "Feature",
   "properties": {
    "rio": "Itajai_Acu",
    "reach": "R4",
    "rs": 8955.99
   },
   "geometry": {
    "type": "LineString",
    "coordinates": [
     [
      -48.688439,
      -26.861483
     ],
     [
      -48.696124,
      -26.869661
     ]
    ]
   }
  },
  {
   "type": "Feature",
   "properties": {
    "rio": "Itajai_Acu",
    "reach": "R4",
    "rs": 7955.99
   },
   "geometry": {
    "type": "LineString",
    "coordinates": [
     [
      -48.683036,
      -26.874091
     ],
     [
      -48.694372,
      -26.873339
     ]
    ]
   }
  },
  {
   "type": "Feature",
   "properties": {
    "rio": "Itajai_Acu",
    "reach": "R4",
    "rs": 6955.99
   },
   "geometry": {
    "type": "LineString",
    "coordinates": [
     [
      -48.684685,
      -26.879653
     ],
     [
      -48.693981,
      -26.884614
     ]
    ]
   }
  },
  {
   "type": "Feature",
   "properties": {
    "rio": "Itajai_Mirim",
    "reach": "R1",
    "rs": 39747.2
   },
   "geometry": {
    "type": "LineString",
    "coordinates": [
     [
      -48.949126,
      -27.110055
     ],
     [
      -48.937811,
      -27.11215
     ]
    ]
   }
  },
  {
   "type": "Feature",
   "properties": {
    "rio": "Itajai_Mirim",
    "reach": "R1",
    "rs": 38747.2
   },
   "geometry": {
    "type": "LineString",
    "coordinates": [
     [
      -48.941295,
      -27.101502
     ],
     [
      -48.931389,
      -27.108488
     ]
    ]
   }
  },
  {
   "type": "Feature",
   "properties": {
    "rio": "Itajai_Mirim",
    "reach": "R1",
    "rs": 37747.2
   },
   "geometry": {
    "type": "LineString",
    "coordinates": [
     [
      -48.930298,
      -27.092994
     ],
     [
      -48.929638,
      -27.104647
     ]
    ]
   }
  },
  {
   "type": "Feature",
   "properties": {
    "rio": "Itajai_Mirim",
    "reach": "R1",
    "rs": 36747.2
   },
   "geometry": {
    "type": "LineString",
    "coordinates": [
     [
      -48.921669,
      -27.097061
     ],
     [
      -48.920864,
      -27.108633
     ]
    ]
   }
  },
  {
   "type": "Feature",
   "properties": {
    "rio": "Itajai_Mirim",
    "reach": "R1",
    "rs": 35747.2
   },
   "geometry": {
    "type": "LineString",
    "coordinates": [
     [
      -48.915517,
      -27.09475
     ],
     [
      -48.907914,
      -27.10428
     ]
    ]
   }
  },
  {
   "type": "Feature",
   "properties": {
    "rio": "Itajai_Mirim",
    "reach": "R1",
    "rs": 34747.2
   },
   "geometry": {
    "type": "LineString",
    "coordinates": [
     [
      -48.912218,
      -27.093379
     ],
     [
      -48.899409,
      -27.090837
     ]
    ]
   }
  },
  {
   "type": "Feature",
   "properties": {
    "rio": "Itajai_Mirim",
    "reach": "R1",
    "rs": 33747.2
   },
   "geometry": {
    "type": "LineString",
    "coordinates": [
     [
      -48.9148,
      -27.082986
     ],
     [
      -48.902373,
      -27.086676
     ]
    ]
   }
  },
  {
   "type": "Feature",
   "properties": {
    "rio": "Itajai_Mirim",
    "reach": "R1",
    "rs": 32747.2
   },
   "geometry": {
    "type": "LineString",
    "coordinates": [
     [
      -48.904711,
      -27.073598
     ],
     [
      -48.900398,
      -27.08487
     ]
    ]
   }
  },
  {
   "type": "Feature",
   "properties": {
    "rio": "Itajai_Mirim",
    "reach": "R1",
    "rs": 31747.2
   },
   "geometry": {
    "type": "LineString",
    "coordinates": [
     [
      -48.898576,
      -27.069444
     ],
     [
      -48.890453,
      -27.078227
     ]
    ]
   }
  },
  {
   "type": "Feature",
   "properties": {
    "rio": "Itajai_Mirim",
    "reach": "R1",
    "rs": 30747.2
   },
   "geometry": {
    "type": "LineString",
    "coordinates": [
     [
      -48.893998,
      -27.064828
     ],
     [
      -48.882928,
      -27.069341
     ]
    ]
   }
  },
  {
   "type": "Feature",
   "properties": {
    "rio": "Itajai_Mirim",
    "reach": "R1",
    "rs": 29747.2
   },
   "geometry": {
    "type": "LineString",
    "coordinates": [
     [
      -48.890602,
      -27.057537
     ],
     [
      -48.879559,
      -27.060198
     ]
    ]
   }
  },
  {
   "type": "Feature",
   "properties": {
    "rio": "Itajai_Mirim",
    "reach": "R1",
    "rs": 28747.2
   },
   "geometry": {
    "type": "LineString",
    "coordinates": [
     [
      -48.888779,
      -27.052581
     ],
     [
      -48.877704,
      -27.049521
     ]
    ]
   }
  },
  {
   "type": "Feature",
   "properties": {
    "rio": "Itajai_Mirim",
    "reach": "R1",
    "rs": 27747.2
   },
   "geometry": {
    "type": "LineString",
    "coordinates": [
     [
      -48.879805,
      -27.038054
     ],
     [
      -48.877057,
      -27.048278
     ]
    ]
   }
  },
  {
   "type": "Feature",
   "properties": {
    "rio": "Itajai_Mirim",
    "reach": "R1",
    "rs": 26747.2
   },
   "geometry": {
    "type": "LineString",
    "coordinates": [
     [
      -48.876087,
      -27.035703
     ],
     [
      -48.866886,
      -27.042237
     ]
    ]
   }
  },
  {
   "type": "Feature",
   "properties": {
    "rio": "Itajai_Mirim",
    "reach": "R1",
    "rs": 25747.2
   },
   "geometry": {
    "type": "LineString",
    "coordinates": [
     [
      -48.865469,
      -27.027304
     ],
     [
      -48.861808,
      -27.037498
     ]
    ]
   }
  },
  {
   "type": "Feature",
   "properties": {
    "rio": "Itajai_Mirim",
    "reach": "R1",
    "rs": 24747.2
   },
   "geometry": {
    "type": "LineString",
    "coordinates": [
     [
      -48.860985,
      -27.025846
     ],
     [
      -48.851149,
      -27.032267
     ]
    ]
   }
  },
  {
   "type": "Feature",
   "properties": {
    "rio": "Itajai_Mirim",
    "reach": "R1",
    "rs": 23747.2
   },
   "geometry": {
    "type": "LineString",
    "coordinates": [
     [
      -48.8565,
      -27.0208
     ],
     [
      -48.844471,
      -27.023448
     ]
    ]
   }
  },
  {
   "type": "Feature",
   "properties": {
    "rio": "Itajai_Mirim",
    "reach": "R1",
    "rs": 22747.2
   },
   "geometry": {
    "type": "LineString",
    "coordinates": [
     [
      -48.842963,
      -27.010869
     ],
     [
      -48.844097,
      -27.021916
     ]
    ]
   }
  },
  {
   "type": "Feature",
   "properties": {
    "rio": "Itajai_Mirim",
    "reach": "R1",
    "rs": 21747.2
   },
   "geometry": {
    "type": "LineString",
    "coordinates": [
     [
      -48.839682,
      -27.00992
     ],
     [
      -48.83097,
      -27.017806
     ]
    ]
   }
  },
  {
   "type": "Feature",
   "properties": {
    "rio": "Itajai_Mirim",
    "reach": "R1",
    "rs": 20747.2
   },
   "geometry": {
    "type": "LineString",
    "coordinates": [
     [
      -48.838528,
      -27.002601
     ],
     [
      -48.827845,
      -27.009555
     ]
    ]
   }
  },
  {
   "type": "Feature",
   "properties": {
    "rio": "Itajai_Mirim",
    "reach": "R1",
    "rs": 19747.2
   },
   "geometry": {
    "type": "LineString",
    "coordinates": [
     [
      -48.831218,
      -26.996303
     ],
     [
      -48.819981,
      -27.003823
     ]
    ]
   }
  },
  {
   "type": "Feature",
   "properties": {
    "rio": "Itajai_Mirim",
    "reach": "R1",
    "rs": 18747.2
   },
   "geometry": {
    "type": "LineString",
    "coordinates": [
     [
      -48.827371,
      -26.988755
     ],
     [
      -48.814626,
      -26.995575
     ]
    ]
   }
  },
  {
   "type": "Feature",
   "properties": {
    "rio": "Itajai_Mirim",
    "reach": "R1",
    "rs": 17747.2
   },
   "geometry": {
    "type": "LineString",
    "coordinates": [
     [
      -48.821081,
      -26.980397
     ],
     [
      -48.809827,
      -26.98907
     ]
    ]
   }
  },
  {
   "type": "Feature",
   "properties": {
    "rio": "Itajai_Mirim",
    "reach": "R1",
    "rs": 16747.2
   },
   "geometry": {
    "type": "LineString",
    "coordinates": [
     [
      -48.814318,
      -26.973282
     ],
     [
      -48.803725,
      -26.982319
     ]
    ]
   }
  },
  {
   "type": "Feature",
   "properties": {
    "rio": "Itajai_Mirim",
    "reach": "R1",
    "rs": 15747.2
   },
   "geometry": {
    "type": "LineString",
    "coordinates": [
     [
      -48.809907,
      -26.967008
     ],
     [
      -48.79748,
      -26.973545
     ]
    ]
   }
  },
  {
   "type": "Feature",
   "properties": {
    "rio": "Itajai_Mirim",
    "reach": "R1",
    "rs": 14747.2
   },
   "geometry": {
    "type": "LineString",
    "coordinates": [
     [
      -48.799898,
      -26.959154
     ],
     [
      -48.792227,
      -26.969854
     ]
    ]
   }
  },
  {
   "type": "Feature",
   "properties": {
    "rio": "Itajai_Mirim",
    "reach": "R1",
    "rs": 13747.2
   },
   "geometry": {
    "type": "LineString",
    "coordinates": [
     [
      -48.79491,
      -26.953632
     ],
     [
      -48.784261,
      -26.962038
     ]
    ]
   }
  },
  {
   "type": "Feature",
   "properties": {
    "rio": "Itajai_Mirim",
    "reach": "R1",
    "rs": 12747.2
   },
   "geometry": {
    "type": "LineString",
    "coordinates": [
     [
      -48.7797,
      -26.947261
     ],
     [
      -48.782411,
      -26.959744
     ]
    ]
   }
  },
  {
   "type": "Feature",
   "properties": {
    "rio": "Itajai_Mirim",
    "reach": "R1",
    "rs": 11747.2
   },
   "geometry": {
    "type": "LineString",
    "coordinates": [
     [
      -48.776857,
      -26.945739
     ],
     [
      -48.768614,
      -26.956647
     ]
    ]
   }
  },
  {
   "type": "Feature",
   "properties": {
    "rio": "Itajai_Mirim",
    "reach": "R1",
    "rs": 10747.2
   },
   "geometry": {
    "type": "LineString",
    "coordinates": [
     [
      -48.770856,
      -26.941474
     ],
     [
      -48.759467,
      -26.950107
     ]
    ]
   }
  },
  {
   "type": "Feature",
   "properties": {
    "rio": "Itajai_Mirim",
    "reach": "R1",
    "rs": 9747.2
   },
   "geometry": {
    "type": "LineString",
    "coordinates": [
     [
      -48.767186,
      -26.937026
     ],
     [
      -48.752451,
      -26.940111
     ]
    ]
   }
  },
  {
   "type": "Feature",
   "properties": {
    "rio": "Itajai_Mirim",
    "reach": "R1",
    "rs": 8747.2
   },
   "geometry": {
    "type": "LineString",
    "coordinates": [
     [
      -48.757558,
      -26.925798
     ],
     [
      -48.750239,
      -26.937366
     ]
    ]
   }
  },
  {
   "type": "Feature",
   "properties": {
    "rio": "Itajai_Mirim",
    "reach": "R1",
    "rs": 7747.2
   },
   "geometry": {
    "type": "LineString",
    "coordinates": [
     [
      -48.748945,
      -26.922264
     ],
     [
      -48.740701,
      -26.933321
     ]
    ]
   }
  },
  {
   "type": "Feature",
   "properties": {
    "rio": "Itajai_Mirim",
    "reach": "R1",
    "rs": 6747.2
   },
   "geometry": {
    "type": "LineString",
    "coordinates": [
     [
      -48.74067,
      -26.917159
     ],
     [
      -48.732425,
      -26.928215
     ]
    ]
   }
  },
  {
   "type": "Feature",
   "properties": {
    "rio": "Itajai_Mirim",
    "reach": "R1",
    "rs": 5747.2
   },
   "geometry": {
    "type": "LineString",
    "coordinates": [
     [
      -48.732646,
      -26.912095
     ],
     [
      -48.724022,
      -26.922916
     ]
    ]
   }
  },
  {
   "type": "Feature",
   "properties": {
    "rio": "Itajai_Mirim",
    "reach": "R1",
    "rs": 4747.2
   },
   "geometry": {
    "type": "LineString",
    "coordinates": [
     [
      -48.724505,
      -26.907176
     ],
     [
      -48.715511,
      -26.917753
     ]
    ]
   }
  },
  {
   "type": "Feature",
   "properties": {
    "rio": "Itajai_Mirim",
    "reach": "R1",
    "rs": 3747.2
   },
   "geometry": {
    "type": "LineString",
    "coordinates": [
     [
      -48.715508,
      -26.901914
     ],
     [
      -48.707647,
      -26.913192
     ]
    ]
   }
  },
  {
   "type": "Feature",
   "properties": {
    "rio": "Itajai_Mirim",
    "reach": "R1",
    "rs": 2747.2
   },
   "geometry": {
    "type": "LineString",
    "coordinates": [
     [
      -48.709024,
      -26.89527
     ],
     [
      -48.697524,
      -26.909697
     ]
    ]
   }
  },
  {
   "type": "Feature",
   "properties": {
    "rio": "Itajai_Mirim",
    "reach": "R1",
    "rs": 1747.2
   },
   "geometry": {
    "type": "LineString",
    "coordinates": [
     [
      -48.70515,
      -26.882775
     ],
     [
      -48.684299,
      -26.912685
     ]
    ]
   }
  },
  {
   "type": "Feature",
   "properties": {
    "rio": "Itajai_Mirim",
    "reach": "R1",
    "rs": 747.2
   },
   "geometry": {
    "type": "LineString",
    "coordinates": [
     [
      -48.706608,
      -26.873238
     ],
     [
      -48.666373,
      -26.91181
     ]
    ]
   }
  },
  {
   "type": "Feature",
   "properties": {
    "rio": "Itajai_Mirim",
    "reach": "R1",
    "rs": 75.0
   },
   "geometry": {
    "type": "LineString",
    "coordinates": [
     [
      -48.708173,
      -26.865339
     ],
     [
      -48.655245,
      -26.911092
     ]
    ]
   }
  },
  {
   "type": "Feature",
   "properties": {
    "rio": "Itajai_Acu",
    "reach": "R5",
    "rs": 5955.99
   },
   "geometry": {
    "type": "LineString",
    "coordinates": [
     [
      -48.68203,
      -26.880589
     ],
     [
      -48.680455,
      -26.889687
     ]
    ]
   }
  },
  {
   "type": "Feature",
   "properties": {
    "rio": "Itajai_Acu",
    "reach": "R5",
    "rs": 4955.99
   },
   "geometry": {
    "type": "LineString",
    "coordinates": [
     [
      -48.672261,
      -26.877252
     ],
     [
      -48.67157,
      -26.886437
     ]
    ]
   }
  },
  {
   "type": "Feature",
   "properties": {
    "rio": "Itajai_Acu",
    "reach": "R5",
    "rs": 3955.99
   },
   "geometry": {
    "type": "LineString",
    "coordinates": [
     [
      -48.657771,
      -26.887924
     ],
     [
      -48.669638,
      -26.888077
     ]
    ]
   }
  },
  {
   "type": "Feature",
   "properties": {
    "rio": "Itajai_Acu",
    "reach": "R5",
    "rs": 2955.99
   },
   "geometry": {
    "type": "LineString",
    "coordinates": [
     [
      -48.660818,
      -26.891481
     ],
     [
      -48.672068,
      -26.898123
     ]
    ]
   }
  },
  {
   "type": "Feature",
   "properties": {
    "rio": "Itajai_Acu",
    "reach": "R5",
    "rs": 1980.82
   },
   "geometry": {
    "type": "LineString",
    "coordinates": [
     [
      -48.655626,
      -26.889713
     ],
     [
      -48.662192,
      -26.905924
     ]
    ]
   }
  },
  {
   "type": "Feature",
   "properties": {
    "rio": "Itajai_Acu",
    "reach": "R5",
    "rs": 980.82
   },
   "geometry": {
    "type": "LineString",
    "coordinates": [
     [
      -48.644184,
      -26.897573
     ],
     [
      -48.660422,
      -26.912681
     ]
    ]
   }
  },
  {
   "type": "Feature",
   "properties": {
    "rio": "Itajai_Acu",
    "reach": "R5",
    "rs": 75.0
   },
   "geometry": {
    "type": "LineString",
    "coordinates": [
     [
      -48.640463,
      -26.900572
     ],
     [
      -48.650965,
      -26.923421
     ]
    ]
   }
  }
 ]
}