{"type":"FeatureCollection","features":[{"type":"Feature","properties":{"x":699749.2,"y":7023332.1,"altura_m":148.17,"area_m2":2023232,"classe":"?","nome":""},"geometry":{"type":"Point","coordinates":[-48.988774,-26.89749]}},{"type":"Feature","properties":{"x":694421.2,"y":7023604.1,"altura_m":126.57,"area_m2":3776,"classe":"?","nome":""},"geometry":{"type":"Point","coordinates":[-49.042437,-26.89579]}},{"type":"Feature","properties":{"x":694581.2,"y":7023572.1,"altura_m":76.56,"area_m2":832,"classe":"?","nome":""},"geometry":{"type":"Point","coordinates":[-49.040822,-26.896056]}},{"type":"Feature","properties":{"x":694237.2,"y":7023580.1,"altura_m":38.35,"area_m2":512,"classe":"?","nome":""},"geometry":{"type":"Point","coordinates":[-49.044285,-26.896032]}},{"type":"Feature","properties":{"x":694357.2,"y":7023652.1,"altura_m":33.13,"area_m2":256,"classe":"?","nome":""},"geometry":{"type":"Point","coordinates":[-49.043089,-26.895365]}},{"type":"Feature","properties":{"x":694269.2,"y":7023612.1,"altura_m":30.77,"area_m2":768,"classe":"?","nome":""},"geometry":{"type":"Point","coordinates":[-49.043968,-26.895739]}},{"type":"Feature","properties":{"x":719421.2,"y":7026028.1,"altura_m":26.87,"area_m2":320,"classe":"?","nome":""},"geometry":{"type":"Point","coordinates":[-48.791288,-26.870209]}},{"type":"Feature","properties":{"x":719461.2,"y":7026044.1,"altura_m":25.6,"area_m2":320,"classe":"?","nome":""},"geometry":{"type":"Point","coordinates":[-48.790888,-26.870058]}},{"type":"Feature","properties":{"x":733933.2,"y":7020596.1,"altura_m":22.78,"area_m2":58368,"classe":"?","nome":""},"geometry":{"type":"Point","coordinates":[-48.644288,-26.916853]}},{"type":"Feature","properties":{"x":734581.2,"y":7025340.1,"altura_m":22.09,"area_m2":640,"classe":"?","nome":""},"geometry":{"type":"Point","coordinates":[-48.638658,-26.873949]}},{"type":"Feature","properties":{"x":642701.2,"y":6956836.1,"altura_m":22.0,"area_m2":99136,"classe":"represa","nome":""},"geometry":{"type":"Point","coordinates":[-49.555283,-27.504659]}},{"type":"Feature","properties":{"x":719389.2,"y":7026004.1,"altura_m":19.66,"area_m2":448,"classe":"?","nome":""},"geometry":{"type":"Point","coordinates":[-48.791605,-26.87043]}},{"type":"Feature","properties":{"x":581821.2,"y":7018084.1,"altura_m":18.17,"area_m2":832,"classe":"?","nome":""},"geometry":{"type":"Point","coordinates":[-50.175648,-26.956787]}},{"type":"Feature","properties":{"x":729357.2,"y":7024684.1,"altura_m":18.12,"area_m2":520512,"classe":"?","nome":""},"geometry":{"type":"Point","coordinates":[-48.691089,-26.880735]}},{"type":"Feature","properties":{"x":718605.2,"y":7026780.1,"altura_m":17.35,"area_m2":512,"classe":"?","nome":""},"geometry":{"type":"Point","coordinates":[-48.799628,-26.863552]}},{"type":"Feature","properties":{"x":732213.2,"y":7022668.1,"altura_m":15.51,"area_m2":459200,"classe":"?","nome":""},"geometry":{"type":"Point","coordinates":[-48.661982,-26.898449]}},{"type":"Feature","properties":{"x":726733.2,"y":7028668.1,"altura_m":14.8,"area_m2":949184,"classe":"?","nome":""},"geometry":{"type":"Point","coordinates":[-48.718209,-26.845222]}},{"type":"Feature","properties":{"x":694237.2,"y":7023444.1,"altura_m":14.2,"area_m2":448,"classe":"?","nome":""},"geometry":{"type":"Point","coordinates":[-49.044264,-26.897259]}},{"type":"Feature","properties":{"x":714445.2,"y":7022308.1,"altura_m":13.6,"area_m2":1282304,"classe":"?","nome":""},"geometry":{"type":"Point","coordinates":[-48.840709,-26.904545]}},{"type":"Feature","properties":{"x":725117.2,"y":7028428.1,"altura_m":12.7,"area_m2":571328,"classe":"?","nome":""},"geometry":{"type":"Point","coordinates":[-48.734419,-26.847649]}},{"type":"Feature","properties":{"x":719677.2,"y":7025820.1,"altura_m":12.68,"area_m2":509056,"classe":"?","nome":""},"geometry":{"type":"Point","coordinates":[-48.788676,-26.872045]}},{"type":"Feature","properties":{"x":703237.2,"y":7020108.1,"altura_m":11.75,"area_m2":1472,"classe":"?","nome":""},"geometry":{"type":"Point","coordinates":[-48.953147,-26.926076]}},{"type":"Feature","properties":{"x":594701.2,"y":7002796.1,"altura_m":11.45,"area_m2":838272,"classe":"?","nome":""},"geometry":{"type":"Point","coordinates":[-50.044728,-27.093979]}},{"type":"Feature","properties":{"x":696253.2,"y":6994484.1,"altura_m":11.33,"area_m2":43584,"classe":"?","nome":""},"geometry":{"type":"Point","coordinates":[-49.019395,-27.158287]}},{"type":"Feature","properties":{"x":710733.2,"y":7021172.1,"altura_m":11.22,"area_m2":8640,"classe":"?","nome":""},"geometry":{"type":"Point","coordinates":[-48.877874,-26.915361]}},{"type":"Feature","properties":{"x":689701.2,"y":7025948.1,"altura_m":11.14,"area_m2":1024,"classe":"?","nome":""},"geometry":{"type":"Point","coordinates":[-49.090295,-26.875289]}},{"type":"Feature","properties":{"x":709013.2,"y":7003852.1,"altura_m":10.83,"area_m2":1088,"classe":"?","nome":""},"geometry":{"type":"Point","coordinates":[-48.892273,-27.07189]}},{"type":"Feature","properties":{"x":659445.2,"y":6937844.1,"altura_m":10.62,"area_m2":448,"classe":"?","nome":""},"geometry":{"type":"Point","coordinates":[-49.383305,-27.674184]}},{"type":"Feature","properties":{"x":727773.2,"y":7025804.1,"altura_m":10.58,"area_m2":365568,"classe":"?","nome":""},"geometry":{"type":"Point","coordinates":[-48.707228,-26.870891]}},{"type":"Feature","properties":{"x":711597.2,"y":7021532.1,"altura_m":10.46,"area_m2":28544,"classe":"?","nome":""},"geometry":{"type":"Point","coordinates":[-48.869239,-26.911982]}},{"type":"Feature","properties":{"x":719629.2,"y":7025924.1,"altura_m":10.42,"area_m2":512,"classe":"?","nome":""},"geometry":{"type":"Point","coordinates":[-48.789177,-26.871114]}},{"type":"Feature","properties":{"x":594157.2,"y":7002348.1,"altura_m":10.4,"area_m2":106560,"classe":"?","nome":""},"geometry":{"type":"Point","coordinates":[-50.05018,-27.09806]}},{"type":"Feature","properties":{"x":689197.2,"y":7026020.1,"altura_m":10.31,"area_m2":147008,"classe":"?","nome":""},"geometry":{"type":"Point","coordinates":[-49.095378,-26.874707]}},{"type":"Feature","properties":{"x":585749.2,"y":7009572.1,"altura_m":10.26,"area_m2":12032,"classe":"?","nome":""},"geometry":{"type":"Point","coordinates":[-50.135489,-27.033393]}},{"type":"Feature","properties":{"x":719621.2,"y":7025956.1,"altura_m":10.22,"area_m2":256,"classe":"?","nome":""},"geometry":{"type":"Point","coordinates":[-48.789263,-26.870827]}},{"type":"Feature","properties":{"x":659669.2,"y":7009284.1,"altura_m":10.02,"area_m2":576,"classe":"?","nome":""},"geometry":{"type":"Point","coordinates":[-49.390384,-27.029444]}},{"type":"Feature","properties":{"x":719589.2,"y":7026012.1,"altura_m":9.94,"area_m2":448,"classe":"?","nome":""},"geometry":{"type":"Point","coordinates":[-48.789595,-26.870326]}},{"type":"Feature","properties":{"x":676629.2,"y":7026164.1,"altura_m":9.9,"area_m2":2624,"classe":"?","nome":""},"geometry":{"type":"Point","coordinates":[-49.221867,-26.875056]}},{"type":"Feature","properties":{"x":684469.2,"y":7023532.1,"altura_m":9.81,"area_m2":576,"classe":"?","nome":""},"geometry":{"type":"Point","coordinates":[-49.142586,-26.897792]}},{"type":"Feature","properties":{"x":710045.2,"y":7006332.1,"altura_m":9.79,"area_m2":2816,"classe":"?","nome":""},"geometry":{"type":"Point","coordinates":[-48.882292,-27.049358]}},{"type":"Feature","properties":{"x":616205.2,"y":6989204.1,"altura_m":9.74,"area_m2":1280,"classe":"?","nome":""},"geometry":{"type":"Point","coordinates":[-49.826564,-27.215025]}},{"type":"Feature","properties":{"x":729045.2,"y":7018732.1,"altura_m":9.55,"area_m2":6080,"classe":"?","nome":""},"geometry":{"type":"Point","coordinates":[-48.693136,-26.934482]}},{"type":"Feature","properties":{"x":632645.2,"y":7024868.1,"altura_m":9.52,"area_m2":460224,"classe":"?","nome":""},"geometry":{"type":"Point","coordinates":[-49.664405,-26.891632]}},{"type":"Feature","properties":{"x":674421.2,"y":6986356.1,"altura_m":9.4,"area_m2":1088,"classe":"?","nome":""},"geometry":{"type":"Point","coordinates":[-49.238483,-27.234571]}},{"type":"Feature","properties":{"x":700165.2,"y":6996204.1,"altura_m":9.12,"area_m2":6592,"classe":"?","nome":""},"geometry":{"type":"Point","coordinates":[-48.980213,-27.142205]}},{"type":"Feature","properties":{"x":703997.2,"y":6997588.1,"altura_m":9.08,"area_m2":2432,"classe":"?","nome":""},"geometry":{"type":"Point","coordinates":[-48.941795,-27.129156]}},{"type":"Feature","properties":{"x":677237.2,"y":6988436.1,"altura_m":9.01,"area_m2":896,"classe":"?","nome":""},"geometry":{"type":"Point","coordinates":[-49.210355,-27.215441]}},{"type":"Feature","properties":{"x":637429.2,"y":7013364.1,"altura_m":8.97,"area_m2":2560,"classe":"?","nome":""},"geometry":{"type":"Point","coordinates":[-49.614978,-26.995003]}},{"type":"Feature","properties":{"x":715205.2,"y":7011172.1,"altura_m":8.93,"area_m2":151872,"classe":"?","nome":""},"geometry":{"type":"Point","coordinates":[-48.831137,-27.004899]}},{"type":"Feature","properties":{"x":707253.2,"y":7002340.1,"altura_m":8.84,"area_m2":45376,"classe":"?","nome":""},"geometry":{"type":"Point","coordinates":[-48.909758,-27.085797]}},{"type":"Feature","properties":{"x":635741.2,"y":7009140.1,"altura_m":8.74,"area_m2":29952,"classe":"?","nome":""},"geometry":{"type":"Point","coordinates":[-49.631524,-27.033295]}},{"type":"Feature","properties":{"x":682853.2,"y":6989764.1,"altura_m":8.67,"area_m2":448,"classe":"?","nome":""},"geometry":{"type":"Point","coordinates":[-49.153869,-27.202722]}},{"type":"Feature","properties":{"x":710597.2,"y":7006940.1,"altura_m":8.66,"area_m2":1472,"classe":"?","nome":""},"geometry":{"type":"Point","coordinates":[-48.876833,-27.043789]}},{"type":"Feature","properties":{"x":703541.2,"y":6997404.1,"altura_m":8.63,"area_m2":4736,"classe":"?","nome":""},"geometry":{"type":"Point","coordinates":[-48.946363,-27.130884]}},{"type":"Feature","properties":{"x":694429.2,"y":6989844.1,"altura_m":8.59,"area_m2":4352,"classe":"?","nome":""},"geometry":{"type":"Point","coordinates":[-49.037061,-27.200413]}},{"type":"Feature","properties":{"x":689805.2,"y":7025852.1,"altura_m":8.56,"area_m2":1216,"classe":"?","nome":""},"geometry":{"type":"Point","coordinates":[-49.089234,-26.876141]}},{"type":"Feature","properties":{"x":641429.2,"y":7009252.1,"altura_m":8.54,"area_m2":1152,"classe":"?","nome":""},"geometry":{"type":"Point","coordinates":[-49.574207,-27.031715]}},{"type":"Feature","properties":{"x":687437.2,"y":6991028.1,"altura_m":8.46,"area_m2":3392,"classe":"?","nome":""},"geometry":{"type":"Point","coordinates":[-49.1078,-27.1907]}},{"type":"Feature","properties":{"x":660381.2,"y":7013724.1,"altura_m":8.37,"area_m2":698816,"classe":"?","nome":""},"geometry":{"type":"Point","coordinates":[-49.383782,-26.989291]}},{"type":"Feature","properties":{"x":666941.2,"y":7017180.1,"altura_m":8.37,"area_m2":480640,"classe":"?","nome":""},"geometry":{"type":"Point","coordinates":[-49.31816,-26.957328]}},{"type":"Feature","properties":{"x":696101.2,"y":6995748.1,"altura_m":8.37,"area_m2":38656,"classe":"?","nome":""},"geometry":{"type":"Point","coordinates":[-49.021129,-27.146904]}},{"type":"Feature","properties":{"x":643165.2,"y":7010412.1,"altura_m":8.31,"area_m2":1344,"classe":"?","nome":""},"geometry":{"type":"Point","coordinates":[-49.556845,-27.021067]}},{"type":"Feature","properties":{"x":704421.2,"y":6998084.1,"altura_m":8.3,"area_m2":1984,"classe":"?","nome":""},"geometry":{"type":"Point","coordinates":[-48.937601,-27.124618]}},{"type":"Feature","properties":{"x":713413.2,"y":7009812.1,"altura_m":8.26,"area_m2":6720,"classe":"?","nome":""},"geometry":{"type":"Point","coordinates":[-48.848953,-27.017446]}},{"type":"Feature","properties":{"x":661437.2,"y":7010300.1,"altura_m":8.21,"area_m2":157568,"classe":"?","nome":""},"geometry":{"type":"Point","coordinates":[-49.372698,-27.02007]}},{"type":"Feature","properties":{"x":702925.2,"y":6996756.1,"altura_m":8.21,"area_m2":2304,"classe":"?","nome":""},"geometry":{"type":"Point","coordinates":[-48.952468,-27.136821]}},{"type":"Feature","properties":{"x":713637.2,"y":7009900.1,"altura_m":8.2,"area_m2":11264,"classe":"?","nome":""},"geometry":{"type":"Point","coordinates":[-48.846712,-27.016617]}},{"type":"Feature","properties":{"x":689829.2,"y":7025804.1,"altura_m":8.19,"area_m2":640,"classe":"?","nome":""},"geometry":{"type":"Point","coordinates":[-49.088985,-26.876571]}},{"type":"Feature","properties":{"x":709589.2,"y":7020092.1,"altura_m":8.13,"area_m2":2560,"classe":"?","nome":""},"geometry":{"type":"Point","coordinates":[-48.889206,-26.925278]}},{"type":"Feature","properties":{"x":708933.2,"y":7003788.1,"altura_m":8.01,"area_m2":384,"classe":"?","nome":""},"geometry":{"type":"Point","coordinates":[-48.893068,-27.072479]}},{"type":"Feature","properties":{"x":719597.2,"y":7025996.1,"altura_m":7.99,"area_m2":256,"classe":"?","nome":""},"geometry":{"type":"Point","coordinates":[-48.789512,-26.87047]}},{"type":"Feature","properties":{"x":713869.2,"y":7009756.1,"altura_m":7.95,"area_m2":384,"classe":"?","nome":""},"geometry":{"type":"Point","coordinates":[-48.84435,-27.017881]}},{"type":"Feature","properties":{"x":697485.2,"y":7023868.1,"altura_m":7.87,"area_m2":384,"classe":"?","nome":""},"geometry":{"type":"Point","coordinates":[-49.011643,-26.892977]}},{"type":"Feature","properties":{"x":704917.2,"y":7000884.1,"altura_m":7.87,"area_m2":3776,"classe":"?","nome":""},"geometry":{"type":"Point","coordinates":[-48.933064,-27.099282]}},{"type":"Feature","properties":{"x":694117.2,"y":7023292.1,"altura_m":7.8,"area_m2":384,"classe":"?","nome":""},"geometry":{"type":"Point","coordinates":[-49.045448,-26.898647]}},{"type":"Feature","properties":{"x":710037.2,"y":7005724.1,"altura_m":7.74,"area_m2":576,"classe":"?","nome":""},"geometry":{"type":"Point","coordinates":[-48.88227,-27.054845]}},{"type":"Feature","properties":{"x":711141.2,"y":7007284.1,"altura_m":7.72,"area_m2":512,"classe":"?","nome":""},"geometry":{"type":"Point","coordinates":[-48.871411,-27.040602]}},{"type":"Feature","properties":{"x":706917.2,"y":7000812.1,"altura_m":7.72,"area_m2":11712,"classe":"?","nome":""},"geometry":{"type":"Point","coordinates":[-48.91289,-27.099633]}},{"type":"Feature","properties":{"x":714189.2,"y":7009796.1,"altura_m":7.71,"area_m2":1088,"classe":"?","nome":""},"geometry":{"type":"Point","coordinates":[-48.841134,-27.017471]}},{"type":"Feature","properties":{"x":638045.2,"y":7012460.1,"altura_m":7.69,"area_m2":526720,"classe":"?","nome":""},"geometry":{"type":"Point","coordinates":[-49.608671,-27.003102]}},{"type":"Feature","properties":{"x":646893.2,"y":6997516.1,"altura_m":7.69,"area_m2":1152,"classe":"represa","nome":"Barragem Vertedouro Salto Pil\u00e3o"},"geometry":{"type":"Point","coordinates":[-49.517744,-27.13707]}},{"type":"Feature","properties":{"x":704573.2,"y":7000268.1,"altura_m":7.67,"area_m2":1216,"classe":"?","nome":""},"geometry":{"type":"Point","coordinates":[-48.93643,-27.104891]}},{"type":"Feature","properties":{"x":729773.2,"y":7021676.1,"altura_m":7.63,"area_m2":39808,"classe":"?","nome":""},"geometry":{"type":"Point","coordinates":[-48.686351,-26.907803]}},{"type":"Feature","properties":{"x":700821.2,"y":6995972.1,"altura_m":7.6,"area_m2":2240,"classe":"?","nome":""},"geometry":{"type":"Point","coordinates":[-48.973559,-27.144203]}},{"type":"Feature","properties":{"x":711557.2,"y":7021428.1,"altura_m":7.42,"area_m2":1920,"classe":"?","nome":""},"geometry":{"type":"Point","coordinates":[-48.869624,-26.912927]}},{"type":"Feature","properties":{"x":703997.2,"y":6999892.1,"altura_m":7.39,"area_m2":960,"classe":"ponte","nome":""},"geometry":{"type":"Point","coordinates":[-48.942175,-27.108368]}},{"type":"Feature","properties":{"x":712285.2,"y":7008108.1,"altura_m":7.32,"area_m2":2048,"classe":"?","nome":""},"geometry":{"type":"Point","coordinates":[-48.860025,-27.032993]}},{"type":"Feature","properties":{"x":730085.2,"y":7023188.1,"altura_m":7.31,"area_m2":7232,"classe":"?","nome":""},"geometry":{"type":"Point","coordinates":[-48.68349,-26.894111]}},{"type":"Feature","properties":{"x":679189.2,"y":7024556.1,"altura_m":7.29,"area_m2":40832,"classe":"?","nome":""},"geometry":{"type":"Point","coordinates":[-49.195876,-26.889241]}},{"type":"Feature","properties":{"x":647117.2,"y":7003044.1,"altura_m":7.29,"area_m2":57408,"classe":"?","nome":""},"geometry":{"type":"Point","coordinates":[-49.516143,-27.087153]}},{"type":"Feature","properties":{"x":719357.2,"y":7025980.1,"altura_m":7.28,"area_m2":320,"classe":"?","nome":""},"geometry":{"type":"Point","coordinates":[-48.791923,-26.870652]}},{"type":"Feature","properties":{"x":703229.2,"y":6996804.1,"altura_m":7.27,"area_m2":1216,"classe":"?","nome":""},"geometry":{"type":"Point","coordinates":[-48.94941,-27.136343]}},{"type":"Feature","properties":{"x":639509.2,"y":6963364.1,"altura_m":7.27,"area_m2":256,"classe":"?","nome":""},"geometry":{"type":"Point","coordinates":[-49.588342,-27.446074]}},{"type":"Feature","properties":{"x":709909.2,"y":7006524.1,"altura_m":7.24,"area_m2":384,"classe":"?","nome":""},"geometry":{"type":"Point","coordinates":[-48.883695,-27.047646]}},{"type":"Feature","properties":{"x":722277.2,"y":7024500.1,"altura_m":7.23,"area_m2":774464,"classe":"?","nome":""},"geometry":{"type":"Point","coordinates":[-48.762285,-26.883542]}},{"type":"Feature","properties":{"x":713437.2,"y":7009348.1,"altura_m":7.13,"area_m2":7168,"classe":"?","nome":""},"geometry":{"type":"Point","coordinates":[-48.848632,-27.021628]}},{"type":"Feature","properties":{"x":704429.2,"y":6997924.1,"altura_m":7.13,"area_m2":1856,"classe":"?","nome":""},"geometry":{"type":"Point","coordinates":[-48.937494,-27.126061]}},{"type":"Feature","properties":{"x":641901.2,"y":7008580.1,"altura_m":7.07,"area_m2":25344,"classe":"?","nome":""},"geometry":{"type":"Point","coordinates":[-49.569373,-27.037732]}},{"type":"Feature","properties":{"x":676109.2,"y":6986740.1,"altura_m":7.07,"area_m2":896,"classe":"?","nome":""},"geometry":{"type":"Point","coordinates":[-49.221498,-27.230891]}},{"type":"Feature","properties":{"x":718501.2,"y":7026788.1,"altura_m":7.03,"area_m2":256,"classe":"?","nome":""},"geometry":{"type":"Point","coordinates":[-48.800676,-26.863496]}},{"type":"Feature","properties":{"x":634749.2,"y":6977668.1,"altura_m":7.03,"area_m2":146496,"classe":"ponte","nome":""},"geometry":{"type":"Point","coordinates":[-49.638078,-27.317453]}},{"type":"Feature","properties":{"x":705141.2,"y":7001124.1,"altura_m":6.99,"area_m2":320,"classe":"?","nome":""},"geometry":{"type":"Point","coordinates":[-48.930846,-27.097083]}},{"type":"Feature","properties":{"x":702541.2,"y":6997300.1,"altura_m":6.98,"area_m2":2112,"classe":"?","nome":""},"geometry":{"type":"Point","coordinates":[-48.95643,-27.131969]}},{"type":"Feature","properties":{"x":707989.2,"y":7003124.1,"altura_m":6.94,"area_m2":512,"classe":"?","nome":""},"geometry":{"type":"Point","coordinates":[-48.902471,-27.078612]}},{"type":"Feature","properties":{"x":685997.2,"y":6991612.1,"altura_m":6.94,"area_m2":38144,"classe":"?","nome":""},"geometry":{"type":"Point","coordinates":[-49.122419,-27.185625]}},{"type":"Feature","properties":{"x":672941.2,"y":7028308.1,"altura_m":6.93,"area_m2":512,"classe":"?","nome":""},"geometry":{"type":"Point","coordinates":[-49.259277,-26.85617]}},{"type":"Feature","properties":{"x":730101.2,"y":7023092.1,"altura_m":6.93,"area_m2":3136,"classe":"?","nome":""},"geometry":{"type":"Point","coordinates":[-48.683311,-26.894975]}},{"type":"Feature","properties":{"x":713973.2,"y":7009820.1,"altura_m":6.88,"area_m2":2240,"classe":"?","nome":""},"geometry":{"type":"Point","coordinates":[-48.843314,-27.017287]}},{"type":"Feature","properties":{"x":701813.2,"y":6997396.1,"altura_m":6.87,"area_m2":320,"classe":"?","nome":""},"geometry":{"type":"Point","coordinates":[-48.963787,-27.13121]}},{"type":"Feature","properties":{"x":653949.2,"y":6940980.1,"altura_m":6.8,"area_m2":320,"classe":"?","nome":""},"geometry":{"type":"Point","coordinates":[-49.439417,-27.646523]}},{"type":"Feature","properties":{"x":707429.2,"y":7001252.1,"altura_m":6.79,"area_m2":11520,"classe":"?","nome":""},"geometry":{"type":"Point","coordinates":[-48.907802,-27.095587]}},{"type":"Feature","properties":{"x":592861.2,"y":7002292.1,"altura_m":6.77,"area_m2":10304,"classe":"?","nome":""},"geometry":{"type":"Point","coordinates":[-50.063248,-27.098653]}},{"type":"Feature","properties":{"x":679965.2,"y":6989884.1,"altura_m":6.76,"area_m2":448,"classe":"?","nome":""},"geometry":{"type":"Point","coordinates":[-49.183032,-27.20202]}},{"type":"Feature","properties":{"x":657165.2,"y":6939148.1,"altura_m":6.76,"area_m2":704,"classe":"?","nome":""},"geometry":{"type":"Point","coordinates":[-49.406586,-27.662685]}},{"type":"Feature","properties":{"x":702917.2,"y":6996916.1,"altura_m":6.75,"area_m2":960,"classe":"?","nome":""},"geometry":{"type":"Point","coordinates":[-48.952575,-27.135379]}},{"type":"Feature","properties":{"x":701381.2,"y":6996580.1,"altura_m":6.66,"area_m2":3328,"classe":"?","nome":""},"geometry":{"type":"Point","coordinates":[-48.968011,-27.138636]}},{"type":"Feature","properties":{"x":704717.2,"y":7000580.1,"altura_m":6.61,"area_m2":832,"classe":"?","nome":""},"geometry":{"type":"Point","coordinates":[-48.93503,-27.102054]}},{"type":"Feature","properties":{"x":643205.2,"y":7010444.1,"altura_m":6.57,"area_m2":320,"classe":"?","nome":""},"geometry":{"type":"Point","coordinates":[-49.556445,-27.020774]}},{"type":"Feature","properties":{"x":709717.2,"y":7020148.1,"altura_m":6.55,"area_m2":704,"classe":"?","nome":""},"geometry":{"type":"Point","coordinates":[-48.887927,-26.924754]}},{"type":"Feature","properties":{"x":639309.2,"y":7008196.1,"altura_m":6.54,"area_m2":640,"classe":"?","nome":""},"geometry":{"type":"Point","coordinates":[-49.595456,-27.041462]}},{"type":"Feature","properties":{"x":691965.2,"y":6990932.1,"altura_m":6.53,"area_m2":3328,"classe":"?","nome":""},"geometry":{"type":"Point","coordinates":[-49.062096,-27.190942]}},{"type":"Feature","properties":{"x":700453.2,"y":6996052.1,"altura_m":6.51,"area_m2":4992,"classe":"?","nome":""},"geometry":{"type":"Point","coordinates":[-48.977284,-27.143535]}},{"type":"Feature","properties":{"x":698877.2,"y":6995884.1,"altura_m":6.51,"area_m2":320,"classe":"ponte","nome":""},"geometry":{"type":"Point","coordinates":[-48.993152,-27.145279]}},{"type":"Feature","properties":{"x":702797.2,"y":6997028.1,"altura_m":6.48,"area_m2":4032,"classe":"?","nome":""},"geometry":{"type":"Point","coordinates":[-48.953804,-27.134386]}},{"type":"Feature","properties":{"x":638053.2,"y":6969332.1,"altura_m":6.48,"area_m2":448,"classe":"?","nome":""},"geometry":{"type":"Point","coordinates":[-49.603749,-27.39236]}},{"type":"Feature","properties":{"x":733797.2,"y":7021420.1,"altura_m":6.45,"area_m2":122560,"classe":"?","nome":""},"geometry":{"type":"Point","coordinates":[-48.645811,-26.909443]}},{"type":"Feature","properties":{"x":709669.2,"y":7004788.1,"altura_m":6.45,"area_m2":1088,"classe":"?","nome":""},"geometry":{"type":"Point","coordinates":[-48.88582,-27.063346]}},{"type":"Feature","properties":{"x":704053.2,"y":6999932.1,"altura_m":6.43,"area_m2":384,"classe":"ponte","nome":""},"geometry":{"type":"Point","coordinates":[-48.941617,-27.107999]}},{"type":"Feature","properties":{"x":704589.2,"y":6998812.1,"altura_m":6.43,"area_m2":3264,"classe":"?","nome":""},"geometry":{"type":"Point","coordinates":[-48.936028,-27.118025]}},{"type":"Feature","properties":{"x":697669.2,"y":6996044.1,"altura_m":6.43,"area_m2":768,"classe":"?","nome":""},"geometry":{"type":"Point","coordinates":[-49.005361,-27.144009]}},{"type":"Feature","properties":{"x":583885.2,"y":7011228.1,"altura_m":6.42,"area_m2":14464,"classe":"?","nome":""},"geometry":{"type":"Point","coordinates":[-50.154392,-27.018558]}},{"type":"Feature","properties":{"x":687357.2,"y":7025116.1,"altura_m":6.4,"area_m2":704,"classe":"represa","nome":"PCH Salto (Salto Weissbach) - Barragem III"},"geometry":{"type":"Point","coordinates":[-49.113757,-26.883113]}},{"type":"Feature","properties":{"x":702469.2,"y":6997500.1,"altura_m":6.39,"area_m2":3328,"classe":"?","nome":""},"geometry":{"type":"Point","coordinates":[-48.957189,-27.130176]}},{"type":"Feature","properties":{"x":669853.2,"y":7031732.1,"altura_m":6.38,"area_m2":576,"classe":"?","nome":""},"geometry":{"type":"Point","coordinates":[-49.290812,-26.825648]}},{"type":"Feature","properties":{"x":635973.2,"y":7007308.1,"altura_m":6.36,"area_m2":320,"classe":"ponte","nome":""},"geometry":{"type":"Point","coordinates":[-49.628985,-27.049808]}},{"type":"Feature","properties":{"x":674789.2,"y":6986716.1,"altura_m":6.35,"area_m2":320,"classe":"?","nome":""},"geometry":{"type":"Point","coordinates":[-49.234819,-27.231276]}},{"type":"Feature","properties":{"x":711909.2,"y":7008084.1,"altura_m":6.29,"area_m2":18752,"classe":"?","nome":""},"geometry":{"type":"Point","coordinates":[-48.863809,-27.033267]}},{"type":"Feature","properties":{"x":703925.2,"y":6999244.1,"altura_m":6.28,"area_m2":256,"classe":"?","nome":""},"geometry":{"type":"Point","coordinates":[-48.942794,-27.114226]}},{"type":"Feature","properties":{"x":702725.2,"y":6997404.1,"altura_m":6.27,"area_m2":8000,"classe":"?","nome":""},"geometry":{"type":"Point","coordinates":[-48.954592,-27.131004]}},{"type":"Feature","properties":{"x":684261.2,"y":7023572.1,"altura_m":6.25,"area_m2":1280,"classe":"?","nome":""},"geometry":{"type":"Point","coordinates":[-49.144686,-26.897459]}},{"type":"Feature","properties":{"x":668149.2,"y":7031668.1,"altura_m":6.24,"area_m2":1408,"classe":"?","nome":""},"geometry":{"type":"Point","coordinates":[-49.307944,-26.826432]}},{"type":"Feature","properties":{"x":696661.2,"y":6995940.1,"altura_m":6.22,"area_m2":320,"classe":"?","nome":""},"geometry":{"type":"Point","coordinates":[-49.015511,-27.145092]}},{"type":"Feature","properties":{"x":637269.2,"y":7016300.1,"altura_m":6.21,"area_m2":347648,"classe":"?","nome":""},"geometry":{"type":"Point","coordinates":[-49.616914,-26.968519]}},{"type":"Feature","properties":{"x":710125.2,"y":7005852.1,"altura_m":6.19,"area_m2":320,"classe":"?","nome":""},"geometry":{"type":"Point","coordinates":[-48.881405,-27.053677]}},{"type":"Feature","properties":{"x":701405.2,"y":6996796.1,"altura_m":6.19,"area_m2":2688,"classe":"?","nome":""},"geometry":{"type":"Point","coordinates":[-48.967804,-27.136683]}},{"type":"Feature","properties":{"x":593829.2,"y":6993220.1,"altura_m":6.17,"area_m2":36032,"classe":"?","nome":""},"geometry":{"type":"Point","coordinates":[-50.052794,-27.180482]}},{"type":"Feature","properties":{"x":637461.2,"y":6968100.1,"altura_m":6.16,"area_m2":8832,"classe":"represa","nome":""},"geometry":{"type":"Point","coordinates":[-49.609596,-27.403539]}},{"type":"Feature","properties":{"x":711245.2,"y":7021412.1,"altura_m":6.15,"area_m2":1536,"classe":"?","nome":""},"geometry":{"type":"Point","coordinates":[-48.872761,-26.913118]}},{"type":"Feature","properties":{"x":729325.2,"y":7019308.1,"altura_m":6.14,"area_m2":11456,"classe":"?","nome":""},"geometry":{"type":"Point","coordinates":[-48.690424,-26.929239]}},{"type":"Feature","properties":{"x":700365.2,"y":6995852.1,"altura_m":6.14,"area_m2":3392,"classe":"?","nome":""},"geometry":{"type":"Point","coordinates":[-48.978139,-27.145352]}},{"type":"Feature","properties":{"x":592693.2,"y":7002900.1,"altura_m":6.12,"area_m2":1216,"classe":"?","nome":""},"geometry":{"type":"Point","coordinates":[-50.064988,-27.093176]}},{"type":"Feature","properties":{"x":730413.2,"y":7024140.1,"altura_m":6.08,"area_m2":114432,"classe":"?","nome":""},"geometry":{"type":"Point","coordinates":[-48.680365,-26.885469]}},{"type":"Feature","properties":{"x":710101.2,"y":7006828.1,"altura_m":6.07,"area_m2":256,"classe":"?","nome":""},"geometry":{"type":"Point","coordinates":[-48.881812,-27.044875]}},{"type":"Feature","properties":{"x":718613.2,"y":7026588.1,"altura_m":5.94,"area_m2":256,"classe":"ponte","nome":""},"geometry":{"type":"Point","coordinates":[-48.799514,-26.865283]}},{"type":"Feature","properties":{"x":702621.2,"y":6997348.1,"altura_m":5.94,"area_m2":1536,"classe":"?","nome":""},"geometry":{"type":"Point","coordinates":[-48.955631,-27.131525]}},{"type":"Feature","properties":{"x":729637.2,"y":7020140.1,"altura_m":5.91,"area_m2":2048,"classe":"?","nome":""},"geometry":{"type":"Point","coordinates":[-48.687437,-26.921682]}},{"type":"Feature","properties":{"x":586197.2,"y":7009564.1,"altura_m":5.91,"area_m2":1536,"classe":"?","nome":""},"geometry":{"type":"Point","coordinates":[-50.130972,-27.033438]}},{"type":"Feature","properties":{"x":701533.2,"y":6996980.1,"altura_m":5.9,"area_m2":2560,"classe":"?","nome":""},"geometry":{"type":"Point","coordinates":[-48.966543,-27.135004]}},{"type":"Feature","properties":{"x":723181.2,"y":7027556.1,"altura_m":5.87,"area_m2":82432,"classe":"?","nome":""},"geometry":{"type":"Point","coordinates":[-48.753735,-26.855827]}},{"type":"Feature","properties":{"x":703933.2,"y":6999828.1,"altura_m":5.86,"area_m2":640,"classe":"?","nome":""},"geometry":{"type":"Point","coordinates":[-48.94281,-27.108955]}},{"type":"Feature","properties":{"x":699933.2,"y":6996364.1,"altura_m":5.86,"area_m2":5696,"classe":"?","nome":""},"geometry":{"type":"Point","coordinates":[-48.982579,-27.140795]}},{"type":"Feature","properties":{"x":641949.2,"y":7008460.1,"altura_m":5.85,"area_m2":384,"classe":"?","nome":""},"geometry":{"type":"Point","coordinates":[-49.568876,-27.038811]}},{"type":"Feature","properties":{"x":686685.2,"y":7024836.1,"altura_m":5.79,"area_m2":896,"classe":"?","nome":""},"geometry":{"type":"Point","coordinates":[-49.120478,-26.88573]}},{"type":"Feature","properties":{"x":730085.2,"y":7021940.1,"altura_m":5.78,"area_m2":13120,"classe":"?","nome":""},"geometry":{"type":"Point","coordinates":[-48.68326,-26.90537]}},{"type":"Feature","properties":{"x":700605.2,"y":6995844.1,"altura_m":5.73,"area_m2":5248,"classe":"?","nome":""},"geometry":{"type":"Point","coordinates":[-48.975717,-27.145389]}},{"type":"Feature","properties":{"x":671765.2,"y":7022340.1,"altura_m":5.69,"area_m2":1344,"classe":"?","nome":""},"geometry":{"type":"Point","coordinates":[-49.27029,-26.910174]}},{"type":"Feature","properties":{"x":622221.2,"y":6981260.1,"altura_m":5.67,"area_m2":1664,"classe":"?","nome":""},"geometry":{"type":"Point","coordinates":[-49.765034,-27.286207]}},{"type":"Feature","properties":{"x":620589.2,"y":6980860.1,"altura_m":5.64,"area_m2":1216,"classe":"?","nome":""},"geometry":{"type":"Point","coordinates":[-49.781482,-27.289962]}},{"type":"Feature","properties":{"x":597901.2,"y":6998140.1,"altura_m":5.61,"area_m2":98176,"classe":"?","nome":""},"geometry":{"type":"Point","coordinates":[-50.012083,-27.135786]}},{"type":"Feature","properties":{"x":648589.2,"y":7005596.1,"altura_m":5.58,"area_m2":512,"classe":"?","nome":""},"geometry":{"type":"Point","coordinates":[-49.501606,-27.063963]}},{"type":"Feature","properties":{"x":704069.2,"y":6999940.1,"altura_m":5.56,"area_m2":256,"classe":"?","nome":""},"geometry":{"type":"Point","coordinates":[-48.941457,-27.107925]}},{"type":"Feature","properties":{"x":687853.2,"y":7025460.1,"altura_m":5.55,"area_m2":34496,"classe":"represa","nome":""},"geometry":{"type":"Point","coordinates":[-49.108817,-26.879942]}},{"type":"Feature","properties":{"x":701805.2,"y":6997452.1,"altura_m":5.5,"area_m2":256,"classe":"?","nome":""},"geometry":{"type":"Point","coordinates":[-48.963877,-27.130706]}},{"type":"Feature","properties":{"x":701557.2,"y":6997148.1,"altura_m":5.49,"area_m2":704,"classe":"?","nome":""},"geometry":{"type":"Point","coordinates":[-48.966329,-27.133485]}},{"type":"Feature","properties":{"x":638061.2,"y":6969292.1,"altura_m":5.49,"area_m2":320,"classe":"ponte","nome":""},"geometry":{"type":"Point","coordinates":[-49.603664,-27.39272]}},{"type":"Feature","properties":{"x":699901.2,"y":6996412.1,"altura_m":5.47,"area_m2":256,"classe":"?","nome":""},"geometry":{"type":"Point","coordinates":[-48.98291,-27.140367]}},{"type":"Feature","properties":{"x":671805.2,"y":7030420.1,"altura_m":5.45,"area_m2":13824,"classe":"ponte","nome":""},"geometry":{"type":"Point","coordinates":[-49.270997,-26.83725]}},{"type":"Feature","properties":{"x":709541.2,"y":7004636.1,"altura_m":5.45,"area_m2":320,"classe":"?","nome":""},"geometry":{"type":"Point","coordinates":[-48.887084,-27.064736]}},{"type":"Feature","properties":{"x":635773.2,"y":6990780.1,"altura_m":5.44,"area_m2":768,"classe":"?","nome":""},"geometry":{"type":"Point","coordinates":[-49.629183,-27.199007]}},{"type":"Feature","properties":{"x":692589.2,"y":7020796.1,"altura_m":5.41,"area_m2":256,"classe":"?","nome":""},"geometry":{"type":"Point","coordinates":[-49.060441,-26.921382]}},{"type":"Feature","properties":{"x":649333.2,"y":6951236.1,"altura_m":5.4,"area_m2":132864,"classe":"?","nome":""},"geometry":{"type":"Point","coordinates":[-49.487467,-27.554485]}},{"type":"Feature","properties":{"x":644885.2,"y":7007100.1,"altura_m":5.38,"area_m2":49792,"classe":"?","nome":""},"geometry":{"type":"Point","coordinates":[-49.539124,-27.050781]}},{"type":"Feature","properties":{"x":698629.2,"y":7024060.1,"altura_m":5.37,"area_m2":704,"classe":"?","nome":""},"geometry":{"type":"Point","coordinates":[-49.000161,-26.891082]}},{"type":"Feature","properties":{"x":709325.2,"y":7004100.1,"altura_m":5.37,"area_m2":448,"classe":"?","nome":""},"geometry":{"type":"Point","coordinates":[-48.88917,-27.069605]}},{"type":"Feature","properties":{"x":708773.2,"y":7003644.1,"altura_m":5.37,"area_m2":384,"classe":"?","nome":""},"geometry":{"type":"Point","coordinates":[-48.894657,-27.073803]}},{"type":"Feature","properties":{"x":594277.2,"y":7002564.1,"altura_m":5.37,"area_m2":384,"classe":"?","nome":""},"geometry":{"type":"Point","coordinates":[-50.048986,-27.096102]}},{"type":"Feature","properties":{"x":635429.2,"y":7009340.1,"altura_m":5.36,"area_m2":19200,"classe":"?","nome":""},"geometry":{"type":"Point","coordinates":[-49.634691,-27.031521]}},{"type":"Feature","properties":{"x":587157.2,"y":7008484.1,"altura_m":5.36,"area_m2":2688,"classe":"?","nome":""},"geometry":{"type":"Point","coordinates":[-50.121219,-27.043127]}},{"type":"Feature","properties":{"x":715613.2,"y":7022908.1,"altura_m":5.31,"area_m2":704,"classe":"?","nome":""},"geometry":{"type":"Point","coordinates":[-48.829059,-26.898952]}},{"type":"Feature","properties":{"x":729309.2,"y":7020108.1,"altura_m":5.31,"area_m2":5312,"classe":"?","nome":""},"geometry":{"type":"Point","coordinates":[-48.690732,-26.922025]}},{"type":"Feature","properties":{"x":701797.2,"y":6997484.1,"altura_m":5.3,"area_m2":1920,"classe":"?","nome":""},"geometry":{"type":"Point","coordinates":[-48.963963,-27.130418]}},{"type":"Feature","properties":{"x":654045.2,"y":6940836.1,"altura_m":5.3,"area_m2":1024,"classe":"?","nome":""},"geometry":{"type":"Point","coordinates":[-49.438425,-27.647811]}},{"type":"Feature","properties":{"x":696445.2,"y":6996060.1,"altura_m":5.29,"area_m2":4736,"classe":"?","nome":""},"geometry":{"type":"Point","coordinates":[-49.017709,-27.14404]}},{"type":"Feature","properties":{"x":594997.2,"y":7002788.1,"altura_m":5.27,"area_m2":1152,"classe":"?","nome":""},"geometry":{"type":"Point","coordinates":[-50.041742,-27.094031]}},{"type":"Feature","properties":{"x":654117.2,"y":6940548.1,"altura_m":5.25,"area_m2":448,"classe":"?","nome":""},"geometry":{"type":"Point","coordinates":[-49.437659,-27.650402]}},{"type":"Feature","properties":{"x":642069.2,"y":7008396.1,"altura_m":5.24,"area_m2":9920,"classe":"?","nome":""},"geometry":{"type":"Point","coordinates":[-49.567659,-27.039376]}},{"type":"Feature","properties":{"x":634557.2,"y":6979364.1,"altura_m":5.24,"area_m2":33088,"classe":"ponte","nome":""},"geometry":{"type":"Point","coordinates":[-49.640205,-27.302164]}},{"type":"Feature","properties":{"x":698357.2,"y":7023988.1,"altura_m":5.22,"area_m2":1408,"classe":"?","nome":""},"geometry":{"type":"Point","coordinates":[-49.002887,-26.89177]}},{"type":"Feature","properties":{"x":696157.2,"y":6996060.1,"altura_m":5.22,"area_m2":960,"classe":"?","nome":""},"geometry":{"type":"Point","coordinates":[-49.020614,-27.144081]}},{"type":"Feature","properties":{"x":729989.2,"y":7019924.1,"altura_m":5.2,"area_m2":5120,"classe":"?","nome":""},"geometry":{"type":"Point","coordinates":[-48.683854,-26.923573]}},{"type":"Feature","properties":{"x":687293.2,"y":7025092.1,"altura_m":5.18,"area_m2":832,"classe":"represa","nome":"PCH Salto (Salto Weissbach) - Barragem III"},"geometry":{"type":"Point","coordinates":[-49.114398,-26.883338]}},{"type":"Feature","properties":{"x":690245.2,"y":7024764.1,"altura_m":5.17,"area_m2":150336,"classe":"?","nome":""},"geometry":{"type":"Point","coordinates":[-49.084641,-26.885899]}},{"type":"Feature","properties":{"x":704517.2,"y":7021876.1,"altura_m":5.16,"area_m2":640,"classe":"?","nome":""},"geometry":{"type":"Point","coordinates":[-48.940552,-26.909936]}},{"type":"Feature","properties":{"x":637469.2,"y":7013060.1,"altura_m":5.16,"area_m2":1216,"classe":"?","nome":""},"geometry":{"type":"Point","coordinates":[-49.614542,-26.997743]}},{"type":"Feature","properties":{"x":710237.2,"y":7006820.1,"altura_m":5.14,"area_m2":512,"classe":"?","nome":""},"geometry":{"type":"Point","coordinates":[-48.88044,-27.044926]}},{"type":"Feature","properties":{"x":704725.2,"y":7000532.1,"altura_m":5.13,"area_m2":320,"classe":"?","nome":""},"geometry":{"type":"Point","coordinates":[-48.934942,-27.102486]}},{"type":"Feature","properties":{"x":691581.2,"y":7023476.1,"altura_m":5.11,"area_m2":576,"classe":"?","nome":""},"geometry":{"type":"Point","coordinates":[-49.070999,-26.897338]}},{"type":"Feature","properties":{"x":618269.2,"y":6992524.1,"altura_m":5.1,"area_m2":384,"classe":"?","nome":""},"geometry":{"type":"Point","coordinates":[-49.806045,-27.184882]}},{"type":"Feature","properties":{"x":643997.2,"y":7009908.1,"altura_m":5.08,"area_m2":15296,"classe":"?","nome":""},"geometry":{"type":"Point","coordinates":[-49.548401,-27.02553]}},{"type":"Feature","properties":{"x":670877.2,"y":7021940.1,"altura_m":5.07,"area_m2":512,"classe":"?","nome":""},"geometry":{"type":"Point","coordinates":[-49.279174,-26.913893]}},{"type":"Feature","properties":{"x":648653.2,"y":7005500.1,"altura_m":5.07,"area_m2":512,"classe":"?","nome":""},"geometry":{"type":"Point","coordinates":[-49.50095,-27.064822]}},{"type":"Feature","properties":{"x":644349.2,"y":7009364.1,"altura_m":5.05,"area_m2":16832,"classe":"?","nome":""},"geometry":{"type":"Point","coordinates":[-49.544791,-27.030403]}},{"type":"Feature","properties":{"x":620661.2,"y":6981228.1,"altura_m":5.05,"area_m2":7936,"classe":"?","nome":""},"geometry":{"type":"Point","coordinates":[-49.780791,-27.286635]}},{"type":"Feature","properties":{"x":643245.2,"y":7010476.1,"altura_m":5.04,"area_m2":320,"classe":"?","nome":""},"geometry":{"type":"Point","coordinates":[-49.556046,-27.020481]}},{"type":"Feature","properties":{"x":636477.2,"y":7008036.1,"altura_m":5.04,"area_m2":384,"classe":"?","nome":""},"geometry":{"type":"Point","coordinates":[-49.623984,-27.043188]}},{"type":"Feature","properties":{"x":709989.2,"y":7006372.1,"altura_m":5.04,"area_m2":256,"classe":"?","nome":""},"geometry":{"type":"Point","coordinates":[-48.882863,-27.049006]}},{"type":"Feature","properties":{"x":730037.2,"y":7022612.1,"altura_m":5.02,"area_m2":1408,"classe":"?","nome":""},"geometry":{"type":"Point","coordinates":[-48.683866,-26.899316]}},{"type":"Feature","properties":{"x":676413.2,"y":6986876.1,"altura_m":5.01,"area_m2":1408,"classe":"?","nome":""},"geometry":{"type":"Point","coordinates":[-49.218448,-27.229625]}},{"type":"Feature","properties":{"x":710677.2,"y":7021028.1,"altura_m":5.0,"area_m2":1856,"classe":"?","nome":""},"geometry":{"type":"Point","coordinates":[-48.878413,-26.916669]}},{"type":"Feature","properties":{"x":591413.2,"y":7004172.1,"altura_m":4.99,"area_m2":384,"classe":"?","nome":""},"geometry":{"type":"Point","coordinates":[-50.077993,-27.081779]}},{"type":"Feature","properties":{"x":676405.2,"y":7026100.1,"altura_m":4.97,"area_m2":91200,"classe":"?","nome":""},"geometry":{"type":"Point","coordinates":[-49.224113,-26.875662]}},{"type":"Feature","properties":{"x":644061.2,"y":7007508.1,"altura_m":4.95,"area_m2":1472,"classe":"?","nome":""},"geometry":{"type":"Point","coordinates":[-49.547478,-27.047185]}},{"type":"Feature","properties":{"x":648229.2,"y":7003572.1,"altura_m":4.95,"area_m2":448,"classe":"?","nome":""},"geometry":{"type":"Point","coordinates":[-49.504993,-27.082269]}},{"type":"Feature","properties":{"x":730149.2,"y":7022972.1,"altura_m":4.92,"area_m2":2112,"classe":"?","nome":""},"geometry":{"type":"Point","coordinates":[-48.682806,-26.896049]}},{"type":"Feature","properties":{"x":595317.2,"y":6994988.1,"altura_m":4.9,"area_m2":272320,"classe":"?","nome":""},"geometry":{"type":"Point","coordinates":[-50.037912,-27.16442]}},{"type":"Feature","properties":{"x":636461.2,"y":6974812.1,"altura_m":4.89,"area_m2":51264,"classe":"?","nome":""},"geometry":{"type":"Point","coordinates":[-49.62046,-27.34306]}},{"type":"Feature","properties":{"x":670469.2,"y":7031564.1,"altura_m":4.88,"area_m2":448,"classe":"?","nome":""},"geometry":{"type":"Point","coordinates":[-49.284593,-26.827089]}},{"type":"Feature","properties":{"x":684941.2,"y":6990916.1,"altura_m":4.87,"area_m2":256,"classe":"?","nome":""},"geometry":{"type":"Point","coordinates":[-49.13297,-27.192048]}},{"type":"Feature","properties":{"x":696101.2,"y":6995980.1,"altura_m":4.86,"area_m2":1408,"classe":"?","nome":""},"geometry":{"type":"Point","coordinates":[-49.021166,-27.14481]}},{"type":"Feature","properties":{"x":700933.2,"y":6995876.1,"altura_m":4.86,"area_m2":768,"classe":"?","nome":""},"geometry":{"type":"Point","coordinates":[-48.972414,-27.145053]}},{"type":"Feature","properties":{"x":698917.2,"y":6995876.1,"altura_m":4.86,"area_m2":384,"classe":"ponte","nome":""},"geometry":{"type":"Point","coordinates":[-48.992747,-27.145345]}},{"type":"Feature","properties":{"x":653981.2,"y":6940820.1,"altura_m":4.84,"area_m2":12352,"classe":"?","nome":""},"geometry":{"type":"Point","coordinates":[-49.439072,-27.647963]}},{"type":"Feature","properties":{"x":642813.2,"y":7008556.1,"altura_m":4.82,"area_m2":704,"classe":"?","nome":""},"geometry":{"type":"Point","coordinates":[-49.560178,-27.037855]}},{"type":"Feature","properties":{"x":671877.2,"y":7030716.1,"altura_m":4.78,"area_m2":512,"classe":"?","nome":""},"geometry":{"type":"Point","coordinates":[-49.270313,-26.83457]}},{"type":"Feature","properties":{"x":692101.2,"y":7023708.1,"altura_m":4.76,"area_m2":320,"classe":"?","nome":""},"geometry":{"type":"Point","coordinates":[-49.065801,-26.895173]}},{"type":"Feature","properties":{"x":693157.2,"y":6990860.1,"altura_m":4.76,"area_m2":448,"classe":"ponte","nome":""},"geometry":{"type":"Point","coordinates":[-49.050057,-27.191424]}},{"type":"Feature","properties":{"x":696933.2,"y":7023364.1,"altura_m":4.74,"area_m2":448,"classe":"?","nome":""},"geometry":{"type":"Point","coordinates":[-49.017119,-26.897602]}},{"type":"Feature","properties":{"x":644893.2,"y":6998004.1,"altura_m":4.74,"area_m2":35200,"classe":"?","nome":""},"geometry":{"type":"Point","coordinates":[-49.537978,-27.132877]}},{"type":"Feature","properties":{"x":640965.2,"y":7009692.1,"altura_m":4.73,"area_m2":448,"classe":"?","nome":""},"geometry":{"type":"Point","coordinates":[-49.578934,-27.027791]}},{"type":"Feature","properties":{"x":653093.2,"y":7003468.1,"altura_m":4.73,"area_m2":448,"classe":"?","nome":""},"geometry":{"type":"Point","coordinates":[-49.455937,-27.082677]}},{"type":"Feature","properties":{"x":696197.2,"y":6996028.1,"altura_m":4.72,"area_m2":832,"classe":"?","nome":""},"geometry":{"type":"Point","coordinates":[-49.020205,-27.144364]}},{"type":"Feature","properties":{"x":688301.2,"y":6991644.1,"altura_m":4.71,"area_m2":640,"classe":"?","nome":""},"geometry":{"type":"Point","coordinates":[-49.099176,-27.185023]}},{"type":"Feature","properties":{"x":641061.2,"y":7009636.1,"altura_m":4.7,"area_m2":448,"classe":"?","nome":""},"geometry":{"type":"Point","coordinates":[-49.57796,-27.028287]}},{"type":"Feature","properties":{"x":637845.2,"y":7008676.1,"altura_m":4.68,"area_m2":73216,"classe":"ponte","nome":""},"geometry":{"type":"Point","coordinates":[-49.610266,-27.037276]}},{"type":"Feature","properties":{"x":716421.2,"y":7024076.1,"altura_m":4.65,"area_m2":640,"classe":"?","nome":""},"geometry":{"type":"Point","coordinates":[-48.82113,-26.888288]}},{"type":"Feature","properties":{"x":729533.2,"y":7019924.1,"altura_m":4.64,"area_m2":8768,"classe":"?","nome":""},"geometry":{"type":"Point","coordinates":[-48.688443,-26.923648]}},{"type":"Feature","properties":{"x":707549.2,"y":7003012.1,"altura_m":4.64,"area_m2":256,"classe":"?","nome":""},"geometry":{"type":"Point","coordinates":[-48.906887,-27.079689]}},{"type":"Feature","properties":{"x":698069.2,"y":6995756.1,"altura_m":4.64,"area_m2":960,"classe":"?","nome":""},"geometry":{"type":"Point","coordinates":[-49.001281,-27.14655]}},{"type":"Feature","properties":{"x":694293.2,"y":6990404.1,"altura_m":4.63,"area_m2":256,"classe":"?","nome":""},"geometry":{"type":"Point","coordinates":[-49.038522,-27.195379]}},{"type":"Feature","properties":{"x":655469.2,"y":6939892.1,"altura_m":4.63,"area_m2":3776,"classe":"?","nome":""},"geometry":{"type":"Point","coordinates":[-49.423872,-27.656167]}},{"type":"Feature","properties":{"x":648525.2,"y":7005652.1,"altura_m":4.61,"area_m2":832,"classe":"?","nome":""},"geometry":{"type":"Point","coordinates":[-49.502258,-27.063464]}},{"type":"Feature","properties":{"x":678829.2,"y":6989284.1,"altura_m":4.6,"area_m2":1152,"classe":"?","nome":""},"geometry":{"type":"Point","coordinates":[-49.19441,-27.207583]}},{"type":"Feature","properties":{"x":659597.2,"y":7008788.1,"altura_m":4.59,"area_m2":2816,"classe":"?","nome":""},"geometry":{"type":"Point","coordinates":[-49.391045,-27.033929]}},{"type":"Feature","properties":{"x":641141.2,"y":7009724.1,"altura_m":4.58,"area_m2":320,"classe":"?","nome":""},"geometry":{"type":"Point","coordinates":[-49.577164,-27.027485]}},{"type":"Feature","properties":{"x":712765.2,"y":7008476.1,"altura_m":4.58,"area_m2":2240,"classe":"?","nome":""},"geometry":{"type":"Point","coordinates":[-48.855252,-27.029599]}},{"type":"Feature","properties":{"x":696693.2,"y":6996044.1,"altura_m":4.58,"area_m2":256,"classe":"?","nome":""},"geometry":{"type":"Point","coordinates":[-49.015205,-27.144149]}},{"type":"Feature","properties":{"x":653077.2,"y":6944444.1,"altura_m":4.58,"area_m2":3136,"classe":"?","nome":""},"geometry":{"type":"Point","coordinates":[-49.448694,-27.615361]}},{"type":"Feature","properties":{"x":654685.2,"y":6939524.1,"altura_m":4.58,"area_m2":448,"classe":"?","nome":""},"geometry":{"type":"Point","coordinates":[-49.43177,-27.659578]}},{"type":"Feature","properties":{"x":703933.2,"y":6999188.1,"altura_m":4.56,"area_m2":256,"classe":"?","nome":""},"geometry":{"type":"Point","coordinates":[-48.942705,-27.11473]}},{"type":"Feature","properties":{"x":586325.2,"y":7009356.1,"altura_m":4.55,"area_m2":5568,"classe":"?","nome":""},"geometry":{"type":"Point","coordinates":[-50.129667,-27.035307]}},{"type":"Feature","properties":{"x":694573.2,"y":6989828.1,"altura_m":4.53,"area_m2":832,"classe":"?","nome":""},"geometry":{"type":"Point","coordinates":[-49.035606,-27.200537]}},{"type":"Feature","properties":{"x":643877.2,"y":7010156.1,"altura_m":4.52,"area_m2":59520,"classe":"?","nome":""},"geometry":{"type":"Point","coordinates":[-49.54964,-27.023304]}},{"type":"Feature","properties":{"x":688045.2,"y":6990844.1,"altura_m":4.51,"area_m2":1088,"classe":"?","nome":""},"geometry":{"type":"Point","coordinates":[-49.101637,-27.192277]}},{"type":"Feature","properties":{"x":681909.2,"y":7025364.1,"altura_m":4.49,"area_m2":320,"classe":"?","nome":""},"geometry":{"type":"Point","coordinates":[-49.168619,-26.881597]}},{"type":"Feature","properties":{"x":696677.2,"y":6992604.1,"altura_m":4.49,"area_m2":768,"classe":"?","nome":""},"geometry":{"type":"Point","coordinates":[-49.014818,-27.17519]}},{"type":"Feature","properties":{"x":640357.2,"y":7009820.1,"altura_m":4.48,"area_m2":960,"classe":"?","nome":""},"geometry":{"type":"Point","coordinates":[-49.585076,-27.026698]}},{"type":"Feature","properties":{"x":655469.2,"y":7004228.1,"altura_m":4.48,"area_m2":41856,"classe":"?","nome":""},"geometry":{"type":"Point","coordinates":[-49.432076,-27.075553]}},{"type":"Feature","properties":{"x":700197.2,"y":6996004.1,"altura_m":4.46,"area_m2":640,"classe":"?","nome":""},"geometry":{"type":"Point","coordinates":[-48.979858,-27.144005]}},{"type":"Feature","properties":{"x":638077.2,"y":6968956.1,"altura_m":4.44,"area_m2":384,"classe":"ponte","nome":""},"geometry":{"type":"Point","coordinates":[-49.603464,-27.395751]}},{"type":"Feature","properties":{"x":718605.2,"y":7026508.1,"altura_m":4.42,"area_m2":384,"classe":"?","nome":""},"geometry":{"type":"Point","coordinates":[-48.799581,-26.866006]}},{"type":"Feature","properties":{"x":594821.2,"y":7002796.1,"altura_m":4.42,"area_m2":3712,"classe":"?","nome":""},"geometry":{"type":"Point","coordinates":[-50.043517,-27.09397]}},{"type":"Feature","properties":{"x":659301.2,"y":6938100.1,"altura_m":4.42,"area_m2":320,"classe":"?","nome":""},"geometry":{"type":"Point","coordinates":[-49.384798,-27.671891]}},{"type":"Feature","properties":{"x":729165.2,"y":7018860.1,"altura_m":4.38,"area_m2":704,"classe":"ponte","nome":""},"geometry":{"type":"Point","coordinates":[-48.691952,-26.933307]}},{"type":"Feature","properties":{"x":719261.2,"y":7025908.1,"altura_m":4.37,"area_m2":256,"classe":"?","nome":""},"geometry":{"type":"Point","coordinates":[-48.792876,-26.871316]}},{"type":"Feature","properties":{"x":704197.2,"y":7021652.1,"altura_m":4.34,"area_m2":320,"classe":"?","nome":""},"geometry":{"type":"Point","coordinates":[-48.943736,-26.912004]}},{"type":"Feature","properties":{"x":687397.2,"y":6991156.1,"altura_m":4.34,"area_m2":1216,"classe":"?","nome":""},"geometry":{"type":"Point","coordinates":[-49.108224,-27.18955]}},{"type":"Feature","properties":{"x":637637.2,"y":6965508.1,"altura_m":4.34,"area_m2":576,"classe":"?","nome":""},"geometry":{"type":"Point","coordinates":[-49.607523,-27.426915]}},{"type":"Feature","properties":{"x":642453.2,"y":6957124.1,"altura_m":4.34,"area_m2":320,"classe":"?","nome":""},"geometry":{"type":"Point","coordinates":[-49.557827,-27.502086]}},{"type":"Feature","properties":{"x":712965.2,"y":7008684.1,"altura_m":4.33,"area_m2":5952,"classe":"?","nome":""},"geometry":{"type":"Point","coordinates":[-48.853273,-27.027692]}},{"type":"Feature","properties":{"x":652733.2,"y":6945148.1,"altura_m":4.33,"area_m2":640,"classe":"?","nome":""},"geometry":{"type":"Point","coordinates":[-49.452269,-27.609047]}},{"type":"Feature","properties":{"x":676189.2,"y":7024828.1,"altura_m":4.32,"area_m2":320,"classe":"?","nome":""},"geometry":{"type":"Point","coordinates":[-49.226107,-26.887168]}},{"type":"Feature","properties":{"x":581861.2,"y":7018276.1,"altura_m":4.3,"area_m2":576,"classe":"?","nome":""},"geometry":{"type":"Point","coordinates":[-50.175257,-26.955052]}},{"type":"Feature","properties":{"x":658725.2,"y":7008116.1,"altura_m":4.28,"area_m2":1152,"classe":"?","nome":""},"geometry":{"type":"Point","coordinates":[-49.399747,-27.040094]}},{"type":"Feature","properties":{"x":700077.2,"y":6995948.1,"altura_m":4.28,"area_m2":896,"classe":"?","nome":""},"geometry":{"type":"Point","coordinates":[-48.981059,-27.144528]}},{"type":"Feature","properties":{"x":695637.2,"y":6991996.1,"altura_m":4.28,"area_m2":1152,"classe":"?","nome":""},"geometry":{"type":"Point","coordinates":[-49.025213,-27.180824]}},{"type":"Feature","properties":{"x":733837.2,"y":7021380.1,"altura_m":4.26,"area_m2":5632,"classe":"?","nome":""},"geometry":{"type":"Point","coordinates":[-48.645401,-26.909797]}},{"type":"Feature","properties":{"x":704581.2,"y":6999084.1,"altura_m":4.25,"area_m2":256,"classe":"?","nome":""},"geometry":{"type":"Point","coordinates":[-48.936154,-27.115572]}},{"type":"Feature","properties":{"x":721557.2,"y":7023804.1,"altura_m":4.24,"area_m2":384,"classe":"?","nome":""},"geometry":{"type":"Point","coordinates":[-48.769406,-26.889936]}},{"type":"Feature","properties":{"x":658917.2,"y":7007868.1,"altura_m":4.24,"area_m2":1600,"classe":"?","nome":""},"geometry":{"type":"Point","coordinates":[-49.397781,-27.04231]}},{"type":"Feature","properties":{"x":648381.2,"y":7003580.1,"altura_m":4.24,"area_m2":384,"classe":"?","nome":""},"geometry":{"type":"Point","coordinates":[-49.503462,-27.08218]}},{"type":"Feature","properties":{"x":637253.2,"y":6965164.1,"altura_m":4.24,"area_m2":448,"classe":"?","nome":""},"geometry":{"type":"Point","coordinates":[-49.611368,-27.430058]}},{"type":"Feature","properties":{"x":642869.2,"y":7008692.1,"altura_m":4.23,"area_m2":28032,"classe":"?","nome":""},"geometry":{"type":"Point","coordinates":[-49.55963,-27.036622]}},{"type":"Feature","properties":{"x":643725.2,"y":7010556.1,"altura_m":4.21,"area_m2":256,"classe":"?","nome":""},"geometry":{"type":"Point","coordinates":[-49.551218,-27.01971]}},{"type":"Feature","properties":{"x":705533.2,"y":7000844.1,"altura_m":4.19,"area_m2":320,"classe":"?","nome":""},"geometry":{"type":"Point","coordinates":[-48.926848,-27.099551]}},{"type":"Feature","properties":{"x":673469.2,"y":7023412.1,"altura_m":4.17,"area_m2":1408,"classe":"?","nome":""},"geometry":{"type":"Point","coordinates":[-49.253285,-26.900288]}},{"type":"Feature","properties":{"x":662013.2,"y":7008332.1,"altura_m":4.17,"area_m2":576,"classe":"?","nome":""},"geometry":{"type":"Point","coordinates":[-49.366637,-27.037764]}},{"type":"Feature","properties":{"x":637525.2,"y":6965628.1,"altura_m":4.16,"area_m2":960,"classe":"?","nome":""},"geometry":{"type":"Point","coordinates":[-49.608669,-27.425843]}},{"type":"Feature","properties":{"x":621157.2,"y":6980732.1,"altura_m":4.14,"area_m2":320,"classe":"?","nome":""},"geometry":{"type":"Point","coordinates":[-49.775731,-27.291068]}},{"type":"Feature","properties":{"x":705021.2,"y":7001132.1,"altura_m":4.13,"area_m2":320,"classe":"?","nome":""},"geometry":{"type":"Point","coordinates":[-48.932057,-27.097029]}},{"type":"Feature","properties":{"x":674549.2,"y":6986540.1,"altura_m":4.13,"area_m2":256,"classe":"?","nome":""},"geometry":{"type":"Point","coordinates":[-49.237217,-27.232895]}},{"type":"Feature","properties":{"x":615413.2,"y":6988716.1,"altura_m":4.1,"area_m2":512,"classe":"?","nome":""},"geometry":{"type":"Point","coordinates":[-49.834514,-27.219497]}},{"type":"Feature","properties":{"x":642589.2,"y":6956884.1,"altura_m":4.09,"area_m2":448,"classe":"represa","nome":"Barragem Sul"},"geometry":{"type":"Point","coordinates":[-49.556422,-27.504238]}},{"type":"Feature","properties":{"x":658477.2,"y":7005452.1,"altura_m":4.07,"area_m2":15040,"classe":"?","nome":""},"geometry":{"type":"Point","coordinates":[-49.401906,-27.064165]}},{"type":"Feature","properties":{"x":646813.2,"y":6997716.1,"altura_m":4.06,"area_m2":16576,"classe":"represa","nome":"UHE Salto Pil\u00e3o - Vertedouro"},"geometry":{"type":"Point","coordinates":[-49.518575,-27.135273]}},{"type":"Feature","properties":{"x":677285.2,"y":6988020.1,"altura_m":4.05,"area_m2":256,"classe":"?","nome":""},"geometry":{"type":"Point","coordinates":[-49.209811,-27.219189]}},{"type":"Feature","properties":{"x":641365.2,"y":7009140.1,"altura_m":4.04,"area_m2":512,"classe":"?","nome":""},"geometry":{"type":"Point","coordinates":[-49.57484,-27.032733]}},{"type":"Feature","properties":{"x":658453.2,"y":7005644.1,"altura_m":4.03,"area_m2":1856,"classe":"?","nome":""},"geometry":{"type":"Point","coordinates":[-49.402173,-27.062435]}},{"type":"Feature","properties":{"x":618189.2,"y":6992532.1,"altura_m":4.03,"area_m2":74048,"classe":"?","nome":""},"geometry":{"type":"Point","coordinates":[-49.806853,-27.184816]}},{"type":"Feature","properties":{"x":680149.2,"y":6989660.1,"altura_m":4.03,"area_m2":576,"classe":"?","nome":""},"geometry":{"type":"Point","coordinates":[-49.181143,-27.204018]}},{"type":"Feature","properties":{"x":676645.2,"y":6986972.1,"altura_m":4.02,"area_m2":576,"classe":"?","nome":""},"geometry":{"type":"Point","coordinates":[-49.21612,-27.228729]}},{"type":"Feature","properties":{"x":692397.2,"y":7023228.1,"altura_m":4.0,"area_m2":384,"classe":"?","nome":""},"geometry":{"type":"Point","coordinates":[-49.062749,-26.899463]}},{"type":"Feature","properties":{"x":641005.2,"y":7009652.1,"altura_m":3.98,"area_m2":576,"classe":"?","nome":""},"geometry":{"type":"Point","coordinates":[-49.578526,-27.028148]}},{"type":"Feature","properties":{"x":658693.2,"y":7005644.1,"altura_m":3.97,"area_m2":1408,"classe":"?","nome":""},"geometry":{"type":"Point","coordinates":[-49.399753,-27.062408]}},{"type":"Feature","properties":{"x":707381.2,"y":7002788.1,"altura_m":3.97,"area_m2":448,"classe":"?","nome":""},"geometry":{"type":"Point","coordinates":[-48.908543,-27.081735]}},{"type":"Feature","properties":{"x":657029.2,"y":7005444.1,"altura_m":3.96,"area_m2":306048,"classe":"?","nome":""},"geometry":{"type":"Point","coordinates":[-49.416503,-27.064402]}},{"type":"Feature","properties":{"x":648773.2,"y":7004924.1,"altura_m":3.96,"area_m2":25920,"classe":"?","nome":""},"geometry":{"type":"Point","coordinates":[-49.499671,-27.070008]}},{"type":"Feature","properties":{"x":675637.2,"y":6986612.1,"altura_m":3.95,"area_m2":256,"classe":"?","nome":""},"geometry":{"type":"Point","coordinates":[-49.226244,-27.232106]}},{"type":"Feature","properties":{"x":679317.2,"y":7024860.1,"altura_m":3.94,"area_m2":512,"classe":"?","nome":""},"geometry":{"type":"Point","coordinates":[-49.194631,-26.886481]}},{"type":"Feature","properties":{"x":660189.2,"y":7013476.1,"altura_m":3.94,"area_m2":5440,"classe":"?","nome":""},"geometry":{"type":"Point","coordinates":[-49.385684,-26.991552]}},{"type":"Feature","properties":{"x":593165.2,"y":7001988.1,"altura_m":3.94,"area_m2":7040,"classe":"?","nome":""},"geometry":{"type":"Point","coordinates":[-50.060159,-27.101377]}},{"type":"Feature","properties":{"x":678109.2,"y":6988692.1,"altura_m":3.94,"area_m2":320,"classe":"?","nome":""},"geometry":{"type":"Point","coordinates":[-49.201591,-27.213018]}},{"type":"Feature","properties":{"x":687821.2,"y":7025572.1,"altura_m":3.93,"area_m2":2304,"classe":"represa","nome":"PCH Salto (Salto Weissbach) - Barragem I"},"geometry":{"type":"Point","coordinates":[-49.109156,-26.878936]}},{"type":"Feature","properties":{"x":647869.2,"y":7002260.1,"altura_m":3.91,"area_m2":7232,"classe":"?","nome":""},"geometry":{"type":"Point","coordinates":[-49.508466,-27.094149]}},{"type":"Feature","properties":{"x":719885.2,"y":7016732.1,"altura_m":3.89,"area_m2":960,"classe":"?","nome":""},"geometry":{"type":"Point","coordinates":[-48.784983,-26.954003]}},{"type":"Feature","properties":{"x":594381.2,"y":7002588.1,"altura_m":3.89,"area_m2":1408,"classe":"?","nome":""},"geometry":{"type":"Point","coordinates":[-50.047939,-27.095878]}},{"type":"Feature","properties":{"x":624925.2,"y":6982412.1,"altura_m":3.88,"area_m2":1600,"classe":"?","nome":""},"geometry":{"type":"Point","coordinates":[-49.737835,-27.275566]}},{"type":"Feature","properties":{"x":620965.2,"y":6980780.1,"altura_m":3.88,"area_m2":1024,"classe":"?","nome":""},"geometry":{"type":"Point","coordinates":[-49.777675,-27.290651]}},{"type":"Feature","properties":{"x":727989.2,"y":7018844.1,"altura_m":3.87,"area_m2":4928,"classe":"?","nome":""},"geometry":{"type":"Point","coordinates":[-48.703785,-26.933645]}},{"type":"Feature","properties":{"x":687565.2,"y":7025164.1,"altura_m":3.86,"area_m2":21824,"classe":"represa","nome":""},"geometry":{"type":"Point","coordinates":[-49.111671,-26.882652]}},{"type":"Feature","properties":{"x":652901.2,"y":6943676.1,"altura_m":3.86,"area_m2":512,"classe":"?","nome":""},"geometry":{"type":"Point","coordinates":[-49.45038,-27.622312]}},{"type":"Feature","properties":{"x":718549.2,"y":7026796.1,"altura_m":3.85,"area_m2":256,"classe":"?","nome":""},"geometry":{"type":"Point","coordinates":[-48.800194,-26.863416]}},{"type":"Feature","properties":{"x":644989.2,"y":6995676.1,"altura_m":3.84,"area_m2":256512,"classe":"?","nome":""},"geometry":{"type":"Point","coordinates":[-49.536735,-27.153878]}},{"type":"Feature","properties":{"x":697789.2,"y":6996108.1,"altura_m":3.84,"area_m2":1152,"classe":"?","nome":""},"geometry":{"type":"Point","coordinates":[-49.004161,-27.143414]}},{"type":"Feature","properties":{"x":651805.2,"y":6949084.1,"altura_m":3.84,"area_m2":384,"classe":"?","nome":""},"geometry":{"type":"Point","coordinates":[-49.462166,-27.573631]}},{"type":"Feature","properties":{"x":676941.2,"y":6987340.1,"altura_m":3.83,"area_m2":448,"classe":"?","nome":""},"geometry":{"type":"Point","coordinates":[-49.213185,-27.22537]}},{"type":"Feature","properties":{"x":592725.2,"y":7002772.1,"altura_m":3.79,"area_m2":384,"classe":"?","nome":""},"geometry":{"type":"Point","coordinates":[-50.064656,-27.094329]}},{"type":"Feature","properties":{"x":718709.2,"y":7026188.1,"altura_m":3.78,"area_m2":512,"classe":"?","nome":""},"geometry":{"type":"Point","coordinates":[-48.798478,-26.868877]}},{"type":"Feature","properties":{"x":653517.2,"y":7003484.1,"altura_m":3.78,"area_m2":24768,"classe":"?","nome":""},"geometry":{"type":"Point","coordinates":[-49.451664,-27.082486]}},{"type":"Feature","properties":{"x":594557.2,"y":7002572.1,"altura_m":3.78,"area_m2":384,"classe":"?","nome":""},"geometry":{"type":"Point","coordinates":[-50.046163,-27.096011]}},{"type":"Feature","properties":{"x":697421.2,"y":6996124.1,"altura_m":3.78,"area_m2":320,"classe":"?","nome":""},"geometry":{"type":"Point","coordinates":[-49.007876,-27.143323]}},{"type":"Feature","properties":{"x":622349.2,"y":6990260.1,"altura_m":3.78,"area_m2":116800,"classe":"?","nome":""},"geometry":{"type":"Point","coordinates":[-49.764638,-27.20496]}},{"type":"Feature","properties":{"x":622293.2,"y":6981164.1,"altura_m":3.78,"area_m2":1280,"classe":"?","nome":""},"geometry":{"type":"Point","coordinates":[-49.764297,-27.287067]}},{"type":"Feature","properties":{"x":690533.2,"y":7024244.1,"altura_m":3.76,"area_m2":512,"classe":"?","nome":""},"geometry":{"type":"Point","coordinates":[-49.081664,-26.890551]}},{"type":"Feature","properties":{"x":582045.2,"y":7017388.1,"altura_m":3.76,"area_m2":512,"classe":"?","nome":""},"geometry":{"type":"Point","coordinates":[-50.173345,-26.963057]}},{"type":"Feature","properties":{"x":702037.2,"y":6997788.1,"altura_m":3.76,"area_m2":256,"classe":"?","nome":""},"geometry":{"type":"Point","coordinates":[-48.961593,-27.12764]}},{"type":"Feature","properties":{"x":707453.2,"y":7002964.1,"altura_m":3.74,"area_m2":256,"classe":"?","nome":""},"geometry":{"type":"Point","coordinates":[-48.907847,-27.080137]}},{"type":"Feature","properties":{"x":644877.2,"y":6997260.1,"altura_m":3.74,"area_m2":41536,"classe":"?","nome":""},"geometry":{"type":"Point","coordinates":[-49.538052,-27.139593]}},{"type":"Feature","properties":{"x":613229.2,"y":6995636.1,"altura_m":3.73,"area_m2":768,"classe":"?","nome":""},"geometry":{"type":"Point","coordinates":[-49.857202,-27.157215]}},{"type":"Feature","properties":{"x":645125.2,"y":7006692.1,"altura_m":3.72,"area_m2":44096,"classe":"?","nome":""},"geometry":{"type":"Point","coordinates":[-49.536657,-27.054439]}},{"type":"Feature","properties":{"x":697365.2,"y":6996124.1,"altura_m":3.72,"area_m2":1536,"classe":"?","nome":""},"geometry":{"type":"Point","coordinates":[-49.00844,-27.143331]}},{"type":"Feature","properties":{"x":687389.2,"y":6991244.1,"altura_m":3.72,"area_m2":320,"classe":"?","nome":""},"geometry":{"type":"Point","coordinates":[-49.108318,-27.188757]}},{"type":"Feature","properties":{"x":706013.2,"y":7000492.1,"altura_m":3.71,"area_m2":384,"classe":"?","nome":""},"geometry":{"type":"Point","coordinates":[-48.92195,-27.102656]}},{"type":"Feature","properties":{"x":650677.2,"y":6950052.1,"altura_m":3.69,"area_m2":2176,"classe":"?","nome":""},"geometry":{"type":"Point","coordinates":[-49.47371,-27.565021]}},{"type":"Feature","properties":{"x":650237.2,"y":6949500.1,"altura_m":3.69,"area_m2":1216,"classe":"?","nome":""},"geometry":{"type":"Point","coordinates":[-49.478097,-27.570052]}},{"type":"Feature","properties":{"x":732069.2,"y":7022860.1,"altura_m":3.68,"area_m2":1280,"classe":"?","nome":""},"geometry":{"type":"Point","coordinates":[-48.663467,-26.896741]}},{"type":"Feature","properties":{"x":650789.2,"y":7003116.1,"altura_m":3.68,"area_m2":119360,"classe":"?","nome":""},"geometry":{"type":"Point","coordinates":[-49.479125,-27.086108]}},{"type":"Feature","properties":{"x":684477.2,"y":7024212.1,"altura_m":3.67,"area_m2":640,"classe":"?","nome":""},"geometry":{"type":"Point","coordinates":[-49.142606,-26.891655]}},{"type":"Feature","properties":{"x":682653.2,"y":7024828.1,"altura_m":3.65,"area_m2":256,"classe":"?","nome":""},"geometry":{"type":"Point","coordinates":[-49.161053,-26.886336]}},{"type":"Feature","properties":{"x":687109.2,"y":7024980.1,"altura_m":3.64,"area_m2":28224,"classe":"?","nome":""},"geometry":{"type":"Point","coordinates":[-49.116232,-26.884374]}},{"type":"Feature","properties":{"x":711421.2,"y":7021332.1,"altura_m":3.62,"area_m2":320,"classe":"?","nome":""},"geometry":{"type":"Point","coordinates":[-48.870976,-26.913813]}},{"type":"Feature","properties":{"x":729613.2,"y":7019260.1,"altura_m":3.61,"area_m2":6656,"classe":"?","nome":""},"geometry":{"type":"Point","coordinates":[-48.687516,-26.929625]}},{"type":"Feature","properties":{"x":644301.2,"y":7009556.1,"altura_m":3.61,"area_m2":256,"classe":"?","nome":""},"geometry":{"type":"Point","coordinates":[-49.545297,-27.028675]}},{"type":"Feature","properties":{"x":696621.2,"y":6995988.1,"altura_m":3.61,"area_m2":704,"classe":"?","nome":""},"geometry":{"type":"Point","coordinates":[-49.015922,-27.144664]}},{"type":"Feature","properties":{"x":698461.2,"y":6995716.1,"altura_m":3.61,"area_m2":832,"classe":"?","nome":""},"geometry":{"type":"Point","coordinates":[-48.997321,-27.146855]}},{"type":"Feature","properties":{"x":676981.2,"y":7025252.1,"altura_m":3.6,"area_m2":125504,"classe":"?","nome":""},"geometry":{"type":"Point","coordinates":[-49.218196,-26.883242]}},{"type":"Feature","properties":{"x":688741.2,"y":6991092.1,"altura_m":3.6,"area_m2":320,"classe":"?","nome":""},"geometry":{"type":"Point","coordinates":[-49.094652,-27.189944]}},{"type":"Feature","properties":{"x":678885.2,"y":6989516.1,"altura_m":3.6,"area_m2":256,"classe":"?","nome":""},"geometry":{"type":"Point","coordinates":[-49.193878,-27.205482]}},{"type":"Feature","properties":{"x":635237.2,"y":7010060.1,"altura_m":3.58,"area_m2":3904,"classe":"?","nome":""},"geometry":{"type":"Point","coordinates":[-49.636704,-27.025041]}},{"type":"Feature","properties":{"x":679397.2,"y":6990212.1,"altura_m":3.58,"area_m2":256,"classe":"?","nome":""},"geometry":{"type":"Point","coordinates":[-49.188813,-27.199135]}},{"type":"Feature","properties":{"x":700749.2,"y":6996084.1,"altura_m":3.57,"area_m2":256,"classe":"?","nome":""},"geometry":{"type":"Point","coordinates":[-48.974304,-27.143203]}},{"type":"Feature","properties":{"x":670749.2,"y":7021524.1,"altura_m":3.53,"area_m2":2240,"classe":"?","nome":""},"geometry":{"type":"Point","coordinates":[-49.280406,-26.917663]}},{"type":"Feature","properties":{"x":729229.2,"y":7019084.1,"altura_m":3.53,"area_m2":384,"classe":"ponte","nome":""},"geometry":{"type":"Point","coordinates":[-48.691349,-26.931276]}},{"type":"Feature","properties":{"x":728773.2,"y":7018732.1,"altura_m":3.53,"area_m2":320,"classe":"ponte","nome":""},"geometry":{"type":"Point","coordinates":[-48.695874,-26.934527]}},{"type":"Feature","properties":{"x":616877.2,"y":6990756.1,"altura_m":3.53,"area_m2":256,"classe":"?","nome":""},"geometry":{"type":"Point","coordinates":[-49.819927,-27.200959]}},{"type":"Feature","properties":{"x":675437.2,"y":6986644.1,"altura_m":3.53,"area_m2":256,"classe":"?","nome":""},"geometry":{"type":"Point","coordinates":[-49.228268,-27.231843]}},{"type":"Feature","properties":{"x":593949.2,"y":6992580.1,"altura_m":3.52,"area_m2":512,"classe":"?","nome":""},"geometry":{"type":"Point","coordinates":[-50.051534,-27.186252]}},{"type":"Feature","properties":{"x":624877.2,"y":6982364.1,"altura_m":3.51,"area_m2":320,"classe":"?","nome":""},"geometry":{"type":"Point","coordinates":[-49.738314,-27.276003]}},{"type":"Feature","properties":{"x":618773.2,"y":6975900.1,"altura_m":3.51,"area_m2":1984,"classe":"?","nome":""},"geometry":{"type":"Point","coordinates":[-49.799347,-27.334891]}},{"type":"Feature","properties":{"x":715093.2,"y":7022644.1,"altura_m":3.5,"area_m2":320,"classe":"?","nome":""},"geometry":{"type":"Point","coordinates":[-48.834246,-26.901414]}},{"type":"Feature","properties":{"x":700525.2,"y":6995772.1,"altura_m":3.5,"area_m2":512,"classe":"?","nome":""},"geometry":{"type":"Point","coordinates":[-48.976512,-27.146051]}},{"type":"Feature","properties":{"x":680173.2,"y":6989508.1,"altura_m":3.49,"area_m2":832,"classe":"?","nome":""},"geometry":{"type":"Point","coordinates":[-49.180878,-27.205386]}},{"type":"Feature","properties":{"x":685365.2,"y":6991172.1,"altura_m":3.48,"area_m2":1280,"classe":"?","nome":""},"geometry":{"type":"Point","coordinates":[-49.12873,-27.189681]}},{"type":"Feature","properties":{"x":696461.2,"y":6993564.1,"altura_m":3.47,"area_m2":256,"classe":"?","nome":""},"geometry":{"type":"Point","coordinates":[-49.01715,-27.166559]}},{"type":"Feature","properties":{"x":644157.2,"y":7008372.1,"altura_m":3.46,"area_m2":30528,"classe":"?","nome":""},"geometry":{"type":"Point","coordinates":[-49.54661,-27.039377]}},{"type":"Feature","properties":{"x":635117.2,"y":6989916.1,"altura_m":3.46,"area_m2":1280,"classe":"ponte","nome":""},"geometry":{"type":"Point","coordinates":[-49.63571,-27.20687]}},{"type":"Feature","properties":{"x":729341.2,"y":7020196.1,"altura_m":3.45,"area_m2":1088,"classe":"?","nome":""},"geometry":{"type":"Point","coordinates":[-48.690426,-26.921226]}},{"type":"Feature","properties":{"x":684837.2,"y":6990196.1,"altura_m":3.45,"area_m2":256,"classe":"?","nome":""},"geometry":{"type":"Point","coordinates":[-49.133911,-27.198559]}},{"type":"Feature","properties":{"x":699485.2,"y":6996236.1,"altura_m":3.44,"area_m2":832,"classe":"?","nome":""},"geometry":{"type":"Point","coordinates":[-48.987077,-27.142015]}},{"type":"Feature","properties":{"x":673533.2,"y":7023428.1,"altura_m":3.43,"area_m2":3200,"classe":"?","nome":""},"geometry":{"type":"Point","coordinates":[-49.252643,-26.900136]}},{"type":"Feature","properties":{"x":621493.2,"y":6980732.1,"altura_m":3.43,"area_m2":448,"classe":"?","nome":""},"geometry":{"type":"Point","coordinates":[-49.772336,-27.291038]}},{"type":"Feature","properties":{"x":692661.2,"y":7023492.1,"altura_m":3.42,"area_m2":384,"classe":"?","nome":""},"geometry":{"type":"Point","coordinates":[-49.060132,-26.897045]}},{"type":"Feature","properties":{"x":693309.2,"y":6990716.1,"altura_m":3.42,"area_m2":320,"classe":"?","nome":""},"geometry":{"type":"Point","coordinates":[-49.0485,-27.192702]}},{"type":"Feature","properties":{"x":720133.2,"y":7016756.1,"altura_m":3.4,"area_m2":704,"classe":"?","nome":""},"geometry":{"type":"Point","coordinates":[-48.78249,-26.953748]}},{"type":"Feature","properties":{"x":722701.2,"y":7027540.1,"altura_m":3.38,"area_m2":1664,"classe":"?","nome":""},"geometry":{"type":"Point","coordinates":[-48.75856,-26.856048]}},{"type":"Feature","properties":{"x":636485.2,"y":7008116.1,"altura_m":3.38,"area_m2":320,"classe":"?","nome":""},"geometry":{"type":"Point","coordinates":[-49.623913,-27.042465]}},{"type":"Feature","properties":{"x":644933.2,"y":6997052.1,"altura_m":3.38,"area_m2":26112,"classe":"?","nome":""},"geometry":{"type":"Point","coordinates":[-49.537462,-27.141465]}},{"type":"Feature","properties":{"x":684285.2,"y":6990004.1,"altura_m":3.38,"area_m2":512,"classe":"?","nome":""},"geometry":{"type":"Point","coordinates":[-49.139453,-27.200365]}},{"type":"Feature","properties":{"x":711645.2,"y":7021492.1,"altura_m":3.37,"area_m2":320,"classe":"?","nome":""},"geometry":{"type":"Point","coordinates":[-48.868749,-26.912336]}},{"type":"Feature","properties":{"x":729477.2,"y":7019588.1,"altura_m":3.37,"area_m2":512,"classe":"?","nome":""},"geometry":{"type":"Point","coordinates":[-48.688945,-26.926688]}},{"type":"Feature","properties":{"x":645381.2,"y":6997572.1,"altura_m":3.36,"area_m2":29632,"classe":"?","nome":""},"geometry":{"type":"Point","coordinates":[-49.533004,-27.136724]}},{"type":"Feature","properties":{"x":586157.2,"y":7009580.1,"altura_m":3.35,"area_m2":448,"classe":"?","nome":""},"geometry":{"type":"Point","coordinates":[-50.131376,-27.033296]}},{"type":"Feature","properties":{"x":651765.2,"y":6949036.1,"altura_m":3.35,"area_m2":1792,"classe":"?","nome":""},"geometry":{"type":"Point","coordinates":[-49.462565,-27.574069]}},{"type":"Feature","properties":{"x":709829.2,"y":7020236.1,"altura_m":3.34,"area_m2":512,"classe":"?","nome":""},"geometry":{"type":"Point","coordinates":[-48.886815,-26.923943]}},{"type":"Feature","properties":{"x":690773.2,"y":6990804.1,"altura_m":3.34,"area_m2":448,"classe":"?","nome":""},"geometry":{"type":"Point","coordinates":[-49.074104,-27.192262]}},{"type":"Feature","properties":{"x":713397.2,"y":7009580.1,"altura_m":3.33,"area_m2":1472,"classe":"?","nome":""},"geometry":{"type":"Point","coordinates":[-48.849075,-27.019541]}},{"type":"Feature","properties":{"x":712613.2,"y":7008244.1,"altura_m":3.33,"area_m2":9024,"classe":"?","nome":""},"geometry":{"type":"Point","coordinates":[-48.856744,-27.031716]}},{"type":"Feature","properties":{"x":682717.2,"y":7024788.1,"altura_m":3.32,"area_m2":384,"classe":"?","nome":""},"geometry":{"type":"Point","coordinates":[-49.160403,-26.886689]}},{"type":"Feature","properties":{"x":593525.2,"y":6992500.1,"altura_m":3.32,"area_m2":8128,"classe":"?","nome":""},"geometry":{"type":"Point","coordinates":[-50.055808,-27.187003]}},{"type":"Feature","properties":{"x":671789.2,"y":7031084.1,"altura_m":3.31,"area_m2":31552,"classe":"?","nome":""},"geometry":{"type":"Point","coordinates":[-49.271249,-26.831259]}},{"type":"Feature","properties":{"x":633997.2,"y":6979708.1,"altura_m":3.31,"area_m2":4224,"classe":"?","nome":""},"geometry":{"type":"Point","coordinates":[-49.645901,-27.299114]}},{"type":"Feature","properties":{"x":647125.2,"y":6997988.1,"altura_m":3.3,"area_m2":39936,"classe":"?","nome":""},"geometry":{"type":"Point","coordinates":[-49.51546,-27.132785]}},{"type":"Feature","properties":{"x":699109.2,"y":6995804.1,"altura_m":3.3,"area_m2":640,"classe":"?","nome":""},"geometry":{"type":"Point","coordinates":[-48.990799,-27.145967]}},{"type":"Feature","properties":{"x":620773.2,"y":6981092.1,"altura_m":3.3,"area_m2":7232,"classe":"?","nome":""},"geometry":{"type":"Point","coordinates":[-49.779646,-27.287852]}},{"type":"Feature","properties":{"x":621733.2,"y":6980924.1,"altura_m":3.29,"area_m2":2112,"classe":"?","nome":""},"geometry":{"type":"Point","coordinates":[-49.76993,-27.289284]}},{"type":"Feature","properties":{"x":593621.2,"y":6992196.1,"altura_m":3.28,"area_m2":1088,"classe":"?","nome":""},"geometry":{"type":"Point","coordinates":[-50.054816,-27.18974]}},{"type":"Feature","properties":{"x":680733.2,"y":6989708.1,"altura_m":3.28,"area_m2":832,"classe":"?","nome":""},"geometry":{"type":"Point","coordinates":[-49.175256,-27.203508]}},{"type":"Feature","properties":{"x":655485.2,"y":6939964.1,"altura_m":3.28,"area_m2":256,"classe":"?","nome":""},"geometry":{"type":"Point","coordinates":[-49.423719,-27.655515]}},{"type":"Feature","properties":{"x":594029.2,"y":6993484.1,"altura_m":3.27,"area_m2":17984,"classe":"?","nome":""},"geometry":{"type":"Point","coordinates":[-50.050796,-27.178086]}},{"type":"Feature","properties":{"x":689861.2,"y":7025884.1,"altura_m":3.26,"area_m2":448,"classe":"?","nome":""},"geometry":{"type":"Point","coordinates":[-49.088676,-26.875844]}},{"type":"Feature","properties":{"x":637845.2,"y":7014692.1,"altura_m":3.26,"area_m2":512,"classe":"?","nome":""},"geometry":{"type":"Point","coordinates":[-49.610934,-26.982976]}},{"type":"Feature","properties":{"x":645477.2,"y":6996492.1,"altura_m":3.26,"area_m2":45312,"classe":"?","nome":""},"geometry":{"type":"Point","coordinates":[-49.531908,-27.146462]}},{"type":"Feature","properties":{"x":684917.2,"y":6990428.1,"altura_m":3.26,"area_m2":7552,"classe":"ponte","nome":""},"geometry":{"type":"Point","coordinates":[-49.133139,-27.196455]}},{"type":"Feature","properties":{"x":713165.2,"y":7008940.1,"altura_m":3.25,"area_m2":12160,"classe":"?","nome":""},"geometry":{"type":"Point","coordinates":[-48.851302,-27.025351]}},{"type":"Feature","properties":{"x":634845.2,"y":6989900.1,"altura_m":3.25,"area_m2":960,"classe":"?","nome":""},"geometry":{"type":"Point","coordinates":[-49.638454,-27.207041]}},{"type":"Feature","properties":{"x":694117.2,"y":7023196.1,"altura_m":3.24,"area_m2":512,"classe":"?","nome":""},"geometry":{"type":"Point","coordinates":[-49.045433,-26.899514]}},{"type":"Feature","properties":{"x":698821.2,"y":7024108.1,"altura_m":3.23,"area_m2":256,"classe":"?","nome":""},"geometry":{"type":"Point","coordinates":[-48.998237,-26.890621]}},{"type":"Feature","properties":{"x":701053.2,"y":6996076.1,"altura_m":3.23,"area_m2":320,"classe":"?","nome":""},"geometry":{"type":"Point","coordinates":[-48.971237,-27.143231]}},{"type":"Feature","properties":{"x":593325.2,"y":6992116.1,"altura_m":3.23,"area_m2":2176,"classe":"?","nome":""},"geometry":{"type":"Point","coordinates":[-50.057798,-27.190483]}},{"type":"Feature","properties":{"x":678525.2,"y":7024860.1,"altura_m":3.22,"area_m2":9536,"classe":"?","nome":""},"geometry":{"type":"Point","coordinates":[-49.202602,-26.886582]}},{"type":"Feature","properties":{"x":612597.2,"y":6994316.1,"altura_m":3.22,"area_m2":11328,"classe":"?","nome":""},"geometry":{"type":"Point","coordinates":[-49.863459,-27.169182]}},{"type":"Feature","properties":{"x":593517.2,"y":6992156.1,"altura_m":3.22,"area_m2":640,"classe":"?","nome":""},"geometry":{"type":"Point","coordinates":[-50.055863,-27.190109]}},{"type":"Feature","properties":{"x":622205.2,"y":6981028.1,"altura_m":3.22,"area_m2":1408,"classe":"?","nome":""},"geometry":{"type":"Point","coordinates":[-49.765172,-27.288303]}},{"type":"Feature","properties":{"x":671733.2,"y":7029716.1,"altura_m":3.21,"area_m2":320,"classe":"?","nome":""},"geometry":{"type":"Point","coordinates":[-49.271625,-26.843612]}},{"type":"Feature","properties":{"x":584381.2,"y":7011028.1,"altura_m":3.21,"area_m2":768,"classe":"?","nome":""},"geometry":{"type":"Point","coordinates":[-50.149379,-27.020333]}},{"type":"Feature","properties":{"x":592709.2,"y":7002820.1,"altura_m":3.21,"area_m2":256,"classe":"?","nome":""},"geometry":{"type":"Point","coordinates":[-50.064821,-27.093897]}},{"type":"Feature","properties":{"x":651277.2,"y":6949876.1,"altura_m":3.21,"area_m2":256,"classe":"?","nome":""},"geometry":{"type":"Point","coordinates":[-49.467612,-27.566542]}},{"type":"Feature","properties":{"x":687973.2,"y":7025636.1,"altura_m":3.2,"area_m2":448,"classe":"?","nome":""},"geometry":{"type":"Point","coordinates":[-49.107636,-26.878338]}},{"type":"Feature","properties":{"x":712069.2,"y":7008116.1,"altura_m":3.2,"area_m2":384,"classe":"?","nome":""},"geometry":{"type":"Point","coordinates":[-48.862203,-27.032954]}},{"type":"Feature","properties":{"x":734253.2,"y":7021244.1,"altura_m":3.19,"area_m2":2944,"classe":"?","nome":""},"geometry":{"type":"Point","coordinates":[-48.64119,-26.910954]}},{"type":"Feature","properties":{"x":696501.2,"y":6994964.1,"altura_m":3.19,"area_m2":576,"classe":"?","nome":""},"geometry":{"type":"Point","coordinates":[-49.01697,-27.153921]}},{"type":"Feature","properties":{"x":672549.2,"y":7022364.1,"altura_m":3.18,"area_m2":384,"classe":"?","nome":""},"geometry":{"type":"Point","coordinates":[-49.262401,-26.90986]}},{"type":"Feature","properties":{"x":659813.2,"y":6937772.1,"altura_m":3.18,"area_m2":4288,"classe":"?","nome":""},"geometry":{"type":"Point","coordinates":[-49.379565,-27.67479]}},{"type":"Feature","properties":{"x":647013.2,"y":6998908.1,"altura_m":3.17,"area_m2":48064,"classe":"?","nome":""},"geometry":{"type":"Point","coordinates":[-49.516699,-27.124493]}},{"type":"Feature","properties":{"x":649133.2,"y":6952084.1,"altura_m":3.17,"area_m2":3776,"classe":"?","nome":""},"geometry":{"type":"Point","coordinates":[-49.489597,-27.546854]}},{"type":"Feature","properties":{"x":671981.2,"y":7030716.1,"altura_m":3.16,"area_m2":640,"classe":"?","nome":""},"geometry":{"type":"Point","coordinates":[-49.269267,-26.834557]}},{"type":"Feature","properties":{"x":611245.2,"y":6996580.1,"altura_m":3.16,"area_m2":13952,"classe":"?","nome":""},"geometry":{"type":"Point","coordinates":[-49.877308,-27.148855]}},{"type":"Feature","properties":{"x":718629.2,"y":7026364.1,"altura_m":3.15,"area_m2":640,"classe":"?","nome":""},"geometry":{"type":"Point","coordinates":[-48.799314,-26.867301]}},{"type":"Feature","properties":{"x":586741.2,"y":7008956.1,"altura_m":3.15,"area_m2":3712,"classe":"?","nome":""},"geometry":{"type":"Point","coordinates":[-50.125446,-27.038892]}},{"type":"Feature","properties":{"x":696685.2,"y":6995428.1,"altura_m":3.15,"area_m2":384,"classe":"?","nome":""},"geometry":{"type":"Point","coordinates":[-49.015188,-27.149708]}},{"type":"Feature","properties":{"x":690781.2,"y":6990836.1,"altura_m":3.15,"area_m2":704,"classe":"?","nome":""},"geometry":{"type":"Point","coordinates":[-49.074028,-27.191972]}},{"type":"Feature","properties":{"x":729957.2,"y":7022124.1,"altura_m":3.14,"area_m2":384,"classe":"?","nome":""},"geometry":{"type":"Point","coordinates":[-48.684582,-26.903731]}},{"type":"Feature","properties":{"x":585645.2,"y":7009596.1,"altura_m":3.14,"area_m2":1152,"classe":"?","nome":""},"geometry":{"type":"Point","coordinates":[-50.136539,-27.033183]}},{"type":"Feature","properties":{"x":691749.2,"y":7023420.1,"altura_m":3.13,"area_m2":320,"classe":"?","nome":""},"geometry":{"type":"Point","coordinates":[-49.0693,-26.89782]}},{"type":"Feature","properties":{"x":696245.2,"y":6994924.1,"altura_m":3.12,"area_m2":384,"classe":"?","nome":""},"geometry":{"type":"Point","coordinates":[-49.019545,-27.154318]}},{"type":"Feature","properties":{"x":649293.2,"y":6951972.1,"altura_m":3.12,"area_m2":10112,"classe":"?","nome":""},"geometry":{"type":"Point","coordinates":[-49.487963,-27.547847]}},{"type":"Feature","properties":{"x":724173.2,"y":7027604.1,"altura_m":3.11,"area_m2":704,"classe":"?","nome":""},"geometry":{"type":"Point","coordinates":[-48.743766,-26.855235]}},{"type":"Feature","properties":{"x":644909.2,"y":6997724.1,"altura_m":3.11,"area_m2":8320,"classe":"?","nome":""},"geometry":{"type":"Point","coordinates":[-49.537783,-27.135402]}},{"type":"Feature","properties":{"x":641213.2,"y":7009052.1,"altura_m":3.1,"area_m2":4288,"classe":"?","nome":""},"geometry":{"type":"Point","coordinates":[-49.576362,-27.033543]}},{"type":"Feature","properties":{"x":595077.2,"y":7002740.1,"altura_m":3.07,"area_m2":256,"classe":"?","nome":""},"geometry":{"type":"Point","coordinates":[-50.040931,-27.094458]}},{"type":"Feature","properties":{"x":645549.2,"y":7006068.1,"altura_m":3.04,"area_m2":21184,"classe":"?","nome":""},"geometry":{"type":"Point","coordinates":[-49.532309,-27.060026]}},{"type":"Feature","properties":{"x":698813.2,"y":6995892.1,"altura_m":3.04,"area_m2":256,"classe":"?","nome":""},"geometry":{"type":"Point","coordinates":[-48.993799,-27.145216]}},{"type":"Feature","properties":{"x":688893.2,"y":6990972.1,"altura_m":3.04,"area_m2":384,"classe":"ponte","nome":""},"geometry":{"type":"Point","coordinates":[-49.0931,-27.191006]}},{"type":"Feature","properties":{"x":729741.2,"y":7023124.1,"altura_m":3.03,"area_m2":1536,"classe":"?","nome":""},"geometry":{"type":"Point","coordinates":[-48.686939,-26.894745]}},{"type":"Feature","properties":{"x":662565.2,"y":7006828.1,"altura_m":3.03,"area_m2":896,"classe":"ponte","nome":""},"geometry":{"type":"Point","coordinates":[-49.360877,-27.051273]}},{"type":"Feature","properties":{"x":648285.2,"y":7006004.1,"altura_m":3.03,"area_m2":6144,"classe":"?","nome":""},"geometry":{"type":"Point","coordinates":[-49.50472,-27.060313]}},{"type":"Feature","properties":{"x":651821.2,"y":6949044.1,"altura_m":3.03,"area_m2":2560,"classe":"?","nome":""},"geometry":{"type":"Point","coordinates":[-49.461999,-27.57399]}},{"type":"Feature","properties":{"x":642797.2,"y":7008844.1,"altura_m":3.02,"area_m2":2944,"classe":"?","nome":""},"geometry":{"type":"Point","coordinates":[-49.560373,-27.035258]}},{"type":"Feature","properties":{"x":659477.2,"y":7006516.1,"altura_m":3.02,"area_m2":14720,"classe":"?","nome":""},"geometry":{"type":"Point","coordinates":[-49.391962,-27.054448]}},{"type":"Feature","properties":{"x":646061.2,"y":6997876.1,"altura_m":3.01,"area_m2":10816,"classe":"?","nome":""},"geometry":{"type":"Point","coordinates":[-49.52618,-27.133909]}},{"type":"Feature","properties":{"x":685085.2,"y":6991028.1,"altura_m":3.01,"area_m2":384,"classe":"?","nome":""},"geometry":{"type":"Point","coordinates":[-49.131534,-27.191018]}},{"type":"Feature","properties":{"x":606205.2,"y":6997820.1,"altura_m":3.0,"area_m2":9152,"classe":"?","nome":""},"geometry":{"type":"Point","coordinates":[-49.928272,-27.13806]}},{"type":"Feature","properties":{"x":697245.2,"y":6993212.1,"altura_m":3.0,"area_m2":1216,"classe":"?","nome":""},"geometry":{"type":"Point","coordinates":[-49.009185,-27.169623]}},{"type":"Feature","properties":{"x":631509.2,"y":7024700.1,"altura_m":2.99,"area_m2":23232,"classe":"?","nome":""},"geometry":{"type":"Point","coordinates":[-49.675824,-26.893256]}},{"type":"Feature","properties":{"x":584493.2,"y":7010764.1,"altura_m":2.99,"area_m2":2432,"classe":"?","nome":""},"geometry":{"type":"Point","coordinates":[-50.148232,-27.02271]}},{"type":"Feature","properties":{"x":675957.2,"y":6986676.1,"altura_m":2.99,"area_m2":832,"classe":"?","nome":""},"geometry":{"type":"Point","coordinates":[-49.223023,-27.231488]}},{"type":"Feature","properties":{"x":619317.2,"y":6979092.1,"altura_m":2.99,"area_m2":1792,"classe":"?","nome":""},"geometry":{"type":"Point","coordinates":[-49.79416,-27.306032]}},{"type":"Feature","properties":{"x":586685.2,"y":7009004.1,"altura_m":2.98,"area_m2":384,"classe":"?","nome":""},"geometry":{"type":"Point","coordinates":[-50.126014,-27.038463]}},{"type":"Feature","properties":{"x":619469.2,"y":6979676.1,"altura_m":2.98,"area_m2":320,"classe":"ponte","nome":""},"geometry":{"type":"Point","coordinates":[-49.792681,-27.300748]}},{"type":"Feature","properties":{"x":684509.2,"y":7023428.1,"altura_m":2.97,"area_m2":3456,"classe":"?","nome":""},"geometry":{"type":"Point","coordinates":[-49.142168,-26.898726]}},{"type":"Feature","properties":{"x":692421.2,"y":7023244.1,"altura_m":2.97,"area_m2":256,"classe":"?","nome":""},"geometry":{"type":"Point","coordinates":[-49.06251,-26.899316]}},{"type":"Feature","properties":{"x":677237.2,"y":6987828.1,"altura_m":2.97,"area_m2":512,"classe":"?","nome":""},"geometry":{"type":"Point","coordinates":[-49.210268,-27.220928]}},{"type":"Feature","properties":{"x":689669.2,"y":7026028.1,"altura_m":2.95,"area_m2":2432,"classe":"?","nome":""},"geometry":{"type":"Point","coordinates":[-49.090629,-26.874571]}},{"type":"Feature","properties":{"x":690341.2,"y":7024500.1,"altura_m":2.94,"area_m2":512,"classe":"?","nome":""},"geometry":{"type":"Point","coordinates":[-49.083635,-26.888268]}},{"type":"Feature","properties":{"x":608125.2,"y":6997468.1,"altura_m":2.94,"area_m2":3648,"classe":"?","nome":""},"geometry":{"type":"Point","coordinates":[-49.908869,-27.141088]}},{"type":"Feature","properties":{"x":718669.2,"y":7026268.1,"altura_m":2.93,"area_m2":320,"classe":"?","nome":""},"geometry":{"type":"Point","coordinates":[-48.798895,-26.868161]}},{"type":"Feature","properties":{"x":709973.2,"y":7020444.1,"altura_m":2.93,"area_m2":256,"classe":"?","nome":""},"geometry":{"type":"Point","coordinates":[-48.8854,-26.922044]}},{"type":"Feature","properties":{"x":594629.2,"y":7002620.1,"altura_m":2.93,"area_m2":512,"classe":"?","nome":""},"geometry":{"type":"Point","coordinates":[-50.04544,-27.095572]}},{"type":"Feature","properties":{"x":677229.2,"y":7025804.1,"altura_m":2.92,"area_m2":33344,"classe":"?","nome":""},"geometry":{"type":"Point","coordinates":[-49.215779,-26.878229]}},{"type":"Feature","properties":{"x":660941.2,"y":7012612.1,"altura_m":2.92,"area_m2":27776,"classe":"?","nome":""},"geometry":{"type":"Point","coordinates":[-49.377996,-26.999262]}},{"type":"Feature","properties":{"x":696309.2,"y":6994100.1,"altura_m":2.91,"area_m2":576,"classe":"?","nome":""},"geometry":{"type":"Point","coordinates":[-49.018769,-27.161744]}},{"type":"Feature","properties":{"x":673029.2,"y":7022932.1,"altura_m":2.9,"area_m2":37376,"classe":"?","nome":""},"geometry":{"type":"Point","coordinates":[-49.257648,-26.904675]}},{"type":"Feature","properties":{"x":657637.2,"y":6938708.1,"altura_m":2.9,"area_m2":448,"classe":"?","nome":""},"geometry":{"type":"Point","coordinates":[-49.401745,-27.6666]}},{"type":"Feature","properties":{"x":692917.2,"y":7021748.1,"altura_m":2.89,"area_m2":4672,"classe":"?","nome":""},"geometry":{"type":"Point","coordinates":[-49.057287,-26.912746]}},{"type":"Feature","properties":{"x":650477.2,"y":7003404.1,"altura_m":2.88,"area_m2":576,"classe":"?","nome":""},"geometry":{"type":"Point","coordinates":[-49.482306,-27.083542]}},{"type":"Feature","properties":{"x":637981.2,"y":6966700.1,"altura_m":2.88,"area_m2":320,"classe":"ponte","nome":""},"geometry":{"type":"Point","coordinates":[-49.604179,-27.416122]}},{"type":"Feature","properties":{"x":669549.2,"y":7031820.1,"altura_m":2.87,"area_m2":256,"classe":"?","nome":""},"geometry":{"type":"Point","coordinates":[-49.293882,-26.824891]}},{"type":"Feature","properties":{"x":726293.2,"y":7027316.1,"altura_m":2.87,"area_m2":768,"classe":"?","nome":""},"geometry":{"type":"Point","coordinates":[-48.72239,-26.857491]}},{"type":"Feature","properties":{"x":729909.2,"y":7020652.1,"altura_m":2.87,"area_m2":3904,"classe":"?","nome":""},"geometry":{"type":"Point","coordinates":[-48.684793,-26.917018]}},{"type":"Feature","properties":{"x":734317.2,"y":7021220.1,"altura_m":2.86,"area_m2":448,"classe":"?","nome":""},"geometry":{"type":"Point","coordinates":[-48.640541,-26.91116]}},{"type":"Feature","properties":{"x":654037.2,"y":7004524.1,"altura_m":2.86,"area_m2":256,"classe":"?","nome":""},"geometry":{"type":"Point","coordinates":[-49.446551,-27.073042]}},{"type":"Feature","properties":{"x":692645.2,"y":7023452.1,"altura_m":2.85,"area_m2":384,"classe":"?","nome":""},"geometry":{"type":"Point","coordinates":[-49.060287,-26.897408]}},{"type":"Feature","properties":{"x":608957.2,"y":6997660.1,"altura_m":2.85,"area_m2":4736,"classe":"?","nome":""},"geometry":{"type":"Point","coordinates":[-49.900491,-27.139289]}},{"type":"Feature","properties":{"x":696461.2,"y":6996004.1,"altura_m":2.85,"area_m2":448,"classe":"?","nome":""},"geometry":{"type":"Point","coordinates":[-49.017539,-27.144543]}},{"type":"Feature","properties":{"x":696357.2,"y":6994796.1,"altura_m":2.85,"area_m2":5824,"classe":"?","nome":""},"geometry":{"type":"Point","coordinates":[-49.018395,-27.155457]}},{"type":"Feature","properties":{"x":724117.2,"y":7027580.1,"altura_m":2.84,"area_m2":384,"classe":"?","nome":""},"geometry":{"type":"Point","coordinates":[-48.744324,-26.85546]}},{"type":"Feature","properties":{"x":635485.2,"y":7008924.1,"altura_m":2.84,"area_m2":1600,"classe":"?","nome":""},"geometry":{"type":"Point","coordinates":[-49.634081,-27.03527]}},{"type":"Feature","properties":{"x":610029.2,"y":6995932.1,"altura_m":2.83,"area_m2":19712,"classe":"?","nome":""},"geometry":{"type":"Point","coordinates":[-49.889521,-27.154802]}},{"type":"Feature","properties":{"x":647501.2,"y":6954348.1,"altura_m":2.82,"area_m2":3904,"classe":"?","nome":""},"geometry":{"type":"Point","coordinates":[-49.506397,-27.5266]}},{"type":"Feature","properties":{"x":653277.2,"y":6945700.1,"altura_m":2.82,"area_m2":768,"classe":"?","nome":""},"geometry":{"type":"Point","coordinates":[-49.446828,-27.604004]}},{"type":"Feature","properties":{"x":707141.2,"y":7000988.1,"altura_m":2.81,"area_m2":2176,"classe":"?","nome":""},"geometry":{"type":"Point","coordinates":[-48.910661,-27.098012]}},{"type":"Feature","properties":{"x":682429.2,"y":6989452.1,"altura_m":2.81,"area_m2":256,"classe":"?","nome":""},"geometry":{"type":"Point","coordinates":[-49.158102,-27.205594]}},{"type":"Feature","properties":{"x":637525.2,"y":7013604.1,"altura_m":2.8,"area_m2":1216,"classe":"?","nome":""},"geometry":{"type":"Point","coordinates":[-49.614037,-26.992828]}},{"type":"Feature","properties":{"x":584541.2,"y":7010364.1,"altura_m":2.8,"area_m2":2048,"classe":"?","nome":""},"geometry":{"type":"Point","coordinates":[-50.147721,-27.026318]}},{"type":"Feature","properties":{"x":659525.2,"y":7008652.1,"altura_m":2.79,"area_m2":320,"classe":"?","nome":""},"geometry":{"type":"Point","coordinates":[-49.391753,-27.035165]}},{"type":"Feature","properties":{"x":682269.2,"y":6989276.1,"altura_m":2.79,"area_m2":1600,"classe":"?","nome":""},"geometry":{"type":"Point","coordinates":[-49.15969,-27.207203]}},{"type":"Feature","properties":{"x":673829.2,"y":7026428.1,"altura_m":2.78,"area_m2":960,"classe":"?","nome":""},"geometry":{"type":"Point","coordinates":[-49.250081,-26.873025]}},{"type":"Feature","properties":{"x":644149.2,"y":7008204.1,"altura_m":2.78,"area_m2":7872,"classe":"?","nome":""},"geometry":{"type":"Point","coordinates":[-49.546671,-27.040894]}},{"type":"Feature","properties":{"x":685205.2,"y":6990732.1,"altura_m":2.78,"area_m2":12096,"classe":"?","nome":""},"geometry":{"type":"Point","coordinates":[-49.130278,-27.193673]}},{"type":"Feature","properties":{"x":729989.2,"y":7022572.1,"altura_m":2.77,"area_m2":896,"classe":"?","nome":""},"geometry":{"type":"Point","coordinates":[-48.684342,-26.899684]}},{"type":"Feature","properties":{"x":642813.2,"y":7009244.1,"altura_m":2.77,"area_m2":7424,"classe":"?","nome":""},"geometry":{"type":"Point","coordinates":[-49.560257,-27.031646]}},{"type":"Feature","properties":{"x":637293.2,"y":7014124.1,"altura_m":2.76,"area_m2":448,"classe":"?","nome":""},"geometry":{"type":"Point","coordinates":[-49.616432,-26.988157]}},{"type":"Feature","properties":{"x":651349.2,"y":6949876.1,"altura_m":2.76,"area_m2":256,"classe":"?","nome":""},"geometry":{"type":"Point","coordinates":[-49.466883,-27.566534]}},{"type":"Feature","properties":{"x":671693.2,"y":7029588.1,"altura_m":2.75,"area_m2":256,"classe":"?","nome":""},"geometry":{"type":"Point","coordinates":[-49.27201,-26.844772]}},{"type":"Feature","properties":{"x":684253.2,"y":7025148.1,"altura_m":2.75,"area_m2":320,"classe":"ponte","nome":""},"geometry":{"type":"Point","coordinates":[-49.144998,-26.883238]}},{"type":"Feature","properties":{"x":692565.2,"y":7020900.1,"altura_m":2.74,"area_m2":384,"classe":"?","nome":""},"geometry":{"type":"Point","coordinates":[-49.060699,-26.920447]}},{"type":"Feature","properties":{"x":635837.2,"y":7007164.1,"altura_m":2.74,"area_m2":384,"classe":"?","nome":""},"geometry":{"type":"Point","coordinates":[-49.63034,-27.051121]}},{"type":"Feature","properties":{"x":596557.2,"y":7003564.1,"altura_m":2.74,"area_m2":256,"classe":"?","nome":""},"geometry":{"type":"Point","coordinates":[-50.026068,-27.086917]}},{"type":"Feature","properties":{"x":636949.2,"y":6965188.1,"altura_m":2.74,"area_m2":576,"classe":"?","nome":""},"geometry":{"type":"Point","coordinates":[-49.614446,-27.429872]}},{"type":"Feature","properties":{"x":684085.2,"y":7023700.1,"altura_m":2.73,"area_m2":384,"classe":"?","nome":""},"geometry":{"type":"Point","coordinates":[-49.146476,-26.896327]}},{"type":"Feature","properties":{"x":687101.2,"y":6991980.1,"altura_m":2.73,"area_m2":448,"classe":"?","nome":""},"geometry":{"type":"Point","coordinates":[-49.111336,-27.182155]}},{"type":"Feature","properties":{"x":729757.2,"y":7020204.1,"altura_m":2.72,"area_m2":1024,"classe":"?","nome":""},"geometry":{"type":"Point","coordinates":[-48.686241,-26.921085]}},{"type":"Feature","properties":{"x":728805.2,"y":7018772.1,"altura_m":2.72,"area_m2":512,"classe":"?","nome":""},"geometry":{"type":"Point","coordinates":[-48.695559,-26.93416]}},{"type":"Feature","properties":{"x":617061.2,"y":6992348.1,"altura_m":2.72,"area_m2":1280,"classe":"?","nome":""},"geometry":{"type":"Point","coordinates":[-49.818221,-27.186574]}},{"type":"Feature","properties":{"x":646405.2,"y":7006060.1,"altura_m":2.71,"area_m2":21760,"classe":"?","nome":""},"geometry":{"type":"Point","coordinates":[-49.523679,-27.060008]}},{"type":"Feature","properties":{"x":605845.2,"y":6998060.1,"altura_m":2.71,"area_m2":7040,"classe":"?","nome":""},"geometry":{"type":"Point","coordinates":[-49.931925,-27.135921]}},{"type":"Feature","properties":{"x":620245.2,"y":6990988.1,"altura_m":2.71,"area_m2":40064,"classe":"?","nome":""},"geometry":{"type":"Point","coordinates":[-49.78595,-27.198575]}},{"type":"Feature","properties":{"x":619725.2,"y":6979860.1,"altura_m":2.71,"area_m2":256,"classe":"?","nome":""},"geometry":{"type":"Point","coordinates":[-49.790113,-27.299064]}},{"type":"Feature","properties":{"x":730085.2,"y":7023244.1,"altura_m":2.7,"area_m2":448,"classe":"?","nome":""},"geometry":{"type":"Point","coordinates":[-48.6835,-26.893606]}},{"type":"Feature","properties":{"x":733077.2,"y":7021292.1,"altura_m":2.7,"area_m2":2240,"classe":"?","nome":""},"geometry":{"type":"Point","coordinates":[-48.653032,-26.910718]}},{"type":"Feature","properties":{"x":620621.2,"y":6990492.1,"altura_m":2.7,"area_m2":25024,"classe":"?","nome":""},"geometry":{"type":"Point","coordinates":[-49.782106,-27.203019]}},{"type":"Feature","properties":{"x":649573.2,"y":7003916.1,"altura_m":2.69,"area_m2":16448,"classe":"?","nome":""},"geometry":{"type":"Point","coordinates":[-49.491483,-27.079019]}},{"type":"Feature","properties":{"x":606557.2,"y":6997452.1,"altura_m":2.69,"area_m2":12672,"classe":"?","nome":""},"geometry":{"type":"Point","coordinates":[-49.924688,-27.141355]}},{"type":"Feature","properties":{"x":709805.2,"y":7020204.1,"altura_m":2.68,"area_m2":448,"classe":"?","nome":""},"geometry":{"type":"Point","coordinates":[-48.887051,-26.924235]}},{"type":"Feature","properties":{"x":694157.2,"y":6990444.1,"altura_m":2.68,"area_m2":256,"classe":"?","nome":""},"geometry":{"type":"Point","coordinates":[-49.039901,-27.195037]}},{"type":"Feature","properties":{"x":683693.2,"y":6989844.1,"altura_m":2.68,"area_m2":448,"classe":"ponte","nome":""},"geometry":{"type":"Point","coordinates":[-49.145404,-27.201888]}},{"type":"Feature","properties":{"x":671509.2,"y":7029180.1,"altura_m":2.67,"area_m2":576,"classe":"?","nome":""},"geometry":{"type":"Point","coordinates":[-49.273805,-26.848477]}},{"type":"Feature","properties":{"x":690277.2,"y":7024644.1,"altura_m":2.67,"area_m2":1408,"classe":"?","nome":""},"geometry":{"type":"Point","coordinates":[-49.084301,-26.886977]}},{"type":"Feature","properties":{"x":729709.2,"y":7023084.1,"altura_m":2.67,"area_m2":896,"classe":"?","nome":""},"geometry":{"type":"Point","coordinates":[-48.687253,-26.895112]}},{"type":"Feature","properties":{"x":690525.2,"y":6990316.1,"altura_m":2.67,"area_m2":1344,"classe":"?","nome":""},"geometry":{"type":"Point","coordinates":[-49.076531,-27.1967]}},{"type":"Feature","properties":{"x":641597.2,"y":7009036.1,"altura_m":2.66,"area_m2":1088,"classe":"?","nome":""},"geometry":{"type":"Point","coordinates":[-49.57249,-27.033648]}},{"type":"Feature","properties":{"x":648397.2,"y":7005684.1,"altura_m":2.66,"area_m2":10880,"classe":"?","nome":""},"geometry":{"type":"Point","coordinates":[-49.503553,-27.063189]}},{"type":"Feature","properties":{"x":644949.2,"y":6997156.1,"altura_m":2.66,"area_m2":384,"classe":"?","nome":""},"geometry":{"type":"Point","coordinates":[-49.537313,-27.140524]}},{"type":"Feature","properties":{"x":637605.2,"y":6968212.1,"altura_m":2.66,"area_m2":768,"classe":"represa","nome":"CGH Aguas Negras - CGH \u00c1guas Negras"},"geometry":{"type":"Point","coordinates":[-49.608152,-27.402513]}},{"type":"Feature","properties":{"x":630373.2,"y":6986100.1,"altura_m":2.65,"area_m2":1344,"classe":"?","nome":""},"geometry":{"type":"Point","coordinates":[-49.683195,-27.241771]}},{"type":"Feature","properties":{"x":654573.2,"y":6939572.1,"altura_m":2.65,"area_m2":3520,"classe":"?","nome":""},"geometry":{"type":"Point","coordinates":[-49.432912,-27.659158]}},{"type":"Feature","properties":{"x":671405.2,"y":7029308.1,"altura_m":2.64,"area_m2":1024,"classe":"?","nome":""},"geometry":{"type":"Point","coordinates":[-49.274869,-26.847334]}},{"type":"Feature","properties":{"x":635021.2,"y":7019228.1,"altura_m":2.64,"area_m2":256,"classe":"?","nome":""},"geometry":{"type":"Point","coordinates":[-49.639877,-26.942311]}},{"type":"Feature","properties":{"x":610309.2,"y":6995676.1,"altura_m":2.64,"area_m2":256,"classe":"?","nome":""},"geometry":{"type":"Point","coordinates":[-49.886672,-27.157091]}},{"type":"Feature","properties":{"x":734589.2,"y":7025364.1,"altura_m":2.63,"area_m2":256,"classe":"?","nome":""},"geometry":{"type":"Point","coordinates":[-48.638582,-26.873731]}},{"type":"Feature","properties":{"x":729621.2,"y":7023196.1,"altura_m":2.63,"area_m2":704,"classe":"?","nome":""},"geometry":{"type":"Point","coordinates":[-48.688159,-26.894116]}},{"type":"Feature","properties":{"x":593069.2,"y":7001828.1,"altura_m":2.63,"area_m2":832,"classe":"?","nome":""},"geometry":{"type":"Point","coordinates":[-50.061115,-27.102828]}},{"type":"Feature","properties":{"x":636165.2,"y":6976708.1,"altura_m":2.63,"area_m2":19712,"classe":"?","nome":""},"geometry":{"type":"Point","coordinates":[-49.623663,-27.325977]}},{"type":"Feature","properties":{"x":652133.2,"y":6948972.1,"altura_m":2.63,"area_m2":5056,"classe":"?","nome":""},"geometry":{"type":"Point","coordinates":[-49.45883,-27.574605]}},{"type":"Feature","properties":{"x":637317.2,"y":7014060.1,"altura_m":2.62,"area_m2":256,"classe":"ponte","nome":""},"geometry":{"type":"Point","coordinates":[-49.616184,-26.988732]}},{"type":"Feature","properties":{"x":608213.2,"y":6996436.1,"altura_m":2.62,"area_m2":448,"classe":"?","nome":""},"geometry":{"type":"Point","coordinates":[-49.90789,-27.150397]}},{"type":"Feature","properties":{"x":649701.2,"y":7003948.1,"altura_m":2.61,"area_m2":1856,"classe":"?","nome":""},"geometry":{"type":"Point","coordinates":[-49.490197,-27.078717]}},{"type":"Feature","properties":{"x":729949.2,"y":7022132.1,"altura_m":2.6,"area_m2":256,"classe":"?","nome":""},"geometry":{"type":"Point","coordinates":[-48.684664,-26.90366]}},{"type":"Feature","properties":{"x":633661.2,"y":6980316.1,"altura_m":2.6,"area_m2":2304,"classe":"?","nome":""},"geometry":{"type":"Point","coordinates":[-49.649362,-27.293659]}},{"type":"Feature","properties":{"x":729661.2,"y":7023068.1,"altura_m":2.59,"area_m2":768,"classe":"?","nome":""},"geometry":{"type":"Point","coordinates":[-48.687734,-26.895264]}},{"type":"Feature","properties":{"x":719645.2,"y":7016532.1,"altura_m":2.59,"area_m2":640,"classe":"?","nome":""},"geometry":{"type":"Point","coordinates":[-48.787364,-26.955846]}},{"type":"Feature","properties":{"x":681741.2,"y":6989364.1,"altura_m":2.59,"area_m2":768,"classe":"?","nome":""},"geometry":{"type":"Point","coordinates":[-49.165032,-27.206479]}},{"type":"Feature","properties":{"x":622853.2,"y":6981796.1,"altura_m":2.59,"area_m2":5184,"classe":"?","nome":""},"geometry":{"type":"Point","coordinates":[-49.758703,-27.281313]}},{"type":"Feature","properties":{"x":706805.2,"y":7021940.1,"altura_m":2.58,"area_m2":448,"classe":"?","nome":""},"geometry":{"type":"Point","coordinates":[-48.917535,-26.909021]}},{"type":"Feature","properties":{"x":622157.2,"y":6980956.1,"altura_m":2.58,"area_m2":5632,"classe":"ponte","nome":""},"geometry":{"type":"Point","coordinates":[-49.76565,-27.288957]}},{"type":"Feature","properties":{"x":588317.2,"y":7007468.1,"altura_m":2.57,"area_m2":2176,"classe":"?","nome":""},"geometry":{"type":"Point","coordinates":[-50.109451,-27.052226]}},{"type":"Feature","properties":{"x":734605.2,"y":7025404.1,"altura_m":2.56,"area_m2":576,"classe":"?","nome":""},"geometry":{"type":"Point","coordinates":[-48.638429,-26.873367]}},{"type":"Feature","properties":{"x":715685.2,"y":7022980.1,"altura_m":2.56,"area_m2":256,"classe":"?","nome":""},"geometry":{"type":"Point","coordinates":[-48.828347,-26.898291]}},{"type":"Feature","properties":{"x":654757.2,"y":7004460.1,"altura_m":2.56,"area_m2":640,"classe":"?","nome":""},"geometry":{"type":"Point","coordinates":[-49.439284,-27.073539]}},{"type":"Feature","properties":{"x":696317.2,"y":6996052.1,"altura_m":2.56,"area_m2":576,"classe":"?","nome":""},"geometry":{"type":"Point","coordinates":[-49.018999,-27.14413]}},{"type":"Feature","properties":{"x":671029.2,"y":7031572.1,"altura_m":2.55,"area_m2":256,"classe":"?","nome":""},"geometry":{"type":"Point","coordinates":[-49.278961,-26.826949]}},{"type":"Feature","properties":{"x":672757.2,"y":7028204.1,"altura_m":2.55,"area_m2":768,"classe":"?","nome":""},"geometry":{"type":"Point","coordinates":[-49.261114,-26.857131]}},{"type":"Feature","properties":{"x":728405.2,"y":7018972.1,"altura_m":2.55,"area_m2":2240,"classe":"?","nome":""},"geometry":{"type":"Point","coordinates":[-48.699621,-26.932422]}},{"type":"Feature","properties":{"x":640173.2,"y":7009996.1,"altura_m":2.55,"area_m2":21248,"classe":"?","nome":""},"geometry":{"type":"Point","coordinates":[-49.58695,-27.025128]}},{"type":"Feature","properties":{"x":712165.2,"y":7008100.1,"altura_m":2.55,"area_m2":1408,"classe":"ponte","nome":""},"geometry":{"type":"Point","coordinates":[-48.861233,-27.033084]}},{"type":"Feature","properties":{"x":696437.2,"y":6993868.1,"altura_m":2.55,"area_m2":320,"classe":"?","nome":""},"geometry":{"type":"Point","coordinates":[-49.017441,-27.163819]}},{"type":"Feature","properties":{"x":722797.2,"y":7027540.1,"altura_m":2.54,"area_m2":384,"classe":"?","nome":""},"geometry":{"type":"Point","coordinates":[-48.757595,-26.856032]}},{"type":"Feature","properties":{"x":716069.2,"y":7023692.1,"altura_m":2.54,"area_m2":256,"classe":"?","nome":""},"geometry":{"type":"Point","coordinates":[-48.824606,-26.891808]}},{"type":"Feature","properties":{"x":644605.2,"y":7007364.1,"altura_m":2.54,"area_m2":23616,"classe":"?","nome":""},"geometry":{"type":"Point","coordinates":[-49.541977,-27.048428]}},{"type":"Feature","properties":{"x":593845.2,"y":6992436.1,"altura_m":2.54,"area_m2":2368,"classe":"?","nome":""},"geometry":{"type":"Point","coordinates":[-50.052573,-27.187559]}},{"type":"Feature","properties":{"x":605853.2,"y":6998292.1,"altura_m":2.53,"area_m2":8768,"classe":"?","nome":""},"geometry":{"type":"Point","coordinates":[-49.931864,-27.133826]}},{"type":"Feature","properties":{"x":621453.2,"y":6990076.1,"altura_m":2.53,"area_m2":21632,"classe":"?","nome":""},"geometry":{"type":"Point","coordinates":[-49.773665,-27.206701]}},{"type":"Feature","properties":{"x":684477.2,"y":7025332.1,"altura_m":2.52,"area_m2":256,"classe":"?","nome":""},"geometry":{"type":"Point","coordinates":[-49.142771,-26.881548]}},{"type":"Feature","properties":{"x":684125.2,"y":7023732.1,"altura_m":2.52,"area_m2":640,"classe":"?","nome":""},"geometry":{"type":"Point","coordinates":[-49.146078,-26.896033]}},{"type":"Feature","properties":{"x":644445.2,"y":7009652.1,"altura_m":2.52,"area_m2":320,"classe":"?","nome":""},"geometry":{"type":"Point","coordinates":[-49.543857,-27.027794]}},{"type":"Feature","properties":{"x":645229.2,"y":7006300.1,"altura_m":2.52,"area_m2":10048,"classe":"?","nome":""},"geometry":{"type":"Point","coordinates":[-49.535563,-27.057966]}},{"type":"Feature","properties":{"x":620325.2,"y":6980300.1,"altura_m":2.52,"area_m2":640,"classe":"?","nome":""},"geometry":{"type":"Point","coordinates":[-49.784094,-27.29504]}},{"type":"Feature","properties":{"x":636733.2,"y":6965132.1,"altura_m":2.52,"area_m2":448,"classe":"?","nome":""},"geometry":{"type":"Point","coordinates":[-49.616624,-27.430399]}},{"type":"Feature","properties":{"x":646037.2,"y":6954740.1,"altura_m":2.52,"area_m2":2432,"classe":"?","nome":""},"geometry":{"type":"Point","coordinates":[-49.521265,-27.523221]}},{"type":"Feature","properties":{"x":687133.2,"y":7025252.1,"altura_m":2.51,"area_m2":384,"classe":"?","nome":""},"geometry":{"type":"Point","coordinates":[-49.116032,-26.881916]}},{"type":"Feature","properties":{"x":728645.2,"y":7018884.1,"altura_m":2.51,"area_m2":4864,"classe":"?","nome":""},"geometry":{"type":"Point","coordinates":[-48.69719,-26.933176]}},{"type":"Feature","properties":{"x":719509.2,"y":7016380.1,"altura_m":2.51,"area_m2":448,"classe":"?","nome":""},"geometry":{"type":"Point","coordinates":[-48.788706,-26.957239]}},{"type":"Feature","properties":{"x":642453.2,"y":7008492.1,"altura_m":2.51,"area_m2":256,"classe":"?","nome":""},"geometry":{"type":"Point","coordinates":[-49.563799,-27.03847]}},{"type":"Feature","properties":{"x":689901.2,"y":7025836.1,"altura_m":2.5,"area_m2":1728,"classe":"?","nome":""},"geometry":{"type":"Point","coordinates":[-49.088266,-26.876272]}},{"type":"Feature","properties":{"x":729869.2,"y":7020092.1,"altura_m":2.5,"area_m2":2176,"classe":"?","nome":""},"geometry":{"type":"Point","coordinates":[-48.685093,-26.922077]}},{"type":"Feature","properties":{"x":587725.2,"y":7007988.1,"altura_m":2.5,"area_m2":256,"classe":"?","nome":""},"geometry":{"type":"Point","coordinates":[-50.115457,-27.047569]}},{"type":"Feature","properties":{"x":653565.2,"y":7003548.1,"altura_m":2.5,"area_m2":448,"classe":"?","nome":""},"geometry":{"type":"Point","coordinates":[-49.451188,-27.081903]}},{"type":"Feature","properties":{"x":722949.2,"y":7027500.1,"altura_m":2.49,"area_m2":320,"classe":"?","nome":""},"geometry":{"type":"Point","coordinates":[-48.756059,-26.856369]}},{"type":"Feature","properties":{"x":652925.2,"y":6943716.1,"altura_m":2.49,"area_m2":640,"classe":"?","nome":""},"geometry":{"type":"Point","coordinates":[-49.450142,-27.621948]}},{"type":"Feature","properties":{"x":729357.2,"y":7019788.1,"altura_m":2.47,"area_m2":1088,"classe":"?","nome":""},"geometry":{"type":"Point","coordinates":[-48.69019,-26.924904]}},{"type":"Feature","properties":{"x":650653.2,"y":6950100.1,"altura_m":2.46,"area_m2":320,"classe":"?","nome":""},"geometry":{"type":"Point","coordinates":[-49.473959,-27.564591]}},{"type":"Feature","properties":{"x":640957.2,"y":7009756.1,"altura_m":2.45,"area_m2":26752,"classe":"?","nome":""},"geometry":{"type":"Point","coordinates":[-49.579022,-27.027215]}},{"type":"Feature","properties":{"x":659669.2,"y":7009140.1,"altura_m":2.45,"area_m2":5248,"classe":"?","nome":""},"geometry":{"type":"Point","coordinates":[-49.390365,-27.030744]}},{"type":"Feature","properties":{"x":622277.2,"y":6981356.1,"altura_m":2.45,"area_m2":832,"classe":"?","nome":""},"geometry":{"type":"Point","coordinates":[-49.764478,-27.285336]}},{"type":"Feature","properties":{"x":653941.2,"y":6940892.1,"altura_m":2.45,"area_m2":1408,"classe":"?","nome":""},"geometry":{"type":"Point","coordinates":[-49.439486,-27.647318]}},{"type":"Feature","properties":{"x":645405.2,"y":7006036.1,"altura_m":2.44,"area_m2":2368,"classe":"?","nome":""},"geometry":{"type":"Point","coordinates":[-49.533757,-27.06033]}},{"type":"Feature","properties":{"x":647325.2,"y":7003676.1,"altura_m":2.44,"area_m2":320,"classe":"?","nome":""},"geometry":{"type":"Point","coordinates":[-49.514121,-27.081427]}},{"type":"Feature","properties":{"x":635405.2,"y":6989916.1,"altura_m":2.44,"area_m2":640,"classe":"?","nome":""},"geometry":{"type":"Point","coordinates":[-49.632803,-27.206842]}},{"type":"Feature","properties":{"x":621685.2,"y":6980860.1,"altura_m":2.44,"area_m2":1024,"classe":"?","nome":""},"geometry":{"type":"Point","coordinates":[-49.770409,-27.289866]}},{"type":"Feature","properties":{"x":637021.2,"y":6972700.1,"altura_m":2.44,"area_m2":1152,"classe":"?","nome":""},"geometry":{"type":"Point","coordinates":[-49.614563,-27.362066]}},{"type":"Feature","properties":{"x":729797.2,"y":7019892.1,"altura_m":2.43,"area_m2":768,"classe":"?","nome":""},"geometry":{"type":"Point","coordinates":[-48.685781,-26.923893]}},{"type":"Feature","properties":{"x":623909.2,"y":6982396.1,"altura_m":2.43,"area_m2":4736,"classe":"?","nome":""},"geometry":{"type":"Point","coordinates":[-49.748096,-27.275802]}},{"type":"Feature","properties":{"x":617493.2,"y":6974476.1,"altura_m":2.43,"area_m2":256,"classe":"?","nome":""},"geometry":{"type":"Point","coordinates":[-49.812147,-27.347855]}},{"type":"Feature","properties":{"x":659317.2,"y":7008636.1,"altura_m":2.42,"area_m2":7744,"classe":"?","nome":""},"geometry":{"type":"Point","coordinates":[-49.393848,-27.035333]}},{"type":"Feature","properties":{"x":690277.2,"y":6990500.1,"altura_m":2.42,"area_m2":256,"classe":"?","nome":""},"geometry":{"type":"Point","coordinates":[-49.079062,-27.195074]}},{"type":"Feature","properties":{"x":694237.2,"y":7022452.1,"altura_m":2.4,"area_m2":256,"classe":"?","nome":""},"geometry":{"type":"Point","coordinates":[-49.04411,-26.90621]}},{"type":"Feature","properties":{"x":729965.2,"y":7020700.1,"altura_m":2.4,"area_m2":832,"classe":"?","nome":""},"geometry":{"type":"Point","coordinates":[-48.684239,-26.916576]}},{"type":"Feature","properties":{"x":729509.2,"y":7019932.1,"altura_m":2.4,"area_m2":256,"classe":"?","nome":""},"geometry":{"type":"Point","coordinates":[-48.688686,-26.92358]}},{"type":"Feature","properties":{"x":641869.2,"y":7008860.1,"altura_m":2.4,"area_m2":320,"classe":"?","nome":""},"geometry":{"type":"Point","coordinates":[-49.569728,-27.035209]}},{"type":"Feature","properties":{"x":647893.2,"y":7001972.1,"altura_m":2.4,"area_m2":704,"classe":"?","nome":""},"geometry":{"type":"Point","coordinates":[-49.50819,-27.096746]}},{"type":"Feature","properties":{"x":649357.2,"y":6951764.1,"altura_m":2.4,"area_m2":1792,"classe":"?","nome":""},"geometry":{"type":"Point","coordinates":[-49.487289,-27.549717]}},{"type":"Feature","properties":{"x":677669.2,"y":7025852.1,"altura_m":2.39,"area_m2":576,"classe":"?","nome":""},"geometry":{"type":"Point","coordinates":[-49.211357,-26.87774]}},{"type":"Feature","properties":{"x":660541.2,"y":7010060.1,"altura_m":2.39,"area_m2":512,"classe":"?","nome":""},"geometry":{"type":"Point","coordinates":[-49.381696,-27.02234]}},{"type":"Feature","properties":{"x":641437.2,"y":7009628.1,"altura_m":2.39,"area_m2":9408,"classe":"represa","nome":"CGH Mafr\u00e1s - PCH Mafras"},"geometry":{"type":"Point","coordinates":[-49.57417,-27.028321]}},{"type":"Feature","properties":{"x":708893.2,"y":7003716.1,"altura_m":2.39,"area_m2":576,"classe":"?","nome":""},"geometry":{"type":"Point","coordinates":[-48.893459,-27.073135]}},{"type":"Feature","properties":{"x":640757.2,"y":6957836.1,"altura_m":2.39,"area_m2":1216,"classe":"?","nome":""},"geometry":{"type":"Point","coordinates":[-49.575075,-27.495837]}},{"type":"Feature","properties":{"x":616125.2,"y":6971460.1,"altura_m":2.38,"area_m2":1216,"classe":"?","nome":""},"geometry":{"type":"Point","coordinates":[-49.825687,-27.375195]}},{"type":"Feature","properties":{"x":581765.2,"y":7017612.1,"altura_m":2.37,"area_m2":256,"classe":"?","nome":""},"geometry":{"type":"Point","coordinates":[-50.176181,-26.961052]}},{"type":"Feature","properties":{"x":637461.2,"y":7013588.1,"altura_m":2.37,"area_m2":320,"classe":"?","nome":""},"geometry":{"type":"Point","coordinates":[-49.614681,-26.992978]}},{"type":"Feature","properties":{"x":645645.2,"y":6997700.1,"altura_m":2.37,"area_m2":1216,"classe":"?","nome":""},"geometry":{"type":"Point","coordinates":[-49.530356,-27.135541]}},{"type":"Feature","properties":{"x":638245.2,"y":6969380.1,"altura_m":2.37,"area_m2":320,"classe":"?","nome":""},"geometry":{"type":"Point","coordinates":[-49.601813,-27.391907]}},{"type":"Feature","properties":{"x":652957.2,"y":6943628.1,"altura_m":2.37,"area_m2":11968,"classe":"?","nome":""},"geometry":{"type":"Point","coordinates":[-49.449806,-27.622739]}},{"type":"Feature","properties":{"x":731909.2,"y":7022412.1,"altura_m":2.36,"area_m2":1664,"classe":"?","nome":""},"geometry":{"type":"Point","coordinates":[-48.664994,-26.900809]}},{"type":"Feature","properties":{"x":729517.2,"y":7020388.1,"altura_m":2.36,"area_m2":2816,"classe":"?","nome":""},"geometry":{"type":"Point","coordinates":[-48.68869,-26.919465]}},{"type":"Feature","properties":{"x":622717.2,"y":6981372.1,"altura_m":2.36,"area_m2":1024,"classe":"?","nome":""},"geometry":{"type":"Point","coordinates":[-49.760034,-27.285152]}},{"type":"Feature","properties":{"x":684957.2,"y":7024324.1,"altura_m":2.35,"area_m2":960,"classe":"?","nome":""},"geometry":{"type":"Point","coordinates":[-49.137792,-26.890581]}},{"type":"Feature","properties":{"x":660925.2,"y":7012132.1,"altura_m":2.35,"area_m2":448,"classe":"?","nome":""},"geometry":{"type":"Point","coordinates":[-49.378095,-27.003596]}},{"type":"Feature","properties":{"x":695973.2,"y":6994228.1,"altura_m":2.35,"area_m2":576,"classe":"?","nome":""},"geometry":{"type":"Point","coordinates":[-49.022178,-27.160637]}},{"type":"Feature","properties":{"x":674477.2,"y":7025924.1,"altura_m":2.34,"area_m2":256,"classe":"?","nome":""},"geometry":{"type":"Point","coordinates":[-49.24349,-26.877493]}},{"type":"Feature","properties":{"x":642805.2,"y":7008916.1,"altura_m":2.34,"area_m2":448,"classe":"?","nome":""},"geometry":{"type":"Point","coordinates":[-49.5603,-27.034607]}},{"type":"Feature","properties":{"x":698685.2,"y":6995844.1,"altura_m":2.34,"area_m2":256,"classe":"?","nome":""},"geometry":{"type":"Point","coordinates":[-48.995082,-27.145668]}},{"type":"Feature","properties":{"x":619485.2,"y":6979756.1,"altura_m":2.33,"area_m2":640,"classe":"?","nome":""},"geometry":{"type":"Point","coordinates":[-49.792527,-27.300024]}},{"type":"Feature","properties":{"x":637557.2,"y":6967508.1,"altura_m":2.33,"area_m2":256,"classe":"?","nome":""},"geometry":{"type":"Point","coordinates":[-49.608558,-27.408872]}},{"type":"Feature","properties":{"x":729949.2,"y":7020684.1,"altura_m":2.32,"area_m2":320,"classe":"?","nome":""},"geometry":{"type":"Point","coordinates":[-48.684397,-26.916723]}},{"type":"Feature","properties":{"x":649397.2,"y":6951716.1,"altura_m":2.32,"area_m2":1280,"classe":"?","nome":""},"geometry":{"type":"Point","coordinates":[-49.486878,-27.550146]}},{"type":"Feature","properties":{"x":652901.2,"y":6948636.1,"altura_m":2.32,"area_m2":320,"classe":"?","nome":""},"geometry":{"type":"Point","coordinates":[-49.451009,-27.57755]}},{"type":"Feature","properties":{"x":593045.2,"y":7001700.1,"altura_m":2.31,"area_m2":384,"classe":"?","nome":""},"geometry":{"type":"Point","coordinates":[-50.061348,-27.103985]}},{"type":"Feature","properties":{"x":727597.2,"y":7025836.1,"altura_m":2.3,"area_m2":256,"classe":"?","nome":""},"geometry":{"type":"Point","coordinates":[-48.709005,-26.870631]}},{"type":"Feature","properties":{"x":645189.2,"y":6997684.1,"altura_m":2.3,"area_m2":3456,"classe":"?","nome":""},"geometry":{"type":"Point","coordinates":[-49.534954,-27.135734]}},{"type":"Feature","properties":{"x":697141.2,"y":6996220.1,"altura_m":2.3,"area_m2":256,"classe":"?","nome":""},"geometry":{"type":"Point","coordinates":[-49.010715,-27.142497]}},{"type":"Feature","properties":{"x":644237.2,"y":7009292.1,"altura_m":2.29,"area_m2":256,"classe":"?","nome":""},"geometry":{"type":"Point","coordinates":[-49.545911,-27.031065]}},{"type":"Feature","properties":{"x":655573.2,"y":7004436.1,"altura_m":2.29,"area_m2":3136,"classe":"?","nome":""},"geometry":{"type":"Point","coordinates":[-49.431054,-27.073664]}},{"type":"Feature","properties":{"x":682829.2,"y":6989404.1,"altura_m":2.29,"area_m2":6080,"classe":"?","nome":""},"geometry":{"type":"Point","coordinates":[-49.154058,-27.205974]}},{"type":"Feature","properties":{"x":649405.2,"y":6951692.1,"altura_m":2.29,"area_m2":256,"classe":"?","nome":""},"geometry":{"type":"Point","coordinates":[-49.486794,-27.550361]}},{"type":"Feature","properties":{"x":729453.2,"y":7019084.1,"altura_m":2.28,"area_m2":448,"classe":"?","nome":""},"geometry":{"type":"Point","coordinates":[-48.689094,-26.931239]}},{"type":"Feature","properties":{"x":663229.2,"y":7006548.1,"altura_m":2.28,"area_m2":448,"classe":"?","nome":""},"geometry":{"type":"Point","coordinates":[-49.354147,-27.053721]}},{"type":"Feature","properties":{"x":594669.2,"y":7002668.1,"altura_m":2.28,"area_m2":256,"classe":"?","nome":""},"geometry":{"type":"Point","coordinates":[-50.045041,-27.095136]}},{"type":"Feature","properties":{"x":652829.2,"y":7001836.1,"altura_m":2.28,"area_m2":46336,"classe":"?","nome":""},"geometry":{"type":"Point","coordinates":[-49.458398,-27.097436]}},{"type":"Feature","properties":{"x":718741.2,"y":7026092.1,"altura_m":2.27,"area_m2":384,"classe":"?","nome":""},"geometry":{"type":"Point","coordinates":[-48.79814,-26.869738]}},{"type":"Feature","properties":{"x":729909.2,"y":7019876.1,"altura_m":2.27,"area_m2":1216,"classe":"?","nome":""},"geometry":{"type":"Point","coordinates":[-48.684651,-26.924019]}},{"type":"Feature","properties":{"x":583605.2,"y":7011428.1,"altura_m":2.27,"area_m2":320,"classe":"?","nome":""},"geometry":{"type":"Point","coordinates":[-50.157228,-27.016769]}},{"type":"Feature","properties":{"x":586429.2,"y":7009156.1,"altura_m":2.27,"area_m2":576,"classe":"represa","nome":"PCH Passo Manso - Passo Manso"},"geometry":{"type":"Point","coordinates":[-50.128605,-27.037106]}},{"type":"Feature","properties":{"x":640197.2,"y":6960196.1,"altura_m":2.27,"area_m2":320,"classe":"?","nome":""},"geometry":{"type":"Point","coordinates":[-49.581016,-27.474596]}},{"type":"Feature","properties":{"x":650173.2,"y":6949436.1,"altura_m":2.27,"area_m2":704,"classe":"?","nome":""},"geometry":{"type":"Point","coordinates":[-49.478737,-27.570636]}},{"type":"Feature","properties":{"x":689861.2,"y":7026044.1,"altura_m":2.26,"area_m2":2048,"classe":"?","nome":""},"geometry":{"type":"Point","coordinates":[-49.0887,-26.874401]}},{"type":"Feature","properties":{"x":660885.2,"y":7012804.1,"altura_m":2.26,"area_m2":320,"classe":"?","nome":""},"geometry":{"type":"Point","coordinates":[-49.378585,-26.997536]}},{"type":"Feature","properties":{"x":684909.2,"y":6990420.1,"altura_m":2.26,"area_m2":320,"classe":"ponte","nome":""},"geometry":{"type":"Point","coordinates":[-49.133218,-27.196528]}},{"type":"Feature","properties":{"x":637645.2,"y":6965444.1,"altura_m":2.26,"area_m2":576,"classe":"?","nome":""},"geometry":{"type":"Point","coordinates":[-49.607435,-27.427492]}},{"type":"Feature","properties":{"x":645685.2,"y":6997604.1,"altura_m":2.25,"area_m2":5440,"classe":"?","nome":""},"geometry":{"type":"Point","coordinates":[-49.529941,-27.136403]}},{"type":"Feature","properties":{"x":643565.2,"y":6955916.1,"altura_m":2.25,"area_m2":256,"classe":"?","nome":""},"geometry":{"type":"Point","coordinates":[-49.546429,-27.512871]}},{"type":"Feature","properties":{"x":729773.2,"y":7023172.1,"altura_m":2.24,"area_m2":960,"classe":"?","nome":""},"geometry":{"type":"Point","coordinates":[-48.686626,-26.894307]}},{"type":"Feature","properties":{"x":661005.2,"y":7012524.1,"altura_m":2.24,"area_m2":1472,"classe":"?","nome":""},"geometry":{"type":"Point","coordinates":[-49.37734,-27.000049]}},{"type":"Feature","properties":{"x":643637.2,"y":7010260.1,"altura_m":2.23,"area_m2":832,"classe":"?","nome":""},"geometry":{"type":"Point","coordinates":[-49.55207,-27.02239]}},{"type":"Feature","properties":{"x":726389.2,"y":7025220.1,"altura_m":2.22,"area_m2":18880,"classe":"?","nome":""},"geometry":{"type":"Point","coordinates":[-48.721045,-26.876385]}},{"type":"Feature","properties":{"x":682749.2,"y":6989404.1,"altura_m":2.22,"area_m2":512,"classe":"?","nome":""},"geometry":{"type":"Point","coordinates":[-49.154865,-27.205985]}},{"type":"Feature","properties":{"x":647925.2,"y":6953956.1,"altura_m":2.22,"area_m2":1664,"classe":"?","nome":""},"geometry":{"type":"Point","coordinates":[-49.502057,-27.530092]}},{"type":"Feature","properties":{"x":659141.2,"y":7007580.1,"altura_m":2.21,"area_m2":4992,"classe":"?","nome":""},"geometry":{"type":"Point","coordinates":[-49.395486,-27.044884]}},{"type":"Feature","properties":{"x":728677.2,"y":7019020.1,"altura_m":2.2,"area_m2":1408,"classe":"?","nome":""},"geometry":{"type":"Point","coordinates":[-48.696893,-26.931944]}},{"type":"Feature","properties":{"x":644189.2,"y":7008020.1,"altura_m":2.2,"area_m2":256,"classe":"?","nome":""},"geometry":{"type":"Point","coordinates":[-49.546247,-27.04255]}},{"type":"Feature","properties":{"x":607421.2,"y":6997092.1,"altura_m":2.2,"area_m2":23872,"classe":"?","nome":""},"geometry":{"type":"Point","coordinates":[-49.915939,-27.144537]}},{"type":"Feature","properties":{"x":725693.2,"y":7026324.1,"altura_m":2.19,"area_m2":832,"classe":"?","nome":""},"geometry":{"type":"Point","coordinates":[-48.728246,-26.866538]}},{"type":"Feature","properties":{"x":674701.2,"y":7023884.1,"altura_m":2.19,"area_m2":4544,"classe":"?","nome":""},"geometry":{"type":"Point","coordinates":[-49.240951,-26.895875]}},{"type":"Feature","properties":{"x":729237.2,"y":7018988.1,"altura_m":2.19,"area_m2":960,"classe":"?","nome":""},"geometry":{"type":"Point","coordinates":[-48.69125,-26.932141]}},{"type":"Feature","properties":{"x":608725.2,"y":6997172.1,"altura_m":2.19,"area_m2":5376,"classe":"?","nome":""},"geometry":{"type":"Point","coordinates":[-49.902789,-27.143713]}},{"type":"Feature","properties":{"x":608749.2,"y":6996524.1,"altura_m":2.19,"area_m2":3520,"classe":"?","nome":""},"geometry":{"type":"Point","coordinates":[-49.902489,-27.14956]}},{"type":"Feature","properties":{"x":622621.2,"y":6981668.1,"altura_m":2.18,"area_m2":1152,"classe":"?","nome":""},"geometry":{"type":"Point","coordinates":[-49.761034,-27.282489]}},{"type":"Feature","properties":{"x":730149.2,"y":7022852.1,"altura_m":2.17,"area_m2":320,"classe":"?","nome":""},"geometry":{"type":"Point","coordinates":[-48.682784,-26.897132]}},{"type":"Feature","properties":{"x":709893.2,"y":7005324.1,"altura_m":2.17,"area_m2":320,"classe":"?","nome":""},"geometry":{"type":"Point","coordinates":[-48.883653,-27.058476]}},{"type":"Feature","properties":{"x":594709.2,"y":7002724.1,"altura_m":2.17,"area_m2":256,"classe":"?","nome":""},"geometry":{"type":"Point","coordinates":[-50.044641,-27.094628]}},{"type":"Feature","properties":{"x":650021.2,"y":6949172.1,"altura_m":2.17,"area_m2":256,"classe":"?","nome":""},"geometry":{"type":"Point","coordinates":[-49.480244,-27.573036]}},{"type":"Feature","properties":{"x":672173.2,"y":7021980.1,"altura_m":2.16,"area_m2":640,"classe":"?","nome":""},"geometry":{"type":"Point","coordinates":[-49.266133,-26.913372]}},{"type":"Feature","properties":{"x":729293.2,"y":7019292.1,"altura_m":2.16,"area_m2":704,"classe":"?","nome":""},"geometry":{"type":"Point","coordinates":[-48.690743,-26.929389]}},{"type":"Feature","properties":{"x":631205.2,"y":7024772.1,"altura_m":2.15,"area_m2":3136,"classe":"?","nome":""},"geometry":{"type":"Point","coordinates":[-49.678891,-26.892635]}},{"type":"Feature","properties":{"x":730461.2,"y":7024572.1,"altura_m":2.15,"area_m2":3776,"classe":"?","nome":""},"geometry":{"type":"Point","coordinates":[-48.679962,-26.881564]}},{"type":"Feature","properties":{"x":663421.2,"y":7017236.1,"altura_m":2.15,"area_m2":4992,"classe":"?","nome":""},"geometry":{"type":"Point","coordinates":[-49.353618,-26.957241]}},{"type":"Feature","properties":{"x":641141.2,"y":7009308.1,"altura_m":2.15,"area_m2":256,"classe":"?","nome":""},"geometry":{"type":"Point","coordinates":[-49.577116,-27.031239]}},{"type":"Feature","properties":{"x":617253.2,"y":6973972.1,"altura_m":2.15,"area_m2":256,"classe":"?","nome":""},"geometry":{"type":"Point","coordinates":[-49.814524,-27.352425]}},{"type":"Feature","properties":{"x":734677.2,"y":7025844.1,"altura_m":2.14,"area_m2":256,"classe":"?","nome":""},"geometry":{"type":"Point","coordinates":[-48.637787,-26.869386]}},{"type":"Feature","properties":{"x":641501.2,"y":7009116.1,"altura_m":2.14,"area_m2":7488,"classe":"?","nome":""},"geometry":{"type":"Point","coordinates":[-49.573466,-27.032936]}},{"type":"Feature","properties":{"x":648629.2,"y":7005076.1,"altura_m":2.14,"area_m2":6720,"classe":"?","nome":""},"geometry":{"type":"Point","coordinates":[-49.501141,-27.068652]}},{"type":"Feature","properties":{"x":624229.2,"y":6989764.1,"altura_m":2.14,"area_m2":1472,"classe":"?","nome":""},"geometry":{"type":"Point","coordinates":[-49.745609,-27.209269]}},{"type":"Feature","properties":{"x":619277.2,"y":6979156.1,"altura_m":2.14,"area_m2":768,"classe":"?","nome":""},"geometry":{"type":"Point","coordinates":[-49.794571,-27.305458]}},{"type":"Feature","properties":{"x":652597.2,"y":6949044.1,"altura_m":2.14,"area_m2":640,"classe":"?","nome":""},"geometry":{"type":"Point","coordinates":[-49.45414,-27.573903]}},{"type":"Feature","properties":{"x":734949.2,"y":7027204.1,"altura_m":2.13,"area_m2":512,"classe":"?","nome":""},"geometry":{"type":"Point","coordinates":[-48.635306,-26.857071]}},{"type":"Feature","properties":{"x":690133.2,"y":7024668.1,"altura_m":2.13,"area_m2":512,"classe":"?","nome":""},"geometry":{"type":"Point","coordinates":[-49.085754,-26.88678]}},{"type":"Feature","properties":{"x":714069.2,"y":7009764.1,"altura_m":2.13,"area_m2":576,"classe":"?","nome":""},"geometry":{"type":"Point","coordinates":[-48.842337,-27.017778]}},{"type":"Feature","properties":{"x":644821.2,"y":7006916.1,"altura_m":2.13,"area_m2":1344,"classe":"?","nome":""},"geometry":{"type":"Point","coordinates":[-49.539748,-27.052449]}},{"type":"Feature","properties":{"x":645765.2,"y":6997740.1,"altura_m":2.13,"area_m2":1984,"classe":"?","nome":""},"geometry":{"type":"Point","coordinates":[-49.52915,-27.135168]}},{"type":"Feature","properties":{"x":734877.2,"y":7020820.1,"altura_m":2.12,"area_m2":2240,"classe":"?","nome":""},"geometry":{"type":"Point","coordinates":[-48.634831,-26.914674]}},{"type":"Feature","properties":{"x":720213.2,"y":7016740.1,"altura_m":2.12,"area_m2":256,"classe":"?","nome":""},"geometry":{"type":"Point","coordinates":[-48.781682,-26.953879]}},{"type":"Feature","properties":{"x":586101.2,"y":7009532.1,"altura_m":2.12,"area_m2":2048,"classe":"?","nome":""},"geometry":{"type":"Point","coordinates":[-50.131938,-27.033732]}},{"type":"Feature","properties":{"x":654085.2,"y":7004676.1,"altura_m":2.12,"area_m2":3648,"classe":"?","nome":""},"geometry":{"type":"Point","coordinates":[-49.446086,-27.071665]}},{"type":"Feature","properties":{"x":704557.2,"y":6999164.1,"altura_m":2.12,"area_m2":640,"classe":"?","nome":""},"geometry":{"type":"Point","coordinates":[-48.936409,-27.114854]}},{"type":"Feature","properties":{"x":608717.2,"y":6996708.1,"altura_m":2.12,"area_m2":3136,"classe":"?","nome":""},"geometry":{"type":"Point","coordinates":[-49.902829,-27.147902]}},{"type":"Feature","properties":{"x":617901.2,"y":6991012.1,"altura_m":2.12,"area_m2":256,"classe":"?","nome":""},"geometry":{"type":"Point","coordinates":[-49.809614,-27.198561]}},{"type":"Feature","properties":{"x":622357.2,"y":6981372.1,"altura_m":2.12,"area_m2":320,"classe":"?","nome":""},"geometry":{"type":"Point","coordinates":[-49.763671,-27.285184]}},{"type":"Feature","properties":{"x":707429.2,"y":7021900.1,"altura_m":2.11,"area_m2":384,"classe":"?","nome":""},"geometry":{"type":"Point","coordinates":[-48.911249,-26.909289]}},{"type":"Feature","properties":{"x":721069.2,"y":7016924.1,"altura_m":2.11,"area_m2":448,"classe":"?","nome":""},"geometry":{"type":"Point","coordinates":[-48.773097,-26.952083]}},{"type":"Feature","properties":{"x":606037.2,"y":6998012.1,"altura_m":2.11,"area_m2":3200,"classe":"?","nome":""},"geometry":{"type":"Point","coordinates":[-49.929983,-27.13634]}},{"type":"Feature","properties":{"x":734973.2,"y":7027300.1,"altura_m":2.1,"area_m2":512,"classe":"?","nome":""},"geometry":{"type":"Point","coordinates":[-48.635083,-26.856201]}},{"type":"Feature","properties":{"x":673741.2,"y":7026420.1,"altura_m":2.1,"area_m2":256,"classe":"?","nome":""},"geometry":{"type":"Point","coordinates":[-49.250966,-26.873109]}},{"type":"Feature","properties":{"x":722157.2,"y":7025172.1,"altura_m":2.1,"area_m2":768,"classe":"?","nome":""},"geometry":{"type":"Point","coordinates":[-48.763612,-26.877498]}},{"type":"Feature","properties":{"x":636365.2,"y":6976404.1,"altura_m":2.1,"area_m2":256,"classe":"?","nome":""},"geometry":{"type":"Point","coordinates":[-49.621608,-27.328701]}},{"type":"Feature","properties":{"x":652541.2,"y":6947076.1,"altura_m":2.1,"area_m2":256,"classe":"ponte","nome":""},"geometry":{"type":"Point","coordinates":[-49.454458,-27.591669]}},{"type":"Feature","properties":{"x":649173.2,"y":7003972.1,"altura_m":2.09,"area_m2":14592,"classe":"?","nome":""},"geometry":{"type":"Point","coordinates":[-49.495523,-27.078557]}},{"type":"Feature","properties":{"x":646901.2,"y":6999804.1,"altura_m":2.09,"area_m2":4992,"classe":"?","nome":""},"geometry":{"type":"Point","coordinates":[-49.517936,-27.116419]}},{"type":"Feature","properties":{"x":617165.2,"y":6990436.1,"altura_m":2.09,"area_m2":832,"classe":"?","nome":""},"geometry":{"type":"Point","coordinates":[-49.816989,-27.203823]}},{"type":"Feature","properties":{"x":710893.2,"y":7021212.1,"altura_m":2.08,"area_m2":23808,"classe":"?","nome":""},"geometry":{"type":"Point","coordinates":[-48.87627,-26.914976]}},{"type":"Feature","properties":{"x":594733.2,"y":7002756.1,"altura_m":2.08,"area_m2":256,"classe":"?","nome":""},"geometry":{"type":"Point","coordinates":[-50.044402,-27.094338]}},{"type":"Feature","properties":{"x":643941.2,"y":6993180.1,"altura_m":2.08,"area_m2":21504,"classe":"?","nome":""},"geometry":{"type":"Point","coordinates":[-49.547018,-27.176515]}},{"type":"Feature","properties":{"x":712701.2,"y":7008372.1,"altura_m":2.07,"area_m2":2496,"classe":"?","nome":""},"geometry":{"type":"Point","coordinates":[-48.855879,-27.030547]}},{"type":"Feature","properties":{"x":635517.2,"y":7006564.1,"altura_m":2.07,"area_m2":256,"classe":"?","nome":""},"geometry":{"type":"Point","coordinates":[-49.6335,-27.056568]}},{"type":"Feature","properties":{"x":606317.2,"y":6996604.1,"altura_m":2.07,"area_m2":8256,"classe":"?","nome":""},"geometry":{"type":"Point","coordinates":[-49.927037,-27.149028]}},{"type":"Feature","properties":{"x":645429.2,"y":6955172.1,"altura_m":2.07,"area_m2":2304,"classe":"?","nome":""},"geometry":{"type":"Point","coordinates":[-49.527472,-27.519387]}},{"type":"Feature","properties":{"x":729605.2,"y":7019828.1,"altura_m":2.05,"area_m2":448,"classe":"?","nome":""},"geometry":{"type":"Point","coordinates":[-48.687701,-26.924502]}},{"type":"Feature","properties":{"x":643645.2,"y":7010380.1,"altura_m":2.05,"area_m2":448,"classe":"?","nome":""},"geometry":{"type":"Point","coordinates":[-49.552004,-27.021306]}},{"type":"Feature","properties":{"x":646941.2,"y":7000252.1,"altura_m":2.05,"area_m2":3392,"classe":"?","nome":""},"geometry":{"type":"Point","coordinates":[-49.517586,-27.112371]}},{"type":"Feature","properties":{"x":617045.2,"y":6992516.1,"altura_m":2.05,"area_m2":576,"classe":"?","nome":""},"geometry":{"type":"Point","coordinates":[-49.818398,-27.185059]}},{"type":"Feature","properties":{"x":688125.2,"y":6990852.1,"altura_m":2.05,"area_m2":384,"classe":"?","nome":""},"geometry":{"type":"Point","coordinates":[-49.100831,-27.192194]}},{"type":"Feature","properties":{"x":679557.2,"y":6990100.1,"altura_m":2.05,"area_m2":384,"classe":"?","nome":""},"geometry":{"type":"Point","coordinates":[-49.187182,-27.200125]}},{"type":"Feature","properties":{"x":660325.2,"y":7013308.1,"altura_m":2.04,"area_m2":1728,"classe":"?","nome":""},"geometry":{"type":"Point","coordinates":[-49.384292,-26.993052]}},{"type":"Feature","properties":{"x":699365.2,"y":6995964.1,"altura_m":2.04,"area_m2":448,"classe":"?","nome":""},"geometry":{"type":"Point","coordinates":[-48.988243,-27.144487]}},{"type":"Feature","properties":{"x":637749.2,"y":6967036.1,"altura_m":2.03,"area_m2":256,"classe":"?","nome":""},"geometry":{"type":"Point","coordinates":[-49.606563,-27.413113]}},{"type":"Feature","properties":{"x":727621.2,"y":7025892.1,"altura_m":2.02,"area_m2":320,"classe":"?","nome":""},"geometry":{"type":"Point","coordinates":[-48.708773,-26.870122]}},{"type":"Feature","properties":{"x":729501.2,"y":7019572.1,"altura_m":2.02,"area_m2":704,"classe":"?","nome":""},"geometry":{"type":"Point","coordinates":[-48.688701,-26.926829]}},{"type":"Feature","properties":{"x":624725.2,"y":6988652.1,"altura_m":2.02,"area_m2":10496,"classe":"?","nome":""},"geometry":{"type":"Point","coordinates":[-49.740489,-27.219261]}},{"type":"Feature","properties":{"x":622613.2,"y":6981532.1,"altura_m":2.02,"area_m2":1536,"classe":"?","nome":""},"geometry":{"type":"Point","coordinates":[-49.761101,-27.283717]}},{"type":"Feature","properties":{"x":644941.2,"y":6955420.1,"altura_m":2.02,"area_m2":256,"classe":"?","nome":""},"geometry":{"type":"Point","coordinates":[-49.532441,-27.517201]}},{"type":"Feature","properties":{"x":671805.2,"y":7028980.1,"altura_m":2.01,"area_m2":256,"classe":"?","nome":""},"geometry":{"type":"Point","coordinates":[-49.270799,-26.850245]}},{"type":"Feature","properties":{"x":671973.2,"y":7028940.1,"altura_m":2.01,"area_m2":448,"classe":"?","nome":""},"geometry":{"type":"Point","coordinates":[-49.269104,-26.850586]}},{"type":"Feature","properties":{"x":638669.2,"y":7008588.1,"altura_m":2.01,"area_m2":256,"classe":"?","nome":""},"geometry":{"type":"Point","coordinates":[-49.601951,-27.037988]}},{"type":"Feature","properties":{"x":654157.2,"y":7004148.1,"altura_m":2.01,"area_m2":256,"classe":"?","nome":""},"geometry":{"type":"Point","coordinates":[-49.445294,-27.076422]}},{"type":"Feature","properties":{"x":646069.2,"y":6954836.1,"altura_m":2.01,"area_m2":768,"classe":"?","nome":""},"geometry":{"type":"Point","coordinates":[-49.520953,-27.522351]}},{"type":"Feature","properties":{"x":651141.2,"y":6950892.1,"altura_m":2.01,"area_m2":320,"classe":"?","nome":""},"geometry":{"type":"Point","coordinates":[-49.469117,-27.557389]}},{"type":"Feature","properties":{"x":722173.2,"y":7024900.1,"altura_m":2.0,"area_m2":384,"classe":"?","nome":""},"geometry":{"type":"Point","coordinates":[-48.763402,-26.87995]}},{"type":"Feature","properties":{"x":711269.2,"y":7021236.1,"altura_m":1.99,"area_m2":17856,"classe":"?","nome":""},"geometry":{"type":"Point","coordinates":[-48.87249,-26.914703]}},{"type":"Feature","properties":{"x":584581.2,"y":7010564.1,"altura_m":1.98,"area_m2":2752,"classe":"?","nome":""},"geometry":{"type":"Point","coordinates":[-50.147331,-27.02451]}},{"type":"Feature","properties":{"x":659485.2,"y":7008828.1,"altura_m":1.98,"area_m2":5504,"classe":"?","nome":""},"geometry":{"type":"Point","coordinates":[-49.392179,-27.033581]}},{"type":"Feature","properties":{"x":659373.2,"y":7006004.1,"altura_m":1.98,"area_m2":10176,"classe":"?","nome":""},"geometry":{"type":"Point","coordinates":[-49.392945,-27.05908]}},{"type":"Feature","properties":{"x":646989.2,"y":6997764.1,"altura_m":1.98,"area_m2":2176,"classe":"?","nome":""},"geometry":{"type":"Point","coordinates":[-49.516805,-27.134821]}},{"type":"Feature","properties":{"x":615109.2,"y":6995108.1,"altura_m":1.98,"area_m2":1664,"classe":"?","nome":""},"geometry":{"type":"Point","coordinates":[-49.838182,-27.161825]}},{"type":"Feature","properties":{"x":652853.2,"y":6948180.1,"altura_m":1.98,"area_m2":576,"classe":"?","nome":""},"geometry":{"type":"Point","coordinates":[-49.451438,-27.581671]}},{"type":"Feature","properties":{"x":729365.2,"y":7019556.1,"altura_m":1.97,"area_m2":640,"classe":"?","nome":""},"geometry":{"type":"Point","coordinates":[-48.690067,-26.926996]}},{"type":"Feature","properties":{"x":645669.2,"y":6955212.1,"altura_m":1.97,"area_m2":1728,"classe":"?","nome":""},"geometry":{"type":"Point","coordinates":[-49.525047,-27.519001]}},{"type":"Feature","properties":{"x":658197.2,"y":6938708.1,"altura_m":1.97,"area_m2":1152,"classe":"?","nome":""},"geometry":{"type":"Point","coordinates":[-49.396069,-27.666534]}},{"type":"Feature","properties":{"x":635237.2,"y":7010284.1,"altura_m":1.96,"area_m2":448,"classe":"?","nome":""},"geometry":{"type":"Point","coordinates":[-49.636729,-27.023019]}},{"type":"Feature","properties":{"x":622029.2,"y":6990668.1,"altura_m":1.96,"area_m2":5440,"classe":"?","nome":""},"geometry":{"type":"Point","coordinates":[-49.767909,-27.201306]}},{"type":"Feature","properties":{"x":651005.2,"y":6949900.1,"altura_m":1.96,"area_m2":320,"classe":"?","nome":""},"geometry":{"type":"Point","coordinates":[-49.47037,-27.566356]}},{"type":"Feature","properties":{"x":652965.2,"y":6943804.1,"altura_m":1.96,"area_m2":512,"classe":"?","nome":""},"geometry":{"type":"Point","coordinates":[-49.449748,-27.62115]}},{"type":"Feature","properties":{"x":637581.2,"y":7014484.1,"altura_m":1.95,"area_m2":4672,"classe":"?","nome":""},"geometry":{"type":"Point","coordinates":[-49.613571,-26.984879]}},{"type":"Feature","properties":{"x":660285.2,"y":7009788.1,"altura_m":1.95,"area_m2":9280,"classe":"?","nome":""},"geometry":{"type":"Point","coordinates":[-49.384241,-27.024825]}},{"type":"Feature","properties":{"x":642877.2,"y":7008884.1,"altura_m":1.95,"area_m2":448,"classe":"?","nome":""},"geometry":{"type":"Point","coordinates":[-49.559571,-27.034888]}},{"type":"Feature","properties":{"x":606677.2,"y":6997772.1,"altura_m":1.95,"area_m2":3904,"classe":"?","nome":""},"geometry":{"type":"Point","coordinates":[-49.923505,-27.138457]}},{"type":"Feature","properties":{"x":687437.2,"y":6991316.1,"altura_m":1.95,"area_m2":320,"classe":"ponte","nome":""},"geometry":{"type":"Point","coordinates":[-49.107844,-27.188101]}},{"type":"Feature","properties":{"x":638133.2,"y":6966300.1,"altura_m":1.95,"area_m2":1280,"classe":"?","nome":""},"geometry":{"type":"Point","coordinates":[-49.602596,-27.419716]}},{"type":"Feature","properties":{"x":691941.2,"y":7021588.1,"altura_m":1.94,"area_m2":256,"classe":"?","nome":""},"geometry":{"type":"Point","coordinates":[-49.067086,-26.914325]}},{"type":"Feature","properties":{"x":661037.2,"y":7012452.1,"altura_m":1.94,"area_m2":640,"classe":"?","nome":""},"geometry":{"type":"Point","coordinates":[-49.377008,-27.000695]}},{"type":"Feature","properties":{"x":646877.2,"y":6998404.1,"altura_m":1.94,"area_m2":10304,"classe":"?","nome":""},"geometry":{"type":"Point","coordinates":[-49.518011,-27.129057]}},{"type":"Feature","properties":{"x":685069.2,"y":6990964.1,"altura_m":1.94,"area_m2":576,"classe":"?","nome":""},"geometry":{"type":"Point","coordinates":[-49.131686,-27.191598]}},{"type":"Feature","properties":{"x":633165.2,"y":6982892.1,"altura_m":1.94,"area_m2":960,"classe":"ponte","nome":""},"geometry":{"type":"Point","coordinates":[-49.654653,-27.270457]}},{"type":"Feature","properties":{"x":582597.2,"y":7011844.1,"altura_m":1.93,"area_m2":512,"classe":"?","nome":""},"geometry":{"type":"Point","coordinates":[-50.167415,-27.013074]}},{"type":"Feature","properties":{"x":734885.2,"y":7026908.1,"altura_m":1.92,"area_m2":576,"classe":"?","nome":""},"geometry":{"type":"Point","coordinates":[-48.635894,-26.859752]}},{"type":"Feature","properties":{"x":732765.2,"y":7022500.1,"altura_m":1.92,"area_m2":256,"classe":"?","nome":""},"geometry":{"type":"Point","coordinates":[-48.656397,-26.899873]}},{"type":"Feature","properties":{"x":702893.2,"y":6996796.1,"altura_m":1.92,"area_m2":320,"classe":"?","nome":""},"geometry":{"type":"Point","coordinates":[-48.952798,-27.136465]}},{"type":"Feature","properties":{"x":660661.2,"y":6936956.1,"altura_m":1.92,"area_m2":640,"classe":"?","nome":""},"geometry":{"type":"Point","coordinates":[-49.37086,-27.682053]}},{"type":"Feature","properties":{"x":671853.2,"y":7030028.1,"altura_m":1.91,"area_m2":512,"classe":"?","nome":""},"geometry":{"type":"Point","coordinates":[-49.27046,-26.840782]}},{"type":"Feature","properties":{"x":734869.2,"y":7026820.1,"altura_m":1.91,"area_m2":256,"classe":"?","nome":""},"geometry":{"type":"Point","coordinates":[-48.636039,-26.860549]}},{"type":"Feature","properties":{"x":734381.2,"y":7021020.1,"altura_m":1.91,"area_m2":5184,"classe":"?","nome":""},"geometry":{"type":"Point","coordinates":[-48.63986,-26.912953]}},{"type":"Feature","properties":{"x":646181.2,"y":6997956.1,"altura_m":1.91,"area_m2":2816,"classe":"?","nome":""},"geometry":{"type":"Point","coordinates":[-49.524979,-27.133174]}},{"type":"Feature","properties":{"x":685365.2,"y":6991516.1,"altura_m":1.91,"area_m2":3008,"classe":"?","nome":""},"geometry":{"type":"Point","coordinates":[-49.128782,-27.186577]}},{"type":"Feature","properties":{"x":690229.2,"y":6990452.1,"altura_m":1.91,"area_m2":384,"classe":"ponte","nome":""},"geometry":{"type":"Point","coordinates":[-49.079539,-27.195514]}},{"type":"Feature","properties":{"x":676989.2,"y":6987364.1,"altura_m":1.91,"area_m2":448,"classe":"?","nome":""},"geometry":{"type":"Point","coordinates":[-49.212704,-27.225147]}},{"type":"Feature","properties":{"x":642493.2,"y":6956892.1,"altura_m":1.91,"area_m2":3392,"classe":"?","nome":""},"geometry":{"type":"Point","coordinates":[-49.557395,-27.504176]}},{"type":"Feature","properties":{"x":646837.2,"y":6954708.1,"altura_m":1.91,"area_m2":256,"classe":"?","nome":""},"geometry":{"type":"Point","coordinates":[-49.513163,-27.523423]}},{"type":"Feature","properties":{"x":631029.2,"y":7024700.1,"altura_m":1.9,"area_m2":384,"classe":"?","nome":""},"geometry":{"type":"Point","coordinates":[-49.680656,-26.893301]}},{"type":"Feature","properties":{"x":710301.2,"y":7020988.1,"altura_m":1.9,"area_m2":256,"classe":"?","nome":""},"geometry":{"type":"Point","coordinates":[-48.882191,-26.917087]}},{"type":"Feature","properties":{"x":687877.2,"y":6991060.1,"altura_m":1.9,"area_m2":1152,"classe":"?","nome":""},"geometry":{"type":"Point","coordinates":[-49.103365,-27.190351]}},{"type":"Feature","properties":{"x":653005.2,"y":6943892.1,"altura_m":1.9,"area_m2":384,"classe":"?","nome":""},"geometry":{"type":"Point","coordinates":[-49.449354,-27.620351]}},{"type":"Feature","properties":{"x":649877.2,"y":7003860.1,"altura_m":1.89,"area_m2":512,"classe":"?","nome":""},"geometry":{"type":"Point","coordinates":[-49.488411,-27.079492]}},{"type":"Feature","properties":{"x":652893.2,"y":7003260.1,"altura_m":1.89,"area_m2":256,"classe":"?","nome":""},"geometry":{"type":"Point","coordinates":[-49.457928,-27.084577]}},{"type":"Feature","properties":{"x":581885.2,"y":7018028.1,"altura_m":1.88,"area_m2":384,"classe":"?","nome":""},"geometry":{"type":"Point","coordinates":[-50.174999,-26.957289]}},{"type":"Feature","properties":{"x":659101.2,"y":7008492.1,"altura_m":1.88,"area_m2":4928,"classe":"?","nome":""},"geometry":{"type":"Point","coordinates":[-49.396006,-27.036658]}},{"type":"Feature","properties":{"x":587677.2,"y":7008020.1,"altura_m":1.88,"area_m2":960,"classe":"?","nome":""},"geometry":{"type":"Point","coordinates":[-50.115943,-27.047283]}},{"type":"Feature","properties":{"x":655797.2,"y":7004316.1,"altura_m":1.88,"area_m2":1792,"classe":"?","nome":""},"geometry":{"type":"Point","coordinates":[-49.42878,-27.074722]}},{"type":"Feature","properties":{"x":619469.2,"y":6979540.1,"altura_m":1.88,"area_m2":256,"classe":"ponte","nome":""},"geometry":{"type":"Point","coordinates":[-49.792668,-27.301975]}},{"type":"Feature","properties":{"x":691797.2,"y":7022276.1,"altura_m":1.87,"area_m2":384,"classe":"?","nome":""},"geometry":{"type":"Point","coordinates":[-49.068641,-26.908137]}},{"type":"Feature","properties":{"x":734253.2,"y":7021172.1,"altura_m":1.87,"area_m2":6016,"classe":"?","nome":""},"geometry":{"type":"Point","coordinates":[-48.641176,-26.911603]}},{"type":"Feature","properties":{"x":729245.2,"y":7019996.1,"altura_m":1.87,"area_m2":384,"classe":"?","nome":""},"geometry":{"type":"Point","coordinates":[-48.691355,-26.923046]}},{"type":"Feature","properties":{"x":702173.2,"y":6997676.1,"altura_m":1.87,"area_m2":576,"classe":"?","nome":""},"geometry":{"type":"Point","coordinates":[-48.960203,-27.128631]}},{"type":"Feature","properties":{"x":607941.2,"y":6996940.1,"altura_m":1.87,"area_m2":448,"classe":"?","nome":""},"geometry":{"type":"Point","coordinates":[-49.910679,-27.145869]}},{"type":"Feature","properties":{"x":685501.2,"y":6991180.1,"altura_m":1.87,"area_m2":576,"classe":"?","nome":""},"geometry":{"type":"Point","coordinates":[-49.127359,-27.18959]}},{"type":"Feature","properties":{"x":617661.2,"y":6990988.1,"altura_m":1.87,"area_m2":640,"classe":"?","nome":""},"geometry":{"type":"Point","coordinates":[-49.812034,-27.198798]}},{"type":"Feature","properties":{"x":676989.2,"y":7025876.1,"altura_m":1.86,"area_m2":384,"classe":"?","nome":""},"geometry":{"type":"Point","coordinates":[-49.218204,-26.877609]}},{"type":"Feature","properties":{"x":677373.2,"y":7025828.1,"altura_m":1.86,"area_m2":512,"classe":"?","nome":""},"geometry":{"type":"Point","coordinates":[-49.214333,-26.877994]}},{"type":"Feature","properties":{"x":685461.2,"y":7024332.1,"altura_m":1.86,"area_m2":12736,"classe":"?","nome":""},"geometry":{"type":"Point","coordinates":[-49.132721,-26.890442]}},{"type":"Feature","properties":{"x":670725.2,"y":7020924.1,"altura_m":1.86,"area_m2":256,"classe":"?","nome":""},"geometry":{"type":"Point","coordinates":[-49.280565,-26.92308]}},{"type":"Feature","properties":{"x":663357.2,"y":7017388.1,"altura_m":1.86,"area_m2":2688,"classe":"?","nome":""},"geometry":{"type":"Point","coordinates":[-49.354282,-26.955877]}},{"type":"Feature","properties":{"x":642885.2,"y":7009140.1,"altura_m":1.86,"area_m2":384,"classe":"?","nome":""},"geometry":{"type":"Point","coordinates":[-49.55952,-27.032577]}},{"type":"Feature","properties":{"x":647277.2,"y":7000580.1,"altura_m":1.86,"area_m2":2112,"classe":"?","nome":""},"geometry":{"type":"Point","coordinates":[-49.514236,-27.109375]}},{"type":"Feature","properties":{"x":608749.2,"y":6997844.1,"altura_m":1.86,"area_m2":3008,"classe":"?","nome":""},"geometry":{"type":"Point","coordinates":[-49.902606,-27.137645]}},{"type":"Feature","properties":{"x":684757.2,"y":6990148.1,"altura_m":1.86,"area_m2":2752,"classe":"?","nome":""},"geometry":{"type":"Point","coordinates":[-49.134712,-27.199003]}},{"type":"Feature","properties":{"x":646413.2,"y":6954532.1,"altura_m":1.86,"area_m2":1152,"classe":"ponte","nome":""},"geometry":{"type":"Point","coordinates":[-49.517434,-27.525057]}},{"type":"Feature","properties":{"x":731989.2,"y":7022828.1,"altura_m":1.85,"area_m2":256,"classe":"?","nome":""},"geometry":{"type":"Point","coordinates":[-48.664266,-26.897043]}},{"type":"Feature","properties":{"x":711533.2,"y":7021612.1,"altura_m":1.85,"area_m2":256,"classe":"?","nome":""},"geometry":{"type":"Point","coordinates":[-48.869897,-26.91127]}},{"type":"Feature","properties":{"x":685053.2,"y":6990780.1,"altura_m":1.85,"area_m2":704,"classe":"?","nome":""},"geometry":{"type":"Point","coordinates":[-49.131819,-27.19326]}},{"type":"Feature","properties":{"x":616693.2,"y":6990612.1,"altura_m":1.85,"area_m2":2816,"classe":"?","nome":""},"geometry":{"type":"Point","coordinates":[-49.82177,-27.202275]}},{"type":"Feature","properties":{"x":684069.2,"y":6990180.1,"altura_m":1.85,"area_m2":256,"classe":"?","nome":""},"geometry":{"type":"Point","coordinates":[-49.141659,-27.198806]}},{"type":"Feature","properties":{"x":672701.2,"y":7028212.1,"altura_m":1.84,"area_m2":256,"classe":"?","nome":""},"geometry":{"type":"Point","coordinates":[-49.261679,-26.857066]}},{"type":"Feature","properties":{"x":640381.2,"y":7008876.1,"altura_m":1.84,"area_m2":512,"classe":"?","nome":""},"geometry":{"type":"Point","coordinates":[-49.584727,-27.035216]}},{"type":"Feature","properties":{"x":690365.2,"y":7024452.1,"altura_m":1.83,"area_m2":256,"classe":"?","nome":""},"geometry":{"type":"Point","coordinates":[-49.083386,-26.888698]}},{"type":"Feature","properties":{"x":645389.2,"y":7006156.1,"altura_m":1.83,"area_m2":6976,"classe":"?","nome":""},"geometry":{"type":"Point","coordinates":[-49.533933,-27.059249]}},{"type":"Feature","properties":{"x":636245.2,"y":6989916.1,"altura_m":1.83,"area_m2":35136,"classe":"?","nome":""},"geometry":{"type":"Point","coordinates":[-49.624323,-27.206759]}},{"type":"Feature","properties":{"x":651661.2,"y":6949588.1,"altura_m":1.83,"area_m2":2688,"classe":"?","nome":""},"geometry":{"type":"Point","coordinates":[-49.463687,-27.569099]}},{"type":"Feature","properties":{"x":684181.2,"y":7023740.1,"altura_m":1.82,"area_m2":256,"classe":"?","nome":""},"geometry":{"type":"Point","coordinates":[-49.145515,-26.895953]}},{"type":"Feature","properties":{"x":640461.2,"y":6991916.1,"altura_m":1.82,"area_m2":1792,"classe":"ponte","nome":""},"geometry":{"type":"Point","coordinates":[-49.581993,-27.188283]}},{"type":"Feature","properties":{"x":636349.2,"y":6989996.1,"altura_m":1.82,"area_m2":2048,"classe":"?","nome":""},"geometry":{"type":"Point","coordinates":[-49.623282,-27.206026]}},{"type":"Feature","properties":{"x":684709.2,"y":7024844.1,"altura_m":1.81,"area_m2":320,"classe":"ponte","nome":""},"geometry":{"type":"Point","coordinates":[-49.140365,-26.885921]}},{"type":"Feature","properties":{"x":670733.2,"y":7020988.1,"altura_m":1.81,"area_m2":256,"classe":"?","nome":""},"geometry":{"type":"Point","coordinates":[-49.280493,-26.922502]}},{"type":"Feature","properties":{"x":728797.2,"y":7018716.1,"altura_m":1.81,"area_m2":320,"classe":"ponte","nome":""},"geometry":{"type":"Point","coordinates":[-48.695629,-26.934667]}},{"type":"Feature","properties":{"x":654677.2,"y":7004596.1,"altura_m":1.81,"area_m2":384,"classe":"?","nome":""},"geometry":{"type":"Point","coordinates":[-49.440107,-27.072321]}},{"type":"Feature","properties":{"x":648749.2,"y":7003540.1,"altura_m":1.81,"area_m2":2688,"classe":"?","nome":""},"geometry":{"type":"Point","coordinates":[-49.499746,-27.082502]}},{"type":"Feature","properties":{"x":729277.2,"y":7019852.1,"altura_m":1.8,"area_m2":704,"classe":"?","nome":""},"geometry":{"type":"Point","coordinates":[-48.691007,-26.92434]}},{"type":"Feature","properties":{"x":593013.2,"y":7001908.1,"altura_m":1.8,"area_m2":384,"classe":"?","nome":""},"geometry":{"type":"Point","coordinates":[-50.061686,-27.10211]}},{"type":"Feature","properties":{"x":615717.2,"y":6988716.1,"altura_m":1.8,"area_m2":2816,"classe":"?","nome":""},"geometry":{"type":"Point","coordinates":[-49.831445,-27.219471]}},{"type":"Feature","properties":{"x":628381.2,"y":6984772.1,"altura_m":1.8,"area_m2":320,"classe":"?","nome":""},"geometry":{"type":"Point","coordinates":[-49.703172,-27.253945]}},{"type":"Feature","properties":{"x":627861.2,"y":6984436.1,"altura_m":1.8,"area_m2":1216,"classe":"?","nome":""},"geometry":{"type":"Point","coordinates":[-49.708388,-27.257026]}},{"type":"Feature","properties":{"x":618709.2,"y":6975868.1,"altura_m":1.8,"area_m2":960,"classe":"?","nome":""},"geometry":{"type":"Point","coordinates":[-49.79999,-27.335186]}},{"type":"Feature","properties":{"x":725765.2,"y":7026572.1,"altura_m":1.79,"area_m2":384,"classe":"?","nome":""},"geometry":{"type":"Point","coordinates":[-48.727567,-26.864289]}},{"type":"Feature","properties":{"x":661213.2,"y":7011044.1,"altura_m":1.79,"area_m2":4672,"classe":"?","nome":""},"geometry":{"type":"Point","coordinates":[-49.375052,-27.013382]}},{"type":"Feature","properties":{"x":606453.2,"y":6996460.1,"altura_m":1.79,"area_m2":3904,"classe":"ponte","nome":""},"geometry":{"type":"Point","coordinates":[-49.925652,-27.150317]}},{"type":"Feature","properties":{"x":734877.2,"y":7026860.1,"altura_m":1.78,"area_m2":320,"classe":"?","nome":""},"geometry":{"type":"Point","coordinates":[-48.635966,-26.860187]}},{"type":"Feature","properties":{"x":682509.2,"y":6989492.1,"altura_m":1.78,"area_m2":1088,"classe":"?","nome":""},"geometry":{"type":"Point","coordinates":[-49.1573,-27.205222]}},{"type":"Feature","properties":{"x":729669.2,"y":7020276.1,"altura_m":1.77,"area_m2":384,"classe":"?","nome":""},"geometry":{"type":"Point","coordinates":[-48.68714,-26.92045]}},{"type":"Feature","properties":{"x":719677.2,"y":7016596.1,"altura_m":1.77,"area_m2":256,"classe":"?","nome":""},"geometry":{"type":"Point","coordinates":[-48.787053,-26.955263]}},{"type":"Feature","properties":{"x":660429.2,"y":7013252.1,"altura_m":1.77,"area_m2":384,"classe":"?","nome":""},"geometry":{"type":"Point","coordinates":[-49.383237,-26.993546]}},{"type":"Feature","properties":{"x":663653.2,"y":7006244.1,"altura_m":1.77,"area_m2":256,"classe":"?","nome":""},"geometry":{"type":"Point","coordinates":[-49.349833,-27.056415]}},{"type":"Feature","properties":{"x":674893.2,"y":6986436.1,"altura_m":1.77,"area_m2":256,"classe":"?","nome":""},"geometry":{"type":"Point","coordinates":[-49.23373,-27.23379]}},{"type":"Feature","properties":{"x":722429.2,"y":7026468.1,"altura_m":1.76,"area_m2":256,"classe":"?","nome":""},"geometry":{"type":"Point","coordinates":[-48.761106,-26.865763]}},{"type":"Feature","properties":{"x":684565.2,"y":7023748.1,"altura_m":1.76,"area_m2":3776,"classe":"?","nome":""},"geometry":{"type":"Point","coordinates":[-49.141652,-26.89583]}},{"type":"Feature","properties":{"x":733629.2,"y":7021652.1,"altura_m":1.76,"area_m2":256,"classe":"?","nome":""},"geometry":{"type":"Point","coordinates":[-48.647545,-26.907378]}},{"type":"Feature","properties":{"x":729365.2,"y":7019764.1,"altura_m":1.76,"area_m2":576,"classe":"?","nome":""},"geometry":{"type":"Point","coordinates":[-48.690105,-26.925119]}},{"type":"Feature","properties":{"x":617557.2,"y":6991252.1,"altura_m":1.76,"area_m2":3200,"classe":"?","nome":""},"geometry":{"type":"Point","coordinates":[-49.81311,-27.196424]}},{"type":"Feature","properties":{"x":634133.2,"y":6979676.1,"altura_m":1.76,"area_m2":4480,"classe":"?","nome":""},"geometry":{"type":"Point","coordinates":[-49.644523,-27.29939]}},{"type":"Feature","properties":{"x":637589.2,"y":6967404.1,"altura_m":1.76,"area_m2":384,"classe":"ponte","nome":""},"geometry":{"type":"Point","coordinates":[-49.608223,-27.409807]}},{"type":"Feature","properties":{"x":722165.2,"y":7025020.1,"altura_m":1.75,"area_m2":576,"classe":"?","nome":""},"geometry":{"type":"Point","coordinates":[-48.763504,-26.878868]}},{"type":"Feature","properties":{"x":684589.2,"y":7023532.1,"altura_m":1.75,"area_m2":640,"classe":"?","nome":""},"geometry":{"type":"Point","coordinates":[-49.141378,-26.897776]}},{"type":"Feature","properties":{"x":644493.2,"y":7009596.1,"altura_m":1.75,"area_m2":4288,"classe":"?","nome":""},"geometry":{"type":"Point","coordinates":[-49.543366,-27.028294]}},{"type":"Feature","properties":{"x":645077.2,"y":7006852.1,"altura_m":1.75,"area_m2":960,"classe":"?","nome":""},"geometry":{"type":"Point","coordinates":[-49.537159,-27.053]}},{"type":"Feature","properties":{"x":652853.2,"y":6943252.1,"altura_m":1.75,"area_m2":320,"classe":"?","nome":""},"geometry":{"type":"Point","coordinates":[-49.450812,-27.626144]}},{"type":"Feature","properties":{"x":620333.2,"y":6991340.1,"altura_m":1.74,"area_m2":256,"classe":"?","nome":""},"geometry":{"type":"Point","coordinates":[-49.785096,-27.19539]}},{"type":"Feature","properties":{"x":652789.2,"y":6948668.1,"altura_m":1.74,"area_m2":1408,"classe":"?","nome":""},"geometry":{"type":"Point","coordinates":[-49.452148,-27.577274]}},{"type":"Feature","properties":{"x":729229.2,"y":7019956.1,"altura_m":1.73,"area_m2":512,"classe":"?","nome":""},"geometry":{"type":"Point","coordinates":[-48.691509,-26.923409]}},{"type":"Feature","properties":{"x":617365.2,"y":6991036.1,"altura_m":1.73,"area_m2":832,"classe":"?","nome":""},"geometry":{"type":"Point","coordinates":[-49.815027,-27.19839]}},{"type":"Feature","properties":{"x":684997.2,"y":6990892.1,"altura_m":1.73,"area_m2":384,"classe":"?","nome":""},"geometry":{"type":"Point","coordinates":[-49.132401,-27.192257]}},{"type":"Feature","properties":{"x":644997.2,"y":6955108.1,"altura_m":1.73,"area_m2":512,"classe":"?","nome":""},"geometry":{"type":"Point","coordinates":[-49.531837,-27.520011]}},{"type":"Feature","properties":{"x":673373.2,"y":7023388.1,"altura_m":1.72,"area_m2":256,"classe":"?","nome":""},"geometry":{"type":"Point","coordinates":[-49.254248,-26.900517]}},{"type":"Feature","properties":{"x":729325.2,"y":7019148.1,"altura_m":1.72,"area_m2":896,"classe":"?","nome":""},"geometry":{"type":"Point","coordinates":[-48.690394,-26.930683]}},{"type":"Feature","properties":{"x":583381.2,"y":7011532.1,"altura_m":1.72,"area_m2":576,"classe":"represa","nome":""},"geometry":{"type":"Point","coordinates":[-50.159492,-27.015844]}},{"type":"Feature","properties":{"x":687653.2,"y":6991196.1,"altura_m":1.72,"area_m2":256,"classe":"?","nome":""},"geometry":{"type":"Point","coordinates":[-49.105647,-27.189154]}},{"type":"Feature","properties":{"x":637037.2,"y":6972460.1,"altura_m":1.72,"area_m2":256,"classe":"?","nome":""},"geometry":{"type":"Point","coordinates":[-49.614374,-27.36423]}},{"type":"Feature","properties":{"x":631173.2,"y":7024844.1,"altura_m":1.71,"area_m2":1024,"classe":"?","nome":""},"geometry":{"type":"Point","coordinates":[-49.679221,-26.891988]}},{"type":"Feature","properties":{"x":699261.2,"y":7023916.1,"altura_m":1.71,"area_m2":256,"classe":"?","nome":""},"geometry":{"type":"Point","coordinates":[-48.993778,-26.892291]}},{"type":"Feature","properties":{"x":643629.2,"y":7010292.1,"altura_m":1.71,"area_m2":320,"classe":"?","nome":""},"geometry":{"type":"Point","coordinates":[-49.552155,-27.022102]}},{"type":"Feature","properties":{"x":712869.2,"y":7008580.1,"altura_m":1.71,"area_m2":2816,"classe":"?","nome":""},"geometry":{"type":"Point","coordinates":[-48.854222,-27.028645]}},{"type":"Feature","properties":{"x":658821.2,"y":6938108.1,"altura_m":1.71,"area_m2":256,"classe":"?","nome":""},"geometry":{"type":"Point","coordinates":[-49.389665,-27.671876]}},{"type":"Feature","properties":{"x":671525.2,"y":7029092.1,"altura_m":1.7,"area_m2":256,"classe":"?","nome":""},"geometry":{"type":"Point","coordinates":[-49.273632,-26.849269]}},{"type":"Feature","properties":{"x":707621.2,"y":7003004.1,"altura_m":1.7,"area_m2":320,"classe":"?","nome":""},"geometry":{"type":"Point","coordinates":[-48.90616,-27.07975]}},{"type":"Feature","properties":{"x":617693.2,"y":6991068.1,"altura_m":1.7,"area_m2":3328,"classe":"?","nome":""},"geometry":{"type":"Point","coordinates":[-49.811719,-27.198074]}},{"type":"Feature","properties":{"x":733981.2,"y":7021292.1,"altura_m":1.69,"area_m2":2688,"classe":"?","nome":""},"geometry":{"type":"Point","coordinates":[-48.643936,-26.910567]}},{"type":"Feature","properties":{"x":678429.2,"y":6989340.1,"altura_m":1.69,"area_m2":256,"classe":"?","nome":""},"geometry":{"type":"Point","coordinates":[-49.198455,-27.20713]}},{"type":"Feature","properties":{"x":631941.2,"y":7024676.1,"altura_m":1.68,"area_m2":2368,"classe":"?","nome":""},"geometry":{"type":"Point","coordinates":[-49.671472,-26.893432]}},{"type":"Feature","properties":{"x":711317.2,"y":7021428.1,"altura_m":1.68,"area_m2":256,"classe":"?","nome":""},"geometry":{"type":"Point","coordinates":[-48.872039,-26.912963]}},{"type":"Feature","properties":{"x":729957.2,"y":7019956.1,"altura_m":1.68,"area_m2":256,"classe":"?","nome":""},"geometry":{"type":"Point","coordinates":[-48.684182,-26.923289]}},{"type":"Feature","properties":{"x":728701.2,"y":7018964.1,"altura_m":1.68,"area_m2":832,"classe":"?","nome":""},"geometry":{"type":"Point","coordinates":[-48.696641,-26.932445]}},{"type":"Feature","properties":{"x":641925.2,"y":7008876.1,"altura_m":1.68,"area_m2":768,"classe":"?","nome":""},"geometry":{"type":"Point","coordinates":[-49.569165,-27.035058]}},{"type":"Feature","properties":{"x":644085.2,"y":7008860.1,"altura_m":1.68,"area_m2":4416,"classe":"?","nome":""},"geometry":{"type":"Point","coordinates":[-49.547393,-27.03498]}},{"type":"Feature","properties":{"x":646589.2,"y":7006236.1,"altura_m":1.68,"area_m2":2624,"classe":"?","nome":""},"geometry":{"type":"Point","coordinates":[-49.521845,-27.0584]}},{"type":"Feature","properties":{"x":690301.2,"y":6990492.1,"altura_m":1.68,"area_m2":512,"classe":"?","nome":""},"geometry":{"type":"Point","coordinates":[-49.078818,-27.195143]}},{"type":"Feature","properties":{"x":633829.2,"y":6989068.1,"altura_m":1.68,"area_m2":512,"classe":"?","nome":""},"geometry":{"type":"Point","coordinates":[-49.64862,-27.21465]}},{"type":"Feature","properties":{"x":633773.2,"y":6981460.1,"altura_m":1.68,"area_m2":896,"classe":"?","nome":""},"geometry":{"type":"Point","coordinates":[-49.648355,-27.283323]}},{"type":"Feature","properties":{"x":678885.2,"y":7024660.1,"altura_m":1.67,"area_m2":448,"classe":"?","nome":""},"geometry":{"type":"Point","coordinates":[-49.19895,-26.888341]}},{"type":"Feature","properties":{"x":584277.2,"y":7011052.1,"altura_m":1.67,"area_m2":704,"classe":"?","nome":""},"geometry":{"type":"Point","coordinates":[-50.150429,-27.020123]}},{"type":"Feature","properties":{"x":590869.2,"y":7004684.1,"altura_m":1.67,"area_m2":384,"classe":"?","nome":""},"geometry":{"type":"Point","coordinates":[-50.083516,-27.077193]}},{"type":"Feature","properties":{"x":608949.2,"y":6997860.1,"altura_m":1.67,"area_m2":1280,"classe":"?","nome":""},"geometry":{"type":"Point","coordinates":[-49.900589,-27.137485]}},{"type":"Feature","properties":{"x":691997.2,"y":6990852.1,"altura_m":1.67,"area_m2":512,"classe":"?","nome":""},"geometry":{"type":"Point","coordinates":[-49.06176,-27.191659]}},{"type":"Feature","properties":{"x":704637.2,"y":7021804.1,"altura_m":1.66,"area_m2":4416,"classe":"?","nome":""},"geometry":{"type":"Point","coordinates":[-48.939333,-26.910568]}},{"type":"Feature","properties":{"x":692989.2,"y":7021788.1,"altura_m":1.66,"area_m2":1280,"classe":"?","nome":""},"geometry":{"type":"Point","coordinates":[-49.056568,-26.912375]}},{"type":"Feature","properties":{"x":668517.2,"y":7031588.1,"altura_m":1.65,"area_m2":256,"classe":"?","nome":""},"geometry":{"type":"Point","coordinates":[-49.304232,-26.827109]}},{"type":"Feature","properties":{"x":687517.2,"y":7025324.1,"altura_m":1.65,"area_m2":1536,"classe":"?","nome":""},"geometry":{"type":"Point","coordinates":[-49.112178,-26.881215]}},{"type":"Feature","properties":{"x":690125.2,"y":7024684.1,"altura_m":1.65,"area_m2":576,"classe":"?","nome":""},"geometry":{"type":"Point","coordinates":[-49.085837,-26.886637]}},{"type":"Feature","properties":{"x":646933.2,"y":6998516.1,"altura_m":1.65,"area_m2":19904,"classe":"?","nome":""},"geometry":{"type":"Point","coordinates":[-49.51746,-27.12804]}},{"type":"Feature","properties":{"x":633157.2,"y":6983300.1,"altura_m":1.65,"area_m2":8256,"classe":"?","nome":""},"geometry":{"type":"Point","coordinates":[-49.654778,-27.266776]}},{"type":"Feature","properties":{"x":625085.2,"y":6982516.1,"altura_m":1.65,"area_m2":832,"classe":"?","nome":""},"geometry":{"type":"Point","coordinates":[-49.736229,-27.274612]}},{"type":"Feature","properties":{"x":727725.2,"y":7026092.1,"altura_m":1.64,"area_m2":256,"classe":"?","nome":""},"geometry":{"type":"Point","coordinates":[-48.707764,-26.868301]}},{"type":"Feature","properties":{"x":692997.2,"y":7021852.1,"altura_m":1.64,"area_m2":1024,"classe":"?","nome":""},"geometry":{"type":"Point","coordinates":[-49.056497,-26.911797]}},{"type":"Feature","properties":{"x":655765.2,"y":7004508.1,"altura_m":1.64,"area_m2":256,"classe":"?","nome":""},"geometry":{"type":"Point","coordinates":[-49.429127,-27.072993]}},{"type":"Feature","properties":{"x":633773.2,"y":6980012.1,"altura_m":1.64,"area_m2":2304,"classe":"?","nome":""},"geometry":{"type":"Point","coordinates":[-49.648197,-27.296392]}},{"type":"Feature","properties":{"x":734053.2,"y":7022292.1,"altura_m":1.63,"area_m2":256,"classe":"ponte","nome":""},"geometry":{"type":"Point","coordinates":[-48.643399,-26.901534]}},{"type":"Feature","properties":{"x":729797.2,"y":7020148.1,"altura_m":1.63,"area_m2":512,"classe":"?","nome":""},"geometry":{"type":"Point","coordinates":[-48.685828,-26.921584]}},{"type":"Feature","properties":{"x":675797.2,"y":6986660.1,"altura_m":1.63,"area_m2":256,"classe":"?","nome":""},"geometry":{"type":"Point","coordinates":[-49.224636,-27.231653]}},{"type":"Feature","properties":{"x":640933.2,"y":6957444.1,"altura_m":1.63,"area_m2":960,"classe":"?","nome":""},"geometry":{"type":"Point","coordinates":[-49.573249,-27.499357]}},{"type":"Feature","properties":{"x":711357.2,"y":7007540.1,"altura_m":1.62,"area_m2":384,"classe":"?","nome":""},"geometry":{"type":"Point","coordinates":[-48.869278,-27.03826]}},{"type":"Feature","properties":{"x":652861.2,"y":7003100.1,"altura_m":1.62,"area_m2":2432,"classe":"?","nome":""},"geometry":{"type":"Point","coordinates":[-49.458231,-27.086024]}},{"type":"Feature","properties":{"x":652917.2,"y":7001516.1,"altura_m":1.62,"area_m2":6080,"classe":"?","nome":""},"geometry":{"type":"Point","coordinates":[-49.457471,-27.100314]}},{"type":"Feature","properties":{"x":658701.2,"y":7008260.1,"altura_m":1.61,"area_m2":4224,"classe":"?","nome":""},"geometry":{"type":"Point","coordinates":[-49.400008,-27.038797]}},{"type":"Feature","properties":{"x":711333.2,"y":7007500.1,"altura_m":1.61,"area_m2":576,"classe":"?","nome":""},"geometry":{"type":"Point","coordinates":[-48.869513,-27.038624]}},{"type":"Feature","properties":{"x":652533.2,"y":7001540.1,"altura_m":1.61,"area_m2":3008,"classe":"?","nome":""},"geometry":{"type":"Point","coordinates":[-49.461346,-27.10014]}},{"type":"Feature","properties":{"x":608741.2,"y":6997548.1,"altura_m":1.61,"area_m2":5824,"classe":"?","nome":""},"geometry":{"type":"Point","coordinates":[-49.90266,-27.140317]}},{"type":"Feature","properties":{"x":677269.2,"y":7025836.1,"altura_m":1.6,"area_m2":256,"classe":"?","nome":""},"geometry":{"type":"Point","coordinates":[-49.215381,-26.877935]}},{"type":"Feature","properties":{"x":729493.2,"y":7024652.1,"altura_m":1.6,"area_m2":640,"classe":"?","nome":""},"geometry":{"type":"Point","coordinates":[-48.689715,-26.881002]}},{"type":"Feature","properties":{"x":660629.2,"y":7013004.1,"altura_m":1.6,"area_m2":7936,"classe":"?","nome":""},"geometry":{"type":"Point","coordinates":[-49.38119,-26.995761]}},{"type":"Feature","properties":{"x":584853.2,"y":7010292.1,"altura_m":1.6,"area_m2":320,"classe":"?","nome":""},"geometry":{"type":"Point","coordinates":[-50.144571,-27.026949]}},{"type":"Feature","properties":{"x":729565.2,"y":7020068.1,"altura_m":1.59,"area_m2":320,"classe":"?","nome":""},"geometry":{"type":"Point","coordinates":[-48.688148,-26.922344]}},{"type":"Feature","properties":{"x":642861.2,"y":7008916.1,"altura_m":1.59,"area_m2":832,"classe":"?","nome":""},"geometry":{"type":"Point","coordinates":[-49.559736,-27.034601]}},{"type":"Feature","properties":{"x":640421.2,"y":6962012.1,"altura_m":1.59,"area_m2":256,"classe":"?","nome":""},"geometry":{"type":"Point","coordinates":[-49.57896,-27.458183]}},{"type":"Feature","properties":{"x":660061.2,"y":6937532.1,"altura_m":1.59,"area_m2":384,"classe":"?","nome":""},"geometry":{"type":"Point","coordinates":[-49.377019,-27.676927]}},{"type":"Feature","properties":{"x":672125.2,"y":7028916.1,"altura_m":1.58,"area_m2":512,"classe":"?","nome":""},"geometry":{"type":"Point","coordinates":[-49.267571,-26.850783]}},{"type":"Feature","properties":{"x":729341.2,"y":7019468.1,"altura_m":1.58,"area_m2":320,"classe":"?","nome":""},"geometry":{"type":"Point","coordinates":[-48.690292,-26.927793]}},{"type":"Feature","properties":{"x":721365.2,"y":7017100.1,"altura_m":1.58,"area_m2":320,"classe":"?","nome":""},"geometry":{"type":"Point","coordinates":[-48.770148,-26.950448]}},{"type":"Feature","properties":{"x":644165.2,"y":7009076.1,"altura_m":1.58,"area_m2":3968,"classe":"?","nome":""},"geometry":{"type":"Point","coordinates":[-49.546612,-27.033022]}},{"type":"Feature","properties":{"x":693589.2,"y":6990228.1,"altura_m":1.58,"area_m2":256,"classe":"?","nome":""},"geometry":{"type":"Point","coordinates":[-49.045598,-27.197066]}},{"type":"Feature","properties":{"x":637773.2,"y":7014596.1,"altura_m":1.57,"area_m2":3904,"classe":"?","nome":""},"geometry":{"type":"Point","coordinates":[-49.611649,-26.983849]}},{"type":"Feature","properties":{"x":612893.2,"y":6994900.1,"altura_m":1.57,"area_m2":6272,"classe":"?","nome":""},"geometry":{"type":"Point","coordinates":[-49.860525,-27.163886]}},{"type":"Feature","properties":{"x":646653.2,"y":6954636.1,"altura_m":1.57,"area_m2":2432,"classe":"?","nome":""},"geometry":{"type":"Point","coordinates":[-49.515017,-27.524093]}},{"type":"Feature","properties":{"x":649413.2,"y":6951652.1,"altura_m":1.57,"area_m2":576,"classe":"?","nome":""},"geometry":{"type":"Point","coordinates":[-49.486708,-27.550722]}},{"type":"Feature","properties":{"x":683061.2,"y":7024516.1,"altura_m":1.56,"area_m2":23232,"classe":"?","nome":""},"geometry":{"type":"Point","coordinates":[-49.156901,-26.889098]}},{"type":"Feature","properties":{"x":713453.2,"y":7009780.1,"altura_m":1.56,"area_m2":640,"classe":"?","nome":""},"geometry":{"type":"Point","coordinates":[-48.848545,-27.017728]}},{"type":"Feature","properties":{"x":622973.2,"y":6981916.1,"altura_m":1.56,"area_m2":576,"classe":"?","nome":""},"geometry":{"type":"Point","coordinates":[-49.757503,-27.280219]}},{"type":"Feature","properties":{"x":674445.2,"y":7025924.1,"altura_m":1.55,"area_m2":256,"classe":"?","nome":""},"geometry":{"type":"Point","coordinates":[-49.243812,-26.877497]}},{"type":"Feature","properties":{"x":677069.2,"y":7025900.1,"altura_m":1.55,"area_m2":384,"classe":"?","nome":""},"geometry":{"type":"Point","coordinates":[-49.217402,-26.877383]}},{"type":"Feature","properties":{"x":663077.2,"y":7017580.1,"altura_m":1.55,"area_m2":63616,"classe":"?","nome":""},"geometry":{"type":"Point","coordinates":[-49.357127,-26.954177]}},{"type":"Feature","properties":{"x":607829.2,"y":6996660.1,"altura_m":1.55,"area_m2":2176,"classe":"?","nome":""},"geometry":{"type":"Point","coordinates":[-49.911785,-27.148405]}},{"type":"Feature","properties":{"x":606565.2,"y":6996380.1,"altura_m":1.55,"area_m2":1856,"classe":"?","nome":""},"geometry":{"type":"Point","coordinates":[-49.924515,-27.151031]}},{"type":"Feature","properties":{"x":672733.2,"y":7028292.1,"altura_m":1.54,"area_m2":640,"classe":"?","nome":""},"geometry":{"type":"Point","coordinates":[-49.261368,-26.85634]}},{"type":"Feature","properties":{"x":676973.2,"y":7026084.1,"altura_m":1.54,"area_m2":256,"classe":"?","nome":""},"geometry":{"type":"Point","coordinates":[-49.218394,-26.875734]}},{"type":"Feature","properties":{"x":733485.2,"y":7020364.1,"altura_m":1.54,"area_m2":832,"classe":"?","nome":""},"geometry":{"type":"Point","coordinates":[-48.648753,-26.919021]}},{"type":"Feature","properties":{"x":721277.2,"y":7017100.1,"altura_m":1.54,"area_m2":256,"classe":"?","nome":""},"geometry":{"type":"Point","coordinates":[-48.771034,-26.950463]}},{"type":"Feature","properties":{"x":712021.2,"y":7008084.1,"altura_m":1.54,"area_m2":320,"classe":"?","nome":""},"geometry":{"type":"Point","coordinates":[-48.862681,-27.03325]}},{"type":"Feature","properties":{"x":659421.2,"y":7006084.1,"altura_m":1.54,"area_m2":320,"classe":"?","nome":""},"geometry":{"type":"Point","coordinates":[-49.392471,-27.058353]}},{"type":"Feature","properties":{"x":647813.2,"y":7006292.1,"altura_m":1.53,"area_m2":4160,"classe":"?","nome":""},"geometry":{"type":"Point","coordinates":[-49.509513,-27.057764]}},{"type":"Feature","properties":{"x":622941.2,"y":6981868.1,"altura_m":1.53,"area_m2":256,"classe":"?","nome":""},"geometry":{"type":"Point","coordinates":[-49.757821,-27.280655]}},{"type":"Feature","properties":{"x":638077.2,"y":6969388.1,"altura_m":1.53,"area_m2":448,"classe":"?","nome":""},"geometry":{"type":"Point","coordinates":[-49.603513,-27.391852]}},{"type":"Feature","properties":{"x":688917.2,"y":7025700.1,"altura_m":1.52,"area_m2":448,"classe":"?","nome":""},"geometry":{"type":"Point","coordinates":[-49.098147,-26.877633]}},{"type":"Feature","properties":{"x":684789.2,"y":7024028.1,"altura_m":1.52,"area_m2":320,"classe":"?","nome":""},"geometry":{"type":"Point","coordinates":[-49.139439,-26.893274]}},{"type":"Feature","properties":{"x":734141.2,"y":7022852.1,"altura_m":1.52,"area_m2":256,"classe":"ponte","nome":""},"geometry":{"type":"Point","coordinates":[-48.642618,-26.896467]}},{"type":"Feature","properties":{"x":731829.2,"y":7022444.1,"altura_m":1.52,"area_m2":448,"classe":"?","nome":""},"geometry":{"type":"Point","coordinates":[-48.665804,-26.900534]}},{"type":"Feature","properties":{"x":670357.2,"y":7019668.1,"altura_m":1.52,"area_m2":320,"classe":"?","nome":""},"geometry":{"type":"Point","coordinates":[-49.284098,-26.93446]}},{"type":"Feature","properties":{"x":721029.2,"y":7016876.1,"altura_m":1.52,"area_m2":256,"classe":"?","nome":""},"geometry":{"type":"Point","coordinates":[-48.773491,-26.952523]}},{"type":"Feature","properties":{"x":633837.2,"y":6988844.1,"altura_m":1.52,"area_m2":1792,"classe":"?","nome":""},"geometry":{"type":"Point","coordinates":[-49.648515,-27.216671]}},{"type":"Feature","properties":{"x":636501.2,"y":6975636.1,"altura_m":1.52,"area_m2":320,"classe":"?","nome":""},"geometry":{"type":"Point","coordinates":[-49.620148,-27.335619]}},{"type":"Feature","properties":{"x":647277.2,"y":6954428.1,"altura_m":1.52,"area_m2":448,"classe":"?","nome":""},"geometry":{"type":"Point","coordinates":[-49.508675,-27.525902]}},{"type":"Feature","properties":{"x":652813.2,"y":6948868.1,"altura_m":1.52,"area_m2":256,"classe":"?","nome":""},"geometry":{"type":"Point","coordinates":[-49.45193,-27.575467]}},{"type":"Feature","properties":{"x":687557.2,"y":7025636.1,"altura_m":1.51,"area_m2":2688,"classe":"?","nome":""},"geometry":{"type":"Point","coordinates":[-49.111822,-26.878394]}},{"type":"Feature","properties":{"x":729381.2,"y":7019684.1,"altura_m":1.51,"area_m2":576,"classe":"?","nome":""},"geometry":{"type":"Point","coordinates":[-48.689929,-26.925838]}},{"type":"Feature","properties":{"x":663765.2,"y":7004940.1,"altura_m":1.51,"area_m2":640,"classe":"?","nome":""},"geometry":{"type":"Point","coordinates":[-49.348532,-27.06817]}},{"type":"Feature","properties":{"x":607709.2,"y":6996780.1,"altura_m":1.51,"area_m2":5056,"classe":"?","nome":""},"geometry":{"type":"Point","coordinates":[-49.913006,-27.147331]}},{"type":"Feature","properties":{"x":635029.2,"y":6989884.1,"altura_m":1.51,"area_m2":3840,"classe":"?","nome":""},"geometry":{"type":"Point","coordinates":[-49.636595,-27.207167]}},{"type":"Feature","properties":{"x":582597.2,"y":7015556.1,"altura_m":1.5,"area_m2":512,"classe":"?","nome":""},"geometry":{"type":"Point","coordinates":[-50.167662,-26.979563]}},{"type":"Feature","properties":{"x":647301.2,"y":7003484.1,"altura_m":1.5,"area_m2":1152,"classe":"?","nome":""},"geometry":{"type":"Point","coordinates":[-49.51434,-27.083162]}},{"type":"Feature","properties":{"x":646061.2,"y":6997836.1,"altura_m":1.5,"area_m2":256,"classe":"?","nome":""},"geometry":{"type":"Point","coordinates":[-49.526175,-27.13427]}},{"type":"Feature","properties":{"x":593653.2,"y":6993348.1,"altura_m":1.5,"area_m2":384,"classe":"?","nome":""},"geometry":{"type":"Point","coordinates":[-50.054581,-27.179339]}},{"type":"Feature","properties":{"x":663293.2,"y":7017364.1,"altura_m":1.49,"area_m2":896,"classe":"?","nome":""},"geometry":{"type":"Point","coordinates":[-49.354924,-26.956101]}},{"type":"Feature","properties":{"x":587757.2,"y":7007684.1,"altura_m":1.49,"area_m2":384,"classe":"?","nome":""},"geometry":{"type":"Point","coordinates":[-50.115113,-27.050311]}},{"type":"Feature","properties":{"x":687621.2,"y":6991484.1,"altura_m":1.49,"area_m2":320,"classe":"?","nome":""},"geometry":{"type":"Point","coordinates":[-49.106013,-27.18656]}},{"type":"Feature","properties":{"x":617829.2,"y":6975028.1,"altura_m":1.49,"area_m2":320,"classe":"ponte","nome":""},"geometry":{"type":"Point","coordinates":[-49.808804,-27.342844]}},{"type":"Feature","properties":{"x":672101.2,"y":7028868.1,"altura_m":1.48,"area_m2":512,"classe":"?","nome":""},"geometry":{"type":"Point","coordinates":[-49.267806,-26.85122]}},{"type":"Feature","properties":{"x":724901.2,"y":7028820.1,"altura_m":1.48,"area_m2":320,"classe":"?","nome":""},"geometry":{"type":"Point","coordinates":[-48.736661,-26.844147]}},{"type":"Feature","properties":{"x":683725.2,"y":7023596.1,"altura_m":1.48,"area_m2":2112,"classe":"?","nome":""},"geometry":{"type":"Point","coordinates":[-49.150084,-26.897313]}},{"type":"Feature","properties":{"x":670749.2,"y":7021172.1,"altura_m":1.48,"area_m2":1408,"classe":"?","nome":""},"geometry":{"type":"Point","coordinates":[-49.280357,-26.920839]}},{"type":"Feature","properties":{"x":646293.2,"y":6997924.1,"altura_m":1.48,"area_m2":3584,"classe":"?","nome":""},"geometry":{"type":"Point","coordinates":[-49.523845,-27.133451]}},{"type":"Feature","properties":{"x":621829.2,"y":6980964.1,"altura_m":1.48,"area_m2":320,"classe":"?","nome":""},"geometry":{"type":"Point","coordinates":[-49.768965,-27.288914]}},{"type":"Feature","properties":{"x":637213.2,"y":6965340.1,"altura_m":1.48,"area_m2":256,"classe":"?","nome":""},"geometry":{"type":"Point","coordinates":[-49.611792,-27.428474]}},{"type":"Feature","properties":{"x":672677.2,"y":7028164.1,"altura_m":1.47,"area_m2":448,"classe":"?","nome":""},"geometry":{"type":"Point","coordinates":[-49.261913,-26.857502]}},{"type":"Feature","properties":{"x":663309.2,"y":7017468.1,"altura_m":1.47,"area_m2":1152,"classe":"?","nome":""},"geometry":{"type":"Point","coordinates":[-49.354776,-26.955161]}},{"type":"Feature","properties":{"x":587829.2,"y":7007548.1,"altura_m":1.47,"area_m2":256,"classe":"?","nome":""},"geometry":{"type":"Point","coordinates":[-50.114377,-27.051534]}},{"type":"Feature","properties":{"x":587981.2,"y":7007540.1,"altura_m":1.47,"area_m2":384,"classe":"ponte","nome":""},"geometry":{"type":"Point","coordinates":[-50.112844,-27.051597]}},{"type":"Feature","properties":{"x":645901.2,"y":6997828.1,"altura_m":1.47,"area_m2":640,"classe":"?","nome":""},"geometry":{"type":"Point","coordinates":[-49.527788,-27.134359]}},{"type":"Feature","properties":{"x":605989.2,"y":6997180.1,"altura_m":1.47,"area_m2":2432,"classe":"?","nome":""},"geometry":{"type":"Point","coordinates":[-49.930396,-27.143854]}},{"type":"Feature","properties":{"x":617413.2,"y":6991124.1,"altura_m":1.47,"area_m2":512,"classe":"?","nome":""},"geometry":{"type":"Point","coordinates":[-49.814551,-27.197592]}},{"type":"Feature","properties":{"x":635637.2,"y":6989868.1,"altura_m":1.47,"area_m2":2624,"classe":"?","nome":""},"geometry":{"type":"Point","coordinates":[-49.630455,-27.207252]}},{"type":"Feature","properties":{"x":647197.2,"y":6954436.1,"altura_m":1.47,"area_m2":448,"classe":"?","nome":""},"geometry":{"type":"Point","coordinates":[-49.509485,-27.525839]}},{"type":"Feature","properties":{"x":734845.2,"y":7026652.1,"altura_m":1.46,"area_m2":832,"classe":"?","nome":""},"geometry":{"type":"Point","coordinates":[-48.636248,-26.862069]}},{"type":"Feature","properties":{"x":690397.2,"y":7024244.1,"altura_m":1.46,"area_m2":896,"classe":"?","nome":""},"geometry":{"type":"Point","coordinates":[-49.083032,-26.89057]}},{"type":"Feature","properties":{"x":734109.2,"y":7022644.1,"altura_m":1.46,"area_m2":256,"classe":"?","nome":""},"geometry":{"type":"Point","coordinates":[-48.642901,-26.898349]}},{"type":"Feature","properties":{"x":733549.2,"y":7020452.1,"altura_m":1.46,"area_m2":320,"classe":"?","nome":""},"geometry":{"type":"Point","coordinates":[-48.648126,-26.918217]}},{"type":"Feature","properties":{"x":622957.2,"y":6981908.1,"altura_m":1.46,"area_m2":320,"classe":"?","nome":""},"geometry":{"type":"Point","coordinates":[-49.757664,-27.280293]}},{"type":"Feature","properties":{"x":672037.2,"y":7028884.1,"altura_m":1.45,"area_m2":448,"classe":"?","nome":""},"geometry":{"type":"Point","coordinates":[-49.268452,-26.851083]}},{"type":"Feature","properties":{"x":728485.2,"y":7026732.1,"altura_m":1.45,"area_m2":256,"classe":"?","nome":""},"geometry":{"type":"Point","coordinates":[-48.700235,-26.862403]}},{"type":"Feature","properties":{"x":691253.2,"y":7023308.1,"altura_m":1.45,"area_m2":256,"classe":"?","nome":""},"geometry":{"type":"Point","coordinates":[-49.074275,-26.898899]}},{"type":"Feature","properties":{"x":670413.2,"y":7019868.1,"altura_m":1.45,"area_m2":256,"classe":"?","nome":""},"geometry":{"type":"Point","coordinates":[-49.283562,-26.932649]}},{"type":"Feature","properties":{"x":660045.2,"y":7009556.1,"altura_m":1.45,"area_m2":2240,"classe":"?","nome":""},"geometry":{"type":"Point","coordinates":[-49.386629,-27.026946]}},{"type":"Feature","properties":{"x":614829.2,"y":6994612.1,"altura_m":1.45,"area_m2":1344,"classe":"?","nome":""},"geometry":{"type":"Point","coordinates":[-49.840961,-27.166326]}},{"type":"Feature","properties":{"x":639333.2,"y":6992556.1,"altura_m":1.45,"area_m2":320,"classe":"?","nome":""},"geometry":{"type":"Point","coordinates":[-49.59345,-27.182621]}},{"type":"Feature","properties":{"x":688485.2,"y":6991732.1,"altura_m":1.45,"area_m2":448,"classe":"?","nome":""},"geometry":{"type":"Point","coordinates":[-49.097333,-27.184204]}},{"type":"Feature","properties":{"x":634181.2,"y":6979684.1,"altura_m":1.45,"area_m2":320,"classe":"?","nome":""},"geometry":{"type":"Point","coordinates":[-49.644039,-27.299313]}},{"type":"Feature","properties":{"x":663165.2,"y":7017524.1,"altura_m":1.44,"area_m2":2048,"classe":"?","nome":""},"geometry":{"type":"Point","coordinates":[-49.356234,-26.954672]}},{"type":"Feature","properties":{"x":648453.2,"y":7000548.1,"altura_m":1.44,"area_m2":960,"classe":"?","nome":""},"geometry":{"type":"Point","coordinates":[-49.502372,-27.109538]}},{"type":"Feature","properties":{"x":681613.2,"y":6989428.1,"altura_m":1.44,"area_m2":256,"classe":"?","nome":""},"geometry":{"type":"Point","coordinates":[-49.166333,-27.205919]}},{"type":"Feature","properties":{"x":615949.2,"y":6988788.1,"altura_m":1.44,"area_m2":640,"classe":"?","nome":""},"geometry":{"type":"Point","coordinates":[-49.829109,-27.218802]}},{"type":"Feature","properties":{"x":623141.2,"y":6981796.1,"altura_m":1.44,"area_m2":256,"classe":"?","nome":""},"geometry":{"type":"Point","coordinates":[-49.755794,-27.281287]}},{"type":"Feature","properties":{"x":677045.2,"y":7025772.1,"altura_m":1.43,"area_m2":384,"classe":"?","nome":""},"geometry":{"type":"Point","coordinates":[-49.217626,-26.878541]}},{"type":"Feature","properties":{"x":684309.2,"y":7025220.1,"altura_m":1.43,"area_m2":256,"classe":"?","nome":""},"geometry":{"type":"Point","coordinates":[-49.144445,-26.882581]}},{"type":"Feature","properties":{"x":673565.2,"y":7023260.1,"altura_m":1.43,"area_m2":2432,"classe":"?","nome":""},"geometry":{"type":"Point","coordinates":[-49.252298,-26.901648]}},{"type":"Feature","properties":{"x":646885.2,"y":7000148.1,"altura_m":1.43,"area_m2":2112,"classe":"?","nome":""},"geometry":{"type":"Point","coordinates":[-49.518138,-27.113316]}},{"type":"Feature","properties":{"x":696157.2,"y":6994164.1,"altura_m":1.43,"area_m2":256,"classe":"?","nome":""},"geometry":{"type":"Point","coordinates":[-49.020312,-27.161188]}},{"type":"Feature","properties":{"x":617877.2,"y":6991036.1,"altura_m":1.43,"area_m2":1728,"classe":"?","nome":""},"geometry":{"type":"Point","coordinates":[-49.809859,-27.198347]}},{"type":"Feature","properties":{"x":623461.2,"y":6982092.1,"altura_m":1.43,"area_m2":1728,"classe":"?","nome":""},"geometry":{"type":"Point","coordinates":[-49.752591,-27.278587]}},{"type":"Feature","properties":{"x":631085.2,"y":7024724.1,"altura_m":1.42,"area_m2":1344,"classe":"?","nome":""},"geometry":{"type":"Point","coordinates":[-49.680094,-26.893079]}},{"type":"Feature","properties":{"x":729381.2,"y":7019108.1,"altura_m":1.42,"area_m2":256,"classe":"?","nome":""},"geometry":{"type":"Point","coordinates":[-48.689823,-26.931034]}},{"type":"Feature","properties":{"x":655021.2,"y":7004236.1,"altura_m":1.42,"area_m2":2304,"classe":"?","nome":""},"geometry":{"type":"Point","coordinates":[-49.436594,-27.075531]}},{"type":"Feature","properties":{"x":616773.2,"y":6993588.1,"altura_m":1.42,"area_m2":2112,"classe":"?","nome":""},"geometry":{"type":"Point","coordinates":[-49.821245,-27.175405]}},{"type":"Feature","properties":{"x":635869.2,"y":6989860.1,"altura_m":1.42,"area_m2":832,"classe":"?","nome":""},"geometry":{"type":"Point","coordinates":[-49.628113,-27.207301]}},{"type":"Feature","properties":{"x":622997.2,"y":6981988.1,"altura_m":1.42,"area_m2":1472,"classe":"?","nome":""},"geometry":{"type":"Point","coordinates":[-49.757267,-27.279567]}},{"type":"Feature","properties":{"x":635021.2,"y":6978804.1,"altura_m":1.42,"area_m2":1088,"classe":"?","nome":""},"geometry":{"type":"Point","coordinates":[-49.635455,-27.307173]}},{"type":"Feature","properties":{"x":717965.2,"y":7027260.1,"altura_m":1.41,"area_m2":256,"classe":"?","nome":""},"geometry":{"type":"Point","coordinates":[-48.80615,-26.859321]}},{"type":"Feature","properties":{"x":729405.2,"y":7020204.1,"altura_m":1.4,"area_m2":640,"classe":"?","nome":""},"geometry":{"type":"Point","coordinates":[-48.689783,-26.921143]}},{"type":"Feature","properties":{"x":729229.2,"y":7018924.1,"altura_m":1.4,"area_m2":256,"classe":"?","nome":""},"geometry":{"type":"Point","coordinates":[-48.691319,-26.932719]}},{"type":"Feature","properties":{"x":661021.2,"y":7011308.1,"altura_m":1.4,"area_m2":256,"classe":"?","nome":""},"geometry":{"type":"Point","coordinates":[-49.377021,-27.011021]}},{"type":"Feature","properties":{"x":652925.2,"y":7001676.1,"altura_m":1.4,"area_m2":256,"classe":"?","nome":""},"geometry":{"type":"Point","coordinates":[-49.45741,-27.098869]}},{"type":"Feature","properties":{"x":633117.2,"y":6982580.1,"altura_m":1.4,"area_m2":5184,"classe":"?","nome":""},"geometry":{"type":"Point","coordinates":[-49.655104,-27.273278]}},{"type":"Feature","properties":{"x":646845.2,"y":7003724.1,"altura_m":1.39,"area_m2":576,"classe":"?","nome":""},"geometry":{"type":"Point","coordinates":[-49.518966,-27.081045]}},{"type":"Feature","properties":{"x":608149.2,"y":6996564.1,"altura_m":1.39,"area_m2":1280,"classe":"?","nome":""},"geometry":{"type":"Point","coordinates":[-49.908547,-27.149246]}},{"type":"Feature","properties":{"x":652789.2,"y":6948812.1,"altura_m":1.39,"area_m2":1216,"classe":"?","nome":""},"geometry":{"type":"Point","coordinates":[-49.452166,-27.575975]}},{"type":"Feature","properties":{"x":671525.2,"y":7031756.1,"altura_m":1.38,"area_m2":576,"classe":"ponte","nome":""},"geometry":{"type":"Point","coordinates":[-49.273996,-26.825227]}},{"type":"Feature","properties":{"x":643101.2,"y":7010284.1,"altura_m":1.38,"area_m2":1344,"classe":"?","nome":""},"geometry":{"type":"Point","coordinates":[-49.557475,-27.022229]}},{"type":"Feature","properties":{"x":652629.2,"y":7001476.1,"altura_m":1.38,"area_m2":4544,"classe":"?","nome":""},"geometry":{"type":"Point","coordinates":[-49.46037,-27.100707]}},{"type":"Feature","properties":{"x":617781.2,"y":6991164.1,"altura_m":1.38,"area_m2":512,"classe":"?","nome":""},"geometry":{"type":"Point","coordinates":[-49.81084,-27.1972]}},{"type":"Feature","properties":{"x":672821.2,"y":7028300.1,"altura_m":1.37,"area_m2":640,"classe":"?","nome":""},"geometry":{"type":"Point","coordinates":[-49.260483,-26.856257]}},{"type":"Feature","properties":{"x":680965.2,"y":6989588.1,"altura_m":1.37,"area_m2":320,"classe":"?","nome":""},"geometry":{"type":"Point","coordinates":[-49.172897,-27.20456]}},{"type":"Feature","properties":{"x":681669.2,"y":6989412.1,"altura_m":1.37,"area_m2":256,"classe":"?","nome":""},"geometry":{"type":"Point","coordinates":[-49.165766,-27.206056]}},{"type":"Feature","properties":{"x":734101.2,"y":7021228.1,"altura_m":1.36,"area_m2":3136,"classe":"?","nome":""},"geometry":{"type":"Point","coordinates":[-48.642716,-26.911124]}},{"type":"Feature","properties":{"x":582173.2,"y":7014004.1,"altura_m":1.36,"area_m2":512,"classe":"?","nome":""},"geometry":{"type":"Point","coordinates":[-50.171832,-26.9936]}},{"type":"Feature","properties":{"x":664845.2,"y":7004756.1,"altura_m":1.36,"area_m2":256,"classe":"?","nome":""},"geometry":{"type":"Point","coordinates":[-49.33762,-27.069702]}},{"type":"Feature","properties":{"x":605973.2,"y":6997076.1,"altura_m":1.36,"area_m2":1024,"classe":"?","nome":""},"geometry":{"type":"Point","coordinates":[-49.930549,-27.144794]}},{"type":"Feature","properties":{"x":633749.2,"y":6988588.1,"altura_m":1.36,"area_m2":448,"classe":"ponte","nome":""},"geometry":{"type":"Point","coordinates":[-49.649375,-27.21899]}},{"type":"Feature","properties":{"x":622349.2,"y":6981348.1,"altura_m":1.36,"area_m2":320,"classe":"?","nome":""},"geometry":{"type":"Point","coordinates":[-49.76375,-27.285402]}},{"type":"Feature","properties":{"x":654157.2,"y":6941348.1,"altura_m":1.36,"area_m2":640,"classe":"?","nome":""},"geometry":{"type":"Point","coordinates":[-49.437356,-27.643178]}},{"type":"Feature","properties":{"x":633317.2,"y":6984612.1,"altura_m":1.35,"area_m2":1280,"classe":"?","nome":""},"geometry":{"type":"Point","coordinates":[-49.653305,-27.254918]}},{"type":"Feature","properties":{"x":633109.2,"y":6982676.1,"altura_m":1.35,"area_m2":1024,"classe":"?","nome":""},"geometry":{"type":"Point","coordinates":[-49.655195,-27.272412]}},{"type":"Feature","properties":{"x":638173.2,"y":6966228.1,"altura_m":1.35,"area_m2":320,"classe":"?","nome":""},"geometry":{"type":"Point","coordinates":[-49.602183,-27.420362]}},{"type":"Feature","properties":{"x":652789.2,"y":6948916.1,"altura_m":1.35,"area_m2":704,"classe":"?","nome":""},"geometry":{"type":"Point","coordinates":[-49.452179,-27.575036]}},{"type":"Feature","properties":{"x":734685.2,"y":7025876.1,"altura_m":1.34,"area_m2":256,"classe":"?","nome":""},"geometry":{"type":"Point","coordinates":[-48.637712,-26.869096]}},{"type":"Feature","properties":{"x":641733.2,"y":7008948.1,"altura_m":1.34,"area_m2":2112,"classe":"?","nome":""},"geometry":{"type":"Point","coordinates":[-49.571109,-27.034428]}},{"type":"Feature","properties":{"x":659557.2,"y":7006660.1,"altura_m":1.34,"area_m2":3008,"classe":"?","nome":""},"geometry":{"type":"Point","coordinates":[-49.391175,-27.053139]}},{"type":"Feature","properties":{"x":646997.2,"y":7000020.1,"altura_m":1.34,"area_m2":512,"classe":"?","nome":""},"geometry":{"type":"Point","coordinates":[-49.516993,-27.114459]}},{"type":"Feature","properties":{"x":633765.2,"y":6981524.1,"altura_m":1.34,"area_m2":384,"classe":"?","nome":""},"geometry":{"type":"Point","coordinates":[-49.648443,-27.282746]}},{"type":"Feature","properties":{"x":635133.2,"y":7019148.1,"altura_m":1.33,"area_m2":320,"classe":"?","nome":""},"geometry":{"type":"Point","coordinates":[-49.63874,-26.943022]}},{"type":"Feature","properties":{"x":646677.2,"y":6997668.1,"altura_m":1.33,"area_m2":1856,"classe":"?","nome":""},"geometry":{"type":"Point","coordinates":[-49.519941,-27.135721]}},{"type":"Feature","properties":{"x":607989.2,"y":6996780.1,"altura_m":1.33,"area_m2":5440,"classe":"?","nome":""},"geometry":{"type":"Point","coordinates":[-49.910181,-27.147309]}},{"type":"Feature","properties":{"x":691981.2,"y":6990732.1,"altura_m":1.33,"area_m2":320,"classe":"?","nome":""},"geometry":{"type":"Point","coordinates":[-49.061903,-27.192744]}},{"type":"Feature","properties":{"x":624989.2,"y":6982428.1,"altura_m":1.33,"area_m2":1216,"classe":"?","nome":""},"geometry":{"type":"Point","coordinates":[-49.73719,-27.275415]}},{"type":"Feature","properties":{"x":647325.2,"y":6954444.1,"altura_m":1.33,"area_m2":448,"classe":"?","nome":""},"geometry":{"type":"Point","coordinates":[-49.508191,-27.525753]}},{"type":"Feature","properties":{"x":671533.2,"y":7029148.1,"altura_m":1.32,"area_m2":320,"classe":"?","nome":""},"geometry":{"type":"Point","coordinates":[-49.273559,-26.848763]}},{"type":"Feature","properties":{"x":690213.2,"y":7024492.1,"altura_m":1.32,"area_m2":384,"classe":"?","nome":""},"geometry":{"type":"Point","coordinates":[-49.084922,-26.888357]}},{"type":"Feature","properties":{"x":711413.2,"y":7021444.1,"altura_m":1.32,"area_m2":2176,"classe":"?","nome":""},"geometry":{"type":"Point","coordinates":[-48.871076,-26.912804]}},{"type":"Feature","properties":{"x":648925.2,"y":7003732.1,"altura_m":1.32,"area_m2":2368,"classe":"?","nome":""},"geometry":{"type":"Point","coordinates":[-49.497995,-27.08075]}},{"type":"Feature","properties":{"x":675365.2,"y":7024324.1,"altura_m":1.31,"area_m2":256,"classe":"?","nome":""},"geometry":{"type":"Point","coordinates":[-49.234329,-26.891821]}},{"type":"Feature","properties":{"x":674437.2,"y":7023524.1,"altura_m":1.31,"area_m2":3200,"classe":"?","nome":""},"geometry":{"type":"Point","coordinates":[-49.243558,-26.899157]}},{"type":"Feature","properties":{"x":616693.2,"y":6993956.1,"altura_m":1.31,"area_m2":1280,"classe":"?","nome":""},"geometry":{"type":"Point","coordinates":[-49.822088,-27.17209]}},{"type":"Feature","properties":{"x":633717.2,"y":6980108.1,"altura_m":1.31,"area_m2":576,"classe":"?","nome":""},"geometry":{"type":"Point","coordinates":[-49.648773,-27.295531]}},{"type":"Feature","properties":{"x":661181.2,"y":6936860.1,"altura_m":1.31,"area_m2":448,"classe":"?","nome":""},"geometry":{"type":"Point","coordinates":[-49.365576,-27.682858]}},{"type":"Feature","properties":{"x":648805.2,"y":7004460.1,"altura_m":1.3,"area_m2":2880,"classe":"?","nome":""},"geometry":{"type":"Point","coordinates":[-49.499292,-27.074193]}},{"type":"Feature","properties":{"x":593637.2,"y":6993364.1,"altura_m":1.3,"area_m2":640,"classe":"?","nome":""},"geometry":{"type":"Point","coordinates":[-50.054743,-27.179196]}},{"type":"Feature","properties":{"x":687605.2,"y":6991108.1,"altura_m":1.3,"area_m2":256,"classe":"?","nome":""},"geometry":{"type":"Point","coordinates":[-49.106117,-27.189955]}},{"type":"Feature","properties":{"x":683245.2,"y":6989804.1,"altura_m":1.3,"area_m2":512,"classe":"?","nome":""},"geometry":{"type":"Point","coordinates":[-49.149919,-27.202309]}},{"type":"Feature","properties":{"x":633173.2,"y":6984452.1,"altura_m":1.3,"area_m2":256,"classe":"?","nome":""},"geometry":{"type":"Point","coordinates":[-49.654742,-27.256377]}},{"type":"Feature","properties":{"x":671589.2,"y":7029492.1,"altura_m":1.29,"area_m2":256,"classe":"?","nome":""},"geometry":{"type":"Point","coordinates":[-49.273043,-26.845651]}},{"type":"Feature","properties":{"x":684565.2,"y":7024212.1,"altura_m":1.29,"area_m2":448,"classe":"?","nome":""},"geometry":{"type":"Point","coordinates":[-49.14172,-26.891643]}},{"type":"Feature","properties":{"x":634093.2,"y":6989492.1,"altura_m":1.29,"area_m2":2304,"classe":"ponte","nome":""},"geometry":{"type":"Point","coordinates":[-49.646001,-27.210797]}},{"type":"Feature","properties":{"x":633213.2,"y":6984460.1,"altura_m":1.29,"area_m2":1088,"classe":"?","nome":""},"geometry":{"type":"Point","coordinates":[-49.654339,-27.2563]}},{"type":"Feature","properties":{"x":647781.2,"y":6954260.1,"altura_m":1.29,"area_m2":1408,"classe":"?","nome":""},"geometry":{"type":"Point","coordinates":[-49.503552,-27.527364]}},{"type":"Feature","properties":{"x":633205.2,"y":6983924.1,"altura_m":1.28,"area_m2":384,"classe":"?","nome":""},"geometry":{"type":"Point","coordinates":[-49.654361,-27.261139]}},{"type":"Feature","properties":{"x":633565.2,"y":6980972.1,"altura_m":1.28,"area_m2":576,"classe":"?","nome":""},"geometry":{"type":"Point","coordinates":[-49.650403,-27.287748]}},{"type":"Feature","properties":{"x":722157.2,"y":7025556.1,"altura_m":1.27,"area_m2":256,"classe":"?","nome":""},"geometry":{"type":"Point","coordinates":[-48.76368,-26.874034]}},{"type":"Feature","properties":{"x":635205.2,"y":7010300.1,"altura_m":1.27,"area_m2":256,"classe":"?","nome":""},"geometry":{"type":"Point","coordinates":[-49.637053,-27.022878]}},{"type":"Feature","properties":{"x":659429.2,"y":7006276.1,"altura_m":1.27,"area_m2":1664,"classe":"?","nome":""},"geometry":{"type":"Point","coordinates":[-49.392415,-27.056619]}},{"type":"Feature","properties":{"x":647149.2,"y":7003788.1,"altura_m":1.27,"area_m2":448,"classe":"?","nome":""},"geometry":{"type":"Point","coordinates":[-49.515909,-27.080435]}},{"type":"Feature","properties":{"x":696589.2,"y":6995060.1,"altura_m":1.27,"area_m2":384,"classe":"?","nome":""},"geometry":{"type":"Point","coordinates":[-49.016097,-27.153042]}},{"type":"Feature","properties":{"x":640293.2,"y":6992340.1,"altura_m":1.27,"area_m2":832,"classe":"?","nome":""},"geometry":{"type":"Point","coordinates":[-49.583737,-27.184473]}},{"type":"Feature","properties":{"x":616397.2,"y":6989772.1,"altura_m":1.27,"area_m2":1728,"classe":"?","nome":""},"geometry":{"type":"Point","coordinates":[-49.824679,-27.209882]}},{"type":"Feature","properties":{"x":653029.2,"y":6946244.1,"altura_m":1.27,"area_m2":1792,"classe":"?","nome":""},"geometry":{"type":"Point","coordinates":[-49.449409,-27.599123]}},{"type":"Feature","properties":{"x":658605.2,"y":6938244.1,"altura_m":1.27,"area_m2":256,"classe":"?","nome":""},"geometry":{"type":"Point","coordinates":[-49.391872,-27.670674]}},{"type":"Feature","properties":{"x":685037.2,"y":7024292.1,"altura_m":1.26,"area_m2":10624,"classe":"?","nome":""},"geometry":{"type":"Point","coordinates":[-49.136982,-26.890859]}},{"type":"Feature","properties":{"x":673821.2,"y":7023236.1,"altura_m":1.26,"area_m2":256,"classe":"?","nome":""},"geometry":{"type":"Point","coordinates":[-49.249718,-26.901833]}},{"type":"Feature","properties":{"x":733893.2,"y":7021204.1,"altura_m":1.26,"area_m2":704,"classe":"?","nome":""},"geometry":{"type":"Point","coordinates":[-48.644805,-26.911375]}},{"type":"Feature","properties":{"x":660485.2,"y":7009948.1,"altura_m":1.26,"area_m2":1792,"classe":"?","nome":""},"geometry":{"type":"Point","coordinates":[-49.382246,-27.023358]}},{"type":"Feature","properties":{"x":609021.2,"y":6997756.1,"altura_m":1.26,"area_m2":960,"classe":"?","nome":""},"geometry":{"type":"Point","coordinates":[-49.899854,-27.138418]}},{"type":"Feature","properties":{"x":616997.2,"y":6992508.1,"altura_m":1.26,"area_m2":448,"classe":"?","nome":""},"geometry":{"type":"Point","coordinates":[-49.818882,-27.185135]}},{"type":"Feature","properties":{"x":636285.2,"y":6990588.1,"altura_m":1.26,"area_m2":320,"classe":"?","nome":""},"geometry":{"type":"Point","coordinates":[-49.623994,-27.200689]}},{"type":"Feature","properties":{"x":633013.2,"y":6983508.1,"altura_m":1.26,"area_m2":1536,"classe":"?","nome":""},"geometry":{"type":"Point","coordinates":[-49.656255,-27.264912]}},{"type":"Feature","properties":{"x":637045.2,"y":6972300.1,"altura_m":1.26,"area_m2":448,"classe":"ponte","nome":""},"geometry":{"type":"Point","coordinates":[-49.614275,-27.365674]}},{"type":"Feature","properties":{"x":733773.2,"y":7021316.1,"altura_m":1.25,"area_m2":576,"classe":"?","nome":""},"geometry":{"type":"Point","coordinates":[-48.646033,-26.910385]}},{"type":"Feature","properties":{"x":646981.2,"y":6999852.1,"altura_m":1.25,"area_m2":448,"classe":"?","nome":""},"geometry":{"type":"Point","coordinates":[-49.517135,-27.115977]}},{"type":"Feature","properties":{"x":646733.2,"y":6998476.1,"altura_m":1.25,"area_m2":256,"classe":"?","nome":""},"geometry":{"type":"Point","coordinates":[-49.519472,-27.128422]}},{"type":"Feature","properties":{"x":636341.2,"y":6990596.1,"altura_m":1.25,"area_m2":448,"classe":"?","nome":""},"geometry":{"type":"Point","coordinates":[-49.623429,-27.200612]}},{"type":"Feature","properties":{"x":622421.2,"y":6981292.1,"altura_m":1.25,"area_m2":256,"classe":"?","nome":""},"geometry":{"type":"Point","coordinates":[-49.763017,-27.285901]}},{"type":"Feature","properties":{"x":633541.2,"y":6980844.1,"altura_m":1.25,"area_m2":960,"classe":"ponte","nome":""},"geometry":{"type":"Point","coordinates":[-49.650632,-27.288906]}},{"type":"Feature","properties":{"x":636573.2,"y":6975956.1,"altura_m":1.25,"area_m2":448,"classe":"?","nome":""},"geometry":{"type":"Point","coordinates":[-49.619456,-27.332724]}},{"type":"Feature","properties":{"x":670749.2,"y":7021260.1,"altura_m":1.24,"area_m2":320,"classe":"?","nome":""},"geometry":{"type":"Point","coordinates":[-49.280369,-26.920045]}},{"type":"Feature","properties":{"x":585029.2,"y":7010180.1,"altura_m":1.24,"area_m2":256,"classe":"?","nome":""},"geometry":{"type":"Point","coordinates":[-50.142789,-27.027949]}},{"type":"Feature","properties":{"x":660581.2,"y":7010012.1,"altura_m":1.24,"area_m2":1472,"classe":"?","nome":""},"geometry":{"type":"Point","coordinates":[-49.381287,-27.022769]}},{"type":"Feature","properties":{"x":607941.2,"y":6996452.1,"altura_m":1.24,"area_m2":1088,"classe":"?","nome":""},"geometry":{"type":"Point","coordinates":[-49.910636,-27.150274]}},{"type":"Feature","properties":{"x":633205.2,"y":6982404.1,"altura_m":1.24,"area_m2":704,"classe":"?","nome":""},"geometry":{"type":"Point","coordinates":[-49.654196,-27.274858]}},{"type":"Feature","properties":{"x":646973.2,"y":6954724.1,"altura_m":1.24,"area_m2":256,"classe":"?","nome":""},"geometry":{"type":"Point","coordinates":[-49.511788,-27.523264]}},{"type":"Feature","properties":{"x":652845.2,"y":6948020.1,"altura_m":1.24,"area_m2":512,"classe":"?","nome":""},"geometry":{"type":"Point","coordinates":[-49.451498,-27.583116]}},{"type":"Feature","properties":{"x":635109.2,"y":7019124.1,"altura_m":1.23,"area_m2":576,"classe":"?","nome":""},"geometry":{"type":"Point","coordinates":[-49.638979,-26.943241]}},{"type":"Feature","properties":{"x":659437.2,"y":7006364.1,"altura_m":1.23,"area_m2":2304,"classe":"?","nome":""},"geometry":{"type":"Point","coordinates":[-49.392346,-27.055824]}},{"type":"Feature","properties":{"x":685469.2,"y":6991180.1,"altura_m":1.23,"area_m2":256,"classe":"?","nome":""},"geometry":{"type":"Point","coordinates":[-49.127682,-27.189595]}},{"type":"Feature","properties":{"x":616061.2,"y":6990316.1,"altura_m":1.23,"area_m2":320,"classe":"?","nome":""},"geometry":{"type":"Point","coordinates":[-49.828123,-27.205]}},{"type":"Feature","properties":{"x":633053.2,"y":6983476.1,"altura_m":1.23,"area_m2":1024,"classe":"?","nome":""},"geometry":{"type":"Point","coordinates":[-49.655848,-27.265197]}},{"type":"Feature","properties":{"x":686957.2,"y":7025060.1,"altura_m":1.22,"area_m2":256,"classe":"?","nome":""},"geometry":{"type":"Point","coordinates":[-49.117774,-26.883672]}},{"type":"Feature","properties":{"x":676301.2,"y":7024660.1,"altura_m":1.22,"area_m2":704,"classe":"?","nome":""},"geometry":{"type":"Point","coordinates":[-49.224956,-26.88867]}},{"type":"Feature","properties":{"x":734037.2,"y":7022188.1,"altura_m":1.22,"area_m2":256,"classe":"?","nome":""},"geometry":{"type":"Point","coordinates":[-48.64354,-26.902474]}},{"type":"Feature","properties":{"x":635069.2,"y":7019188.1,"altura_m":1.22,"area_m2":256,"classe":"?","nome":""},"geometry":{"type":"Point","coordinates":[-49.639389,-26.942667]}},{"type":"Feature","properties":{"x":645749.2,"y":6997492.1,"altura_m":1.22,"area_m2":512,"classe":"?","nome":""},"geometry":{"type":"Point","coordinates":[-49.529282,-27.137408]}},{"type":"Feature","properties":{"x":646061.2,"y":6954916.1,"altura_m":1.22,"area_m2":576,"classe":"?","nome":""},"geometry":{"type":"Point","coordinates":[-49.521043,-27.52163]}},{"type":"Feature","properties":{"x":658341.2,"y":6938516.1,"altura_m":1.22,"area_m2":704,"classe":"?","nome":""},"geometry":{"type":"Point","coordinates":[-49.394584,-27.66825]}},{"type":"Feature","properties":{"x":687445.2,"y":7025284.1,"altura_m":1.21,"area_m2":704,"classe":"represa","nome":""},"geometry":{"type":"Point","coordinates":[-49.112897,-26.881585]}},{"type":"Feature","properties":{"x":660989.2,"y":7010020.1,"altura_m":1.21,"area_m2":1408,"classe":"?","nome":""},"geometry":{"type":"Point","coordinates":[-49.377176,-27.022649]}},{"type":"Feature","properties":{"x":622477.2,"y":6981188.1,"altura_m":1.21,"area_m2":512,"classe":"?","nome":""},"geometry":{"type":"Point","coordinates":[-49.76244,-27.286834]}},{"type":"Feature","properties":{"x":671941.2,"y":7028908.1,"altura_m":1.2,"area_m2":384,"classe":"?","nome":""},"geometry":{"type":"Point","coordinates":[-49.269421,-26.850878]}},{"type":"Feature","properties":{"x":687029.2,"y":7024764.1,"altura_m":1.2,"area_m2":256,"classe":"?","nome":""},"geometry":{"type":"Point","coordinates":[-49.117005,-26.886334]}},{"type":"Feature","properties":{"x":734125.2,"y":7022732.1,"altura_m":1.2,"area_m2":256,"classe":"?","nome":""},"geometry":{"type":"Point","coordinates":[-48.642757,-26.897552]}},{"type":"Feature","properties":{"x":591381.2,"y":7004652.1,"altura_m":1.2,"area_m2":512,"classe":"?","nome":""},"geometry":{"type":"Point","coordinates":[-50.078351,-27.077448]}},{"type":"Feature","properties":{"x":653997.2,"y":7004556.1,"altura_m":1.2,"area_m2":1152,"classe":"?","nome":""},"geometry":{"type":"Point","coordinates":[-49.446958,-27.072758]}},{"type":"Feature","properties":{"x":583165.2,"y":7011524.1,"altura_m":1.19,"area_m2":448,"classe":"represa","nome":""},"geometry":{"type":"Point","coordinates":[-50.161669,-27.015929]}},{"type":"Feature","properties":{"x":616621.2,"y":6993724.1,"altura_m":1.19,"area_m2":384,"classe":"?","nome":""},"geometry":{"type":"Point","coordinates":[-49.822792,-27.174191]}},{"type":"Feature","properties":{"x":646901.2,"y":6998748.1,"altura_m":1.18,"area_m2":384,"classe":"?","nome":""},"geometry":{"type":"Point","coordinates":[-49.51781,-27.125949]}},{"type":"Feature","properties":{"x":633893.2,"y":6988940.1,"altura_m":1.18,"area_m2":256,"classe":"ponte","nome":""},"geometry":{"type":"Point","coordinates":[-49.64796,-27.215799]}},{"type":"Feature","properties":{"x":618589.2,"y":6975820.1,"altura_m":1.18,"area_m2":256,"classe":"?","nome":""},"geometry":{"type":"Point","coordinates":[-49.801199,-27.335629]}},{"type":"Feature","properties":{"x":651693.2,"y":6949220.1,"altura_m":1.18,"area_m2":448,"classe":"?","nome":""},"geometry":{"type":"Point","coordinates":[-49.463317,-27.572416]}},{"type":"Feature","properties":{"x":671621.2,"y":7029588.1,"altura_m":1.17,"area_m2":384,"classe":"?","nome":""},"geometry":{"type":"Point","coordinates":[-49.272734,-26.844781]}},{"type":"Feature","properties":{"x":677517.2,"y":7025764.1,"altura_m":1.17,"area_m2":320,"classe":"?","nome":""},"geometry":{"type":"Point","coordinates":[-49.212875,-26.878553]}},{"type":"Feature","properties":{"x":635133.2,"y":7019132.1,"altura_m":1.17,"area_m2":256,"classe":"?","nome":""},"geometry":{"type":"Point","coordinates":[-49.638738,-26.943167]}},{"type":"Feature","properties":{"x":585285.2,"y":7009932.1,"altura_m":1.17,"area_m2":320,"classe":"?","nome":""},"geometry":{"type":"Point","coordinates":[-50.140191,-27.030172]}},{"type":"Feature","properties":{"x":647621.2,"y":7002588.1,"altura_m":1.17,"area_m2":384,"classe":"?","nome":""},"geometry":{"type":"Point","coordinates":[-49.511006,-27.091215]}},{"type":"Feature","properties":{"x":683293.2,"y":6989756.1,"altura_m":1.17,"area_m2":384,"classe":"?","nome":""},"geometry":{"type":"Point","coordinates":[-49.149427,-27.202736]}},{"type":"Feature","properties":{"x":681245.2,"y":6989516.1,"altura_m":1.17,"area_m2":448,"classe":"?","nome":""},"geometry":{"type":"Point","coordinates":[-49.17006,-27.205173]}},{"type":"Feature","properties":{"x":624389.2,"y":6989140.1,"altura_m":1.17,"area_m2":8064,"classe":"?","nome":""},"geometry":{"type":"Point","coordinates":[-49.743931,-27.214887]}},{"type":"Feature","properties":{"x":633253.2,"y":6984516.1,"altura_m":1.17,"area_m2":1216,"classe":"?","nome":""},"geometry":{"type":"Point","coordinates":[-49.653941,-27.255791]}},{"type":"Feature","properties":{"x":633061.2,"y":6983804.1,"altura_m":1.17,"area_m2":512,"classe":"?","nome":""},"geometry":{"type":"Point","coordinates":[-49.655802,-27.262236]}},{"type":"Feature","properties":{"x":640005.2,"y":6959364.1,"altura_m":1.17,"area_m2":832,"classe":"ponte","nome":""},"geometry":{"type":"Point","coordinates":[-49.582863,-27.482124]}},{"type":"Feature","properties":{"x":649045.2,"y":6952260.1,"altura_m":1.17,"area_m2":320,"classe":"?","nome":""},"geometry":{"type":"Point","coordinates":[-49.49051,-27.545275]}},{"type":"Feature","properties":{"x":645245.2,"y":7006172.1,"altura_m":1.16,"area_m2":256,"classe":"?","nome":""},"geometry":{"type":"Point","coordinates":[-49.535386,-27.059119]}},{"type":"Feature","properties":{"x":696077.2,"y":6996012.1,"altura_m":1.16,"area_m2":448,"classe":"?","nome":""},"geometry":{"type":"Point","coordinates":[-49.021413,-27.144525]}},{"type":"Feature","properties":{"x":633893.2,"y":6988868.1,"altura_m":1.16,"area_m2":256,"classe":"ponte","nome":""},"geometry":{"type":"Point","coordinates":[-49.647952,-27.216449]}},{"type":"Feature","properties":{"x":625045.2,"y":6988756.1,"altura_m":1.16,"area_m2":448,"classe":"?","nome":""},"geometry":{"type":"Point","coordinates":[-49.737269,-27.218293]}},{"type":"Feature","properties":{"x":671773.2,"y":7032340.1,"altura_m":1.15,"area_m2":256,"classe":"?","nome":""},"geometry":{"type":"Point","coordinates":[-49.271582,-26.819926]}},{"type":"Feature","properties":{"x":674669.2,"y":7023748.1,"altura_m":1.15,"area_m2":832,"classe":"?","nome":""},"geometry":{"type":"Point","coordinates":[-49.241254,-26.897106]}},{"type":"Feature","properties":{"x":728517.2,"y":7018980.1,"altura_m":1.15,"area_m2":256,"classe":"?","nome":""},"geometry":{"type":"Point","coordinates":[-48.698496,-26.932331]}},{"type":"Feature","properties":{"x":615893.2,"y":6988788.1,"altura_m":1.15,"area_m2":320,"classe":"?","nome":""},"geometry":{"type":"Point","coordinates":[-49.829675,-27.218807]}},{"type":"Feature","properties":{"x":633325.2,"y":6982276.1,"altura_m":1.15,"area_m2":576,"classe":"?","nome":""},"geometry":{"type":"Point","coordinates":[-49.65297,-27.276002]}},{"type":"Feature","properties":{"x":640773.2,"y":6957676.1,"altura_m":1.15,"area_m2":320,"classe":"?","nome":""},"geometry":{"type":"Point","coordinates":[-49.574895,-27.49728]}},{"type":"Feature","properties":{"x":644965.2,"y":6955412.1,"altura_m":1.15,"area_m2":448,"classe":"?","nome":""},"geometry":{"type":"Point","coordinates":[-49.532198,-27.517271]}},{"type":"Feature","properties":{"x":672045.2,"y":7028924.1,"altura_m":1.14,"area_m2":256,"classe":"?","nome":""},"geometry":{"type":"Point","coordinates":[-49.268377,-26.850721]}},{"type":"Feature","properties":{"x":672197.2,"y":7028900.1,"altura_m":1.14,"area_m2":256,"classe":"?","nome":""},"geometry":{"type":"Point","coordinates":[-49.266844,-26.850919]}},{"type":"Feature","properties":{"x":679741.2,"y":7024764.1,"altura_m":1.14,"area_m2":3776,"classe":"?","nome":""},"geometry":{"type":"Point","coordinates":[-49.19035,-26.887292]}},{"type":"Feature","properties":{"x":669533.2,"y":7017708.1,"altura_m":1.14,"area_m2":256,"classe":"?","nome":""},"geometry":{"type":"Point","coordinates":[-49.292129,-26.952249]}},{"type":"Feature","properties":{"x":644037.2,"y":7008644.1,"altura_m":1.14,"area_m2":1280,"classe":"?","nome":""},"geometry":{"type":"Point","coordinates":[-49.547851,-27.036934]}},{"type":"Feature","properties":{"x":704613.2,"y":7000268.1,"altura_m":1.14,"area_m2":256,"classe":"?","nome":""},"geometry":{"type":"Point","coordinates":[-48.936027,-27.104885]}},{"type":"Feature","properties":{"x":689469.2,"y":7025884.1,"altura_m":1.13,"area_m2":384,"classe":"?","nome":""},"geometry":{"type":"Point","coordinates":[-49.09262,-26.875898]}},{"type":"Feature","properties":{"x":606109.2,"y":6997924.1,"altura_m":1.13,"area_m2":640,"classe":"?","nome":""},"geometry":{"type":"Point","coordinates":[-49.929249,-27.137128]}},{"type":"Feature","properties":{"x":625125.2,"y":6988796.1,"altura_m":1.13,"area_m2":384,"classe":"?","nome":""},"geometry":{"type":"Point","coordinates":[-49.736465,-27.217925]}},{"type":"Feature","properties":{"x":656509.2,"y":6939004.1,"altura_m":1.13,"area_m2":256,"classe":"?","nome":""},"geometry":{"type":"Point","coordinates":[-49.413216,-27.66406]}},{"type":"Feature","properties":{"x":635093.2,"y":7019164.1,"altura_m":1.12,"area_m2":256,"classe":"?","nome":""},"geometry":{"type":"Point","coordinates":[-49.639145,-26.942882]}},{"type":"Feature","properties":{"x":655269.2,"y":7004164.1,"altura_m":1.12,"area_m2":256,"classe":"?","nome":""},"geometry":{"type":"Point","coordinates":[-49.434085,-27.076153]}},{"type":"Feature","properties":{"x":633197.2,"y":6983004.1,"altura_m":1.12,"area_m2":320,"classe":"?","nome":""},"geometry":{"type":"Point","coordinates":[-49.654342,-27.269443]}},{"type":"Feature","properties":{"x":633133.2,"y":6982844.1,"altura_m":1.12,"area_m2":512,"classe":"?","nome":""},"geometry":{"type":"Point","coordinates":[-49.654971,-27.270894]}},{"type":"Feature","properties":{"x":633709.2,"y":6981316.1,"altura_m":1.12,"area_m2":512,"classe":"?","nome":""},"geometry":{"type":"Point","coordinates":[-49.648986,-27.284629]}},{"type":"Feature","properties":{"x":654677.2,"y":7004532.1,"altura_m":1.11,"area_m2":448,"classe":"?","nome":""},"geometry":{"type":"Point","coordinates":[-49.440099,-27.072898]}},{"type":"Feature","properties":{"x":653093.2,"y":7003364.1,"altura_m":1.11,"area_m2":704,"classe":"?","nome":""},"geometry":{"type":"Point","coordinates":[-49.455924,-27.083616]}},{"type":"Feature","properties":{"x":633077.2,"y":6983420.1,"altura_m":1.11,"area_m2":320,"classe":"?","nome":""},"geometry":{"type":"Point","coordinates":[-49.655599,-27.2657]}},{"type":"Feature","properties":{"x":633341.2,"y":6982228.1,"altura_m":1.11,"area_m2":320,"classe":"?","nome":""},"geometry":{"type":"Point","coordinates":[-49.652803,-27.276433]}},{"type":"Feature","properties":{"x":651629.2,"y":6949364.1,"altura_m":1.11,"area_m2":256,"classe":"?","nome":""},"geometry":{"type":"Point","coordinates":[-49.463983,-27.571124]}},{"type":"Feature","properties":{"x":728149.2,"y":7018956.1,"altura_m":1.1,"area_m2":256,"classe":"ponte","nome":""},"geometry":{"type":"Point","coordinates":[-48.702195,-26.932608]}},{"type":"Feature","properties":{"x":617813.2,"y":6991044.1,"altura_m":1.1,"area_m2":320,"classe":"?","nome":""},"geometry":{"type":"Point","coordinates":[-49.810505,-27.19828]}},{"type":"Feature","properties":{"x":634709.2,"y":6989868.1,"altura_m":1.1,"area_m2":704,"classe":"?","nome":""},"geometry":{"type":"Point","coordinates":[-49.639823,-27.207343]}},{"type":"Feature","properties":{"x":633509.2,"y":6985164.1,"altura_m":1.1,"area_m2":384,"classe":"?","nome":""},"geometry":{"type":"Point","coordinates":[-49.651426,-27.249918]}},{"type":"Feature","properties":{"x":648645.2,"y":7000692.1,"altura_m":1.09,"area_m2":320,"classe":"?","nome":""},"geometry":{"type":"Point","coordinates":[-49.500452,-27.108217]}},{"type":"Feature","properties":{"x":608021.2,"y":6996308.1,"altura_m":1.09,"area_m2":640,"classe":"?","nome":""},"geometry":{"type":"Point","coordinates":[-49.909817,-27.151567]}},{"type":"Feature","properties":{"x":624365.2,"y":6989228.1,"altura_m":1.09,"area_m2":384,"classe":"?","nome":""},"geometry":{"type":"Point","coordinates":[-49.744182,-27.214095]}},{"type":"Feature","properties":{"x":633085.2,"y":6983844.1,"altura_m":1.09,"area_m2":256,"classe":"?","nome":""},"geometry":{"type":"Point","coordinates":[-49.655564,-27.261873]}},{"type":"Feature","properties":{"x":671853.2,"y":7030644.1,"altura_m":1.08,"area_m2":256,"classe":"?","nome":""},"geometry":{"type":"Point","coordinates":[-49.270545,-26.835222]}},{"type":"Feature","properties":{"x":683725.2,"y":7023708.1,"altura_m":1.08,"area_m2":320,"classe":"?","nome":""},"geometry":{"type":"Point","coordinates":[-49.1501,-26.896302]}},{"type":"Feature","properties":{"x":632957.2,"y":6983764.1,"altura_m":1.08,"area_m2":512,"classe":"?","nome":""},"geometry":{"type":"Point","coordinates":[-49.656848,-27.262607]}},{"type":"Feature","properties":{"x":637037.2,"y":6972620.1,"altura_m":1.08,"area_m2":256,"classe":"?","nome":""},"geometry":{"type":"Point","coordinates":[-49.614392,-27.362786]}},{"type":"Feature","properties":{"x":677853.2,"y":7025012.1,"altura_m":1.07,"area_m2":256,"classe":"?","nome":""},"geometry":{"type":"Point","coordinates":[-49.209386,-26.885297]}},{"type":"Feature","properties":{"x":664517.2,"y":7005004.1,"altura_m":1.07,"area_m2":320,"classe":"?","nome":""},"geometry":{"type":"Point","coordinates":[-49.340959,-27.067503]}},{"type":"Feature","properties":{"x":647005.2,"y":7000316.1,"altura_m":1.07,"area_m2":384,"classe":"?","nome":""},"geometry":{"type":"Point","coordinates":[-49.516948,-27.111787]}},{"type":"Feature","properties":{"x":671845.2,"y":7030492.1,"altura_m":1.06,"area_m2":256,"classe":"?","nome":""},"geometry":{"type":"Point","coordinates":[-49.270604,-26.836595]}},{"type":"Feature","properties":{"x":686893.2,"y":7024892.1,"altura_m":1.06,"area_m2":704,"classe":"represa","nome":"PCH Salto (Salto Weissbach) - Barragem IV"},"geometry":{"type":"Point","coordinates":[-49.118393,-26.885197]}},{"type":"Feature","properties":{"x":690565.2,"y":7024100.1,"altura_m":1.06,"area_m2":2880,"classe":"?","nome":""},"geometry":{"type":"Point","coordinates":[-49.08132,-26.891847]}},{"type":"Feature","properties":{"x":670405.2,"y":7019820.1,"altura_m":1.06,"area_m2":256,"classe":"?","nome":""},"geometry":{"type":"Point","coordinates":[-49.283636,-26.933083]}},{"type":"Feature","properties":{"x":646797.2,"y":6997692.1,"altura_m":1.06,"area_m2":256,"classe":"represa","nome":"UHE Salto Pil\u00e3o - Vertedouro"},"geometry":{"type":"Point","coordinates":[-49.518734,-27.135491]}},{"type":"Feature","properties":{"x":633877.2,"y":6988900.1,"altura_m":1.06,"area_m2":256,"classe":"ponte","nome":""},"geometry":{"type":"Point","coordinates":[-49.648117,-27.216161]}},{"type":"Feature","properties":{"x":671837.2,"y":7030412.1,"altura_m":1.05,"area_m2":384,"classe":"ponte","nome":""},"geometry":{"type":"Point","coordinates":[-49.270674,-26.837318]}},{"type":"Feature","properties":{"x":671837.2,"y":7030180.1,"altura_m":1.05,"area_m2":768,"classe":"?","nome":""},"geometry":{"type":"Point","coordinates":[-49.270642,-26.839412]}},{"type":"Feature","properties":{"x":671813.2,"y":7029780.1,"altura_m":1.05,"area_m2":256,"classe":"?","nome":""},"geometry":{"type":"Point","coordinates":[-49.270829,-26.843025]}},{"type":"Feature","properties":{"x":677021.2,"y":7025972.1,"altura_m":1.05,"area_m2":384,"classe":"?","nome":""},"geometry":{"type":"Point","coordinates":[-49.217896,-26.876739]}},{"type":"Feature","properties":{"x":625069.2,"y":6988780.1,"altura_m":1.05,"area_m2":448,"classe":"?","nome":""},"geometry":{"type":"Point","coordinates":[-49.737029,-27.218074]}},{"type":"Feature","properties":{"x":625021.2,"y":6988780.1,"altura_m":1.05,"area_m2":384,"classe":"?","nome":""},"geometry":{"type":"Point","coordinates":[-49.737514,-27.218079]}},{"type":"Feature","properties":{"x":669821.2,"y":7017980.1,"altura_m":1.04,"area_m2":256,"classe":"?","nome":""},"geometry":{"type":"Point","coordinates":[-49.289265,-26.94976]}},{"type":"Feature","properties":{"x":606749.2,"y":6997716.1,"altura_m":1.04,"area_m2":256,"classe":"?","nome":""},"geometry":{"type":"Point","coordinates":[-49.922774,-27.138957]}},{"type":"Feature","properties":{"x":624357.2,"y":6989380.1,"altura_m":1.04,"area_m2":256,"classe":"?","nome":""},"geometry":{"type":"Point","coordinates":[-49.744278,-27.212723]}},{"type":"Feature","properties":{"x":706365.2,"y":7000636.1,"altura_m":1.03,"area_m2":256,"classe":"?","nome":""},"geometry":{"type":"Point","coordinates":[-48.918425,-27.101304]}},{"type":"Feature","properties":{"x":696221.2,"y":6994924.1,"altura_m":1.03,"area_m2":384,"classe":"?","nome":""},"geometry":{"type":"Point","coordinates":[-49.019788,-27.154322]}},{"type":"Feature","properties":{"x":633125.2,"y":6982796.1,"altura_m":1.03,"area_m2":256,"classe":"?","nome":""},"geometry":{"type":"Point","coordinates":[-49.655047,-27.271328]}},{"type":"Feature","properties":{"x":726213.2,"y":7025340.1,"altura_m":1.02,"area_m2":320,"classe":"?","nome":""},"geometry":{"type":"Point","coordinates":[-48.722837,-26.875331]}},{"type":"Feature","properties":{"x":690661.2,"y":7023980.1,"altura_m":1.02,"area_m2":384,"classe":"?","nome":""},"geometry":{"type":"Point","coordinates":[-49.080335,-26.892916]}},{"type":"Feature","properties":{"x":726269.2,"y":7025372.1,"altura_m":1.01,"area_m2":256,"classe":"?","nome":""},"geometry":{"type":"Point","coordinates":[-48.72228,-26.875033]}},{"type":"Feature","properties":{"x":693381.2,"y":6991380.1,"altura_m":1.01,"area_m2":448,"classe":"?","nome":""},"geometry":{"type":"Point","coordinates":[-49.047878,-27.186701]}}]}