{"type":"FeatureCollection","features":[{"type":"Feature","properties":{"nome":"Rodovia Ingo Hering","tipo":"yes"},"geometry":{"type":"LineString","coordinates":[[-49.6908775,-27.2439114],[-49.6919875,-27.2445913]]}},{"type":"Feature","properties":{"nome":"Ponte Augusto Pedro Vieira","tipo":"yes"},"geometry":{"type":"LineString","coordinates":[[-49.6529405,-27.2033883],[-49.6530677,-27.2034372]]}},{"type":"Feature","properties":{"nome":"Ponte Professora Hannelore Hartmann Eyng","tipo":"yes"},"geometry":{"type":"LineString","coordinates":[[-49.6465466,-27.2359632],[-49.6456688,-27.2358762]]}},{"type":"Feature","properties":{"nome":"Ponte Waldemar Bornhausen","tipo":"yes"},"geometry":{"type":"LineString","coordinates":[[-49.6487891,-27.2193224],[-49.6495356,-27.2188156]]}},{"type":"Feature","properties":{"nome":"Ponte P\u00eansil Ol\u00edbio Ant\u00f4nio da Silva","tipo":"yes"},"geometry":{"type":"LineString","coordinates":[[-49.6358956,-27.2068928],[-49.6357767,-27.2077897],[-49.6357675,-27.2078592]]}},{"type":"Feature","properties":{"nome":"Ponte Ministro M\u00e1rio Andreazza","tipo":"yes"},"geometry":{"type":"LineString","coordinates":[[-49.6293635,-27.2081199],[-49.6296011,-27.2069741]]}},{"type":"Feature","properties":{"nome":"Rua Bas\u00edlio Corr\u00eaa de Negredo","tipo":"yes"},"geometry":{"type":"LineString","coordinates":[[-49.6463967,-27.218501],[-49.6475328,-27.219259]]}},{"type":"Feature","properties":{"nome":"Rua Urbano Senen","tipo":"yes"},"geometry":{"type":"LineString","coordinates":[[-49.6072787,-27.409625],[-49.6082947,-27.409666]]}},{"type":"Feature","properties":{"nome":"Rua Walter Schmitz","tipo":"yes"},"geometry":{"type":"LineString","coordinates":[[-50.0052076,-27.117591],[-50.0049821,-27.1169787]]}},{"type":"Feature","properties":{"nome":"","tipo":"yes"},"geometry":{"type":"LineString","coordinates":[[-50.0020485,-27.1197216],[-50.0017151,-27.1200962]]}},{"type":"Feature","properties":{"nome":"Rua Harling Ern","tipo":"yes"},"geometry":{"type":"LineString","coordinates":[[-49.9960381,-27.1135833],[-49.9960505,-27.1138895]]}},{"type":"Feature","properties":{"nome":"Estrada Geral Mirim Doce","tipo":"yes"},"geometry":{"type":"LineString","coordinates":[[-50.0269264,-27.1386597],[-50.0270122,-27.1388053]]}},{"type":"Feature","properties":{"nome":"","tipo":"yes"},"geometry":{"type":"LineString","coordinates":[[-50.0317821,-27.1471172],[-50.0314996,-27.1473501]]}},{"type":"Feature","properties":{"nome":"Rua Alfredo Cordeiro","tipo":"yes"},"geometry":{"type":"LineString","coordinates":[[-50.07074,-27.2006273],[-50.0704005,-27.2007056]]}},{"type":"Feature","properties":{"nome":"Rodovia Luiz Bertoli e S\u00eanior","tipo":"yes"},"geometry":{"type":"LineString","coordinates":[[-50.0747066,-27.1203285],[-50.0746724,-27.1205368]]}},{"type":"Feature","properties":{"nome":"Rodovia Luiz Bertoli e S\u00eanior","tipo":"yes"},"geometry":{"type":"LineString","coordinates":[[-50.0991849,-27.0976823],[-50.0991531,-27.0978524]]}},{"type":"Feature","properties":{"nome":"","tipo":"yes"},"geometry":{"type":"LineString","coordinates":[[-50.0368882,-27.0983662],[-50.0369252,-27.0988423]]}},{"type":"Feature","properties":{"nome":"Rodovia Prefeito Affonso Rohden","tipo":"yes"},"geometry":{"type":"LineString","coordinates":[[-50.0098082,-27.0954069],[-50.0099277,-27.0952621]]}},{"type":"Feature","properties":{"nome":"Rodovia Ingo Hering","tipo":"yes"},"geometry":{"type":"LineString","coordinates":[[-49.9384565,-27.2562196],[-49.9388913,-27.2561267]]}},{"type":"Feature","properties":{"nome":"","tipo":"yes"},"geometry":{"type":"LineString","coordinates":[[-49.9343687,-27.2643529],[-49.9346638,-27.2643672]]}},{"type":"Feature","properties":{"nome":"","tipo":"yes"},"geometry":{"type":"LineString","coordinates":[[-49.9263874,-27.2405706],[-49.9263736,-27.2409377]]}},{"type":"Feature","properties":{"nome":"Ponte P\u00eansil Martim de Souza","tipo":"yes"},"geometry":{"type":"LineString","coordinates":[[-49.6438071,-27.2074188],[-49.6436427,-27.2086615]]}},{"type":"Feature","properties":{"nome":"Ponte Dom Tito Buss","tipo":"yes"},"geometry":{"type":"LineString","coordinates":[[-49.6334115,-27.2078962],[-49.6335212,-27.20678]]}},{"type":"Feature","properties":{"nome":"Ponte P\u00eansil Laudelino Finardi","tipo":"yes"},"geometry":{"type":"LineString","coordinates":[[-49.687329,-27.2485614],[-49.6872242,-27.2477725]]}},{"type":"Feature","properties":{"nome":"Ponte dos Arcos","tipo":"yes"},"geometry":{"type":"LineString","coordinates":[[-49.6475189,-27.2222778],[-49.647364,-27.2222754],[-49.6461349,-27.2222562]]}},{"type":"Feature","properties":{"nome":"Ponte P\u00eansil Henrique Rausch","tipo":"yes"},"geometry":{"type":"LineString","coordinates":[[-49.6037036,-27.1907898],[-49.6031807,-27.1917144]]}},{"type":"Feature","properties":{"nome":"Ponte Prefeito Willy Schulz","tipo":"yes"},"geometry":{"type":"LineString","coordinates":[[-49.731314,-27.222587],[-49.7319217,-27.2227631]]}},{"type":"Feature","properties":{"nome":"Rua Prefeito Edmundo Siewerdt","tipo":"yes"},"geometry":{"type":"LineString","coordinates":[[-49.635306,-27.3051457],[-49.6355582,-27.3050005]]}},{"type":"Feature","properties":{"nome":"","tipo":"yes"},"geometry":{"type":"LineString","coordinates":[[-49.637811,-27.3171229],[-49.6383229,-27.3178407]]}},{"type":"Feature","properties":{"nome":"Rua Manoel Moratelli","tipo":"yes"},"geometry":{"type":"LineString","coordinates":[[-49.7950332,-27.1874174],[-49.7950476,-27.1867259]]}},{"type":"Feature","properties":{"nome":"Ponte Vice-Prefeito Leandro Nardelli","tipo":"yes"},"geometry":{"type":"LineString","coordinates":[[-49.733042,-27.2207506],[-49.7323131,-27.2203484]]}},{"type":"Feature","properties":{"nome":"Ponte P\u00eansil","tipo":"yes"},"geometry":{"type":"LineString","coordinates":[[-49.6726558,-27.233455],[-49.6725271,-27.2340178]]}},{"type":"Feature","properties":{"nome":"Rua Jo\u00e3o Steffens","tipo":"yes"},"geometry":{"type":"LineString","coordinates":[[-49.6016443,-27.4252651],[-49.6010244,-27.4249962]]}},{"type":"Feature","properties":{"nome":"","tipo":"yes"},"geometry":{"type":"LineString","coordinates":[[-49.9475836,-27.1280947],[-49.9470671,-27.1280812]]}},{"type":"Feature","properties":{"nome":"Rua 7 de Setembro","tipo":"yes"},"geometry":{"type":"LineString","coordinates":[[-49.8057418,-27.189994],[-49.8059141,-27.1897886]]}},{"type":"Feature","properties":{"nome":"","tipo":"yes"},"geometry":{"type":"LineString","coordinates":[[-49.8075143,-27.1853963],[-49.807593,-27.1846906]]}},{"type":"Feature","properties":{"nome":"","tipo":"yes"},"geometry":{"type":"LineString","coordinates":[[-49.8466519,-27.2263427],[-49.8464782,-27.2264719]]}},{"type":"Feature","properties":{"nome":"Ponte P\u00eansil Jos\u00e9 Bonezzi","tipo":"yes"},"geometry":{"type":"LineString","coordinates":[[-49.7055061,-27.2346849],[-49.7066312,-27.234633]]}},{"type":"Feature","properties":{"nome":"Rodovia Ingo Hering","tipo":"yes"},"geometry":{"type":"LineString","coordinates":[[-49.9965383,-27.2517038],[-49.9967998,-27.2517623]]}},{"type":"Feature","properties":{"nome":"Rodovia Ingo Hering","tipo":"yes"},"geometry":{"type":"LineString","coordinates":[[-49.6517832,-27.2093102],[-49.6518346,-27.2094431]]}},{"type":"Feature","properties":{"nome":"Rua Santa Catarina","tipo":"yes"},"geometry":{"type":"LineString","coordinates":[[-49.9359317,-27.2510709],[-49.9361875,-27.2509616]]}},{"type":"Feature","properties":{"nome":"Rua Pedro Avelino dos Santos","tipo":"yes"},"geometry":{"type":"LineString","coordinates":[[-49.6945893,-27.2467594],[-49.6943863,-27.2473454]]}},{"type":"Feature","properties":{"nome":"Rua Hermenegildo Claudino","tipo":"yes"},"geometry":{"type":"LineString","coordinates":[[-49.7123026,-27.2577946],[-49.7121535,-27.2581568]]}},{"type":"Feature","properties":{"nome":"Rodovia Ingo Hering","tipo":"yes"},"geometry":{"type":"LineString","coordinates":[[-49.6503027,-27.2082053],[-49.6504642,-27.2082989]]}},{"type":"Feature","properties":{"nome":"Rodovia Ingo Hering","tipo":"yes"},"geometry":{"type":"LineString","coordinates":[[-49.6195573,-27.1900444],[-49.6196796,-27.1901477]]}},{"type":"Feature","properties":{"nome":"Rua Prefeito Wenceslau Borini","tipo":"yes"},"geometry":{"type":"LineString","coordinates":[[-49.6498485,-27.209009],[-49.6497017,-27.2089355]]}},{"type":"Feature","properties":{"nome":"Rua Tuiuti","tipo":"yes"},"geometry":{"type":"LineString","coordinates":[[-49.6446868,-27.218511],[-49.6444427,-27.2186031]]}},{"type":"Feature","properties":{"nome":"Rodovia Ingo Hering","tipo":"yes"},"geometry":{"type":"LineString","coordinates":[[-49.8817391,-27.2654797],[-49.8819415,-27.2654564]]}},{"type":"Feature","properties":{"nome":"Rua Valdir Rocha","tipo":"yes"},"geometry":{"type":"LineString","coordinates":[[-49.8816194,-27.2663733],[-49.8815076,-27.2664039]]}},{"type":"Feature","properties":{"nome":"Avenida Eduardo Will","tipo":"yes"},"geometry":{"type":"LineString","coordinates":[[-49.8340935,-27.396412],[-49.8337516,-27.39641]]}},{"type":"Feature","properties":{"nome":"Avenida Eduardo Will","tipo":"yes"},"geometry":{"type":"LineString","coordinates":[[-49.8291349,-27.3963703],[-49.8288335,-27.3963649]]}},{"type":"Feature","properties":{"nome":"Rua Nereu Ramos","tipo":"yes"},"geometry":{"type":"LineString","coordinates":[[-49.8328782,-27.4125778],[-49.8326071,-27.4125737]]}},{"type":"Feature","properties":{"nome":"Rua Ricardo Hobus","tipo":"yes"},"geometry":{"type":"LineString","coordinates":[[-49.8401454,-27.4219726],[-49.8400551,-27.4218946]]}},{"type":"Feature","properties":{"nome":"Rua Wilhelm Paupitz","tipo":"yes"},"geometry":{"type":"LineString","coordinates":[[-49.8467657,-27.4321651],[-49.8469997,-27.432074]]}},{"type":"Feature","properties":{"nome":"","tipo":"yes"},"geometry":{"type":"LineString","coordinates":[[-49.8345077,-27.4329513],[-49.8344242,-27.4330049]]}},{"type":"Feature","properties":{"nome":"Rua Paulo Klug","tipo":"yes"},"geometry":{"type":"LineString","coordinates":[[-49.8341648,-27.4051555],[-49.8340279,-27.4051435]]}},{"type":"Feature","properties":{"nome":"Rua Karl Richard Max Siegel","tipo":"yes"},"geometry":{"type":"LineString","coordinates":[[-49.8241508,-27.3803863],[-49.8250428,-27.3804008]]}},{"type":"Feature","properties":{"nome":"Rua Jo\u00e3o Marchi","tipo":"yes"},"geometry":{"type":"LineString","coordinates":[[-49.6023431,-27.1740851],[-49.602126,-27.1740831]]}},{"type":"Feature","properties":{"nome":"","tipo":"yes"},"geometry":{"type":"LineString","coordinates":[[-49.6044933,-27.4161594],[-49.6036698,-27.4158737]]}},{"type":"Feature","properties":{"nome":"Rodovia Ministro Victor Konder","tipo":"yes"},"geometry":{"type":"LineString","coordinates":[[-49.6036995,-27.3929299],[-49.603646,-27.3931821]]}},{"type":"Feature","properties":{"nome":"Ponte Caetano Zancanaro Hugo Klaumann","tipo":"yes"},"geometry":{"type":"LineString","coordinates":[[-49.6153113,-27.3762494],[-49.6147186,-27.3763685]]}},{"type":"Feature","properties":{"nome":"","tipo":"yes"},"geometry":{"type":"LineString","coordinates":[[-49.6040777,-27.3959996],[-49.6033823,-27.3960272]]}},{"type":"Feature","properties":{"nome":"","tipo":"yes"},"geometry":{"type":"LineString","coordinates":[[-49.8139701,-27.1870103],[-49.8141042,-27.1860059]]}},{"type":"Feature","properties":{"nome":"Rua Norberto Ludwig","tipo":"yes"},"geometry":{"type":"LineString","coordinates":[[-49.6025459,-27.4244682],[-49.6024737,-27.4249091]]}},{"type":"Feature","properties":{"nome":"","tipo":"yes"},"geometry":{"type":"LineString","coordinates":[[-49.7462758,-27.0889513],[-49.7463787,-27.089077]]}},{"type":"Feature","properties":{"nome":"","tipo":"yes"},"geometry":{"type":"LineString","coordinates":[[-49.8770016,-27.2465026],[-49.8768752,-27.2464692]]}},{"type":"Feature","properties":{"nome":"Ponte Carlos Kurt","tipo":"yes"},"geometry":{"type":"LineString","coordinates":[[-49.7425587,-27.2781375],[-49.7426147,-27.2783233]]}},{"type":"Feature","properties":{"nome":"Avenida Oscar Zlumann","tipo":"yes"},"geometry":{"type":"LineString","coordinates":[[-49.7965361,-27.3121243],[-49.796789,-27.3121265]]}},{"type":"Feature","properties":{"nome":"Rua Ernesto Prada","tipo":"yes"},"geometry":{"type":"LineString","coordinates":[[-49.7985089,-27.3095357],[-49.7986383,-27.3094505]]}},{"type":"Feature","properties":{"nome":"","tipo":"yes"},"geometry":{"type":"LineString","coordinates":[[-49.7967977,-27.3152985],[-49.7965088,-27.3152047]]}},{"type":"Feature","properties":{"nome":"","tipo":"yes"},"geometry":{"type":"LineString","coordinates":[[-49.8015426,-27.3003814],[-49.8015403,-27.3005572]]}},{"type":"Feature","properties":{"nome":"","tipo":"yes"},"geometry":{"type":"LineString","coordinates":[[-49.819707,-27.3072463],[-49.8194551,-27.3072854]]}},{"type":"Feature","properties":{"nome":"Rua Expedicion\u00e1rio Schaade","tipo":"yes"},"geometry":{"type":"LineString","coordinates":[[-49.8944097,-27.3638985],[-49.894242,-27.3639675]]}},{"type":"Feature","properties":{"nome":"Rua Marechal Deodoro","tipo":"yes"},"geometry":{"type":"LineString","coordinates":[[-49.8888107,-27.3591144],[-49.8886571,-27.359155]]}},{"type":"Feature","properties":{"nome":"Rua dos Pioneirso","tipo":"yes"},"geometry":{"type":"LineString","coordinates":[[-49.8819476,-27.3522303],[-49.8817892,-27.3523662]]}},{"type":"Feature","properties":{"nome":"","tipo":"yes"},"geometry":{"type":"LineString","coordinates":[[-49.881525,-27.3341683],[-49.8813252,-27.3340921]]}},{"type":"Feature","properties":{"nome":"","tipo":"yes"},"geometry":{"type":"LineString","coordinates":[[-49.8089488,-27.342822],[-49.8087071,-27.3428354]]}},{"type":"Feature","properties":{"nome":"Estrada Ribeir\u00e3o Pequeno","tipo":"yes"},"geometry":{"type":"LineString","coordinates":[[-50.0016597,-27.0851509],[-50.0015768,-27.0853257]]}},{"type":"Feature","properties":{"nome":"Ponte Celso Ramos","tipo":"yes"},"geometry":{"type":"LineString","coordinates":[[-49.9997107,-27.1167377],[-49.999248,-27.1166123]]}},{"type":"Feature","properties":{"nome":"Rua Bruno Henrich","tipo":"yes"},"geometry":{"type":"LineString","coordinates":[[-50.0722651,-27.1990668],[-50.0723872,-27.1991766]]}},{"type":"Feature","properties":{"nome":"Rodovia Bruno Heidrich","tipo":"yes"},"geometry":{"type":"LineString","coordinates":[[-49.9537089,-27.229453],[-49.9537904,-27.2296776]]}},{"type":"Feature","properties":{"nome":"","tipo":"yes"},"geometry":{"type":"LineString","coordinates":[[-49.9955144,-27.2498906],[-49.9953112,-27.2498483]]}},{"type":"Feature","properties":{"nome":"","tipo":"yes"},"geometry":{"type":"LineString","coordinates":[[-50.0290708,-27.2501432],[-50.0289642,-27.250102]]}},{"type":"Feature","properties":{"nome":"","tipo":"yes"},"geometry":{"type":"LineString","coordinates":[[-49.9495512,-27.2329951],[-49.9494365,-27.2329657]]}},{"type":"Feature","properties":{"nome":"","tipo":"yes"},"geometry":{"type":"LineString","coordinates":[[-49.8550209,-27.4630046],[-49.8548362,-27.4628934]]}},{"type":"Feature","properties":{"nome":"","tipo":"yes"},"geometry":{"type":"LineString","coordinates":[[-49.8527543,-27.4436669],[-49.8528754,-27.4435765]]}},{"type":"Feature","properties":{"nome":"","tipo":"yes"},"geometry":{"type":"LineString","coordinates":[[-49.8599249,-27.4437223],[-49.8597095,-27.4438313]]}},{"type":"Feature","properties":{"nome":"","tipo":"yes"},"geometry":{"type":"LineString","coordinates":[[-50.1971751,-27.1985915],[-50.1977116,-27.1985295]]}},{"type":"Feature","properties":{"nome":"","tipo":"yes"},"geometry":{"type":"LineString","coordinates":[[-50.1795599,-27.1954457],[-50.1797664,-27.1951163]]}},{"type":"Feature","properties":{"nome":"","tipo":"yes"},"geometry":{"type":"LineString","coordinates":[[-49.9371445,-27.2845304],[-49.9369568,-27.2845894]]}},{"type":"Feature","properties":{"nome":"Rua 7 de Setembro","tipo":"yes"},"geometry":{"type":"LineString","coordinates":[[-49.7305001,-27.2766478],[-49.7306765,-27.2766845]]}},{"type":"Feature","properties":{"nome":"","tipo":"yes"},"geometry":{"type":"LineString","coordinates":[[-49.7395847,-27.0819812],[-49.7394244,-27.0821162]]}},{"type":"Feature","properties":{"nome":"","tipo":"yes"},"geometry":{"type":"LineString","coordinates":[[-49.8550005,-27.1642794],[-49.8549575,-27.1649285]]}},{"type":"Feature","properties":{"nome":"","tipo":"yes"},"geometry":{"type":"LineString","coordinates":[[-49.6508327,-27.2887981],[-49.6503633,-27.288891]]}},{"type":"Feature","properties":{"nome":"Acesso Leandro Shelter","tipo":"yes"},"geometry":{"type":"LineString","coordinates":[[-49.6550991,-27.2704021],[-49.6541791,-27.2704522]]}},{"type":"Feature","properties":{"nome":"","tipo":"yes"},"geometry":{"type":"LineString","coordinates":[[-49.6389703,-27.4478552],[-49.6391393,-27.4477861]]}},{"type":"Feature","properties":{"nome":"","tipo":"yes"},"geometry":{"type":"LineString","coordinates":[[-49.6212446,-27.4291355],[-49.6213033,-27.4289649]]}},{"type":"Feature","properties":{"nome":"","tipo":"yes"},"geometry":{"type":"LineString","coordinates":[[-49.6158481,-27.3524362],[-49.6152152,-27.3518881]]}},{"type":"Feature","properties":{"nome":"","tipo":"yes"},"geometry":{"type":"LineString","coordinates":[[-49.6270895,-27.4347129],[-49.6270627,-27.4348938]]}},{"type":"Feature","properties":{"nome":"","tipo":"yes"},"geometry":{"type":"LineString","coordinates":[[-49.79122,-27.095874],[-49.7911501,-27.0959417]]}},{"type":"Feature","properties":{"nome":"","tipo":"yes"},"geometry":{"type":"LineString","coordinates":[[-49.6201526,-27.3340478],[-49.61931,-27.3341081]]}},{"type":"Feature","properties":{"nome":"Rua Jos\u00e9 Koerich","tipo":"yes"},"geometry":{"type":"LineString","coordinates":[[-49.610692,-27.4082717],[-49.6106836,-27.4081039]]}},{"type":"Feature","properties":{"nome":"","tipo":"yes"},"geometry":{"type":"LineString","coordinates":[[-49.6577325,-27.4064025],[-49.6578572,-27.4064912]]}},{"type":"Feature","properties":{"nome":"","tipo":"yes"},"geometry":{"type":"LineString","coordinates":[[-49.6409206,-27.4144243],[-49.6409461,-27.4145586]]}},{"type":"Feature","properties":{"nome":"","tipo":"yes"},"geometry":{"type":"LineString","coordinates":[[-49.6284699,-27.4130036],[-49.6283788,-27.4131345]]}},{"type":"Feature","properties":{"nome":"","tipo":"yes"},"geometry":{"type":"LineString","coordinates":[[-49.8855032,-27.2386253],[-49.8854978,-27.2388233]]}},{"type":"Feature","properties":{"nome":"","tipo":"yes"},"geometry":{"type":"LineString","coordinates":[[-49.79886,-27.5038881],[-49.7987471,-27.5038466]]}},{"type":"Feature","properties":{"nome":"","tipo":"yes"},"geometry":{"type":"LineString","coordinates":[[-49.8021863,-27.5032143],[-49.8021696,-27.5031227]]}},{"type":"Feature","properties":{"nome":"","tipo":"yes"},"geometry":{"type":"LineString","coordinates":[[-49.8566705,-27.3206587],[-49.8568362,-27.3206191]]}},{"type":"Feature","properties":{"nome":"","tipo":"yes"},"geometry":{"type":"LineString","coordinates":[[-49.840946,-27.5239689],[-49.8410091,-27.5239811]]}},{"type":"Feature","properties":{"nome":"","tipo":"yes"},"geometry":{"type":"LineString","coordinates":[[-49.8398423,-27.5244247],[-49.8398667,-27.5245305]]}},{"type":"Feature","properties":{"nome":"","tipo":"yes"},"geometry":{"type":"LineString","coordinates":[[-49.8463322,-27.3209642],[-49.8462453,-27.3210023]]}},{"type":"Feature","properties":{"nome":"","tipo":"yes"},"geometry":{"type":"LineString","coordinates":[[-49.8698756,-27.3322791],[-49.8698715,-27.3320697]]}},{"type":"Feature","properties":{"nome":"","tipo":"yes"},"geometry":{"type":"LineString","coordinates":[[-49.8815774,-27.2581064],[-49.8814784,-27.2580973]]}},{"type":"Feature","properties":{"nome":"","tipo":"yes"},"geometry":{"type":"LineString","coordinates":[[-49.8810177,-27.2588639],[-49.8809118,-27.2588365]]}},{"type":"Feature","properties":{"nome":"","tipo":"yes"},"geometry":{"type":"LineString","coordinates":[[-49.8718059,-27.1495121],[-49.8722485,-27.1496433]]}},{"type":"Feature","properties":{"nome":"","tipo":"yes"},"geometry":{"type":"LineString","coordinates":[[-50.0256424,-27.0888824],[-50.0254227,-27.0887498]]}},{"type":"Feature","properties":{"nome":"","tipo":"yes"},"geometry":{"type":"LineString","coordinates":[[-50.0809099,-27.1814202],[-50.0808844,-27.181617]]}},{"type":"Feature","properties":{"nome":"","tipo":"yes"},"geometry":{"type":"LineString","coordinates":[[-49.853652,-27.459051],[-49.853541,-27.459059]]}},{"type":"Feature","properties":{"nome":"","tipo":"yes"},"geometry":{"type":"LineString","coordinates":[[-50.0437057,-27.2257705],[-50.043727,-27.2255991]]}},{"type":"Feature","properties":{"nome":"","tipo":"yes"},"geometry":{"type":"LineString","coordinates":[[-50.0544445,-27.1929082],[-50.0540771,-27.1926505]]}},{"type":"Feature","properties":{"nome":"","tipo":"yes"},"geometry":{"type":"LineString","coordinates":[[-50.0433334,-27.2851608],[-50.0432489,-27.2850054]]}},{"type":"Feature","properties":{"nome":"","tipo":"yes"},"geometry":{"type":"LineString","coordinates":[[-50.0384807,-27.2698633],[-50.0385904,-27.269781]]}},{"type":"Feature","properties":{"nome":"Rodovia Rainoldo Machado da Silva","tipo":"yes"},"geometry":{"type":"LineString","coordinates":[[-50.0530808,-27.2296467],[-50.0532429,-27.229527]]}},{"type":"Feature","properties":{"nome":"","tipo":"yes"},"geometry":{"type":"LineString","coordinates":[[-50.071781,-27.2146689],[-50.0718869,-27.2147238]]}},{"type":"Feature","properties":{"nome":"","tipo":"yes"},"geometry":{"type":"LineString","coordinates":[[-50.1228351,-27.0974233],[-50.1228338,-27.0973074]]}},{"type":"Feature","properties":{"nome":"","tipo":"yes"},"geometry":{"type":"LineString","coordinates":[[-50.1326242,-27.2003276],[-50.132525,-27.2001487]]}},{"type":"Feature","properties":{"nome":"Elevado Rodolfo Marzall","tipo":"viaduct"},"geometry":{"type":"LineString","coordinates":[[-49.6460104,-27.2222541],[-49.6459051,-27.2222524],[-49.6458,-27.2222482],[-49.6456952,-27.2222388],[-49.6455912,-27.2222242],[-49.6454883,-27.2222045],[-49.6453868,-27.2221797],[-49.6452869,-27.22215],[-49.6451892,-27.2221153],[-49.6450937,-27.2220758],[-49.6450008,-27.2220317]]}},{"type":"Feature","properties":{"nome":"Rua Vereador Ant\u00f4nio Cavilha","tipo":"yes"},"geometry":{"type":"LineString","coordinates":[[-49.6189731,-27.1951698],[-49.6184513,-27.1959518]]}},{"type":"Feature","properties":{"nome":"","tipo":"yes"},"geometry":{"type":"LineString","coordinates":[[-50.2598441,-27.1229694],[-50.2602249,-27.1230601]]}},{"type":"Feature","properties":{"nome":"","tipo":"yes"},"geometry":{"type":"LineString","coordinates":[[-50.2347815,-27.1613211],[-50.2350873,-27.1610968]]}},{"type":"Feature","properties":{"nome":"","tipo":"yes"},"geometry":{"type":"LineString","coordinates":[[-50.2238193,-27.1961742],[-50.2237925,-27.196074]]}},{"type":"Feature","properties":{"nome":"","tipo":"yes"},"geometry":{"type":"LineString","coordinates":[[-50.2677083,-27.1438893],[-50.2677298,-27.1440468]]}},{"type":"Feature","properties":{"nome":"","tipo":"yes"},"geometry":{"type":"LineString","coordinates":[[-50.2769485,-27.1527965],[-50.2769539,-27.1529373]]}},{"type":"Feature","properties":{"nome":"","tipo":"yes"},"geometry":{"type":"LineString","coordinates":[[-50.2522776,-27.128152],[-50.2521247,-27.1277414]]}},{"type":"Feature","properties":{"nome":"","tipo":"yes"},"geometry":{"type":"LineString","coordinates":[[-49.9818497,-27.2419106],[-49.9818627,-27.2418146]]}},{"type":"Feature","properties":{"nome":"Ponte Francisco Bondavalli","tipo":"yes"},"geometry":{"type":"LineString","coordinates":[[-49.6535694,-27.2032883],[-49.6536628,-27.2031907]]}},{"type":"Feature","properties":{"nome":"Rua Orlando Jo\u00e3o Amaro","tipo":"viaduct"},"geometry":{"type":"LineString","coordinates":[[-49.6493334,-27.2106461],[-49.6496187,-27.2105894],[-49.6496954,-27.2105636],[-49.6497696,-27.2105365],[-49.6498715,-27.2104907],[-49.6499871,-27.2104244],[-49.6500725,-27.2103557],[-49.6501172,-27.2103051],[-49.6501617,-27.2102326],[-49.650187,-27.2101597],[-49.6501994,-27.2100967],[-49.650203,-27.2100527],[-49.6502028,-27.2098679]]}},{"type":"Feature","properties":{"nome":"Elevado Deputado Jos\u00e9 Thom\u00e9","tipo":"yes"},"geometry":{"type":"LineString","coordinates":[[-49.645314,-27.211242],[-49.6454286,-27.211266],[-49.6455528,-27.2112784],[-49.6456703,-27.2112754],[-49.6458088,-27.2112555],[-49.6460682,-27.2111693]]}},{"type":"Feature","properties":{"nome":"Elevado Deputado Jos\u00e9 Thom\u00e9","tipo":"viaduct"},"geometry":{"type":"LineString","coordinates":[[-49.6493334,-27.2106461],[-49.6489616,-27.2106508],[-49.6488198,-27.2106506],[-49.6487291,-27.210647],[-49.6486266,-27.2106407],[-49.6477312,-27.2105299],[-49.6476172,-27.210524],[-49.6475224,-27.2105234],[-49.647394,-27.2105379],[-49.6472549,-27.2105776],[-49.6471596,-27.2106121],[-49.6470428,-27.2106652],[-49.6460682,-27.2111693]]}},{"type":"Feature","properties":{"nome":"Elevado Deputado Jos\u00e9 Thom\u00e9","tipo":"viaduct"},"geometry":{"type":"LineString","coordinates":[[-49.6460682,-27.2111693],[-49.6459085,-27.2113096],[-49.6458317,-27.2113812],[-49.6457597,-27.2114633],[-49.645697,-27.2115563],[-49.6456396,-27.2116886]]}},{"type":"Feature","properties":{"nome":"","tipo":"yes"},"geometry":{"type":"LineString","coordinates":[[-49.6620514,-27.2022985],[-49.6619253,-27.2022382]]}},{"type":"Feature","properties":{"nome":"Rua Josef Sofka","tipo":"yes"},"geometry":{"type":"LineString","coordinates":[[-49.6675262,-27.2008105],[-49.6675103,-27.200749]]}},{"type":"Feature","properties":{"nome":"Rua Francisco Ferrari","tipo":"yes"},"geometry":{"type":"LineString","coordinates":[[-49.6712156,-27.1986137],[-49.6711,-27.198519]]}},{"type":"Feature","properties":{"nome":"Rua Alfredo Viebrantz","tipo":"yes"},"geometry":{"type":"LineString","coordinates":[[-49.6740571,-27.1966088],[-49.6740339,-27.1965109]]}},{"type":"Feature","properties":{"nome":"Rua Carmela Fronza","tipo":"yes"},"geometry":{"type":"LineString","coordinates":[[-49.6763254,-27.1957427],[-49.6763392,-27.1958435]]}},{"type":"Feature","properties":{"nome":"Ponte Viriato Alves Garcia","tipo":"yes"},"geometry":{"type":"LineString","coordinates":[[-49.6490475,-27.2159792],[-49.6475025,-27.216028]]}},{"type":"Feature","properties":{"nome":"Beco Arc\u00e2ngelo Ossemer","tipo":"yes"},"geometry":{"type":"LineString","coordinates":[[-49.6794197,-27.1933765],[-49.6794221,-27.1932276]]}},{"type":"Feature","properties":{"nome":"Ponte Acesso Oesssste","tipo":"yes"},"geometry":{"type":"LineString","coordinates":[[-49.6602824,-27.2224896],[-49.6602527,-27.2219007]]}},{"type":"Feature","properties":{"nome":"","tipo":"yes"},"geometry":{"type":"LineString","coordinates":[[-49.8369317,-27.2252071],[-49.8370157,-27.2250664]]}},{"type":"Feature","properties":{"nome":"","tipo":"yes"},"geometry":{"type":"LineString","coordinates":[[-49.8294917,-27.21783],[-49.8296325,-27.2178329]]}},{"type":"Feature","properties":{"nome":"","tipo":"yes"},"geometry":{"type":"LineString","coordinates":[[-49.8122803,-27.2427333],[-49.8121443,-27.2428639]]}},{"type":"Feature","properties":{"nome":"","tipo":"yes"},"geometry":{"type":"LineString","coordinates":[[-49.8238087,-27.2275731],[-49.8236583,-27.2276845]]}},{"type":"Feature","properties":{"nome":"","tipo":"yes"},"geometry":{"type":"LineString","coordinates":[[-49.8242683,-27.2251439],[-49.8242192,-27.2250255]]}},{"type":"Feature","properties":{"nome":"Ponte Ermelinda Rech","tipo":"yes"},"geometry":{"type":"LineString","coordinates":[[-49.9045935,-27.2076416],[-49.9044798,-27.2077634]]}},{"type":"Feature","properties":{"nome":"Ponte Emilio Moser","tipo":"yes"},"geometry":{"type":"LineString","coordinates":[[-49.869533,-27.1024876],[-49.8696791,-27.1025077]]}},{"type":"Feature","properties":{"nome":"Rodovia Ministro Victor Konder","tipo":"yes"},"geometry":{"type":"LineString","coordinates":[[-49.6354205,-27.3042933],[-49.6349802,-27.3046449]]}},{"type":"Feature","properties":{"nome":"Beco Eduardo Marchi","tipo":"trestle"},"geometry":{"type":"LineString","coordinates":[[-49.6135721,-27.2321476],[-49.6135063,-27.2321198]]}},{"type":"Feature","properties":{"nome":"","tipo":"yes"},"geometry":{"type":"LineString","coordinates":[[-49.6230441,-27.1267108],[-49.6231091,-27.1267078]]}},{"type":"Feature","properties":{"nome":"","tipo":"yes"},"geometry":{"type":"LineString","coordinates":[[-49.6472411,-27.2093759],[-49.6470679,-27.2091969]]}},{"type":"Feature","properties":{"nome":"Avenida Ari Verdi","tipo":"yes"},"geometry":{"type":"LineString","coordinates":[[-49.9415785,-27.257405],[-49.9411011,-27.2577722]]}},{"type":"Feature","properties":{"nome":"","tipo":"yes"},"geometry":{"type":"LineString","coordinates":[[-49.8015403,-27.3005572],[-49.8015452,-27.3007484]]}},{"type":"Feature","properties":{"nome":"Rua Fritz Skoula","tipo":"yes"},"geometry":{"type":"LineString","coordinates":[[-49.7624672,-27.2874206],[-49.7625987,-27.2873701]]}},{"type":"Feature","properties":{"nome":"","tipo":"yes"},"geometry":{"type":"LineString","coordinates":[[-49.765499,-27.2891286],[-49.7659172,-27.2888318]]}},{"type":"Feature","properties":{"nome":"","tipo":"yes"},"geometry":{"type":"LineString","coordinates":[[-49.776719,-27.2910779],[-49.7766469,-27.2908588]]}},{"type":"Feature","properties":{"nome":"Avenida Arthur Muller","tipo":"yes"},"geometry":{"type":"LineString","coordinates":[[-49.7938047,-27.3007036],[-49.7935799,-27.3007214]]}},{"type":"Feature","properties":{"nome":"Avenida Arthur Muller","tipo":"yes"},"geometry":{"type":"LineString","coordinates":[[-49.7929583,-27.3007755],[-49.7925536,-27.3007996]]}},{"type":"Feature","properties":{"nome":"Viaduto Erm\u00ednio Prada","tipo":"yes"},"geometry":{"type":"LineString","coordinates":[[-49.7932628,-27.3019204],[-49.7921332,-27.3018118]]}},{"type":"Feature","properties":{"nome":"","tipo":"yes"},"geometry":{"type":"LineString","coordinates":[[-49.7965088,-27.3152047],[-49.7964061,-27.3151674]]}},{"type":"Feature","properties":{"nome":"Avenida Oscar Zlumann","tipo":"yes"},"geometry":{"type":"LineString","coordinates":[[-49.796789,-27.3121265],[-49.7969634,-27.3121341]]}},{"type":"Feature","properties":{"nome":"Rua Ernesto Prada","tipo":"yes"},"geometry":{"type":"LineString","coordinates":[[-49.7986383,-27.3094505],[-49.7987484,-27.3093824]]}},{"type":"Feature","properties":{"nome":"","tipo":"yes"},"geometry":{"type":"LineString","coordinates":[[-49.833063,-27.313992],[-49.8328632,-27.3139574]]}},{"type":"Feature","properties":{"nome":"Ponte Ricardo Kanitz","tipo":"yes"},"geometry":{"type":"LineString","coordinates":[[-49.6537801,-27.2682057],[-49.6549416,-27.2681842]]}},{"type":"Feature","properties":{"nome":"","tipo":"yes"},"geometry":{"type":"LineString","coordinates":[[-49.8933297,-27.377267],[-49.8931835,-27.3772868]]}},{"type":"Feature","properties":{"nome":"Rua Duque de Caxias","tipo":"yes"},"geometry":{"type":"LineString","coordinates":[[-49.8851086,-27.3580472],[-49.8852457,-27.3578948]]}},{"type":"Feature","properties":{"nome":"","tipo":"yes"},"geometry":{"type":"LineString","coordinates":[[-49.8908189,-27.3638785],[-49.8909749,-27.3636822]]}},{"type":"Feature","properties":{"nome":"Rua Tiradentes","tipo":"yes"},"geometry":{"type":"LineString","coordinates":[[-49.8938092,-27.370392],[-49.8939725,-27.3704887]]}},{"type":"Feature","properties":{"nome":"","tipo":"yes"},"geometry":{"type":"LineString","coordinates":[[-49.893487,-27.3825332],[-49.8936325,-27.3825584]]}},{"type":"Feature","properties":{"nome":"","tipo":"yes"},"geometry":{"type":"LineString","coordinates":[[-49.90907,-27.4242995],[-49.9089949,-27.4243086]]}},{"type":"Feature","properties":{"nome":"","tipo":"yes"},"geometry":{"type":"LineString","coordinates":[[-49.9072042,-27.4204566],[-49.9073365,-27.4204655]]}},{"type":"Feature","properties":{"nome":"","tipo":"yes"},"geometry":{"type":"LineString","coordinates":[[-49.9037319,-27.4080063],[-49.9037338,-27.4078944]]}},{"type":"Feature","properties":{"nome":"","tipo":"yes"},"geometry":{"type":"LineString","coordinates":[[-49.9368454,-27.4129557],[-49.9367395,-27.4129758]]}},{"type":"Feature","properties":{"nome":"","tipo":"yes"},"geometry":{"type":"LineString","coordinates":[[-49.9404691,-27.3928305],[-49.9404025,-27.392917]]}},{"type":"Feature","properties":{"nome":"","tipo":"yes"},"geometry":{"type":"LineString","coordinates":[[-49.9369027,-27.3865874],[-49.9369037,-27.3864638]]}},{"type":"Feature","properties":{"nome":"","tipo":"yes"},"geometry":{"type":"LineString","coordinates":[[-49.9216198,-27.3802134],[-49.9216319,-27.3800888]]}},{"type":"Feature","properties":{"nome":"","tipo":"yes"},"geometry":{"type":"LineString","coordinates":[[-49.9173331,-27.3786414],[-49.917262,-27.378646],[-49.9172149,-27.3786541]]}},{"type":"Feature","properties":{"nome":"","tipo":"yes"},"geometry":{"type":"LineString","coordinates":[[-49.9124441,-27.376732],[-49.9125537,-27.3766424]]}},{"type":"Feature","properties":{"nome":"","tipo":"yes"},"geometry":{"type":"LineString","coordinates":[[-49.904193,-27.37145],[-49.904079,-27.3714648]]}},{"type":"Feature","properties":{"nome":"","tipo":"yes"},"geometry":{"type":"LineString","coordinates":[[-49.8442646,-27.325564],[-49.8443627,-27.325465]]}},{"type":"Feature","properties":{"nome":"","tipo":"yes"},"geometry":{"type":"LineString","coordinates":[[-49.6608761,-27.4685153],[-49.6607922,-27.4683239]]}},{"type":"Feature","properties":{"nome":"","tipo":"yes"},"geometry":{"type":"LineString","coordinates":[[-49.6827327,-27.4788723],[-49.6829046,-27.4788783]]}},{"type":"Feature","properties":{"nome":"Estrada Barra Nova","tipo":"yes"},"geometry":{"type":"LineString","coordinates":[[-49.6867407,-27.4979319],[-49.6867521,-27.4980458]]}},{"type":"Feature","properties":{"nome":"","tipo":"yes"},"geometry":{"type":"LineString","coordinates":[[-49.6898145,-27.5077131],[-49.6897125,-27.5079027]]}},{"type":"Feature","properties":{"nome":"","tipo":"yes"},"geometry":{"type":"LineString","coordinates":[[-49.6952692,-27.5260615],[-49.695355,-27.5260271]]}},{"type":"Feature","properties":{"nome":"Rua Jo\u00e3o Stockburger","tipo":"yes"},"geometry":{"type":"LineString","coordinates":[[-49.7007449,-27.5331214],[-49.7008945,-27.5330498]]}},{"type":"Feature","properties":{"nome":"Rua Aristiliano Ramos","tipo":"yes"},"geometry":{"type":"LineString","coordinates":[[-49.6988465,-27.5355212],[-49.6988064,-27.5354042]]}},{"type":"Feature","properties":{"nome":"","tipo":"yes"},"geometry":{"type":"LineString","coordinates":[[-49.6617333,-27.5492441],[-49.6616796,-27.5492221]]}},{"type":"Feature","properties":{"nome":"","tipo":"yes"},"geometry":{"type":"LineString","coordinates":[[-49.6614057,-27.5489955],[-49.6613924,-27.5489403]]}},{"type":"Feature","properties":{"nome":"","tipo":"yes"},"geometry":{"type":"LineString","coordinates":[[-49.6529249,-27.5544991],[-49.6528353,-27.5545139]]}},{"type":"Feature","properties":{"nome":"","tipo":"yes"},"geometry":{"type":"LineString","coordinates":[[-49.608732,-27.5527062],[-49.6086858,-27.5527621],[-49.6086395,-27.552818]]}},{"type":"Feature","properties":{"nome":"","tipo":"yes"},"geometry":{"type":"LineString","coordinates":[[-49.6310384,-27.5825091],[-49.6310587,-27.582464]]}},{"type":"Feature","properties":{"nome":"","tipo":"yes"},"geometry":{"type":"LineString","coordinates":[[-49.6183683,-27.5612249],[-49.6183735,-27.5612934]]}},{"type":"Feature","properties":{"nome":"","tipo":"yes"},"geometry":{"type":"LineString","coordinates":[[-49.6894805,-27.5448807],[-49.6893988,-27.5447982]]}},{"type":"Feature","properties":{"nome":"","tipo":"yes"},"geometry":{"type":"LineString","coordinates":[[-49.730363,-27.5866173],[-49.7302363,-27.5866014]]}},{"type":"Feature","properties":{"nome":"Rua Ricardo Taruhn","tipo":"yes"},"geometry":{"type":"LineString","coordinates":[[-49.7009143,-27.5364842],[-49.7008439,-27.5365246]]}},{"type":"Feature","properties":{"nome":"Rua Vereador Max Probst","tipo":"yes"},"geometry":{"type":"LineString","coordinates":[[-49.7005852,-27.5380616],[-49.7004858,-27.538102]]}},{"type":"Feature","properties":{"nome":"Rua Professora Nadir Correa Juttel","tipo":"yes"},"geometry":{"type":"LineString","coordinates":[[-49.7011216,-27.5402859],[-49.7010827,-27.5402047]]}},{"type":"Feature","properties":{"nome":"","tipo":"yes"},"geometry":{"type":"LineString","coordinates":[[-49.7031126,-27.5435153],[-49.7032198,-27.5434688]]}},{"type":"Feature","properties":{"nome":"","tipo":"yes"},"geometry":{"type":"LineString","coordinates":[[-49.7033693,-27.5435281],[-49.7033047,-27.5435956]]}},{"type":"Feature","properties":{"nome":"","tipo":"yes"},"geometry":{"type":"LineString","coordinates":[[-49.7038473,-27.5456332],[-49.7039126,-27.5456821]]}},{"type":"Feature","properties":{"nome":"","tipo":"yes"},"geometry":{"type":"LineString","coordinates":[[-49.7058025,-27.5514592],[-49.7059002,-27.5514423]]}},{"type":"Feature","properties":{"nome":"","tipo":"yes"},"geometry":{"type":"LineString","coordinates":[[-49.7094053,-27.555279],[-49.7095162,-27.5552806]]}},{"type":"Feature","properties":{"nome":"","tipo":"yes"},"geometry":{"type":"LineString","coordinates":[[-49.713518,-27.5588537],[-49.7135913,-27.5588021]]}},{"type":"Feature","properties":{"nome":"","tipo":"yes"},"geometry":{"type":"LineString","coordinates":[[-49.7146373,-27.5601762],[-49.7147562,-27.5601404]]}},{"type":"Feature","properties":{"nome":"","tipo":"yes"},"geometry":{"type":"LineString","coordinates":[[-49.7198619,-27.5713669],[-49.7199863,-27.5713323]]}},{"type":"Feature","properties":{"nome":"","tipo":"yes"},"geometry":{"type":"LineString","coordinates":[[-49.7047508,-27.529209],[-49.7047866,-27.5291406]]}},{"type":"Feature","properties":{"nome":"","tipo":"yes"},"geometry":{"type":"LineString","coordinates":[[-49.7277775,-27.5354305],[-49.7278114,-27.5353853]]}},{"type":"Feature","properties":{"nome":"","tipo":"yes"},"geometry":{"type":"LineString","coordinates":[[-49.7277616,-27.5345707],[-49.7277419,-27.5345046]]}},{"type":"Feature","properties":{"nome":"","tipo":"yes"},"geometry":{"type":"LineString","coordinates":[[-49.7194633,-27.5316889],[-49.7195785,-27.5316725]]}},{"type":"Feature","properties":{"nome":"Rua F\u00e9lix Zimermann","tipo":"yes"},"geometry":{"type":"LineString","coordinates":[[-49.7008032,-27.5285117],[-49.7009057,-27.5284275]]}},{"type":"Feature","properties":{"nome":"","tipo":"yes"},"geometry":{"type":"LineString","coordinates":[[-49.7523525,-27.5410269],[-49.7524086,-27.5410881]]}},{"type":"Feature","properties":{"nome":"","tipo":"yes"},"geometry":{"type":"LineString","coordinates":[[-49.7547789,-27.5461964],[-49.754673,-27.5462266]]}},{"type":"Feature","properties":{"nome":"","tipo":"yes"},"geometry":{"type":"LineString","coordinates":[[-49.754118,-27.5504963],[-49.7540958,-27.5505758]]}},{"type":"Feature","properties":{"nome":"","tipo":"yes"},"geometry":{"type":"LineString","coordinates":[[-49.7538621,-27.5474317],[-49.7539399,-27.5474854]]}},{"type":"Feature","properties":{"nome":"","tipo":"yes"},"geometry":{"type":"LineString","coordinates":[[-49.6320338,-27.4566951],[-49.632151,-27.4567452]]}},{"type":"Feature","properties":{"nome":"","tipo":"yes"},"geometry":{"type":"LineString","coordinates":[[-49.6327154,-27.4607281],[-49.6325912,-27.4607106]]}},{"type":"Feature","properties":{"nome":"","tipo":"yes"},"geometry":{"type":"LineString","coordinates":[[-49.6346841,-27.4732269],[-49.6345541,-27.4731022]]}},{"type":"Feature","properties":{"nome":"","tipo":"yes"},"geometry":{"type":"LineString","coordinates":[[-49.6322554,-27.4854134],[-49.6323507,-27.4854523]]}},{"type":"Feature","properties":{"nome":"","tipo":"yes"},"geometry":{"type":"LineString","coordinates":[[-49.6322156,-27.4879398],[-49.6320992,-27.4879956]]}},{"type":"Feature","properties":{"nome":"","tipo":"yes"},"geometry":{"type":"LineString","coordinates":[[-49.6348116,-27.4773333],[-49.6349086,-27.4773602]]}},{"type":"Feature","properties":{"nome":"","tipo":"yes"},"geometry":{"type":"LineString","coordinates":[[-49.6343774,-27.4686254],[-49.6344776,-27.4686478]]}},{"type":"Feature","properties":{"nome":"","tipo":"yes"},"geometry":{"type":"LineString","coordinates":[[-49.6345648,-27.4669267],[-49.6346744,-27.4668588]]}},{"type":"Feature","properties":{"nome":"","tipo":"yes"},"geometry":{"type":"LineString","coordinates":[[-49.6338974,-27.4636995],[-49.6339861,-27.4636764]]}},{"type":"Feature","properties":{"nome":"","tipo":"yes"},"geometry":{"type":"LineString","coordinates":[[-49.6344319,-27.4716952],[-49.6344697,-27.4717216],[-49.6345075,-27.4717499]]}},{"type":"Feature","properties":{"nome":"","tipo":"yes"},"geometry":{"type":"LineString","coordinates":[[-49.6027518,-27.5791331],[-49.6026499,-27.5792052]]}},{"type":"Feature","properties":{"nome":"","tipo":"yes"},"geometry":{"type":"LineString","coordinates":[[-49.6155204,-27.5867565],[-49.6153845,-27.5867331]]}},{"type":"Feature","properties":{"nome":"Rua Pascoal Pandini","tipo":"yes"},"geometry":{"type":"LineString","coordinates":[[-49.6511841,-27.0751756],[-49.6512272,-27.0752]]}},{"type":"Feature","properties":{"nome":"","tipo":"yes"},"geometry":{"type":"LineString","coordinates":[[-49.67078,-27.0778676],[-49.6707001,-27.0776968]]}},{"type":"Feature","properties":{"nome":"","tipo":"yes"},"geometry":{"type":"LineString","coordinates":[[-49.6725872,-27.0782214],[-49.6727286,-27.0781912]]}},{"type":"Feature","properties":{"nome":"Estrada Geral Ribeir\u00e3o do Ferro","tipo":"yes"},"geometry":{"type":"LineString","coordinates":[[-49.6841439,-27.0943607],[-49.6838562,-27.0943789]]}},{"type":"Feature","properties":{"nome":"","tipo":"yes"},"geometry":{"type":"LineString","coordinates":[[-49.6984632,-27.1034905],[-49.6985073,-27.1035505]]}},{"type":"Feature","properties":{"nome":"","tipo":"yes"},"geometry":{"type":"LineString","coordinates":[[-49.6752782,-27.0794458],[-49.6753223,-27.0793483]]}},{"type":"Feature","properties":{"nome":"Estrada Serra Jacutinga","tipo":"yes"},"geometry":{"type":"LineString","coordinates":[[-49.7404412,-27.1117481],[-49.7404102,-27.111878]]}},{"type":"Feature","properties":{"nome":"","tipo":"yes"},"geometry":{"type":"LineString","coordinates":[[-49.8428363,-27.4251866],[-49.8431025,-27.4250427]]}},{"type":"Feature","properties":{"nome":"","tipo":"yes"},"geometry":{"type":"LineString","coordinates":[[-49.9702373,-27.2394838],[-49.9701074,-27.2396536]]}},{"type":"Feature","properties":{"nome":"","tipo":"yes"},"geometry":{"type":"LineString","coordinates":[[-49.6289815,-27.2990111],[-49.6292638,-27.2991808]]}},{"type":"Feature","properties":{"nome":"","tipo":"yes"},"geometry":{"type":"LineString","coordinates":[[-49.61703,-27.2966943],[-49.6170353,-27.2965956]]}},{"type":"Feature","properties":{"nome":"","tipo":"yes"},"geometry":{"type":"LineString","coordinates":[[-49.61886,-27.4129634],[-49.6189016,-27.4127346]]}},{"type":"Feature","properties":{"nome":"","tipo":"yes"},"geometry":{"type":"LineString","coordinates":[[-49.9629347,-27.1930403],[-49.963053,-27.1929647]]}},{"type":"Feature","properties":{"nome":"Estrada Geral Ribeir\u00e3o Pinheiro","tipo":"yes"},"geometry":{"type":"LineString","coordinates":[[-49.9295968,-27.1497865],[-49.9293771,-27.1498919]]}},{"type":"Feature","properties":{"nome":"","tipo":"yes"},"geometry":{"type":"LineString","coordinates":[[-49.9382061,-27.1696156],[-49.9380611,-27.1695932]]}},{"type":"Feature","properties":{"nome":"","tipo":"yes"},"geometry":{"type":"LineString","coordinates":[[-49.9490087,-27.2023173],[-49.9491215,-27.2022977]]}},{"type":"Feature","properties":{"nome":"","tipo":"yes"},"geometry":{"type":"LineString","coordinates":[[-49.8011448,-27.3666103],[-49.8010643,-27.3665555]]}},{"type":"Feature","properties":{"nome":"","tipo":"yes"},"geometry":{"type":"LineString","coordinates":[[-49.7969404,-27.3723473],[-49.7969055,-27.3723008]]}},{"type":"Feature","properties":{"nome":"","tipo":"yes"},"geometry":{"type":"LineString","coordinates":[[-49.8350251,-27.3550927],[-49.8350251,-27.3550545]]}},{"type":"Feature","properties":{"nome":"","tipo":"yes"},"geometry":{"type":"LineString","coordinates":[[-49.6042712,-27.6685224],[-49.6043809,-27.6685099]]}},{"type":"Feature","properties":{"nome":"","tipo":"yes"},"geometry":{"type":"LineString","coordinates":[[-49.947689,-27.2897115],[-49.9476635,-27.2895808]]}},{"type":"Feature","properties":{"nome":"","tipo":"yes"},"geometry":{"type":"LineString","coordinates":[[-49.9625479,-27.3295895],[-49.9623899,-27.329486]]}},{"type":"Feature","properties":{"nome":"","tipo":"yes"},"geometry":{"type":"LineString","coordinates":[[-49.9522719,-27.2967749],[-49.9524274,-27.2968504]]}},{"type":"Feature","properties":{"nome":"","tipo":"yes"},"geometry":{"type":"LineString","coordinates":[[-49.9557427,-27.3196272],[-49.955935,-27.3195887]]}},{"type":"Feature","properties":{"nome":"","tipo":"yes"},"geometry":{"type":"LineString","coordinates":[[-49.9656607,-27.3247879],[-49.9655995,-27.3248649]]}},{"type":"Feature","properties":{"nome":"","tipo":"yes"},"geometry":{"type":"LineString","coordinates":[[-49.9611975,-27.1429441],[-49.9612619,-27.1428928]]}},{"type":"Feature","properties":{"nome":"Estrada Geral Pinhalzinho","tipo":"yes"},"geometry":{"type":"LineString","coordinates":[[-50.1344804,-27.2093049],[-50.13434,-27.2093589]]}},{"type":"Feature","properties":{"nome":"","tipo":"yes"},"geometry":{"type":"LineString","coordinates":[[-49.9690658,-27.1559735],[-49.9689925,-27.155993]]}},{"type":"Feature","properties":{"nome":"","tipo":"yes"},"geometry":{"type":"LineString","coordinates":[[-49.9241247,-27.1336954],[-49.9241421,-27.1336255]]}},{"type":"Feature","properties":{"nome":"","tipo":"yes"},"geometry":{"type":"LineString","coordinates":[[-49.9254021,-27.1503272],[-49.925597,-27.1505281]]}},{"type":"Feature","properties":{"nome":"","tipo":"yes"},"geometry":{"type":"LineString","coordinates":[[-50.0417448,-27.27892],[-50.0416329,-27.2789791]]}},{"type":"Feature","properties":{"nome":"","tipo":"yes"},"geometry":{"type":"LineString","coordinates":[[-50.0391358,-27.2629164],[-50.0390205,-27.2628556]]}},{"type":"Feature","properties":{"nome":"","tipo":"yes"},"geometry":{"type":"LineString","coordinates":[[-49.7672349,-27.1853212],[-49.767188,-27.1852413]]}},{"type":"Feature","properties":{"nome":"","tipo":"yes"},"geometry":{"type":"LineString","coordinates":[[-49.767581,-27.19222],[-49.7674569,-27.1922558]]}},{"type":"Feature","properties":{"nome":"Rodovia Ingo Hering","tipo":"yes"},"geometry":{"type":"LineString","coordinates":[[-50.0318912,-27.2540239],[-50.0321446,-27.2540752]]}},{"type":"Feature","properties":{"nome":"","tipo":"yes"},"geometry":{"type":"LineString","coordinates":[[-50.0860403,-27.1829323],[-50.0859722,-27.1829785]]}},{"type":"Feature","properties":{"nome":"","tipo":"yes"},"geometry":{"type":"LineString","coordinates":[[-50.0739765,-27.1823074],[-50.0738744,-27.1823009]]}},{"type":"Feature","properties":{"nome":"","tipo":"yes"},"geometry":{"type":"LineString","coordinates":[[-50.0435345,-27.21918],[-50.0434193,-27.2191925]]}},{"type":"Feature","properties":{"nome":"","tipo":"yes"},"geometry":{"type":"LineString","coordinates":[[-49.8824318,-27.4881],[-49.8825002,-27.4880406]]}},{"type":"Feature","properties":{"nome":"","tipo":"yes"},"geometry":{"type":"LineString","coordinates":[[-49.885851,-27.4909494],[-49.8859388,-27.4909791]]}},{"type":"Feature","properties":{"nome":"","tipo":"yes"},"geometry":{"type":"LineString","coordinates":[[-49.8715232,-27.2403877],[-49.8716359,-27.2402935]]}},{"type":"Feature","properties":{"nome":"","tipo":"yes"},"geometry":{"type":"LineString","coordinates":[[-50.0493327,-27.2985272],[-50.0494382,-27.2984801]]}},{"type":"Feature","properties":{"nome":"Rua Guilherme Jansen","tipo":"yes"},"geometry":{"type":"LineString","coordinates":[[-49.8399027,-27.4244891],[-49.8397028,-27.4245355]]}},{"type":"Feature","properties":{"nome":"Rua Arthur Feldmann","tipo":"yes"},"geometry":{"type":"LineString","coordinates":[[-49.8190135,-27.4062473],[-49.818925,-27.4062306]]}},{"type":"Feature","properties":{"nome":"","tipo":"yes"},"geometry":{"type":"LineString","coordinates":[[-49.8465841,-27.428709],[-49.84669,-27.4287078]]}},{"type":"Feature","properties":{"nome":"","tipo":"yes"},"geometry":{"type":"LineString","coordinates":[[-49.8463608,-27.4299932],[-49.8465029,-27.4299337]]}},{"type":"Feature","properties":{"nome":"","tipo":"yes"},"geometry":{"type":"LineString","coordinates":[[-49.8183035,-27.4135013],[-49.8181843,-27.413499]]}},{"type":"Feature","properties":{"nome":"Avenida Eduardo Will","tipo":"yes"},"geometry":{"type":"LineString","coordinates":[[-49.828837,-27.3963215],[-49.8291421,-27.396326]]}},{"type":"Feature","properties":{"nome":"Avenida Eduardo Will","tipo":"yes"},"geometry":{"type":"LineString","coordinates":[[-49.8337543,-27.3963621],[-49.8340948,-27.3963623]]}},{"type":"Feature","properties":{"nome":"","tipo":"yes"},"geometry":{"type":"LineString","coordinates":[[-49.9763571,-27.2447409],[-49.9763435,-27.2446002]]}},{"type":"Feature","properties":{"nome":"","tipo":"yes"},"geometry":{"type":"LineString","coordinates":[[-49.6987461,-27.5303282],[-49.6986388,-27.5300642]]}},{"type":"Feature","properties":{"nome":"","tipo":"yes"},"geometry":{"type":"LineString","coordinates":[[-49.6822491,-27.1931563],[-49.6823993,-27.1929786]]}},{"type":"Feature","properties":{"nome":"","tipo":"yes"},"geometry":{"type":"LineString","coordinates":[[-49.9471124,-27.1991182],[-49.9470314,-27.1991694]]}},{"type":"Feature","properties":{"nome":"","tipo":"yes"},"geometry":{"type":"LineString","coordinates":[[-49.9317804,-27.2740932],[-49.9316139,-27.2740725]]}},{"type":"Feature","properties":{"nome":"","tipo":"yes"},"geometry":{"type":"LineString","coordinates":[[-49.7873722,-27.2989716],[-49.7875433,-27.2987487]]}},{"type":"Feature","properties":{"nome":"Elevado Deputado Jos\u00e9 Thom\u00e9","tipo":"viaduct"},"geometry":{"type":"LineString","coordinates":[[-49.6510634,-27.2106499],[-49.6493334,-27.2106461]]}},{"type":"Feature","properties":{"nome":"","tipo":"yes"},"geometry":{"type":"LineString","coordinates":[[-49.743492,-27.5946559],[-49.7433338,-27.5946511]]}},{"type":"Feature","properties":{"nome":"","tipo":"yes"},"geometry":{"type":"LineString","coordinates":[[-50.0461894,-27.2088764],[-50.0464613,-27.208891]]}},{"type":"Feature","properties":{"nome":"Estrada Geral Pinhalzinho","tipo":"yes"},"geometry":{"type":"LineString","coordinates":[[-50.218589,-27.1995523],[-50.2184442,-27.1994354]]}},{"type":"Feature","properties":{"nome":"","tipo":"yes"},"geometry":{"type":"LineString","coordinates":[[-50.1308405,-27.2485324],[-50.1308271,-27.2484132]]}},{"type":"Feature","properties":{"nome":"","tipo":"yes"},"geometry":{"type":"LineString","coordinates":[[-50.130052,-27.2432839],[-50.1301485,-27.2433698]]}},{"type":"Feature","properties":{"nome":"","tipo":"yes"},"geometry":{"type":"LineString","coordinates":[[-50.1349846,-27.2324045],[-50.1348451,-27.2324951]]}},{"type":"Feature","properties":{"nome":"","tipo":"yes"},"geometry":{"type":"LineString","coordinates":[[-50.1346117,-27.2291299],[-50.1347782,-27.229107]]}},{"type":"Feature","properties":{"nome":"","tipo":"yes"},"geometry":{"type":"LineString","coordinates":[[-50.1554954,-27.2404365],[-50.1556161,-27.2404473]]}},{"type":"Feature","properties":{"nome":"","tipo":"yes"},"geometry":{"type":"LineString","coordinates":[[-50.1457201,-27.232978],[-50.145822,-27.2330555]]}},{"type":"Feature","properties":{"nome":"Ponte Jo\u00e3o Batista dos Santos","tipo":"yes"},"geometry":{"type":"LineString","coordinates":[[-50.0608296,-27.2601351],[-50.0610267,-27.2600791]]}},{"type":"Feature","properties":{"nome":"","tipo":"yes"},"geometry":{"type":"LineString","coordinates":[[-50.0573131,-27.2462051],[-50.0574687,-27.2461145]]}},{"type":"Feature","properties":{"nome":"","tipo":"yes"},"geometry":{"type":"LineString","coordinates":[[-50.2824095,-27.0802033],[-50.28227,-27.0802534]]}},{"type":"Feature","properties":{"nome":"","tipo":"yes"},"geometry":{"type":"LineString","coordinates":[[-50.1686917,-27.0772464],[-50.1687658,-27.077352]]}},{"type":"Feature","properties":{"nome":"","tipo":"yes"},"geometry":{"type":"LineString","coordinates":[[-50.0936718,-27.1403293],[-50.0936812,-27.1402338]]}},{"type":"Feature","properties":{"nome":"","tipo":"yes"},"geometry":{"type":"LineString","coordinates":[[-49.6907372,-27.2439252],[-49.690798,-27.2439048]]}},{"type":"Feature","properties":{"nome":"","tipo":"viaduct"},"geometry":{"type":"LineString","coordinates":[[-49.6493298,-27.2106192],[-49.64961,-27.2105635],[-49.6496843,-27.2105385],[-49.649757,-27.210512],[-49.6498564,-27.2104673],[-49.6499686,-27.2104029],[-49.6500503,-27.2103373],[-49.6500918,-27.2102902],[-49.6501336,-27.2102221],[-49.6501575,-27.2101534],[-49.6501693,-27.2100934],[-49.6501727,-27.2100517],[-49.6501726,-27.2099626],[-49.6502028,-27.2098679]]}},{"type":"Feature","properties":{"nome":"","tipo":"yes"},"geometry":{"type":"LineString","coordinates":[[-49.6453113,-27.2112413],[-49.6454338,-27.2112394],[-49.6455541,-27.2112514],[-49.6456674,-27.2112485],[-49.645801,-27.2112293],[-49.6460552,-27.2111449]]}},{"type":"Feature","properties":{"nome":"","tipo":"viaduct"},"geometry":{"type":"LineString","coordinates":[[-49.6493298,-27.2106192],[-49.6489614,-27.2106239],[-49.6488205,-27.2106237],[-49.6487308,-27.2106201],[-49.6486297,-27.2106139],[-49.6477342,-27.2105031],[-49.6476182,-27.2104971],[-49.6475206,-27.2104964],[-49.6473874,-27.2105115],[-49.6472445,-27.2105523],[-49.647147,-27.2105876],[-49.6470055,-27.2106512],[-49.6460552,-27.2111449]]}},{"type":"Feature","properties":{"nome":"Rua Harling Ern","tipo":"yes"},"geometry":{"type":"LineString","coordinates":[[-49.9960505,-27.1138895],[-49.9960692,-27.1144279]]}},{"type":"Feature","properties":{"nome":"Rodovia Prefeito Affonso Rohden","tipo":"yes"},"geometry":{"type":"LineString","coordinates":[[-50.0099277,-27.0952621],[-50.0100875,-27.0950686]]}},{"type":"Feature","properties":{"nome":"","tipo":"yes"},"geometry":{"type":"LineString","coordinates":[[-49.6733431,-27.1357305],[-49.673418,-27.135739]]}},{"type":"Feature","properties":{"nome":"","tipo":"yes"},"geometry":{"type":"LineString","coordinates":[[-49.9305466,-27.2702894],[-49.930222,-27.2701726]]}},{"type":"Feature","properties":{"nome":"","tipo":"yes"},"geometry":{"type":"LineString","coordinates":[[-49.6185949,-27.1480327],[-49.6183535,-27.1480327]]}},{"type":"Feature","properties":{"nome":"","tipo":"yes"},"geometry":{"type":"LineString","coordinates":[[-49.6196196,-27.1466842],[-49.6194506,-27.1466794]]}},{"type":"Feature","properties":{"nome":"","tipo":"yes"},"geometry":{"type":"LineString","coordinates":[[-49.623549,-27.1360126],[-49.6233827,-27.1360555]]}},{"type":"Feature","properties":{"nome":"Rua Henrique Barg","tipo":"yes"},"geometry":{"type":"LineString","coordinates":[[-49.8308784,-27.4094109],[-49.8307603,-27.40941]]}},{"type":"Feature","properties":{"nome":"Rua Bruno Prochnow","tipo":"yes"},"geometry":{"type":"LineString","coordinates":[[-49.8283171,-27.4141042],[-49.8281481,-27.4141017]]}},{"type":"Feature","properties":{"nome":"Rua Herc\u00edlio Luz","tipo":"yes"},"geometry":{"type":"LineString","coordinates":[[-49.8213916,-27.4046853],[-49.8212802,-27.4046895]]}},{"type":"Feature","properties":{"nome":"","tipo":"yes"},"geometry":{"type":"LineString","coordinates":[[-49.6164894,-27.556775],[-49.6165354,-27.5569252]]}},{"type":"Feature","properties":{"nome":"","tipo":"yes"},"geometry":{"type":"LineString","coordinates":[[-49.8954579,-27.5164476],[-49.895529,-27.5164963]]}},{"type":"Feature","properties":{"nome":"","tipo":"yes"},"geometry":{"type":"LineString","coordinates":[[-50.1930316,-27.1984752],[-50.1932609,-27.1981985]]}},{"type":"Feature","properties":{"nome":"","tipo":"yes"},"geometry":{"type":"LineString","coordinates":[[-50.2343953,-27.1995785],[-50.2342826,-27.1996716]]}},{"type":"Feature","properties":{"nome":"","tipo":"yes"},"geometry":{"type":"LineString","coordinates":[[-50.1348183,-27.2528806],[-50.1346761,-27.2528675]]}},{"type":"Feature","properties":{"nome":"","tipo":"yes"},"geometry":{"type":"LineString","coordinates":[[-49.9724534,-27.3367619],[-49.9726251,-27.3366809]]}},{"type":"Feature","properties":{"nome":"","tipo":"yes"},"geometry":{"type":"LineString","coordinates":[[-49.9039122,-27.3493965],[-49.9039122,-27.3492774]]}},{"type":"Feature","properties":{"nome":"","tipo":"yes"},"geometry":{"type":"LineString","coordinates":[[-49.9483028,-27.3510046],[-49.9482089,-27.3509665]]}},{"type":"Feature","properties":{"nome":"","tipo":"yes"},"geometry":{"type":"LineString","coordinates":[[-49.6254511,-27.5271572],[-49.6253192,-27.527116]]}},{"type":"Feature","properties":{"nome":"","tipo":"yes"},"geometry":{"type":"LineString","coordinates":[[-49.6123226,-27.512569],[-49.612395,-27.512425]]}},{"type":"Feature","properties":{"nome":"","tipo":"yes"},"geometry":{"type":"LineString","coordinates":[[-49.6244743,-27.5288654],[-49.6245427,-27.5289772]]}},{"type":"Feature","properties":{"nome":"","tipo":"yes"},"geometry":{"type":"LineString","coordinates":[[-49.6104585,-27.5090541],[-49.610563,-27.509151]]}},{"type":"Feature","properties":{"nome":"","tipo":"yes"},"geometry":{"type":"LineString","coordinates":[[-49.6486008,-27.5051716],[-49.6486565,-27.5052792]]}},{"type":"Feature","properties":{"nome":"","tipo":"yes"},"geometry":{"type":"LineString","coordinates":[[-49.63891,-27.4996295],[-49.6390361,-27.4995968]]}},{"type":"Feature","properties":{"nome":"","tipo":"yes"},"geometry":{"type":"LineString","coordinates":[[-49.6385854,-27.4943238],[-49.6384648,-27.4942465]]}},{"type":"Feature","properties":{"nome":"","tipo":"yes"},"geometry":{"type":"LineString","coordinates":[[-49.6748893,-27.5467807],[-49.6749108,-27.5466702]]}},{"type":"Feature","properties":{"nome":"","tipo":"yes"},"geometry":{"type":"LineString","coordinates":[[-49.7540372,-27.5471551],[-49.7540379,-27.5472824]]}},{"type":"Feature","properties":{"nome":"","tipo":"yes"},"geometry":{"type":"LineString","coordinates":[[-49.7359742,-27.49894],[-49.7361456,-27.4989882]]}},{"type":"Feature","properties":{"nome":"","tipo":"yes"},"geometry":{"type":"LineString","coordinates":[[-49.7075109,-27.4787896],[-49.7073606,-27.4788396]]}},{"type":"Feature","properties":{"nome":"","tipo":"yes"},"geometry":{"type":"LineString","coordinates":[[-49.7240385,-27.475713],[-49.7239046,-27.4757452]]}},{"type":"Feature","properties":{"nome":"","tipo":"yes"},"geometry":{"type":"LineString","coordinates":[[-49.7001473,-27.4761268],[-49.7002904,-27.4761302]]}},{"type":"Feature","properties":{"nome":"","tipo":"yes"},"geometry":{"type":"LineString","coordinates":[[-49.6832255,-27.4777855],[-49.6832088,-27.477639]]}},{"type":"Feature","properties":{"nome":"","tipo":"yes"},"geometry":{"type":"LineString","coordinates":[[-49.6560654,-27.4463651],[-49.6559876,-27.4462842]]}},{"type":"Feature","properties":{"nome":"","tipo":"yes"},"geometry":{"type":"LineString","coordinates":[[-49.6407259,-27.4450964],[-49.6408774,-27.4451119]]}},{"type":"Feature","properties":{"nome":"","tipo":"yes"},"geometry":{"type":"LineString","coordinates":[[-49.6514654,-27.4494167],[-49.6516103,-27.4493928]]}},{"type":"Feature","properties":{"nome":"","tipo":"yes"},"geometry":{"type":"LineString","coordinates":[[-49.7827904,-27.5119581],[-49.7828278,-27.5121321]]}},{"type":"Feature","properties":{"nome":"","tipo":"yes"},"geometry":{"type":"LineString","coordinates":[[-49.7908321,-27.489423],[-49.7907087,-27.4893967]]}},{"type":"Feature","properties":{"nome":"","tipo":"yes"},"geometry":{"type":"LineString","coordinates":[[-49.7975922,-27.5660913],[-49.7974182,-27.5660619]]}},{"type":"Feature","properties":{"nome":"","tipo":"yes"},"geometry":{"type":"LineString","coordinates":[[-49.8122761,-27.5568279],[-49.8121315,-27.5568177]]}},{"type":"Feature","properties":{"nome":"","tipo":"yes"},"geometry":{"type":"LineString","coordinates":[[-49.8631487,-27.5236266],[-49.8630961,-27.5235063]]}},{"type":"Feature","properties":{"nome":"","tipo":"yes"},"geometry":{"type":"LineString","coordinates":[[-49.8742175,-27.4972705],[-49.8740941,-27.4972956]]}},{"type":"Feature","properties":{"nome":"Rua Ricardo Maas","tipo":"yes"},"geometry":{"type":"LineString","coordinates":[[-49.8350385,-27.4273163],[-49.8349157,-27.4273144]]}},{"type":"Feature","properties":{"nome":"Rua Presidente Get\u00falio Vargas","tipo":"yes"},"geometry":{"type":"LineString","coordinates":[[-49.8320813,-27.4230309],[-49.8319714,-27.4230595]]}},{"type":"Feature","properties":{"nome":"Rua das Paineiras","tipo":"yes"},"geometry":{"type":"LineString","coordinates":[[-49.8306343,-27.4213167],[-49.8305632,-27.4213298]]}},{"type":"Feature","properties":{"nome":"Rua Wilhelm Doering","tipo":"yes"},"geometry":{"type":"LineString","coordinates":[[-49.8303499,-27.4193024],[-49.83024,-27.4193015]]}},{"type":"Feature","properties":{"nome":"Rua dos Pioneiros","tipo":"yes"},"geometry":{"type":"LineString","coordinates":[[-49.8298327,-27.4122895],[-49.8299339,-27.4123573]]}},{"type":"Feature","properties":{"nome":"Rua Leopoldo Koch","tipo":"yes"},"geometry":{"type":"LineString","coordinates":[[-49.8297894,-27.4109425],[-49.8299505,-27.4109339]]}},{"type":"Feature","properties":{"nome":"Rua Castelo Branco","tipo":"yes"},"geometry":{"type":"LineString","coordinates":[[-49.8303809,-27.4074905],[-49.8302467,-27.4074895]]}},{"type":"Feature","properties":{"nome":"Rua Oscar Freisleben","tipo":"yes"},"geometry":{"type":"LineString","coordinates":[[-49.83156,-27.4050832],[-49.8316682,-27.405093]]}},{"type":"Feature","properties":{"nome":"","tipo":"yes"},"geometry":{"type":"LineString","coordinates":[[-49.8185281,-27.4100773],[-49.818626,-27.410113]]}},{"type":"Feature","properties":{"nome":"Rua Alfredo Hvizdaleck","tipo":"yes"},"geometry":{"type":"LineString","coordinates":[[-49.8233186,-27.4008924],[-49.8232153,-27.4008911]]}},{"type":"Feature","properties":{"nome":"","tipo":"yes"},"geometry":{"type":"LineString","coordinates":[[-49.8246537,-27.3904731],[-49.8245041,-27.3904673]]}},{"type":"Feature","properties":{"nome":"Rua Valdir Sandrini","tipo":"yes"},"geometry":{"type":"LineString","coordinates":[[-49.825058,-27.3897004],[-49.8249601,-27.3896659]]}},{"type":"Feature","properties":{"nome":"Rua dos Pioneiros","tipo":"yes"},"geometry":{"type":"LineString","coordinates":[[-49.8260933,-27.3876464],[-49.8260437,-27.3875392]]}},{"type":"Feature","properties":{"nome":"","tipo":"yes"},"geometry":{"type":"LineString","coordinates":[[-49.7835012,-27.3816709],[-49.7835106,-27.3815851]]}},{"type":"Feature","properties":{"nome":"","tipo":"yes"},"geometry":{"type":"LineString","coordinates":[[-49.8007075,-27.3638817],[-49.8006056,-27.3638793]]}},{"type":"Feature","properties":{"nome":"","tipo":"yes"},"geometry":{"type":"LineString","coordinates":[[-49.9068305,-27.416793],[-49.9068654,-27.4166192]]}},{"type":"Feature","properties":{"nome":"","tipo":"yes"},"geometry":{"type":"LineString","coordinates":[[-49.9067178,-27.4173716],[-49.90675,-27.4172049]]}},{"type":"Feature","properties":{"nome":"","tipo":"yes"},"geometry":{"type":"LineString","coordinates":[[-49.9023349,-27.4041035],[-49.9022198,-27.404028]]}},{"type":"Feature","properties":{"nome":"","tipo":"yes"},"geometry":{"type":"LineString","coordinates":[[-49.8873107,-27.3828212],[-49.887296,-27.3827664]]}},{"type":"Feature","properties":{"nome":"","tipo":"yes"},"geometry":{"type":"LineString","coordinates":[[-49.9404677,-27.3909824],[-49.940519,-27.3910886]]}},{"type":"Feature","properties":{"nome":"Estrada Ribeir\u00e3o Conc\u00f3rdia","tipo":"yes"},"geometry":{"type":"LineString","coordinates":[[-49.9096119,-27.3540016],[-49.9095207,-27.3539706]]}},{"type":"Feature","properties":{"nome":"Estrada Ribeir\u00e3o Conc\u00f3rdia","tipo":"yes"},"geometry":{"type":"LineString","coordinates":[[-49.9075735,-27.3523292],[-49.9074528,-27.3522982]]}},{"type":"Feature","properties":{"nome":"Estrada Ribeir\u00e3o Conc\u00f3rdia","tipo":"yes"},"geometry":{"type":"LineString","coordinates":[[-49.8831102,-27.3372969],[-49.8832011,-27.3371621]]}},{"type":"Feature","properties":{"nome":"","tipo":"yes"},"geometry":{"type":"LineString","coordinates":[[-49.9281862,-27.3312459],[-49.9282077,-27.3313865]]}},{"type":"Feature","properties":{"nome":"","tipo":"yes"},"geometry":{"type":"LineString","coordinates":[[-49.9205802,-27.3278105],[-49.9207217,-27.3278599]]}},{"type":"Feature","properties":{"nome":"","tipo":"yes"},"geometry":{"type":"LineString","coordinates":[[-49.9163979,-27.3272976],[-49.9165428,-27.327269]]}},{"type":"Feature","properties":{"nome":"","tipo":"yes"},"geometry":{"type":"LineString","coordinates":[[-49.9130559,-27.3273166],[-49.9129663,-27.3272594]]}},{"type":"Feature","properties":{"nome":"","tipo":"yes"},"geometry":{"type":"LineString","coordinates":[[-49.8979941,-27.3307206],[-49.8979309,-27.3307813]]}},{"type":"Feature","properties":{"nome":"","tipo":"yes"},"geometry":{"type":"LineString","coordinates":[[-49.8877353,-27.3216462],[-49.8876983,-27.3218025]]}},{"type":"Feature","properties":{"nome":"","tipo":"yes"},"geometry":{"type":"LineString","coordinates":[[-49.8866329,-27.3166838],[-49.8865503,-27.3165884]]}},{"type":"Feature","properties":{"nome":"","tipo":"yes"},"geometry":{"type":"LineString","coordinates":[[-49.8800061,-27.3174681],[-49.8801485,-27.3175065]]}},{"type":"Feature","properties":{"nome":"","tipo":"yes"},"geometry":{"type":"LineString","coordinates":[[-49.8699739,-27.3213306],[-49.8699692,-27.3211375]]}},{"type":"Feature","properties":{"nome":"","tipo":"yes"},"geometry":{"type":"LineString","coordinates":[[-49.8635043,-27.320332],[-49.8635477,-27.3204287]]}},{"type":"Feature","properties":{"nome":"","tipo":"yes"},"geometry":{"type":"LineString","coordinates":[[-49.8574111,-27.3410963],[-49.857274,-27.3411698]]}},{"type":"Feature","properties":{"nome":"Estrada Geral Alto Dona Lu\u00edza","tipo":"yes"},"geometry":{"type":"LineString","coordinates":[[-49.8073152,-27.466158],[-49.8074058,-27.4662559]]}},{"type":"Feature","properties":{"nome":"","tipo":"yes"},"geometry":{"type":"LineString","coordinates":[[-49.8034877,-27.4538795],[-49.8033589,-27.4538819]]}},{"type":"Feature","properties":{"nome":"Estrada Geral Alto Dona Lu\u00edza","tipo":"yes"},"geometry":{"type":"LineString","coordinates":[[-49.8010231,-27.4515583],[-49.800858,-27.45157]]}},{"type":"Feature","properties":{"nome":"Estrada Geral Alto Dona Lu\u00edza","tipo":"yes"},"geometry":{"type":"LineString","coordinates":[[-49.7888329,-27.4309128],[-49.78874,-27.4309337]]}},{"type":"Feature","properties":{"nome":"","tipo":"yes"},"geometry":{"type":"LineString","coordinates":[[-49.7872455,-27.4259585],[-49.7873529,-27.4259895]]}},{"type":"Feature","properties":{"nome":"","tipo":"yes"},"geometry":{"type":"LineString","coordinates":[[-49.7855823,-27.4201095],[-49.7854797,-27.4201804]]}},{"type":"Feature","properties":{"nome":"","tipo":"yes"},"geometry":{"type":"LineString","coordinates":[[-49.7830908,-27.4184387],[-49.7830839,-27.4182882]]}},{"type":"Feature","properties":{"nome":"Estrada Geral Santo Ant\u00f4nio - Travessa Alto Dona Lu\u00edza","tipo":"yes"},"geometry":{"type":"LineString","coordinates":[[-49.7806595,-27.4499074],[-49.7807641,-27.4499479]]}},{"type":"Feature","properties":{"nome":"","tipo":"yes"},"geometry":{"type":"LineString","coordinates":[[-49.7820434,-27.4441776],[-49.7821507,-27.4441705]]}},{"type":"Feature","properties":{"nome":"","tipo":"yes"},"geometry":{"type":"LineString","coordinates":[[-49.7788837,-27.4331298],[-49.7789589,-27.4331798]]}},{"type":"Feature","properties":{"nome":"Rua 3 de Maio","tipo":"yes"},"geometry":{"type":"LineString","coordinates":[[-49.7803456,-27.422819],[-49.7802812,-27.4227892]]}},{"type":"Feature","properties":{"nome":"Rua S\u00e3o Jos\u00e9","tipo":"yes"},"geometry":{"type":"LineString","coordinates":[[-49.7807035,-27.4207416],[-49.780572,-27.4208605]]}},{"type":"Feature","properties":{"nome":"Rua Filemonn Zimmermann","tipo":"yes"},"geometry":{"type":"LineString","coordinates":[[-49.780708,-27.4192461],[-49.7808451,-27.4191172]]}},{"type":"Feature","properties":{"nome":"","tipo":"yes"},"geometry":{"type":"LineString","coordinates":[[-49.761267,-27.4489286],[-49.7612362,-27.4488632]]}},{"type":"Feature","properties":{"nome":"","tipo":"yes"},"geometry":{"type":"LineString","coordinates":[[-49.7612161,-27.4469888],[-49.7613555,-27.4469982]]}},{"type":"Feature","properties":{"nome":"","tipo":"yes"},"geometry":{"type":"LineString","coordinates":[[-49.7610444,-27.4446537],[-49.7611007,-27.4447179]]}},{"type":"Feature","properties":{"nome":"Estrada Geral S\u00e3o Jo\u00e3o","tipo":"yes"},"geometry":{"type":"LineString","coordinates":[[-49.7610431,-27.4431469],[-49.7610658,-27.4430683]]}},{"type":"Feature","properties":{"nome":"","tipo":"yes"},"geometry":{"type":"LineString","coordinates":[[-49.7611678,-27.4397977],[-49.7610632,-27.4398024]]}},{"type":"Feature","properties":{"nome":"Estrada Geral S\u00e3o Jo\u00e3o","tipo":"yes"},"geometry":{"type":"LineString","coordinates":[[-49.7634517,-27.4360946],[-49.7633725,-27.4360293]]}},{"type":"Feature","properties":{"nome":"","tipo":"yes"},"geometry":{"type":"LineString","coordinates":[[-49.7710169,-27.425595],[-49.7709042,-27.4255736]]}},{"type":"Feature","properties":{"nome":"Rua Adolfo Becker","tipo":"yes"},"geometry":{"type":"LineString","coordinates":[[-49.7753352,-27.422335],[-49.7753728,-27.4223754]]}},{"type":"Feature","properties":{"nome":"Rua XV de Novembro","tipo":"yes"},"geometry":{"type":"LineString","coordinates":[[-49.7801819,-27.4179644],[-49.7803643,-27.4181168]]}},{"type":"Feature","properties":{"nome":"Rua XV de Novembro","tipo":"yes"},"geometry":{"type":"LineString","coordinates":[[-49.7794041,-27.4172977],[-49.7795087,-27.4173906]]}},{"type":"Feature","properties":{"nome":"Estrada Geral Alto Serrinha","tipo":"yes"},"geometry":{"type":"LineString","coordinates":[[-49.765802,-27.4095039],[-49.7657584,-27.4096202]]}},{"type":"Feature","properties":{"nome":"Estrada Geral Alto Serrinha - Dona Lu\u00edza","tipo":"yes"},"geometry":{"type":"LineString","coordinates":[[-49.7502753,-27.4048686],[-49.7502521,-27.4049944]]}},{"type":"Feature","properties":{"nome":"Estrada Geral Rio Ca\u00e7ador","tipo":"yes"},"geometry":{"type":"LineString","coordinates":[[-49.7473005,-27.4401406],[-49.74729,-27.4402571]]}},{"type":"Feature","properties":{"nome":"","tipo":"yes"},"geometry":{"type":"LineString","coordinates":[[-49.7467804,-27.4368673],[-49.7466919,-27.4367958]]}},{"type":"Feature","properties":{"nome":"","tipo":"yes"},"geometry":{"type":"LineString","coordinates":[[-49.7450531,-27.4346939],[-49.7449847,-27.4346856]]}},{"type":"Feature","properties":{"nome":"Estrada Geral Rio Ca\u00e7ador","tipo":"yes"},"geometry":{"type":"LineString","coordinates":[[-49.7451106,-27.4328285],[-49.7449555,-27.4328072]]}},{"type":"Feature","properties":{"nome":"Estrada Geral Rio Ca\u00e7ador","tipo":"yes"},"geometry":{"type":"LineString","coordinates":[[-49.7457752,-27.4257157],[-49.7457417,-27.4255895]]}},{"type":"Feature","properties":{"nome":"","tipo":"yes"},"geometry":{"type":"LineString","coordinates":[[-49.7429078,-27.4128077],[-49.7430146,-27.4127358]]}},{"type":"Feature","properties":{"nome":"","tipo":"yes"},"geometry":{"type":"LineString","coordinates":[[-49.7432104,-27.4123739],[-49.7431219,-27.4122786]]}},{"type":"Feature","properties":{"nome":"","tipo":"yes"},"geometry":{"type":"LineString","coordinates":[[-49.7272942,-27.4017825],[-49.7273699,-27.401686]]}},{"type":"Feature","properties":{"nome":"","tipo":"yes"},"geometry":{"type":"LineString","coordinates":[[-49.7218761,-27.3971234],[-49.7217769,-27.3969841]]}},{"type":"Feature","properties":{"nome":"","tipo":"yes"},"geometry":{"type":"LineString","coordinates":[[-49.7179977,-27.4005871],[-49.7179922,-27.4004609]]}},{"type":"Feature","properties":{"nome":"","tipo":"yes"},"geometry":{"type":"LineString","coordinates":[[-49.7094977,-27.399737],[-49.7094896,-27.3998751]]}},{"type":"Feature","properties":{"nome":"Estrada Geral Dona Luiza","tipo":"yes"},"geometry":{"type":"LineString","coordinates":[[-49.6993884,-27.3992083],[-49.6994771,-27.3990757]]}},{"type":"Feature","properties":{"nome":"","tipo":"yes"},"geometry":{"type":"LineString","coordinates":[[-49.6930248,-27.3987285],[-49.6930276,-27.3986083]]}},{"type":"Feature","properties":{"nome":"","tipo":"yes"},"geometry":{"type":"LineString","coordinates":[[-49.6887025,-27.4008598],[-49.6887883,-27.4009646]]}},{"type":"Feature","properties":{"nome":"","tipo":"yes"},"geometry":{"type":"LineString","coordinates":[[-49.6846408,-27.4030361],[-49.6845312,-27.4029174]]}},{"type":"Feature","properties":{"nome":"","tipo":"yes"},"geometry":{"type":"LineString","coordinates":[[-49.6712751,-27.4031819],[-49.6713406,-27.4032946]]}},{"type":"Feature","properties":{"nome":"Estrada Geral Ribeir\u00e3o Matilde","tipo":"yes"},"geometry":{"type":"LineString","coordinates":[[-49.7240165,-27.444756],[-49.7240138,-27.4446418]]}},{"type":"Feature","properties":{"nome":"","tipo":"yes"},"geometry":{"type":"LineString","coordinates":[[-49.7220531,-27.442866],[-49.7219726,-27.4429755]]}},{"type":"Feature","properties":{"nome":"","tipo":"yes"},"geometry":{"type":"LineString","coordinates":[[-49.7203673,-27.4411676],[-49.7202855,-27.441164]]}},{"type":"Feature","properties":{"nome":"","tipo":"yes"},"geometry":{"type":"LineString","coordinates":[[-49.7205752,-27.4412926],[-49.7205484,-27.4413902]]}},{"type":"Feature","properties":{"nome":"","tipo":"yes"},"geometry":{"type":"LineString","coordinates":[[-49.7165385,-27.4391192],[-49.7164875,-27.4392216]]}},{"type":"Feature","properties":{"nome":"Estrada Geral Ribeir\u00e3o Matilde","tipo":"yes"},"geometry":{"type":"LineString","coordinates":[[-49.7064832,-27.4321794],[-49.7063407,-27.432318]]}},{"type":"Feature","properties":{"nome":"","tipo":"yes"},"geometry":{"type":"LineString","coordinates":[[-49.7049058,-27.4322395],[-49.7048038,-27.432299]]}},{"type":"Feature","properties":{"nome":"","tipo":"yes"},"geometry":{"type":"LineString","coordinates":[[-49.7036793,-27.4317306],[-49.7036183,-27.4318026]]}},{"type":"Feature","properties":{"nome":"","tipo":"yes"},"geometry":{"type":"LineString","coordinates":[[-49.6945229,-27.4279829],[-49.6945015,-27.4281352]]}},{"type":"Feature","properties":{"nome":"Estrada Geral Ribeir\u00e3o Matilde","tipo":"yes"},"geometry":{"type":"LineString","coordinates":[[-49.6934876,-27.4235094],[-49.693383,-27.4234285]]}},{"type":"Feature","properties":{"nome":"","tipo":"yes"},"geometry":{"type":"LineString","coordinates":[[-49.6458054,-27.4144152],[-49.6459619,-27.41431]]}},{"type":"Feature","properties":{"nome":"Rua Governador Celso Ramos","tipo":"yes"},"geometry":{"type":"LineString","coordinates":[[-49.6005142,-27.4172858],[-49.6005403,-27.4171098]]}},{"type":"Feature","properties":{"nome":"","tipo":"yes"},"geometry":{"type":"LineString","coordinates":[[-50.0089422,-27.4056163],[-50.0089046,-27.4054996]]}},{"type":"Feature","properties":{"nome":"","tipo":"yes"},"geometry":{"type":"LineString","coordinates":[[-49.9986854,-27.3886585],[-49.998731,-27.3887919]]}},{"type":"Feature","properties":{"nome":"","tipo":"yes"},"geometry":{"type":"LineString","coordinates":[[-49.9965611,-27.3967531],[-49.9964458,-27.3967174]]}},{"type":"Feature","properties":{"nome":"","tipo":"yes"},"geometry":{"type":"LineString","coordinates":[[-49.9974918,-27.3873892],[-49.9976286,-27.3874035]]}},{"type":"Feature","properties":{"nome":"","tipo":"yes"},"geometry":{"type":"LineString","coordinates":[[-49.9919799,-27.3803157],[-49.9920713,-27.3802131]]}},{"type":"Feature","properties":{"nome":"","tipo":"yes"},"geometry":{"type":"LineString","coordinates":[[-49.9762908,-27.3969789],[-49.9763735,-27.3970413]]}},{"type":"Feature","properties":{"nome":"","tipo":"yes"},"geometry":{"type":"LineString","coordinates":[[-49.989127,-27.3781416],[-49.9891638,-27.3782388]]}},{"type":"Feature","properties":{"nome":"","tipo":"yes"},"geometry":{"type":"LineString","coordinates":[[-49.9695835,-27.3829796],[-49.9695822,-27.3828938]]}},{"type":"Feature","properties":{"nome":"","tipo":"yes"},"geometry":{"type":"LineString","coordinates":[[-49.9851432,-27.3666437],[-49.9852274,-27.3667175]]}},{"type":"Feature","properties":{"nome":"","tipo":"yes"},"geometry":{"type":"LineString","coordinates":[[-49.9860464,-27.3669906],[-49.9860173,-27.3670605]]}},{"type":"Feature","properties":{"nome":"","tipo":"yes"},"geometry":{"type":"LineString","coordinates":[[-49.9918029,-27.3490105],[-49.9916661,-27.3490772]]}},{"type":"Feature","properties":{"nome":"","tipo":"yes"},"geometry":{"type":"LineString","coordinates":[[-50.0230157,-27.350054],[-50.023123,-27.350054]]}},{"type":"Feature","properties":{"nome":"","tipo":"yes"},"geometry":{"type":"LineString","coordinates":[[-50.006142,-27.353649],[-50.0061366,-27.353487]]}},{"type":"Feature","properties":{"nome":"","tipo":"yes"},"geometry":{"type":"LineString","coordinates":[[-49.9982187,-27.3437834],[-49.9982616,-27.3438954]]}},{"type":"Feature","properties":{"nome":"","tipo":"yes"},"geometry":{"type":"LineString","coordinates":[[-49.9953675,-27.3221207],[-49.9954547,-27.3221814]]}},{"type":"Feature","properties":{"nome":"","tipo":"yes"},"geometry":{"type":"LineString","coordinates":[[-49.9858738,-27.3215702],[-49.9859101,-27.3214689]]}},{"type":"Feature","properties":{"nome":"","tipo":"yes"},"geometry":{"type":"LineString","coordinates":[[-49.9697578,-27.3220944],[-49.9697846,-27.3220027]]}},{"type":"Feature","properties":{"nome":"","tipo":"yes"},"geometry":{"type":"LineString","coordinates":[[-49.9651162,-27.3241343],[-49.9651927,-27.3241533]]}},{"type":"Feature","properties":{"nome":"","tipo":"yes"},"geometry":{"type":"LineString","coordinates":[[-49.9528119,-27.3853033],[-49.9527217,-27.3852824]]}},{"type":"Feature","properties":{"nome":"","tipo":"yes"},"geometry":{"type":"LineString","coordinates":[[-49.955062,-27.3761618],[-49.955003,-27.3760975]]}},{"type":"Feature","properties":{"nome":"","tipo":"yes"},"geometry":{"type":"LineString","coordinates":[[-49.9539829,-27.3654129],[-49.9541071,-27.3654241]]}},{"type":"Feature","properties":{"nome":"","tipo":"yes"},"geometry":{"type":"LineString","coordinates":[[-49.9525692,-27.3600765],[-49.9525874,-27.3599833]]}},{"type":"Feature","properties":{"nome":"","tipo":"yes"},"geometry":{"type":"LineString","coordinates":[[-49.9535449,-27.3542861],[-49.9534486,-27.3542839]]}},{"type":"Feature","properties":{"nome":"","tipo":"yes"},"geometry":{"type":"LineString","coordinates":[[-49.955176,-27.3402274],[-49.9550311,-27.3402334]]}},{"type":"Feature","properties":{"nome":"","tipo":"yes"},"geometry":{"type":"LineString","coordinates":[[-49.9623013,-27.3255009],[-49.9621725,-27.3254961]]}},{"type":"Feature","properties":{"nome":"","tipo":"yes"},"geometry":{"type":"LineString","coordinates":[[-49.9180013,-27.3113229],[-49.9180853,-27.311326]]}},{"type":"Feature","properties":{"nome":"","tipo":"yes"},"geometry":{"type":"LineString","coordinates":[[-49.921419,-27.3047068],[-49.9213724,-27.304608]]}},{"type":"Feature","properties":{"nome":"","tipo":"yes"},"geometry":{"type":"LineString","coordinates":[[-49.9243952,-27.299121],[-49.9242956,-27.2990163]]}},{"type":"Feature","properties":{"nome":"","tipo":"yes"},"geometry":{"type":"LineString","coordinates":[[-49.9286295,-27.2927875],[-49.9286529,-27.2928621]]}},{"type":"Feature","properties":{"nome":"","tipo":"yes"},"geometry":{"type":"LineString","coordinates":[[-49.9310978,-27.2876431],[-49.9311769,-27.2875871]]}},{"type":"Feature","properties":{"nome":"","tipo":"yes"},"geometry":{"type":"LineString","coordinates":[[-49.9329391,-27.28335],[-49.9328556,-27.2832715]]}},{"type":"Feature","properties":{"nome":"","tipo":"yes"},"geometry":{"type":"LineString","coordinates":[[-49.9623648,-27.2858284],[-49.962375,-27.285748]]}},{"type":"Feature","properties":{"nome":"Estrada Arroio Grande","tipo":"yes"},"geometry":{"type":"LineString","coordinates":[[-49.9537356,-27.2747535],[-49.9538241,-27.2747869]]}},{"type":"Feature","properties":{"nome":"","tipo":"yes"},"geometry":{"type":"LineString","coordinates":[[-49.9493542,-27.2671495],[-49.9494481,-27.2671114]]}},{"type":"Feature","properties":{"nome":"","tipo":"yes"},"geometry":{"type":"LineString","coordinates":[[-49.9423657,-27.2584768],[-49.9424395,-27.2583862]]}},{"type":"Feature","properties":{"nome":"","tipo":"yes"},"geometry":{"type":"LineString","coordinates":[[-50.0278651,-27.3063478],[-50.0279537,-27.3062095]]}},{"type":"Feature","properties":{"nome":"","tipo":"yes"},"geometry":{"type":"LineString","coordinates":[[-50.0010431,-27.3011913],[-50.0010511,-27.3012974]]}},{"type":"Feature","properties":{"nome":"","tipo":"yes"},"geometry":{"type":"LineString","coordinates":[[-50.0018639,-27.2952743],[-50.0018021,-27.2952004]]}},{"type":"Feature","properties":{"nome":"","tipo":"yes"},"geometry":{"type":"LineString","coordinates":[[-50.0029716,-27.2844977],[-50.0028804,-27.2843809]]}},{"type":"Feature","properties":{"nome":"","tipo":"yes"},"geometry":{"type":"LineString","coordinates":[[-50.0008473,-27.2767156],[-50.0008701,-27.2765868]]}},{"type":"Feature","properties":{"nome":"","tipo":"yes"},"geometry":{"type":"LineString","coordinates":[[-49.9979706,-27.236702],[-49.9978821,-27.2366936]]}},{"type":"Feature","properties":{"nome":"","tipo":"yes"},"geometry":{"type":"LineString","coordinates":[[-49.9946138,-27.240322],[-49.9947533,-27.2402577]]}},{"type":"Feature","properties":{"nome":"","tipo":"yes"},"geometry":{"type":"LineString","coordinates":[[-50.0006488,-27.2603389],[-50.0007253,-27.2603926]]}},{"type":"Feature","properties":{"nome":"Rodovia Ingo Hering","tipo":"yes"},"geometry":{"type":"LineString","coordinates":[[-49.9305791,-27.2578473],[-49.9308679,-27.2577884]]}},{"type":"Feature","properties":{"nome":"","tipo":"yes"},"geometry":{"type":"LineString","coordinates":[[-49.9107277,-27.0769386],[-49.9106947,-27.0770696]]}},{"type":"Feature","properties":{"nome":"","tipo":"yes"},"geometry":{"type":"LineString","coordinates":[[-49.9169102,-27.1078261],[-49.916752,-27.1079216]]}},{"type":"Feature","properties":{"nome":"Estrada Geral Bra\u00e7o da Ilha","tipo":"yes"},"geometry":{"type":"LineString","coordinates":[[-49.9326879,-27.0943182],[-49.9325722,-27.0941773]]}},{"type":"Feature","properties":{"nome":"","tipo":"yes"},"geometry":{"type":"LineString","coordinates":[[-49.9232636,-27.1093147],[-49.9231628,-27.1091443]]}},{"type":"Feature","properties":{"nome":"","tipo":"yes"},"geometry":{"type":"LineString","coordinates":[[-49.9562502,-27.121802],[-49.9568564,-27.12285]]}},{"type":"Feature","properties":{"nome":"","tipo":"yes"},"geometry":{"type":"LineString","coordinates":[[-49.9675283,-27.1524967],[-49.967384,-27.1524194]]}},{"type":"Feature","properties":{"nome":"","tipo":"yes"},"geometry":{"type":"LineString","coordinates":[[-49.9634036,-27.1448464],[-49.9635029,-27.1448715]]}},{"type":"Feature","properties":{"nome":"","tipo":"yes"},"geometry":{"type":"LineString","coordinates":[[-49.9536203,-27.1383959],[-49.9535412,-27.1383435]]}},{"type":"Feature","properties":{"nome":"Estrada Geral Ribeir\u00e3o Pinheiro","tipo":"yes"},"geometry":{"type":"LineString","coordinates":[[-49.94863,-27.1309449],[-49.9486569,-27.1311908]]}},{"type":"Feature","properties":{"nome":"","tipo":"yes"},"geometry":{"type":"LineString","coordinates":[[-49.937472,-27.1239888],[-49.9373494,-27.1239259]]}},{"type":"Feature","properties":{"nome":"","tipo":"yes"},"geometry":{"type":"LineString","coordinates":[[-49.9847889,-27.2028476],[-49.9848275,-27.2027045]]}},{"type":"Feature","properties":{"nome":"","tipo":"yes"},"geometry":{"type":"LineString","coordinates":[[-49.9657942,-27.1949443],[-49.9659457,-27.1949509]]}},{"type":"Feature","properties":{"nome":"","tipo":"yes"},"geometry":{"type":"LineString","coordinates":[[-49.9526587,-27.1739852],[-49.9525248,-27.1739434]]}},{"type":"Feature","properties":{"nome":"","tipo":"yes"},"geometry":{"type":"LineString","coordinates":[[-49.9540682,-27.1739609],[-49.9539274,-27.1740043]]}},{"type":"Feature","properties":{"nome":"","tipo":"yes"},"geometry":{"type":"LineString","coordinates":[[-49.947223,-27.169646],[-49.9471146,-27.1697306]]}},{"type":"Feature","properties":{"nome":"","tipo":"yes"},"geometry":{"type":"LineString","coordinates":[[-49.9430135,-27.1684253],[-49.9430645,-27.1683728]]}},{"type":"Feature","properties":{"nome":"","tipo":"yes"},"geometry":{"type":"LineString","coordinates":[[-49.8656049,-27.0802463],[-49.8658043,-27.0802942]]}},{"type":"Feature","properties":{"nome":"","tipo":"yes"},"geometry":{"type":"LineString","coordinates":[[-49.8715755,-27.1172351],[-49.8716667,-27.1170751]]}},{"type":"Feature","properties":{"nome":"","tipo":"yes"},"geometry":{"type":"LineString","coordinates":[[-49.8717424,-27.1217716],[-49.8719757,-27.1217937]]}},{"type":"Feature","properties":{"nome":"","tipo":"yes"},"geometry":{"type":"LineString","coordinates":[[-49.8745874,-27.1454642],[-49.8744267,-27.1452498]]}},{"type":"Feature","properties":{"nome":"","tipo":"yes"},"geometry":{"type":"LineString","coordinates":[[-49.8916032,-27.1275422],[-49.8916961,-27.1274942]]}},{"type":"Feature","properties":{"nome":"","tipo":"yes"},"geometry":{"type":"LineString","coordinates":[[-49.8911188,-27.1367898],[-49.8912438,-27.1367059]]}},{"type":"Feature","properties":{"nome":"","tipo":"yes"},"geometry":{"type":"LineString","coordinates":[[-49.8963108,-27.2083238],[-49.8964423,-27.2082618]]}},{"type":"Feature","properties":{"nome":"","tipo":"yes"},"geometry":{"type":"LineString","coordinates":[[-49.8936676,-27.2053182],[-49.8937587,-27.2051667]]}},{"type":"Feature","properties":{"nome":"","tipo":"yes"},"geometry":{"type":"LineString","coordinates":[[-49.8701294,-27.1889582],[-49.8702929,-27.1889331]]}},{"type":"Feature","properties":{"nome":"","tipo":"yes"},"geometry":{"type":"LineString","coordinates":[[-49.8694721,-27.1901002],[-49.8695727,-27.1901277]]}},{"type":"Feature","properties":{"nome":"","tipo":"yes"},"geometry":{"type":"LineString","coordinates":[[-49.8677481,-27.1846437],[-49.8679036,-27.1846269]]}},{"type":"Feature","properties":{"nome":"Rodovia Luiz Bertoli e S\u00eanior","tipo":"yes"},"geometry":{"type":"LineString","coordinates":[[-49.8615602,-27.1717231],[-49.8617238,-27.171661]]}},{"type":"Feature","properties":{"nome":"","tipo":"yes"},"geometry":{"type":"LineString","coordinates":[[-49.8352583,-27.140956],[-49.8353368,-27.1408752]]}},{"type":"Feature","properties":{"nome":"","tipo":"yes"},"geometry":{"type":"LineString","coordinates":[[-49.835976,-27.1413833],[-49.8360946,-27.1414053]]}},{"type":"Feature","properties":{"nome":"","tipo":"yes"},"geometry":{"type":"LineString","coordinates":[[-49.8389336,-27.1475734],[-49.8391012,-27.1475811]]}},{"type":"Feature","properties":{"nome":"","tipo":"yes"},"geometry":{"type":"LineString","coordinates":[[-49.8399748,-27.1503],[-49.84015,-27.1502467]]}},{"type":"Feature","properties":{"nome":"","tipo":"yes"},"geometry":{"type":"LineString","coordinates":[[-49.838907,-27.1590979],[-49.8390824,-27.1590284]]}},{"type":"Feature","properties":{"nome":"","tipo":"yes"},"geometry":{"type":"LineString","coordinates":[[-49.7627185,-27.1544996],[-49.762628,-27.154533]]}},{"type":"Feature","properties":{"nome":"","tipo":"yes"},"geometry":{"type":"LineString","coordinates":[[-49.765879,-27.1663708],[-49.7657946,-27.166249]]}},{"type":"Feature","properties":{"nome":"","tipo":"yes"},"geometry":{"type":"LineString","coordinates":[[-49.7646707,-27.1726871],[-49.7645406,-27.1726012]]}},{"type":"Feature","properties":{"nome":"","tipo":"yes"},"geometry":{"type":"LineString","coordinates":[[-49.7639704,-27.1748458],[-49.7640095,-27.1747275]]}},{"type":"Feature","properties":{"nome":"","tipo":"yes"},"geometry":{"type":"LineString","coordinates":[[-49.7660028,-27.1797512],[-49.7658855,-27.1798169]]}},{"type":"Feature","properties":{"nome":"","tipo":"yes"},"geometry":{"type":"LineString","coordinates":[[-49.7271681,-27.2024508],[-49.7270427,-27.2025128]]}},{"type":"Feature","properties":{"nome":"","tipo":"yes"},"geometry":{"type":"LineString","coordinates":[[-49.728182,-27.2049126],[-49.7280787,-27.2048661]]}},{"type":"Feature","properties":{"nome":"Avenida Colombo Machado Sales","tipo":"yes"},"geometry":{"type":"LineString","coordinates":[[-49.7266269,-27.2082281],[-49.7265308,-27.2080783]]}},{"type":"Feature","properties":{"nome":"Rua Jer\u00f4nimo Klock","tipo":"yes"},"geometry":{"type":"LineString","coordinates":[[-49.7264452,-27.2114227],[-49.7266055,-27.2113419]]}},{"type":"Feature","properties":{"nome":"","tipo":"yes"},"geometry":{"type":"LineString","coordinates":[[-49.7491998,-27.3647214],[-49.7492293,-27.364881]]}},{"type":"Feature","properties":{"nome":"Estrada Geral Mosquito Grande","tipo":"yes"},"geometry":{"type":"LineString","coordinates":[[-49.7550657,-27.3505543],[-49.7550792,-27.3507306]]}},{"type":"Feature","properties":{"nome":"Estrada Geral Alto Gropp","tipo":"yes"},"geometry":{"type":"LineString","coordinates":[[-49.7552294,-27.3487556],[-49.7553008,-27.3486422]]}},{"type":"Feature","properties":{"nome":"","tipo":"yes"},"geometry":{"type":"LineString","coordinates":[[-49.7566992,-27.3415832],[-49.7566522,-27.3416749]]}},{"type":"Feature","properties":{"nome":"","tipo":"yes"},"geometry":{"type":"LineString","coordinates":[[-49.7550041,-27.3227371],[-49.7550778,-27.3227867]]}},{"type":"Feature","properties":{"nome":"","tipo":"yes"},"geometry":{"type":"LineString","coordinates":[[-49.734343,-27.3090599],[-49.7345066,-27.3090933]]}},{"type":"Feature","properties":{"nome":"","tipo":"yes"},"geometry":{"type":"LineString","coordinates":[[-49.7343953,-27.3027332],[-49.7342054,-27.3027162]]}},{"type":"Feature","properties":{"nome":"Rua Humberto Kohler","tipo":"yes"},"geometry":{"type":"LineString","coordinates":[[-49.7318973,-27.2836077],[-49.7318003,-27.2837659]]}},{"type":"Feature","properties":{"nome":"","tipo":"yes"},"geometry":{"type":"LineString","coordinates":[[-49.7071428,-27.3096085],[-49.7073332,-27.3094879]]}},{"type":"Feature","properties":{"nome":"","tipo":"yes"},"geometry":{"type":"LineString","coordinates":[[-49.7127703,-27.2832171],[-49.7125621,-27.2832569]]}},{"type":"Feature","properties":{"nome":"","tipo":"yes"},"geometry":{"type":"LineString","coordinates":[[-49.7150269,-27.2774424],[-49.7149546,-27.2774975]]}},{"type":"Feature","properties":{"nome":"Rua Gabriel Roberto da Silva","tipo":"yes"},"geometry":{"type":"LineString","coordinates":[[-49.7149989,-27.268425],[-49.7151427,-27.2685001],[-49.7159831,-27.2689694]]}},{"type":"Feature","properties":{"nome":"Rua XV de Novembro","tipo":"yes"},"geometry":{"type":"LineString","coordinates":[[-49.7154361,-27.2678671],[-49.7155997,-27.2679792]]}},{"type":"Feature","properties":{"nome":"Rua Julho Venturi","tipo":"yes"},"geometry":{"type":"LineString","coordinates":[[-49.7160287,-27.2677571],[-49.7160181,-27.2679339]]}},{"type":"Feature","properties":{"nome":"","tipo":"yes"},"geometry":{"type":"LineString","coordinates":[[-49.6848658,-27.2733005],[-49.6848463,-27.2735042]]}},{"type":"Feature","properties":{"nome":"","tipo":"yes"},"geometry":{"type":"LineString","coordinates":[[-49.6116561,-27.2661166],[-49.6116809,-27.2660517]]}},{"type":"Feature","properties":{"nome":"","tipo":"yes"},"geometry":{"type":"LineString","coordinates":[[-49.6000421,-27.2966639],[-49.5998236,-27.2967348]]}},{"type":"Feature","properties":{"nome":"","tipo":"yes"},"geometry":{"type":"LineString","coordinates":[[-49.6069086,-27.2877968],[-49.6070319,-27.2877015]]}},{"type":"Feature","properties":{"nome":"","tipo":"yes"},"geometry":{"type":"LineString","coordinates":[[-49.6399266,-27.3021673],[-49.6404106,-27.3029064]]}},{"type":"Feature","properties":{"nome":"","tipo":"yes"},"geometry":{"type":"LineString","coordinates":[[-49.694475,-27.3273341],[-49.6945764,-27.3272263]]}},{"type":"Feature","properties":{"nome":"Estrada Geral Morro do Carv\u00e3o","tipo":"yes"},"geometry":{"type":"LineString","coordinates":[[-49.6914945,-27.3218976],[-49.6913673,-27.3219894]]}},{"type":"Feature","properties":{"nome":"","tipo":"yes"},"geometry":{"type":"LineString","coordinates":[[-49.6153415,-27.2699962],[-49.6152623,-27.2699247]]}},{"type":"Feature","properties":{"nome":"","tipo":"yes"},"geometry":{"type":"LineString","coordinates":[[-49.6173826,-27.2698865],[-49.6173397,-27.2697721]]}},{"type":"Feature","properties":{"nome":"","tipo":"yes"},"geometry":{"type":"LineString","coordinates":[[-49.6198301,-27.2699092],[-49.6198314,-27.2697578]]}},{"type":"Feature","properties":{"nome":"","tipo":"yes"},"geometry":{"type":"LineString","coordinates":[[-49.6222119,-27.2698615],[-49.6222119,-27.2697518]]}},{"type":"Feature","properties":{"nome":"","tipo":"yes"},"geometry":{"type":"LineString","coordinates":[[-49.6232982,-27.2690854],[-49.6232513,-27.2690175]]}},{"type":"Feature","properties":{"nome":"","tipo":"yes"},"geometry":{"type":"LineString","coordinates":[[-49.6259844,-27.2695408],[-49.6260703,-27.269648]]}},{"type":"Feature","properties":{"nome":"","tipo":"yes"},"geometry":{"type":"LineString","coordinates":[[-49.628098,-27.2676192],[-49.6280122,-27.2675357]]}},{"type":"Feature","properties":{"nome":"","tipo":"yes"},"geometry":{"type":"LineString","coordinates":[[-49.632529,-27.2667132],[-49.6323976,-27.2666798]]}},{"type":"Feature","properties":{"nome":"","tipo":"yes"},"geometry":{"type":"LineString","coordinates":[[-49.6367975,-27.2649479],[-49.6366824,-27.2648727]]}},{"type":"Feature","properties":{"nome":"","tipo":"yes"},"geometry":{"type":"LineString","coordinates":[[-49.6382314,-27.2637067],[-49.6382877,-27.2638379]]}},{"type":"Feature","properties":{"nome":"","tipo":"yes"},"geometry":{"type":"LineString","coordinates":[[-49.6395296,-27.263975],[-49.6395591,-27.2640882]]}},{"type":"Feature","properties":{"nome":"","tipo":"yes"},"geometry":{"type":"LineString","coordinates":[[-49.6485458,-27.2616777],[-49.6484385,-27.2616193]]}},{"type":"Feature","properties":{"nome":"","tipo":"yes"},"geometry":{"type":"LineString","coordinates":[[-49.6292165,-27.3953124],[-49.6292325,-27.3951434]]}},{"type":"Feature","properties":{"nome":"","tipo":"yes"},"geometry":{"type":"LineString","coordinates":[[-49.6247707,-27.3947242],[-49.6246007,-27.3946407]]}},{"type":"Feature","properties":{"nome":"","tipo":"yes"},"geometry":{"type":"LineString","coordinates":[[-49.6104246,-27.3877587],[-49.6105067,-27.3876914]]}},{"type":"Feature","properties":{"nome":"","tipo":"yes"},"geometry":{"type":"LineString","coordinates":[[-49.6098153,-27.3790267],[-49.6099027,-27.3791025]]}},{"type":"Feature","properties":{"nome":"","tipo":"yes"},"geometry":{"type":"LineString","coordinates":[[-49.6145475,-27.3653741],[-49.6146374,-27.3652705]]}},{"type":"Feature","properties":{"nome":"","tipo":"yes"},"geometry":{"type":"LineString","coordinates":[[-49.6113806,-27.3419505],[-49.6115334,-27.3417903]]}},{"type":"Feature","properties":{"nome":"Rua Eduardo Beschinock","tipo":"yes"},"geometry":{"type":"LineString","coordinates":[[-49.6150739,-27.345591],[-49.6148845,-27.3455823]]}},{"type":"Feature","properties":{"nome":"Rodovia Ministro Victor Konder","tipo":"yes"},"geometry":{"type":"LineString","coordinates":[[-49.6154809,-27.3444916],[-49.6153137,-27.3446899]]}},{"type":"Feature","properties":{"nome":"","tipo":"yes"},"geometry":{"type":"LineString","coordinates":[[-49.6081343,-27.3225555],[-49.6082014,-27.3224269]]}},{"type":"Feature","properties":{"nome":"","tipo":"yes"},"geometry":{"type":"LineString","coordinates":[[-49.6974975,-27.3634398],[-49.6974573,-27.3636042]]}},{"type":"Feature","properties":{"nome":"","tipo":"yes"},"geometry":{"type":"LineString","coordinates":[[-49.6919078,-27.3602549],[-49.6921115,-27.3602071]]}},{"type":"Feature","properties":{"nome":"","tipo":"yes"},"geometry":{"type":"LineString","coordinates":[[-49.6910947,-27.35939],[-49.6909395,-27.3593402]]}},{"type":"Feature","properties":{"nome":"","tipo":"yes"},"geometry":{"type":"LineString","coordinates":[[-49.6731699,-27.3595283],[-49.6731358,-27.3596644]]}},{"type":"Feature","properties":{"nome":"","tipo":"yes"},"geometry":{"type":"LineString","coordinates":[[-49.6614983,-27.3357288],[-49.6616699,-27.3356668]]}},{"type":"Feature","properties":{"nome":"","tipo":"yes"},"geometry":{"type":"LineString","coordinates":[[-49.6558508,-27.3314556],[-49.6558937,-27.3312983]]}},{"type":"Feature","properties":{"nome":"","tipo":"yes"},"geometry":{"type":"LineString","coordinates":[[-49.6533886,-27.3284104],[-49.6535066,-27.3283579]]}},{"type":"Feature","properties":{"nome":"","tipo":"yes"},"geometry":{"type":"LineString","coordinates":[[-49.6500465,-27.3242236],[-49.6501323,-27.3240878]]}},{"type":"Feature","properties":{"nome":"Estrada Margem Esquerda","tipo":"yes"},"geometry":{"type":"LineString","coordinates":[[-49.6392614,-27.3195458],[-49.6394682,-27.3194565]]}},{"type":"Feature","properties":{"nome":"Ponte Estaiada","tipo":"yes"},"geometry":{"type":"LineString","coordinates":[[-50.000461,-27.115626],[-50.0003015,-27.1163518]]}},{"type":"Feature","properties":{"nome":"","tipo":"yes"},"geometry":{"type":"LineString","coordinates":[[-49.8570916,-27.4950602],[-49.8570138,-27.4951768]]}},{"type":"Feature","properties":{"nome":"","tipo":"yes"},"geometry":{"type":"LineString","coordinates":[[-49.8192388,-27.0801383],[-49.8192014,-27.0800349]]}},{"type":"Feature","properties":{"nome":"","tipo":"yes"},"geometry":{"type":"LineString","coordinates":[[-49.8123931,-27.0857191],[-49.8122698,-27.0856918]]}},{"type":"Feature","properties":{"nome":"","tipo":"yes"},"geometry":{"type":"LineString","coordinates":[[-49.7859185,-27.1012771],[-49.7857582,-27.101366]]}},{"type":"Feature","properties":{"nome":"","tipo":"yes"},"geometry":{"type":"LineString","coordinates":[[-49.7466594,-27.4240974],[-49.7461791,-27.4240238]]}},{"type":"Feature","properties":{"nome":"","tipo":"yes"},"geometry":{"type":"LineString","coordinates":[[-49.6470055,-27.2106512],[-49.6469858,-27.2106212],[-49.6472426,-27.2104874],[-49.647226,-27.2104671],[-49.6469728,-27.2105977]]}},{"type":"Feature","properties":{"nome":"","tipo":"yes"},"geometry":{"type":"LineString","coordinates":[[-49.6079792,-27.2332708],[-49.6079719,-27.2332146]]}},{"type":"Feature","properties":{"nome":"Rodovia Ingo Hering","tipo":"yes"},"geometry":{"type":"LineString","coordinates":[[-49.4580989,-27.0971914],[-49.4581425,-27.0973442],[-49.458219,-27.0975578],[-49.4583795,-27.0978831],[-49.4585642,-27.0981561],[-49.4587757,-27.0984247],[-49.4590097,-27.0986439],[-49.4591442,-27.098746]]}},{"type":"Feature","properties":{"nome":"Rua Jo\u00e3o Becker","tipo":"yes"},"geometry":{"type":"LineString","coordinates":[[-48.9088186,-27.082448],[-48.9077234,-27.082504]]}},{"type":"Feature","properties":{"nome":"","tipo":"yes"},"geometry":{"type":"LineString","coordinates":[[-48.9170758,-27.1011322],[-48.9171246,-27.1009259],[-48.9171368,-27.1008028],[-48.9171449,-27.1006183],[-48.9171408,-27.1003577]]}},{"type":"Feature","properties":{"nome":"Rua Prefeito Germano Schaeffer","tipo":"yes"},"geometry":{"type":"LineString","coordinates":[[-48.9134359,-27.0999188],[-48.9134133,-27.1000689],[-48.913286,-27.100797]]}},{"type":"Feature","properties":{"nome":"Rodovia Ingo Hering","tipo":"yes"},"geometry":{"type":"LineString","coordinates":[[-49.4963151,-27.0774891],[-49.4967664,-27.0775994],[-49.4972027,-27.0777502],[-49.4976194,-27.0779399],[-49.4980122,-27.0781665],[-49.4983769,-27.0784277]]}},{"type":"Feature","properties":{"nome":"Ponte de Hansa","tipo":"yes"},"geometry":{"type":"LineString","coordinates":[[-49.4972322,-27.0791877],[-49.4962799,-27.0797199]]}},{"type":"Feature","properties":{"nome":"","tipo":"yes"},"geometry":{"type":"LineString","coordinates":[[-49.4618926,-27.0993341],[-49.4622604,-27.0996434],[-49.4626775,-27.0999943]]}},{"type":"Feature","properties":{"nome":"","tipo":"yes"},"geometry":{"type":"LineString","coordinates":[[-49.5170289,-27.5258323],[-49.5174837,-27.5242146]]}},{"type":"Feature","properties":{"nome":"Estrada de Ferro Santa Catarina","tipo":"yes"},"geometry":{"type":"LineString","coordinates":[[-49.4546469,-27.1062847],[-49.4548568,-27.1064282],[-49.4550194,-27.1065026]]}},{"type":"Feature","properties":{"nome":"Rua Nicolau Petry","tipo":"yes"},"geometry":{"type":"LineString","coordinates":[[-49.3634187,-27.3951043],[-49.3631983,-27.3952556]]}},{"type":"Feature","properties":{"nome":"Rua Pedro Weber","tipo":"yes"},"geometry":{"type":"LineString","coordinates":[[-49.3613005,-27.3941295],[-49.3614731,-27.3939168]]}},{"type":"Feature","properties":{"nome":"Ponte Jo\u00e3o Boing","tipo":"yes"},"geometry":{"type":"LineString","coordinates":[[-49.3578523,-27.3918894],[-49.3579873,-27.3917347]]}},{"type":"Feature","properties":{"nome":"Avenida Jorge Lacerda","tipo":"yes"},"geometry":{"type":"LineString","coordinates":[[-49.3581116,-27.3853563],[-49.3582063,-27.3855737]]}},{"type":"Feature","properties":{"nome":"Rua 1\u00ba de Maio","tipo":"yes"},"geometry":{"type":"LineString","coordinates":[[-49.0652117,-27.1908108],[-49.0657818,-27.1912925]]}},{"type":"Feature","properties":{"nome":"","tipo":"yes"},"geometry":{"type":"LineString","coordinates":[[-49.3523629,-27.3717469],[-49.3526728,-27.3721209]]}},{"type":"Feature","properties":{"nome":"Rodovia Pedro Mer\u00edzio","tipo":"yes"},"geometry":{"type":"LineString","coordinates":[[-49.0243113,-27.1757038],[-49.0251073,-27.1757957]]}},{"type":"Feature","properties":{"nome":"Ponte P\u00eansil Albino Rosemann","tipo":"yes"},"geometry":{"type":"LineString","coordinates":[[-49.582534,-27.1883692],[-49.5820764,-27.1874639]]}},{"type":"Feature","properties":{"nome":"Rua Augusto Wolfando","tipo":"yes"},"geometry":{"type":"LineString","coordinates":[[-49.531716,-27.181295],[-49.531527,-27.1814411]]}},{"type":"Feature","properties":{"nome":"Rua Ernesto Bianchini","tipo":"yes"},"geometry":{"type":"LineString","coordinates":[[-48.9418183,-27.1005712],[-48.9417941,-27.1007169]]}},{"type":"Feature","properties":{"nome":"Rua Orides Schwartz","tipo":"yes"},"geometry":{"type":"LineString","coordinates":[[-48.9384098,-27.0991791],[-48.9384094,-27.0993778]]}},{"type":"Feature","properties":{"nome":"","tipo":"yes"},"geometry":{"type":"LineString","coordinates":[[-49.3975415,-27.6659471],[-49.3976796,-27.6655178]]}},{"type":"Feature","properties":{"nome":"Rodovia Ingo Hering","tipo":"yes"},"geometry":{"type":"LineString","coordinates":[[-49.5919699,-27.1763222],[-49.5922512,-27.1765136]]}},{"type":"Feature","properties":{"nome":"Ponte Ivo Silveira","tipo":"yes"},"geometry":{"type":"LineString","coordinates":[[-49.5467713,-27.1660239],[-49.5456537,-27.1653806]]}},{"type":"Feature","properties":{"nome":"","tipo":"yes"},"geometry":{"type":"LineString","coordinates":[[-49.5981225,-27.4421053],[-49.5982509,-27.4428603]]}},{"type":"Feature","properties":{"nome":"Rodovia Ulysses Guimar\u00e3es","tipo":"viaduct"},"geometry":{"type":"LineString","coordinates":[[-49.3350886,-27.6960787],[-49.3330789,-27.695991]]}},{"type":"Feature","properties":{"nome":"","tipo":"yes"},"geometry":{"type":"LineString","coordinates":[[-49.3326216,-27.6945317],[-49.3323415,-27.6947576]]}},{"type":"Feature","properties":{"nome":"","tipo":"yes"},"geometry":{"type":"LineString","coordinates":[[-49.3354452,-27.699207],[-49.3357197,-27.6992003]]}},{"type":"Feature","properties":{"nome":"Rodovia Ant\u00f4nio Heil","tipo":"yes"},"geometry":{"type":"LineString","coordinates":[[-48.9025364,-27.0926396],[-48.9026829,-27.0929513]]}},{"type":"Feature","properties":{"nome":"Rua Frederico Schlindwein","tipo":"yes"},"geometry":{"type":"LineString","coordinates":[[-48.9530989,-27.0981718],[-48.9531071,-27.0979029]]}},{"type":"Feature","properties":{"nome":"","tipo":"yes"},"geometry":{"type":"LineString","coordinates":[[-49.4368876,-27.2931899],[-49.4367089,-27.2931817]]}},{"type":"Feature","properties":{"nome":"Rua Vidal Ramos","tipo":"yes"},"geometry":{"type":"LineString","coordinates":[[-49.3886244,-27.2792307],[-49.3886104,-27.2794922]]}},{"type":"Feature","properties":{"nome":"","tipo":"yes"},"geometry":{"type":"LineString","coordinates":[[-49.3281919,-27.3324684],[-49.3283063,-27.3326985]]}},{"type":"Feature","properties":{"nome":"","tipo":"yes"},"geometry":{"type":"LineString","coordinates":[[-49.1206516,-27.1864062],[-49.1204174,-27.1860007]]}},{"type":"Feature","properties":{"nome":"","tipo":"yes"},"geometry":{"type":"LineString","coordinates":[[-49.0796654,-27.1959446],[-49.0798867,-27.1958408]]}},{"type":"Feature","properties":{"nome":"Ponte Carlos Decker","tipo":"yes"},"geometry":{"type":"LineString","coordinates":[[-48.9929702,-27.1453563],[-48.9930932,-27.1457824]]}},{"type":"Feature","properties":{"nome":"Rua Vicente Scharf","tipo":"yes"},"geometry":{"type":"LineString","coordinates":[[-48.9636184,-27.0958122],[-48.9635629,-27.0959633]]}},{"type":"Feature","properties":{"nome":"","tipo":"yes"},"geometry":{"type":"LineString","coordinates":[[-48.962999,-27.0961525],[-48.963225,-27.0962298]]}},{"type":"Feature","properties":{"nome":"","tipo":"yes"},"geometry":{"type":"LineString","coordinates":[[-49.3726969,-27.6799724],[-49.3730907,-27.6802468]]}},{"type":"Feature","properties":{"nome":"","tipo":"yes"},"geometry":{"type":"LineString","coordinates":[[-49.2753426,-27.8147896],[-49.275313,-27.814919]]}},{"type":"Feature","properties":{"nome":"","tipo":"yes"},"geometry":{"type":"LineString","coordinates":[[-49.2758193,-27.8003208],[-49.276015,-27.8003945]]}},{"type":"Feature","properties":{"nome":"","tipo":"yes"},"geometry":{"type":"LineString","coordinates":[[-49.2750882,-27.8153223],[-49.2750778,-27.8154548]]}},{"type":"Feature","properties":{"nome":"","tipo":"yes"},"geometry":{"type":"LineString","coordinates":[[-48.9277295,-27.099254],[-48.9270491,-27.0985968]]}},{"type":"Feature","properties":{"nome":"Rua Francisco Sumick","tipo":"yes"},"geometry":{"type":"LineString","coordinates":[[-48.9002861,-27.1485069],[-48.9003988,-27.148511]]}},{"type":"Feature","properties":{"nome":"Rua Alouis Baumgartner","tipo":"yes"},"geometry":{"type":"LineString","coordinates":[[-48.9735784,-27.0983096],[-48.973577,-27.0984263]]}},{"type":"Feature","properties":{"nome":"Rua Jos\u00e9 Dirschnabel","tipo":"yes"},"geometry":{"type":"LineString","coordinates":[[-48.9826492,-27.1001277],[-48.9826789,-27.1003346]]}},{"type":"Feature","properties":{"nome":"Rua Jo\u00e3o Voss","tipo":"yes"},"geometry":{"type":"LineString","coordinates":[[-48.9858988,-27.1001091],[-48.985902,-27.099997]]}},{"type":"Feature","properties":{"nome":"Rua Frederico Schaefer","tipo":"yes"},"geometry":{"type":"LineString","coordinates":[[-48.9888098,-27.0995734],[-48.9888123,-27.0994454]]}},{"type":"Feature","properties":{"nome":"Rua Afonso Decker","tipo":"yes"},"geometry":{"type":"LineString","coordinates":[[-48.9912261,-27.1013042],[-48.9912448,-27.1012107]]}},{"type":"Feature","properties":{"nome":"Rua Guabiruba Sul","tipo":"yes"},"geometry":{"type":"LineString","coordinates":[[-48.9996497,-27.1046374],[-48.999867,-27.1046959]]}},{"type":"Feature","properties":{"nome":"Rua Paulo Riffel","tipo":"yes"},"geometry":{"type":"LineString","coordinates":[[-49.0017221,-27.1071236],[-49.0017224,-27.1072237]]}},{"type":"Feature","properties":{"nome":"Rua Bernardo K\u00f6hler","tipo":"yes"},"geometry":{"type":"LineString","coordinates":[[-49.0040615,-27.1095752],[-49.004013,-27.1097472]]}},{"type":"Feature","properties":{"nome":"Rua Orlandina Romani Vicentini","tipo":"yes"},"geometry":{"type":"LineString","coordinates":[[-49.0067976,-27.1142563],[-49.0068022,-27.1143698]]}},{"type":"Feature","properties":{"nome":"Rua Vicente Scharf","tipo":"yes"},"geometry":{"type":"LineString","coordinates":[[-48.9649797,-27.0918439],[-48.9647813,-27.0917564]]}},{"type":"Feature","properties":{"nome":"Rua J\u00falio Schumacher","tipo":"yes"},"geometry":{"type":"LineString","coordinates":[[-48.9676812,-27.0862197],[-48.9675818,-27.0861942]]}},{"type":"Feature","properties":{"nome":"Rua Luiz Imhof","tipo":"yes"},"geometry":{"type":"LineString","coordinates":[[-48.9738795,-27.0863083],[-48.9739385,-27.0861257]]}},{"type":"Feature","properties":{"nome":"Rua Theodoro Kormann","tipo":"yes"},"geometry":{"type":"LineString","coordinates":[[-48.9773876,-27.0867138],[-48.9773258,-27.0868195]]}},{"type":"Feature","properties":{"nome":"","tipo":"yes"},"geometry":{"type":"LineString","coordinates":[[-48.9808394,-27.0872326],[-48.9809319,-27.087358]]}},{"type":"Feature","properties":{"nome":"Rua Vicente Kormann","tipo":"yes"},"geometry":{"type":"LineString","coordinates":[[-48.9832856,-27.0880231],[-48.9833371,-27.0879398]]}},{"type":"Feature","properties":{"nome":"Rua Herc\u00edlio Schweigert","tipo":"yes"},"geometry":{"type":"LineString","coordinates":[[-48.9854935,-27.0863861],[-48.9854438,-27.0863311]]}},{"type":"Feature","properties":{"nome":"","tipo":"yes"},"geometry":{"type":"LineString","coordinates":[[-49.4026885,-27.3841159],[-49.4025874,-27.384243]]}},{"type":"Feature","properties":{"nome":"","tipo":"yes"},"geometry":{"type":"LineString","coordinates":[[-49.341346,-27.3612191],[-49.3416591,-27.3609671]]}},{"type":"Feature","properties":{"nome":"","tipo":"yes"},"geometry":{"type":"LineString","coordinates":[[-49.3800417,-27.3782105],[-49.3802581,-27.3782533]]}},{"type":"Feature","properties":{"nome":"","tipo":"yes"},"geometry":{"type":"LineString","coordinates":[[-49.3366914,-27.3502991],[-49.3369018,-27.3501165]]}},{"type":"Feature","properties":{"nome":"","tipo":"yes"},"geometry":{"type":"LineString","coordinates":[[-49.3365334,-27.4375241],[-49.3369274,-27.4373853]]}},{"type":"Feature","properties":{"nome":"Ponte Ver\u00f4nica Merten Buss","tipo":"yes"},"geometry":{"type":"LineString","coordinates":[[-49.3428251,-27.4165946],[-49.3429828,-27.416688]]}},{"type":"Feature","properties":{"nome":"","tipo":"yes"},"geometry":{"type":"LineString","coordinates":[[-49.5828968,-27.4822198],[-49.582448,-27.4822774]]}},{"type":"Feature","properties":{"nome":"","tipo":"yes"},"geometry":{"type":"LineString","coordinates":[[-49.5777217,-27.4741453],[-49.5783531,-27.4738311]]}},{"type":"Feature","properties":{"nome":"","tipo":"yes"},"geometry":{"type":"LineString","coordinates":[[-49.457168,-27.1029126],[-49.4574184,-27.1031651]]}},{"type":"Feature","properties":{"nome":"","tipo":"yes"},"geometry":{"type":"LineString","coordinates":[[-48.9587768,-27.1426338],[-48.9585626,-27.1426365]]}},{"type":"Feature","properties":{"nome":"Ponte Tifa dos Hoffmann","tipo":"yes"},"geometry":{"type":"LineString","coordinates":[[-49.3497637,-27.4069447],[-49.3496289,-27.4067837]]}},{"type":"Feature","properties":{"nome":"Ponte Nicolau Fillipi e Jos\u00e9 J\u00f6nck","tipo":"yes"},"geometry":{"type":"LineString","coordinates":[[-49.345869,-27.4112108],[-49.3457474,-27.4113424]]}},{"type":"Feature","properties":{"nome":"Estrada Geral Molungu","tipo":"yes"},"geometry":{"type":"LineString","coordinates":[[-49.3412244,-27.4554585],[-49.3413575,-27.4555026]]}},{"type":"Feature","properties":{"nome":"","tipo":"yes"},"geometry":{"type":"LineString","coordinates":[[-49.3983676,-27.4283105],[-49.3983545,-27.4280278]]}},{"type":"Feature","properties":{"nome":"","tipo":"yes"},"geometry":{"type":"LineString","coordinates":[[-49.3925859,-27.4158874],[-49.3924642,-27.4158072]]}},{"type":"Feature","properties":{"nome":"","tipo":"yes"},"geometry":{"type":"LineString","coordinates":[[-49.3924879,-27.2803193],[-49.392751,-27.2804168],[-49.392786,-27.2804298]]}},{"type":"Feature","properties":{"nome":"","tipo":"yes"},"geometry":{"type":"LineString","coordinates":[[-49.2996907,-27.0922129],[-49.2997395,-27.0923074]]}},{"type":"Feature","properties":{"nome":"","tipo":"yes"},"geometry":{"type":"LineString","coordinates":[[-49.3023918,-27.0844389],[-49.3023301,-27.0844801]]}},{"type":"Feature","properties":{"nome":"","tipo":"yes"},"geometry":{"type":"LineString","coordinates":[[-49.3050361,-27.2604209],[-49.3046821,-27.2603959]]}},{"type":"Feature","properties":{"nome":"","tipo":"yes"},"geometry":{"type":"LineString","coordinates":[[-49.3769068,-27.4267848],[-49.3767766,-27.4265325]]}},{"type":"Feature","properties":{"nome":"Estrada Geral Lembran\u00e7a","tipo":"yes"},"geometry":{"type":"LineString","coordinates":[[-49.3548032,-27.43503],[-49.3548737,-27.4351306]]}},{"type":"Feature","properties":{"nome":"Estrada Geral Lembran\u00e7a","tipo":"yes"},"geometry":{"type":"LineString","coordinates":[[-49.3547732,-27.4323317],[-49.3546622,-27.4324003]]}},{"type":"Feature","properties":{"nome":"Estrada Geral Lembran\u00e7a","tipo":"yes"},"geometry":{"type":"LineString","coordinates":[[-49.3549556,-27.424979],[-49.3550222,-27.4251136]]}},{"type":"Feature","properties":{"nome":"Rua Anit\u00e1polis","tipo":"yes"},"geometry":{"type":"LineString","coordinates":[[-49.3345093,-27.705403],[-49.334439,-27.7051754]]}},{"type":"Feature","properties":{"nome":"","tipo":"yes"},"geometry":{"type":"LineString","coordinates":[[-49.2714797,-27.7656898],[-49.2710744,-27.7657226]]}},{"type":"Feature","properties":{"nome":"Estrada Geral Molungu","tipo":"yes"},"geometry":{"type":"LineString","coordinates":[[-49.3523685,-27.4054697],[-49.3521396,-27.4055255]]}},{"type":"Feature","properties":{"nome":"","tipo":"yes"},"geometry":{"type":"LineString","coordinates":[[-49.3795592,-27.4870287],[-49.3796771,-27.4868999]]}},{"type":"Feature","properties":{"nome":"","tipo":"yes"},"geometry":{"type":"LineString","coordinates":[[-49.3768274,-27.4911956],[-49.3768098,-27.4910709]]}},{"type":"Feature","properties":{"nome":"","tipo":"yes"},"geometry":{"type":"LineString","coordinates":[[-49.1075365,-27.1879136],[-49.1081581,-27.1877397]]}},{"type":"Feature","properties":{"nome":"Rua Beira Rio","tipo":"yes"},"geometry":{"type":"LineString","coordinates":[[-49.1455708,-27.2016573],[-49.145574,-27.2020381]]}},{"type":"Feature","properties":{"nome":"","tipo":"yes"},"geometry":{"type":"LineString","coordinates":[[-49.0733964,-27.1974953],[-49.0739497,-27.1973554],[-49.0743989,-27.1972418]]}},{"type":"Feature","properties":{"nome":"Rua 9 de Junho","tipo":"yes"},"geometry":{"type":"LineString","coordinates":[[-49.0763006,-27.2077311],[-49.0763433,-27.207825]]}},{"type":"Feature","properties":{"nome":"","tipo":"yes"},"geometry":{"type":"LineString","coordinates":[[-49.3640921,-27.0948512],[-49.3640949,-27.0949509]]}},{"type":"Feature","properties":{"nome":"","tipo":"yes"},"geometry":{"type":"LineString","coordinates":[[-49.2743399,-27.7968365],[-49.2742997,-27.7969575]]}},{"type":"Feature","properties":{"nome":"Estrada Geral do PNSI","tipo":"yes"},"geometry":{"type":"LineString","coordinates":[[-49.2751886,-27.1215824],[-49.2751032,-27.1214885]]}},{"type":"Feature","properties":{"nome":"","tipo":"yes"},"geometry":{"type":"LineString","coordinates":[[-49.5522872,-27.5900724],[-49.5522968,-27.589951]]}},{"type":"Feature","properties":{"nome":"","tipo":"yes"},"geometry":{"type":"LineString","coordinates":[[-49.1218404,-27.1773061],[-49.1217226,-27.1772729]]}},{"type":"Feature","properties":{"nome":"","tipo":"yes"},"geometry":{"type":"LineString","coordinates":[[-49.4027475,-27.2850234],[-49.4025651,-27.2852141]]}},{"type":"Feature","properties":{"nome":"Ponte 16","tipo":"yes"},"geometry":{"type":"LineString","coordinates":[[-49.4980091,-27.1089494],[-49.4980423,-27.1090257],[-49.4981762,-27.10921]]}},{"type":"Feature","properties":{"nome":"","tipo":"yes"},"geometry":{"type":"LineString","coordinates":[[-49.5327448,-27.1481656],[-49.5316962,-27.1485064]]}},{"type":"Feature","properties":{"nome":"","tipo":"yes"},"geometry":{"type":"LineString","coordinates":[[-49.3470698,-27.7906621],[-49.3469328,-27.7906235]]}},{"type":"Feature","properties":{"nome":"","tipo":"yes"},"geometry":{"type":"LineString","coordinates":[[-49.3205516,-27.3171078],[-49.3209314,-27.3172889]]}},{"type":"Feature","properties":{"nome":"","tipo":"yes"},"geometry":{"type":"LineString","coordinates":[[-49.522658,-27.200414],[-49.5228241,-27.2004625]]}},{"type":"Feature","properties":{"nome":"Rua Augusto Wolfando","tipo":"yes"},"geometry":{"type":"LineString","coordinates":[[-49.5233683,-27.1908801],[-49.5231041,-27.1908143]]}},{"type":"Feature","properties":{"nome":"","tipo":"yes"},"geometry":{"type":"LineString","coordinates":[[-49.454881,-27.5917225],[-49.4532234,-27.5918651]]}},{"type":"Feature","properties":{"nome":"Rua Paulo Alves do Nascimento","tipo":"yes"},"geometry":{"type":"LineString","coordinates":[[-49.5459875,-27.1768305],[-49.5460825,-27.1769914]]}},{"type":"Feature","properties":{"nome":"Rua Rodolfo Leite","tipo":"yes"},"geometry":{"type":"LineString","coordinates":[[-49.5400813,-27.1770142],[-49.5402047,-27.1771741]]}},{"type":"Feature","properties":{"nome":"","tipo":"yes"},"geometry":{"type":"LineString","coordinates":[[-49.5063665,-27.6004365],[-49.5065793,-27.6003536]]}},{"type":"Feature","properties":{"nome":"","tipo":"yes"},"geometry":{"type":"LineString","coordinates":[[-49.1943425,-27.7528314],[-49.1944148,-27.7529075]]}},{"type":"Feature","properties":{"nome":"","tipo":"yes"},"geometry":{"type":"LineString","coordinates":[[-49.2506029,-27.7136392],[-49.2506213,-27.7140417]]}},{"type":"Feature","properties":{"nome":"Rodovia Ulysses Guimar\u00e3es","tipo":"yes"},"geometry":{"type":"LineString","coordinates":[[-49.2846139,-27.6988757],[-49.2844425,-27.6987936],[-49.2842587,-27.6987361],[-49.284067,-27.6987048]]}},{"type":"Feature","properties":{"nome":"","tipo":"yes"},"geometry":{"type":"LineString","coordinates":[[-49.2477267,-27.7183669],[-49.2474828,-27.7183124]]}},{"type":"Feature","properties":{"nome":"","tipo":"covered"},"geometry":{"type":"LineString","coordinates":[[-48.9124587,-27.0989867],[-48.9125714,-27.0988683],[-48.9126029,-27.0988954],[-48.9124602,-27.099043],[-48.9118999,-27.0995915],[-48.9117975,-27.0996918]]}},{"type":"Feature","properties":{"nome":"","tipo":"yes"},"geometry":{"type":"LineString","coordinates":[[-49.5192785,-27.5421868],[-49.5191016,-27.5422409]]}},{"type":"Feature","properties":{"nome":"","tipo":"yes"},"geometry":{"type":"LineString","coordinates":[[-49.4076205,-27.6628764],[-49.4074059,-27.6634454]]}},{"type":"Feature","properties":{"nome":"","tipo":"yes"},"geometry":{"type":"LineString","coordinates":[[-49.4207955,-27.6580146],[-49.4209242,-27.658561]]}},{"type":"Feature","properties":{"nome":"Rua Leonardo Ernesto Harger","tipo":"yes"},"geometry":{"type":"LineString","coordinates":[[-49.2000307,-27.6723458],[-49.1999434,-27.6723798]]}},{"type":"Feature","properties":{"nome":"Rua Nereu Ramos","tipo":"yes"},"geometry":{"type":"LineString","coordinates":[[-49.2012512,-27.6705391],[-49.2011684,-27.6704414]]}},{"type":"Feature","properties":{"nome":"Rua Guilherme Jacob Bunn","tipo":"yes"},"geometry":{"type":"LineString","coordinates":[[-49.2016624,-27.6711924],[-49.2016075,-27.6711029]]}},{"type":"Feature","properties":{"nome":"","tipo":"yes"},"geometry":{"type":"LineString","coordinates":[[-49.219916,-27.6810854],[-49.2197873,-27.6812753]]}},{"type":"Feature","properties":{"nome":"","tipo":"yes"},"geometry":{"type":"LineString","coordinates":[[-49.3319216,-27.0988987],[-49.3317149,-27.0989612]]}},{"type":"Feature","properties":{"nome":"","tipo":"yes"},"geometry":{"type":"LineString","coordinates":[[-49.3287424,-27.1273405],[-49.3286203,-27.1275077]]}},{"type":"Feature","properties":{"nome":"","tipo":"yes"},"geometry":{"type":"LineString","coordinates":[[-49.3227426,-27.1351075],[-49.322756,-27.1352697]]}},{"type":"Feature","properties":{"nome":"","tipo":"yes"},"geometry":{"type":"LineString","coordinates":[[-49.3822594,-27.1868345],[-49.3823562,-27.1866601]]}},{"type":"Feature","properties":{"nome":"","tipo":"yes"},"geometry":{"type":"LineString","coordinates":[[-49.3941246,-27.197737],[-49.3939502,-27.1977442]]}},{"type":"Feature","properties":{"nome":"","tipo":"yes"},"geometry":{"type":"LineString","coordinates":[[-49.3958058,-27.2006256],[-49.3956884,-27.2008563]]}},{"type":"Feature","properties":{"nome":"","tipo":"yes"},"geometry":{"type":"LineString","coordinates":[[-49.4060104,-27.2055824],[-49.4059152,-27.2054715]]}},{"type":"Feature","properties":{"nome":"","tipo":"yes"},"geometry":{"type":"LineString","coordinates":[[-49.3265694,-27.1197693],[-49.3263924,-27.119712]]}},{"type":"Feature","properties":{"nome":"","tipo":"yes"},"geometry":{"type":"LineString","coordinates":[[-49.4171758,-27.4468926],[-49.4173222,-27.4469567]]}},{"type":"Feature","properties":{"nome":"","tipo":"yes"},"geometry":{"type":"LineString","coordinates":[[-49.4302292,-27.4092293],[-49.4303869,-27.409297]]}},{"type":"Feature","properties":{"nome":"","tipo":"yes"},"geometry":{"type":"LineString","coordinates":[[-49.4382275,-27.6454079],[-49.4364985,-27.6454991]]}},{"type":"Feature","properties":{"nome":"","tipo":"yes"},"geometry":{"type":"LineString","coordinates":[[-48.9076757,-27.0906956],[-48.9074161,-27.090056]]}},{"type":"Feature","properties":{"nome":"Rua Beira Rio","tipo":"yes"},"geometry":{"type":"LineString","coordinates":[[-48.9549893,-27.1375765],[-48.9549952,-27.1373019]]}},{"type":"Feature","properties":{"nome":"Rua Irm\u00e3 Josefina","tipo":"yes"},"geometry":{"type":"LineString","coordinates":[[-48.9560351,-27.1400784],[-48.9562301,-27.1400777]]}},{"type":"Feature","properties":{"nome":"Rua Presidente Kennedy","tipo":"yes"},"geometry":{"type":"LineString","coordinates":[[-49.0748294,-27.1999859],[-49.0750225,-27.1998451]]}},{"type":"Feature","properties":{"nome":"","tipo":"yes"},"geometry":{"type":"LineString","coordinates":[[-49.1539371,-27.2066302],[-49.153776,-27.2066239]]}},{"type":"Feature","properties":{"nome":"","tipo":"yes"},"geometry":{"type":"LineString","coordinates":[[-49.1558737,-27.2172605],[-49.1558683,-27.2176648]]}},{"type":"Feature","properties":{"nome":"","tipo":"yes"},"geometry":{"type":"LineString","coordinates":[[-49.0156424,-27.1756149],[-49.0157712,-27.1750208]]}},{"type":"Feature","properties":{"nome":"","tipo":"yes"},"geometry":{"type":"LineString","coordinates":[[-49.3679794,-27.7832157],[-49.3679579,-27.7833315]]}},{"type":"Feature","properties":{"nome":"Rua Jo\u00e3o Bianchini","tipo":"yes"},"geometry":{"type":"LineString","coordinates":[[-48.951496,-27.1382062],[-48.9517271,-27.1376715]]}},{"type":"Feature","properties":{"nome":"Rua Jo\u00e3o Cestari","tipo":"yes"},"geometry":{"type":"LineString","coordinates":[[-49.0772957,-27.2092613],[-49.0773708,-27.2092351]]}},{"type":"Feature","properties":{"nome":"","tipo":"yes"},"geometry":{"type":"LineString","coordinates":[[-49.0749437,-27.2029234],[-49.0749789,-27.2029831]]}},{"type":"Feature","properties":{"nome":"","tipo":"yes"},"geometry":{"type":"LineString","coordinates":[[-49.0769463,-27.2105003],[-49.0768243,-27.2104422]]}},{"type":"Feature","properties":{"nome":"Ponte Egon Engicht","tipo":"yes"},"geometry":{"type":"LineString","coordinates":[[-49.5904109,-27.189503],[-49.5902231,-27.1894756]]}},{"type":"Feature","properties":{"nome":"","tipo":"yes"},"geometry":{"type":"LineString","coordinates":[[-49.3362053,-27.8086348],[-49.3362965,-27.808725]]}},{"type":"Feature","properties":{"nome":"Rua Brusque","tipo":"yes"},"geometry":{"type":"LineString","coordinates":[[-48.9667727,-27.0867016],[-48.9669093,-27.0865078]]}},{"type":"Feature","properties":{"nome":"Rua Sigmund K\u00f6hler","tipo":"yes"},"geometry":{"type":"LineString","coordinates":[[-48.9829795,-27.0891133],[-48.9829454,-27.0892327]]}},{"type":"Feature","properties":{"nome":"Rua Jos\u00e9 Dirschnabel","tipo":"yes"},"geometry":{"type":"LineString","coordinates":[[-48.9854191,-27.0882487],[-48.9854527,-27.0883247]]}},{"type":"Feature","properties":{"nome":"Rua Carlos Nuss","tipo":"yes"},"geometry":{"type":"LineString","coordinates":[[-48.9872526,-27.0860577],[-48.9873445,-27.0861563]]}},{"type":"Feature","properties":{"nome":"Rua Sebasti\u00e3o Boos","tipo":"yes"},"geometry":{"type":"LineString","coordinates":[[-48.9899237,-27.0833452],[-48.9898837,-27.0832565]]}},{"type":"Feature","properties":{"nome":"Rua Carlos Boos","tipo":"yes"},"geometry":{"type":"LineString","coordinates":[[-48.9920206,-27.0811487],[-48.9921167,-27.0811472],[-48.9921845,-27.0811442]]}},{"type":"Feature","properties":{"nome":"Rua Orlando K\u00f6hler","tipo":"yes"},"geometry":{"type":"LineString","coordinates":[[-48.99339,-27.0808637],[-48.993411,-27.0807421]]}},{"type":"Feature","properties":{"nome":"Rua Paulo Kormann","tipo":"yes"},"geometry":{"type":"LineString","coordinates":[[-48.990072,-27.0812328],[-48.9900707,-27.0811361]]}},{"type":"Feature","properties":{"nome":"Rua Guilherme M\u00fcller","tipo":"yes"},"geometry":{"type":"LineString","coordinates":[[-48.9893308,-27.0815538],[-48.9893262,-27.0816401]]}},{"type":"Feature","properties":{"nome":"Rua Carlos K\u00f6hler","tipo":"yes"},"geometry":{"type":"LineString","coordinates":[[-48.9881823,-27.0823375],[-48.988183,-27.0822086]]}},{"type":"Feature","properties":{"nome":"Rua Anna K\u00f6hler Boos","tipo":"yes"},"geometry":{"type":"LineString","coordinates":[[-48.9874897,-27.0827872],[-48.9874917,-27.0828692]]}},{"type":"Feature","properties":{"nome":"Rua Jos\u00e9 Schweigert","tipo":"yes"},"geometry":{"type":"LineString","coordinates":[[-48.986351,-27.0834574],[-48.9863505,-27.0833864]]}},{"type":"Feature","properties":{"nome":"Rua Otto Lofhagen","tipo":"yes"},"geometry":{"type":"LineString","coordinates":[[-48.9887244,-27.0819288],[-48.9887256,-27.0819955]]}},{"type":"Feature","properties":{"nome":"Rua Frederico Petermann","tipo":"yes"},"geometry":{"type":"LineString","coordinates":[[-48.9969815,-27.0997579],[-48.9969806,-27.0996503]]}},{"type":"Feature","properties":{"nome":"Rua Luiz Morelli","tipo":"yes"},"geometry":{"type":"LineString","coordinates":[[-48.9557148,-27.1581519],[-48.9556045,-27.1583555]]}},{"type":"Feature","properties":{"nome":"Rua Botuver\u00e1","tipo":"yes"},"geometry":{"type":"LineString","coordinates":[[-48.9596741,-27.1439478],[-48.9598726,-27.1439495]]}},{"type":"Feature","properties":{"nome":"","tipo":"yes"},"geometry":{"type":"LineString","coordinates":[[-48.9587879,-27.1623234],[-48.9586869,-27.1622126]]}},{"type":"Feature","properties":{"nome":"Rua Henrique Deichmann","tipo":"yes"},"geometry":{"type":"LineString","coordinates":[[-48.9343378,-27.0969573],[-48.9341538,-27.0974843]]}},{"type":"Feature","properties":{"nome":"","tipo":"yes"},"geometry":{"type":"LineString","coordinates":[[-48.9015447,-27.0925605],[-48.9014683,-27.0923625]]}},{"type":"Feature","properties":{"nome":"","tipo":"yes"},"geometry":{"type":"LineString","coordinates":[[-48.9008253,-27.0925504],[-48.9008601,-27.0926851]]}},{"type":"Feature","properties":{"nome":"","tipo":"yes"},"geometry":{"type":"LineString","coordinates":[[-48.9618093,-27.1503958],[-48.9615841,-27.1502896]]}},{"type":"Feature","properties":{"nome":"Rua Alberto Habitzreuter","tipo":"yes"},"geometry":{"type":"LineString","coordinates":[[-48.9993569,-27.0825179],[-48.9993861,-27.0824514]]}},{"type":"Feature","properties":{"nome":"Rua Leopoldo Wippel","tipo":"yes"},"geometry":{"type":"LineString","coordinates":[[-49.0025758,-27.0843429],[-49.002568,-27.0842209]]}},{"type":"Feature","properties":{"nome":"Rua Mathilde K\u00f6hler","tipo":"yes"},"geometry":{"type":"LineString","coordinates":[[-49.0082477,-27.0851356],[-49.0082583,-27.0850008]]}},{"type":"Feature","properties":{"nome":"Rua Reinoldo Barth","tipo":"yes"},"geometry":{"type":"LineString","coordinates":[[-49.0106226,-27.0850477],[-49.010602,-27.0851655]]}},{"type":"Feature","properties":{"nome":"Rua Andreias Wippel","tipo":"yes"},"geometry":{"type":"LineString","coordinates":[[-49.0185733,-27.0830833],[-49.018578,-27.0829651]]}},{"type":"Feature","properties":{"nome":"Rua Ant\u00f4nio Debatin","tipo":"yes"},"geometry":{"type":"LineString","coordinates":[[-49.0273627,-27.0810171],[-49.0272832,-27.0810151]]}},{"type":"Feature","properties":{"nome":"","tipo":"yes"},"geometry":{"type":"LineString","coordinates":[[-48.8957404,-27.1605668],[-48.8957804,-27.1606219]]}},{"type":"Feature","properties":{"nome":"","tipo":"yes"},"geometry":{"type":"LineString","coordinates":[[-48.8940633,-27.1613163],[-48.8939935,-27.161302]]}},{"type":"Feature","properties":{"nome":"","tipo":"yes"},"geometry":{"type":"LineString","coordinates":[[-48.8940349,-27.1608745],[-48.8941243,-27.1608554]]}},{"type":"Feature","properties":{"nome":"Rua Luiz Zen","tipo":"yes"},"geometry":{"type":"LineString","coordinates":[[-48.8615885,-27.0766828],[-48.8614624,-27.0766661]]}},{"type":"Feature","properties":{"nome":"Rua SL-012","tipo":"yes"},"geometry":{"type":"LineString","coordinates":[[-48.8963819,-27.1597545],[-48.8964551,-27.1598592]]}},{"type":"Feature","properties":{"nome":"Rua Maximiliano F\u00fcrbringer","tipo":"yes"},"geometry":{"type":"LineString","coordinates":[[-48.9366003,-27.12485],[-48.9367021,-27.1251233]]}},{"type":"Feature","properties":{"nome":"","tipo":"yes"},"geometry":{"type":"LineString","coordinates":[[-48.9348572,-27.1256401],[-48.9345565,-27.1254259]]}},{"type":"Feature","properties":{"nome":"Ponte Jos\u00e9 Germano Schaefer","tipo":"yes"},"geometry":{"type":"LineString","coordinates":[[-48.9376679,-27.1218693],[-48.9366957,-27.1218823]]}},{"type":"Feature","properties":{"nome":"","tipo":"yes"},"geometry":{"type":"LineString","coordinates":[[-48.9604295,-27.1459079],[-48.9600961,-27.1459079]]}},{"type":"Feature","properties":{"nome":"Rua Jos\u00e9 Dubiela","tipo":"yes"},"geometry":{"type":"LineString","coordinates":[[-48.9317328,-27.1747518],[-48.9317177,-27.1748324]]}},{"type":"Feature","properties":{"nome":"Rua SL-014","tipo":"yes"},"geometry":{"type":"LineString","coordinates":[[-48.8922756,-27.1628107],[-48.8923601,-27.1627677]]}},{"type":"Feature","properties":{"nome":"Rua SL-018","tipo":"yes"},"geometry":{"type":"LineString","coordinates":[[-48.8876761,-27.1649695],[-48.8876145,-27.1649092]]}},{"type":"Feature","properties":{"nome":"Rua Cesto Pinotti","tipo":"yes"},"geometry":{"type":"LineString","coordinates":[[-48.902248,-27.1553247],[-48.9023379,-27.1553251]]}},{"type":"Feature","properties":{"nome":"Rua Jos\u00e9 Cardoso dos Santos","tipo":"yes"},"geometry":{"type":"LineString","coordinates":[[-48.9023223,-27.1545559],[-48.9022453,-27.1545333]]}},{"type":"Feature","properties":{"nome":"Rua Cec\u00edlia de Mello Siegel","tipo":"yes"},"geometry":{"type":"LineString","coordinates":[[-48.9017773,-27.1534734],[-48.9016888,-27.1534724]]}},{"type":"Feature","properties":{"nome":"Rua Frederico Klabunde","tipo":"yes"},"geometry":{"type":"LineString","coordinates":[[-48.9003022,-27.1525345],[-48.9002228,-27.1525367]]}},{"type":"Feature","properties":{"nome":"Rua dos Imigrantes","tipo":"yes"},"geometry":{"type":"LineString","coordinates":[[-48.900257,-27.1478764],[-48.9003326,-27.1478835]]}},{"type":"Feature","properties":{"nome":"Rua Valdir Geratti","tipo":"yes"},"geometry":{"type":"LineString","coordinates":[[-48.8990266,-27.1443052],[-48.8989355,-27.1443021]]}},{"type":"Feature","properties":{"nome":"","tipo":"yes"},"geometry":{"type":"LineString","coordinates":[[-48.90946,-27.1445149],[-48.9095031,-27.1443792]]}},{"type":"Feature","properties":{"nome":"Rua Jos\u00e9 Montibeller","tipo":"yes"},"geometry":{"type":"LineString","coordinates":[[-48.9098682,-27.1448261],[-48.9099059,-27.14473]]}},{"type":"Feature","properties":{"nome":"Rua Sebasti\u00e3o Rossinsky","tipo":"yes"},"geometry":{"type":"LineString","coordinates":[[-48.9086005,-27.1432415],[-48.9085927,-27.1433816]]}},{"type":"Feature","properties":{"nome":"Rua Augusto Bento de Mello","tipo":"yes"},"geometry":{"type":"LineString","coordinates":[[-48.9060071,-27.1427329],[-48.9060199,-27.1426263]]}},{"type":"Feature","properties":{"nome":"Rua Osvaldo Zierke","tipo":"yes"},"geometry":{"type":"LineString","coordinates":[[-48.9055605,-27.1425706],[-48.9055552,-27.142456]]}},{"type":"Feature","properties":{"nome":"Rua Onildo Zirke","tipo":"yes"},"geometry":{"type":"LineString","coordinates":[[-48.9048066,-27.1420252],[-48.9048076,-27.1421314]]}},{"type":"Feature","properties":{"nome":"Rua Adelina Zierke","tipo":"yes"},"geometry":{"type":"LineString","coordinates":[[-48.9038448,-27.1416837],[-48.90391,-27.14161]]}},{"type":"Feature","properties":{"nome":"Rua Jardim Centen\u00e1rio","tipo":"yes"},"geometry":{"type":"LineString","coordinates":[[-48.9026679,-27.1421685],[-48.9026704,-27.1422889]]}},{"type":"Feature","properties":{"nome":"Rua Waldemar Hoffmann","tipo":"yes"},"geometry":{"type":"LineString","coordinates":[[-48.9207388,-27.1412565],[-48.9208384,-27.1411695]]}},{"type":"Feature","properties":{"nome":"Rua Carlos Jeske","tipo":"yes"},"geometry":{"type":"LineString","coordinates":[[-48.9155149,-27.1476063],[-48.91544,-27.1475255]]}},{"type":"Feature","properties":{"nome":"Rua PA-001","tipo":"yes"},"geometry":{"type":"LineString","coordinates":[[-48.9135673,-27.147526],[-48.9135565,-27.1474214]]}},{"type":"Feature","properties":{"nome":"","tipo":"yes"},"geometry":{"type":"LineString","coordinates":[[-48.9120032,-27.1466648],[-48.9120704,-27.1465924]]}},{"type":"Feature","properties":{"nome":"Rua Patr\u00edcio Dezid\u00e9rio","tipo":"yes"},"geometry":{"type":"LineString","coordinates":[[-48.9109737,-27.1459613],[-48.9110134,-27.145898]]}},{"type":"Feature","properties":{"nome":"Rua Jos\u00e9 Zucco","tipo":"yes"},"geometry":{"type":"LineString","coordinates":[[-48.8566749,-27.0834222],[-48.8564642,-27.0833148]]}},{"type":"Feature","properties":{"nome":"","tipo":"yes"},"geometry":{"type":"LineString","coordinates":[[-48.91714,-27.1011442],[-48.9171896,-27.1009345],[-48.9172023,-27.1008065],[-48.9172105,-27.100619],[-48.9172064,-27.1003569]]}},{"type":"Feature","properties":{"nome":"","tipo":"yes"},"geometry":{"type":"LineString","coordinates":[[-48.9170314,-27.1011239],[-48.9170796,-27.1009199],[-48.9170915,-27.1008002],[-48.9170995,-27.1006178],[-48.9170954,-27.1003583]]}},{"type":"Feature","properties":{"nome":"","tipo":"yes"},"geometry":{"type":"LineString","coordinates":[[-48.9277107,-27.0992713],[-48.9276552,-27.0992162],[-48.9270316,-27.0986168]]}},{"type":"Feature","properties":{"nome":"","tipo":"yes"},"geometry":{"type":"LineString","coordinates":[[-48.9271164,-27.0985488],[-48.9277384,-27.099132],[-48.9278043,-27.0991941]]}},{"type":"Feature","properties":{"nome":"","tipo":"yes"},"geometry":{"type":"LineString","coordinates":[[-48.9088186,-27.082448],[-48.9087849,-27.0824841],[-48.9077836,-27.0825226],[-48.9077234,-27.082504]]}},{"type":"Feature","properties":{"nome":"","tipo":"yes"},"geometry":{"type":"LineString","coordinates":[[-48.9088186,-27.082448],[-48.9087731,-27.0824043],[-48.9077702,-27.0824427],[-48.9077234,-27.082504]]}},{"type":"Feature","properties":{"nome":"Rua Jo\u00e3o Batista Coelho","tipo":"yes"},"geometry":{"type":"LineString","coordinates":[[-48.9005528,-27.159369],[-48.9004576,-27.1593976]]}},{"type":"Feature","properties":{"nome":"Rodovia Madre Paulina","tipo":"yes"},"geometry":{"type":"LineString","coordinates":[[-49.4385166,-27.6108969],[-49.4386364,-27.6112777]]}},{"type":"Feature","properties":{"nome":"","tipo":"yes"},"geometry":{"type":"LineString","coordinates":[[-49.3362296,-27.808401],[-49.3362266,-27.8084698]]}},{"type":"Feature","properties":{"nome":"","tipo":"yes"},"geometry":{"type":"LineString","coordinates":[[-49.5474574,-27.5299809],[-49.5473099,-27.5300392]]}},{"type":"Feature","properties":{"nome":"","tipo":"yes"},"geometry":{"type":"LineString","coordinates":[[-49.576021,-27.5679281],[-49.57592,-27.567972]]}},{"type":"Feature","properties":{"nome":"","tipo":"yes"},"geometry":{"type":"LineString","coordinates":[[-49.5721066,-27.5647178],[-49.5720238,-27.564655]]}},{"type":"Feature","properties":{"nome":"","tipo":"yes"},"geometry":{"type":"LineString","coordinates":[[-49.5575431,-27.5419041],[-49.5576391,-27.5417313]]}},{"type":"Feature","properties":{"nome":"Estrada de Ferro Santa Catarina","tipo":"yes"},"geometry":{"type":"LineString","coordinates":[[-49.5178324,-27.1370795],[-49.518106,-27.1372609]]}},{"type":"Feature","properties":{"nome":"","tipo":"yes"},"geometry":{"type":"LineString","coordinates":[[-49.4562945,-27.1063828],[-49.4562784,-27.1065332]]}},{"type":"Feature","properties":{"nome":"","tipo":"yes"},"geometry":{"type":"LineString","coordinates":[[-49.1332163,-27.1965814],[-49.1329917,-27.1968822]]}},{"type":"Feature","properties":{"nome":"Rodovia Madre Paulina","tipo":"yes"},"geometry":{"type":"LineString","coordinates":[[-49.4563042,-27.5478507],[-49.4559569,-27.5481109]]}},{"type":"Feature","properties":{"nome":"Ponte Raulino M\u00fcller","tipo":"yes"},"geometry":{"type":"LineString","coordinates":[[-49.4986751,-27.1812433],[-49.498295,-27.1812268]]}},{"type":"Feature","properties":{"nome":"Rua Fernando Kurtz","tipo":"yes"},"geometry":{"type":"LineString","coordinates":[[-48.9703712,-27.0975792],[-48.9703134,-27.0976646]]}},{"type":"Feature","properties":{"nome":"","tipo":"yes"},"geometry":{"type":"LineString","coordinates":[[-48.9953855,-27.0770812],[-48.9954386,-27.0771442]]}},{"type":"Feature","properties":{"nome":"Rua Guilherme Riffel","tipo":"yes"},"geometry":{"type":"LineString","coordinates":[[-49.0142863,-27.0867059],[-49.0142898,-27.0866006]]}},{"type":"Feature","properties":{"nome":"Rua Prefeito Carlos Boos","tipo":"yes"},"geometry":{"type":"LineString","coordinates":[[-49.0202421,-27.0836747],[-49.0203379,-27.0836596]]}},{"type":"Feature","properties":{"nome":"","tipo":"yes"},"geometry":{"type":"LineString","coordinates":[[-49.0223832,-27.0840121],[-49.0223832,-27.0840981]]}},{"type":"Feature","properties":{"nome":"Rua Prefeito Carlos Boos","tipo":"yes"},"geometry":{"type":"LineString","coordinates":[[-49.0240312,-27.0834117],[-49.0241344,-27.0834121]]}},{"type":"Feature","properties":{"nome":"Rua Jo\u00e3o Kormann","tipo":"yes"},"geometry":{"type":"LineString","coordinates":[[-49.0248532,-27.0831254],[-49.0248678,-27.0830863]]}},{"type":"Feature","properties":{"nome":"","tipo":"yes"},"geometry":{"type":"LineString","coordinates":[[-49.026023,-27.0826925],[-49.0260227,-27.0826465]]}},{"type":"Feature","properties":{"nome":"Rua Pomer\u00e2nia","tipo":"yes"},"geometry":{"type":"LineString","coordinates":[[-48.991173,-27.0805962],[-48.9912331,-27.0804497]]}},{"type":"Feature","properties":{"nome":"Rua Alfredo Swarowsky","tipo":"trestle"},"geometry":{"type":"LineString","coordinates":[[-49.5818832,-27.204328],[-49.5817558,-27.2042955]]}},{"type":"Feature","properties":{"nome":"Travessa Otto Klug","tipo":"trestle"},"geometry":{"type":"LineString","coordinates":[[-49.5806002,-27.2150752],[-49.5803782,-27.2150578]]}},{"type":"Feature","properties":{"nome":"","tipo":"yes"},"geometry":{"type":"LineString","coordinates":[[-49.5976723,-27.6317407],[-49.5977327,-27.6318144]]}},{"type":"Feature","properties":{"nome":"","tipo":"trestle"},"geometry":{"type":"LineString","coordinates":[[-49.5709585,-27.2401447],[-49.5709278,-27.2401045]]}},{"type":"Feature","properties":{"nome":"Estrada Geral do PNSI","tipo":"yes"},"geometry":{"type":"LineString","coordinates":[[-49.2034343,-27.1114274],[-49.2033685,-27.111366]]}},{"type":"Feature","properties":{"nome":"Estrada Geral do PNSI","tipo":"yes"},"geometry":{"type":"LineString","coordinates":[[-49.2110666,-27.1202805],[-49.2110427,-27.1202195]]}},{"type":"Feature","properties":{"nome":"","tipo":"yes"},"geometry":{"type":"LineString","coordinates":[[-49.2074569,-27.1233256],[-49.207413,-27.123332]]}},{"type":"Feature","properties":{"nome":"","tipo":"yes"},"geometry":{"type":"LineString","coordinates":[[-49.131188,-27.1749825],[-49.1312242,-27.1748466]]}},{"type":"Feature","properties":{"nome":"","tipo":"yes"},"geometry":{"type":"LineString","coordinates":[[-49.1389357,-27.1779154],[-49.1390047,-27.1778626]]}},{"type":"Feature","properties":{"nome":"","tipo":"yes"},"geometry":{"type":"LineString","coordinates":[[-49.1407079,-27.1795717],[-49.1408157,-27.17962]]}},{"type":"Feature","properties":{"nome":"Estrada Geral do PNSI","tipo":"yes"},"geometry":{"type":"LineString","coordinates":[[-49.2321494,-27.1301504],[-49.2320869,-27.1301048]]}},{"type":"Feature","properties":{"nome":"Estrada Geral do PNSI","tipo":"yes"},"geometry":{"type":"LineString","coordinates":[[-49.2909169,-27.1096736],[-49.2907865,-27.1097544]]}},{"type":"Feature","properties":{"nome":"","tipo":"yes"},"geometry":{"type":"LineString","coordinates":[[-49.3467362,-27.2199516],[-49.346799,-27.2198934]]}},{"type":"Feature","properties":{"nome":"","tipo":"yes"},"geometry":{"type":"LineString","coordinates":[[-49.332795,-27.2098617],[-49.3329179,-27.2099055]]}},{"type":"Feature","properties":{"nome":"","tipo":"yes"},"geometry":{"type":"LineString","coordinates":[[-49.3296816,-27.2138814],[-49.3296614,-27.2138177]]}},{"type":"Feature","properties":{"nome":"","tipo":"yes"},"geometry":{"type":"LineString","coordinates":[[-49.3096416,-27.249899],[-49.3095927,-27.2498431]]}},{"type":"Feature","properties":{"nome":"","tipo":"yes"},"geometry":{"type":"LineString","coordinates":[[-49.3196133,-27.1525221],[-49.3195238,-27.152606]]}},{"type":"Feature","properties":{"nome":"","tipo":"yes"},"geometry":{"type":"LineString","coordinates":[[-49.1104987,-27.1582558],[-49.1104218,-27.1581825]]}},{"type":"Feature","properties":{"nome":"","tipo":"yes"},"geometry":{"type":"LineString","coordinates":[[-49.1124924,-27.1632116],[-49.1124119,-27.1632047]]}},{"type":"Feature","properties":{"nome":"","tipo":"yes"},"geometry":{"type":"LineString","coordinates":[[-49.299858,-27.0881962],[-49.2999327,-27.0881183]]}},{"type":"Feature","properties":{"nome":"","tipo":"yes"},"geometry":{"type":"LineString","coordinates":[[-49.2217478,-27.2324232],[-49.2218475,-27.2324454]]}},{"type":"Feature","properties":{"nome":"","tipo":"yes"},"geometry":{"type":"LineString","coordinates":[[-49.5839214,-27.4773455],[-49.5838415,-27.4772498]]}},{"type":"Feature","properties":{"nome":"Estrada Geral Tr\u00eas Barras","tipo":"yes"},"geometry":{"type":"LineString","coordinates":[[-49.5754157,-27.5004094],[-49.5756181,-27.5002648]]}},{"type":"Feature","properties":{"nome":"","tipo":"yes"},"geometry":{"type":"LineString","coordinates":[[-49.5739133,-27.5069894],[-49.5740155,-27.5070222]]}},{"type":"Feature","properties":{"nome":"","tipo":"yes"},"geometry":{"type":"LineString","coordinates":[[-49.5858448,-27.5308786],[-49.5859627,-27.5308101]]}},{"type":"Feature","properties":{"nome":"","tipo":"yes"},"geometry":{"type":"LineString","coordinates":[[-49.5761503,-27.515049],[-49.5762951,-27.514933]]}},{"type":"Feature","properties":{"nome":"","tipo":"yes"},"geometry":{"type":"LineString","coordinates":[[-49.5438296,-27.4748508],[-49.5437813,-27.4747699]]}},{"type":"Feature","properties":{"nome":"","tipo":"yes"},"geometry":{"type":"LineString","coordinates":[[-49.5269945,-27.4763967],[-49.5268766,-27.4764432]]}},{"type":"Feature","properties":{"nome":"","tipo":"yes"},"geometry":{"type":"LineString","coordinates":[[-49.5953859,-27.5717657],[-49.5953364,-27.5716685]]}},{"type":"Feature","properties":{"nome":"","tipo":"yes"},"geometry":{"type":"LineString","coordinates":[[-49.503336,-27.4730453],[-49.5032411,-27.4730348]]}},{"type":"Feature","properties":{"nome":"Rodovia Madre Paulina","tipo":"yes"},"geometry":{"type":"LineString","coordinates":[[-49.575324,-27.4605046],[-49.5753002,-27.4606183]]}},{"type":"Feature","properties":{"nome":"Rua Gotthilf Scheidt","tipo":"yes"},"geometry":{"type":"LineString","coordinates":[[-49.5741878,-27.4637725],[-49.5739863,-27.4637726]]}},{"type":"Feature","properties":{"nome":"","tipo":"yes"},"geometry":{"type":"LineString","coordinates":[[-49.5723279,-27.4681871],[-49.5721987,-27.4681833]]}},{"type":"Feature","properties":{"nome":"","tipo":"yes"},"geometry":{"type":"LineString","coordinates":[[-49.5685661,-27.4700882],[-49.5684157,-27.4700782]]}},{"type":"Feature","properties":{"nome":"","tipo":"yes"},"geometry":{"type":"LineString","coordinates":[[-49.5581629,-27.4842089],[-49.5580526,-27.484121]]}},{"type":"Feature","properties":{"nome":"","tipo":"yes"},"geometry":{"type":"LineString","coordinates":[[-49.537007,-27.4788449],[-49.5369456,-27.4789304]]}},{"type":"Feature","properties":{"nome":"","tipo":"yes"},"geometry":{"type":"LineString","coordinates":[[-49.5205124,-27.4756505],[-49.5204212,-27.4756105]]}},{"type":"Feature","properties":{"nome":"","tipo":"yes"},"geometry":{"type":"LineString","coordinates":[[-49.5152217,-27.4796816],[-49.5152541,-27.4797735]]}},{"type":"Feature","properties":{"nome":"","tipo":"yes"},"geometry":{"type":"LineString","coordinates":[[-49.5098694,-27.47581],[-49.5097835,-27.4757563]]}},{"type":"Feature","properties":{"nome":"","tipo":"yes"},"geometry":{"type":"LineString","coordinates":[[-49.598157,-27.5485647],[-49.5982488,-27.548672]]}},{"type":"Feature","properties":{"nome":"","tipo":"yes"},"geometry":{"type":"LineString","coordinates":[[-49.5750328,-27.5038851],[-49.5751481,-27.5039327]]}},{"type":"Feature","properties":{"nome":"","tipo":"yes"},"geometry":{"type":"LineString","coordinates":[[-49.5804529,-27.5174712],[-49.5806152,-27.5174309]]}},{"type":"Feature","properties":{"nome":"","tipo":"yes"},"geometry":{"type":"LineString","coordinates":[[-49.5406503,-27.4322937],[-49.5405266,-27.4323549]]}},{"type":"Feature","properties":{"nome":"","tipo":"yes"},"geometry":{"type":"LineString","coordinates":[[-49.5688185,-27.3990322],[-49.5688869,-27.3989767],[-49.5689654,-27.3989129]]}},{"type":"Feature","properties":{"nome":"","tipo":"yes"},"geometry":{"type":"LineString","coordinates":[[-49.5625886,-27.4022615],[-49.5624534,-27.4022911]]}},{"type":"Feature","properties":{"nome":"","tipo":"yes"},"geometry":{"type":"LineString","coordinates":[[-49.5515558,-27.4156418],[-49.5514631,-27.4157171]]}},{"type":"Feature","properties":{"nome":"","tipo":"yes"},"geometry":{"type":"LineString","coordinates":[[-49.5413741,-27.4310634],[-49.5413663,-27.4310967],[-49.5413594,-27.4311396]]}},{"type":"Feature","properties":{"nome":"","tipo":"yes"},"geometry":{"type":"LineString","coordinates":[[-49.5319703,-27.438104],[-49.5318966,-27.4382551]]}},{"type":"Feature","properties":{"nome":"","tipo":"yes"},"geometry":{"type":"LineString","coordinates":[[-49.5593292,-27.6142906],[-49.5595193,-27.614384]]}},{"type":"Feature","properties":{"nome":"","tipo":"yes"},"geometry":{"type":"LineString","coordinates":[[-49.5623324,-27.5508205],[-49.5624262,-27.550859]]}},{"type":"Feature","properties":{"nome":"","tipo":"yes"},"geometry":{"type":"LineString","coordinates":[[-49.5642244,-27.5534743],[-49.5643499,-27.5533687]]}},{"type":"Feature","properties":{"nome":"","tipo":"yes"},"geometry":{"type":"LineString","coordinates":[[-49.5662433,-27.5596573],[-49.566375,-27.559666]]}},{"type":"Feature","properties":{"nome":"","tipo":"yes"},"geometry":{"type":"LineString","coordinates":[[-49.5661592,-27.5615848],[-49.5660963,-27.5615476]]}},{"type":"Feature","properties":{"nome":"","tipo":"yes"},"geometry":{"type":"LineString","coordinates":[[-49.570001,-27.5624518],[-49.5700976,-27.5623562]]}},{"type":"Feature","properties":{"nome":"","tipo":"yes"},"geometry":{"type":"LineString","coordinates":[[-49.5729766,-27.5663736],[-49.5729064,-27.5664588]]}},{"type":"Feature","properties":{"nome":"","tipo":"yes"},"geometry":{"type":"LineString","coordinates":[[-49.5719917,-27.5808867],[-49.5720042,-27.5810119]]}},{"type":"Feature","properties":{"nome":"","tipo":"yes"},"geometry":{"type":"LineString","coordinates":[[-49.5719619,-27.5780791],[-49.5718579,-27.5780829]]}},{"type":"Feature","properties":{"nome":"","tipo":"yes"},"geometry":{"type":"LineString","coordinates":[[-49.5790889,-27.5864919],[-49.5790152,-27.5864999]]}},{"type":"Feature","properties":{"nome":"","tipo":"yes"},"geometry":{"type":"LineString","coordinates":[[-49.5792703,-27.5903148],[-49.5792408,-27.5902052]]}},{"type":"Feature","properties":{"nome":"","tipo":"yes"},"geometry":{"type":"LineString","coordinates":[[-49.5860908,-27.6021972],[-49.5862283,-27.6021879]]}},{"type":"Feature","properties":{"nome":"","tipo":"yes"},"geometry":{"type":"LineString","coordinates":[[-49.5438907,-27.5825963],[-49.5437945,-27.5825991]]}},{"type":"Feature","properties":{"nome":"","tipo":"yes"},"geometry":{"type":"LineString","coordinates":[[-49.5571454,-27.5923766],[-49.5572179,-27.5923332]]}},{"type":"Feature","properties":{"nome":"","tipo":"yes"},"geometry":{"type":"LineString","coordinates":[[-49.5479133,-27.5865373],[-49.5480048,-27.5864966]]}},{"type":"Feature","properties":{"nome":"","tipo":"yes"},"geometry":{"type":"LineString","coordinates":[[-49.5343688,-27.5645564],[-49.5344723,-27.5644942]]}},{"type":"Feature","properties":{"nome":"","tipo":"yes"},"geometry":{"type":"LineString","coordinates":[[-49.5327692,-27.5632152],[-49.5328521,-27.5631612]]}},{"type":"Feature","properties":{"nome":"","tipo":"yes"},"geometry":{"type":"LineString","coordinates":[[-49.522354,-27.5705131],[-49.5222564,-27.570539]]}},{"type":"Feature","properties":{"nome":"","tipo":"yes"},"geometry":{"type":"LineString","coordinates":[[-49.525372,-27.5566685],[-49.5254315,-27.5567185]]}},{"type":"Feature","properties":{"nome":"","tipo":"yes"},"geometry":{"type":"LineString","coordinates":[[-49.5242146,-27.5647701],[-49.5242004,-27.5647074]]}},{"type":"Feature","properties":{"nome":"","tipo":"yes"},"geometry":{"type":"LineString","coordinates":[[-49.5229804,-27.5662144],[-49.5229188,-27.5661618]]}},{"type":"Feature","properties":{"nome":"","tipo":"yes"},"geometry":{"type":"LineString","coordinates":[[-49.5277929,-27.5584466],[-49.5279351,-27.5584466]]}},{"type":"Feature","properties":{"nome":"","tipo":"yes"},"geometry":{"type":"LineString","coordinates":[[-49.5269375,-27.558123],[-49.5268059,-27.5581738]]}},{"type":"Feature","properties":{"nome":"","tipo":"yes"},"geometry":{"type":"LineString","coordinates":[[-49.5257583,-27.556641],[-49.5257803,-27.5565026]]}},{"type":"Feature","properties":{"nome":"","tipo":"yes"},"geometry":{"type":"LineString","coordinates":[[-49.5203311,-27.5498538],[-49.5204856,-27.5498653]]}},{"type":"Feature","properties":{"nome":"","tipo":"yes"},"geometry":{"type":"LineString","coordinates":[[-49.5205573,-27.5452714],[-49.520708,-27.5452714]]}},{"type":"Feature","properties":{"nome":"","tipo":"yes"},"geometry":{"type":"LineString","coordinates":[[-49.4742114,-27.5558361],[-49.4744284,-27.5554665]]}},{"type":"Feature","properties":{"nome":"","tipo":"yes"},"geometry":{"type":"LineString","coordinates":[[-49.4431517,-27.5433449],[-49.4430483,-27.5431878]]}},{"type":"Feature","properties":{"nome":"","tipo":"yes"},"geometry":{"type":"LineString","coordinates":[[-49.4003614,-27.488319],[-49.4004304,-27.4883265]]}},{"type":"Feature","properties":{"nome":"","tipo":"yes"},"geometry":{"type":"LineString","coordinates":[[-49.426766,-27.5228761],[-49.4266876,-27.5228232]]}},{"type":"Feature","properties":{"nome":"","tipo":"yes"},"geometry":{"type":"LineString","coordinates":[[-49.4264051,-27.5231544],[-49.4263578,-27.523254]]}},{"type":"Feature","properties":{"nome":"","tipo":"yes"},"geometry":{"type":"LineString","coordinates":[[-49.4282691,-27.519091],[-49.4283244,-27.5191491]]}},{"type":"Feature","properties":{"nome":"","tipo":"yes"},"geometry":{"type":"LineString","coordinates":[[-49.4260073,-27.5202534],[-49.426089,-27.5201817]]}},{"type":"Feature","properties":{"nome":"","tipo":"yes"},"geometry":{"type":"LineString","coordinates":[[-49.4371121,-27.5324701],[-49.4370121,-27.5325806]]}},{"type":"Feature","properties":{"nome":"Rodovia Madre Paulina","tipo":"yes"},"geometry":{"type":"LineString","coordinates":[[-49.4470626,-27.5802981],[-49.4472902,-27.5807807]]}},{"type":"Feature","properties":{"nome":"Rua Pedro Teixeira","tipo":"yes"},"geometry":{"type":"LineString","coordinates":[[-49.4198948,-27.4946509],[-49.4199807,-27.4946547]]}},{"type":"Feature","properties":{"nome":"Rua Avelino Ludwig","tipo":"yes"},"geometry":{"type":"LineString","coordinates":[[-49.4203565,-27.4921271],[-49.4201954,-27.4921345]]}},{"type":"Feature","properties":{"nome":"Rua 25 de Novembro","tipo":"yes"},"geometry":{"type":"LineString","coordinates":[[-49.4204601,-27.4905995],[-49.4206771,-27.4905882]]}},{"type":"Feature","properties":{"nome":"","tipo":"yes"},"geometry":{"type":"LineString","coordinates":[[-49.401214,-27.5122499],[-49.4011366,-27.5121696]]}},{"type":"Feature","properties":{"nome":"","tipo":"yes"},"geometry":{"type":"LineString","coordinates":[[-49.4383264,-27.5436624],[-49.4381467,-27.543641]]}},{"type":"Feature","properties":{"nome":"","tipo":"yes"},"geometry":{"type":"LineString","coordinates":[[-49.4216791,-27.5464309],[-49.421638,-27.5465076]]}},{"type":"Feature","properties":{"nome":"","tipo":"yes"},"geometry":{"type":"LineString","coordinates":[[-49.3761098,-27.5294357],[-49.3761769,-27.529473]]}},{"type":"Feature","properties":{"nome":"Rodovia Madre Paulina","tipo":"yes"},"geometry":{"type":"LineString","coordinates":[[-49.488021,-27.5048028],[-49.4877152,-27.5047445]]}},{"type":"Feature","properties":{"nome":"","tipo":"yes"},"geometry":{"type":"LineString","coordinates":[[-49.4618393,-27.461622],[-49.4618952,-27.4616236],[-49.4619552,-27.4616219]]}},{"type":"Feature","properties":{"nome":"","tipo":"yes"},"geometry":{"type":"LineString","coordinates":[[-49.4646828,-27.5320992],[-49.4646822,-27.5319891]]}},{"type":"Feature","properties":{"nome":"","tipo":"yes"},"geometry":{"type":"LineString","coordinates":[[-49.4560658,-27.5278527],[-49.4561536,-27.5277852]]}},{"type":"Feature","properties":{"nome":"","tipo":"yes"},"geometry":{"type":"LineString","coordinates":[[-49.4746459,-27.4871927],[-49.4747327,-27.487096]]}},{"type":"Feature","properties":{"nome":"","tipo":"yes"},"geometry":{"type":"LineString","coordinates":[[-49.4755427,-27.4839835],[-49.4756037,-27.4838862]]}},{"type":"Feature","properties":{"nome":"","tipo":"yes"},"geometry":{"type":"LineString","coordinates":[[-49.4763715,-27.4905083],[-49.4763252,-27.4906359]]}},{"type":"Feature","properties":{"nome":"","tipo":"yes"},"geometry":{"type":"LineString","coordinates":[[-49.4738811,-27.4894263],[-49.4738049,-27.489399]]}},{"type":"Feature","properties":{"nome":"","tipo":"yes"},"geometry":{"type":"LineString","coordinates":[[-49.4819766,-27.4971515],[-49.4821161,-27.4971206]]}},{"type":"Feature","properties":{"nome":"","tipo":"yes"},"geometry":{"type":"LineString","coordinates":[[-49.4840889,-27.4991739],[-49.4842055,-27.4991382]]}},{"type":"Feature","properties":{"nome":"","tipo":"yes"},"geometry":{"type":"LineString","coordinates":[[-49.4794433,-27.4928677],[-49.4795573,-27.4927452]]}},{"type":"Feature","properties":{"nome":"","tipo":"yes"},"geometry":{"type":"LineString","coordinates":[[-49.3662052,-27.3962969],[-49.3661491,-27.3964449]]}},{"type":"Feature","properties":{"nome":"","tipo":"yes"},"geometry":{"type":"LineString","coordinates":[[-49.3772569,-27.4023111],[-49.3771614,-27.4024393]]}},{"type":"Feature","properties":{"nome":"","tipo":"yes"},"geometry":{"type":"LineString","coordinates":[[-49.3967408,-27.4122392],[-49.3968462,-27.4120944]]}},{"type":"Feature","properties":{"nome":"","tipo":"yes"},"geometry":{"type":"LineString","coordinates":[[-49.3927509,-27.4168932],[-49.3928082,-27.4169802]]}},{"type":"Feature","properties":{"nome":"","tipo":"yes"},"geometry":{"type":"LineString","coordinates":[[-49.3717996,-27.3992806],[-49.3717571,-27.3993955]]}},{"type":"Feature","properties":{"nome":"","tipo":"yes"},"geometry":{"type":"LineString","coordinates":[[-49.382372,-27.3776899],[-49.3825439,-27.3777128]]}},{"type":"Feature","properties":{"nome":"","tipo":"yes"},"geometry":{"type":"LineString","coordinates":[[-49.3888228,-27.3805642],[-49.3889284,-27.3805435]]}},{"type":"Feature","properties":{"nome":"","tipo":"yes"},"geometry":{"type":"LineString","coordinates":[[-49.3937185,-27.3797646],[-49.3936378,-27.3797118]]}},{"type":"Feature","properties":{"nome":"","tipo":"yes"},"geometry":{"type":"LineString","coordinates":[[-49.396803,-27.3801225],[-49.3966247,-27.3801885]]}},{"type":"Feature","properties":{"nome":"","tipo":"yes"},"geometry":{"type":"LineString","coordinates":[[-49.4110561,-27.3870592],[-49.4109997,-27.3869941]]}},{"type":"Feature","properties":{"nome":"","tipo":"yes"},"geometry":{"type":"LineString","coordinates":[[-49.4279456,-27.3596925],[-49.4279101,-27.3596314]]}},{"type":"Feature","properties":{"nome":"","tipo":"yes"},"geometry":{"type":"LineString","coordinates":[[-49.4338997,-27.412973],[-49.4338707,-27.4130701]]}},{"type":"Feature","properties":{"nome":"","tipo":"yes"},"geometry":{"type":"LineString","coordinates":[[-49.4335196,-27.4163932],[-49.4335196,-27.4165175]]}},{"type":"Feature","properties":{"nome":"","tipo":"yes"},"geometry":{"type":"LineString","coordinates":[[-49.4329839,-27.4249303],[-49.4330069,-27.4249819]]}},{"type":"Feature","properties":{"nome":"","tipo":"yes"},"geometry":{"type":"LineString","coordinates":[[-49.4323386,-27.4243348],[-49.4322896,-27.424279]]}},{"type":"Feature","properties":{"nome":"","tipo":"yes"},"geometry":{"type":"LineString","coordinates":[[-49.431574,-27.42871],[-49.4315647,-27.4287857]]}},{"type":"Feature","properties":{"nome":"Rodovia Carlos Heinz Buchler","tipo":"yes"},"geometry":{"type":"LineString","coordinates":[[-49.4243937,-27.4336394],[-49.4244736,-27.4337663]]}},{"type":"Feature","properties":{"nome":"","tipo":"yes"},"geometry":{"type":"LineString","coordinates":[[-49.4187565,-27.4373345],[-49.4188833,-27.4374695]]}},{"type":"Feature","properties":{"nome":"","tipo":"yes"},"geometry":{"type":"LineString","coordinates":[[-49.3397929,-27.3613904],[-49.3398528,-27.3615981]]}},{"type":"Feature","properties":{"nome":"","tipo":"yes"},"geometry":{"type":"LineString","coordinates":[[-49.3534267,-27.3700975],[-49.3533621,-27.3701648]]}},{"type":"Feature","properties":{"nome":"","tipo":"yes"},"geometry":{"type":"LineString","coordinates":[[-49.2481499,-27.3069219],[-49.2481902,-27.3069744]]}},{"type":"Feature","properties":{"nome":"","tipo":"yes"},"geometry":{"type":"LineString","coordinates":[[-49.24694,-27.3090921],[-49.2468824,-27.3090373]]}},{"type":"Feature","properties":{"nome":"","tipo":"yes"},"geometry":{"type":"LineString","coordinates":[[-49.2465377,-27.3113175],[-49.2464686,-27.3113109]]}},{"type":"Feature","properties":{"nome":"","tipo":"yes"},"geometry":{"type":"LineString","coordinates":[[-49.3001472,-27.2687629],[-49.2999817,-27.2689561]]}},{"type":"Feature","properties":{"nome":"","tipo":"yes"},"geometry":{"type":"LineString","coordinates":[[-49.3270057,-27.3179649],[-49.3270161,-27.3180743]]}},{"type":"Feature","properties":{"nome":"","tipo":"yes"},"geometry":{"type":"LineString","coordinates":[[-49.3392327,-27.4463803],[-49.3393753,-27.4464496]]}},{"type":"Feature","properties":{"nome":"","tipo":"yes"},"geometry":{"type":"LineString","coordinates":[[-49.3396023,-27.449315],[-49.3396313,-27.4494678]]}},{"type":"Feature","properties":{"nome":"","tipo":"yes"},"geometry":{"type":"LineString","coordinates":[[-49.3338661,-27.4763041],[-49.3337374,-27.4764183]]}},{"type":"Feature","properties":{"nome":"","tipo":"yes"},"geometry":{"type":"LineString","coordinates":[[-49.3532209,-27.5264631],[-49.3533178,-27.5265654]]}},{"type":"Feature","properties":{"nome":"","tipo":"yes"},"geometry":{"type":"LineString","coordinates":[[-49.3387697,-27.5484612],[-49.3386817,-27.5484893]]}},{"type":"Feature","properties":{"nome":"","tipo":"yes"},"geometry":{"type":"LineString","coordinates":[[-49.3477286,-27.5363405],[-49.3478145,-27.5362505]]}},{"type":"Feature","properties":{"nome":"","tipo":"yes"},"geometry":{"type":"LineString","coordinates":[[-49.3250065,-27.582218],[-49.3251009,-27.5822473]]}},{"type":"Feature","properties":{"nome":"","tipo":"yes"},"geometry":{"type":"LineString","coordinates":[[-49.3366213,-27.4302463],[-49.3367476,-27.4303052]]}},{"type":"Feature","properties":{"nome":"","tipo":"yes"},"geometry":{"type":"LineString","coordinates":[[-49.3371555,-27.3505957],[-49.3369721,-27.3507386]]}},{"type":"Feature","properties":{"nome":"","tipo":"yes"},"geometry":{"type":"LineString","coordinates":[[-49.2583852,-27.2872442],[-49.2584893,-27.2872103]]}},{"type":"Feature","properties":{"nome":"","tipo":"yes"},"geometry":{"type":"LineString","coordinates":[[-49.3387327,-27.3147669],[-49.338763,-27.3146672]]}},{"type":"Feature","properties":{"nome":"","tipo":"yes"},"geometry":{"type":"LineString","coordinates":[[-49.3670829,-27.3228328],[-49.3670745,-27.322992]]}},{"type":"Feature","properties":{"nome":"Rua Willy Schroeder","tipo":"yes"},"geometry":{"type":"LineString","coordinates":[[-49.5194434,-27.2153731],[-49.5191427,-27.2154279]]}},{"type":"Feature","properties":{"nome":"Rua Otaviano Rosa","tipo":"yes"},"geometry":{"type":"LineString","coordinates":[[-48.975766,-27.1831095],[-48.9756935,-27.1830325]]}},{"type":"Feature","properties":{"nome":"","tipo":"yes"},"geometry":{"type":"LineString","coordinates":[[-48.9975911,-27.2138102],[-48.9974892,-27.2138102]]}},{"type":"Feature","properties":{"nome":"","tipo":"yes"},"geometry":{"type":"LineString","coordinates":[[-48.9791442,-27.1894035],[-48.9790732,-27.1894416]]}},{"type":"Feature","properties":{"nome":"","tipo":"yes"},"geometry":{"type":"LineString","coordinates":[[-48.965748,-27.1722361],[-48.9655602,-27.1723459]]}},{"type":"Feature","properties":{"nome":"Rua Jos\u00e9 Noldin","tipo":"yes"},"geometry":{"type":"LineString","coordinates":[[-48.8515681,-27.1057714],[-48.8514498,-27.1058569]]}},{"type":"Feature","properties":{"nome":"","tipo":"yes"},"geometry":{"type":"LineString","coordinates":[[-48.8485879,-27.1122911],[-48.8485318,-27.1122428]]}},{"type":"Feature","properties":{"nome":"","tipo":"yes"},"geometry":{"type":"LineString","coordinates":[[-49.5907623,-27.3962483],[-49.5906839,-27.3961507]]}},{"type":"Feature","properties":{"nome":"","tipo":"yes"},"geometry":{"type":"LineString","coordinates":[[-49.3451595,-27.6908927],[-49.3451819,-27.6904604]]}},{"type":"Feature","properties":{"nome":"","tipo":"yes"},"geometry":{"type":"LineString","coordinates":[[-49.5318778,-27.479168],[-49.5317893,-27.4793048]]}},{"type":"Feature","properties":{"nome":"","tipo":"yes"},"geometry":{"type":"LineString","coordinates":[[-49.3240079,-27.6170637],[-49.3239824,-27.6171576]]}},{"type":"Feature","properties":{"nome":"","tipo":"yes"},"geometry":{"type":"LineString","coordinates":[[-49.3414637,-27.6247993],[-49.3413913,-27.6248991]]}},{"type":"Feature","properties":{"nome":"","tipo":"yes"},"geometry":{"type":"LineString","coordinates":[[-49.3610412,-27.6529981],[-49.3608722,-27.652839]]}},{"type":"Feature","properties":{"nome":"","tipo":"yes"},"geometry":{"type":"LineString","coordinates":[[-49.4982033,-27.6842633],[-49.4981256,-27.6841869]]}},{"type":"Feature","properties":{"nome":"","tipo":"yes"},"geometry":{"type":"LineString","coordinates":[[-49.3260999,-27.7176689],[-49.3258961,-27.7176672]]}},{"type":"Feature","properties":{"nome":"","tipo":"yes"},"geometry":{"type":"LineString","coordinates":[[-49.3070676,-27.7322996],[-49.3071518,-27.7321374]]}},{"type":"Feature","properties":{"nome":"","tipo":"yes"},"geometry":{"type":"LineString","coordinates":[[-49.343896,-27.7043001],[-49.3437038,-27.7043201]]}},{"type":"Feature","properties":{"nome":"Rua S/D","tipo":"yes"},"geometry":{"type":"LineString","coordinates":[[-49.422776,-27.2941116],[-49.4227942,-27.2940447]]}},{"type":"Feature","properties":{"nome":"","tipo":"yes"},"geometry":{"type":"LineString","coordinates":[[-49.4130416,-27.2909325],[-49.4131141,-27.2906709]]}},{"type":"Feature","properties":{"nome":"","tipo":"yes"},"geometry":{"type":"LineString","coordinates":[[-49.0474202,-27.1841295],[-49.0473823,-27.184235]]}},{"type":"Feature","properties":{"nome":"Rodovia Prefeito \u00c9rico Knappmann","tipo":"yes"},"geometry":{"type":"LineString","coordinates":[[-49.4384123,-27.2931213],[-49.4385034,-27.2931492]]}},{"type":"Feature","properties":{"nome":"","tipo":"yes"},"geometry":{"type":"LineString","coordinates":[[-49.0323266,-27.0793511],[-49.0324187,-27.0793464]]}},{"type":"Feature","properties":{"nome":"Rua Gruenerwinkel","tipo":"yes"},"geometry":{"type":"LineString","coordinates":[[-49.0409409,-27.0914481],[-49.0412805,-27.0917811]]}},{"type":"Feature","properties":{"nome":"Rua Gruenerwinkel","tipo":"yes"},"geometry":{"type":"LineString","coordinates":[[-49.0448724,-27.0906675],[-49.0450667,-27.0907801]]}},{"type":"Feature","properties":{"nome":"Rua Floriano Krempel","tipo":"yes"},"geometry":{"type":"LineString","coordinates":[[-49.0371376,-27.0947677],[-49.0371258,-27.094686]]}},{"type":"Feature","properties":{"nome":"Rua Andrea Nicoletti","tipo":"yes"},"geometry":{"type":"LineString","coordinates":[[-49.0262164,-27.108286],[-49.0262391,-27.1083505]]}},{"type":"Feature","properties":{"nome":"","tipo":"yes"},"geometry":{"type":"LineString","coordinates":[[-49.0402874,-27.1077245],[-49.0403243,-27.1077996]]}},{"type":"Feature","properties":{"nome":"Rua Cristalina","tipo":"yes"},"geometry":{"type":"LineString","coordinates":[[-49.0599382,-27.1366741],[-49.0598805,-27.1367533]]}},{"type":"Feature","properties":{"nome":"Rua Santo Ant\u00f4nio","tipo":"yes"},"geometry":{"type":"LineString","coordinates":[[-49.0621755,-27.1342293],[-49.0622557,-27.1342696]]}},{"type":"Feature","properties":{"nome":"","tipo":"yes"},"geometry":{"type":"LineString","coordinates":[[-49.5191494,-27.5258577],[-49.5190635,-27.5258292]]}},{"type":"Feature","properties":{"nome":"","tipo":"yes"},"geometry":{"type":"LineString","coordinates":[[-49.1184851,-27.1663838],[-49.1185594,-27.1663641]]}},{"type":"Feature","properties":{"nome":"Rua Samuel Comandolli","tipo":"yes"},"geometry":{"type":"LineString","coordinates":[[-49.1163105,-27.1640751],[-49.1162755,-27.1641526]]}},{"type":"Feature","properties":{"nome":"","tipo":"yes"},"geometry":{"type":"LineString","coordinates":[[-49.4408302,-27.5815977],[-49.4407202,-27.5813731]]}},{"type":"Feature","properties":{"nome":"","tipo":"yes"},"geometry":{"type":"LineString","coordinates":[[-49.3649659,-27.3222845],[-49.3649343,-27.3223847]]}},{"type":"Feature","properties":{"nome":"","tipo":"yes"},"geometry":{"type":"LineString","coordinates":[[-49.3306404,-27.3159212],[-49.330641,-27.3158431]]}},{"type":"Feature","properties":{"nome":"","tipo":"yes"},"geometry":{"type":"LineString","coordinates":[[-49.5671301,-27.4785017],[-49.5672213,-27.4785731]]}},{"type":"Feature","properties":{"nome":"","tipo":"yes"},"geometry":{"type":"LineString","coordinates":[[-49.5635225,-27.4819557],[-49.563434,-27.4819212]]}},{"type":"Feature","properties":{"nome":"","tipo":"yes"},"geometry":{"type":"LineString","coordinates":[[-49.3808198,-27.4851775],[-49.3808118,-27.4850788]]}},{"type":"Feature","properties":{"nome":"","tipo":"yes"},"geometry":{"type":"LineString","coordinates":[[-49.4208799,-27.5764042],[-49.4207619,-27.576403]]}},{"type":"Feature","properties":{"nome":"","tipo":"yes"},"geometry":{"type":"LineString","coordinates":[[-49.4038251,-27.5611444],[-49.4037433,-27.561161]]}},{"type":"Feature","properties":{"nome":"","tipo":"yes"},"geometry":{"type":"LineString","coordinates":[[-49.3057921,-27.6928314],[-49.3057714,-27.6925915]]}},{"type":"Feature","properties":{"nome":"","tipo":"yes"},"geometry":{"type":"LineString","coordinates":[[-49.3744309,-27.6272893],[-49.3744729,-27.6274543]]}},{"type":"Feature","properties":{"nome":"","tipo":"yes"},"geometry":{"type":"LineString","coordinates":[[-49.3924276,-27.6166886],[-49.392196,-27.6166533]]}},{"type":"Feature","properties":{"nome":"","tipo":"yes"},"geometry":{"type":"LineString","coordinates":[[-49.2777157,-27.7481432],[-49.2773496,-27.7484661]]}},{"type":"Feature","properties":{"nome":"","tipo":"yes"},"geometry":{"type":"LineString","coordinates":[[-49.2141607,-27.7367783],[-49.213973,-27.7367094]]}},{"type":"Feature","properties":{"nome":"","tipo":"yes"},"geometry":{"type":"LineString","coordinates":[[-49.2261291,-27.7360563],[-49.2261177,-27.7358631]]}},{"type":"Feature","properties":{"nome":"","tipo":"yes"},"geometry":{"type":"LineString","coordinates":[[-49.233604,-27.715729],[-49.2336939,-27.7158013]]}},{"type":"Feature","properties":{"nome":"Rua Manoel Fernandes de Almeida","tipo":"yes"},"geometry":{"type":"LineString","coordinates":[[-49.2001912,-27.6706308],[-49.2002853,-27.6705636]]}},{"type":"Feature","properties":{"nome":"","tipo":"yes"},"geometry":{"type":"LineString","coordinates":[[-49.4205353,-27.3711147],[-49.4206184,-27.3711456]]}},{"type":"Feature","properties":{"nome":"","tipo":"yes"},"geometry":{"type":"LineString","coordinates":[[-49.4446671,-27.4577614],[-49.4448834,-27.4578419]]}},{"type":"Feature","properties":{"nome":"","tipo":"yes"},"geometry":{"type":"LineString","coordinates":[[-49.5331403,-27.6101006],[-49.5329664,-27.6102586]]}},{"type":"Feature","properties":{"nome":"","tipo":"yes"},"geometry":{"type":"LineString","coordinates":[[-49.5064336,-27.6062471],[-49.5063888,-27.6059876]]}},{"type":"Feature","properties":{"nome":"","tipo":"yes"},"geometry":{"type":"LineString","coordinates":[[-49.3760978,-27.4350259],[-49.3762654,-27.435039]]}},{"type":"Feature","properties":{"nome":"","tipo":"yes"},"geometry":{"type":"LineString","coordinates":[[-49.2445984,-27.2839721],[-49.2446803,-27.2839882]]}},{"type":"Feature","properties":{"nome":"","tipo":"yes"},"geometry":{"type":"LineString","coordinates":[[-49.4314693,-27.530082],[-49.4313875,-27.5302342]]}},{"type":"Feature","properties":{"nome":"","tipo":"yes"},"geometry":{"type":"LineString","coordinates":[[-49.5397889,-27.1175574],[-49.5397026,-27.1174738]]}},{"type":"Feature","properties":{"nome":"","tipo":"yes"},"geometry":{"type":"LineString","coordinates":[[-49.2951688,-27.7307409],[-49.2948698,-27.7305546]]}},{"type":"Feature","properties":{"nome":"","tipo":"yes"},"geometry":{"type":"LineString","coordinates":[[-49.5618099,-27.3940693],[-49.5618642,-27.3940127]]}},{"type":"Feature","properties":{"nome":"","tipo":"yes"},"geometry":{"type":"LineString","coordinates":[[-49.5779997,-27.128479],[-49.5779058,-27.1285435]]}},{"type":"Feature","properties":{"nome":"","tipo":"yes"},"geometry":{"type":"LineString","coordinates":[[-49.5702703,-27.124798],[-49.5703145,-27.1247276]]}},{"type":"Feature","properties":{"nome":"","tipo":"yes"},"geometry":{"type":"LineString","coordinates":[[-49.5647816,-27.1230906],[-49.564803,-27.1232038]]}},{"type":"Feature","properties":{"nome":"","tipo":"yes"},"geometry":{"type":"LineString","coordinates":[[-49.5588099,-27.121254],[-49.5588785,-27.1211813]]}},{"type":"Feature","properties":{"nome":"","tipo":"yes"},"geometry":{"type":"LineString","coordinates":[[-49.5497936,-27.11607],[-49.5497963,-27.1158934]]}},{"type":"Feature","properties":{"nome":"","tipo":"yes"},"geometry":{"type":"LineString","coordinates":[[-49.542506,-27.1166144],[-49.5423947,-27.1165058]]}},{"type":"Feature","properties":{"nome":"","tipo":"yes"},"geometry":{"type":"LineString","coordinates":[[-49.5295433,-27.127084],[-49.5294299,-27.1271678]]}},{"type":"Feature","properties":{"nome":"","tipo":"yes"},"geometry":{"type":"LineString","coordinates":[[-49.5271967,-27.1325586],[-49.5270989,-27.1325729]]}},{"type":"Feature","properties":{"nome":"","tipo":"yes"},"geometry":{"type":"LineString","coordinates":[[-48.927099,-27.0985667],[-48.9277808,-27.0992186]]}},{"type":"Feature","properties":{"nome":"Rua CA-05","tipo":"yes"},"geometry":{"type":"LineString","coordinates":[[-48.9643913,-27.1700967],[-48.9645651,-27.1700977]]}},{"type":"Feature","properties":{"nome":"Rua 100","tipo":"yes"},"geometry":{"type":"LineString","coordinates":[[-48.9661959,-27.1736283],[-48.9660135,-27.1736274]]}},{"type":"Feature","properties":{"nome":"","tipo":"yes"},"geometry":{"type":"LineString","coordinates":[[-49.0222915,-27.1706248],[-49.0216664,-27.1705155]]}},{"type":"Feature","properties":{"nome":"","tipo":"yes"},"geometry":{"type":"LineString","coordinates":[[-49.0309913,-27.1958891],[-49.0309491,-27.1958188],[-49.0307245,-27.1955492]]}},{"type":"Feature","properties":{"nome":"","tipo":"yes"},"geometry":{"type":"LineString","coordinates":[[-49.0254807,-27.1839253],[-49.0250072,-27.1840764],[-49.024668,-27.1841847]]}},{"type":"Feature","properties":{"nome":"","tipo":"yes"},"geometry":{"type":"LineString","coordinates":[[-49.0482688,-27.1206466],[-49.0485424,-27.1207492]]}},{"type":"Feature","properties":{"nome":"Ponte Ingomar Bachmann","tipo":"yes"},"geometry":{"type":"LineString","coordinates":[[-49.5993179,-27.1886681],[-49.5986776,-27.1891961]]}},{"type":"Feature","properties":{"nome":"","tipo":"yes"},"geometry":{"type":"LineString","coordinates":[[-49.555451,-27.5033544],[-49.555363,-27.5039805]]}},{"type":"Feature","properties":{"nome":"","tipo":"yes"},"geometry":{"type":"LineString","coordinates":[[-49.3038602,-27.770144],[-49.3037757,-27.7702521]]}},{"type":"Feature","properties":{"nome":"","tipo":"yes"},"geometry":{"type":"LineString","coordinates":[[-49.3058393,-27.7324964],[-49.3057097,-27.7324688]]}},{"type":"Feature","properties":{"nome":"","tipo":"yes"},"geometry":{"type":"LineString","coordinates":[[-49.3954003,-27.754261],[-49.3955219,-27.7542003]]}},{"type":"Feature","properties":{"nome":"Rodovia Ulysses Guimar\u00e3es","tipo":"yes"},"geometry":{"type":"LineString","coordinates":[[-49.3883874,-27.7490382],[-49.3881691,-27.7486168]]}},{"type":"Feature","properties":{"nome":"","tipo":"yes"},"geometry":{"type":"LineString","coordinates":[[-48.9588117,-27.1000496],[-48.9591577,-27.1000469]]}},{"type":"Feature","properties":{"nome":"","tipo":"yes"},"geometry":{"type":"LineString","coordinates":[[-49.0581071,-27.1903602],[-49.057617,-27.1910159]]}},{"type":"Feature","properties":{"nome":"","tipo":"yes"},"geometry":{"type":"LineString","coordinates":[[-49.0494875,-27.191188],[-49.0501127,-27.1911559]]}},{"type":"Feature","properties":{"nome":"","tipo":"yes"},"geometry":{"type":"LineString","coordinates":[[-49.0465843,-27.1941972],[-49.0463242,-27.194948]]}},{"type":"Feature","properties":{"nome":"","tipo":"yes"},"geometry":{"type":"LineString","coordinates":[[-49.050267,-27.1846317],[-49.0496796,-27.1856004]]}},{"type":"Feature","properties":{"nome":"","tipo":"yes"},"geometry":{"type":"LineString","coordinates":[[-49.0932736,-27.1911427],[-49.0930364,-27.1905512]]}},{"type":"Feature","properties":{"nome":"","tipo":"yes"},"geometry":{"type":"LineString","coordinates":[[-49.1124666,-27.1847481],[-49.1133219,-27.1848258]]}},{"type":"Feature","properties":{"nome":"","tipo":"yes"},"geometry":{"type":"LineString","coordinates":[[-49.1479037,-27.2025793],[-49.1477206,-27.2031107]]}},{"type":"Feature","properties":{"nome":"","tipo":"yes"},"geometry":{"type":"LineString","coordinates":[[-49.1543636,-27.2045667],[-49.1534114,-27.2043926]]}},{"type":"Feature","properties":{"nome":"","tipo":"yes"},"geometry":{"type":"LineString","coordinates":[[-49.0799448,-27.1954805],[-49.0792577,-27.1959846]]}},{"type":"Feature","properties":{"nome":"Estrada Geral Barrinha","tipo":"yes"},"geometry":{"type":"LineString","coordinates":[[-49.3617397,-27.260604],[-49.3616956,-27.2605416]]}},{"type":"Feature","properties":{"nome":"","tipo":"yes"},"geometry":{"type":"LineString","coordinates":[[-49.532716,-27.1481091],[-49.5316914,-27.1484504]]}},{"type":"Feature","properties":{"nome":"","tipo":"yes"},"geometry":{"type":"LineString","coordinates":[[-49.1612872,-27.2244496],[-49.1612284,-27.2246524]]}},{"type":"Feature","properties":{"nome":"","tipo":"yes"},"geometry":{"type":"LineString","coordinates":[[-49.2519128,-27.7722924],[-49.2517707,-27.7723161]]}},{"type":"Feature","properties":{"nome":"","tipo":"yes"},"geometry":{"type":"LineString","coordinates":[[-49.2745565,-27.6911189],[-49.2745726,-27.6910191]]}},{"type":"Feature","properties":{"nome":"","tipo":"yes"},"geometry":{"type":"LineString","coordinates":[[-49.3097641,-27.691728],[-49.3098338,-27.6918433]]}},{"type":"Feature","properties":{"nome":"","tipo":"yes"},"geometry":{"type":"LineString","coordinates":[[-49.3043044,-27.6791529],[-49.3042481,-27.6790912]]}},{"type":"Feature","properties":{"nome":"","tipo":"yes"},"geometry":{"type":"LineString","coordinates":[[-49.3001336,-27.6963437],[-49.2999619,-27.6965242]]}},{"type":"Feature","properties":{"nome":"","tipo":"yes"},"geometry":{"type":"LineString","coordinates":[[-49.4297889,-27.7130451],[-49.4297406,-27.7128599]]}},{"type":"Feature","properties":{"nome":"","tipo":"yes"},"geometry":{"type":"LineString","coordinates":[[-49.4193263,-27.6986204],[-49.419281,-27.698468]]}},{"type":"Feature","properties":{"nome":"","tipo":"yes"},"geometry":{"type":"LineString","coordinates":[[-49.4069912,-27.6717178],[-49.4069596,-27.6716275]]}},{"type":"Feature","properties":{"nome":"","tipo":"yes"},"geometry":{"type":"LineString","coordinates":[[-49.4094822,-27.6653222],[-49.4093894,-27.6653012]]}},{"type":"Feature","properties":{"nome":"","tipo":"yes"},"geometry":{"type":"LineString","coordinates":[[-49.3169884,-27.6640103],[-49.317002,-27.663932],[-49.3170059,-27.6638598],[-49.3169823,-27.6637922]]}},{"type":"Feature","properties":{"nome":"","tipo":"yes"},"geometry":{"type":"LineString","coordinates":[[-49.3330201,-27.6740935],[-49.3328968,-27.6740199]]}},{"type":"Feature","properties":{"nome":"","tipo":"yes"},"geometry":{"type":"LineString","coordinates":[[-49.3458036,-27.6873497],[-49.3459028,-27.6874352]]}},{"type":"Feature","properties":{"nome":"","tipo":"yes"},"geometry":{"type":"LineString","coordinates":[[-49.4529927,-27.6734213],[-49.4530275,-27.6735282]]}},{"type":"Feature","properties":{"nome":"","tipo":"yes"},"geometry":{"type":"LineString","coordinates":[[-49.4410461,-27.6567448],[-49.441144,-27.6566699]]}},{"type":"Feature","properties":{"nome":"","tipo":"yes"},"geometry":{"type":"LineString","coordinates":[[-49.3828293,-27.554013],[-49.3828207,-27.5541177]]}},{"type":"Feature","properties":{"nome":"","tipo":"yes"},"geometry":{"type":"LineString","coordinates":[[-49.5626549,-27.6900983],[-49.5624582,-27.6900113]]}},{"type":"Feature","properties":{"nome":"","tipo":"yes"},"geometry":{"type":"LineString","coordinates":[[-49.5728038,-27.6788029],[-49.5726309,-27.6787042]]}},{"type":"Feature","properties":{"nome":"","tipo":"yes"},"geometry":{"type":"LineString","coordinates":[[-49.4772814,-27.7001423],[-49.4774437,-27.7001459]]}},{"type":"Feature","properties":{"nome":"","tipo":"yes"},"geometry":{"type":"LineString","coordinates":[[-49.4755742,-27.6945198],[-49.4755822,-27.6943678]]}},{"type":"Feature","properties":{"nome":"","tipo":"yes"},"geometry":{"type":"LineString","coordinates":[[-49.4758853,-27.6921092],[-49.4757579,-27.6920772]]}},{"type":"Feature","properties":{"nome":"","tipo":"yes"},"geometry":{"type":"LineString","coordinates":[[-49.4758049,-27.6883733],[-49.4757056,-27.6883045]]}},{"type":"Feature","properties":{"nome":"","tipo":"yes"},"geometry":{"type":"LineString","coordinates":[[-49.4799945,-27.6848035],[-49.4798872,-27.6847026]]}},{"type":"Feature","properties":{"nome":"","tipo":"yes"},"geometry":{"type":"LineString","coordinates":[[-49.5056713,-27.6537133],[-49.5058574,-27.6537952]]}},{"type":"Feature","properties":{"nome":"","tipo":"yes"},"geometry":{"type":"LineString","coordinates":[[-49.5042121,-27.6535018],[-49.5043704,-27.6533649]]}},{"type":"Feature","properties":{"nome":"","tipo":"yes"},"geometry":{"type":"LineString","coordinates":[[-49.5614612,-27.6948879],[-49.5613968,-27.6950138]]}},{"type":"Feature","properties":{"nome":"","tipo":"yes"},"geometry":{"type":"LineString","coordinates":[[-49.5597097,-27.6980263],[-49.5596883,-27.6981225]]}},{"type":"Feature","properties":{"nome":"","tipo":"yes"},"geometry":{"type":"LineString","coordinates":[[-49.5603588,-27.6980489],[-49.5602998,-27.6979159]]}},{"type":"Feature","properties":{"nome":"","tipo":"yes"},"geometry":{"type":"LineString","coordinates":[[-49.4688052,-27.4663535],[-49.4688839,-27.4663592]]}},{"type":"Feature","properties":{"nome":"","tipo":"yes"},"geometry":{"type":"LineString","coordinates":[[-49.5971225,-27.5444199],[-49.5972132,-27.5443924]]}},{"type":"Feature","properties":{"nome":"","tipo":"yes"},"geometry":{"type":"LineString","coordinates":[[-49.592143,-27.5405648],[-49.5922422,-27.540535]]}},{"type":"Feature","properties":{"nome":"","tipo":"yes"},"geometry":{"type":"LineString","coordinates":[[-49.5883353,-27.5347972],[-49.5884585,-27.5347808]]}},{"type":"Feature","properties":{"nome":"","tipo":"yes"},"geometry":{"type":"LineString","coordinates":[[-49.3337565,-27.7169152],[-49.3337745,-27.7168729]]}},{"type":"Feature","properties":{"nome":"","tipo":"yes"},"geometry":{"type":"LineString","coordinates":[[-49.326121,-27.7174391],[-49.3258833,-27.7173657]]}},{"type":"Feature","properties":{"nome":"","tipo":"yes"},"geometry":{"type":"LineString","coordinates":[[-49.2848128,-27.734663],[-49.2847189,-27.7348054]]}},{"type":"Feature","properties":{"nome":"","tipo":"yes"},"geometry":{"type":"LineString","coordinates":[[-49.2712864,-27.7403178],[-49.2711926,-27.7402727]]}},{"type":"Feature","properties":{"nome":"","tipo":"yes"},"geometry":{"type":"LineString","coordinates":[[-49.273223,-27.7406098],[-49.2731103,-27.7405695]]}},{"type":"Feature","properties":{"nome":"","tipo":"yes"},"geometry":{"type":"LineString","coordinates":[[-49.2762727,-27.7754334],[-49.2759964,-27.7754796]]}},{"type":"Feature","properties":{"nome":"","tipo":"yes"},"geometry":{"type":"LineString","coordinates":[[-49.2758483,-27.7816657],[-49.2755699,-27.7816615]]}},{"type":"Feature","properties":{"nome":"","tipo":"yes"},"geometry":{"type":"LineString","coordinates":[[-49.2688188,-27.7672753],[-49.2686445,-27.7671519]]}},{"type":"Feature","properties":{"nome":"","tipo":"yes"},"geometry":{"type":"LineString","coordinates":[[-49.1798955,-27.7490892],[-49.1797078,-27.7490892]]}},{"type":"Feature","properties":{"nome":"","tipo":"yes"},"geometry":{"type":"LineString","coordinates":[[-49.218742,-27.7533939],[-49.2187473,-27.7532882]]}},{"type":"Feature","properties":{"nome":"","tipo":"yes"},"geometry":{"type":"LineString","coordinates":[[-49.3549244,-27.0777064],[-49.3548252,-27.077636]]}},{"type":"Feature","properties":{"nome":"","tipo":"yes"},"geometry":{"type":"LineString","coordinates":[[-49.3534049,-27.1014105],[-49.3532574,-27.101506]]}},{"type":"Feature","properties":{"nome":"","tipo":"yes"},"geometry":{"type":"LineString","coordinates":[[-49.3735215,-27.1007443],[-49.3734705,-27.1008756]]}},{"type":"Feature","properties":{"nome":"","tipo":"yes"},"geometry":{"type":"LineString","coordinates":[[-49.3797831,-27.1040143],[-49.3797469,-27.1039056]]}},{"type":"Feature","properties":{"nome":"","tipo":"yes"},"geometry":{"type":"LineString","coordinates":[[-49.385566,-27.1079037],[-49.3855043,-27.1077485]]}},{"type":"Feature","properties":{"nome":"","tipo":"yes"},"geometry":{"type":"LineString","coordinates":[[-49.387123,-27.1133436],[-49.3869822,-27.1133759]]}},{"type":"Feature","properties":{"nome":"","tipo":"yes"},"geometry":{"type":"LineString","coordinates":[[-49.3633117,-27.1269035],[-49.3632017,-27.12682]]}},{"type":"Feature","properties":{"nome":"","tipo":"yes"},"geometry":{"type":"LineString","coordinates":[[-49.3609366,-27.1261301],[-49.3608239,-27.1260537]]}},{"type":"Feature","properties":{"nome":"","tipo":"yes"},"geometry":{"type":"LineString","coordinates":[[-49.5278183,-27.2371909],[-49.5276895,-27.2372266]]}},{"type":"Feature","properties":{"nome":"","tipo":"yes"},"geometry":{"type":"LineString","coordinates":[[-48.853401,-27.0984152],[-48.8533094,-27.0984134]]}},{"type":"Feature","properties":{"nome":"Rua Guilherme Kistenmacher","tipo":"yes"},"geometry":{"type":"LineString","coordinates":[[-48.8513436,-27.0920379],[-48.8512725,-27.0921378]]}},{"type":"Feature","properties":{"nome":"Rua Frederico Francisco Hoefelmann","tipo":"yes"},"geometry":{"type":"LineString","coordinates":[[-48.8529536,-27.0860938],[-48.8528276,-27.0861107]]}},{"type":"Feature","properties":{"nome":"Rua Lu\u00edza Eug\u00eania Floriani Kistenmacher","tipo":"yes"},"geometry":{"type":"LineString","coordinates":[[-48.8530555,-27.0940088],[-48.8529552,-27.0940523]]}},{"type":"Feature","properties":{"nome":"","tipo":"yes"},"geometry":{"type":"LineString","coordinates":[[-48.8507165,-27.1010367],[-48.8507062,-27.1010104],[-48.8506707,-27.1009194]]}},{"type":"Feature","properties":{"nome":"","tipo":"yes"},"geometry":{"type":"LineString","coordinates":[[-49.438313,-27.2689185],[-49.4382781,-27.2688041]]}},{"type":"Feature","properties":{"nome":"","tipo":"yes"},"geometry":{"type":"LineString","coordinates":[[-49.5011678,-27.3360257],[-49.5010525,-27.3360161]]}},{"type":"Feature","properties":{"nome":"","tipo":"yes"},"geometry":{"type":"LineString","coordinates":[[-49.5021844,-27.3368167],[-49.5021334,-27.3367095]]}},{"type":"Feature","properties":{"nome":"","tipo":"yes"},"geometry":{"type":"LineString","coordinates":[[-49.5009157,-27.3352584],[-49.5008513,-27.3351393]]}},{"type":"Feature","properties":{"nome":"","tipo":"yes"},"geometry":{"type":"LineString","coordinates":[[-49.4640179,-27.3727546],[-49.4639415,-27.3728332]]}},{"type":"Feature","properties":{"nome":"","tipo":"yes"},"geometry":{"type":"LineString","coordinates":[[-49.4459519,-27.3877059],[-49.445862,-27.3876821]]}},{"type":"Feature","properties":{"nome":"","tipo":"yes"},"geometry":{"type":"LineString","coordinates":[[-49.4452599,-27.3870391],[-49.4453993,-27.3869748]]}},{"type":"Feature","properties":{"nome":"","tipo":"yes"},"geometry":{"type":"LineString","coordinates":[[-49.4271791,-27.3343554],[-49.426994,-27.3343316]]}},{"type":"Feature","properties":{"nome":"","tipo":"yes"},"geometry":{"type":"LineString","coordinates":[[-49.2824851,-27.6966868],[-49.2826624,-27.6965538]]}},{"type":"Feature","properties":{"nome":"","tipo":"yes"},"geometry":{"type":"LineString","coordinates":[[-49.4312534,-27.1194291],[-49.4312292,-27.1193742]]}},{"type":"Feature","properties":{"nome":"","tipo":"yes"},"geometry":{"type":"LineString","coordinates":[[-49.4424811,-27.1122979],[-49.4426179,-27.1125032]]}},{"type":"Feature","properties":{"nome":"","tipo":"yes"},"geometry":{"type":"LineString","coordinates":[[-49.4268009,-27.1321623],[-49.4266212,-27.1321695]]}},{"type":"Feature","properties":{"nome":"","tipo":"yes"},"geometry":{"type":"LineString","coordinates":[[-49.4269538,-27.1296272],[-49.4268385,-27.1297251]]}},{"type":"Feature","properties":{"nome":"","tipo":"yes"},"geometry":{"type":"LineString","coordinates":[[-49.0260666,-27.1985964],[-49.0268943,-27.1987722]]}},{"type":"Feature","properties":{"nome":"","tipo":"covered"},"geometry":{"type":"LineString","coordinates":[[-48.9114079,-27.0994343],[-48.9114871,-27.0994652],[-48.9117975,-27.0996918],[-48.9120808,-27.0999007],[-48.9120947,-27.0999427]]}},{"type":"Feature","properties":{"nome":"","tipo":"yes"},"geometry":{"type":"LineString","coordinates":[[-48.9007218,-27.146137],[-48.9007756,-27.1461368]]}},{"type":"Feature","properties":{"nome":"Ponte Arquiteta Andr\u00e9a Patr\u00edcia Volkmann","tipo":"yes"},"geometry":{"type":"LineString","coordinates":[[-48.9058221,-27.0941337],[-48.9068958,-27.0936421]]}},{"type":"Feature","properties":{"nome":"","tipo":"yes"},"geometry":{"type":"LineString","coordinates":[[-49.5460253,-27.4793663],[-49.5459236,-27.4793636]]}},{"type":"Feature","properties":{"nome":"","tipo":"yes"},"geometry":{"type":"LineString","coordinates":[[-49.5480745,-27.4801056],[-49.5479989,-27.4800216]]}},{"type":"Feature","properties":{"nome":"Rua Pedro Lino Gesse","tipo":"yes"},"geometry":{"type":"LineString","coordinates":[[-49.5835412,-27.4155692],[-49.583486,-27.4154236]]}},{"type":"Feature","properties":{"nome":"Rua Jos\u00e9 Petry","tipo":"yes"},"geometry":{"type":"LineString","coordinates":[[-49.5921148,-27.4187442],[-49.5920438,-27.4186835]]}},{"type":"Feature","properties":{"nome":"Rua Erich Schumacher","tipo":"yes"},"geometry":{"type":"LineString","coordinates":[[-49.596613,-27.4180856],[-49.5966054,-27.4179525]]}},{"type":"Feature","properties":{"nome":"Rua Jorge Lacerda","tipo":"yes"},"geometry":{"type":"LineString","coordinates":[[-49.5991006,-27.4172078],[-49.5991127,-27.4170594]]}},{"type":"Feature","properties":{"nome":"","tipo":"yes"},"geometry":{"type":"LineString","coordinates":[[-49.4958853,-27.3183914],[-49.4957686,-27.318304]]}},{"type":"Feature","properties":{"nome":"","tipo":"yes"},"geometry":{"type":"LineString","coordinates":[[-49.5008889,-27.3312912],[-49.5009291,-27.3311982]]}},{"type":"Feature","properties":{"nome":"","tipo":"yes"},"geometry":{"type":"LineString","coordinates":[[-49.5010469,-27.3554569],[-49.5010025,-27.3553884]]}},{"type":"Feature","properties":{"nome":"","tipo":"yes"},"geometry":{"type":"LineString","coordinates":[[-49.5205594,-27.3578614],[-49.5204652,-27.3578889]]}},{"type":"Feature","properties":{"nome":"","tipo":"yes"},"geometry":{"type":"LineString","coordinates":[[-49.5448392,-27.3824942],[-49.5448028,-27.382633]]}},{"type":"Feature","properties":{"nome":"","tipo":"yes"},"geometry":{"type":"LineString","coordinates":[[-49.5544763,-27.3877423],[-49.5544955,-27.3878464]]}},{"type":"Feature","properties":{"nome":"","tipo":"yes"},"geometry":{"type":"LineString","coordinates":[[-49.4930153,-27.4026302],[-49.4930689,-27.40271]]}},{"type":"Feature","properties":{"nome":"","tipo":"yes"},"geometry":{"type":"LineString","coordinates":[[-49.4934431,-27.4104738],[-49.4933626,-27.4103976]]}},{"type":"Feature","properties":{"nome":"","tipo":"yes"},"geometry":{"type":"LineString","coordinates":[[-49.4937985,-27.4043507],[-49.4939366,-27.4044042]]}},{"type":"Feature","properties":{"nome":"","tipo":"yes"},"geometry":{"type":"LineString","coordinates":[[-49.4966403,-27.4046019],[-49.4965303,-27.4045614]]}},{"type":"Feature","properties":{"nome":"","tipo":"yes"},"geometry":{"type":"LineString","coordinates":[[-49.5035161,-27.4035494],[-49.5035181,-27.4034529]]}},{"type":"Feature","properties":{"nome":"","tipo":"yes"},"geometry":{"type":"LineString","coordinates":[[-49.5254247,-27.4065042],[-49.5255706,-27.4064949]]}},{"type":"Feature","properties":{"nome":"","tipo":"yes"},"geometry":{"type":"LineString","coordinates":[[-49.5337272,-27.4106297],[-49.5336119,-27.4107143]]}},{"type":"Feature","properties":{"nome":"","tipo":"yes"},"geometry":{"type":"LineString","coordinates":[[-49.3850537,-27.479306],[-49.3849973,-27.4793572]]}},{"type":"Feature","properties":{"nome":"","tipo":"yes"},"geometry":{"type":"LineString","coordinates":[[-49.3772337,-27.4368756],[-49.3771277,-27.436897]]}},{"type":"Feature","properties":{"nome":"","tipo":"yes"},"geometry":{"type":"LineString","coordinates":[[-49.3987249,-27.4491786],[-49.398631,-27.449212]]}},{"type":"Feature","properties":{"nome":"","tipo":"yes"},"geometry":{"type":"LineString","coordinates":[[-49.3976453,-27.4467614],[-49.3976869,-27.4466555]]}},{"type":"Feature","properties":{"nome":"","tipo":"yes"},"geometry":{"type":"LineString","coordinates":[[-49.3928548,-27.4402309],[-49.39296,-27.4401505]]}},{"type":"Feature","properties":{"nome":"","tipo":"yes"},"geometry":{"type":"LineString","coordinates":[[-49.3770325,-27.4358103],[-49.377109,-27.435915]]}},{"type":"Feature","properties":{"nome":"","tipo":"yes"},"geometry":{"type":"LineString","coordinates":[[-49.3750719,-27.4321966],[-49.3751751,-27.432205]]}},{"type":"Feature","properties":{"nome":"","tipo":"yes"},"geometry":{"type":"LineString","coordinates":[[-49.3720208,-27.4370982],[-49.3719537,-27.4371803]]}},{"type":"Feature","properties":{"nome":"","tipo":"yes"},"geometry":{"type":"LineString","coordinates":[[-49.3708205,-27.4416889],[-49.37085,-27.4417686]]}},{"type":"Feature","properties":{"nome":"","tipo":"yes"},"geometry":{"type":"LineString","coordinates":[[-49.3702103,-27.4433218],[-49.3702814,-27.4434206]]}},{"type":"Feature","properties":{"nome":"","tipo":"yes"},"geometry":{"type":"LineString","coordinates":[[-49.374766,-27.4959943],[-49.3748013,-27.4960041]]}},{"type":"Feature","properties":{"nome":"","tipo":"yes"},"geometry":{"type":"LineString","coordinates":[[-49.3755117,-27.4937992],[-49.3753883,-27.4937373]]}},{"type":"Feature","properties":{"nome":"","tipo":"yes"},"geometry":{"type":"LineString","coordinates":[[-49.4183331,-27.4415722],[-49.4182608,-27.4416972]]}},{"type":"Feature","properties":{"nome":"","tipo":"yes"},"geometry":{"type":"LineString","coordinates":[[-49.4425052,-27.4311872],[-49.4425819,-27.4310794]]}},{"type":"Feature","properties":{"nome":"","tipo":"yes"},"geometry":{"type":"LineString","coordinates":[[-49.4442931,-27.3977972],[-49.444436,-27.3978026]]}},{"type":"Feature","properties":{"nome":"","tipo":"yes"},"geometry":{"type":"LineString","coordinates":[[-49.4438812,-27.3868057],[-49.4438028,-27.386885]]}},{"type":"Feature","properties":{"nome":"","tipo":"yes"},"geometry":{"type":"LineString","coordinates":[[-49.4438919,-27.3684802],[-49.443967,-27.3685707]]}},{"type":"Feature","properties":{"nome":"","tipo":"yes"},"geometry":{"type":"LineString","coordinates":[[-49.4390184,-27.3757784],[-49.439005,-27.3756998]]}},{"type":"Feature","properties":{"nome":"","tipo":"yes"},"geometry":{"type":"LineString","coordinates":[[-49.4371918,-27.376743],[-49.4371351,-27.3768523]]}},{"type":"Feature","properties":{"nome":"","tipo":"yes"},"geometry":{"type":"LineString","coordinates":[[-49.4203435,-27.3911416],[-49.4203425,-27.3910175]]}},{"type":"Feature","properties":{"nome":"","tipo":"yes"},"geometry":{"type":"LineString","coordinates":[[-49.3684293,-27.369963],[-49.368491,-27.3699082]]}},{"type":"Feature","properties":{"nome":"Estrada Geral Molungu","tipo":"yes"},"geometry":{"type":"LineString","coordinates":[[-49.339191,-27.454851],[-49.3393189,-27.454856]]}},{"type":"Feature","properties":{"nome":"","tipo":"yes"},"geometry":{"type":"LineString","coordinates":[[-49.3461925,-27.4635329],[-49.3462088,-27.4636946]]}},{"type":"Feature","properties":{"nome":"","tipo":"yes"},"geometry":{"type":"LineString","coordinates":[[-49.3434212,-27.4555986],[-49.3433634,-27.4556627]]}},{"type":"Feature","properties":{"nome":"","tipo":"yes"},"geometry":{"type":"LineString","coordinates":[[-49.3258622,-27.4424318],[-49.3258132,-27.4425306]]}},{"type":"Feature","properties":{"nome":"","tipo":"yes"},"geometry":{"type":"LineString","coordinates":[[-49.3274651,-27.4405719],[-49.3275434,-27.4404751]]}},{"type":"Feature","properties":{"nome":"Estrada Geral Molungu","tipo":"yes"},"geometry":{"type":"LineString","coordinates":[[-49.3356844,-27.438474],[-49.33568,-27.43858]]}},{"type":"Feature","properties":{"nome":"","tipo":"yes"},"geometry":{"type":"LineString","coordinates":[[-49.3187696,-27.4299064],[-49.3189211,-27.4299148]]}},{"type":"Feature","properties":{"nome":"","tipo":"yes"},"geometry":{"type":"LineString","coordinates":[[-49.3253678,-27.4298922],[-49.325463,-27.4299576]]}},{"type":"Feature","properties":{"nome":"Estrada Geral Molungu","tipo":"yes"},"geometry":{"type":"LineString","coordinates":[[-49.33622,-27.4274591],[-49.3361731,-27.4276103]]}},{"type":"Feature","properties":{"nome":"Estrada Geral Lembran\u00e7a","tipo":"yes"},"geometry":{"type":"LineString","coordinates":[[-49.3551591,-27.4254783],[-49.3551806,-27.4255974]]}},{"type":"Feature","properties":{"nome":"","tipo":"yes"},"geometry":{"type":"LineString","coordinates":[[-49.3519707,-27.3742944],[-49.3519922,-27.3744059]]}},{"type":"Feature","properties":{"nome":"Estrada Geral Rio dos Bugres","tipo":"yes"},"geometry":{"type":"LineString","coordinates":[[-49.3075976,-27.3681535],[-49.307577,-27.3682461]]}},{"type":"Feature","properties":{"nome":"","tipo":"yes"},"geometry":{"type":"LineString","coordinates":[[-49.3134722,-27.3339944],[-49.3134273,-27.3341582]]}},{"type":"Feature","properties":{"nome":"Estrada Geral Lembran\u00e7a","tipo":"yes"},"geometry":{"type":"LineString","coordinates":[[-49.3552785,-27.4377255],[-49.3552967,-27.4378018]]}},{"type":"Feature","properties":{"nome":"Estrada Geral Tr\u00eas Ranchos","tipo":"yes"},"geometry":{"type":"LineString","coordinates":[[-49.4535667,-27.3125654],[-49.4536713,-27.3123941]]}},{"type":"Feature","properties":{"nome":"","tipo":"yes"},"geometry":{"type":"LineString","coordinates":[[-49.4414979,-27.2932149],[-49.4415507,-27.2933086]]}},{"type":"Feature","properties":{"nome":"","tipo":"yes"},"geometry":{"type":"LineString","coordinates":[[-49.4246707,-27.3082417],[-49.4247899,-27.3082828],[-49.4248824,-27.3083286]]}},{"type":"Feature","properties":{"nome":"Estrada Geral Barra do Rio Antinha","tipo":"yes"},"geometry":{"type":"LineString","coordinates":[[-49.4253016,-27.3079231],[-49.4252908,-27.308059]]}},{"type":"Feature","properties":{"nome":"Estrada Geral Barra do Rio Antinha","tipo":"yes"},"geometry":{"type":"LineString","coordinates":[[-49.4223967,-27.2982752],[-49.4222975,-27.2984179]]}},{"type":"Feature","properties":{"nome":"Rodovia Prefeito \u00c9rico Knappmann","tipo":"yes"},"geometry":{"type":"LineString","coordinates":[[-49.420838,-27.294359],[-49.4209399,-27.294409]]}},{"type":"Feature","properties":{"nome":"","tipo":"yes"},"geometry":{"type":"LineString","coordinates":[[-49.4375217,-27.2724828],[-49.4374653,-27.2725531]]}},{"type":"Feature","properties":{"nome":"","tipo":"yes"},"geometry":{"type":"LineString","coordinates":[[-49.4361431,-27.2747631],[-49.436147,-27.2748668]]}},{"type":"Feature","properties":{"nome":"","tipo":"yes"},"geometry":{"type":"LineString","coordinates":[[-49.4356693,-27.2768658],[-49.4357667,-27.2769505]]}},{"type":"Feature","properties":{"nome":"","tipo":"yes"},"geometry":{"type":"LineString","coordinates":[[-49.4176759,-27.2904157],[-49.4177841,-27.2904515]]}},{"type":"Feature","properties":{"nome":"Estrada Geral Boa Esperan\u00e7a","tipo":"yes"},"geometry":{"type":"LineString","coordinates":[[-49.3961809,-27.2576123],[-49.3962215,-27.2575048]]}},{"type":"Feature","properties":{"nome":"Estrada Geral Boa Esperan\u00e7a","tipo":"yes"},"geometry":{"type":"LineString","coordinates":[[-49.3948987,-27.2657745],[-49.3948962,-27.2656677]]}},{"type":"Feature","properties":{"nome":"","tipo":"yes"},"geometry":{"type":"LineString","coordinates":[[-49.3941289,-27.2684489],[-49.3941758,-27.2683586]]}},{"type":"Feature","properties":{"nome":"","tipo":"yes"},"geometry":{"type":"LineString","coordinates":[[-49.4074468,-27.2644554],[-49.4074991,-27.2643564]]}},{"type":"Feature","properties":{"nome":"","tipo":"yes"},"geometry":{"type":"LineString","coordinates":[[-49.3998914,-27.2662227],[-49.3999982,-27.2662126]]}},{"type":"Feature","properties":{"nome":"Avenida Jo\u00e3o XXIII","tipo":"yes"},"geometry":{"type":"LineString","coordinates":[[-49.38932,-27.2778657],[-49.3895077,-27.2778705]]}},{"type":"Feature","properties":{"nome":"Avenida Desembargador Erico Torres","tipo":"yes"},"geometry":{"type":"LineString","coordinates":[[-49.3880823,-27.2786435],[-49.388212,-27.278662]]}},{"type":"Feature","properties":{"nome":"","tipo":"yes"},"geometry":{"type":"LineString","coordinates":[[-49.3761344,-27.2386757],[-49.3760323,-27.2387384]]}},{"type":"Feature","properties":{"nome":"","tipo":"yes"},"geometry":{"type":"LineString","coordinates":[[-49.2921277,-27.3217618],[-49.2921567,-27.3216189]]}},{"type":"Feature","properties":{"nome":"","tipo":"yes"},"geometry":{"type":"LineString","coordinates":[[-49.3197511,-27.3180674],[-49.319717,-27.3181974]]}},{"type":"Feature","properties":{"nome":"","tipo":"yes"},"geometry":{"type":"LineString","coordinates":[[-49.3099585,-27.2498964],[-49.3099925,-27.2498051]]}},{"type":"Feature","properties":{"nome":"","tipo":"yes"},"geometry":{"type":"LineString","coordinates":[[-49.3080148,-27.2577997],[-49.3081302,-27.2577072]]}},{"type":"Feature","properties":{"nome":"","tipo":"yes"},"geometry":{"type":"LineString","coordinates":[[-49.2721286,-27.3003321],[-49.2720696,-27.300468]]}},{"type":"Feature","properties":{"nome":"","tipo":"yes"},"geometry":{"type":"LineString","coordinates":[[-49.2117947,-27.2711015],[-49.2118799,-27.2710703]]}},{"type":"Feature","properties":{"nome":"","tipo":"yes"},"geometry":{"type":"LineString","coordinates":[[-49.1648462,-27.2287817],[-49.1650106,-27.2287913]]}},{"type":"Feature","properties":{"nome":"","tipo":"yes"},"geometry":{"type":"LineString","coordinates":[[-49.1683034,-27.232427],[-49.1683522,-27.232308]]}},{"type":"Feature","properties":{"nome":"","tipo":"yes"},"geometry":{"type":"LineString","coordinates":[[-49.176418,-27.2414369],[-49.1764972,-27.2413964]]}},{"type":"Feature","properties":{"nome":"","tipo":"yes"},"geometry":{"type":"LineString","coordinates":[[-49.1690835,-27.2342504],[-49.1689226,-27.2342194]]}},{"type":"Feature","properties":{"nome":"","tipo":"yes"},"geometry":{"type":"LineString","coordinates":[[-49.2111418,-27.2700631],[-49.2111653,-27.2699633]]}},{"type":"Feature","properties":{"nome":"","tipo":"yes"},"geometry":{"type":"LineString","coordinates":[[-49.1935225,-27.2617156],[-49.193436,-27.2618099]]}},{"type":"Feature","properties":{"nome":"","tipo":"yes"},"geometry":{"type":"LineString","coordinates":[[-49.1839405,-27.2496295],[-49.1840824,-27.2497403]]}},{"type":"Feature","properties":{"nome":"","tipo":"yes"},"geometry":{"type":"LineString","coordinates":[[-49.1773788,-27.2429321],[-49.177477,-27.2430157]]}},{"type":"Feature","properties":{"nome":"ROD 411","tipo":"yes"},"geometry":{"type":"LineString","coordinates":[[-49.5468995,-27.2925665],[-49.5471329,-27.2925925]]}},{"type":"Feature","properties":{"nome":"SD014","tipo":"yes"},"geometry":{"type":"LineString","coordinates":[[-49.5785683,-27.2930647],[-49.578512,-27.2929241]]}},{"type":"Feature","properties":{"nome":"","tipo":"yes"},"geometry":{"type":"LineString","coordinates":[[-49.588671,-27.2980243],[-49.5884737,-27.2981727]]}},{"type":"Feature","properties":{"nome":"","tipo":"yes"},"geometry":{"type":"LineString","coordinates":[[-49.5724663,-27.3697188],[-49.5724636,-27.369564]]}},{"type":"Feature","properties":{"nome":"","tipo":"yes"},"geometry":{"type":"LineString","coordinates":[[-49.5740195,-27.368454],[-49.574087,-27.368608]]}},{"type":"Feature","properties":{"nome":"","tipo":"yes"},"geometry":{"type":"LineString","coordinates":[[-49.5630759,-27.3515371],[-49.5631778,-27.3514822]]}},{"type":"Feature","properties":{"nome":"","tipo":"yes"},"geometry":{"type":"LineString","coordinates":[[-49.5703393,-27.3556239],[-49.5702535,-27.3555119]]}},{"type":"Feature","properties":{"nome":"","tipo":"yes"},"geometry":{"type":"LineString","coordinates":[[-49.573971,-27.3576929],[-49.5740542,-27.3575547]]}},{"type":"Feature","properties":{"nome":"","tipo":"yes"},"geometry":{"type":"LineString","coordinates":[[-49.5771651,-27.3592063],[-49.5772294,-27.3590421]]}},{"type":"Feature","properties":{"nome":"","tipo":"yes"},"geometry":{"type":"LineString","coordinates":[[-49.5547934,-27.3273233],[-49.5549797,-27.3273083]]}},{"type":"Feature","properties":{"nome":"","tipo":"yes"},"geometry":{"type":"LineString","coordinates":[[-49.567911,-27.334441],[-49.567978,-27.334476]]}},{"type":"Feature","properties":{"nome":"","tipo":"yes"},"geometry":{"type":"LineString","coordinates":[[-49.5945625,-27.3349137],[-49.5944282,-27.335044]]}},{"type":"Feature","properties":{"nome":"","tipo":"yes"},"geometry":{"type":"LineString","coordinates":[[-49.5933503,-27.321564],[-49.5934009,-27.3214093]]}},{"type":"Feature","properties":{"nome":"SE 04","tipo":"yes"},"geometry":{"type":"LineString","coordinates":[[-49.046089,-27.240482],[-49.0460845,-27.24057]]}},{"type":"Feature","properties":{"nome":"Rua Luiz Eduardo Rescarolli","tipo":"yes"},"geometry":{"type":"LineString","coordinates":[[-49.0459556,-27.2413391],[-49.0460948,-27.2413751]]}},{"type":"Feature","properties":{"nome":"Rua David Hort","tipo":"yes"},"geometry":{"type":"LineString","coordinates":[[-48.9675821,-27.1790244],[-48.9676523,-27.1790781]]}},{"type":"Feature","properties":{"nome":"Rua Greg\u00f3rio de Souza e Silva","tipo":"yes"},"geometry":{"type":"LineString","coordinates":[[-48.9669119,-27.1812705],[-48.9668617,-27.1813237]]}},{"type":"Feature","properties":{"nome":"","tipo":"yes"},"geometry":{"type":"LineString","coordinates":[[-48.9618806,-27.1898265],[-48.9618046,-27.1897928]]}},{"type":"Feature","properties":{"nome":"Ponte Norberto F\u00fcrbringer","tipo":"yes"},"geometry":{"type":"LineString","coordinates":[[-48.9421702,-27.1081461],[-48.9421698,-27.1081465],[-48.9416359,-27.1087181],[-48.9416357,-27.1087184]]}},{"type":"Feature","properties":{"nome":"","tipo":"yes"},"geometry":{"type":"LineString","coordinates":[[-48.9600167,-27.1453197],[-48.9598375,-27.1452675]]}},{"type":"Feature","properties":{"nome":"Rodovia Ant\u00f4nio Heil","tipo":"yes"},"geometry":{"type":"LineString","coordinates":[[-48.9026829,-27.0929513],[-48.9027819,-27.093165]]}},{"type":"Feature","properties":{"nome":"","tipo":"yes"},"geometry":{"type":"LineString","coordinates":[[-49.1467152,-27.6874618],[-49.1464637,-27.6874317]]}},{"type":"Feature","properties":{"nome":"","tipo":"yes"},"geometry":{"type":"LineString","coordinates":[[-49.3365916,-27.7021113],[-49.3362518,-27.7020262]]}},{"type":"Feature","properties":{"nome":"","tipo":"yes"},"geometry":{"type":"LineString","coordinates":[[-49.1806867,-27.2456645],[-49.1808298,-27.2456124]]}},{"type":"Feature","properties":{"nome":"","tipo":"yes"},"geometry":{"type":"LineString","coordinates":[[-49.2236202,-27.2425921],[-49.2235852,-27.2426813]]}},{"type":"Feature","properties":{"nome":"","tipo":"yes"},"geometry":{"type":"LineString","coordinates":[[-49.5224619,-27.1881056],[-49.5222527,-27.1880292]]}},{"type":"Feature","properties":{"nome":"","tipo":"yes"},"geometry":{"type":"LineString","coordinates":[[-49.5231459,-27.2012473],[-49.5230319,-27.201258]]}},{"type":"Feature","properties":{"nome":"","tipo":"yes"},"geometry":{"type":"LineString","coordinates":[[-48.9707556,-27.0854046],[-48.9706725,-27.0855622]]}},{"type":"Feature","properties":{"nome":"Estrada Morro do Diogo","tipo":"yes"},"geometry":{"type":"LineString","coordinates":[[-49.5198635,-27.2160972],[-49.519715,-27.216011]]}},{"type":"Feature","properties":{"nome":"Estrada Morro do Diogo","tipo":"yes"},"geometry":{"type":"LineString","coordinates":[[-49.521372,-27.207438],[-49.5214989,-27.2074579]]}},{"type":"Feature","properties":{"nome":"Estrada Geral Bra\u00e7o do Conc\u00f3rdia","tipo":"yes"},"geometry":{"type":"LineString","coordinates":[[-49.503002,-27.1769692],[-49.5028188,-27.176852]]}},{"type":"Feature","properties":{"nome":"Rua Willy Schroeder","tipo":"yes"},"geometry":{"type":"LineString","coordinates":[[-49.5260834,-27.1812443],[-49.5259682,-27.1814036]]}},{"type":"Feature","properties":{"nome":"","tipo":"yes"},"geometry":{"type":"LineString","coordinates":[[-48.9416359,-27.1087181],[-48.9416359,-27.1087081],[-48.9421521,-27.1081527],[-48.9421698,-27.1081465]]}},{"type":"Feature","properties":{"nome":"","tipo":"yes"},"geometry":{"type":"LineString","coordinates":[[-48.9416359,-27.1087181],[-48.9416471,-27.1087213],[-48.9421657,-27.1081652],[-48.9421698,-27.1081465]]}},{"type":"Feature","properties":{"nome":"","tipo":"yes"},"geometry":{"type":"LineString","coordinates":[[-48.9569006,-27.1590578],[-48.956973,-27.1589433]]}},{"type":"Feature","properties":{"nome":"","tipo":"yes"},"geometry":{"type":"LineString","coordinates":[[-48.960633,-27.1656966],[-48.9605311,-27.1656226]]}},{"type":"Feature","properties":{"nome":"","tipo":"yes"},"geometry":{"type":"LineString","coordinates":[[-48.9133395,-27.1008129],[-48.9134843,-27.0999451]]}},{"type":"Feature","properties":{"nome":"","tipo":"yes"},"geometry":{"type":"LineString","coordinates":[[-48.9132412,-27.1007901],[-48.9133999,-27.0998988]]}},{"type":"Feature","properties":{"nome":"","tipo":"yes"},"geometry":{"type":"LineString","coordinates":[[-48.9057909,-27.09408],[-48.9068546,-27.093589]]}},{"type":"Feature","properties":{"nome":"","tipo":"yes"},"geometry":{"type":"LineString","coordinates":[[-48.9069179,-27.0937137],[-48.9058619,-27.0942105]]}},{"type":"Feature","properties":{"nome":"Rua Dorval Clerice","tipo":"yes"},"geometry":{"type":"LineString","coordinates":[[-49.0370993,-27.2179374],[-49.0370947,-27.2178341]]}},{"type":"Feature","properties":{"nome":"Rua Ermenegildo Assini","tipo":"yes"},"geometry":{"type":"LineString","coordinates":[[-48.9996069,-27.1628247],[-48.9995519,-27.1627621]]}},{"type":"Feature","properties":{"nome":"","tipo":"yes"},"geometry":{"type":"LineString","coordinates":[[-49.5667262,-27.478855],[-49.5668034,-27.478929]]}},{"type":"Feature","properties":{"nome":"","tipo":"yes"},"geometry":{"type":"LineString","coordinates":[[-49.3586454,-27.6809825],[-49.3585832,-27.6809498]]}},{"type":"Feature","properties":{"nome":"","tipo":"yes"},"geometry":{"type":"LineString","coordinates":[[-49.4933009,-27.2412277],[-49.4934042,-27.2412772]]}},{"type":"Feature","properties":{"nome":"","tipo":"yes"},"geometry":{"type":"LineString","coordinates":[[-49.4931869,-27.241958],[-49.4929549,-27.2420534]]}},{"type":"Feature","properties":{"nome":"","tipo":"boardwalk"},"geometry":{"type":"LineString","coordinates":[[-49.3992495,-27.6656725],[-49.3993698,-27.6662993]]}},{"type":"Feature","properties":{"nome":"","tipo":"boardwalk"},"geometry":{"type":"LineString","coordinates":[[-49.3328525,-27.7107208],[-49.3325868,-27.7106376]]}},{"type":"Feature","properties":{"nome":"Rua Anit\u00e1polis","tipo":"yes"},"geometry":{"type":"LineString","coordinates":[[-49.3231603,-27.7228973],[-49.3230489,-27.7229604]]}},{"type":"Feature","properties":{"nome":"","tipo":"yes"},"geometry":{"type":"LineString","coordinates":[[-49.3241963,-27.6939839],[-49.3242002,-27.6940176],[-49.3241833,-27.6941915],[-49.324176,-27.6942308]]}},{"type":"Feature","properties":{"nome":"","tipo":"yes"},"geometry":{"type":"LineString","coordinates":[[-49.0794227,-27.1961301],[-49.0801147,-27.1958641]]}},{"type":"Feature","properties":{"nome":"","tipo":"yes"},"geometry":{"type":"LineString","coordinates":[[-49.5496998,-27.1895224],[-49.5495657,-27.1895212]]}},{"type":"Feature","properties":{"nome":"","tipo":"yes"},"geometry":{"type":"LineString","coordinates":[[-49.9101662,-26.6026223],[-49.91015,-26.6018912]]}},{"type":"Feature","properties":{"nome":"","tipo":"yes"},"geometry":{"type":"LineString","coordinates":[[-49.7722913,-26.7727371],[-49.7728708,-26.7732475]]}},{"type":"Feature","properties":{"nome":"","tipo":"yes"},"geometry":{"type":"LineString","coordinates":[[-49.8307993,-26.7001681],[-49.8314956,-26.7004817]]}},{"type":"Feature","properties":{"nome":"Rodovia Deputado Jo\u00e3o Bertoli","tipo":"yes"},"geometry":{"type":"LineString","coordinates":[[-50.1128651,-27.051344],[-50.1125228,-27.0519326]]}},{"type":"Feature","properties":{"nome":"Rua Ernest M\u00fcller","tipo":"yes"},"geometry":{"type":"LineString","coordinates":[[-49.610489,-27.0375068],[-49.6104982,-27.0379945]]}},{"type":"Feature","properties":{"nome":"Ponte P\u00eansil","tipo":"yes"},"geometry":{"type":"LineString","coordinates":[[-49.6289044,-27.0501347],[-49.6292046,-27.0499334]]}},{"type":"Feature","properties":{"nome":"Rua Hugo Leber","tipo":"yes"},"geometry":{"type":"LineString","coordinates":[[-49.6376345,-27.0569585],[-49.6376823,-27.0568539],[-49.6377101,-27.0567836]]}},{"type":"Feature","properties":{"nome":"Rua Nove de Dezembro","tipo":"yes"},"geometry":{"type":"LineString","coordinates":[[-49.6332932,-26.9553058],[-49.6336034,-26.9548154]]}},{"type":"Feature","properties":{"nome":"Ponte P\u00eansil","tipo":"yes"},"geometry":{"type":"LineString","coordinates":[[-49.624239,-27.0418336],[-49.6235531,-27.0417893],[-49.6229273,-27.0417489]]}},{"type":"Feature","properties":{"nome":"Rua Niter\u00f3i","tipo":"yes"},"geometry":{"type":"LineString","coordinates":[[-49.6242915,-27.0453363],[-49.6241812,-27.0456032]]}},{"type":"Feature","properties":{"nome":"Rua 1\u00ba de Maio","tipo":"yes"},"geometry":{"type":"LineString","coordinates":[[-49.6277095,-27.0382702],[-49.6279634,-27.038315]]}},{"type":"Feature","properties":{"nome":"Estrada Col\u00f4nia Ruthes","tipo":"yes"},"geometry":{"type":"LineString","coordinates":[[-49.9122203,-26.6025724],[-49.9123059,-26.6025667]]}},{"type":"Feature","properties":{"nome":"","tipo":"yes"},"geometry":{"type":"LineString","coordinates":[[-49.8032181,-26.6996662],[-49.8030524,-26.6997252]]}},{"type":"Feature","properties":{"nome":"","tipo":"yes"},"geometry":{"type":"LineString","coordinates":[[-49.790183,-26.6667755],[-49.7900648,-26.6668691]]}},{"type":"Feature","properties":{"nome":"Estrada Rio Itaja\u00ed","tipo":"yes"},"geometry":{"type":"LineString","coordinates":[[-49.9109659,-26.6021778],[-49.9110845,-26.6019654]]}},{"type":"Feature","properties":{"nome":"","tipo":"yes"},"geometry":{"type":"LineString","coordinates":[[-49.8548491,-26.6519696],[-49.8547172,-26.6519239]]}},{"type":"Feature","properties":{"nome":"Caminho Moema","tipo":"yes"},"geometry":{"type":"LineString","coordinates":[[-49.6125625,-26.9704933],[-49.6122171,-26.969801]]}},{"type":"Feature","properties":{"nome":"","tipo":"yes"},"geometry":{"type":"LineString","coordinates":[[-49.6168649,-26.9888121],[-49.6159142,-26.9886279]]}},{"type":"Feature","properties":{"nome":"","tipo":"yes"},"geometry":{"type":"LineString","coordinates":[[-49.7570965,-26.9204764],[-49.7570936,-26.9206582]]}},{"type":"Feature","properties":{"nome":"","tipo":"yes"},"geometry":{"type":"LineString","coordinates":[[-49.7270542,-26.9352407],[-49.726896,-26.935096]]}},{"type":"Feature","properties":{"nome":"Rua Vereador Edgar Westphal","tipo":"yes"},"geometry":{"type":"LineString","coordinates":[[-49.8031824,-26.9261789],[-49.8031834,-26.926306]]}},{"type":"Feature","properties":{"nome":"","tipo":"yes"},"geometry":{"type":"LineString","coordinates":[[-49.882032,-26.6456654],[-49.8811717,-26.6457193]]}},{"type":"Feature","properties":{"nome":"Ponte P\u00eansil","tipo":"yes"},"geometry":{"type":"LineString","coordinates":[[-49.8542383,-26.6591461],[-49.8534333,-26.6589117]]}},{"type":"Feature","properties":{"nome":"","tipo":"yes"},"geometry":{"type":"LineString","coordinates":[[-49.6413529,-27.0212838],[-49.64113,-27.020996]]}},{"type":"Feature","properties":{"nome":"Rua Maximiliano Poffo","tipo":"yes"},"geometry":{"type":"LineString","coordinates":[[-49.6489346,-27.0637799],[-49.6487846,-27.0640068]]}},{"type":"Feature","properties":{"nome":"Rua 29 de Dezembro","tipo":"yes"},"geometry":{"type":"LineString","coordinates":[[-50.0120679,-26.9878256],[-50.0123905,-26.9878272]]}},{"type":"Feature","properties":{"nome":"Rua Udo Weingaertner","tipo":"yes"},"geometry":{"type":"LineString","coordinates":[[-49.7887322,-26.9210222],[-49.7886267,-26.9214049]]}},{"type":"Feature","properties":{"nome":"","tipo":"yes"},"geometry":{"type":"LineString","coordinates":[[-49.7979757,-26.7468966],[-49.7979999,-26.7467661]]}},{"type":"Feature","properties":{"nome":"","tipo":"yes"},"geometry":{"type":"LineString","coordinates":[[-49.7102836,-27.0655223],[-49.7104512,-27.0653769]]}},{"type":"Feature","properties":{"nome":"","tipo":"yes"},"geometry":{"type":"LineString","coordinates":[[-49.7356915,-27.0690751],[-49.735788,-27.0691551]]}},{"type":"Feature","properties":{"nome":"","tipo":"yes"},"geometry":{"type":"LineString","coordinates":[[-49.8359303,-26.704855],[-49.8359625,-26.7050612]]}},{"type":"Feature","properties":{"nome":"Rua Expedicion\u00e1rio Fossa","tipo":"yes"},"geometry":{"type":"LineString","coordinates":[[-49.8336939,-26.879386],[-49.8336654,-26.87949]]}},{"type":"Feature","properties":{"nome":"","tipo":"yes"},"geometry":{"type":"LineString","coordinates":[[-49.8474,-26.8907789],[-49.8472987,-26.8908513]]}},{"type":"Feature","properties":{"nome":"Rua Serafino Vendrami","tipo":"yes"},"geometry":{"type":"LineString","coordinates":[[-49.8352897,-26.8811009],[-49.8354885,-26.8810396]]}},{"type":"Feature","properties":{"nome":"Rua Castelo Branco","tipo":"yes"},"geometry":{"type":"LineString","coordinates":[[-50.0111,-26.9829273],[-50.0108617,-26.9827082]]}},{"type":"Feature","properties":{"nome":"Rua Jacob Niehes","tipo":"yes"},"geometry":{"type":"LineString","coordinates":[[-50.006273,-26.978546],[-50.0061521,-26.9785866],[-50.00615,-26.9785873]]}},{"type":"Feature","properties":{"nome":"Rua Luiz Bertoli","tipo":"yes"},"geometry":{"type":"LineString","coordinates":[[-50.0046403,-26.9781173],[-50.0047311,-26.9782823]]}},{"type":"Feature","properties":{"nome":"","tipo":"yes"},"geometry":{"type":"LineString","coordinates":[[-49.6537738,-26.9988413],[-49.6539025,-26.9989942]]}},{"type":"Feature","properties":{"nome":"","tipo":"yes"},"geometry":{"type":"LineString","coordinates":[[-49.6444317,-27.0127926],[-49.6440133,-27.01247]]}},{"type":"Feature","properties":{"nome":"","tipo":"yes"},"geometry":{"type":"LineString","coordinates":[[-49.6883789,-26.96931],[-49.6883242,-26.9695088]]}},{"type":"Feature","properties":{"nome":"Rodovia Deputado Jo\u00e3o Bertoli","tipo":"yes"},"geometry":{"type":"LineString","coordinates":[[-50.1576279,-26.9722368],[-50.1581203,-26.9728014]]}},{"type":"Feature","properties":{"nome":"","tipo":"yes"},"geometry":{"type":"LineString","coordinates":[[-50.1439841,-26.9407813],[-50.1438869,-26.941116]]}},{"type":"Feature","properties":{"nome":"","tipo":"yes"},"geometry":{"type":"LineString","coordinates":[[-49.6856187,-26.8881172],[-49.6856779,-26.887852]]}},{"type":"Feature","properties":{"nome":"","tipo":"yes"},"geometry":{"type":"LineString","coordinates":[[-49.7410504,-26.8625624],[-49.7410679,-26.8628746]]}},{"type":"Feature","properties":{"nome":"","tipo":"yes"},"geometry":{"type":"LineString","coordinates":[[-49.7764369,-26.7735351],[-49.7762667,-26.7737824]]}},{"type":"Feature","properties":{"nome":"Rodovia Immo Zerna","tipo":"yes"},"geometry":{"type":"LineString","coordinates":[[-49.6875641,-26.986132],[-49.6875973,-26.9863324]]}},{"type":"Feature","properties":{"nome":"Rodovia Immo Zerna","tipo":"yes"},"geometry":{"type":"LineString","coordinates":[[-49.676182,-26.9986059],[-49.6761638,-26.9987494],[-49.6760968,-26.9988785]]}},{"type":"Feature","properties":{"nome":"","tipo":"yes"},"geometry":{"type":"LineString","coordinates":[[-49.7022663,-27.0577401],[-49.7023226,-27.0575299]]}},{"type":"Feature","properties":{"nome":"","tipo":"yes"},"geometry":{"type":"LineString","coordinates":[[-49.6786198,-27.0532966],[-49.6786417,-27.0534898]]}},{"type":"Feature","properties":{"nome":"","tipo":"yes"},"geometry":{"type":"LineString","coordinates":[[-49.9724469,-27.0458962],[-49.9726749,-27.045858]]}},{"type":"Feature","properties":{"nome":"","tipo":"yes"},"geometry":{"type":"LineString","coordinates":[[-49.8411606,-26.8858852],[-49.8410412,-26.8858992]]}},{"type":"Feature","properties":{"nome":"","tipo":"yes"},"geometry":{"type":"LineString","coordinates":[[-50.0190847,-26.4976063],[-50.0190068,-26.4977557]]}},{"type":"Feature","properties":{"nome":"","tipo":"yes"},"geometry":{"type":"LineString","coordinates":[[-50.1339796,-26.9571929],[-50.1339673,-26.9571038]]}},{"type":"Feature","properties":{"nome":"Estrada Rio Itaja\u00ed","tipo":"yes"},"geometry":{"type":"LineString","coordinates":[[-49.959662,-26.5535678],[-49.9596384,-26.5534608]]}},{"type":"Feature","properties":{"nome":"Estrada Rio Itaja\u00ed","tipo":"yes"},"geometry":{"type":"LineString","coordinates":[[-50.0135496,-26.507424],[-50.0135545,-26.5073155]]}},{"type":"Feature","properties":{"nome":"","tipo":"yes"},"geometry":{"type":"LineString","coordinates":[[-50.1555539,-26.5167349],[-50.1555342,-26.5165636]]}},{"type":"Feature","properties":{"nome":"","tipo":"yes"},"geometry":{"type":"LineString","coordinates":[[-50.1596159,-26.4802242],[-50.1595212,-26.4800546]]}},{"type":"Feature","properties":{"nome":"","tipo":"yes"},"geometry":{"type":"LineString","coordinates":[[-50.0863903,-26.7333843],[-50.0862816,-26.7332897]]}},{"type":"Feature","properties":{"nome":"","tipo":"yes"},"geometry":{"type":"LineString","coordinates":[[-50.0525659,-26.7469892],[-50.0526795,-26.7469929]]}},{"type":"Feature","properties":{"nome":"","tipo":"yes"},"geometry":{"type":"LineString","coordinates":[[-50.0427143,-26.7571561],[-50.0426208,-26.7572163]]}},{"type":"Feature","properties":{"nome":"","tipo":"yes"},"geometry":{"type":"LineString","coordinates":[[-50.1195335,-26.7378203],[-50.1196219,-26.7379014]]}},{"type":"Feature","properties":{"nome":"","tipo":"yes"},"geometry":{"type":"LineString","coordinates":[[-50.1342169,-26.6637183],[-50.1343046,-26.6639331]]}},{"type":"Feature","properties":{"nome":"","tipo":"yes"},"geometry":{"type":"LineString","coordinates":[[-50.151723,-26.680578],[-50.1517512,-26.6804798]]}},{"type":"Feature","properties":{"nome":"","tipo":"yes"},"geometry":{"type":"LineString","coordinates":[[-50.1478565,-26.6744044],[-50.1477214,-26.6742099]]}},{"type":"Feature","properties":{"nome":"","tipo":"yes"},"geometry":{"type":"LineString","coordinates":[[-50.144704,-26.6574324],[-50.1445985,-26.657577]]}},{"type":"Feature","properties":{"nome":"","tipo":"yes"},"geometry":{"type":"LineString","coordinates":[[-50.1440279,-26.650758],[-50.1439982,-26.6508406]]}},{"type":"Feature","properties":{"nome":"","tipo":"yes"},"geometry":{"type":"LineString","coordinates":[[-50.1867168,-26.6444628],[-50.1865559,-26.6445401]]}},{"type":"Feature","properties":{"nome":"","tipo":"yes"},"geometry":{"type":"LineString","coordinates":[[-50.1111291,-26.5187744],[-50.1110234,-26.5191784]]}},{"type":"Feature","properties":{"nome":"","tipo":"yes"},"geometry":{"type":"LineString","coordinates":[[-50.084605,-26.7320903],[-50.0846844,-26.7321772]]}},{"type":"Feature","properties":{"nome":"Estrada Rio do Ouro","tipo":"yes"},"geometry":{"type":"LineString","coordinates":[[-50.1050872,-26.7208961],[-50.1052164,-26.7209662]]}},{"type":"Feature","properties":{"nome":"","tipo":"yes"},"geometry":{"type":"LineString","coordinates":[[-50.0338897,-26.8182342],[-50.0338368,-26.8183068]]}},{"type":"Feature","properties":{"nome":"","tipo":"yes"},"geometry":{"type":"LineString","coordinates":[[-49.8146497,-26.9271123],[-49.8146883,-26.9270378]]}},{"type":"Feature","properties":{"nome":"","tipo":"yes"},"geometry":{"type":"LineString","coordinates":[[-49.8221856,-26.9290639],[-49.8222518,-26.9289797]]}},{"type":"Feature","properties":{"nome":"","tipo":"yes"},"geometry":{"type":"LineString","coordinates":[[-50.1646258,-26.9792983],[-50.1644863,-26.9794441]]}},{"type":"Feature","properties":{"nome":"Rodovia Luiz Bertoli e S\u00eanior","tipo":"yes"},"geometry":{"type":"LineString","coordinates":[[-50.2472225,-27.0514203],[-50.2470104,-27.0515786]]}},{"type":"Feature","properties":{"nome":"Rodovia Luiz Bertoli e S\u00eanior","tipo":"yes"},"geometry":{"type":"LineString","coordinates":[[-50.2658147,-26.9970335],[-50.265659,-26.9973964]]}},{"type":"Feature","properties":{"nome":"","tipo":"yes"},"geometry":{"type":"LineString","coordinates":[[-50.1238521,-26.92131],[-50.123954,-26.9210996]]}},{"type":"Feature","properties":{"nome":"","tipo":"yes"},"geometry":{"type":"LineString","coordinates":[[-50.1654618,-26.9517469],[-50.1652821,-26.9516441]]}},{"type":"Feature","properties":{"nome":"","tipo":"yes"},"geometry":{"type":"LineString","coordinates":[[-50.1722693,-26.9529388],[-50.1721084,-26.9530631]]}},{"type":"Feature","properties":{"nome":"","tipo":"yes"},"geometry":{"type":"LineString","coordinates":[[-50.2326083,-26.9390422],[-50.2325358,-26.9391187]]}},{"type":"Feature","properties":{"nome":"","tipo":"yes"},"geometry":{"type":"LineString","coordinates":[[-50.2402579,-26.9277793],[-50.2401882,-26.9278678]]}},{"type":"Feature","properties":{"nome":"","tipo":"yes"},"geometry":{"type":"LineString","coordinates":[[-50.2459831,-26.9223112],[-50.2458342,-26.9222741]]}},{"type":"Feature","properties":{"nome":"","tipo":"yes"},"geometry":{"type":"LineString","coordinates":[[-50.2472504,-26.921858],[-50.2471736,-26.9219557]]}},{"type":"Feature","properties":{"nome":"","tipo":"yes"},"geometry":{"type":"LineString","coordinates":[[-50.2467826,-26.9511271],[-50.2466445,-26.9511514]]}},{"type":"Feature","properties":{"nome":"","tipo":"yes"},"geometry":{"type":"LineString","coordinates":[[-50.1605017,-26.6977696],[-50.1606305,-26.6978391]]}},{"type":"Feature","properties":{"nome":"","tipo":"yes"},"geometry":{"type":"LineString","coordinates":[[-50.116138,-26.7056165],[-50.1163392,-26.7055877]]}},{"type":"Feature","properties":{"nome":"","tipo":"yes"},"geometry":{"type":"LineString","coordinates":[[-50.1872165,-26.6899594],[-50.187065,-26.6900145]]}},{"type":"Feature","properties":{"nome":"","tipo":"yes"},"geometry":{"type":"LineString","coordinates":[[-50.2106289,-26.4948805],[-50.2106712,-26.4948814]]}},{"type":"Feature","properties":{"nome":"","tipo":"yes"},"geometry":{"type":"LineString","coordinates":[[-50.202516,-26.46806],[-50.2025007,-26.4681301]]}},{"type":"Feature","properties":{"nome":"","tipo":"yes"},"geometry":{"type":"LineString","coordinates":[[-50.2101863,-26.4841145],[-50.2102458,-26.4841595]]}},{"type":"Feature","properties":{"nome":"Estrada Entre Rios 1","tipo":"yes"},"geometry":{"type":"LineString","coordinates":[[-50.0936021,-26.5907302],[-50.0935645,-26.5905851]]}},{"type":"Feature","properties":{"nome":"","tipo":"yes"},"geometry":{"type":"LineString","coordinates":[[-50.0558138,-26.5991618],[-50.0558299,-26.5992865]]}},{"type":"Feature","properties":{"nome":"","tipo":"yes"},"geometry":{"type":"LineString","coordinates":[[-49.97393,-26.5878004],[-49.9739635,-26.5879107]]}},{"type":"Feature","properties":{"nome":"","tipo":"yes"},"geometry":{"type":"LineString","coordinates":[[-49.8651731,-26.7248057],[-49.8649209,-26.7249831]]}},{"type":"Feature","properties":{"nome":"","tipo":"yes"},"geometry":{"type":"LineString","coordinates":[[-49.8816258,-26.6572225],[-49.881835,-26.6571554]]}},{"type":"Feature","properties":{"nome":"","tipo":"yes"},"geometry":{"type":"LineString","coordinates":[[-49.8759986,-26.6506435],[-49.8759407,-26.65078]]}},{"type":"Feature","properties":{"nome":"Estrada Geral Rio da Anta - Colorado","tipo":"yes"},"geometry":{"type":"LineString","coordinates":[[-50.0556394,-26.6490577],[-50.0554866,-26.6489414]]}},{"type":"Feature","properties":{"nome":"","tipo":"yes"},"geometry":{"type":"LineString","coordinates":[[-50.1711451,-26.9912411],[-50.1714756,-26.9913069]]}},{"type":"Feature","properties":{"nome":"","tipo":"yes"},"geometry":{"type":"LineString","coordinates":[[-50.1717353,-26.9885835],[-50.1716925,-26.988453]]}},{"type":"Feature","properties":{"nome":"Estrada Rio Itaja\u00ed","tipo":"yes"},"geometry":{"type":"LineString","coordinates":[[-49.9565276,-26.5643198],[-49.9563887,-26.5641483]]}},{"type":"Feature","properties":{"nome":"","tipo":"yes"},"geometry":{"type":"LineString","coordinates":[[-50.0357246,-26.4681219],[-50.0359017,-26.4682194]]}},{"type":"Feature","properties":{"nome":"","tipo":"yes"},"geometry":{"type":"LineString","coordinates":[[-50.063045,-26.7424312],[-50.0629565,-26.7423857]]}},{"type":"Feature","properties":{"nome":"","tipo":"yes"},"geometry":{"type":"LineString","coordinates":[[-50.1558607,-26.87344],[-50.1558132,-26.8733777]]}},{"type":"Feature","properties":{"nome":"","tipo":"yes"},"geometry":{"type":"LineString","coordinates":[[-50.143619,-26.8339611],[-50.1436293,-26.8339272],[-50.1436478,-26.8338691]]}},{"type":"Feature","properties":{"nome":"","tipo":"yes"},"geometry":{"type":"LineString","coordinates":[[-50.1353037,-26.8128036],[-50.1354486,-26.8127916]]}},{"type":"Feature","properties":{"nome":"Rua Jos\u00e9 Dolcan","tipo":"yes"},"geometry":{"type":"LineString","coordinates":[[-50.0008452,-26.9742582],[-50.000933,-26.9743483]]}},{"type":"Feature","properties":{"nome":"","tipo":"yes"},"geometry":{"type":"LineString","coordinates":[[-50.1512907,-26.5103163],[-50.1510842,-26.5103412]]}},{"type":"Feature","properties":{"nome":"","tipo":"yes"},"geometry":{"type":"LineString","coordinates":[[-50.0226738,-27.0041239],[-50.0228378,-27.0041333]]}},{"type":"Feature","properties":{"nome":"Ponte Ervino Scottini","tipo":"yes"},"geometry":{"type":"LineString","coordinates":[[-49.8585355,-27.0281548],[-49.8586672,-27.028093]]}},{"type":"Feature","properties":{"nome":"Rua Paulo Warmeling","tipo":"yes"},"geometry":{"type":"LineString","coordinates":[[-50.0018372,-26.9657442],[-50.0017038,-26.9659944]]}},{"type":"Feature","properties":{"nome":"","tipo":"yes"},"geometry":{"type":"LineString","coordinates":[[-50.1907826,-27.0387061],[-50.191201,-27.0382856]]}},{"type":"Feature","properties":{"nome":"","tipo":"yes"},"geometry":{"type":"LineString","coordinates":[[-50.1492227,-27.0217836],[-50.1487631,-27.0215467]]}},{"type":"Feature","properties":{"nome":"","tipo":"yes"},"geometry":{"type":"LineString","coordinates":[[-50.2035284,-27.0447024],[-50.2038074,-27.044626]]}},{"type":"Feature","properties":{"nome":"","tipo":"yes"},"geometry":{"type":"LineString","coordinates":[[-50.1615357,-26.8779282],[-50.1613641,-26.8780095]]}},{"type":"Feature","properties":{"nome":"Avenida Paulo Marcelino Fernandes","tipo":"yes"},"geometry":{"type":"LineString","coordinates":[[-50.144832,-26.9512457],[-50.1447092,-26.9516046]]}},{"type":"Feature","properties":{"nome":"","tipo":"yes"},"geometry":{"type":"LineString","coordinates":[[-50.0361478,-27.0667547],[-50.0358957,-27.066695]]}},{"type":"Feature","properties":{"nome":"","tipo":"yes"},"geometry":{"type":"LineString","coordinates":[[-50.0300592,-27.0347068],[-50.0299251,-27.0350126]]}},{"type":"Feature","properties":{"nome":"","tipo":"yes"},"geometry":{"type":"LineString","coordinates":[[-50.1616982,-26.8965014],[-50.1619247,-26.8965301]]}},{"type":"Feature","properties":{"nome":"","tipo":"yes"},"geometry":{"type":"LineString","coordinates":[[-49.9683657,-26.8029765],[-49.9682531,-26.8032231]]}},{"type":"Feature","properties":{"nome":"","tipo":"yes"},"geometry":{"type":"LineString","coordinates":[[-49.6020001,-26.7542408],[-49.6019973,-26.7541475]]}},{"type":"Feature","properties":{"nome":"","tipo":"yes"},"geometry":{"type":"LineString","coordinates":[[-49.861251,-26.9003825],[-49.8613395,-26.9003145]]}},{"type":"Feature","properties":{"nome":"Rua Jos\u00e9 Dolcan","tipo":"yes"},"geometry":{"type":"LineString","coordinates":[[-50.000933,-26.9743483],[-50.0009855,-26.9743994]]}},{"type":"Feature","properties":{"nome":"","tipo":"yes"},"geometry":{"type":"LineString","coordinates":[[-50.0228378,-27.0041333],[-50.0230314,-27.0041423]]}},{"type":"Feature","properties":{"nome":"Rua Jacob Niehes","tipo":"yes"},"geometry":{"type":"LineString","coordinates":[[-50.0063726,-26.9785227],[-50.006273,-26.978546]]}},{"type":"Feature","properties":{"nome":"","tipo":"yes"},"geometry":{"type":"LineString","coordinates":[[-50.16298,-26.9392958],[-50.1632309,-26.9392062]]}},{"type":"Feature","properties":{"nome":"","tipo":"yes"},"geometry":{"type":"LineString","coordinates":[[-49.9646221,-26.8129372],[-49.9645252,-26.8129891]]}},{"type":"Feature","properties":{"nome":"","tipo":"yes"},"geometry":{"type":"LineString","coordinates":[[-49.926829,-26.8733585],[-49.9268371,-26.8734757]]}},{"type":"Feature","properties":{"nome":"","tipo":"yes"},"geometry":{"type":"LineString","coordinates":[[-50.2073181,-26.4689897],[-50.207252,-26.4690294]]}},{"type":"Feature","properties":{"nome":"Rua Curt Hering","tipo":"yes"},"geometry":{"type":"LineString","coordinates":[[-49.637382,-27.0597127],[-49.6375769,-27.0597922]]}},{"type":"Feature","properties":{"nome":"Rua Jos\u00e9 Effting","tipo":"yes"},"geometry":{"type":"LineString","coordinates":[[-49.6375208,-27.0593719],[-49.6376427,-27.0592435]]}},{"type":"Feature","properties":{"nome":"","tipo":"yes"},"geometry":{"type":"LineString","coordinates":[[-49.6684049,-27.0744751],[-49.6684653,-27.0746219]]}},{"type":"Feature","properties":{"nome":"","tipo":"yes"},"geometry":{"type":"LineString","coordinates":[[-49.666399,-27.0746851],[-49.6664231,-27.0747816]]}},{"type":"Feature","properties":{"nome":"","tipo":"yes"},"geometry":{"type":"LineString","coordinates":[[-49.6624019,-27.0737929],[-49.6623917,-27.0739606]]}},{"type":"Feature","properties":{"nome":"","tipo":"yes"},"geometry":{"type":"LineString","coordinates":[[-49.7982515,-26.9248523],[-49.7982295,-26.9251769]]}},{"type":"Feature","properties":{"nome":"","tipo":"yes"},"geometry":{"type":"LineString","coordinates":[[-49.7229793,-26.9411805],[-49.7227517,-26.9411511]]}},{"type":"Feature","properties":{"nome":"","tipo":"yes"},"geometry":{"type":"LineString","coordinates":[[-49.8886476,-26.9526757],[-49.8883833,-26.9527124]]}},{"type":"Feature","properties":{"nome":"","tipo":"yes"},"geometry":{"type":"LineString","coordinates":[[-49.9389319,-26.9404587],[-49.939038,-26.9404402]]}},{"type":"Feature","properties":{"nome":"","tipo":"yes"},"geometry":{"type":"LineString","coordinates":[[-49.9384588,-26.9409605],[-49.9384159,-26.9410179]]}},{"type":"Feature","properties":{"nome":"","tipo":"yes"},"geometry":{"type":"LineString","coordinates":[[-49.9441492,-26.9378792],[-49.9441929,-26.9379294]]}},{"type":"Feature","properties":{"nome":"","tipo":"yes"},"geometry":{"type":"LineString","coordinates":[[-49.9388432,-26.9626038],[-49.9389027,-26.9626829]]}},{"type":"Feature","properties":{"nome":"","tipo":"yes"},"geometry":{"type":"LineString","coordinates":[[-49.7916297,-26.9175141],[-49.7916318,-26.9174343]]}},{"type":"Feature","properties":{"nome":"","tipo":"yes"},"geometry":{"type":"LineString","coordinates":[[-49.8068785,-26.8692284],[-49.8070694,-26.8690402]]}},{"type":"Feature","properties":{"nome":"","tipo":"yes"},"geometry":{"type":"LineString","coordinates":[[-49.8421155,-26.8755668],[-49.8421157,-26.8754537]]}},{"type":"Feature","properties":{"nome":"","tipo":"yes"},"geometry":{"type":"LineString","coordinates":[[-49.8489565,-26.8707614],[-49.8489082,-26.8707113]]}},{"type":"Feature","properties":{"nome":"","tipo":"yes"},"geometry":{"type":"LineString","coordinates":[[-49.8475918,-26.8724772],[-49.8474971,-26.8724265]]}},{"type":"Feature","properties":{"nome":"","tipo":"yes"},"geometry":{"type":"LineString","coordinates":[[-49.8558361,-26.8675694],[-49.8558487,-26.8674134]]}},{"type":"Feature","properties":{"nome":"","tipo":"yes"},"geometry":{"type":"LineString","coordinates":[[-49.8723832,-26.859617],[-49.8723846,-26.8595183]]}},{"type":"Feature","properties":{"nome":"","tipo":"yes"},"geometry":{"type":"LineString","coordinates":[[-49.8641222,-26.8645229],[-49.8641222,-26.8644337]]}},{"type":"Feature","properties":{"nome":"","tipo":"yes"},"geometry":{"type":"LineString","coordinates":[[-49.8956678,-26.8594347],[-49.8957,-26.8593142]]}},{"type":"Feature","properties":{"nome":"","tipo":"yes"},"geometry":{"type":"LineString","coordinates":[[-49.8973407,-26.8560108],[-49.8973662,-26.8558253]]}},{"type":"Feature","properties":{"nome":"","tipo":"yes"},"geometry":{"type":"LineString","coordinates":[[-50.1071167,-26.892783],[-50.10728,-26.8925547]]}},{"type":"Feature","properties":{"nome":"","tipo":"yes"},"geometry":{"type":"LineString","coordinates":[[-50.1147816,-26.8984715],[-50.1145672,-26.8984727]]}},{"type":"Feature","properties":{"nome":"","tipo":"yes"},"geometry":{"type":"LineString","coordinates":[[-50.0976107,-26.8860539],[-50.0975253,-26.8862349]]}},{"type":"Feature","properties":{"nome":"","tipo":"yes"},"geometry":{"type":"LineString","coordinates":[[-50.080388,-26.847474],[-50.0804695,-26.8474173]]}},{"type":"Feature","properties":{"nome":"","tipo":"yes"},"geometry":{"type":"LineString","coordinates":[[-50.0796523,-26.8385619],[-50.0797566,-26.8385737]]}},{"type":"Feature","properties":{"nome":"","tipo":"yes"},"geometry":{"type":"LineString","coordinates":[[-50.0799878,-26.8362008],[-50.0801,-26.8362132]]}},{"type":"Feature","properties":{"nome":"","tipo":"yes"},"geometry":{"type":"LineString","coordinates":[[-49.7994082,-26.8640704],[-49.7992495,-26.8639836]]}},{"type":"Feature","properties":{"nome":"","tipo":"yes"},"geometry":{"type":"LineString","coordinates":[[-49.779337,-26.8541064],[-49.7795048,-26.8537947]]}},{"type":"Feature","properties":{"nome":"","tipo":"yes"},"geometry":{"type":"LineString","coordinates":[[-49.7895139,-26.8636818],[-49.7898687,-26.8636694]]}},{"type":"Feature","properties":{"nome":"","tipo":"yes"},"geometry":{"type":"LineString","coordinates":[[-49.8270711,-26.7954168],[-49.8271878,-26.7953564]]}},{"type":"Feature","properties":{"nome":"","tipo":"yes"},"geometry":{"type":"LineString","coordinates":[[-49.8420701,-26.8035433],[-49.8421746,-26.8035668]]}},{"type":"Feature","properties":{"nome":"","tipo":"yes"},"geometry":{"type":"LineString","coordinates":[[-49.7992455,-26.7864559],[-49.799415,-26.7865737]]}},{"type":"Feature","properties":{"nome":"","tipo":"yes"},"geometry":{"type":"LineString","coordinates":[[-49.8025981,-26.7873067],[-49.8025301,-26.7872214]]}},{"type":"Feature","properties":{"nome":"","tipo":"yes"},"geometry":{"type":"LineString","coordinates":[[-49.7883154,-26.778075],[-49.7882691,-26.7782036]]}},{"type":"Feature","properties":{"nome":"","tipo":"yes"},"geometry":{"type":"LineString","coordinates":[[-49.7886692,-26.776513],[-49.7887112,-26.776667]]}},{"type":"Feature","properties":{"nome":"","tipo":"yes"},"geometry":{"type":"LineString","coordinates":[[-49.7762498,-26.7337796],[-49.7761253,-26.7338637]]}},{"type":"Feature","properties":{"nome":"","tipo":"yes"},"geometry":{"type":"LineString","coordinates":[[-49.7647655,-26.8566005],[-49.7646086,-26.856773]]}},{"type":"Feature","properties":{"nome":"","tipo":"yes"},"geometry":{"type":"LineString","coordinates":[[-49.7805548,-26.8537026],[-49.7804172,-26.8536205]]}},{"type":"Feature","properties":{"nome":"","tipo":"yes"},"geometry":{"type":"LineString","coordinates":[[-49.7809853,-26.8505169],[-49.7811163,-26.8504145]]}},{"type":"Feature","properties":{"nome":"","tipo":"yes"},"geometry":{"type":"LineString","coordinates":[[-49.7940951,-26.8427928],[-49.7941763,-26.8427531]]}},{"type":"Feature","properties":{"nome":"","tipo":"yes"},"geometry":{"type":"LineString","coordinates":[[-49.7948701,-26.8424379],[-49.795027,-26.8424254]]}},{"type":"Feature","properties":{"nome":"","tipo":"yes"},"geometry":{"type":"LineString","coordinates":[[-49.7970509,-26.8417413],[-49.7971741,-26.8417638]]}},{"type":"Feature","properties":{"nome":"","tipo":"yes"},"geometry":{"type":"LineString","coordinates":[[-49.9128201,-26.8665189],[-49.9128283,-26.8664549]]}},{"type":"Feature","properties":{"nome":"","tipo":"yes"},"geometry":{"type":"LineString","coordinates":[[-49.9126169,-26.9004612],[-49.9126817,-26.9005333]]}},{"type":"Feature","properties":{"nome":"Estrada Geral Rio Herta","tipo":"yes"},"geometry":{"type":"LineString","coordinates":[[-49.9939229,-26.9410931],[-49.9940038,-26.9413662]]}},{"type":"Feature","properties":{"nome":"","tipo":"yes"},"geometry":{"type":"LineString","coordinates":[[-50.0013566,-26.9557909],[-50.0011971,-26.9556878]]}},{"type":"Feature","properties":{"nome":"","tipo":"yes"},"geometry":{"type":"LineString","coordinates":[[-50.0020308,-26.9513528],[-50.0019955,-26.9512854]]}},{"type":"Feature","properties":{"nome":"","tipo":"yes"},"geometry":{"type":"LineString","coordinates":[[-49.9983967,-26.9456803],[-49.9982062,-26.9456404]]}},{"type":"Feature","properties":{"nome":"Rua Padre Eduardo Jos\u00e9 Neoti","tipo":"yes"},"geometry":{"type":"LineString","coordinates":[[-49.9993501,-26.9774511],[-49.9994853,-26.977389]]}},{"type":"Feature","properties":{"nome":"Rua Esp\u00edrito Santo","tipo":"yes"},"geometry":{"type":"LineString","coordinates":[[-50.0016906,-26.9796809],[-50.0018876,-26.9796327]]}},{"type":"Feature","properties":{"nome":"","tipo":"yes"},"geometry":{"type":"LineString","coordinates":[[-50.0029505,-26.9615424],[-50.003005,-26.9614562]]}},{"type":"Feature","properties":{"nome":"","tipo":"yes"},"geometry":{"type":"LineString","coordinates":[[-49.999623,-26.9875464],[-49.9996813,-26.9874652]]}},{"type":"Feature","properties":{"nome":"","tipo":"yes"},"geometry":{"type":"LineString","coordinates":[[-49.9912822,-26.9121077],[-49.9911375,-26.9120648]]}},{"type":"Feature","properties":{"nome":"Estrada Tifa Warmeling","tipo":"yes"},"geometry":{"type":"LineString","coordinates":[[-49.992696,-26.8911004],[-49.9926233,-26.8910931]]}},{"type":"Feature","properties":{"nome":"Estrada Tifa Weber","tipo":"yes"},"geometry":{"type":"LineString","coordinates":[[-49.9912759,-26.8831592],[-49.9914269,-26.883171]]}},{"type":"Feature","properties":{"nome":"","tipo":"yes"},"geometry":{"type":"LineString","coordinates":[[-50.0090663,-26.9322302],[-50.0091672,-26.9321335]]}},{"type":"Feature","properties":{"nome":"","tipo":"yes"},"geometry":{"type":"LineString","coordinates":[[-50.0249196,-26.9299609],[-50.025048,-26.9299163]]}},{"type":"Feature","properties":{"nome":"","tipo":"yes"},"geometry":{"type":"LineString","coordinates":[[-50.0172397,-26.9694682],[-50.017276,-26.9693797]]}},{"type":"Feature","properties":{"nome":"","tipo":"yes"},"geometry":{"type":"LineString","coordinates":[[-50.0198167,-26.9705813],[-50.0199221,-26.9704607]]}},{"type":"Feature","properties":{"nome":"","tipo":"yes"},"geometry":{"type":"LineString","coordinates":[[-50.1150137,-26.9595256],[-50.1149379,-26.9595553]]}},{"type":"Feature","properties":{"nome":"","tipo":"yes"},"geometry":{"type":"LineString","coordinates":[[-50.066658,-26.8761573],[-50.0665535,-26.8761185]]}},{"type":"Feature","properties":{"nome":"","tipo":"yes"},"geometry":{"type":"LineString","coordinates":[[-49.6552123,-26.9187243],[-49.6550511,-26.9177604]]}},{"type":"Feature","properties":{"nome":"","tipo":"yes"},"geometry":{"type":"LineString","coordinates":[[-49.6400242,-26.9314497],[-49.6401953,-26.9313855]]}},{"type":"Feature","properties":{"nome":"Estrada Rio Laeiz","tipo":"yes"},"geometry":{"type":"LineString","coordinates":[[-49.6150713,-26.9120611],[-49.6150647,-26.9122173]]}},{"type":"Feature","properties":{"nome":"","tipo":"yes"},"geometry":{"type":"LineString","coordinates":[[-49.6439663,-26.8988034],[-49.6440861,-26.8987554]]}},{"type":"Feature","properties":{"nome":"","tipo":"yes"},"geometry":{"type":"LineString","coordinates":[[-49.6434402,-26.8714768],[-49.6432934,-26.8715415]]}},{"type":"Feature","properties":{"nome":"","tipo":"yes"},"geometry":{"type":"LineString","coordinates":[[-49.6147996,-26.8338335],[-49.6149418,-26.8337544]]}},{"type":"Feature","properties":{"nome":"","tipo":"yes"},"geometry":{"type":"LineString","coordinates":[[-50.1929554,-27.0226173],[-50.1930463,-27.0224355]]}},{"type":"Feature","properties":{"nome":"","tipo":"yes"},"geometry":{"type":"LineString","coordinates":[[-50.1724763,-26.9565799],[-50.1725133,-26.9565414]]}},{"type":"Feature","properties":{"nome":"","tipo":"yes"},"geometry":{"type":"LineString","coordinates":[[-50.1674489,-26.9405232],[-50.1673996,-26.9405122]]}},{"type":"Feature","properties":{"nome":"","tipo":"yes"},"geometry":{"type":"LineString","coordinates":[[-50.1182128,-26.7208724],[-50.1181274,-26.7208106]]}},{"type":"Feature","properties":{"nome":"","tipo":"yes"},"geometry":{"type":"LineString","coordinates":[[-50.1751258,-26.557628],[-50.175101,-26.557492]]}},{"type":"Feature","properties":{"nome":"","tipo":"yes"},"geometry":{"type":"LineString","coordinates":[[-50.1657655,-26.5519894],[-50.1656783,-26.5520062]]}},{"type":"Feature","properties":{"nome":"","tipo":"yes"},"geometry":{"type":"LineString","coordinates":[[-50.1676769,-26.5332074],[-50.167626,-26.5331114]]}},{"type":"Feature","properties":{"nome":"","tipo":"yes"},"geometry":{"type":"LineString","coordinates":[[-50.1567227,-26.5171558],[-50.15679,-26.5172128]]}},{"type":"Feature","properties":{"nome":"","tipo":"yes"},"geometry":{"type":"LineString","coordinates":[[-49.816837,-27.0425858],[-49.8167941,-27.0426647]]}},{"type":"Feature","properties":{"nome":"","tipo":"yes"},"geometry":{"type":"LineString","coordinates":[[-49.760752,-26.9198637],[-49.7606501,-26.9198314]]}},{"type":"Feature","properties":{"nome":"","tipo":"yes"},"geometry":{"type":"LineString","coordinates":[[-50.2244121,-27.0494575],[-50.2244181,-27.049331]]}},{"type":"Feature","properties":{"nome":"","tipo":"yes"},"geometry":{"type":"LineString","coordinates":[[-49.8026937,-26.9136658],[-49.8027286,-26.9135737]]}},{"type":"Feature","properties":{"nome":"","tipo":"yes"},"geometry":{"type":"LineString","coordinates":[[-50.1443227,-26.8395323],[-50.1441841,-26.8395829]]}},{"type":"Feature","properties":{"nome":"","tipo":"yes"},"geometry":{"type":"LineString","coordinates":[[-50.1830263,-26.6795529],[-50.183067,-26.6797363]]}},{"type":"Feature","properties":{"nome":"","tipo":"yes"},"geometry":{"type":"LineString","coordinates":[[-50.1903641,-26.6919154],[-50.1903695,-26.6917716]]}},{"type":"Feature","properties":{"nome":"","tipo":"yes"},"geometry":{"type":"LineString","coordinates":[[-50.197037,-26.6503485],[-50.1970442,-26.6504397]]}},{"type":"Feature","properties":{"nome":"","tipo":"yes"},"geometry":{"type":"LineString","coordinates":[[-50.1817753,-26.6117862],[-50.1819208,-26.6117557]]}},{"type":"Feature","properties":{"nome":"","tipo":"yes"},"geometry":{"type":"LineString","coordinates":[[-50.1741341,-26.6005552],[-50.1740402,-26.6005816]]}},{"type":"Feature","properties":{"nome":"","tipo":"yes"},"geometry":{"type":"LineString","coordinates":[[-50.167711,-26.641382],[-50.16769,-26.6412898]]}},{"type":"Feature","properties":{"nome":"","tipo":"yes"},"geometry":{"type":"LineString","coordinates":[[-50.1752859,-26.6413047],[-50.175347,-26.6411893]]}},{"type":"Feature","properties":{"nome":"","tipo":"yes"},"geometry":{"type":"LineString","coordinates":[[-50.1668804,-26.5290102],[-50.1666561,-26.5290565]]}},{"type":"Feature","properties":{"nome":"","tipo":"yes"},"geometry":{"type":"LineString","coordinates":[[-50.1728255,-26.5536711],[-50.1729272,-26.5535333]]}},{"type":"Feature","properties":{"nome":"","tipo":"yes"},"geometry":{"type":"LineString","coordinates":[[-50.2122791,-26.5161893],[-50.2122026,-26.5161386]]}},{"type":"Feature","properties":{"nome":"","tipo":"yes"},"geometry":{"type":"LineString","coordinates":[[-50.1888406,-26.5810026],[-50.1887924,-26.581113]]}},{"type":"Feature","properties":{"nome":"","tipo":"yes"},"geometry":{"type":"LineString","coordinates":[[-50.087427,-26.4971504],[-50.0873146,-26.4972087]]}},{"type":"Feature","properties":{"nome":"","tipo":"yes"},"geometry":{"type":"LineString","coordinates":[[-49.7270018,-26.7613844],[-49.7269321,-26.7615353]]}},{"type":"Feature","properties":{"nome":"","tipo":"yes"},"geometry":{"type":"LineString","coordinates":[[-49.9900004,-26.920348],[-49.9900669,-26.9202274]]}},{"type":"Feature","properties":{"nome":"","tipo":"yes"},"geometry":{"type":"LineString","coordinates":[[-50.0208767,-26.5038025],[-50.0205428,-26.5041976]]}},{"type":"Feature","properties":{"nome":"","tipo":"yes"},"geometry":{"type":"LineString","coordinates":[[-49.6864025,-26.8280225],[-49.6865205,-26.8279388]]}},{"type":"Feature","properties":{"nome":"","tipo":"yes"},"geometry":{"type":"LineString","coordinates":[[-49.727384,-26.7650043],[-49.7273895,-26.7650866]]}},{"type":"Feature","properties":{"nome":"","tipo":"yes"},"geometry":{"type":"LineString","coordinates":[[-49.7392983,-26.7803626],[-49.7394392,-26.7803338]]}},{"type":"Feature","properties":{"nome":"","tipo":"yes"},"geometry":{"type":"LineString","coordinates":[[-49.7668205,-26.7659854],[-49.7667742,-26.7660799]]}},{"type":"Feature","properties":{"nome":"","tipo":"yes"},"geometry":{"type":"LineString","coordinates":[[-49.6783827,-26.8652546],[-49.6784954,-26.8651278]]}},{"type":"Feature","properties":{"nome":"","tipo":"yes"},"geometry":{"type":"LineString","coordinates":[[-49.6810354,-26.8174942],[-49.6810435,-26.8173721]]}},{"type":"Feature","properties":{"nome":"","tipo":"yes"},"geometry":{"type":"LineString","coordinates":[[-49.7142714,-26.7203116],[-49.7141693,-26.7203152]]}},{"type":"Feature","properties":{"nome":"","tipo":"yes"},"geometry":{"type":"LineString","coordinates":[[-49.9356777,-26.6895022],[-49.9355704,-26.6895981]]}},{"type":"Feature","properties":{"nome":"","tipo":"yes"},"geometry":{"type":"LineString","coordinates":[[-50.2881762,-27.070858],[-50.2882379,-27.0709559]]}},{"type":"Feature","properties":{"nome":"","tipo":"yes"},"geometry":{"type":"LineString","coordinates":[[-50.2644119,-27.0683454],[-50.2646291,-27.0681543]]}},{"type":"Feature","properties":{"nome":"","tipo":"yes"},"geometry":{"type":"LineString","coordinates":[[-50.2482569,-27.0494611],[-50.2484071,-27.0495184]]}},{"type":"Feature","properties":{"nome":"","tipo":"yes"},"geometry":{"type":"LineString","coordinates":[[-50.1520729,-27.0202134],[-50.1523477,-27.0202651]]}},{"type":"Feature","properties":{"nome":"","tipo":"yes"},"geometry":{"type":"LineString","coordinates":[[-50.0890502,-27.0622804],[-50.0892345,-27.0622116]]}},{"type":"Feature","properties":{"nome":"","tipo":"yes"},"geometry":{"type":"LineString","coordinates":[[-50.0815013,-26.8352663],[-50.0816345,-26.835273]]}},{"type":"Feature","properties":{"nome":"","tipo":"yes"},"geometry":{"type":"LineString","coordinates":[[-50.0986326,-26.9281227],[-50.0986648,-26.9279577]]}},{"type":"Feature","properties":{"nome":"","tipo":"yes"},"geometry":{"type":"LineString","coordinates":[[-50.0829895,-26.8638266],[-50.0830609,-26.8637761]]}},{"type":"Feature","properties":{"nome":"","tipo":"yes"},"geometry":{"type":"LineString","coordinates":[[-50.1787984,-26.9781849],[-50.1789607,-26.9781777]]}},{"type":"Feature","properties":{"nome":"Rodovia Deputado Jo\u00e3o Bertoli","tipo":"yes"},"geometry":{"type":"LineString","coordinates":[[-50.1455498,-27.0232001],[-50.1454661,-27.0234779]]}},{"type":"Feature","properties":{"nome":"Estrada Tifa Warmeling","tipo":"yes"},"geometry":{"type":"LineString","coordinates":[[-50.005171,-26.9066747],[-50.0052461,-26.9065479]]}},{"type":"Feature","properties":{"nome":"Estrada Geral Barra Grande","tipo":"yes"},"geometry":{"type":"LineString","coordinates":[[-49.986932,-26.9354796],[-49.9869038,-26.9353038]]}},{"type":"Feature","properties":{"nome":"","tipo":"yes"},"geometry":{"type":"LineString","coordinates":[[-50.0735781,-26.9919858],[-50.0734668,-26.9918998]]}},{"type":"Feature","properties":{"nome":"","tipo":"yes"},"geometry":{"type":"LineString","coordinates":[[-50.0552828,-26.9981448],[-50.0554919,-26.998042]]}},{"type":"Feature","properties":{"nome":"","tipo":"yes"},"geometry":{"type":"LineString","coordinates":[[-50.0542695,-26.9979299],[-50.0544781,-26.9978102]]}},{"type":"Feature","properties":{"nome":"","tipo":"yes"},"geometry":{"type":"LineString","coordinates":[[-50.0239518,-27.0028385],[-50.0238473,-27.0026544]]}},{"type":"Feature","properties":{"nome":"","tipo":"yes"},"geometry":{"type":"LineString","coordinates":[[-49.6111947,-27.0597277],[-49.6113019,-27.0598114]]}},{"type":"Feature","properties":{"nome":"","tipo":"yes"},"geometry":{"type":"LineString","coordinates":[[-49.6040248,-27.0372723],[-49.6040491,-27.0378448]]}},{"type":"Feature","properties":{"nome":"Rodovia Pedro Moser","tipo":"yes"},"geometry":{"type":"LineString","coordinates":[[-49.6107949,-26.9701796],[-49.6109647,-26.9701068]]}},{"type":"Feature","properties":{"nome":"Ponte interditada","tipo":"yes"},"geometry":{"type":"LineString","coordinates":[[-49.6767586,-26.8937603],[-49.6766084,-26.892947]]}},{"type":"Feature","properties":{"nome":"","tipo":"yes"},"geometry":{"type":"LineString","coordinates":[[-49.6183407,-27.0498093],[-49.6181648,-27.0499551]]}},{"type":"Feature","properties":{"nome":"","tipo":"yes"},"geometry":{"type":"LineString","coordinates":[[-49.8378365,-26.884009],[-49.8379999,-26.8838396]]}},{"type":"Feature","properties":{"nome":"","tipo":"yes"},"geometry":{"type":"LineString","coordinates":[[-50.1844835,-26.4190772],[-50.1846671,-26.4191111]]}},{"type":"Feature","properties":{"nome":"","tipo":"yes"},"geometry":{"type":"LineString","coordinates":[[-50.0876623,-26.788937],[-50.0877026,-26.7890447]]}},{"type":"Feature","properties":{"nome":"","tipo":"yes"},"geometry":{"type":"LineString","coordinates":[[-50.0868094,-26.7847084],[-50.0867772,-26.7848067]]}},{"type":"Feature","properties":{"nome":"","tipo":"yes"},"geometry":{"type":"LineString","coordinates":[[-50.0883651,-26.7724663],[-50.088467,-26.7725022]]}},{"type":"Feature","properties":{"nome":"","tipo":"yes"},"geometry":{"type":"LineString","coordinates":[[-50.0880003,-26.7640543],[-50.0881063,-26.7639495]]}},{"type":"Feature","properties":{"nome":"","tipo":"yes"},"geometry":{"type":"LineString","coordinates":[[-50.1013194,-26.7182886],[-50.1013041,-26.7183815]]}},{"type":"Feature","properties":{"nome":"","tipo":"yes"},"geometry":{"type":"LineString","coordinates":[[-50.1050377,-26.7769383],[-50.1049371,-26.777026]]}},{"type":"Feature","properties":{"nome":"","tipo":"yes"},"geometry":{"type":"LineString","coordinates":[[-50.1057439,-26.7688659],[-50.1058182,-26.7689545]]}},{"type":"Feature","properties":{"nome":"","tipo":"yes"},"geometry":{"type":"LineString","coordinates":[[-50.1063871,-26.7626339],[-50.1063477,-26.7627463]]}},{"type":"Feature","properties":{"nome":"","tipo":"yes"},"geometry":{"type":"LineString","coordinates":[[-50.1246607,-26.7741653],[-50.1247707,-26.774218]]}},{"type":"Feature","properties":{"nome":"","tipo":"yes"},"geometry":{"type":"LineString","coordinates":[[-50.1151791,-26.7499804],[-50.1150772,-26.7500295]]}},{"type":"Feature","properties":{"nome":"","tipo":"yes"},"geometry":{"type":"LineString","coordinates":[[-50.1520997,-26.7138977],[-50.1522084,-26.713918]]}},{"type":"Feature","properties":{"nome":"","tipo":"yes"},"geometry":{"type":"LineString","coordinates":[[-50.1581025,-26.7041554],[-50.1580368,-26.7042225]]}},{"type":"Feature","properties":{"nome":"","tipo":"yes"},"geometry":{"type":"LineString","coordinates":[[-50.1583976,-26.7151974],[-50.1584632,-26.7151472]]}},{"type":"Feature","properties":{"nome":"","tipo":"yes"},"geometry":{"type":"LineString","coordinates":[[-50.1594611,-26.7039638],[-50.1595295,-26.7040213]]}},{"type":"Feature","properties":{"nome":"","tipo":"yes"},"geometry":{"type":"LineString","coordinates":[[-50.0717568,-26.6725774],[-50.0719366,-26.6726133]]}},{"type":"Feature","properties":{"nome":"Estrada Geral Rio da Anta - Colorado","tipo":"yes"},"geometry":{"type":"LineString","coordinates":[[-50.0558513,-26.6491919],[-50.0556394,-26.6490577]]}},{"type":"Feature","properties":{"nome":"Estrada Geral Rio da Anta - Colorado","tipo":"yes"},"geometry":{"type":"LineString","coordinates":[[-50.041523,-26.648806],[-50.0413379,-26.6487509]]}},{"type":"Feature","properties":{"nome":"Estrada Geral Rio da Anta - Craveiro","tipo":"yes"},"geometry":{"type":"LineString","coordinates":[[-50.0121421,-26.6380033],[-50.0120589,-26.6378978]]}},{"type":"Feature","properties":{"nome":"Estrada Popadiuk","tipo":"yes"},"geometry":{"type":"LineString","coordinates":[[-50.0295603,-26.6046155],[-50.0294209,-26.6045963]]}},{"type":"Feature","properties":{"nome":"","tipo":"yes"},"geometry":{"type":"LineString","coordinates":[[-50.1105282,-26.633774],[-50.1107106,-26.6338556]]}},{"type":"Feature","properties":{"nome":"","tipo":"yes"},"geometry":{"type":"LineString","coordinates":[[-50.1655537,-26.5912255],[-50.1654437,-26.5912926]]}},{"type":"Feature","properties":{"nome":"","tipo":"yes"},"geometry":{"type":"LineString","coordinates":[[-50.1882309,-26.8827199],[-50.188308,-26.8828428]]}},{"type":"Feature","properties":{"nome":"","tipo":"yes"},"geometry":{"type":"LineString","coordinates":[[-50.1880105,-26.8794564],[-50.1880105,-26.8796235]]}},{"type":"Feature","properties":{"nome":"","tipo":"yes"},"geometry":{"type":"LineString","coordinates":[[-50.1992129,-26.8689379],[-50.1989815,-26.8689968]]}},{"type":"Feature","properties":{"nome":"","tipo":"yes"},"geometry":{"type":"LineString","coordinates":[[-50.0869252,-26.4975018],[-50.0868507,-26.4975831]]}},{"type":"Feature","properties":{"nome":"","tipo":"yes"},"geometry":{"type":"LineString","coordinates":[[-50.0195557,-26.5377362],[-50.0194377,-26.5376522]]}},{"type":"Feature","properties":{"nome":"","tipo":"yes"},"geometry":{"type":"LineString","coordinates":[[-49.9842981,-26.6177282],[-49.9842417,-26.6178673]]}},{"type":"Feature","properties":{"nome":"","tipo":"yes"},"geometry":{"type":"LineString","coordinates":[[-50.0003296,-26.5626439],[-50.0002089,-26.5627111]]}},{"type":"Feature","properties":{"nome":"Estrada Geral Bley Pombas","tipo":"yes"},"geometry":{"type":"LineString","coordinates":[[-49.9997341,-26.5603719],[-49.9998549,-26.5604511]]}},{"type":"Feature","properties":{"nome":"","tipo":"yes"},"geometry":{"type":"LineString","coordinates":[[-49.976719,-26.7927564],[-49.9766699,-26.7928971]]}},{"type":"Feature","properties":{"nome":"","tipo":"yes"},"geometry":{"type":"LineString","coordinates":[[-49.9617139,-26.8090643],[-49.9617055,-26.8092234]]}},{"type":"Feature","properties":{"nome":"","tipo":"yes"},"geometry":{"type":"LineString","coordinates":[[-49.9556387,-26.8523595],[-49.955585,-26.8522447]]}},{"type":"Feature","properties":{"nome":"","tipo":"yes"},"geometry":{"type":"LineString","coordinates":[[-49.9568939,-26.845075],[-49.9570495,-26.8449841]]}},{"type":"Feature","properties":{"nome":"","tipo":"yes"},"geometry":{"type":"LineString","coordinates":[[-49.9505585,-26.8201404],[-49.9503312,-26.8201724]]}},{"type":"Feature","properties":{"nome":"","tipo":"yes"},"geometry":{"type":"LineString","coordinates":[[-49.883474,-26.6368775],[-49.8833105,-26.6368728]]}},{"type":"Feature","properties":{"nome":"","tipo":"yes"},"geometry":{"type":"LineString","coordinates":[[-49.9839574,-26.7327232],[-49.9838475,-26.7326753]]}},{"type":"Feature","properties":{"nome":"","tipo":"yes"},"geometry":{"type":"LineString","coordinates":[[-49.9794298,-26.7244536],[-49.9794593,-26.7245566]]}},{"type":"Feature","properties":{"nome":"","tipo":"yes"},"geometry":{"type":"LineString","coordinates":[[-49.7216767,-26.9857352],[-49.7217564,-26.9858025]]}},{"type":"Feature","properties":{"nome":"Rua Andreas Schwarz","tipo":"yes"},"geometry":{"type":"LineString","coordinates":[[-49.7106908,-26.9882644],[-49.7105631,-26.9881059]]}},{"type":"Feature","properties":{"nome":"Rua Padre Sigfried M\u00fcller","tipo":"yes"},"geometry":{"type":"LineString","coordinates":[[-49.7254729,-26.9846854],[-49.7253745,-26.9844984]]}},{"type":"Feature","properties":{"nome":"","tipo":"yes"},"geometry":{"type":"LineString","coordinates":[[-49.7714323,-26.7421806],[-49.7713627,-26.742118]]}},{"type":"Feature","properties":{"nome":"","tipo":"yes"},"geometry":{"type":"LineString","coordinates":[[-50.1476446,-26.8545347],[-50.1474354,-26.8545993]]}},{"type":"Feature","properties":{"nome":"","tipo":"yes"},"geometry":{"type":"LineString","coordinates":[[-50.1464564,-26.8485498],[-50.1463035,-26.8486025]]}},{"type":"Feature","properties":{"nome":"","tipo":"yes"},"geometry":{"type":"LineString","coordinates":[[-50.1395577,-26.8183571],[-50.1396489,-26.8182781]]}},{"type":"Feature","properties":{"nome":"","tipo":"yes"},"geometry":{"type":"LineString","coordinates":[[-50.1542535,-26.8268306],[-50.154283,-26.8266846]]}},{"type":"Feature","properties":{"nome":"","tipo":"yes"},"geometry":{"type":"LineString","coordinates":[[-50.1552218,-26.8220027],[-50.155364,-26.8221104]]}},{"type":"Feature","properties":{"nome":"","tipo":"yes"},"geometry":{"type":"LineString","coordinates":[[-50.1972762,-26.6506447],[-50.1971447,-26.6506519]]}},{"type":"Feature","properties":{"nome":"","tipo":"yes"},"geometry":{"type":"LineString","coordinates":[[-50.2016187,-26.6579177],[-50.2015436,-26.657865]]}},{"type":"Feature","properties":{"nome":"","tipo":"yes"},"geometry":{"type":"LineString","coordinates":[[-49.8511817,-26.5283578],[-49.851078,-26.528361]]}},{"type":"Feature","properties":{"nome":"","tipo":"yes"},"geometry":{"type":"LineString","coordinates":[[-49.8515797,-26.6437404],[-49.8514187,-26.6438339]]}},{"type":"Feature","properties":{"nome":"","tipo":"yes"},"geometry":{"type":"LineString","coordinates":[[-49.8529986,-26.5843332],[-49.8529288,-26.5843776]]}},{"type":"Feature","properties":{"nome":"","tipo":"yes"},"geometry":{"type":"LineString","coordinates":[[-49.8246986,-26.5838475],[-49.8248434,-26.5838691]]}},{"type":"Feature","properties":{"nome":"","tipo":"yes"},"geometry":{"type":"LineString","coordinates":[[-49.9429016,-26.9150991],[-49.9428106,-26.9152082]]}},{"type":"Feature","properties":{"nome":"","tipo":"yes"},"geometry":{"type":"LineString","coordinates":[[-49.9341852,-26.9125938],[-49.9343151,-26.9125752]]}},{"type":"Feature","properties":{"nome":"","tipo":"yes"},"geometry":{"type":"LineString","coordinates":[[-49.9308421,-26.909158],[-49.9309782,-26.9091277]]}},{"type":"Feature","properties":{"nome":"","tipo":"yes"},"geometry":{"type":"LineString","coordinates":[[-49.9158196,-26.9001007],[-49.9158281,-26.8999985]]}},{"type":"Feature","properties":{"nome":"","tipo":"yes"},"geometry":{"type":"LineString","coordinates":[[-49.9144048,-26.9003813],[-49.9144343,-26.9002791]]}},{"type":"Feature","properties":{"nome":"","tipo":"yes"},"geometry":{"type":"LineString","coordinates":[[-49.8415413,-26.8071904],[-49.8415978,-26.8072617]]}},{"type":"Feature","properties":{"nome":"","tipo":"yes"},"geometry":{"type":"LineString","coordinates":[[-49.8390281,-26.7872797],[-49.8391434,-26.7871911]]}},{"type":"Feature","properties":{"nome":"","tipo":"yes"},"geometry":{"type":"LineString","coordinates":[[-49.823239,-26.7982757],[-49.8233226,-26.7981674]]}},{"type":"Feature","properties":{"nome":"","tipo":"yes"},"geometry":{"type":"LineString","coordinates":[[-49.8170543,-26.7956768],[-49.8170328,-26.7955188]]}},{"type":"Feature","properties":{"nome":"","tipo":"yes"},"geometry":{"type":"LineString","coordinates":[[-49.8393273,-26.7606947],[-49.8393676,-26.7606072]]}},{"type":"Feature","properties":{"nome":"","tipo":"yes"},"geometry":{"type":"LineString","coordinates":[[-49.8216972,-26.7693053],[-49.8216639,-26.7692261]]}},{"type":"Feature","properties":{"nome":"","tipo":"yes"},"geometry":{"type":"LineString","coordinates":[[-49.8034555,-26.7696262],[-49.8035667,-26.7695783]]}},{"type":"Feature","properties":{"nome":"","tipo":"yes"},"geometry":{"type":"LineString","coordinates":[[-49.7805038,-26.9262957],[-49.780638,-26.9261255]]}},{"type":"Feature","properties":{"nome":"","tipo":"yes"},"geometry":{"type":"LineString","coordinates":[[-50.1104423,-26.7520798],[-50.1103672,-26.7519887]]}},{"type":"Feature","properties":{"nome":"","tipo":"yes"},"geometry":{"type":"LineString","coordinates":[[-50.1615706,-26.7062401],[-50.1614848,-26.7063479]]}},{"type":"Feature","properties":{"nome":"","tipo":"yes"},"geometry":{"type":"LineString","coordinates":[[-50.1953316,-26.7101552],[-50.1952565,-26.7101097]]}},{"type":"Feature","properties":{"nome":"","tipo":"yes"},"geometry":{"type":"LineString","coordinates":[[-50.1926708,-26.713591],[-50.1925099,-26.7135814]]}},{"type":"Feature","properties":{"nome":"Estrada Geral Bra\u00e7o Iris","tipo":"yes"},"geometry":{"type":"LineString","coordinates":[[-49.9027053,-27.041088],[-49.9027643,-27.0412122]]}},{"type":"Feature","properties":{"nome":"Estrada Geral Bra\u00e7o Iris","tipo":"yes"},"geometry":{"type":"LineString","coordinates":[[-49.900471,-27.0680588],[-49.9004978,-27.0678582]]}},{"type":"Feature","properties":{"nome":"","tipo":"yes"},"geometry":{"type":"LineString","coordinates":[[-49.9240047,-27.0532735],[-49.9241254,-27.0532998]]}},{"type":"Feature","properties":{"nome":"","tipo":"yes"},"geometry":{"type":"LineString","coordinates":[[-49.9164516,-27.0707935],[-49.9163325,-27.0708547]]}},{"type":"Feature","properties":{"nome":"","tipo":"yes"},"geometry":{"type":"LineString","coordinates":[[-49.8612303,-27.0573295],[-49.8613504,-27.0573627]]}},{"type":"Feature","properties":{"nome":"","tipo":"yes"},"geometry":{"type":"LineString","coordinates":[[-49.6347589,-26.7482556],[-49.634639,-26.748301]]}},{"type":"Feature","properties":{"nome":"","tipo":"yes"},"geometry":{"type":"LineString","coordinates":[[-49.6319936,-26.7487066],[-49.6317227,-26.7487497]]}},{"type":"Feature","properties":{"nome":"","tipo":"yes"},"geometry":{"type":"LineString","coordinates":[[-49.6001592,-26.7523765],[-49.6000701,-26.7524066]]}},{"type":"Feature","properties":{"nome":"","tipo":"yes"},"geometry":{"type":"LineString","coordinates":[[-49.7604176,-26.7602675],[-49.7604471,-26.760186]]}},{"type":"Feature","properties":{"nome":"Estrada Geral S\u00e3o Donato","tipo":"yes"},"geometry":{"type":"LineString","coordinates":[[-49.8262187,-27.0141319],[-49.8262995,-27.0142649]]}},{"type":"Feature","properties":{"nome":"","tipo":"yes"},"geometry":{"type":"LineString","coordinates":[[-49.7658347,-27.0485972],[-49.7658401,-27.0485016]]}},{"type":"Feature","properties":{"nome":"","tipo":"yes"},"geometry":{"type":"LineString","coordinates":[[-49.6238065,-27.0476288],[-49.6236368,-27.047626]]}},{"type":"Feature","properties":{"nome":"","tipo":"yes"},"geometry":{"type":"LineString","coordinates":[[-49.6237953,-27.0472049],[-49.6239106,-27.0473246]]}},{"type":"Feature","properties":{"nome":"","tipo":"yes"},"geometry":{"type":"LineString","coordinates":[[-49.7973615,-26.9901431],[-49.7973749,-26.9899997]]}},{"type":"Feature","properties":{"nome":"Rua Dona Helena","tipo":"yes"},"geometry":{"type":"LineString","coordinates":[[-49.7683038,-26.9989191],[-49.7681388,-26.9991163]]}},{"type":"Feature","properties":{"nome":"Rua Floriano Gesser","tipo":"yes"},"geometry":{"type":"LineString","coordinates":[[-49.7413315,-26.9857572],[-49.7413269,-26.9859024]]}},{"type":"Feature","properties":{"nome":"","tipo":"yes"},"geometry":{"type":"LineString","coordinates":[[-49.685158,-27.0060599],[-49.6851948,-27.0061735]]}},{"type":"Feature","properties":{"nome":"","tipo":"yes"},"geometry":{"type":"LineString","coordinates":[[-49.8357546,-26.8795957],[-49.8356742,-26.8796603]]}},{"type":"Feature","properties":{"nome":"Ponte Governador Adolfo Konder","tipo":"yes"},"geometry":{"type":"LineString","coordinates":[[-49.0648204,-26.9177952],[-49.065816,-26.9185811]]}},{"type":"Feature","properties":{"nome":"Rua Ant\u00f4nio Treis","tipo":"yes"},"geometry":{"type":"LineString","coordinates":[[-49.0461526,-26.9014779],[-49.0442537,-26.9015616]]}},{"type":"Feature","properties":{"nome":"Ponte Ministro Victor Konder","tipo":"yes"},"geometry":{"type":"LineString","coordinates":[[-49.2375663,-26.8962091],[-49.2395833,-26.8940504]]}},{"type":"Feature","properties":{"nome":"Rodovia Governador M\u00e1rio Covas","tipo":"yes"},"geometry":{"type":"LineString","coordinates":[[-48.6205402,-27.0067327],[-48.6221464,-27.0062606]]}},{"type":"Feature","properties":{"nome":"Avenida Martin Luther","tipo":"yes"},"geometry":{"type":"LineString","coordinates":[[-49.0695333,-26.9130002],[-49.0698026,-26.9125509]]}},{"type":"Feature","properties":{"nome":"Rua Santa Catarina","tipo":"yes"},"geometry":{"type":"LineString","coordinates":[[-49.085226,-26.8880846],[-49.0838227,-26.8873417]]}},{"type":"Feature","properties":{"nome":"Ponte de Ferro","tipo":"yes"},"geometry":{"type":"LineString","coordinates":[[-49.0689697,-26.9125969],[-49.0659464,-26.9133097]]}},{"type":"Feature","properties":{"nome":"Rua Pomerode","tipo":"covered"},"geometry":{"type":"LineString","coordinates":[[-49.1022603,-26.88194],[-49.101569,-26.8804059]]}},{"type":"Feature","properties":{"nome":"Rua Werner Duwe","tipo":"yes"},"geometry":{"type":"LineString","coordinates":[[-49.1519382,-26.8504419],[-49.1515914,-26.8508036]]}},{"type":"Feature","properties":{"nome":"Rua 2 de Setembro","tipo":"yes"},"geometry":{"type":"LineString","coordinates":[[-49.0901537,-26.8723646],[-49.0909115,-26.8717271]]}},{"type":"Feature","properties":{"nome":"Rua XV de Novembro","tipo":"yes"},"geometry":{"type":"LineString","coordinates":[[-49.1698895,-26.7621646],[-49.1697905,-26.7623886]]}},{"type":"Feature","properties":{"nome":"Rua Engenheiro Udo Deeke","tipo":"yes"},"geometry":{"type":"LineString","coordinates":[[-49.1033288,-26.873163],[-49.1039859,-26.8732604]]}},{"type":"Feature","properties":{"nome":"Rodovia Ingo Hering","tipo":"yes"},"geometry":{"type":"LineString","coordinates":[[-49.0832584,-26.8620603],[-49.083864,-26.8622321]]}},{"type":"Feature","properties":{"nome":"Rua Leopoldo Alsleben","tipo":"yes"},"geometry":{"type":"LineString","coordinates":[[-49.163009,-26.81493],[-49.1624255,-26.815059]]}},{"type":"Feature","properties":{"nome":"Rua Alfons Koch","tipo":"yes"},"geometry":{"type":"LineString","coordinates":[[-49.1606755,-26.79945],[-49.1609196,-26.7994826]]}},{"type":"Feature","properties":{"nome":"Rua Para\u00edba","tipo":"yes"},"geometry":{"type":"LineString","coordinates":[[-49.0748039,-26.9132966],[-49.0745182,-26.9130767]]}},{"type":"Feature","properties":{"nome":"Travessa K\u00fchlewein","tipo":"yes"},"geometry":{"type":"LineString","coordinates":[[-49.1556489,-26.8237638],[-49.1554513,-26.8239457]]}},{"type":"Feature","properties":{"nome":"Rua Erwin Krueger","tipo":"yes"},"geometry":{"type":"LineString","coordinates":[[-49.1665422,-26.7796186],[-49.1663785,-26.7795664]]}},{"type":"Feature","properties":{"nome":"Rua Paulo Zimmermann","tipo":"yes"},"geometry":{"type":"LineString","coordinates":[[-49.1751281,-26.7375894],[-49.1748125,-26.737654]]}},{"type":"Feature","properties":{"nome":"Rua Itoror\u00f3","tipo":"yes"},"geometry":{"type":"LineString","coordinates":[[-49.1198234,-26.9285962],[-49.1196692,-26.9290458]]}},{"type":"Feature","properties":{"nome":"Rua Heinz Scheidemantel","tipo":"yes"},"geometry":{"type":"LineString","coordinates":[[-49.1573905,-26.8540388],[-49.1570317,-26.8541776]]}},{"type":"Feature","properties":{"nome":"Rodovia Ingo Hering","tipo":"yes"},"geometry":{"type":"LineString","coordinates":[[-49.1441091,-26.8834134],[-49.145031,-26.8836589]]}},{"type":"Feature","properties":{"nome":"Rua S\u00e3o Paulo","tipo":"yes"},"geometry":{"type":"LineString","coordinates":[[-49.0709161,-26.9138801],[-49.0706955,-26.9141662]]}},{"type":"Feature","properties":{"nome":"Via Expressa Paul Fritz Kuehnrich","tipo":"viaduct"},"geometry":{"type":"LineString","coordinates":[[-49.0695166,-26.8820259],[-49.0695454,-26.8825683]]}},{"type":"Feature","properties":{"nome":"Via Expressa Paul Fritz Kuehnrich","tipo":"yes"},"geometry":{"type":"LineString","coordinates":[[-49.0673387,-26.8747379],[-49.0673108,-26.8748826],[-49.0672872,-26.8751059]]}},{"type":"Feature","properties":{"nome":"Via Expressa Paul Fritz Kuehnrich","tipo":"viaduct"},"geometry":{"type":"LineString","coordinates":[[-49.0694542,-26.8825683],[-49.0694308,-26.8820347]]}},{"type":"Feature","properties":{"nome":"Via Expressa Paul Fritz Kuehnrich","tipo":"yes"},"geometry":{"type":"LineString","coordinates":[[-49.0671877,-26.875122],[-49.0672138,-26.8748752],[-49.0672471,-26.8747194]]}},{"type":"Feature","properties":{"nome":"Via Expressa Paul Fritz Kuehnrich","tipo":"yes"},"geometry":{"type":"LineString","coordinates":[[-49.0725546,-26.869921],[-49.0725221,-26.870003],[-49.072502,-26.8700529],[-49.0724773,-26.8701071],[-49.0724524,-26.8701531],[-49.0724275,-26.8701994],[-49.072389,-26.8702574]]}},{"type":"Feature","properties":{"nome":"Via Expressa Paul Fritz Kuehnrich","tipo":"yes"},"geometry":{"type":"LineString","coordinates":[[-49.0723022,-26.8702241],[-49.0723331,-26.8701667],[-49.0723591,-26.870125],[-49.0723874,-26.8700701],[-49.0724297,-26.8699769],[-49.0724471,-26.8699402],[-49.0724641,-26.8698953]]}},{"type":"Feature","properties":{"nome":"Rodovia Ingo Hering","tipo":"yes"},"geometry":{"type":"LineString","coordinates":[[-49.1066336,-26.8706454],[-49.1069788,-26.8708409]]}},{"type":"Feature","properties":{"nome":"","tipo":"yes"},"geometry":{"type":"LineString","coordinates":[[-48.6119345,-26.8015142],[-48.6123812,-26.8018138]]}},{"type":"Feature","properties":{"nome":"","tipo":"yes"},"geometry":{"type":"LineString","coordinates":[[-48.6109126,-26.8011777],[-48.6110507,-26.8011173]]}},{"type":"Feature","properties":{"nome":"Rodovia Ingo Hering","tipo":"yes"},"geometry":{"type":"LineString","coordinates":[[-48.716529,-26.8405121],[-48.7159931,-26.8420967]]}},{"type":"Feature","properties":{"nome":"Via Expressa Paul Fritz Kuehnrich","tipo":"yes"},"geometry":{"type":"LineString","coordinates":[[-49.0746165,-26.8962737],[-49.0761534,-26.8978732]]}},{"type":"Feature","properties":{"nome":"Via Expressa Paul Fritz Kuehnrich","tipo":"yes"},"geometry":{"type":"LineString","coordinates":[[-49.0766792,-26.898534],[-49.0745569,-26.8963197]]}},{"type":"Feature","properties":{"nome":"Via Expressa Paul Fritz Kuehnrich","tipo":"yes"},"geometry":{"type":"LineString","coordinates":[[-49.0699722,-26.8890461],[-49.0698579,-26.8887439]]}},{"type":"Feature","properties":{"nome":"Via Expressa Paul Fritz Kuehnrich","tipo":"yes"},"geometry":{"type":"LineString","coordinates":[[-49.069957,-26.8887226],[-49.0700818,-26.8890144]]}},{"type":"Feature","properties":{"nome":"Rodovia Ingo Hering","tipo":"yes"},"geometry":{"type":"LineString","coordinates":[[-49.0509616,-26.8619809],[-49.0512507,-26.8618223]]}},{"type":"Feature","properties":{"nome":"Ponte Herc\u00edlio Decke","tipo":"yes"},"geometry":{"type":"LineString","coordinates":[[-48.9582544,-26.9274917],[-48.9578552,-26.9288707]]}},{"type":"Feature","properties":{"nome":"","tipo":"yes"},"geometry":{"type":"LineString","coordinates":[[-49.5940042,-27.0311919],[-49.5952039,-27.0311273]]}},{"type":"Feature","properties":{"nome":"","tipo":"yes"},"geometry":{"type":"LineString","coordinates":[[-48.6804866,-26.8064188],[-48.6798654,-26.8065258]]}},{"type":"Feature","properties":{"nome":"Rodovia Governador M\u00e1rio Covas","tipo":"yes"},"geometry":{"type":"LineString","coordinates":[[-48.6221635,-27.0063423],[-48.6205636,-27.0068125]]}},{"type":"Feature","properties":{"nome":"","tipo":"yes"},"geometry":{"type":"LineString","coordinates":[[-48.6152359,-27.0112002],[-48.6136362,-27.0104132]]}},{"type":"Feature","properties":{"nome":"Rodovia Governador M\u00e1rio Covas","tipo":"yes"},"geometry":{"type":"LineString","coordinates":[[-48.6980352,-26.9373597],[-48.6973158,-26.9380975]]}},{"type":"Feature","properties":{"nome":"Rodovia Governador M\u00e1rio Covas","tipo":"yes"},"geometry":{"type":"LineString","coordinates":[[-48.7208985,-26.8910967],[-48.721649,-26.8893141]]}},{"type":"Feature","properties":{"nome":"Rodovia Governador M\u00e1rio Covas","tipo":"yes"},"geometry":{"type":"LineString","coordinates":[[-48.7217625,-26.8893515],[-48.7210299,-26.8911447]]}},{"type":"Feature","properties":{"nome":"Rodovia Governador M\u00e1rio Covas","tipo":"yes"},"geometry":{"type":"LineString","coordinates":[[-48.6972213,-26.9380369],[-48.6979494,-26.9373062]]}},{"type":"Feature","properties":{"nome":"Rodovia Governador M\u00e1rio Covas","tipo":"yes"},"geometry":{"type":"LineString","coordinates":[[-48.6947396,-26.9405136],[-48.6953461,-26.9399113],[-48.6955674,-26.9396874]]}},{"type":"Feature","properties":{"nome":"Rodovia Governador M\u00e1rio Covas","tipo":"yes"},"geometry":{"type":"LineString","coordinates":[[-48.7020162,-26.9332352],[-48.7025118,-26.9327425]]}},{"type":"Feature","properties":{"nome":"Avenida Vereador Abrah\u00e3o Jo\u00e3o Francisco","tipo":"yes"},"geometry":{"type":"LineString","coordinates":[[-48.6961223,-26.9365914],[-48.6956106,-26.9364367]]}},{"type":"Feature","properties":{"nome":"Avenida Governador Adolfo Konder","tipo":"yes"},"geometry":{"type":"LineString","coordinates":[[-48.7095376,-26.9184841],[-48.7103885,-26.9187502]]}},{"type":"Feature","properties":{"nome":"","tipo":"yes"},"geometry":{"type":"LineString","coordinates":[[-48.6378153,-26.8258392],[-48.6379494,-26.8258188]]}},{"type":"Feature","properties":{"nome":"Avenida Campos Novos","tipo":"yes"},"geometry":{"type":"LineString","coordinates":[[-48.7002158,-26.9009346],[-48.700603,-26.9004323]]}},{"type":"Feature","properties":{"nome":"Rua Angioletti Jo\u00e3o de Freitas","tipo":"yes"},"geometry":{"type":"LineString","coordinates":[[-48.6423417,-26.8243013],[-48.6422156,-26.8243439]]}},{"type":"Feature","properties":{"nome":"Avenida Vereador Nilo Simas","tipo":"yes"},"geometry":{"type":"LineString","coordinates":[[-48.6909025,-26.9316544],[-48.6912872,-26.9310867]]}},{"type":"Feature","properties":{"nome":"Avenida Prefeito Cirino Adolfo Cabral","tipo":"yes"},"geometry":{"type":"LineString","coordinates":[[-48.6211932,-26.8238262],[-48.6212112,-26.8238975]]}},{"type":"Feature","properties":{"nome":"Rodovia Governador M\u00e1rio Covas","tipo":"yes"},"geometry":{"type":"LineString","coordinates":[[-48.7207379,-26.8455535],[-48.7196924,-26.8446624],[-48.7194613,-26.8444654],[-48.7183298,-26.843501]]}},{"type":"Feature","properties":{"nome":"Rodovia Governador M\u00e1rio Covas","tipo":"yes"},"geometry":{"type":"LineString","coordinates":[[-48.6955158,-26.9398969],[-48.6948229,-26.9405886]]}},{"type":"Feature","properties":{"nome":"Rodovia Governador M\u00e1rio Covas","tipo":"yes"},"geometry":{"type":"LineString","coordinates":[[-48.7026113,-26.9327712],[-48.7020931,-26.9332853]]}},{"type":"Feature","properties":{"nome":"Rodovia Governador M\u00e1rio Covas","tipo":"yes"},"geometry":{"type":"LineString","coordinates":[[-48.7139452,-26.9080524],[-48.7133976,-26.9093391]]}},{"type":"Feature","properties":{"nome":"Rodovia Governador M\u00e1rio Covas","tipo":"yes"},"geometry":{"type":"LineString","coordinates":[[-48.713302,-26.9093074],[-48.7138496,-26.9080105]]}},{"type":"Feature","properties":{"nome":"Rodovia Ingo Hering","tipo":"yes"},"geometry":{"type":"LineString","coordinates":[[-49.3741753,-26.9607803],[-49.3735223,-26.9610024],[-49.3728328,-26.9612369]]}},{"type":"Feature","properties":{"nome":"Rodovia Ingo Hering","tipo":"yes"},"geometry":{"type":"LineString","coordinates":[[-48.8129291,-26.8603307],[-48.8120413,-26.8587497]]}},{"type":"Feature","properties":{"nome":"Rodovia Jorge Lacerda","tipo":"yes"},"geometry":{"type":"LineString","coordinates":[[-48.8785835,-26.9198105],[-48.8788538,-26.9200156]]}},{"type":"Feature","properties":{"nome":"Rua Sebasti\u00e3o Jo\u00e3o dos Santos","tipo":"yes"},"geometry":{"type":"LineString","coordinates":[[-48.64912,-26.922211],[-48.649035,-26.9222264]]}},{"type":"Feature","properties":{"nome":"Ponte Ivanete Cruz","tipo":"yes"},"geometry":{"type":"LineString","coordinates":[[-48.6480008,-26.9238286],[-48.6478563,-26.9237702]]}},{"type":"Feature","properties":{"nome":"Avenida Nereu Ramos","tipo":"yes"},"geometry":{"type":"LineString","coordinates":[[-48.6516339,-26.7726569],[-48.651356,-26.7725133]]}},{"type":"Feature","properties":{"nome":"Rua Nilo Anast\u00e1cio Vieira","tipo":"yes"},"geometry":{"type":"LineString","coordinates":[[-48.6462846,-26.7849617],[-48.6462214,-26.7848359]]}},{"type":"Feature","properties":{"nome":"Rua Tiradentes","tipo":"yes"},"geometry":{"type":"LineString","coordinates":[[-48.6384439,-26.7858435],[-48.6383998,-26.7856141]]}},{"type":"Feature","properties":{"nome":"Rua Jo\u00e3o Luiz Justino","tipo":"yes"},"geometry":{"type":"LineString","coordinates":[[-48.6358385,-26.7935728],[-48.6359996,-26.7936433]]}},{"type":"Feature","properties":{"nome":"Rua Jos\u00e9 Luiz Marcelino","tipo":"yes"},"geometry":{"type":"LineString","coordinates":[[-48.6950287,-26.8765113],[-48.6951352,-26.8763885]]}},{"type":"Feature","properties":{"nome":"Avenida Teporti","tipo":"yes"},"geometry":{"type":"LineString","coordinates":[[-48.7098005,-26.8778246],[-48.7099617,-26.8776508]]}},{"type":"Feature","properties":{"nome":"","tipo":"yes"},"geometry":{"type":"LineString","coordinates":[[-49.0461563,-26.9015278],[-49.044257,-26.9016047]]}},{"type":"Feature","properties":{"nome":"Via Expressa Paul Fritz Kuehnrich","tipo":"yes"},"geometry":{"type":"LineString","coordinates":[[-49.0693536,-26.8798912],[-49.0693473,-26.8797119]]}},{"type":"Feature","properties":{"nome":"Via Expressa Paul Fritz Kuehnrich","tipo":"yes"},"geometry":{"type":"LineString","coordinates":[[-49.0694341,-26.8796974],[-49.0694395,-26.8798661]]}},{"type":"Feature","properties":{"nome":"Avenida Vereador Abrah\u00e3o Jo\u00e3o Francisco","tipo":"yes"},"geometry":{"type":"LineString","coordinates":[[-48.6956395,-26.9363607],[-48.6961512,-26.9365154]]}},{"type":"Feature","properties":{"nome":"Rodovia Leonardo Martendal","tipo":"yes"},"geometry":{"type":"LineString","coordinates":[[-48.851115,-26.7285038],[-48.8508376,-26.7291294],[-48.850808,-26.7291925]]}},{"type":"Feature","properties":{"nome":"Rodovia Leonardo Martendal","tipo":"yes"},"geometry":{"type":"LineString","coordinates":[[-48.8237374,-26.7495578],[-48.8235832,-26.7496166],[-48.8233629,-26.7497006]]}},{"type":"Feature","properties":{"nome":"Rua Irineu Maria","tipo":"yes"},"geometry":{"type":"LineString","coordinates":[[-48.7365231,-26.8931809],[-48.7365118,-26.8930337]]}},{"type":"Feature","properties":{"nome":"Rua Erna Hoier Corr\u00eaa","tipo":"yes"},"geometry":{"type":"LineString","coordinates":[[-48.6955808,-26.9349206],[-48.6958054,-26.9347795]]}},{"type":"Feature","properties":{"nome":"Rua Fermino Vieira Cordeiro","tipo":"yes"},"geometry":{"type":"LineString","coordinates":[[-48.7406926,-26.8968959],[-48.7405693,-26.897006]]}},{"type":"Feature","properties":{"nome":"Estrada Geral das Laranjeiras","tipo":"yes"},"geometry":{"type":"LineString","coordinates":[[-48.838289,-26.7456933],[-48.8383846,-26.7460568]]}},{"type":"Feature","properties":{"nome":"Rua Ant\u00f4nio Notari","tipo":"yes"},"geometry":{"type":"LineString","coordinates":[[-48.7354484,-26.8926764],[-48.7354603,-26.8928254]]}},{"type":"Feature","properties":{"nome":"Estrada Geral Boa Vista","tipo":"yes"},"geometry":{"type":"LineString","coordinates":[[-48.8753052,-26.7264636],[-48.8753254,-26.7268151]]}},{"type":"Feature","properties":{"nome":"","tipo":"yes"},"geometry":{"type":"LineString","coordinates":[[-48.6971239,-26.9379343],[-48.6985223,-26.9365252]]}},{"type":"Feature","properties":{"nome":"Rodovia Governador M\u00e1rio Covas","tipo":"yes"},"geometry":{"type":"LineString","coordinates":[[-48.6794522,-26.9528989],[-48.6794641,-26.952715]]}},{"type":"Feature","properties":{"nome":"Rodovia Governador M\u00e1rio Covas","tipo":"yes"},"geometry":{"type":"LineString","coordinates":[[-48.6795598,-26.9527218],[-48.6795448,-26.9529031]]}},{"type":"Feature","properties":{"nome":"Rua Flor Eduardo de Souza","tipo":"yes"},"geometry":{"type":"LineString","coordinates":[[-48.799532,-26.864849],[-48.7992167,-26.8650572]]}},{"type":"Feature","properties":{"nome":"Avenida Atl\u00e2ntica","tipo":"yes"},"geometry":{"type":"LineString","coordinates":[[-48.6331329,-26.9717707],[-48.6323549,-26.9713824]]}},{"type":"Feature","properties":{"nome":"Rua 2001","tipo":"yes"},"geometry":{"type":"LineString","coordinates":[[-48.6364843,-26.9757107],[-48.6363314,-26.9757298]]}},{"type":"Feature","properties":{"nome":"Avenida Osmar de Souza Nunes","tipo":"yes"},"geometry":{"type":"LineString","coordinates":[[-48.6353727,-26.9726774],[-48.6351045,-26.9727204]]}},{"type":"Feature","properties":{"nome":"Rua Doutor Pedro Zimmermann","tipo":"yes"},"geometry":{"type":"LineString","coordinates":[[-49.0851755,-26.8623261],[-49.0849027,-26.8628172]]}},{"type":"Feature","properties":{"nome":"Ponte Prefeito Osvaldo Tadeu Beltramini","tipo":"yes"},"geometry":{"type":"LineString","coordinates":[[-49.520349,-27.0566179],[-49.5195825,-27.0575934],[-49.5194847,-27.0577178]]}},{"type":"Feature","properties":{"nome":"Rua Tiradentes","tipo":"yes"},"geometry":{"type":"LineString","coordinates":[[-49.5154902,-27.0553523],[-49.5146312,-27.0547123]]}},{"type":"Feature","properties":{"nome":"","tipo":"yes"},"geometry":{"type":"LineString","coordinates":[[-49.5373765,-27.0560072],[-49.5372173,-27.0559979],[-49.5366616,-27.0559749],[-49.5360191,-27.0559483]]}},{"type":"Feature","properties":{"nome":"Rua Doutor Get\u00falio Vargas","tipo":"yes"},"geometry":{"type":"LineString","coordinates":[[-49.5353156,-27.053303],[-49.5354566,-27.0531743]]}},{"type":"Feature","properties":{"nome":"","tipo":"yes"},"geometry":{"type":"LineString","coordinates":[[-49.0690808,-26.8611547],[-49.0694678,-26.86198]]}},{"type":"Feature","properties":{"nome":"","tipo":"yes"},"geometry":{"type":"LineString","coordinates":[[-49.0694137,-26.8620002],[-49.0690328,-26.8611726]]}},{"type":"Feature","properties":{"nome":"Ponte dos Arcos","tipo":"yes"},"geometry":{"type":"LineString","coordinates":[[-49.0585256,-26.9128942],[-49.0570839,-26.9138006]]}},{"type":"Feature","properties":{"nome":"Ponte dos Arcos","tipo":"yes"},"geometry":{"type":"LineString","coordinates":[[-49.0570188,-26.9137138],[-49.0584803,-26.9128344]]}},{"type":"Feature","properties":{"nome":"","tipo":"yes"},"geometry":{"type":"LineString","coordinates":[[-48.9309966,-26.9829379],[-48.9311038,-26.9827264]]}},{"type":"Feature","properties":{"nome":"","tipo":"yes"},"geometry":{"type":"LineString","coordinates":[[-49.0906612,-26.872448],[-49.090394,-26.8724753]]}},{"type":"Feature","properties":{"nome":"Rodovia Ingo Hering","tipo":"yes"},"geometry":{"type":"LineString","coordinates":[[-49.241069,-26.8789872],[-49.2404394,-26.8785087]]}},{"type":"Feature","properties":{"nome":"Rua Guilherme Scharf","tipo":"yes"},"geometry":{"type":"LineString","coordinates":[[-49.0867149,-26.8506968],[-49.0865386,-26.8505408],[-49.0864216,-26.8504427]]}},{"type":"Feature","properties":{"nome":"Rua Felippe Jensen","tipo":"yes"},"geometry":{"type":"LineString","coordinates":[[-49.088477,-26.8137345],[-49.0881964,-26.8137398]]}},{"type":"Feature","properties":{"nome":"Rua Carlos Pagel","tipo":"yes"},"geometry":{"type":"LineString","coordinates":[[-49.0878745,-26.8233721],[-49.0876472,-26.8234636]]}},{"type":"Feature","properties":{"nome":"Rua Arnoldo Jenichen","tipo":"yes"},"geometry":{"type":"LineString","coordinates":[[-49.0888668,-26.8338891],[-49.0893228,-26.8338753]]}},{"type":"Feature","properties":{"nome":"Rua Rudiberto Krueger","tipo":"yes"},"geometry":{"type":"LineString","coordinates":[[-49.0889908,-26.8093917],[-49.0887024,-26.8093959]]}},{"type":"Feature","properties":{"nome":"Rua Oswin Wachholz","tipo":"yes"},"geometry":{"type":"LineString","coordinates":[[-49.0842778,-26.7841228],[-49.0841329,-26.7841086]]}},{"type":"Feature","properties":{"nome":"Rua M\u00e1rio Giese","tipo":"yes"},"geometry":{"type":"LineString","coordinates":[[-49.0857039,-26.797507],[-49.0854602,-26.7975168]]}},{"type":"Feature","properties":{"nome":"Rodovia Ingo Hering","tipo":"yes"},"geometry":{"type":"LineString","coordinates":[[-49.3743709,-26.9569783],[-49.3747003,-26.9574457]]}},{"type":"Feature","properties":{"nome":"Rua Ant\u00f4nio Vicente dos Passos Filho","tipo":"yes"},"geometry":{"type":"LineString","coordinates":[[-48.6440555,-26.8629556],[-48.6441419,-26.8629447]]}},{"type":"Feature","properties":{"nome":"Rua Orlando Formigal","tipo":"yes"},"geometry":{"type":"LineString","coordinates":[[-48.6440692,-26.8624851],[-48.6439759,-26.8624967]]}},{"type":"Feature","properties":{"nome":"Rua Vereador Thim\u00f3teo de G\u00f3es Rebello","tipo":"yes"},"geometry":{"type":"LineString","coordinates":[[-48.6439281,-26.8621122],[-48.6440185,-26.8621005]]}},{"type":"Feature","properties":{"nome":"Rua Ad\u00e3o Luiz Goulart","tipo":"yes"},"geometry":{"type":"LineString","coordinates":[[-48.6439385,-26.8616996],[-48.643866,-26.8617089]]}},{"type":"Feature","properties":{"nome":"Rua Milton Seara M\u00fcller","tipo":"yes"},"geometry":{"type":"LineString","coordinates":[[-48.6433733,-26.85936],[-48.6433121,-26.8593678]]}},{"type":"Feature","properties":{"nome":"Rua Jos\u00e9 Lino Rocha","tipo":"yes"},"geometry":{"type":"LineString","coordinates":[[-48.6434856,-26.8598553],[-48.6434087,-26.8598648]]}},{"type":"Feature","properties":{"nome":"Rua Adolfo Cabral J\u00fanior","tipo":"yes"},"geometry":{"type":"LineString","coordinates":[[-48.6427828,-26.858184],[-48.642708,-26.8581958]]}},{"type":"Feature","properties":{"nome":"Rua Geraldo Jos\u00e9 Borba","tipo":"yes"},"geometry":{"type":"LineString","coordinates":[[-48.642139,-26.8559371],[-48.6420371,-26.8559516]]}},{"type":"Feature","properties":{"nome":"Rua Gerv\u00e1sio de Souza","tipo":"yes"},"geometry":{"type":"LineString","coordinates":[[-48.641831,-26.8549176],[-48.6417434,-26.8549303]]}},{"type":"Feature","properties":{"nome":"Rua Indaial","tipo":"yes"},"geometry":{"type":"LineString","coordinates":[[-49.2712088,-26.8377694],[-49.2703475,-26.837456]]}},{"type":"Feature","properties":{"nome":"Rua Professor Max Humpl","tipo":"yes"},"geometry":{"type":"LineString","coordinates":[[-49.1045071,-26.8722934],[-49.1046092,-26.8725476]]}},{"type":"Feature","properties":{"nome":"","tipo":"yes"},"geometry":{"type":"LineString","coordinates":[[-49.3915766,-27.0356223],[-49.3931814,-27.0335868]]}},{"type":"Feature","properties":{"nome":"Avenida Missler","tipo":"yes"},"geometry":{"type":"LineString","coordinates":[[-49.5866947,-27.0483296],[-49.5867701,-27.0475536]]}},{"type":"Feature","properties":{"nome":"Avenida Kurt Benecke","tipo":"yes"},"geometry":{"type":"LineString","coordinates":[[-49.2667658,-26.8524054],[-49.2659692,-26.8520096]]}},{"type":"Feature","properties":{"nome":"Rua Bonif\u00e1cio Haendchen","tipo":"yes"},"geometry":{"type":"LineString","coordinates":[[-49.0346369,-26.8520391],[-49.0345546,-26.8518959]]}},{"type":"Feature","properties":{"nome":"","tipo":"yes"},"geometry":{"type":"LineString","coordinates":[[-49.3175034,-26.5951429],[-49.3185131,-26.5945783]]}},{"type":"Feature","properties":{"nome":"Estrada Geral Rio Rosina","tipo":"yes"},"geometry":{"type":"LineString","coordinates":[[-49.3353069,-26.6379768],[-49.3355459,-26.6382072]]}},{"type":"Feature","properties":{"nome":"Estrada Geral Alto Pomeranos","tipo":"yes"},"geometry":{"type":"LineString","coordinates":[[-49.2684367,-26.7019828],[-49.2682507,-26.7016347]]}},{"type":"Feature","properties":{"nome":"Estrada Geral Rio Mil\u00e2nes","tipo":"yes"},"geometry":{"type":"LineString","coordinates":[[-49.3211882,-26.6723667],[-49.3213392,-26.6726846]]}},{"type":"Feature","properties":{"nome":"Estrada Geral Barra do Rio do Couro","tipo":"yes"},"geometry":{"type":"LineString","coordinates":[[-49.3777058,-26.6136244],[-49.3774179,-26.6134121]]}},{"type":"Feature","properties":{"nome":"Rodovia Governador M\u00e1rio Covas","tipo":"yes"},"geometry":{"type":"LineString","coordinates":[[-48.7298164,-26.8695811],[-48.7298451,-26.8694815]]}},{"type":"Feature","properties":{"nome":"Rodovia Governador M\u00e1rio Covas","tipo":"yes"},"geometry":{"type":"LineString","coordinates":[[-48.7299488,-26.8694805],[-48.7299189,-26.8695817]]}},{"type":"Feature","properties":{"nome":"","tipo":"yes"},"geometry":{"type":"LineString","coordinates":[[-48.6798394,-26.80645],[-48.6804348,-26.8063436]]}},{"type":"Feature","properties":{"nome":"Avenida Nereu Ramos","tipo":"yes"},"geometry":{"type":"LineString","coordinates":[[-48.6635268,-26.7741047],[-48.6639313,-26.7737418]]}},{"type":"Feature","properties":{"nome":"Rodovia Ingo Hering","tipo":"yes"},"geometry":{"type":"LineString","coordinates":[[-49.0305168,-26.8673932],[-49.03038,-26.8674731],[-49.0301709,-26.8675814]]}},{"type":"Feature","properties":{"nome":"Rua Alberto Reinert","tipo":"yes"},"geometry":{"type":"LineString","coordinates":[[-49.0301091,-26.8617335],[-49.030303,-26.8616703]]}},{"type":"Feature","properties":{"nome":"Rua Jos\u00e9 Ant\u00e3o Soares","tipo":"yes"},"geometry":{"type":"LineString","coordinates":[[-49.029705,-26.858007],[-49.0295079,-26.8579863]]}},{"type":"Feature","properties":{"nome":"Rua Bonif\u00e1cio Haendchen","tipo":"yes"},"geometry":{"type":"LineString","coordinates":[[-49.0319259,-26.8409176],[-49.0319102,-26.8407033]]}},{"type":"Feature","properties":{"nome":"Rua Ant\u00f4nio Schmitz","tipo":"yes"},"geometry":{"type":"LineString","coordinates":[[-49.030081,-26.8263655],[-49.0303199,-26.8261943]]}},{"type":"Feature","properties":{"nome":"Rua Bonif\u00e1cio Haendchen","tipo":"yes"},"geometry":{"type":"LineString","coordinates":[[-49.0304053,-26.8301003],[-49.0302789,-26.8299964]]}},{"type":"Feature","properties":{"nome":"Rua Paula Soares","tipo":"yes"},"geometry":{"type":"LineString","coordinates":[[-49.0362731,-26.8457771],[-49.0360486,-26.8458312]]}},{"type":"Feature","properties":{"nome":"Rua Alo\u00edsio Haendchen","tipo":"yes"},"geometry":{"type":"LineString","coordinates":[[-49.0317785,-26.8350383],[-49.0319798,-26.8350577]]}},{"type":"Feature","properties":{"nome":"Rua Bernardo Pereira","tipo":"yes"},"geometry":{"type":"LineString","coordinates":[[-49.0310482,-26.83717],[-49.0312733,-26.8371859]]}},{"type":"Feature","properties":{"nome":"Rua Vidal Fl\u00e1vio Dias","tipo":"yes"},"geometry":{"type":"LineString","coordinates":[[-49.0007213,-26.890647],[-49.0004839,-26.8906254]]}},{"type":"Feature","properties":{"nome":"","tipo":"yes"},"geometry":{"type":"LineString","coordinates":[[-48.6513619,-26.7724791],[-48.6516769,-26.77264]]}},{"type":"Feature","properties":{"nome":"Ferrovia DinoMagic","tipo":"yes"},"geometry":{"type":"LineString","coordinates":[[-48.6193265,-26.8059494],[-48.6192729,-26.8062247]]}},{"type":"Feature","properties":{"nome":"Ferrovia DinoMagic","tipo":"yes"},"geometry":{"type":"LineString","coordinates":[[-48.6189725,-26.808645],[-48.619128,-26.8086928]]}},{"type":"Feature","properties":{"nome":"Rua Marechal Rondon","tipo":"yes"},"geometry":{"type":"LineString","coordinates":[[-49.0963033,-26.8727785],[-49.0961815,-26.8725677]]}},{"type":"Feature","properties":{"nome":"","tipo":"yes"},"geometry":{"type":"LineString","coordinates":[[-49.0234519,-26.8202125],[-49.0232554,-26.820333]]}},{"type":"Feature","properties":{"nome":"Rua 20 de Junho","tipo":"yes"},"geometry":{"type":"LineString","coordinates":[[-49.0363825,-26.84979],[-49.036231,-26.8497902]]}},{"type":"Feature","properties":{"nome":"Ponte Irineu Bornhausen","tipo":"yes"},"geometry":{"type":"LineString","coordinates":[[-49.2367122,-26.8905821],[-49.2360234,-26.8900535]]}},{"type":"Feature","properties":{"nome":"Rua Luiz Gonzaga Werner","tipo":"yes"},"geometry":{"type":"LineString","coordinates":[[-48.8892286,-27.0705241],[-48.8897789,-27.0699822]]}},{"type":"Feature","properties":{"nome":"Rua Martin Jensen","tipo":"yes"},"geometry":{"type":"LineString","coordinates":[[-49.077729,-26.7688982],[-49.0775227,-26.7689152]]}},{"type":"Feature","properties":{"nome":"Rua Rio Bonito","tipo":"yes"},"geometry":{"type":"LineString","coordinates":[[-49.0713505,-26.7576558],[-49.0711616,-26.7576336]]}},{"type":"Feature","properties":{"nome":"","tipo":"boardwalk"},"geometry":{"type":"LineString","coordinates":[[-48.6278758,-26.9367136],[-48.6277453,-26.9367551],[-48.6275068,-26.9368347]]}},{"type":"Feature","properties":{"nome":"Ponte Rodovel","tipo":"yes"},"geometry":{"type":"LineString","coordinates":[[-49.1260042,-26.9301333],[-49.1259926,-26.9303621]]}},{"type":"Feature","properties":{"nome":"Rua Henrique Weise","tipo":"yes"},"geometry":{"type":"LineString","coordinates":[[-49.1398121,-26.8909642],[-49.1392441,-26.8922411],[-49.1389558,-26.8929347],[-49.1387971,-26.8932477],[-49.1386153,-26.8935772],[-49.1384943,-26.8937597],[-49.138352,-26.8939709]]}},{"type":"Feature","properties":{"nome":"Rua Henrique Weise","tipo":"yes"},"geometry":{"type":"LineString","coordinates":[[-49.1382849,-26.8939315],[-49.138426,-26.8937266],[-49.1385462,-26.8935421],[-49.1387278,-26.8932204],[-49.138882,-26.8929123],[-49.1391812,-26.8922196],[-49.139736,-26.8909389]]}},{"type":"Feature","properties":{"nome":"Rua Harry Brehmer","tipo":"yes"},"geometry":{"type":"LineString","coordinates":[[-49.1286279,-26.9341461],[-49.1283567,-26.9339659]]}},{"type":"Feature","properties":{"nome":"Avenida Governador Adolfo Konder","tipo":"yes"},"geometry":{"type":"LineString","coordinates":[[-48.7083188,-26.9180796],[-48.7095376,-26.9184841]]}},{"type":"Feature","properties":{"nome":"Alameda Ernesto Schneider","tipo":"yes"},"geometry":{"type":"LineString","coordinates":[[-48.649268,-26.9204726],[-48.6494552,-26.9204293]]}},{"type":"Feature","properties":{"nome":"Rua J\u00falio Michel","tipo":"yes"},"geometry":{"type":"LineString","coordinates":[[-49.0666917,-26.8795012],[-49.0665311,-26.879511]]}},{"type":"Feature","properties":{"nome":"","tipo":"yes"},"geometry":{"type":"LineString","coordinates":[[-49.0675172,-26.8802877],[-49.0673841,-26.8803456]]}},{"type":"Feature","properties":{"nome":"Rua Nereu Ramos","tipo":"yes"},"geometry":{"type":"LineString","coordinates":[[-49.2725238,-26.7402324],[-49.2728701,-26.7398498]]}},{"type":"Feature","properties":{"nome":"Rodovia Ingo Hering","tipo":"yes"},"geometry":{"type":"LineString","coordinates":[[-49.3651326,-26.9479732],[-49.365789,-26.9480562]]}},{"type":"Feature","properties":{"nome":"Ponte P\u00eansil do Warnow","tipo":"yes"},"geometry":{"type":"LineString","coordinates":[[-49.291127,-26.9407693],[-49.2895623,-26.9419136]]}},{"type":"Feature","properties":{"nome":"Avenida Get\u00falio Vargas","tipo":"yes"},"geometry":{"type":"LineString","coordinates":[[-49.2749397,-26.8276705],[-49.2750682,-26.8282448]]}},{"type":"Feature","properties":{"nome":"","tipo":"yes"},"geometry":{"type":"LineString","coordinates":[[-49.2870319,-26.9544539],[-49.2869829,-26.9542535]]}},{"type":"Feature","properties":{"nome":"","tipo":"yes"},"geometry":{"type":"LineString","coordinates":[[-49.2258079,-26.832721],[-49.2257156,-26.8327239]]}},{"type":"Feature","properties":{"nome":"","tipo":"yes"},"geometry":{"type":"LineString","coordinates":[[-49.2186717,-26.8181138],[-49.2186585,-26.8180078]]}},{"type":"Feature","properties":{"nome":"","tipo":"yes"},"geometry":{"type":"LineString","coordinates":[[-49.2264038,-26.8471206],[-49.2262565,-26.8470588]]}},{"type":"Feature","properties":{"nome":"Rua Arnold Hemmer","tipo":"covered"},"geometry":{"type":"LineString","coordinates":[[-49.1402227,-26.8864],[-49.1404826,-26.8864095]]}},{"type":"Feature","properties":{"nome":"Rodovia Ingo Hering","tipo":"yes"},"geometry":{"type":"LineString","coordinates":[[-49.0064893,-26.8747008],[-49.0059131,-26.8747735]]}},{"type":"Feature","properties":{"nome":"","tipo":"yes"},"geometry":{"type":"LineString","coordinates":[[-49.3616867,-26.7946095],[-49.362196,-26.7946691]]}},{"type":"Feature","properties":{"nome":"Rua Celso Ramos","tipo":"yes"},"geometry":{"type":"LineString","coordinates":[[-49.3773189,-26.7831244],[-49.3767012,-26.7826676]]}},{"type":"Feature","properties":{"nome":"Rua Leopoldo Koprowski","tipo":"yes"},"geometry":{"type":"LineString","coordinates":[[-49.4120181,-26.7776634],[-49.411823,-26.7781974]]}},{"type":"Feature","properties":{"nome":"","tipo":"yes"},"geometry":{"type":"LineString","coordinates":[[-49.3888718,-26.7788809],[-49.3885453,-26.7791242]]}},{"type":"Feature","properties":{"nome":"Rua Bertha Schroeder","tipo":"yes"},"geometry":{"type":"LineString","coordinates":[[-48.8690181,-27.0698146],[-48.8689685,-27.069642]]}},{"type":"Feature","properties":{"nome":"Rua Vereador Herbert Schweigert","tipo":"yes"},"geometry":{"type":"LineString","coordinates":[[-49.0698529,-26.8890698],[-49.0697437,-26.8887715]]}},{"type":"Feature","properties":{"nome":"Rua Henrique Weise","tipo":"yes"},"geometry":{"type":"LineString","coordinates":[[-49.1414444,-26.8858826],[-49.1415703,-26.88566],[-49.1417677,-26.8853138]]}},{"type":"Feature","properties":{"nome":"Avenida das Comunidades","tipo":"yes"},"geometry":{"type":"LineString","coordinates":[[-48.9590798,-26.9316897],[-48.9592081,-26.9316201],[-48.9593159,-26.9315432],[-48.9593898,-26.93148],[-48.9594717,-26.9313861],[-48.9596354,-26.9311709]]}},{"type":"Feature","properties":{"nome":"Rua XV de Novembro","tipo":"yes"},"geometry":{"type":"LineString","coordinates":[[-49.0594653,-26.9223682],[-49.0598332,-26.9224363]]}},{"type":"Feature","properties":{"nome":"Rua 7 de Setembro","tipo":"yes"},"geometry":{"type":"LineString","coordinates":[[-49.0589353,-26.9244427],[-49.058761,-26.9246065]]}},{"type":"Feature","properties":{"nome":"Rua General Os\u00f3rio","tipo":"yes"},"geometry":{"type":"LineString","coordinates":[[-49.1029256,-26.9237033],[-49.1028273,-26.9238204]]}},{"type":"Feature","properties":{"nome":"Rua Gustavo Budag","tipo":"yes"},"geometry":{"type":"LineString","coordinates":[[-49.0945788,-26.9185876],[-49.0943706,-26.9185902]]}},{"type":"Feature","properties":{"nome":"Rua Marechal Deodoro","tipo":"yes"},"geometry":{"type":"LineString","coordinates":[[-49.0914608,-26.9137092],[-49.0914693,-26.9139211]]}},{"type":"Feature","properties":{"nome":"Rua Alberto Stein","tipo":"yes"},"geometry":{"type":"LineString","coordinates":[[-49.0861369,-26.91196],[-49.0860319,-26.9121402]]}},{"type":"Feature","properties":{"nome":"Rua Alberto Stein","tipo":"yes"},"geometry":{"type":"LineString","coordinates":[[-49.0859245,-26.9120922],[-49.0860293,-26.9119119]]}},{"type":"Feature","properties":{"nome":"Rua 7 de Setembro","tipo":"yes"},"geometry":{"type":"LineString","coordinates":[[-49.0815906,-26.910617],[-49.0818101,-26.9104069]]}},{"type":"Feature","properties":{"nome":"Rua Heinrich Hosang","tipo":"yes"},"geometry":{"type":"LineString","coordinates":[[-49.0778596,-26.9097451],[-49.0780903,-26.9099233]]}},{"type":"Feature","properties":{"nome":"","tipo":"yes"},"geometry":{"type":"LineString","coordinates":[[-49.077898,-26.9097032],[-49.0781293,-26.9098863]]}},{"type":"Feature","properties":{"nome":"Rua Gertrud Metzger","tipo":"yes"},"geometry":{"type":"LineString","coordinates":[[-49.0665688,-26.9363498],[-49.0668623,-26.9360616]]}},{"type":"Feature","properties":{"nome":"Rua Ant\u00f4nio Zendron","tipo":"yes"},"geometry":{"type":"LineString","coordinates":[[-49.0720344,-26.9510385],[-49.0722451,-26.9511578]]}},{"type":"Feature","properties":{"nome":"Rua M\u00e1rio Schmidt","tipo":"yes"},"geometry":{"type":"LineString","coordinates":[[-49.0683954,-26.956328],[-49.0681695,-26.9561091]]}},{"type":"Feature","properties":{"nome":"Rua Capinzal","tipo":"yes"},"geometry":{"type":"LineString","coordinates":[[-49.0718575,-26.9549305],[-49.0714644,-26.9549334]]}},{"type":"Feature","properties":{"nome":"Rua Ruy Barbosa","tipo":"yes"},"geometry":{"type":"LineString","coordinates":[[-49.0771361,-26.9736334],[-49.0768865,-26.9735672]]}},{"type":"Feature","properties":{"nome":"Rua Bruno Schreiber","tipo":"yes"},"geometry":{"type":"LineString","coordinates":[[-49.0858382,-26.9893185],[-49.0861526,-26.9892924]]}},{"type":"Feature","properties":{"nome":"Rua Germano Roeder","tipo":"yes"},"geometry":{"type":"LineString","coordinates":[[-49.0763192,-26.9654392],[-49.0762703,-26.9652227]]}},{"type":"Feature","properties":{"nome":"Rua Frieda Kruger","tipo":"yes"},"geometry":{"type":"LineString","coordinates":[[-49.0997739,-26.8756003],[-49.0997411,-26.8757217]]}},{"type":"Feature","properties":{"nome":"Rua Francisco Vahldieck","tipo":"yes"},"geometry":{"type":"LineString","coordinates":[[-49.0654141,-26.8758657],[-49.0653085,-26.8757415]]}},{"type":"Feature","properties":{"nome":"Rua Johann Maul","tipo":"yes"},"geometry":{"type":"LineString","coordinates":[[-49.0602159,-26.8678849],[-49.0600943,-26.8679084]]}},{"type":"Feature","properties":{"nome":"Rua Jos\u00e9 Puff","tipo":"yes"},"geometry":{"type":"LineString","coordinates":[[-49.0582932,-26.8655474],[-49.0582503,-26.8654312]]}},{"type":"Feature","properties":{"nome":"Rua Paula Hoeltgebaum","tipo":"yes"},"geometry":{"type":"LineString","coordinates":[[-49.0599983,-26.8694122],[-49.0598366,-26.8694211]]}},{"type":"Feature","properties":{"nome":"Rua Samuel Morse","tipo":"yes"},"geometry":{"type":"LineString","coordinates":[[-49.0537422,-26.862785],[-49.0538331,-26.8626476]]}},{"type":"Feature","properties":{"nome":"Rua Jos\u00e9 Patroc\u00ednio dos Santos","tipo":"yes"},"geometry":{"type":"LineString","coordinates":[[-49.0322413,-26.8485199],[-49.0320633,-26.8485279]]}},{"type":"Feature","properties":{"nome":"Rua Augusto Espig","tipo":"yes"},"geometry":{"type":"LineString","coordinates":[[-49.0241144,-26.8418185],[-49.0240263,-26.8419546]]}},{"type":"Feature","properties":{"nome":"Rua Carlos Roesel","tipo":"yes"},"geometry":{"type":"LineString","coordinates":[[-49.0899198,-26.7898662],[-49.0900786,-26.789859]]}},{"type":"Feature","properties":{"nome":"Rua Doutor Pedro Zimmermann","tipo":"yes"},"geometry":{"type":"LineString","coordinates":[[-49.0869847,-26.7918593],[-49.0870253,-26.7919904]]}},{"type":"Feature","properties":{"nome":"Rua Erich Meyer","tipo":"yes"},"geometry":{"type":"LineString","coordinates":[[-49.0944753,-26.7843337],[-49.0943735,-26.7843471]]}},{"type":"Feature","properties":{"nome":"Rua Selma Volles","tipo":"yes"},"geometry":{"type":"LineString","coordinates":[[-49.0875911,-26.7916531],[-49.0873584,-26.7916609]]}},{"type":"Feature","properties":{"nome":"Rua Henrique Mette","tipo":"yes"},"geometry":{"type":"LineString","coordinates":[[-49.1246485,-26.8589924],[-49.1246476,-26.8588653]]}},{"type":"Feature","properties":{"nome":"Rua Santa Maria","tipo":"yes"},"geometry":{"type":"LineString","coordinates":[[-49.0978092,-27.0029568],[-49.0977944,-27.0028038]]}},{"type":"Feature","properties":{"nome":"Rua Indon\u00e9sia","tipo":"yes"},"geometry":{"type":"LineString","coordinates":[[-48.642287,-26.9844011],[-48.642386,-26.9844081],[-48.6425281,-26.984409],[-48.642694,-26.9843976],[-48.6428448,-26.984379],[-48.6430044,-26.984354]]}},{"type":"Feature","properties":{"nome":"Rua Arthur Reinert","tipo":"yes"},"geometry":{"type":"LineString","coordinates":[[-49.1755639,-26.7328503],[-49.1759934,-26.7328387]]}},{"type":"Feature","properties":{"nome":"Rua Mariana Bronnemann","tipo":"yes"},"geometry":{"type":"LineString","coordinates":[[-49.0854836,-26.9115118],[-49.0854694,-26.911537],[-49.0852687,-26.9118924]]}},{"type":"Feature","properties":{"nome":"Rua Rolando Mueller","tipo":"yes"},"geometry":{"type":"LineString","coordinates":[[-49.2741333,-26.8284272],[-49.2740278,-26.8275014]]}},{"type":"Feature","properties":{"nome":"Rua Henrique Weise","tipo":"yes"},"geometry":{"type":"LineString","coordinates":[[-49.1418606,-26.8853528],[-49.1416597,-26.885705],[-49.1415401,-26.885924]]}},{"type":"Feature","properties":{"nome":"Rua Alferes J\u00falio Sametzki","tipo":"yes"},"geometry":{"type":"LineString","coordinates":[[-49.1012697,-26.9114386],[-49.1012198,-26.9115261]]}},{"type":"Feature","properties":{"nome":"Rua Alferes Von Seckendorf","tipo":"yes"},"geometry":{"type":"LineString","coordinates":[[-49.1008036,-26.9114575],[-49.1008482,-26.911378]]}},{"type":"Feature","properties":{"nome":"Rua Alfonso Souza e Silva","tipo":"yes"},"geometry":{"type":"LineString","coordinates":[[-49.096288,-26.9105512],[-49.0963647,-26.9104189]]}},{"type":"Feature","properties":{"nome":"Rua Arnoldo Prim","tipo":"yes"},"geometry":{"type":"LineString","coordinates":[[-49.0969212,-26.910504],[-49.0968343,-26.9106715]]}},{"type":"Feature","properties":{"nome":"Rua Catharina Braun","tipo":"yes"},"geometry":{"type":"LineString","coordinates":[[-49.1021371,-26.911375],[-49.102206,-26.9112556]]}},{"type":"Feature","properties":{"nome":"Rua Conc\u00f3rdia","tipo":"yes"},"geometry":{"type":"LineString","coordinates":[[-49.0433533,-26.9271989],[-49.0433507,-26.9272888]]}},{"type":"Feature","properties":{"nome":"Rua Curitibanos","tipo":"yes"},"geometry":{"type":"LineString","coordinates":[[-49.087329,-26.9110578],[-49.0874059,-26.9108995]]}},{"type":"Feature","properties":{"nome":"Rua Felipe Otto Becker","tipo":"yes"},"geometry":{"type":"LineString","coordinates":[[-49.1002156,-26.91136],[-49.1002644,-26.9112758]]}},{"type":"Feature","properties":{"nome":"Rua J\u00falio Baumgarten","tipo":"yes"},"geometry":{"type":"LineString","coordinates":[[-49.0948364,-26.9097462],[-49.0948615,-26.9096971]]}},{"type":"Feature","properties":{"nome":"Rua J\u00falio Rudiger Senior","tipo":"yes"},"geometry":{"type":"LineString","coordinates":[[-49.0998516,-26.9113023],[-49.0999057,-26.911208]]}},{"type":"Feature","properties":{"nome":"Rua Lauro Braun","tipo":"yes"},"geometry":{"type":"LineString","coordinates":[[-49.1056799,-26.9098103],[-49.1057244,-26.9095708]]}},{"type":"Feature","properties":{"nome":"Rua Peter Lucas","tipo":"yes"},"geometry":{"type":"LineString","coordinates":[[-49.0417489,-26.9276266],[-49.0417515,-26.9275188]]}},{"type":"Feature","properties":{"nome":"Rua Presidente Get\u00falio","tipo":"yes"},"geometry":{"type":"LineString","coordinates":[[-49.0984936,-26.911004],[-49.0984027,-26.9111635]]}},{"type":"Feature","properties":{"nome":"Rua Tobias Barreto","tipo":"yes"},"geometry":{"type":"LineString","coordinates":[[-49.0895414,-26.9101485],[-49.0894515,-26.9103275]]}},{"type":"Feature","properties":{"nome":"Rua Adolfo Mette","tipo":"yes"},"geometry":{"type":"LineString","coordinates":[[-48.9989363,-26.8324397],[-48.9989845,-26.8326682]]}},{"type":"Feature","properties":{"nome":"Rua Ros\u00e1lia Petry","tipo":"yes"},"geometry":{"type":"LineString","coordinates":[[-49.0110438,-26.8366197],[-49.0110929,-26.8367642]]}},{"type":"Feature","properties":{"nome":"","tipo":"yes"},"geometry":{"type":"LineString","coordinates":[[-49.0130438,-26.9026759],[-49.0131831,-26.9027402]]}},{"type":"Feature","properties":{"nome":"Avenida Maria Marangoni","tipo":"yes"},"geometry":{"type":"LineString","coordinates":[[-48.9155829,-26.7139432],[-48.9155908,-26.7136242]]}},{"type":"Feature","properties":{"nome":"Rua Jos\u00e9 Kraisch","tipo":"yes"},"geometry":{"type":"LineString","coordinates":[[-48.9098581,-26.7155077],[-48.9098949,-26.7153574]]}},{"type":"Feature","properties":{"nome":"Rua Jos\u00e9 Lino Schmitt","tipo":"yes"},"geometry":{"type":"LineString","coordinates":[[-48.8954363,-26.724071],[-48.895025,-26.7236893]]}},{"type":"Feature","properties":{"nome":"Rodovia Ingo Hering","tipo":"yes"},"geometry":{"type":"LineString","coordinates":[[-48.9185267,-26.8950021],[-48.9180147,-26.8947532]]}},{"type":"Feature","properties":{"nome":"Rua Jos\u00e9 Junges","tipo":"yes"},"geometry":{"type":"LineString","coordinates":[[-48.9285603,-26.8874047],[-48.9285557,-26.8875553]]}},{"type":"Feature","properties":{"nome":"Rua Jos\u00e9 Junges","tipo":"yes"},"geometry":{"type":"LineString","coordinates":[[-48.9757378,-26.8549607],[-48.9754508,-26.8549583]]}},{"type":"Feature","properties":{"nome":"Rua Jos\u00e9 Junges","tipo":"yes"},"geometry":{"type":"LineString","coordinates":[[-48.9380344,-26.878589],[-48.9379331,-26.8787041]]}},{"type":"Feature","properties":{"nome":"Rua Werner Gebien","tipo":"yes"},"geometry":{"type":"LineString","coordinates":[[-48.9900233,-26.834142],[-48.990152,-26.8341605]]}},{"type":"Feature","properties":{"nome":"Rua Geral Po\u00e7o Grande","tipo":"yes"},"geometry":{"type":"LineString","coordinates":[[-48.9101055,-26.9090743],[-48.9099001,-26.9091812]]}},{"type":"Feature","properties":{"nome":"Rua Daniel Werner","tipo":"yes"},"geometry":{"type":"LineString","coordinates":[[-48.9216184,-26.8924282],[-48.9217525,-26.8923565]]}},{"type":"Feature","properties":{"nome":"Rua Vale do Selke Grande","tipo":"yes"},"geometry":{"type":"LineString","coordinates":[[-49.1363603,-26.7930712],[-49.1362893,-26.7929694]]}},{"type":"Feature","properties":{"nome":"Rua dos Atiradores","tipo":"yes"},"geometry":{"type":"LineString","coordinates":[[-49.1520904,-26.8267076],[-49.1520487,-26.8268624]]}},{"type":"Feature","properties":{"nome":"","tipo":"yes"},"geometry":{"type":"LineString","coordinates":[[-49.1798186,-26.9474192],[-49.1799779,-26.9476349]]}},{"type":"Feature","properties":{"nome":"Rua Artur Pfuetzenreuter","tipo":"yes"},"geometry":{"type":"LineString","coordinates":[[-49.182864,-26.8194876],[-49.1827916,-26.8194403]]}},{"type":"Feature","properties":{"nome":"Rua Santa Maria","tipo":"yes"},"geometry":{"type":"LineString","coordinates":[[-49.0979265,-27.0119194],[-49.0977596,-27.0117389]]}},{"type":"Feature","properties":{"nome":"Rua Wilhelm Krueger","tipo":"yes"},"geometry":{"type":"LineString","coordinates":[[-49.1005837,-26.7798576],[-49.1005786,-26.7797476]]}},{"type":"Feature","properties":{"nome":"Estrada do Encano","tipo":"yes"},"geometry":{"type":"LineString","coordinates":[[-49.1803747,-27.0150489],[-49.1806478,-27.0147473]]}},{"type":"Feature","properties":{"nome":"Estrada do Encano","tipo":"yes"},"geometry":{"type":"LineString","coordinates":[[-49.1654148,-27.016708],[-49.1655748,-27.0164976]]}},{"type":"Feature","properties":{"nome":"Rua Duque de Caxias","tipo":"yes"},"geometry":{"type":"LineString","coordinates":[[-48.9512746,-26.9305398],[-48.9513724,-26.9305415],[-48.9515009,-26.930545],[-48.9515905,-26.9305503]]}},{"type":"Feature","properties":{"nome":"Rua Prefeito Leopoldo Schramm","tipo":"yes"},"geometry":{"type":"LineString","coordinates":[[-48.9704617,-26.9345717],[-48.9702574,-26.9344905]]}},{"type":"Feature","properties":{"nome":"Rua General Os\u00f3rio","tipo":"yes"},"geometry":{"type":"LineString","coordinates":[[-49.274362,-26.8258615],[-49.2736892,-26.8256336]]}},{"type":"Feature","properties":{"nome":"Travessa Zonta","tipo":"yes"},"geometry":{"type":"LineString","coordinates":[[-49.3749806,-26.9573495],[-49.3750316,-26.9571761]]}},{"type":"Feature","properties":{"nome":"Ponte J\u00falio Zimmermann","tipo":"yes"},"geometry":{"type":"LineString","coordinates":[[-48.9595642,-26.9303857],[-48.9598778,-26.9305388]]}},{"type":"Feature","properties":{"nome":"Estrada Geral do PNSI","tipo":"yes"},"geometry":{"type":"LineString","coordinates":[[-49.168104,-27.032826],[-49.1682086,-27.0325068]]}},{"type":"Feature","properties":{"nome":"Rua Bonif\u00e1cio Haendchen","tipo":"yes"},"geometry":{"type":"LineString","coordinates":[[-49.0196819,-26.8188352],[-49.0195877,-26.8186891]]}},{"type":"Feature","properties":{"nome":"Rua Hil\u00e1rio Schmitz","tipo":"yes"},"geometry":{"type":"LineString","coordinates":[[-48.9917198,-26.8446299],[-48.9917381,-26.8446615]]}},{"type":"Feature","properties":{"nome":"Rua Jos\u00e9 Schmitt Sobrinho","tipo":"yes"},"geometry":{"type":"LineString","coordinates":[[-49.0050772,-26.8238482],[-49.0051764,-26.8238015]]}},{"type":"Feature","properties":{"nome":"Rua Jos\u00e9 Schmitt Sobrinho","tipo":"yes"},"geometry":{"type":"LineString","coordinates":[[-49.0116271,-26.8220482],[-49.0118189,-26.8220512]]}},{"type":"Feature","properties":{"nome":"Rua Jos\u00e9 Schmitt Sobrinho","tipo":"yes"},"geometry":{"type":"LineString","coordinates":[[-49.0151556,-26.822786],[-49.0154023,-26.822731]]}},{"type":"Feature","properties":{"nome":"Rua Jo\u00e3o Theiss","tipo":"yes"},"geometry":{"type":"LineString","coordinates":[[-49.0200682,-26.816382],[-49.0202059,-26.8163802]]}},{"type":"Feature","properties":{"nome":"Rua Jos\u00e9 Schmitt Sobrinho","tipo":"yes"},"geometry":{"type":"LineString","coordinates":[[-49.00844,-26.8214761],[-49.0085379,-26.8215359]]}},{"type":"Feature","properties":{"nome":"","tipo":"yes"},"geometry":{"type":"LineString","coordinates":[[-49.4207413,-26.784196],[-49.4208164,-26.7838991]]}},{"type":"Feature","properties":{"nome":"Rua Otto Meyer","tipo":"yes"},"geometry":{"type":"LineString","coordinates":[[-49.3297644,-26.8314768],[-49.3296786,-26.8323575]]}},{"type":"Feature","properties":{"nome":"Ponte Dona Clara","tipo":"yes"},"geometry":{"type":"LineString","coordinates":[[-49.3115729,-26.8264459],[-49.3112787,-26.8270153]]}},{"type":"Feature","properties":{"nome":"","tipo":"yes"},"geometry":{"type":"LineString","coordinates":[[-49.0621852,-26.9307234],[-49.061898,-26.9307858]]}},{"type":"Feature","properties":{"nome":"Rua Maike Andresen Deeke","tipo":"yes"},"geometry":{"type":"LineString","coordinates":[[-49.1417222,-26.8736404],[-49.1422344,-26.8739192]]}},{"type":"Feature","properties":{"nome":"Rua Wilhelm Eberhardt","tipo":"yes"},"geometry":{"type":"LineString","coordinates":[[-49.1044552,-26.9103181],[-49.1045129,-26.9101915]]}},{"type":"Feature","properties":{"nome":"Rua Adolfo Radunz","tipo":"yes"},"geometry":{"type":"LineString","coordinates":[[-49.067727,-26.8814819],[-49.0676338,-26.8815133]]}},{"type":"Feature","properties":{"nome":"","tipo":"covered"},"geometry":{"type":"LineString","coordinates":[[-49.3210214,-26.6728549],[-49.3208565,-26.6725136]]}},{"type":"Feature","properties":{"nome":"","tipo":"yes"},"geometry":{"type":"LineString","coordinates":[[-49.2992342,-26.6964162],[-49.2994967,-26.6967013]]}},{"type":"Feature","properties":{"nome":"","tipo":"yes"},"geometry":{"type":"LineString","coordinates":[[-49.3270658,-26.6129696],[-49.3273475,-26.6130388]]}},{"type":"Feature","properties":{"nome":"","tipo":"yes"},"geometry":{"type":"LineString","coordinates":[[-49.3946303,-26.6145808],[-49.3946153,-26.6148943]]}},{"type":"Feature","properties":{"nome":"","tipo":"yes"},"geometry":{"type":"LineString","coordinates":[[-49.3928712,-26.6114599],[-49.3929764,-26.6114121]]}},{"type":"Feature","properties":{"nome":"Rua Dom Bosco","tipo":"yes"},"geometry":{"type":"LineString","coordinates":[[-49.3786093,-26.9593096],[-49.3786573,-26.9595065]]}},{"type":"Feature","properties":{"nome":"Ponte dos Schweder","tipo":"yes"},"geometry":{"type":"LineString","coordinates":[[-49.4422681,-26.852383],[-49.4425236,-26.8523922]]}},{"type":"Feature","properties":{"nome":"","tipo":"yes"},"geometry":{"type":"LineString","coordinates":[[-49.4386486,-26.8371224],[-49.4387696,-26.8372403]]}},{"type":"Feature","properties":{"nome":"","tipo":"yes"},"geometry":{"type":"LineString","coordinates":[[-49.4358667,-26.7954062],[-49.4359655,-26.7952109]]}},{"type":"Feature","properties":{"nome":"","tipo":"yes"},"geometry":{"type":"LineString","coordinates":[[-49.1159906,-26.8657436],[-49.1161259,-26.8658288]]}},{"type":"Feature","properties":{"nome":"Rua Santa Catarina","tipo":"yes"},"geometry":{"type":"LineString","coordinates":[[-49.4851901,-26.7143062],[-49.4848381,-26.714222]]}},{"type":"Feature","properties":{"nome":"","tipo":"yes"},"geometry":{"type":"LineString","coordinates":[[-49.5029443,-26.6944712],[-49.5028171,-26.6944173]]}},{"type":"Feature","properties":{"nome":"","tipo":"yes"},"geometry":{"type":"LineString","coordinates":[[-49.3569118,-26.8063901],[-49.3570549,-26.8061729]]}},{"type":"Feature","properties":{"nome":"Rua Kaspereit","tipo":"yes"},"geometry":{"type":"LineString","coordinates":[[-49.3438387,-26.8210964],[-49.3440791,-26.8213218]]}},{"type":"Feature","properties":{"nome":"Rua Jos\u00e9 Ostrowski Junior","tipo":"yes"},"geometry":{"type":"LineString","coordinates":[[-49.3245684,-26.8356381],[-49.3247536,-26.8355475]]}},{"type":"Feature","properties":{"nome":"Rua Heinz Schuhardt","tipo":"yes"},"geometry":{"type":"LineString","coordinates":[[-49.0563391,-26.864158],[-49.0562981,-26.8643081]]}},{"type":"Feature","properties":{"nome":"","tipo":"yes"},"geometry":{"type":"LineString","coordinates":[[-49.0569563,-26.8643293],[-49.0568786,-26.8644949]]}},{"type":"Feature","properties":{"nome":"","tipo":"yes"},"geometry":{"type":"LineString","coordinates":[[-49.0780552,-26.9062623],[-49.0778534,-26.9064676]]}},{"type":"Feature","properties":{"nome":"","tipo":"yes"},"geometry":{"type":"LineString","coordinates":[[-49.0686191,-26.8769837],[-49.0681836,-26.8772563]]}},{"type":"Feature","properties":{"nome":"","tipo":"yes"},"geometry":{"type":"LineString","coordinates":[[-49.0692895,-26.8798699],[-49.0692958,-26.8797115]]}},{"type":"Feature","properties":{"nome":"","tipo":"yes"},"geometry":{"type":"LineString","coordinates":[[-49.078133,-26.9062024],[-49.0780529,-26.906241],[-49.0780175,-26.9061718],[-49.0781093,-26.9061326],[-49.0781493,-26.9062109]]}},{"type":"Feature","properties":{"nome":"Rua Itaja\u00ed","tipo":"yes"},"geometry":{"type":"LineString","coordinates":[[-49.0501734,-26.912458],[-49.0503365,-26.9124937]]}},{"type":"Feature","properties":{"nome":"Rua Urubici","tipo":"yes"},"geometry":{"type":"LineString","coordinates":[[-49.0495616,-26.9131325],[-49.0496112,-26.9131985],[-49.0496508,-26.9132511]]}},{"type":"Feature","properties":{"nome":"","tipo":"yes"},"geometry":{"type":"LineString","coordinates":[[-49.0864932,-26.9132369],[-49.0864728,-26.9133682]]}},{"type":"Feature","properties":{"nome":"","tipo":"yes"},"geometry":{"type":"LineString","coordinates":[[-49.044504,-26.9275446],[-49.0445197,-26.9274752]]}},{"type":"Feature","properties":{"nome":"Rua Ant\u00f4nio Benassi","tipo":"yes"},"geometry":{"type":"LineString","coordinates":[[-49.1488424,-26.9351605],[-49.1488503,-26.9353025]]}},{"type":"Feature","properties":{"nome":"Rua Bernardo Reiter","tipo":"yes"},"geometry":{"type":"LineString","coordinates":[[-49.1373273,-26.9315816],[-49.1373417,-26.9314425]]}},{"type":"Feature","properties":{"nome":"Rua Eug\u00eanio Liesenberg","tipo":"yes"},"geometry":{"type":"LineString","coordinates":[[-49.1434833,-26.9336422],[-49.1436117,-26.9336129]]}},{"type":"Feature","properties":{"nome":"Rua Hermann Barthel","tipo":"yes"},"geometry":{"type":"LineString","coordinates":[[-49.1466388,-26.9368868],[-49.1466844,-26.9367338]]}},{"type":"Feature","properties":{"nome":"Rua dos Pescadores","tipo":"yes"},"geometry":{"type":"LineString","coordinates":[[-49.1445619,-26.9351689],[-49.1446449,-26.9351416]]}},{"type":"Feature","properties":{"nome":"Rua Loren\u00e7o Mafra","tipo":"yes"},"geometry":{"type":"LineString","coordinates":[[-49.145989,-26.9374965],[-49.1460296,-26.9375978]]}},{"type":"Feature","properties":{"nome":"Rua dos Ca\u00e7adores","tipo":"yes"},"geometry":{"type":"LineString","coordinates":[[-49.1314141,-26.9331782],[-49.1314375,-26.9332267]]}},{"type":"Feature","properties":{"nome":"","tipo":"yes"},"geometry":{"type":"LineString","coordinates":[[-49.1286244,-26.9353421],[-49.1288067,-26.9353782]]}},{"type":"Feature","properties":{"nome":"Rua Erwin Barthel","tipo":"yes"},"geometry":{"type":"LineString","coordinates":[[-49.1426883,-26.9328444],[-49.1427118,-26.9327553]]}},{"type":"Feature","properties":{"nome":"","tipo":"yes"},"geometry":{"type":"LineString","coordinates":[[-49.0857565,-26.8927841],[-49.0857399,-26.8927467],[-49.0856248,-26.8926453],[-49.0857204,-26.8925367]]}},{"type":"Feature","properties":{"nome":"","tipo":"yes"},"geometry":{"type":"LineString","coordinates":[[-49.0857204,-26.8925367],[-49.0856867,-26.8925135],[-49.0855959,-26.892608],[-49.0856378,-26.892642],[-49.0857324,-26.8925378]]}},{"type":"Feature","properties":{"nome":"Rua Bruno Ruediger","tipo":"yes"},"geometry":{"type":"LineString","coordinates":[[-49.1282201,-26.94508],[-49.1282082,-26.9451927]]}},{"type":"Feature","properties":{"nome":"Rua Franz M\u00fcller","tipo":"yes"},"geometry":{"type":"LineString","coordinates":[[-49.1326396,-26.9508803],[-49.132678,-26.9510074]]}},{"type":"Feature","properties":{"nome":"Rua Franz M\u00fcller","tipo":"yes"},"geometry":{"type":"LineString","coordinates":[[-49.1319698,-26.948217],[-49.1320141,-26.9483903]]}},{"type":"Feature","properties":{"nome":"Rua Hermann Kratz","tipo":"yes"},"geometry":{"type":"LineString","coordinates":[[-49.1318651,-26.9604964],[-49.1318848,-26.9606057]]}},{"type":"Feature","properties":{"nome":"Rua Jo\u00e3o Manoel Cardoso","tipo":"yes"},"geometry":{"type":"LineString","coordinates":[[-49.1302027,-26.9632215],[-49.1300881,-26.9632421]]}},{"type":"Feature","properties":{"nome":"","tipo":"yes"},"geometry":{"type":"LineString","coordinates":[[-49.1298874,-26.9626297],[-49.13001,-26.962649]]}},{"type":"Feature","properties":{"nome":"","tipo":"yes"},"geometry":{"type":"LineString","coordinates":[[-49.1312867,-26.9576016],[-49.1311829,-26.9576409]]}},{"type":"Feature","properties":{"nome":"","tipo":"yes"},"geometry":{"type":"LineString","coordinates":[[-49.1311533,-26.9585214],[-49.1310395,-26.9584282]]}},{"type":"Feature","properties":{"nome":"","tipo":"yes"},"geometry":{"type":"LineString","coordinates":[[-49.1329645,-26.9505878],[-49.1331299,-26.9505195]]}},{"type":"Feature","properties":{"nome":"Rua Bruno Ruediger","tipo":"yes"},"geometry":{"type":"LineString","coordinates":[[-49.1259777,-26.9490826],[-49.1259068,-26.9491492]]}},{"type":"Feature","properties":{"nome":"","tipo":"yes"},"geometry":{"type":"LineString","coordinates":[[-49.1256544,-26.9495779],[-49.1256436,-26.9496379]]}},{"type":"Feature","properties":{"nome":"","tipo":"yes"},"geometry":{"type":"LineString","coordinates":[[-49.0773082,-26.9446494],[-49.0770326,-26.9446679]]}},{"type":"Feature","properties":{"nome":"Rua Ant\u00f4nio Zendron","tipo":"yes"},"geometry":{"type":"LineString","coordinates":[[-49.0785776,-26.9529839],[-49.0785298,-26.9529562]]}},{"type":"Feature","properties":{"nome":"Rua Daniel Vit\u00f3rio Schramm","tipo":"yes"},"geometry":{"type":"LineString","coordinates":[[-49.0743292,-26.9533389],[-49.0744438,-26.9532468]]}},{"type":"Feature","properties":{"nome":"Rua Ernesto Steinbach","tipo":"yes"},"geometry":{"type":"LineString","coordinates":[[-49.0753582,-26.9530625],[-49.0753544,-26.9531922]]}},{"type":"Feature","properties":{"nome":"Rua Jer\u00f4nyma de Borba","tipo":"yes"},"geometry":{"type":"LineString","coordinates":[[-49.0802284,-26.9533809],[-49.0802209,-26.9534644]]}},{"type":"Feature","properties":{"nome":"Rua Jo\u00e3o da Silva","tipo":"yes"},"geometry":{"type":"LineString","coordinates":[[-49.0818257,-26.9530968],[-49.0818536,-26.9531917]]}},{"type":"Feature","properties":{"nome":"","tipo":"yes"},"geometry":{"type":"LineString","coordinates":[[-49.0771629,-26.9532797],[-49.0771627,-26.9533862]]}},{"type":"Feature","properties":{"nome":"Rua 1200","tipo":"yes"},"geometry":{"type":"LineString","coordinates":[[-49.0865499,-26.9543034],[-49.0865303,-26.9543721]]}},{"type":"Feature","properties":{"nome":"Rua Ant\u00f4nio Lopes","tipo":"yes"},"geometry":{"type":"LineString","coordinates":[[-49.0896065,-26.9558978],[-49.0895976,-26.9558674]]}},{"type":"Feature","properties":{"nome":"Rua Ant\u00f4nio Zendron","tipo":"yes"},"geometry":{"type":"LineString","coordinates":[[-49.0883518,-26.9549532],[-49.0883597,-26.9548733]]}},{"type":"Feature","properties":{"nome":"Rua Ant\u00f4nio Zendron","tipo":"yes"},"geometry":{"type":"LineString","coordinates":[[-49.0902342,-26.9554289],[-49.0901784,-26.9554667]]}},{"type":"Feature","properties":{"nome":"Rua Ant\u00f4nio Zendron","tipo":"yes"},"geometry":{"type":"LineString","coordinates":[[-49.088767,-26.9557922],[-49.0887037,-26.9557852]]}},{"type":"Feature","properties":{"nome":"Rua Erich Gebien","tipo":"yes"},"geometry":{"type":"LineString","coordinates":[[-49.088385,-26.9558915],[-49.0883775,-26.9559434]]}},{"type":"Feature","properties":{"nome":"Rua Heinrich Gebien","tipo":"yes"},"geometry":{"type":"LineString","coordinates":[[-49.0892142,-26.9558298],[-49.089246,-26.9557661]]}},{"type":"Feature","properties":{"nome":"Rua J\u00falio Heiden","tipo":"yes"},"geometry":{"type":"LineString","coordinates":[[-49.0781877,-26.9724815],[-49.0781339,-26.9722938]]}},{"type":"Feature","properties":{"nome":"Rua Ot\u00edlio Zancanella","tipo":"yes"},"geometry":{"type":"LineString","coordinates":[[-49.0885225,-26.9558713],[-49.0885555,-26.9559445]]}},{"type":"Feature","properties":{"nome":"Rua Ruy Barbosa","tipo":"yes"},"geometry":{"type":"LineString","coordinates":[[-49.0816596,-26.9726273],[-49.0815082,-26.9726541]]}},{"type":"Feature","properties":{"nome":"Rua Ruy Barbosa","tipo":"yes"},"geometry":{"type":"LineString","coordinates":[[-49.0862773,-26.9720356],[-49.0861036,-26.9720785]]}},{"type":"Feature","properties":{"nome":"Rua Ruy Barbosa","tipo":"yes"},"geometry":{"type":"LineString","coordinates":[[-49.0846574,-26.9721562],[-49.0844989,-26.9721133]]}},{"type":"Feature","properties":{"nome":"Rua Ruy Barbosa","tipo":"yes"},"geometry":{"type":"LineString","coordinates":[[-49.0821585,-26.9724719],[-49.0820144,-26.9725264]]}},{"type":"Feature","properties":{"nome":"","tipo":"yes"},"geometry":{"type":"LineString","coordinates":[[-49.0748662,-26.9653539],[-49.0748329,-26.9654693]]}},{"type":"Feature","properties":{"nome":"","tipo":"yes"},"geometry":{"type":"LineString","coordinates":[[-49.0757106,-26.9812911],[-49.0758513,-26.9810554]]}},{"type":"Feature","properties":{"nome":"","tipo":"yes"},"geometry":{"type":"LineString","coordinates":[[-49.0743398,-26.9692232],[-49.0740289,-26.9696113]]}},{"type":"Feature","properties":{"nome":"Rua Alfredo Roepcke","tipo":"yes"},"geometry":{"type":"LineString","coordinates":[[-49.0922486,-26.9689755],[-49.092209,-26.9689077]]}},{"type":"Feature","properties":{"nome":"Rua Jos\u00e9 Felsky","tipo":"yes"},"geometry":{"type":"LineString","coordinates":[[-49.0842031,-26.9718786],[-49.0842095,-26.9717727]]}},{"type":"Feature","properties":{"nome":"Rua Reinaldo Wippel","tipo":"yes"},"geometry":{"type":"LineString","coordinates":[[-49.0834512,-26.971934],[-49.0834605,-26.9718219]]}},{"type":"Feature","properties":{"nome":"Rua Ruy Barbosa","tipo":"yes"},"geometry":{"type":"LineString","coordinates":[[-49.0878,-26.9715731],[-49.0876647,-26.9715889]]}},{"type":"Feature","properties":{"nome":"Rua Ruy Barbosa","tipo":"yes"},"geometry":{"type":"LineString","coordinates":[[-49.0899819,-26.9714111],[-49.0898693,-26.9714824]]}},{"type":"Feature","properties":{"nome":"Rua Alberto Puhler","tipo":"yes"},"geometry":{"type":"LineString","coordinates":[[-49.0945356,-26.9740274],[-49.0945494,-26.9739143]]}},{"type":"Feature","properties":{"nome":"Rua Gustavo Maier","tipo":"yes"},"geometry":{"type":"LineString","coordinates":[[-49.093155,-26.9715709],[-49.092994,-26.9715942]]}},{"type":"Feature","properties":{"nome":"Rua Jo\u00e3o Machado","tipo":"yes"},"geometry":{"type":"LineString","coordinates":[[-49.1018236,-26.9763707],[-49.101809,-26.9762656]]}},{"type":"Feature","properties":{"nome":"Rua Leopoldo Heringer","tipo":"yes"},"geometry":{"type":"LineString","coordinates":[[-49.0907461,-26.970253],[-49.0908503,-26.9701933]]}},{"type":"Feature","properties":{"nome":"Rua Maria Schneider","tipo":"yes"},"geometry":{"type":"LineString","coordinates":[[-49.095032,-26.9766922],[-49.0949681,-26.9767033]]}},{"type":"Feature","properties":{"nome":"Rua Pira\u00ed","tipo":"yes"},"geometry":{"type":"LineString","coordinates":[[-49.1021234,-26.9760932],[-49.1020992,-26.9760143]]}},{"type":"Feature","properties":{"nome":"Rua Robson da Silva","tipo":"yes"},"geometry":{"type":"LineString","coordinates":[[-49.1024845,-26.9758737],[-49.1024845,-26.975966]]}},{"type":"Feature","properties":{"nome":"Rua Ruy Barbosa","tipo":"yes"},"geometry":{"type":"LineString","coordinates":[[-49.0937838,-26.9728236],[-49.0937046,-26.9727271]]}},{"type":"Feature","properties":{"nome":"Rua Santa Maria","tipo":"yes"},"geometry":{"type":"LineString","coordinates":[[-49.0781831,-26.983649],[-49.0780827,-26.9835881]]}},{"type":"Feature","properties":{"nome":"","tipo":"yes"},"geometry":{"type":"LineString","coordinates":[[-49.1001037,-26.9771686],[-49.100106,-26.9771156]]}},{"type":"Feature","properties":{"nome":"","tipo":"yes"},"geometry":{"type":"LineString","coordinates":[[-49.0838111,-26.9883969],[-49.083445,-26.9887336]]}},{"type":"Feature","properties":{"nome":"Rua Alexandre Pfiffer","tipo":"yes"},"geometry":{"type":"LineString","coordinates":[[-49.0998944,-26.9924035],[-49.0998965,-26.9922621]]}},{"type":"Feature","properties":{"nome":"Rua Alfredo Pfiffer","tipo":"yes"},"geometry":{"type":"LineString","coordinates":[[-49.1008405,-26.9959389],[-49.1007515,-26.9960858]]}},{"type":"Feature","properties":{"nome":"Rua Amanda Schwabe","tipo":"yes"},"geometry":{"type":"LineString","coordinates":[[-49.0983185,-26.9923049],[-49.0983185,-26.9923881]]}},{"type":"Feature","properties":{"nome":"Rua Arthur Loos","tipo":"yes"},"geometry":{"type":"LineString","coordinates":[[-49.0672842,-27.0121257],[-49.0671928,-27.0121382]]}},{"type":"Feature","properties":{"nome":"Rua Bruno Schreiber","tipo":"yes"},"geometry":{"type":"LineString","coordinates":[[-49.1077588,-27.0000495],[-49.1077776,-27.000169]]}},{"type":"Feature","properties":{"nome":"Rua Bruno Schreiber","tipo":"yes"},"geometry":{"type":"LineString","coordinates":[[-49.0977979,-26.9924905],[-49.09786,-26.9925165]]}},{"type":"Feature","properties":{"nome":"Rua Ernestine Ehrhardt","tipo":"yes"},"geometry":{"type":"LineString","coordinates":[[-49.1052216,-26.9936129],[-49.1050892,-26.9937348]]}},{"type":"Feature","properties":{"nome":"Rua Estefano Jos\u00e9 Maria Zimmermann","tipo":"yes"},"geometry":{"type":"LineString","coordinates":[[-49.1126942,-26.9924686],[-49.1128773,-26.992325]]}},{"type":"Feature","properties":{"nome":"Rua Euclides Ant\u00f4nio de Souza","tipo":"yes"},"geometry":{"type":"LineString","coordinates":[[-49.1005458,-26.9924564],[-49.1005519,-26.9922814]]}},{"type":"Feature","properties":{"nome":"Rua Francisco Benigno","tipo":"yes"},"geometry":{"type":"LineString","coordinates":[[-49.0691683,-26.9972276],[-49.0693365,-26.9971095]]}},{"type":"Feature","properties":{"nome":"Rua Hermann Baehr","tipo":"yes"},"geometry":{"type":"LineString","coordinates":[[-49.0668641,-27.005345],[-49.0668111,-27.0053731]]}},{"type":"Feature","properties":{"nome":"Rua Jos\u00e9 Felipe Ventura","tipo":"yes"},"geometry":{"type":"LineString","coordinates":[[-49.068121,-27.0006733],[-49.0680706,-27.0007219]]}},{"type":"Feature","properties":{"nome":"Rua Luiz Bianchi","tipo":"yes"},"geometry":{"type":"LineString","coordinates":[[-49.0726747,-26.9908546],[-49.0724921,-26.9907992]]}},{"type":"Feature","properties":{"nome":"Rua Olga Pfiffer","tipo":"yes"},"geometry":{"type":"LineString","coordinates":[[-49.1049357,-26.9931891],[-49.1048066,-26.9933247]]}},{"type":"Feature","properties":{"nome":"Rua Progresso","tipo":"yes"},"geometry":{"type":"LineString","coordinates":[[-49.0756892,-26.9855844],[-49.0758008,-26.9854078]]}},{"type":"Feature","properties":{"nome":"Rua Rosimeri Labes","tipo":"yes"},"geometry":{"type":"LineString","coordinates":[[-49.1078804,-26.9977072],[-49.1079467,-26.9976382]]}},{"type":"Feature","properties":{"nome":"","tipo":"yes"},"geometry":{"type":"LineString","coordinates":[[-49.0711504,-26.9939579],[-49.0710568,-26.9940101]]}},{"type":"Feature","properties":{"nome":"","tipo":"yes"},"geometry":{"type":"LineString","coordinates":[[-49.0741624,-26.9883266],[-49.0740361,-26.9883055]]}},{"type":"Feature","properties":{"nome":"","tipo":"yes"},"geometry":{"type":"LineString","coordinates":[[-49.0678981,-27.0002744],[-49.0678215,-27.0003633]]}},{"type":"Feature","properties":{"nome":"Rua Caet\u00e9","tipo":"yes"},"geometry":{"type":"LineString","coordinates":[[-49.0583222,-26.9632225],[-49.0583155,-26.9631552]]}},{"type":"Feature","properties":{"nome":"Rua Jo\u00e3o Anast\u00e1cio da Silva","tipo":"yes"},"geometry":{"type":"LineString","coordinates":[[-49.0593074,-26.9631033],[-49.0593061,-26.9631834]]}},{"type":"Feature","properties":{"nome":"Rua Johann Ohf","tipo":"yes"},"geometry":{"type":"LineString","coordinates":[[-49.1351999,-26.9323409],[-49.1351719,-26.9322703],[-49.1351529,-26.9322078]]}},{"type":"Feature","properties":{"nome":"Rua Osvaldo Bruno Werplotz","tipo":"yes"},"geometry":{"type":"LineString","coordinates":[[-49.1335302,-26.9327024],[-49.1335373,-26.9328092]]}},{"type":"Feature","properties":{"nome":"","tipo":"yes"},"geometry":{"type":"LineString","coordinates":[[-49.1295399,-26.9670201],[-49.129426,-26.9671296]]}},{"type":"Feature","properties":{"nome":"","tipo":"yes"},"geometry":{"type":"LineString","coordinates":[[-49.058993,-26.9245004],[-49.0588187,-26.9246651]]}},{"type":"Feature","properties":{"nome":"Rua Ruy Barbosa","tipo":"yes"},"geometry":{"type":"LineString","coordinates":[[-49.1038084,-26.9760568],[-49.1037105,-26.9760568]]}},{"type":"Feature","properties":{"nome":"","tipo":"yes"},"geometry":{"type":"LineString","coordinates":[[-49.1910949,-26.9173587],[-49.1907128,-26.9173013]]}},{"type":"Feature","properties":{"nome":"","tipo":"yes"},"geometry":{"type":"LineString","coordinates":[[-49.1854154,-26.9259905],[-49.1853632,-26.9259903]]}},{"type":"Feature","properties":{"nome":"Rua Doutor Blumenau","tipo":"yes"},"geometry":{"type":"LineString","coordinates":[[-49.1926628,-26.8905266],[-49.1923386,-26.890515]]}},{"type":"Feature","properties":{"nome":"","tipo":"yes"},"geometry":{"type":"LineString","coordinates":[[-49.0899348,-26.8630166],[-49.0898807,-26.8626803]]}},{"type":"Feature","properties":{"nome":"","tipo":"yes"},"geometry":{"type":"LineString","coordinates":[[-49.0694439,-26.8877375],[-49.0698731,-26.887729]]}},{"type":"Feature","properties":{"nome":"Rua Quintino Bocai\u00fava","tipo":"yes"},"geometry":{"type":"LineString","coordinates":[[-49.3887461,-27.0347323],[-49.3891863,-27.0350326]]}},{"type":"Feature","properties":{"nome":"Rua Nova Bras\u00edlia","tipo":"yes"},"geometry":{"type":"LineString","coordinates":[[-49.3687483,-26.9404217],[-49.3686511,-26.9403423]]}},{"type":"Feature","properties":{"nome":"","tipo":"yes"},"geometry":{"type":"LineString","coordinates":[[-49.5848378,-27.0358348],[-49.5839463,-27.0356679]]}},{"type":"Feature","properties":{"nome":"Rua Rudolfo Odorizzi","tipo":"yes"},"geometry":{"type":"LineString","coordinates":[[-49.5986351,-27.0399743],[-49.5985717,-27.0395577]]}},{"type":"Feature","properties":{"nome":"Ponte Prefeito Dorval Rodolfo Pamplona","tipo":"yes"},"geometry":{"type":"LineString","coordinates":[[-48.9328942,-26.906587],[-48.9329935,-26.909862],[-48.9330094,-26.9101863],[-48.9330381,-26.9103926],[-48.9330897,-26.9105615],[-48.9332356,-26.9108472],[-48.9334258,-26.9111123]]}},{"type":"Feature","properties":{"nome":"Avenida Florian\u00f3polis","tipo":"yes"},"geometry":{"type":"LineString","coordinates":[[-49.3876848,-27.0364809],[-49.3881301,-27.0367889]]}},{"type":"Feature","properties":{"nome":"","tipo":"yes"},"geometry":{"type":"LineString","coordinates":[[-49.372019,-27.04071],[-49.3723096,-27.0406886]]}},{"type":"Feature","properties":{"nome":"","tipo":"yes"},"geometry":{"type":"LineString","coordinates":[[-49.3644254,-27.0430634],[-49.3647457,-27.0430012]]}},{"type":"Feature","properties":{"nome":"Rua Arnoldo Hass","tipo":"yes"},"geometry":{"type":"LineString","coordinates":[[-49.1701213,-26.7510356],[-49.1704715,-26.7510356]]}},{"type":"Feature","properties":{"nome":"","tipo":"yes"},"geometry":{"type":"LineString","coordinates":[[-49.1557794,-26.8529123],[-49.1554791,-26.8534108]]}},{"type":"Feature","properties":{"nome":"","tipo":"yes"},"geometry":{"type":"LineString","coordinates":[[-49.1665405,-26.7722163],[-49.1669234,-26.7721527]]}},{"type":"Feature","properties":{"nome":"","tipo":"yes"},"geometry":{"type":"LineString","coordinates":[[-49.1533295,-26.8494046],[-49.152825,-26.8492081]]}},{"type":"Feature","properties":{"nome":"","tipo":"yes"},"geometry":{"type":"LineString","coordinates":[[-49.1567425,-26.8454375],[-49.1565952,-26.8452538],[-49.1564531,-26.8450766]]}},{"type":"Feature","properties":{"nome":"Rua Castelo Branco","tipo":"yes"},"geometry":{"type":"LineString","coordinates":[[-49.1721339,-26.7259719],[-49.1719438,-26.7259461]]}},{"type":"Feature","properties":{"nome":"Avenida 21 de Janeiro","tipo":"yes"},"geometry":{"type":"LineString","coordinates":[[-49.1723009,-26.7615162],[-49.1722588,-26.7616408]]}},{"type":"Feature","properties":{"nome":"Avenida 21 de Janeiro","tipo":"yes"},"geometry":{"type":"LineString","coordinates":[[-49.1721774,-26.7616187],[-49.1722197,-26.7614942]]}},{"type":"Feature","properties":{"nome":"Rua Hermann Schroeder","tipo":"yes"},"geometry":{"type":"LineString","coordinates":[[-49.1816551,-26.7656263],[-49.1817019,-26.7655483]]}},{"type":"Feature","properties":{"nome":"Rua Leopoldo Blaese","tipo":"yes"},"geometry":{"type":"LineString","coordinates":[[-49.203874,-26.721536],[-49.2039316,-26.7214336]]}},{"type":"Feature","properties":{"nome":"Rua Luiz Abry","tipo":"yes"},"geometry":{"type":"LineString","coordinates":[[-49.1767013,-26.734491],[-49.1767089,-26.734369]]}},{"type":"Feature","properties":{"nome":"Rua Pomer\u00e2nia","tipo":"yes"},"geometry":{"type":"LineString","coordinates":[[-49.1895285,-26.7308131],[-49.189466,-26.7307299]]}},{"type":"Feature","properties":{"nome":"Rua Rodolfo Sell","tipo":"yes"},"geometry":{"type":"LineString","coordinates":[[-49.1977239,-26.7247179],[-49.1976914,-26.7246703]]}},{"type":"Feature","properties":{"nome":"Rua Willy Pawlowsky","tipo":"yes"},"geometry":{"type":"LineString","coordinates":[[-49.1791734,-26.7352506],[-49.1790413,-26.735248]]}},{"type":"Feature","properties":{"nome":"","tipo":"yes"},"geometry":{"type":"LineString","coordinates":[[-49.2037422,-26.7207394],[-49.2036167,-26.7207301]]}},{"type":"Feature","properties":{"nome":"","tipo":"yes"},"geometry":{"type":"LineString","coordinates":[[-49.0669627,-26.8856668],[-49.0668064,-26.8855861]]}},{"type":"Feature","properties":{"nome":"","tipo":"yes"},"geometry":{"type":"LineString","coordinates":[[-49.0675905,-26.8847275],[-49.0673677,-26.884552]]}},{"type":"Feature","properties":{"nome":"Rua Bruno Manke","tipo":"yes"},"geometry":{"type":"LineString","coordinates":[[-49.0656362,-26.8338323],[-49.0655535,-26.833927]]}},{"type":"Feature","properties":{"nome":"Rua Jo\u00e3o Marcos Faustino","tipo":"yes"},"geometry":{"type":"LineString","coordinates":[[-49.0751435,-26.842405],[-49.0750613,-26.8424109]]}},{"type":"Feature","properties":{"nome":"Rua Leonora Stenger","tipo":"yes"},"geometry":{"type":"LineString","coordinates":[[-49.1559757,-26.9401463],[-49.1559798,-26.9402705]]}},{"type":"Feature","properties":{"nome":"","tipo":"yes"},"geometry":{"type":"LineString","coordinates":[[-49.0851585,-26.9150407],[-49.0854416,-26.914526],[-49.0854546,-26.914501]]}},{"type":"Feature","properties":{"nome":"Rua Guilherme Scharf","tipo":"yes"},"geometry":{"type":"LineString","coordinates":[[-49.080746,-26.8491154],[-49.0806439,-26.8491221]]}},{"type":"Feature","properties":{"nome":"","tipo":"yes"},"geometry":{"type":"LineString","coordinates":[[-49.1647004,-26.7128186],[-49.164757,-26.712853]]}},{"type":"Feature","properties":{"nome":"Rodovia Ant\u00f4nio Heil","tipo":"yes"},"geometry":{"type":"LineString","coordinates":[[-48.877069,-27.061239],[-48.877166,-27.0614517]]}},{"type":"Feature","properties":{"nome":"Rua Rubens Pacheco","tipo":"yes"},"geometry":{"type":"LineString","coordinates":[[-49.1217954,-26.8521445],[-49.1217193,-26.8522109]]}},{"type":"Feature","properties":{"nome":"Rodovia Ingo Hering","tipo":"yes"},"geometry":{"type":"LineString","coordinates":[[-49.3187265,-26.9482095],[-49.3190054,-26.9482287]]}},{"type":"Feature","properties":{"nome":"","tipo":"yes"},"geometry":{"type":"LineString","coordinates":[[-49.0989518,-26.8181584],[-49.0987923,-26.8181622]]}},{"type":"Feature","properties":{"nome":"Rua Erich Belz","tipo":"yes"},"geometry":{"type":"LineString","coordinates":[[-49.0969569,-26.8211875],[-49.0966146,-26.8211992]]}},{"type":"Feature","properties":{"nome":"Rua Celso Theiss","tipo":"yes"},"geometry":{"type":"LineString","coordinates":[[-49.026153,-26.8238033],[-49.026031,-26.8237241]]}},{"type":"Feature","properties":{"nome":"","tipo":"yes"},"geometry":{"type":"LineString","coordinates":[[-49.0427114,-26.7902276],[-49.0427546,-26.7901245]]}},{"type":"Feature","properties":{"nome":"Rodovia Ingo Hering","tipo":"yes"},"geometry":{"type":"LineString","coordinates":[[-49.3909294,-27.0501],[-49.390784,-27.050497]]}},{"type":"Feature","properties":{"nome":"Estrada Geral Pinheirinho","tipo":"yes"},"geometry":{"type":"LineString","coordinates":[[-49.4058455,-26.6139856],[-49.4057676,-26.6142347]]}},{"type":"Feature","properties":{"nome":"Via Expressa Paul Fritz Kuehnrich","tipo":"yes"},"geometry":{"type":"LineString","coordinates":[[-49.077269,-26.8987601],[-49.077384,-26.8987988],[-49.0775021,-26.8988491]]}},{"type":"Feature","properties":{"nome":"","tipo":"yes"},"geometry":{"type":"LineString","coordinates":[[-49.0656021,-26.8860411],[-49.0655694,-26.8859306]]}},{"type":"Feature","properties":{"nome":"","tipo":"yes"},"geometry":{"type":"LineString","coordinates":[[-49.0850409,-26.7914743],[-49.0851745,-26.7914554]]}},{"type":"Feature","properties":{"nome":"","tipo":"yes"},"geometry":{"type":"LineString","coordinates":[[-48.9667548,-26.9332738],[-48.9669872,-26.9333963]]}},{"type":"Feature","properties":{"nome":"Ponte do Imigrante","tipo":"yes"},"geometry":{"type":"LineString","coordinates":[[-49.2759982,-26.8262589],[-49.2762588,-26.8266836],[-49.2765145,-26.8271003]]}},{"type":"Feature","properties":{"nome":"Via Projetada 112","tipo":"yes"},"geometry":{"type":"LineString","coordinates":[[-49.05993,-26.9193161],[-49.0586894,-26.9196211]]}},{"type":"Feature","properties":{"nome":"Via Projetada 86","tipo":"yes"},"geometry":{"type":"LineString","coordinates":[[-49.059697,-26.9216363],[-49.0600397,-26.9217449]]}},{"type":"Feature","properties":{"nome":"","tipo":"yes"},"geometry":{"type":"LineString","coordinates":[[-49.1017714,-26.8818336],[-49.1010714,-26.8807022]]}},{"type":"Feature","properties":{"nome":"Via Projetada 44","tipo":"yes"},"geometry":{"type":"LineString","coordinates":[[-49.0880354,-26.8682417],[-49.0881716,-26.8680787]]}},{"type":"Feature","properties":{"nome":"Via Projetada 32","tipo":"yes"},"geometry":{"type":"LineString","coordinates":[[-49.0611655,-26.9296555],[-49.0609912,-26.9297255]]}},{"type":"Feature","properties":{"nome":"","tipo":"yes"},"geometry":{"type":"LineString","coordinates":[[-49.0776568,-26.9827346],[-49.0777423,-26.9826601],[-49.07782,-26.9825771],[-49.0778771,-26.9824831],[-49.0779233,-26.9823751],[-49.0779522,-26.982268],[-49.0779662,-26.9822042],[-49.0779743,-26.9821256],[-49.0779716,-26.9820273],[-49.0779505,-26.9819109]]}},{"type":"Feature","properties":{"nome":"Via Projetada 62","tipo":"yes"},"geometry":{"type":"LineString","coordinates":[[-49.0593751,-26.9265863],[-49.0595786,-26.9265418]]}},{"type":"Feature","properties":{"nome":"","tipo":"yes"},"geometry":{"type":"LineString","coordinates":[[-49.0991817,-26.7795957],[-49.0991724,-26.7798264]]}},{"type":"Feature","properties":{"nome":"","tipo":"yes"},"geometry":{"type":"LineString","coordinates":[[-49.0889167,-26.8037952],[-49.0886447,-26.8038323]]}},{"type":"Feature","properties":{"nome":"","tipo":"yes"},"geometry":{"type":"LineString","coordinates":[[-49.0740288,-26.7605615],[-49.0739827,-26.7608579]]}},{"type":"Feature","properties":{"nome":"","tipo":"yes"},"geometry":{"type":"LineString","coordinates":[[-49.254277,-26.8672296],[-49.2550103,-26.8673132]]}},{"type":"Feature","properties":{"nome":"","tipo":"yes"},"geometry":{"type":"LineString","coordinates":[[-49.1001895,-26.9215877],[-49.1001449,-26.9217893]]}},{"type":"Feature","properties":{"nome":"Deck Balthazar Pinto Corr\u00eaa","tipo":"boardwalk"},"geometry":{"type":"LineString","coordinates":[[-48.6323549,-26.9713824],[-48.6321,-26.9713892],[-48.6319686,-26.9714394],[-48.6318238,-26.9715637],[-48.6317165,-26.9716927],[-48.6316414,-26.9718696],[-48.6315448,-26.9719653],[-48.6314,-26.9720178],[-48.6312256,-26.9720155],[-48.6310084,-26.9719748]]}},{"type":"Feature","properties":{"nome":"Deck Balthazar Pinto Corr\u00eaa","tipo":"boardwalk"},"geometry":{"type":"LineString","coordinates":[[-48.6310084,-26.9719748],[-48.6307858,-26.9719342],[-48.6306542,-26.9718097],[-48.6304236,-26.9717405],[-48.6301713,-26.9717376],[-48.6299382,-26.9716282],[-48.6297129,-26.9715828],[-48.6294848,-26.9716449],[-48.6292862,-26.9717162],[-48.6292033,-26.9717764],[-48.6291442,-26.9718912],[-48.6291362,-26.972025],[-48.6291308,-26.9720943],[-48.6291523,-26.9721851],[-48.629171,-26.9723046],[-48.6291013,-26.9724266],[-48.6290368,-26.9724934],[-48.6289401,-26.972493],[-48.6287714,-26.9723525],[-48.6286159,-26.9723118],[-48.6285032,-26.9722903],[-48.6281971,-26.9720293],[-48.6279721,-26.9718314],[-48.6278112,-26.9716473],[-48.627661,-26.9715397],[-48.6274086,-26.9714436],[-48.6273496,-26.9714221],[-48.6273229,-26.9713699],[-48.6273041,-26.9712695],[-48.6272666,-26.9711452]]}},{"type":"Feature","properties":{"nome":"Rua Gustav Krahn","tipo":"yes"},"geometry":{"type":"LineString","coordinates":[[-49.1756152,-26.6892255],[-49.1754896,-26.6891711]]}},{"type":"Feature","properties":{"nome":"Rua Arthur Baumann","tipo":"yes"},"geometry":{"type":"LineString","coordinates":[[-49.1741989,-26.7002452],[-49.1743702,-26.7002401]]}},{"type":"Feature","properties":{"nome":"Rua Gustav Weber","tipo":"yes"},"geometry":{"type":"LineString","coordinates":[[-49.1654654,-26.7108128],[-49.1652939,-26.7107527]]}},{"type":"Feature","properties":{"nome":"Rua Ribeir\u00e3o Gustmann","tipo":"yes"},"geometry":{"type":"LineString","coordinates":[[-49.1707035,-26.653811],[-49.170753,-26.653728]]}},{"type":"Feature","properties":{"nome":"Rua Ribeir\u00e3o Gustmann","tipo":"yes"},"geometry":{"type":"LineString","coordinates":[[-49.1713383,-26.650182],[-49.1712109,-26.6499943]]}},{"type":"Feature","properties":{"nome":"Rua Ribeir\u00e3o Gustmann","tipo":"yes"},"geometry":{"type":"LineString","coordinates":[[-49.1742087,-26.6757967],[-49.1741607,-26.6757077]]}},{"type":"Feature","properties":{"nome":"Rua Ribeir\u00e3o Gustmann","tipo":"yes"},"geometry":{"type":"LineString","coordinates":[[-49.1711625,-26.664957],[-49.1711511,-26.6648287]]}},{"type":"Feature","properties":{"nome":"","tipo":"yes"},"geometry":{"type":"LineString","coordinates":[[-49.1714384,-26.6263517],[-49.1713724,-26.626387]]}},{"type":"Feature","properties":{"nome":"Rua Ribeir\u00e3o Souto","tipo":"yes"},"geometry":{"type":"LineString","coordinates":[[-49.187918,-26.8106731],[-49.1879847,-26.8106782]]}},{"type":"Feature","properties":{"nome":"Rua Amazonas","tipo":"yes"},"geometry":{"type":"LineString","coordinates":[[-49.2641231,-26.7331479],[-49.2645151,-26.7324967]]}},{"type":"Feature","properties":{"nome":"Rua Celso Ramos","tipo":"yes"},"geometry":{"type":"LineString","coordinates":[[-49.3674547,-26.7749231],[-49.3673203,-26.7748071]]}},{"type":"Feature","properties":{"nome":"","tipo":"yes"},"geometry":{"type":"LineString","coordinates":[[-49.3926188,-26.7722113],[-49.3926416,-26.7724089]]}},{"type":"Feature","properties":{"nome":"Rua Arthur Zarling","tipo":"yes"},"geometry":{"type":"LineString","coordinates":[[-49.2702168,-27.0043181],[-49.2702928,-27.0045836]]}},{"type":"Feature","properties":{"nome":"","tipo":"yes"},"geometry":{"type":"LineString","coordinates":[[-49.2371315,-27.0152093],[-49.2371381,-27.015144]]}},{"type":"Feature","properties":{"nome":"","tipo":"yes"},"geometry":{"type":"LineString","coordinates":[[-49.2376014,-27.0165022],[-49.2374515,-27.016645]]}},{"type":"Feature","properties":{"nome":"Rua Jos\u00e9 Chiarelli","tipo":"yes"},"geometry":{"type":"LineString","coordinates":[[-49.2799546,-26.9637444],[-49.2801669,-26.963841]]}},{"type":"Feature","properties":{"nome":"Rua 14 de Mar\u00e7o","tipo":"yes"},"geometry":{"type":"LineString","coordinates":[[-49.371403,-26.9210228],[-49.3715088,-26.9209929]]}},{"type":"Feature","properties":{"nome":"Rua Carlos Moser","tipo":"yes"},"geometry":{"type":"LineString","coordinates":[[-49.3731287,-26.9266899],[-49.3733863,-26.9266545]]}},{"type":"Feature","properties":{"nome":"Rua Gi\u00e1como Furlani","tipo":"yes"},"geometry":{"type":"LineString","coordinates":[[-49.371628,-26.9224028],[-49.3713989,-26.9224952]]}},{"type":"Feature","properties":{"nome":"Rua S\u00edlvio Scoz","tipo":"yes"},"geometry":{"type":"LineString","coordinates":[[-49.3783217,-26.907175],[-49.3783734,-26.9070469]]}},{"type":"Feature","properties":{"nome":"","tipo":"yes"},"geometry":{"type":"LineString","coordinates":[[-49.3785199,-26.9052209],[-49.378758,-26.9054929]]}},{"type":"Feature","properties":{"nome":"","tipo":"yes"},"geometry":{"type":"LineString","coordinates":[[-49.356405,-26.804958],[-49.3560994,-26.8045699]]}},{"type":"Feature","properties":{"nome":"Rua Abiss\u00ednia","tipo":"yes"},"geometry":{"type":"LineString","coordinates":[[-49.3365826,-26.8644886],[-49.3364845,-26.8645382]]}},{"type":"Feature","properties":{"nome":"Rua Jos\u00e9 Gadotti","tipo":"yes"},"geometry":{"type":"LineString","coordinates":[[-49.328348,-26.8448267],[-49.328134,-26.8449054]]}},{"type":"Feature","properties":{"nome":"Rua Vereador Ant\u00f4nio Gadotti","tipo":"yes"},"geometry":{"type":"LineString","coordinates":[[-49.3286283,-26.8478265],[-49.3288612,-26.8477567]]}},{"type":"Feature","properties":{"nome":"","tipo":"yes"},"geometry":{"type":"LineString","coordinates":[[-49.3334997,-26.8548373],[-49.3333683,-26.8548847]]}},{"type":"Feature","properties":{"nome":"","tipo":"yes"},"geometry":{"type":"LineString","coordinates":[[-49.3267734,-26.8406985],[-49.3265599,-26.840792]]}},{"type":"Feature","properties":{"nome":"","tipo":"yes"},"geometry":{"type":"LineString","coordinates":[[-49.3400806,-26.8701292],[-49.3399955,-26.8701591]]}},{"type":"Feature","properties":{"nome":"","tipo":"yes"},"geometry":{"type":"LineString","coordinates":[[-49.341293,-26.8716234],[-49.3411631,-26.8716676]]}},{"type":"Feature","properties":{"nome":"Rua Valdir Engel","tipo":"yes"},"geometry":{"type":"LineString","coordinates":[[-49.3277927,-26.8433197],[-49.3276147,-26.8433762]]}},{"type":"Feature","properties":{"nome":"","tipo":"yes"},"geometry":{"type":"LineString","coordinates":[[-49.3314507,-26.8505205],[-49.3313458,-26.8505567]]}},{"type":"Feature","properties":{"nome":"","tipo":"yes"},"geometry":{"type":"LineString","coordinates":[[-49.3327451,-26.8531731],[-49.3326355,-26.853233]]}},{"type":"Feature","properties":{"nome":"","tipo":"yes"},"geometry":{"type":"LineString","coordinates":[[-49.3420683,-26.8732785],[-49.3422255,-26.8732238]]}},{"type":"Feature","properties":{"nome":"","tipo":"yes"},"geometry":{"type":"LineString","coordinates":[[-49.3260333,-26.8395406],[-49.3257621,-26.8396209]]}},{"type":"Feature","properties":{"nome":"","tipo":"yes"},"geometry":{"type":"LineString","coordinates":[[-49.3254499,-26.837946],[-49.3252976,-26.8380062]]}},{"type":"Feature","properties":{"nome":"","tipo":"yes"},"geometry":{"type":"LineString","coordinates":[[-49.3428245,-26.8749695],[-49.3429601,-26.8749121]]}},{"type":"Feature","properties":{"nome":"","tipo":"yes"},"geometry":{"type":"LineString","coordinates":[[-49.3312273,-26.8498097],[-49.3310639,-26.8498599]]}},{"type":"Feature","properties":{"nome":"","tipo":"yes"},"geometry":{"type":"LineString","coordinates":[[-49.3388534,-26.8685812],[-49.3387451,-26.868621]]}},{"type":"Feature","properties":{"nome":"Rodovia Ingo Hering","tipo":"yes"},"geometry":{"type":"LineString","coordinates":[[-49.3728659,-26.9851937],[-49.372975,-26.98548]]}},{"type":"Feature","properties":{"nome":"Estrada Geral Alto Cedros","tipo":"yes"},"geometry":{"type":"LineString","coordinates":[[-49.4509107,-26.6083534],[-49.4513368,-26.608039]]}},{"type":"Feature","properties":{"nome":"","tipo":"yes"},"geometry":{"type":"LineString","coordinates":[[-49.4192056,-26.7536186],[-49.4190386,-26.7534587]]}},{"type":"Feature","properties":{"nome":"Rua Alberto Buzzi","tipo":"yes"},"geometry":{"type":"LineString","coordinates":[[-49.4214781,-26.7309018],[-49.4212342,-26.7309018]]}},{"type":"Feature","properties":{"nome":"","tipo":"yes"},"geometry":{"type":"LineString","coordinates":[[-49.4215766,-26.7466703],[-49.4214251,-26.7466757]]}},{"type":"Feature","properties":{"nome":"","tipo":"yes"},"geometry":{"type":"LineString","coordinates":[[-49.5628449,-27.0389999],[-49.5626126,-27.0383005]]}},{"type":"Feature","properties":{"nome":"Avenida Osvaldo Reis","tipo":"yes"},"geometry":{"type":"LineString","coordinates":[[-48.6482935,-26.9256443],[-48.6481987,-26.9257018],[-48.6481566,-26.9257274]]}},{"type":"Feature","properties":{"nome":"Avenida Osvaldo Reis","tipo":"yes"},"geometry":{"type":"LineString","coordinates":[[-48.6481003,-26.9256604],[-48.6481469,-26.9256323],[-48.6482269,-26.9255841]]}},{"type":"Feature","properties":{"nome":"Ponte Francisco Queiroz de Almeida","tipo":"yes"},"geometry":{"type":"LineString","coordinates":[[-48.684418,-26.910451],[-48.6846752,-26.9105338],[-48.6849373,-26.9106176],[-48.6851994,-26.9106985]]}},{"type":"Feature","properties":{"nome":"Avenida Campos Novos","tipo":"yes"},"geometry":{"type":"LineString","coordinates":[[-48.7006494,-26.9004601],[-48.7002692,-26.9009666]]}},{"type":"Feature","properties":{"nome":"Rodovia Ingo Hering","tipo":"yes"},"geometry":{"type":"LineString","coordinates":[[-49.1406829,-26.8824686],[-49.1418197,-26.8827798],[-49.1429006,-26.8830757]]}},{"type":"Feature","properties":{"nome":"Ponte Rosental","tipo":"yes"},"geometry":{"type":"LineString","coordinates":[[-49.0786303,-26.7648143],[-49.0783639,-26.765004]]}},{"type":"Feature","properties":{"nome":"Rodovia Ingo Hering","tipo":"yes"},"geometry":{"type":"LineString","coordinates":[[-49.1428908,-26.8831661],[-49.1417959,-26.8828664],[-49.1406481,-26.8825523]]}},{"type":"Feature","properties":{"nome":"","tipo":"yes"},"geometry":{"type":"LineString","coordinates":[[-48.61685,-26.8002967],[-48.6170439,-26.800389]]}},{"type":"Feature","properties":{"nome":"","tipo":"yes"},"geometry":{"type":"LineString","coordinates":[[-48.6178438,-26.8001521],[-48.6177038,-26.8002809]]}},{"type":"Feature","properties":{"nome":"Estrada Geral \u00c1guas Negras","tipo":"yes"},"geometry":{"type":"LineString","coordinates":[[-48.9994196,-26.9191394],[-48.9995253,-26.9193025]]}},{"type":"Feature","properties":{"nome":"Rua Frei Solano","tipo":"yes"},"geometry":{"type":"LineString","coordinates":[[-48.963317,-26.969576],[-48.9634938,-26.9693985]]}},{"type":"Feature","properties":{"nome":"Rua Artur Poffo","tipo":"yes"},"geometry":{"type":"LineString","coordinates":[[-48.9285142,-26.9426431],[-48.9286594,-26.9425388]]}},{"type":"Feature","properties":{"nome":"","tipo":"yes"},"geometry":{"type":"LineString","coordinates":[[-48.949813,-26.9293635],[-48.9499805,-26.9292394]]}},{"type":"Feature","properties":{"nome":"Rodovia Jorge Lacerda","tipo":"yes"},"geometry":{"type":"LineString","coordinates":[[-48.8940021,-26.9262389],[-48.8942422,-26.9259275]]}},{"type":"Feature","properties":{"nome":"Rua Leol\u00e1rio de Ara\u00fajo","tipo":"yes"},"geometry":{"type":"LineString","coordinates":[[-48.8347945,-26.9097182],[-48.8349681,-26.9098091]]}},{"type":"Feature","properties":{"nome":"Rua Verg\u00edlio Cadore","tipo":"yes"},"geometry":{"type":"LineString","coordinates":[[-48.7992285,-26.9667188],[-48.7996,-26.966324]]}},{"type":"Feature","properties":{"nome":"Ponte Jo\u00e3o Manoel da Silva","tipo":"yes"},"geometry":{"type":"LineString","coordinates":[[-48.823934,-26.997594],[-48.8232048,-26.9978636]]}},{"type":"Feature","properties":{"nome":"Rua Ol\u00edmpio Gadotti","tipo":"yes"},"geometry":{"type":"LineString","coordinates":[[-48.8614276,-27.033336],[-48.86132,-27.0329061]]}},{"type":"Feature","properties":{"nome":"Rua Theobaldo Anselmo Sans\u00e3o","tipo":"yes"},"geometry":{"type":"LineString","coordinates":[[-48.8702771,-26.9373208],[-48.8701373,-26.9373741]]}},{"type":"Feature","properties":{"nome":"","tipo":"yes"},"geometry":{"type":"LineString","coordinates":[[-48.9066227,-26.9953152],[-48.9065165,-26.99529]]}},{"type":"Feature","properties":{"nome":"Rodovia Ivo Silveira","tipo":"yes"},"geometry":{"type":"LineString","coordinates":[[-48.9063655,-26.99214],[-48.9061832,-26.9922415]]}},{"type":"Feature","properties":{"nome":"Rua Anselmo Paschoal da Silva","tipo":"yes"},"geometry":{"type":"LineString","coordinates":[[-48.9520003,-26.9316057],[-48.9516815,-26.9316002]]}},{"type":"Feature","properties":{"nome":"","tipo":"yes"},"geometry":{"type":"LineString","coordinates":[[-49.4134113,-26.8763856],[-49.4134093,-26.8762989]]}},{"type":"Feature","properties":{"nome":"Via Projetada 69","tipo":"yes"},"geometry":{"type":"LineString","coordinates":[[-49.0596607,-26.9217675],[-49.0599793,-26.9218663]]}},{"type":"Feature","properties":{"nome":"Ponte Governador Adolfo Konder","tipo":"yes"},"geometry":{"type":"LineString","coordinates":[[-49.065738,-26.9186286],[-49.064754,-26.9178652]]}},{"type":"Feature","properties":{"nome":"Rua da Gl\u00f3ria","tipo":"yes"},"geometry":{"type":"LineString","coordinates":[[-49.4571325,-26.757095],[-49.4569698,-26.7566919]]}},{"type":"Feature","properties":{"nome":"","tipo":"yes"},"geometry":{"type":"LineString","coordinates":[[-49.4333107,-26.7730599],[-49.4326597,-26.7733579]]}},{"type":"Feature","properties":{"nome":"Rua Elvira Mondini Spengler","tipo":"yes"},"geometry":{"type":"LineString","coordinates":[[-48.9135917,-26.9275637],[-48.9135906,-26.9273994]]}},{"type":"Feature","properties":{"nome":"","tipo":"yes"},"geometry":{"type":"LineString","coordinates":[[-49.0038699,-26.9192177],[-49.003722,-26.9192013]]}},{"type":"Feature","properties":{"nome":"Estrada Geral Gaspar Grande","tipo":"yes"},"geometry":{"type":"LineString","coordinates":[[-48.9922096,-26.9557501],[-48.9921178,-26.9556995]]}},{"type":"Feature","properties":{"nome":"Rua Eug\u00eanio Pezzini","tipo":"yes"},"geometry":{"type":"LineString","coordinates":[[-48.6931688,-26.8780068],[-48.6931628,-26.8779129]]}},{"type":"Feature","properties":{"nome":"Rua Jo\u00e3o Bernardo Fischer","tipo":"yes"},"geometry":{"type":"LineString","coordinates":[[-48.9484338,-27.0717787],[-48.948289,-27.0721189],[-48.9482058,-27.0723301],[-48.9481658,-27.0724481],[-48.9481471,-27.07254],[-48.9481563,-27.0726278],[-48.9481933,-27.0727348],[-48.9482394,-27.0728287],[-48.9483167,-27.0729227],[-48.9483968,-27.0729803],[-48.9487481,-27.073197],[-48.9489391,-27.0733095],[-48.9490436,-27.073363],[-48.9491167,-27.0733811],[-48.9493403,-27.0734065],[-48.9494379,-27.0734065],[-48.9494786,-27.0733848],[-48.9495029,-27.0733486],[-48.9494948,-27.073316],[-48.9493769,-27.0731712]]}},{"type":"Feature","properties":{"nome":"Avenida Tiradentes","tipo":"yes"},"geometry":{"type":"LineString","coordinates":[[-49.2774532,-26.7413685],[-49.2777095,-26.7414342]]}},{"type":"Feature","properties":{"nome":"Ponte P\u00eansil","tipo":"yes"},"geometry":{"type":"LineString","coordinates":[[-49.4082551,-26.7763157],[-49.4080446,-26.7759907]]}},{"type":"Feature","properties":{"nome":"Rua Ant\u00f4nio Cirilo Dutra","tipo":"yes"},"geometry":{"type":"LineString","coordinates":[[-48.6868177,-26.9020072],[-48.6864142,-26.9019549]]}},{"type":"Feature","properties":{"nome":"Rua Ab\u00edlio Zuchi","tipo":"yes"},"geometry":{"type":"LineString","coordinates":[[-49.2697058,-26.9120359],[-49.2701672,-26.909651]]}},{"type":"Feature","properties":{"nome":"Rua Alberto Rahn","tipo":"yes"},"geometry":{"type":"LineString","coordinates":[[-49.1471445,-26.7220483],[-49.147021,-26.7220529]]}},{"type":"Feature","properties":{"nome":"Rua Doutor Wunderwald","tipo":"yes"},"geometry":{"type":"LineString","coordinates":[[-49.1335782,-26.7309903],[-49.1336762,-26.7309694]]}},{"type":"Feature","properties":{"nome":"Rua Doutor Wunderwald","tipo":"yes"},"geometry":{"type":"LineString","coordinates":[[-49.1293913,-26.732991],[-49.1294064,-26.732897]]}},{"type":"Feature","properties":{"nome":"Rua Doutor Wunderwald","tipo":"yes"},"geometry":{"type":"LineString","coordinates":[[-49.1407961,-26.7315567],[-49.1407255,-26.7315792]]}},{"type":"Feature","properties":{"nome":"","tipo":"yes"},"geometry":{"type":"LineString","coordinates":[[-48.719481,-26.8938322],[-48.7200214,-26.8940235]]}},{"type":"Feature","properties":{"nome":"","tipo":"yes"},"geometry":{"type":"LineString","coordinates":[[-48.722182,-26.8873943],[-48.7228171,-26.8876149]]}},{"type":"Feature","properties":{"nome":"","tipo":"yes"},"geometry":{"type":"LineString","coordinates":[[-49.1847175,-26.731045],[-49.1845954,-26.7310019]]}},{"type":"Feature","properties":{"nome":"Rua Professor Jacob Ineichen","tipo":"yes"},"geometry":{"type":"LineString","coordinates":[[-49.1106235,-26.81694],[-49.1104931,-26.8167311]]}},{"type":"Feature","properties":{"nome":"","tipo":"yes"},"geometry":{"type":"LineString","coordinates":[[-48.6772479,-26.9815082],[-48.6770799,-26.9810959]]}},{"type":"Feature","properties":{"nome":"","tipo":"yes"},"geometry":{"type":"LineString","coordinates":[[-48.7083037,-26.9222481],[-48.7077754,-26.9220639]]}},{"type":"Feature","properties":{"nome":"Rua Vila Nova","tipo":"yes"},"geometry":{"type":"LineString","coordinates":[[-49.4917808,-26.7176187],[-49.4919292,-26.7174091]]}},{"type":"Feature","properties":{"nome":"Rua Jorge Becker","tipo":"yes"},"geometry":{"type":"LineString","coordinates":[[-49.4309305,-26.7744517],[-49.4308512,-26.7741168]]}},{"type":"Feature","properties":{"nome":"","tipo":"yes"},"geometry":{"type":"LineString","coordinates":[[-49.1630127,-26.8360885],[-49.1626353,-26.8361384]]}},{"type":"Feature","properties":{"nome":"Rua Bahia","tipo":"yes"},"geometry":{"type":"LineString","coordinates":[[-49.1144445,-26.8867306],[-49.1145603,-26.8867685]]}},{"type":"Feature","properties":{"nome":"Rua Bahia","tipo":"yes"},"geometry":{"type":"LineString","coordinates":[[-49.146802,-26.9015606],[-49.1466687,-26.9014808]]}},{"type":"Feature","properties":{"nome":"","tipo":"yes"},"geometry":{"type":"LineString","coordinates":[[-49.1945912,-26.9078691],[-49.1943623,-26.9077677]]}},{"type":"Feature","properties":{"nome":"","tipo":"yes"},"geometry":{"type":"LineString","coordinates":[[-49.5043567,-27.0614901],[-49.5032892,-27.0611563]]}},{"type":"Feature","properties":{"nome":"","tipo":"yes"},"geometry":{"type":"LineString","coordinates":[[-49.5463423,-27.0432676],[-49.5474286,-27.0430287]]}},{"type":"Feature","properties":{"nome":"","tipo":"yes"},"geometry":{"type":"LineString","coordinates":[[-49.1412931,-26.8860019],[-49.1413927,-26.8858614],[-49.1415206,-26.8856306],[-49.14171,-26.8852885]]}},{"type":"Feature","properties":{"nome":"","tipo":"yes"},"geometry":{"type":"LineString","coordinates":[[-49.1382403,-26.8939075],[-49.1383834,-26.893703],[-49.1384986,-26.8935202],[-49.1386759,-26.8931998],[-49.138829,-26.8928959],[-49.1391365,-26.8922069],[-49.139696,-26.8909256]]}},{"type":"Feature","properties":{"nome":"","tipo":"yes"},"geometry":{"type":"LineString","coordinates":[[-49.0780552,-26.9062623],[-49.0781493,-26.9062109],[-49.078183,-26.9061925]]}},{"type":"Feature","properties":{"nome":"Ponte Padre Cl\u00e1udio Jeremias Cadorin","tipo":"yes"},"geometry":{"type":"LineString","coordinates":[[-48.8266044,-26.8926685],[-48.8229906,-26.8958578]]}},{"type":"Feature","properties":{"nome":"","tipo":"yes"},"geometry":{"type":"LineString","coordinates":[[-49.3610346,-27.0513068],[-49.3607882,-27.0515204]]}},{"type":"Feature","properties":{"nome":"","tipo":"yes"},"geometry":{"type":"LineString","coordinates":[[-49.3378432,-27.0715512],[-49.3375449,-27.0716589]]}},{"type":"Feature","properties":{"nome":"Rua Minas da Prata","tipo":"yes"},"geometry":{"type":"LineString","coordinates":[[-49.0930637,-27.0282631],[-49.0929041,-27.0281305]]}},{"type":"Feature","properties":{"nome":"","tipo":"yes"},"geometry":{"type":"LineString","coordinates":[[-48.6181985,-26.800369],[-48.6182191,-26.8003189],[-48.6182181,-26.8002716],[-48.618205,-26.8002255],[-48.6181668,-26.8001963]]}},{"type":"Feature","properties":{"nome":"","tipo":"yes"},"geometry":{"type":"LineString","coordinates":[[-49.1398582,-26.8909795],[-49.1393034,-26.8922589],[-49.1390073,-26.8929502],[-49.13885,-26.8932666],[-49.1386669,-26.8936074],[-49.1385496,-26.8937918],[-49.1384064,-26.8940043]]}},{"type":"Feature","properties":{"nome":"Rua Fortunato Packer","tipo":"yes"},"geometry":{"type":"LineString","coordinates":[[-49.2811879,-26.894464],[-49.2813072,-26.8945202]]}},{"type":"Feature","properties":{"nome":"","tipo":"yes"},"geometry":{"type":"LineString","coordinates":[[-49.3123348,-26.9614885],[-49.3121436,-26.9614207]]}},{"type":"Feature","properties":{"nome":"","tipo":"yes"},"geometry":{"type":"LineString","coordinates":[[-49.2748301,-26.8971888],[-49.2747482,-26.8971481]]}},{"type":"Feature","properties":{"nome":"Estrada Geral Bra\u00e7o do Ba\u00fa","tipo":"yes"},"geometry":{"type":"LineString","coordinates":[[-48.8695856,-26.8439716],[-48.8695454,-26.8441008]]}},{"type":"Feature","properties":{"nome":"","tipo":"yes"},"geometry":{"type":"LineString","coordinates":[[-49.3003688,-26.8787444],[-49.3002899,-26.8787447]]}},{"type":"Feature","properties":{"nome":"","tipo":"yes"},"geometry":{"type":"LineString","coordinates":[[-49.2950265,-26.8731556],[-49.2949879,-26.8732357]]}},{"type":"Feature","properties":{"nome":"","tipo":"yes"},"geometry":{"type":"LineString","coordinates":[[-48.9903644,-26.8336176],[-48.990298,-26.8335814]]}},{"type":"Feature","properties":{"nome":"","tipo":"yes"},"geometry":{"type":"LineString","coordinates":[[-49.292517,-26.8737594],[-49.2924875,-26.8736611]]}},{"type":"Feature","properties":{"nome":"","tipo":"yes"},"geometry":{"type":"LineString","coordinates":[[-49.1419226,-26.8853818],[-49.1417188,-26.8857401],[-49.1416016,-26.8859462],[-49.1415544,-26.8860543]]}},{"type":"Feature","properties":{"nome":"Rua Ribeir\u00e3o Herdt","tipo":"yes"},"geometry":{"type":"LineString","coordinates":[[-49.183371,-26.7674039],[-49.1832711,-26.767369]]}},{"type":"Feature","properties":{"nome":"Rua S\u00e3o Bernardo","tipo":"yes"},"geometry":{"type":"LineString","coordinates":[[-49.2819576,-26.7366853],[-49.2818979,-26.7367877]]}},{"type":"Feature","properties":{"nome":"Rua Vale dos Irm\u00e3os","tipo":"yes"},"geometry":{"type":"LineString","coordinates":[[-49.174114,-26.7987629],[-49.1741866,-26.7987395]]}},{"type":"Feature","properties":{"nome":"","tipo":"yes"},"geometry":{"type":"LineString","coordinates":[[-49.0964664,-26.9932982],[-49.0963827,-26.9933475]]}},{"type":"Feature","properties":{"nome":"Rua Ribeir\u00e3o Herdt","tipo":"yes"},"geometry":{"type":"LineString","coordinates":[[-49.1927897,-26.7771254],[-49.1928302,-26.7772604]]}},{"type":"Feature","properties":{"nome":"Rua Leopoldo Blaese","tipo":"yes"},"geometry":{"type":"LineString","coordinates":[[-49.2118992,-26.6995652],[-49.2118952,-26.6996529]]}},{"type":"Feature","properties":{"nome":"","tipo":"yes"},"geometry":{"type":"LineString","coordinates":[[-48.6184094,-26.8010392],[-48.6184582,-26.8011292]]}},{"type":"Feature","properties":{"nome":"Rua Jacob Ardig\u00f3","tipo":"yes"},"geometry":{"type":"LineString","coordinates":[[-48.6880867,-26.9181097],[-48.6873375,-26.9182471]]}},{"type":"Feature","properties":{"nome":"","tipo":"yes"},"geometry":{"type":"LineString","coordinates":[[-49.3749965,-26.5503201],[-49.3748597,-26.5504113]]}},{"type":"Feature","properties":{"nome":"Avenida 21 de Janeiro","tipo":"yes"},"geometry":{"type":"LineString","coordinates":[[-49.1788082,-26.734724],[-49.1787742,-26.7348691]]}},{"type":"Feature","properties":{"nome":"Avenida 21 de Janeiro","tipo":"yes"},"geometry":{"type":"LineString","coordinates":[[-49.1786933,-26.7348551],[-49.1787267,-26.7347099]]}},{"type":"Feature","properties":{"nome":"","tipo":"yes"},"geometry":{"type":"LineString","coordinates":[[-49.1782381,-26.7385569],[-49.1784,-26.7385674]]}},{"type":"Feature","properties":{"nome":"Rua Ernest Steinert","tipo":"yes"},"geometry":{"type":"LineString","coordinates":[[-49.1755714,-26.8217075],[-49.1755867,-26.8217643]]}},{"type":"Feature","properties":{"nome":"Rua Em\u00edlio Marquardt","tipo":"yes"},"geometry":{"type":"LineString","coordinates":[[-49.17028,-26.8248932],[-49.1703341,-26.8249294]]}},{"type":"Feature","properties":{"nome":"Avenida 21 de Janeiro","tipo":"yes"},"geometry":{"type":"LineString","coordinates":[[-49.1748589,-26.7543958],[-49.1748469,-26.7543367]]}},{"type":"Feature","properties":{"nome":"Avenida 21 de Janeiro","tipo":"yes"},"geometry":{"type":"LineString","coordinates":[[-49.1749405,-26.7543202],[-49.1749513,-26.7543787]]}},{"type":"Feature","properties":{"nome":"Via Expressa Paul Fritz Kuehnrich","tipo":"viaduct"},"geometry":{"type":"LineString","coordinates":[[-49.0735501,-26.8951338],[-49.0737441,-26.8953405]]}},{"type":"Feature","properties":{"nome":"Via Expressa Paul Fritz Kuehnrich","tipo":"viaduct"},"geometry":{"type":"LineString","coordinates":[[-49.0736674,-26.8953953],[-49.073472,-26.8951915]]}},{"type":"Feature","properties":{"nome":"","tipo":"yes"},"geometry":{"type":"LineString","coordinates":[[-49.2132974,-26.7921004],[-49.2132172,-26.7920682]]}},{"type":"Feature","properties":{"nome":"Rua Interbairros","tipo":"yes"},"geometry":{"type":"LineString","coordinates":[[-49.3647408,-26.7691685],[-49.3649991,-26.76915]]}},{"type":"Feature","properties":{"nome":"","tipo":"yes"},"geometry":{"type":"LineString","coordinates":[[-49.4383099,-26.81846],[-49.438284,-26.8183163]]}},{"type":"Feature","properties":{"nome":"Rua Guilherme Doege","tipo":"yes"},"geometry":{"type":"LineString","coordinates":[[-49.3671295,-26.7737348],[-49.3669672,-26.7738318]]}},{"type":"Feature","properties":{"nome":"Rua Pedro Alves da Cunha","tipo":"yes"},"geometry":{"type":"LineString","coordinates":[[-49.1586163,-26.7138724],[-49.1585576,-26.7138075]]}},{"type":"Feature","properties":{"nome":"Rua Otto M\u00fcller","tipo":"yes"},"geometry":{"type":"LineString","coordinates":[[-49.1550866,-26.716268],[-49.1552308,-26.7162773]]}},{"type":"Feature","properties":{"nome":"Rua Ribeir\u00e3o S\u00e3o Paulo","tipo":"yes"},"geometry":{"type":"LineString","coordinates":[[-49.3946672,-26.9536834],[-49.3950231,-26.9537277]]}},{"type":"Feature","properties":{"nome":"Rua Vila Nova","tipo":"yes"},"geometry":{"type":"LineString","coordinates":[[-49.4093541,-26.9482497],[-49.4092056,-26.9481931]]}},{"type":"Feature","properties":{"nome":"Estrada Sax\u00f4nia","tipo":"yes"},"geometry":{"type":"LineString","coordinates":[[-49.4160849,-26.9638294],[-49.4162456,-26.963891]]}},{"type":"Feature","properties":{"nome":"Rua Belo Horizonte","tipo":"yes"},"geometry":{"type":"LineString","coordinates":[[-49.2433273,-26.911395],[-49.2433898,-26.9112875]]}},{"type":"Feature","properties":{"nome":"Rua Marechal Deodoro da Fonseca","tipo":"yes"},"geometry":{"type":"LineString","coordinates":[[-49.2441999,-26.9023973],[-49.2440367,-26.9024757]]}},{"type":"Feature","properties":{"nome":"Rua Rio Branco","tipo":"yes"},"geometry":{"type":"LineString","coordinates":[[-49.2427422,-26.9037126],[-49.2426588,-26.9038594]]}},{"type":"Feature","properties":{"nome":"Rua Rio Branco","tipo":"yes"},"geometry":{"type":"LineString","coordinates":[[-49.2410705,-26.9069648],[-49.2410285,-26.9070531]]}},{"type":"Feature","properties":{"nome":"","tipo":"yes"},"geometry":{"type":"LineString","coordinates":[[-49.3091741,-26.9833415],[-49.3092962,-26.9832425]]}},{"type":"Feature","properties":{"nome":"","tipo":"yes"},"geometry":{"type":"LineString","coordinates":[[-49.3510864,-27.0692846],[-49.350962,-27.0693429]]}},{"type":"Feature","properties":{"nome":"","tipo":"yes"},"geometry":{"type":"LineString","coordinates":[[-49.0933352,-26.7339582],[-49.0934638,-26.7339858]]}},{"type":"Feature","properties":{"nome":"","tipo":"yes"},"geometry":{"type":"LineString","coordinates":[[-49.4608984,-26.8706645],[-49.4610696,-26.8706272]]}},{"type":"Feature","properties":{"nome":"Rua Jo\u00e3o Ludgero dos Santos","tipo":"yes"},"geometry":{"type":"LineString","coordinates":[[-48.6526042,-26.780089],[-48.6526804,-26.7802204]]}},{"type":"Feature","properties":{"nome":"Rua Alfredo Gaedtke","tipo":"yes"},"geometry":{"type":"LineString","coordinates":[[-49.1465034,-26.6823708],[-49.1466599,-26.682282]]}},{"type":"Feature","properties":{"nome":"Rua Alwin Jandre","tipo":"yes"},"geometry":{"type":"LineString","coordinates":[[-49.1616124,-26.6978073],[-49.1615533,-26.6978198]]}},{"type":"Feature","properties":{"nome":"Rua Testo Alto","tipo":"yes"},"geometry":{"type":"LineString","coordinates":[[-49.1649267,-26.7069525],[-49.1650003,-26.7068862]]}},{"type":"Feature","properties":{"nome":"Estrada Alwin Fischer","tipo":"yes"},"geometry":{"type":"LineString","coordinates":[[-49.1892303,-26.8097024],[-49.1892118,-26.8097583]]}},{"type":"Feature","properties":{"nome":"","tipo":"yes"},"geometry":{"type":"LineString","coordinates":[[-49.2081581,-26.7125341],[-49.2080457,-26.7125345]]}},{"type":"Feature","properties":{"nome":"Estrada Morro Pr\u00edncipe","tipo":"yes"},"geometry":{"type":"LineString","coordinates":[[-49.2109353,-26.7043128],[-49.2108618,-26.7043012]]}},{"type":"Feature","properties":{"nome":"Rua Richard Passold","tipo":"yes"},"geometry":{"type":"LineString","coordinates":[[-49.1536803,-26.6888249],[-49.1536509,-26.6888886]]}},{"type":"Feature","properties":{"nome":"Estrada Amanda Rahn","tipo":"yes"},"geometry":{"type":"LineString","coordinates":[[-49.1923993,-26.641901],[-49.1924747,-26.641928]]}},{"type":"Feature","properties":{"nome":"","tipo":"yes"},"geometry":{"type":"LineString","coordinates":[[-49.2133481,-26.7288449],[-49.2133975,-26.7288211]]}},{"type":"Feature","properties":{"nome":"Rua Itaja\u00ed","tipo":"yes"},"geometry":{"type":"LineString","coordinates":[[-48.9524031,-26.9270265],[-48.9524078,-26.9266001]]}},{"type":"Feature","properties":{"nome":"Rua Professora Marlene Berri Girardi","tipo":"yes"},"geometry":{"type":"LineString","coordinates":[[-49.3450084,-26.8763028],[-49.3450642,-26.8763804]]}},{"type":"Feature","properties":{"nome":"Rua Vereador Arcangelo Berri","tipo":"yes"},"geometry":{"type":"LineString","coordinates":[[-49.3579959,-26.8756394],[-49.3580757,-26.875573]]}},{"type":"Feature","properties":{"nome":"","tipo":"yes"},"geometry":{"type":"LineString","coordinates":[[-49.3592539,-26.8755282],[-49.3592163,-26.8754492]]}},{"type":"Feature","properties":{"nome":"Estrada 12 de Outubro","tipo":"yes"},"geometry":{"type":"LineString","coordinates":[[-49.1897782,-26.6447576],[-49.1898405,-26.6447653]]}},{"type":"Feature","properties":{"nome":"Rua Em\u00edlio Doege","tipo":"yes"},"geometry":{"type":"LineString","coordinates":[[-49.189965,-26.6672819],[-49.1900702,-26.6672373]]}},{"type":"Feature","properties":{"nome":"Rua Morro Schmidt","tipo":"yes"},"geometry":{"type":"LineString","coordinates":[[-49.1893208,-26.6566872],[-49.1894458,-26.6566954]]}},{"type":"Feature","properties":{"nome":"Estrada Geral do Ribeir\u00e3o do Bugre","tipo":"yes"},"geometry":{"type":"LineString","coordinates":[[-48.9666877,-26.7404711],[-48.9666875,-26.740264]]}},{"type":"Feature","properties":{"nome":"","tipo":"yes"},"geometry":{"type":"LineString","coordinates":[[-48.9802771,-26.7573224],[-48.9804085,-26.7573033]]}},{"type":"Feature","properties":{"nome":"","tipo":"yes"},"geometry":{"type":"LineString","coordinates":[[-48.9883076,-26.76601],[-48.9886027,-26.7659573]]}},{"type":"Feature","properties":{"nome":"Estrada Geral Bra\u00e7o Dauer","tipo":"yes"},"geometry":{"type":"LineString","coordinates":[[-48.9734921,-26.7454245],[-48.9736003,-26.7453597]]}},{"type":"Feature","properties":{"nome":"Via Projetada 122","tipo":"yes"},"geometry":{"type":"LineString","coordinates":[[-49.0666905,-26.9175687],[-49.0655938,-26.9167767]]}},{"type":"Feature","properties":{"nome":"","tipo":"yes"},"geometry":{"type":"LineString","coordinates":[[-49.5221632,-26.6588003],[-49.5219674,-26.6588003]]}},{"type":"Feature","properties":{"nome":"Rua Agustinho Lemos de Camargo","tipo":"yes"},"geometry":{"type":"LineString","coordinates":[[-48.643481,-26.9565261],[-48.6434085,-26.9565365]]}},{"type":"Feature","properties":{"nome":"Rua Ernesto Schroeder","tipo":"yes"},"geometry":{"type":"LineString","coordinates":[[-48.865016,-27.0695413],[-48.8649785,-27.0694489]]}},{"type":"Feature","properties":{"nome":"","tipo":"yes"},"geometry":{"type":"LineString","coordinates":[[-48.8789409,-27.0594358],[-48.8789821,-27.0596083]]}},{"type":"Feature","properties":{"nome":"","tipo":"yes"},"geometry":{"type":"LineString","coordinates":[[-49.2997082,-26.8802827],[-49.2997579,-26.8802158]]}},{"type":"Feature","properties":{"nome":"Avenida das Arapongas","tipo":"yes"},"geometry":{"type":"LineString","coordinates":[[-48.645771,-26.9581375],[-48.6456094,-26.9580575]]}},{"type":"Feature","properties":{"nome":"Avenida das Arapongas","tipo":"yes"},"geometry":{"type":"LineString","coordinates":[[-48.6449645,-26.9581302],[-48.6448686,-26.9582123]]}},{"type":"Feature","properties":{"nome":"Rua Arno Wollick","tipo":"yes"},"geometry":{"type":"LineString","coordinates":[[-49.2060689,-26.7151383],[-49.2059458,-26.7151424]]}},{"type":"Feature","properties":{"nome":"Avenida Castelo Branco","tipo":"yes"},"geometry":{"type":"LineString","coordinates":[[-48.7141102,-26.888181],[-48.7141138,-26.8884746]]}},{"type":"Feature","properties":{"nome":"","tipo":"yes"},"geometry":{"type":"LineString","coordinates":[[-49.3724873,-27.0104756],[-49.3723908,-27.0107595]]}},{"type":"Feature","properties":{"nome":"Estrada Geral Ribeir\u00e3o do Bode","tipo":"yes"},"geometry":{"type":"LineString","coordinates":[[-49.3653411,-27.0163204],[-49.3652538,-27.016414]]}},{"type":"Feature","properties":{"nome":"","tipo":"yes"},"geometry":{"type":"LineString","coordinates":[[-49.182724,-26.7640473],[-49.1827824,-26.764098]]}},{"type":"Feature","properties":{"nome":"","tipo":"yes"},"geometry":{"type":"LineString","coordinates":[[-49.1833676,-26.7630881],[-49.1834213,-26.7631336]]}},{"type":"Feature","properties":{"nome":"","tipo":"yes"},"geometry":{"type":"LineString","coordinates":[[-49.1843828,-26.762317],[-49.1844024,-26.7623718]]}},{"type":"Feature","properties":{"nome":"Rua Ari Zermiani","tipo":"yes"},"geometry":{"type":"LineString","coordinates":[[-48.7273197,-26.9392332],[-48.727262,-26.9389724]]}},{"type":"Feature","properties":{"nome":"","tipo":"yes"},"geometry":{"type":"LineString","coordinates":[[-49.4682786,-26.8029725],[-49.4683059,-26.8027868]]}},{"type":"Feature","properties":{"nome":"","tipo":"yes"},"geometry":{"type":"LineString","coordinates":[[-49.4616015,-26.7924124],[-49.4616135,-26.7922834]]}},{"type":"Feature","properties":{"nome":"Estrada Municipal da Serra S\u00e3o Jo\u00e3o","tipo":"yes"},"geometry":{"type":"LineString","coordinates":[[-49.487075,-26.8187308],[-49.4871885,-26.8186694]]}},{"type":"Feature","properties":{"nome":"","tipo":"yes"},"geometry":{"type":"LineString","coordinates":[[-49.4813235,-26.8108831],[-49.481414,-26.810749]]}},{"type":"Feature","properties":{"nome":"","tipo":"yes"},"geometry":{"type":"LineString","coordinates":[[-49.4785853,-26.8069933],[-49.4786709,-26.806858]]}},{"type":"Feature","properties":{"nome":"","tipo":"yes"},"geometry":{"type":"LineString","coordinates":[[-49.1766546,-26.7344909],[-49.1766633,-26.7343683]]}},{"type":"Feature","properties":{"nome":"Rua Serafim Gamba","tipo":"yes"},"geometry":{"type":"LineString","coordinates":[[-48.8040223,-27.0033803],[-48.8041318,-27.0034077]]}},{"type":"Feature","properties":{"nome":"","tipo":"yes"},"geometry":{"type":"LineString","coordinates":[[-49.4452451,-26.7765971],[-49.4453879,-26.776539]]}},{"type":"Feature","properties":{"nome":"","tipo":"yes"},"geometry":{"type":"LineString","coordinates":[[-49.0647062,-26.9212662],[-49.0647637,-26.9213447]]}},{"type":"Feature","properties":{"nome":"","tipo":"yes"},"geometry":{"type":"LineString","coordinates":[[-49.5422514,-26.7989212],[-49.5423363,-26.7988334]]}},{"type":"Feature","properties":{"nome":"","tipo":"yes"},"geometry":{"type":"LineString","coordinates":[[-49.493437,-26.7651233],[-49.4934456,-26.7650278]]}},{"type":"Feature","properties":{"nome":"","tipo":"yes"},"geometry":{"type":"LineString","coordinates":[[-49.5060445,-26.7735632],[-49.506158,-26.7735432]]}},{"type":"Feature","properties":{"nome":"","tipo":"yes"},"geometry":{"type":"LineString","coordinates":[[-49.5106687,-26.7763998],[-49.5107693,-26.7764512]]}},{"type":"Feature","properties":{"nome":"","tipo":"yes"},"geometry":{"type":"LineString","coordinates":[[-49.5139143,-26.7789687],[-49.5140683,-26.7789563]]}},{"type":"Feature","properties":{"nome":"","tipo":"yes"},"geometry":{"type":"LineString","coordinates":[[-49.5336734,-26.7930328],[-49.5337784,-26.7929104]]}},{"type":"Feature","properties":{"nome":"","tipo":"yes"},"geometry":{"type":"LineString","coordinates":[[-49.5199203,-26.6821806],[-49.5200437,-26.6821087]]}},{"type":"Feature","properties":{"nome":"Rua Victor Hering","tipo":"yes"},"geometry":{"type":"LineString","coordinates":[[-49.0679038,-26.9253483],[-49.0679392,-26.9253659]]}},{"type":"Feature","properties":{"nome":"Rodovia Ingo Hering","tipo":"yes"},"geometry":{"type":"LineString","coordinates":[[-49.1448366,-26.8836986],[-49.144066,-26.8834887]]}},{"type":"Feature","properties":{"nome":"Rodovia Ingo Hering","tipo":"yes"},"geometry":{"type":"LineString","coordinates":[[-48.9909168,-26.8895902],[-48.9898738,-26.890506]]}},{"type":"Feature","properties":{"nome":"","tipo":"yes"},"geometry":{"type":"LineString","coordinates":[[-49.0689697,-26.9125969],[-49.0689044,-26.9126625],[-49.0660357,-26.9133405],[-49.0659464,-26.9133097]]}},{"type":"Feature","properties":{"nome":"","tipo":"yes"},"geometry":{"type":"LineString","coordinates":[[-49.5009156,-26.7691413],[-49.5010252,-26.7690943]]}},{"type":"Feature","properties":{"nome":"","tipo":"yes"},"geometry":{"type":"LineString","coordinates":[[-49.3859855,-26.8221774],[-49.3859314,-26.8222613]]}},{"type":"Feature","properties":{"nome":"","tipo":"yes"},"geometry":{"type":"LineString","coordinates":[[-49.4651486,-26.7558636],[-49.4651694,-26.7557374]]}},{"type":"Feature","properties":{"nome":"","tipo":"yes"},"geometry":{"type":"LineString","coordinates":[[-49.3512007,-26.7403656],[-49.3512596,-26.7403275]]}},{"type":"Feature","properties":{"nome":"","tipo":"yes"},"geometry":{"type":"LineString","coordinates":[[-49.5146421,-26.6939331],[-49.5145778,-26.6940373]]}},{"type":"Feature","properties":{"nome":"","tipo":"yes"},"geometry":{"type":"LineString","coordinates":[[-49.4526192,-26.7889109],[-49.4526707,-26.7888018]]}},{"type":"Feature","properties":{"nome":"Avenida das Comunidades","tipo":"yes"},"geometry":{"type":"LineString","coordinates":[[-48.9597494,-26.9310263],[-48.9600166,-26.9307115]]}},{"type":"Feature","properties":{"nome":"Rua dos Atiradores","tipo":"yes"},"geometry":{"type":"LineString","coordinates":[[-49.1637769,-26.7711595],[-49.1637953,-26.7712646]]}},{"type":"Feature","properties":{"nome":"Estrada Reimundo Blank","tipo":"yes"},"geometry":{"type":"LineString","coordinates":[[-49.1348678,-26.7893106],[-49.1347807,-26.7893094]]}},{"type":"Feature","properties":{"nome":"","tipo":"yes"},"geometry":{"type":"LineString","coordinates":[[-49.1809576,-26.8208796],[-49.1810297,-26.8209777]]}},{"type":"Feature","properties":{"nome":"","tipo":"yes"},"geometry":{"type":"LineString","coordinates":[[-49.142863,-26.8115935],[-49.1429595,-26.8115498]]}},{"type":"Feature","properties":{"nome":"","tipo":"yes"},"geometry":{"type":"LineString","coordinates":[[-49.075923,-26.9531423],[-49.0759197,-26.953046]]}},{"type":"Feature","properties":{"nome":"","tipo":"yes"},"geometry":{"type":"LineString","coordinates":[[-49.0570547,-26.9137617],[-49.0585139,-26.9128779]]}},{"type":"Feature","properties":{"nome":"","tipo":"yes"},"geometry":{"type":"LineString","coordinates":[[-49.1400064,-26.7994159],[-49.1400533,-26.799429]]}},{"type":"Feature","properties":{"nome":"Estrada Ribeir\u00e3o Domingos","tipo":"yes"},"geometry":{"type":"LineString","coordinates":[[-49.1928671,-26.6294695],[-49.1928181,-26.6294119]]}},{"type":"Feature","properties":{"nome":"Estrada Carlos L\u00fcmke","tipo":"yes"},"geometry":{"type":"LineString","coordinates":[[-49.1940302,-26.6337957],[-49.1939734,-26.6337899]]}},{"type":"Feature","properties":{"nome":"Rua Testo Alto","tipo":"yes"},"geometry":{"type":"LineString","coordinates":[[-49.1945033,-26.6345743],[-49.1944979,-26.6346244]]}},{"type":"Feature","properties":{"nome":"Rua Alfredo Vogelbacher","tipo":"yes"},"geometry":{"type":"LineString","coordinates":[[-49.137534,-26.9516302],[-49.1375044,-26.9515281]]}},{"type":"Feature","properties":{"nome":"Rua Emil Wehmuth","tipo":"yes"},"geometry":{"type":"LineString","coordinates":[[-49.1431618,-26.9521997],[-49.1432601,-26.9521919]]}},{"type":"Feature","properties":{"nome":"","tipo":"yes"},"geometry":{"type":"LineString","coordinates":[[-49.1815483,-26.750529],[-49.1815518,-26.7504703]]}},{"type":"Feature","properties":{"nome":"","tipo":"yes"},"geometry":{"type":"LineString","coordinates":[[-49.1816051,-26.7505314],[-49.1816097,-26.750469]]}},{"type":"Feature","properties":{"nome":"Estrada Carolina","tipo":"yes"},"geometry":{"type":"LineString","coordinates":[[-49.2068158,-26.6337558],[-49.206791,-26.6337138]]}},{"type":"Feature","properties":{"nome":"","tipo":"yes"},"geometry":{"type":"LineString","coordinates":[[-49.1392004,-26.8053962],[-49.1392587,-26.8053896]]}},{"type":"Feature","properties":{"nome":"","tipo":"yes"},"geometry":{"type":"LineString","coordinates":[[-49.0648328,-27.0225574],[-49.064751,-27.0224654]]}},{"type":"Feature","properties":{"nome":"Rua Theodoro Pasold","tipo":"yes"},"geometry":{"type":"LineString","coordinates":[[-49.0586838,-26.8304615],[-49.0588117,-26.8305191]]}},{"type":"Feature","properties":{"nome":"Rua Jo\u00e3o Fernando Giosele","tipo":"yes"},"geometry":{"type":"LineString","coordinates":[[-48.8670571,-27.069606],[-48.867071,-27.0697169]]}},{"type":"Feature","properties":{"nome":"Ponte Mauri Francisco dos Santos","tipo":"yes"},"geometry":{"type":"LineString","coordinates":[[-48.7002355,-26.8798053],[-48.7002174,-26.8796603]]}},{"type":"Feature","properties":{"nome":"","tipo":"yes"},"geometry":{"type":"LineString","coordinates":[[-49.5145172,-27.022211],[-49.5145789,-27.0220736]]}},{"type":"Feature","properties":{"nome":"","tipo":"yes"},"geometry":{"type":"LineString","coordinates":[[-49.5336749,-27.0389235],[-49.5335019,-27.038976]]}},{"type":"Feature","properties":{"nome":"","tipo":"yes"},"geometry":{"type":"LineString","coordinates":[[-49.2625786,-26.8248427],[-49.2623667,-26.8249361]]}},{"type":"Feature","properties":{"nome":"Passarela Tarc\u00edlio Laurindo","tipo":"yes"},"geometry":{"type":"LineString","coordinates":[[-48.6283952,-26.9396428],[-48.6284334,-26.9399418],[-48.6284855,-26.9400484],[-48.6285264,-26.9404019]]}},{"type":"Feature","properties":{"nome":"Rua Eliseu Zabel","tipo":"yes"},"geometry":{"type":"LineString","coordinates":[[-48.9078605,-26.7876021],[-48.9077934,-26.7875052]]}},{"type":"Feature","properties":{"nome":"Rua Leopoldo Em\u00edlio Richartz","tipo":"yes"},"geometry":{"type":"LineString","coordinates":[[-48.8991112,-26.7966668],[-48.8991594,-26.7965555]]}},{"type":"Feature","properties":{"nome":"Rua Vandelino Fischer","tipo":"yes"},"geometry":{"type":"LineString","coordinates":[[-48.8962338,-26.799617],[-48.8961211,-26.7995404]]}},{"type":"Feature","properties":{"nome":"Estrada Geral Bra\u00e7o do Ba\u00fa","tipo":"yes"},"geometry":{"type":"LineString","coordinates":[[-48.8937347,-26.8033619],[-48.8936099,-26.8034613]]}},{"type":"Feature","properties":{"nome":"","tipo":"yes"},"geometry":{"type":"LineString","coordinates":[[-48.889409,-26.8172955],[-48.8895316,-26.8172806]]}},{"type":"Feature","properties":{"nome":"Rua Ant\u00f4nio Matias Schmitz","tipo":"yes"},"geometry":{"type":"LineString","coordinates":[[-48.8859764,-26.8202422],[-48.8858517,-26.8202421]]}},{"type":"Feature","properties":{"nome":"Rua Luiz Schmitz","tipo":"yes"},"geometry":{"type":"LineString","coordinates":[[-48.8843349,-26.8254938],[-48.8842584,-26.8254232]]}},{"type":"Feature","properties":{"nome":"Rua Waldyr Wilvert","tipo":"yes"},"geometry":{"type":"LineString","coordinates":[[-48.882527,-26.8272626],[-48.8824453,-26.8271994]]}},{"type":"Feature","properties":{"nome":"Rua do Hospital","tipo":"yes"},"geometry":{"type":"LineString","coordinates":[[-48.875426,-26.8363528],[-48.8753534,-26.836269]]}},{"type":"Feature","properties":{"nome":"Rua da Fruteira","tipo":"yes"},"geometry":{"type":"LineString","coordinates":[[-48.8360565,-26.8565818],[-48.8359733,-26.8565077]]}},{"type":"Feature","properties":{"nome":"Rua Em\u00edlia Gon\u00e7alves Schramp","tipo":"yes"},"geometry":{"type":"LineString","coordinates":[[-48.8505504,-26.8508747],[-48.8505638,-26.8507544]]}},{"type":"Feature","properties":{"nome":"","tipo":"yes"},"geometry":{"type":"LineString","coordinates":[[-48.8569245,-26.8472642],[-48.8568252,-26.8471716]]}},{"type":"Feature","properties":{"nome":"","tipo":"yes"},"geometry":{"type":"LineString","coordinates":[[-48.8591784,-26.8461376],[-48.8592428,-26.8459365]]}},{"type":"Feature","properties":{"nome":"Rua V\u00e1lter Feliciano","tipo":"yes"},"geometry":{"type":"LineString","coordinates":[[-48.9517529,-26.8211691],[-48.951773,-26.8210931]]}},{"type":"Feature","properties":{"nome":"Rua Padre Raulino Reitz","tipo":"yes"},"geometry":{"type":"LineString","coordinates":[[-48.9454931,-26.8194817],[-48.9454151,-26.8194001]]}},{"type":"Feature","properties":{"nome":"Rua Professor Arthur Grahl","tipo":"yes"},"geometry":{"type":"LineString","coordinates":[[-48.9382948,-26.8258876],[-48.9383015,-26.8261295]]}},{"type":"Feature","properties":{"nome":"Rua Professor Arthur Grahl","tipo":"yes"},"geometry":{"type":"LineString","coordinates":[[-48.9323728,-26.8333944],[-48.932053,-26.8334524]]}},{"type":"Feature","properties":{"nome":"Rua Pedro Paulo dos Santos","tipo":"yes"},"geometry":{"type":"LineString","coordinates":[[-48.9431785,-26.8720833],[-48.9431731,-26.8719947]]}},{"type":"Feature","properties":{"nome":"","tipo":"yes"},"geometry":{"type":"LineString","coordinates":[[-48.9455992,-26.8136701],[-48.9456515,-26.8135481]]}},{"type":"Feature","properties":{"nome":"Rua Padre Raulino Reitz","tipo":"yes"},"geometry":{"type":"LineString","coordinates":[[-48.9536591,-26.8057454],[-48.9536151,-26.8056298]]}},{"type":"Feature","properties":{"nome":"","tipo":"yes"},"geometry":{"type":"LineString","coordinates":[[-48.9476444,-26.8208131],[-48.9477224,-26.8207187]]}},{"type":"Feature","properties":{"nome":"","tipo":"yes"},"geometry":{"type":"LineString","coordinates":[[-48.9542292,-26.8211895],[-48.9542191,-26.821108]]}},{"type":"Feature","properties":{"nome":"","tipo":"yes"},"geometry":{"type":"LineString","coordinates":[[-48.9684261,-26.8210381],[-48.9684275,-26.820922]]}},{"type":"Feature","properties":{"nome":"","tipo":"yes"},"geometry":{"type":"LineString","coordinates":[[-48.9717018,-26.8163424],[-48.9716743,-26.8162698]]}},{"type":"Feature","properties":{"nome":"","tipo":"yes"},"geometry":{"type":"LineString","coordinates":[[-48.9586562,-26.822579],[-48.9586743,-26.8224832]]}},{"type":"Feature","properties":{"nome":"","tipo":"yes"},"geometry":{"type":"LineString","coordinates":[[-48.9409087,-26.8194995],[-48.9406868,-26.8193792]]}},{"type":"Feature","properties":{"nome":"","tipo":"yes"},"geometry":{"type":"LineString","coordinates":[[-48.7989186,-26.7967554],[-48.7985618,-26.796735]]}},{"type":"Feature","properties":{"nome":"Rua Leopoldo Zabel","tipo":"yes"},"geometry":{"type":"LineString","coordinates":[[-48.9663997,-26.8299888],[-48.9663796,-26.830136]]}},{"type":"Feature","properties":{"nome":"","tipo":"yes"},"geometry":{"type":"LineString","coordinates":[[-48.8089889,-26.7825966],[-48.8093215,-26.7825774]]}},{"type":"Feature","properties":{"nome":"","tipo":"yes"},"geometry":{"type":"LineString","coordinates":[[-49.1711824,-26.7583499],[-49.1710832,-26.7583484]]}},{"type":"Feature","properties":{"nome":"","tipo":"yes"},"geometry":{"type":"LineString","coordinates":[[-48.9239967,-26.7819309],[-48.9239283,-26.7820243]]}},{"type":"Feature","properties":{"nome":"","tipo":"yes"},"geometry":{"type":"LineString","coordinates":[[-48.918741,-26.7829317],[-48.9188228,-26.7830359]]}},{"type":"Feature","properties":{"nome":"","tipo":"yes"},"geometry":{"type":"LineString","coordinates":[[-48.903333,-26.799784],[-48.9034737,-26.7997768]]}},{"type":"Feature","properties":{"nome":"Rua Teodoro Reichert","tipo":"yes"},"geometry":{"type":"LineString","coordinates":[[-48.903148,-26.8015997],[-48.9031024,-26.8015367]]}},{"type":"Feature","properties":{"nome":"Rua Osvaldo Martins","tipo":"yes"},"geometry":{"type":"LineString","coordinates":[[-48.9031964,-26.8010612],[-48.9033287,-26.801042]]}},{"type":"Feature","properties":{"nome":"Rua Teodoro Reichert","tipo":"yes"},"geometry":{"type":"LineString","coordinates":[[-48.9052145,-26.80555],[-48.9051951,-26.8054402]]}},{"type":"Feature","properties":{"nome":"Rua Bol\u00edvia","tipo":"yes"},"geometry":{"type":"LineString","coordinates":[[-49.2676095,-26.831944],[-49.2674733,-26.8321653]]}},{"type":"Feature","properties":{"nome":"","tipo":"yes"},"geometry":{"type":"LineString","coordinates":[[-49.2052846,-26.7163361],[-49.205182,-26.71629]]}},{"type":"Feature","properties":{"nome":"","tipo":"yes"},"geometry":{"type":"LineString","coordinates":[[-49.2101215,-26.7070479],[-49.210061,-26.706996]]}},{"type":"Feature","properties":{"nome":"","tipo":"yes"},"geometry":{"type":"LineString","coordinates":[[-49.3618689,-26.5646811],[-49.3619096,-26.5647665]]}},{"type":"Feature","properties":{"nome":"Rua Henrique Weise","tipo":"yes"},"geometry":{"type":"LineString","coordinates":[[-49.1410665,-26.8866524],[-49.1410933,-26.886555],[-49.141131,-26.886462]]}},{"type":"Feature","properties":{"nome":"Rua Henrique Weise","tipo":"yes"},"geometry":{"type":"LineString","coordinates":[[-49.1412207,-26.886485],[-49.1411805,-26.8865754],[-49.1411546,-26.8866693]]}},{"type":"Feature","properties":{"nome":"Rua Artur Dorow","tipo":"yes"},"geometry":{"type":"LineString","coordinates":[[-49.038763,-26.9980775],[-49.0389535,-26.9980838]]}},{"type":"Feature","properties":{"nome":"","tipo":"yes"},"geometry":{"type":"LineString","coordinates":[[-49.0496548,-26.8494514],[-49.0495529,-26.8494837]]}},{"type":"Feature","properties":{"nome":"Ponte P\u00eansil Lauro Guilherme Augusto Rahn","tipo":"yes"},"geometry":{"type":"LineString","coordinates":[[-49.1719737,-26.7266747],[-49.1715042,-26.7266506]]}},{"type":"Feature","properties":{"nome":"","tipo":"yes"},"geometry":{"type":"LineString","coordinates":[[-49.1640518,-26.7120348],[-49.1639163,-26.7120504]]}},{"type":"Feature","properties":{"nome":"","tipo":"yes"},"geometry":{"type":"LineString","coordinates":[[-49.0502565,-26.912586],[-49.0501358,-26.9125561]]}},{"type":"Feature","properties":{"nome":"","tipo":"yes"},"geometry":{"type":"LineString","coordinates":[[-49.2798552,-26.8013273],[-49.2795532,-26.8011527]]}},{"type":"Feature","properties":{"nome":"Rua Jos\u00e9 Fischer","tipo":"yes"},"geometry":{"type":"LineString","coordinates":[[-48.9694272,-27.0723081],[-48.9694757,-27.0723804]]}},{"type":"Feature","properties":{"nome":"Rua Maria Carminatti","tipo":"yes"},"geometry":{"type":"LineString","coordinates":[[-48.9648253,-27.0725007],[-48.9648252,-27.0726058]]}},{"type":"Feature","properties":{"nome":"Rua Reinoldo Hoerner","tipo":"yes"},"geometry":{"type":"LineString","coordinates":[[-48.9662283,-27.071761],[-48.9662916,-27.0718309]]}},{"type":"Feature","properties":{"nome":"Rua Lorena","tipo":"yes"},"geometry":{"type":"LineString","coordinates":[[-48.9754331,-27.0683702],[-48.9753275,-27.0683669]]}},{"type":"Feature","properties":{"nome":"","tipo":"yes"},"geometry":{"type":"LineString","coordinates":[[-49.2808056,-26.8029489],[-49.2806391,-26.8028179]]}},{"type":"Feature","properties":{"nome":"","tipo":"yes"},"geometry":{"type":"LineString","coordinates":[[-49.0470087,-26.8877149],[-49.0468513,-26.8877539]]}},{"type":"Feature","properties":{"nome":"Rua Helmund Trapp","tipo":"yes"},"geometry":{"type":"LineString","coordinates":[[-49.1502482,-26.8480439],[-49.150127,-26.8480852]]}},{"type":"Feature","properties":{"nome":"Rua Helmund Trapp","tipo":"yes"},"geometry":{"type":"LineString","coordinates":[[-49.1576787,-26.8428673],[-49.1576702,-26.8429815]]}},{"type":"Feature","properties":{"nome":"","tipo":"yes"},"geometry":{"type":"LineString","coordinates":[[-49.3645727,-26.8110278],[-49.3645023,-26.811145]]}},{"type":"Feature","properties":{"nome":"","tipo":"yes"},"geometry":{"type":"LineString","coordinates":[[-48.6333713,-26.9715002],[-48.6333889,-26.9717571]]}},{"type":"Feature","properties":{"nome":"Ponte Gerold Blaese","tipo":"yes"},"geometry":{"type":"LineString","coordinates":[[-49.2761604,-26.8186092],[-49.27499,-26.8180492]]}},{"type":"Feature","properties":{"nome":"Avenida Nereu Ramos","tipo":"yes"},"geometry":{"type":"LineString","coordinates":[[-49.2650035,-26.829641],[-49.265058,-26.8295385]]}},{"type":"Feature","properties":{"nome":"Rua Eduardo Godri","tipo":"yes"},"geometry":{"type":"LineString","coordinates":[[-49.0383164,-27.0141004],[-49.0383855,-27.0140754]]}},{"type":"Feature","properties":{"nome":"Estrada Geral Gaspar Alto","tipo":"yes"},"geometry":{"type":"LineString","coordinates":[[-49.0362665,-26.9941189],[-49.0361902,-26.9940043]]}},{"type":"Feature","properties":{"nome":"","tipo":"yes"},"geometry":{"type":"LineString","coordinates":[[-49.0053535,-26.9653828],[-49.0052542,-26.9654665]]}},{"type":"Feature","properties":{"nome":"Estrada Geral Gaspar Grande","tipo":"yes"},"geometry":{"type":"LineString","coordinates":[[-49.0026467,-26.9644974],[-49.0024684,-26.964423]]}},{"type":"Feature","properties":{"nome":"","tipo":"yes"},"geometry":{"type":"LineString","coordinates":[[-49.0028131,-26.9678582],[-49.0027235,-26.9679457]]}},{"type":"Feature","properties":{"nome":"Rua F\u00e9lix Heringer","tipo":"yes"},"geometry":{"type":"LineString","coordinates":[[-49.0340102,-26.9879012],[-49.0338696,-26.9878824]]}},{"type":"Feature","properties":{"nome":"Estrada Geral Gaspar Grande","tipo":"yes"},"geometry":{"type":"LineString","coordinates":[[-49.0331779,-26.9846961],[-49.0330492,-26.9846594]]}},{"type":"Feature","properties":{"nome":"Rua Arthur K\u00f6hler","tipo":"yes"},"geometry":{"type":"LineString","coordinates":[[-48.9976179,-27.0738052],[-48.9976905,-27.0738221]]}},{"type":"Feature","properties":{"nome":"Rua Pomer\u00e2nia","tipo":"yes"},"geometry":{"type":"LineString","coordinates":[[-48.9973851,-27.0726118],[-48.9974369,-27.0725]]}},{"type":"Feature","properties":{"nome":"","tipo":"yes"},"geometry":{"type":"LineString","coordinates":[[-48.9976454,-27.0710977],[-48.9975585,-27.0711049]]}},{"type":"Feature","properties":{"nome":"","tipo":"yes"},"geometry":{"type":"LineString","coordinates":[[-48.9978178,-27.0696626],[-48.9977078,-27.0696646]]}},{"type":"Feature","properties":{"nome":"","tipo":"yes"},"geometry":{"type":"LineString","coordinates":[[-48.9998952,-27.0666711],[-48.9998952,-27.0667642]]}},{"type":"Feature","properties":{"nome":"","tipo":"yes"},"geometry":{"type":"LineString","coordinates":[[-49.2843748,-26.8249774],[-49.2837417,-26.8253805]]}},{"type":"Feature","properties":{"nome":"","tipo":"yes"},"geometry":{"type":"LineString","coordinates":[[-49.4213118,-26.7444762],[-49.4214365,-26.7444798]]}},{"type":"Feature","properties":{"nome":"","tipo":"yes"},"geometry":{"type":"LineString","coordinates":[[-49.4219937,-26.7411342],[-49.4220889,-26.7411839]]}},{"type":"Feature","properties":{"nome":"","tipo":"yes"},"geometry":{"type":"LineString","coordinates":[[-49.3648674,-26.8131044],[-49.3647353,-26.8130879]]}},{"type":"Feature","properties":{"nome":"","tipo":"yes"},"geometry":{"type":"LineString","coordinates":[[-49.3691629,-26.8162889],[-49.3690932,-26.8163763]]}},{"type":"Feature","properties":{"nome":"Beco Radatz","tipo":"yes"},"geometry":{"type":"LineString","coordinates":[[-49.3668632,-26.8144329],[-49.3668832,-26.81452]]}},{"type":"Feature","properties":{"nome":"","tipo":"yes"},"geometry":{"type":"LineString","coordinates":[[-49.134475,-26.7834586],[-49.1344133,-26.7834011]]}},{"type":"Feature","properties":{"nome":"","tipo":"yes"},"geometry":{"type":"LineString","coordinates":[[-49.1341639,-26.7884916],[-49.1340881,-26.7885054]]}},{"type":"Feature","properties":{"nome":"","tipo":"yes"},"geometry":{"type":"LineString","coordinates":[[-49.1329837,-26.7865522],[-49.1328335,-26.7865139]]}},{"type":"Feature","properties":{"nome":"Rodovia Ant\u00f4nio Heil","tipo":"yes"},"geometry":{"type":"LineString","coordinates":[[-48.8770868,-27.0614952],[-48.8769886,-27.0612788]]}},{"type":"Feature","properties":{"nome":"","tipo":"yes"},"geometry":{"type":"LineString","coordinates":[[-49.1347553,-26.7740025],[-49.1347057,-26.7740145]]}},{"type":"Feature","properties":{"nome":"","tipo":"yes"},"geometry":{"type":"LineString","coordinates":[[-49.13499,-26.7758248],[-49.1349176,-26.7758284]]}},{"type":"Feature","properties":{"nome":"","tipo":"yes"},"geometry":{"type":"LineString","coordinates":[[-49.1349229,-26.7755423],[-49.1348666,-26.7755411]]}},{"type":"Feature","properties":{"nome":"","tipo":"yes"},"geometry":{"type":"LineString","coordinates":[[-49.1615573,-26.8623857],[-49.1614929,-26.8623331]]}},{"type":"Feature","properties":{"nome":"","tipo":"yes"},"geometry":{"type":"LineString","coordinates":[[-49.1001831,-26.917282],[-49.0999689,-26.9170941],[-49.0999072,-26.9170398]]}},{"type":"Feature","properties":{"nome":"Rua Humberto de Campos","tipo":"yes"},"geometry":{"type":"LineString","coordinates":[[-49.1061082,-26.9168874],[-49.1061875,-26.9168761],[-49.1062836,-26.9168486]]}},{"type":"Feature","properties":{"nome":"Rua Humberto de Campos","tipo":"yes"},"geometry":{"type":"LineString","coordinates":[[-49.100226,-26.9172277],[-49.1000206,-26.9170427],[-49.0999631,-26.9169951]]}},{"type":"Feature","properties":{"nome":"Rua Humberto de Campos","tipo":"yes"},"geometry":{"type":"LineString","coordinates":[[-49.1000604,-26.9169157],[-49.1001056,-26.9169582],[-49.1003119,-26.9171537]]}},{"type":"Feature","properties":{"nome":"Rua Humberto de Campos","tipo":"yes"},"geometry":{"type":"LineString","coordinates":[[-49.0950366,-26.9154016],[-49.0955695,-26.9153469]]}},{"type":"Feature","properties":{"nome":"Rua Humberto de Campos","tipo":"yes"},"geometry":{"type":"LineString","coordinates":[[-49.0955561,-26.91545],[-49.0950392,-26.9155047]]}},{"type":"Feature","properties":{"nome":"Rua Humberto de Campos","tipo":"yes"},"geometry":{"type":"LineString","coordinates":[[-49.0931767,-26.9154666],[-49.0925362,-26.9154774]]}},{"type":"Feature","properties":{"nome":"Rua Humberto de Campos","tipo":"yes"},"geometry":{"type":"LineString","coordinates":[[-49.0925473,-26.9153622],[-49.0931736,-26.9153574]]}},{"type":"Feature","properties":{"nome":"","tipo":"yes"},"geometry":{"type":"LineString","coordinates":[[-48.7206531,-26.8455776],[-48.718282,-26.8435362]]}},{"type":"Feature","properties":{"nome":"","tipo":"yes"},"geometry":{"type":"LineString","coordinates":[[-48.7184496,-26.8433723],[-48.7208757,-26.8454567]]}},{"type":"Feature","properties":{"nome":"Estrada Geral do Ribeir\u00e3o do Bugre","tipo":"yes"},"geometry":{"type":"LineString","coordinates":[[-48.9495058,-26.7156215],[-48.9493597,-26.715661]]}},{"type":"Feature","properties":{"nome":"Rua Baltazar Schmitt","tipo":"yes"},"geometry":{"type":"LineString","coordinates":[[-48.9314211,-26.723847],[-48.9313678,-26.7241376]]}},{"type":"Feature","properties":{"nome":"","tipo":"yes"},"geometry":{"type":"LineString","coordinates":[[-49.2812753,-26.8021904],[-49.2814118,-26.8022487]]}},{"type":"Feature","properties":{"nome":"","tipo":"yes"},"geometry":{"type":"LineString","coordinates":[[-49.4213474,-26.7205475],[-49.4215196,-26.720515]]}},{"type":"Feature","properties":{"nome":"","tipo":"yes"},"geometry":{"type":"LineString","coordinates":[[-49.4221646,-26.7176433],[-49.422276,-26.7177011]]}},{"type":"Feature","properties":{"nome":"","tipo":"yes"},"geometry":{"type":"LineString","coordinates":[[-49.0931917,-26.915553],[-49.0925651,-26.9155562]]}},{"type":"Feature","properties":{"nome":"","tipo":"yes"},"geometry":{"type":"LineString","coordinates":[[-49.1814659,-26.7363859],[-49.1813303,-26.7363459]]}},{"type":"Feature","properties":{"nome":"","tipo":"yes"},"geometry":{"type":"LineString","coordinates":[[-49.1812491,-26.8194121],[-49.1813403,-26.8194839]]}},{"type":"Feature","properties":{"nome":"","tipo":"yes"},"geometry":{"type":"LineString","coordinates":[[-49.1777178,-26.8204744],[-49.1777244,-26.8205286]]}},{"type":"Feature","properties":{"nome":"","tipo":"yes"},"geometry":{"type":"LineString","coordinates":[[-49.1873688,-26.8109136],[-49.1873976,-26.8109741]]}},{"type":"Feature","properties":{"nome":"","tipo":"yes"},"geometry":{"type":"LineString","coordinates":[[-49.1832254,-26.8102942],[-49.1832918,-26.8103223]]}},{"type":"Feature","properties":{"nome":"","tipo":"yes"},"geometry":{"type":"LineString","coordinates":[[-49.2121142,-26.8034158],[-49.2120163,-26.803417]]}},{"type":"Feature","properties":{"nome":"Rua Etvino Ervino Siebert","tipo":"yes"},"geometry":{"type":"LineString","coordinates":[[-48.9454376,-26.9078813],[-48.9454376,-26.9079991]]}},{"type":"Feature","properties":{"nome":"","tipo":"yes"},"geometry":{"type":"LineString","coordinates":[[-48.8688572,-26.9015638],[-48.8687787,-26.9014723]]}},{"type":"Feature","properties":{"nome":"Rodovia Ant\u00f4nio Heil","tipo":"yes"},"geometry":{"type":"LineString","coordinates":[[-48.8722097,-27.0528126],[-48.8724647,-27.0531565]]}},{"type":"Feature","properties":{"nome":"Rodovia Ant\u00f4nio Heil","tipo":"yes"},"geometry":{"type":"LineString","coordinates":[[-48.8723534,-27.0532231],[-48.8720906,-27.0528639]]}},{"type":"Feature","properties":{"nome":"Rodovia Ant\u00f4nio Heil","tipo":"yes"},"geometry":{"type":"LineString","coordinates":[[-48.8737028,-27.0548429],[-48.8740009,-27.055305]]}},{"type":"Feature","properties":{"nome":"Rodovia Ant\u00f4nio Heil","tipo":"yes"},"geometry":{"type":"LineString","coordinates":[[-48.8738765,-27.0553535],[-48.8735783,-27.0549027]]}},{"type":"Feature","properties":{"nome":"Rodovia Ant\u00f4nio Heil","tipo":"yes"},"geometry":{"type":"LineString","coordinates":[[-48.7607069,-26.9529653],[-48.7610463,-26.9532042]]}},{"type":"Feature","properties":{"nome":"Rodovia Ant\u00f4nio Heil","tipo":"yes"},"geometry":{"type":"LineString","coordinates":[[-48.7609784,-26.9532809],[-48.760639,-26.953042]]}},{"type":"Feature","properties":{"nome":"","tipo":"yes"},"geometry":{"type":"LineString","coordinates":[[-49.1834186,-26.8123308],[-49.1835045,-26.812375]]}},{"type":"Feature","properties":{"nome":"Rua Teresina","tipo":"yes"},"geometry":{"type":"LineString","coordinates":[[-49.0714331,-26.9252967],[-49.0713894,-26.9253462]]}},{"type":"Feature","properties":{"nome":"","tipo":"yes"},"geometry":{"type":"LineString","coordinates":[[-49.2378924,-26.8928277],[-49.2363503,-26.8932712]]}},{"type":"Feature","properties":{"nome":"","tipo":"yes"},"geometry":{"type":"LineString","coordinates":[[-49.2363257,-26.893203],[-49.2378678,-26.8927595]]}},{"type":"Feature","properties":{"nome":"","tipo":"yes"},"geometry":{"type":"LineString","coordinates":[[-49.1831021,-26.8118939],[-49.1831906,-26.8118927]]}},{"type":"Feature","properties":{"nome":"","tipo":"yes"},"geometry":{"type":"LineString","coordinates":[[-49.099566,-26.9180161],[-49.0993467,-26.9181182]]}},{"type":"Feature","properties":{"nome":"","tipo":"yes"},"geometry":{"type":"LineString","coordinates":[[-49.5062479,-26.6946065],[-49.5063396,-26.694575],[-49.5065966,-26.6944867]]}},{"type":"Feature","properties":{"nome":"","tipo":"yes"},"geometry":{"type":"LineString","coordinates":[[-49.5434084,-26.9346179],[-49.5433159,-26.934576]]}},{"type":"Feature","properties":{"nome":"","tipo":"yes"},"geometry":{"type":"LineString","coordinates":[[-49.5320722,-26.9629145],[-49.5321272,-26.9628319]]}},{"type":"Feature","properties":{"nome":"","tipo":"yes"},"geometry":{"type":"LineString","coordinates":[[-49.5499034,-26.9801453],[-49.5498632,-26.98026]]}},{"type":"Feature","properties":{"nome":"","tipo":"yes"},"geometry":{"type":"LineString","coordinates":[[-49.5495949,-26.9822105],[-49.5497164,-26.9823333]]}},{"type":"Feature","properties":{"nome":"","tipo":"yes"},"geometry":{"type":"LineString","coordinates":[[-49.5391681,-27.0050324],[-49.5390404,-27.0050057]]}},{"type":"Feature","properties":{"nome":"","tipo":"yes"},"geometry":{"type":"LineString","coordinates":[[-49.5481037,-27.0197256],[-49.5481733,-27.0198382]]}},{"type":"Feature","properties":{"nome":"Estrada Campo Zinco","tipo":"yes"},"geometry":{"type":"LineString","coordinates":[[-49.4878009,-26.9024142],[-49.4879039,-26.9023994]]}},{"type":"Feature","properties":{"nome":"","tipo":"yes"},"geometry":{"type":"LineString","coordinates":[[-49.1927822,-26.6401269],[-49.1928587,-26.6401179]]}},{"type":"Feature","properties":{"nome":"Rua Otto Behling","tipo":"yes"},"geometry":{"type":"LineString","coordinates":[[-49.1527144,-26.673483],[-49.1526666,-26.6734389]]}},{"type":"Feature","properties":{"nome":"Rua Erwin Gaedke","tipo":"yes"},"geometry":{"type":"LineString","coordinates":[[-49.1520344,-26.6678991],[-49.1521074,-26.6679268]]}},{"type":"Feature","properties":{"nome":"","tipo":"yes"},"geometry":{"type":"LineString","coordinates":[[-49.1525012,-26.6658425],[-49.152555,-26.6658725]]}},{"type":"Feature","properties":{"nome":"","tipo":"yes"},"geometry":{"type":"LineString","coordinates":[[-49.1402645,-26.806905],[-49.1402914,-26.8068494]]}},{"type":"Feature","properties":{"nome":"Rua Testo Alto","tipo":"yes"},"geometry":{"type":"LineString","coordinates":[[-49.178615,-26.680295],[-49.1787001,-26.6802259]]}},{"type":"Feature","properties":{"nome":"Rua 21 de Abril","tipo":"yes"},"geometry":{"type":"LineString","coordinates":[[-49.187002,-26.6739895],[-49.1871375,-26.673991]]}},{"type":"Feature","properties":{"nome":"","tipo":"yes"},"geometry":{"type":"LineString","coordinates":[[-49.1001056,-26.9169582],[-49.1000206,-26.9170427],[-49.0999689,-26.9170941]]}},{"type":"Feature","properties":{"nome":"Rua Vit\u00f3ria","tipo":"yes"},"geometry":{"type":"LineString","coordinates":[[-49.1603114,-26.6948912],[-49.1603431,-26.694815]]}},{"type":"Feature","properties":{"nome":"Rua Bel\u00e9m","tipo":"yes"},"geometry":{"type":"LineString","coordinates":[[-49.073432,-26.924706],[-49.0734259,-26.9247813]]}},{"type":"Feature","properties":{"nome":"Rua Alexander Flemming","tipo":"yes"},"geometry":{"type":"LineString","coordinates":[[-49.0744995,-26.9248794],[-49.074506,-26.9248439]]}},{"type":"Feature","properties":{"nome":"","tipo":"yes"},"geometry":{"type":"LineString","coordinates":[[-49.1282147,-26.7356122],[-49.1282938,-26.7356134]]}},{"type":"Feature","properties":{"nome":"","tipo":"yes"},"geometry":{"type":"LineString","coordinates":[[-49.1402969,-26.7208853],[-49.1403495,-26.7208425]]}},{"type":"Feature","properties":{"nome":"","tipo":"yes"},"geometry":{"type":"LineString","coordinates":[[-49.0881378,-26.9553692],[-49.0880742,-26.9553734]]}},{"type":"Feature","properties":{"nome":"","tipo":"yes"},"geometry":{"type":"LineString","coordinates":[[-48.9873201,-26.9455685],[-48.9873815,-26.9455088]]}},{"type":"Feature","properties":{"nome":"","tipo":"yes"},"geometry":{"type":"LineString","coordinates":[[-49.1795321,-26.7686923],[-49.1796139,-26.7686935]]}},{"type":"Feature","properties":{"nome":"","tipo":"yes"},"geometry":{"type":"LineString","coordinates":[[-49.1846951,-26.7702926],[-49.1846403,-26.7703766]]}},{"type":"Feature","properties":{"nome":"","tipo":"yes"},"geometry":{"type":"LineString","coordinates":[[-49.1853994,-26.7710032],[-49.1853444,-26.7710643]]}},{"type":"Feature","properties":{"nome":"","tipo":"yes"},"geometry":{"type":"LineString","coordinates":[[-49.2139012,-26.7310907],[-49.2139763,-26.7310704]]}},{"type":"Feature","properties":{"nome":"","tipo":"yes"},"geometry":{"type":"LineString","coordinates":[[-49.2113739,-26.7275751],[-49.2114624,-26.7275392]]}},{"type":"Feature","properties":{"nome":"","tipo":"yes"},"geometry":{"type":"LineString","coordinates":[[-49.1909954,-26.7307098],[-49.1909705,-26.7308354]]}},{"type":"Feature","properties":{"nome":"Rua Leopoldo Blaese","tipo":"yes"},"geometry":{"type":"LineString","coordinates":[[-49.210971,-26.7062806],[-49.2110148,-26.7063898]]}},{"type":"Feature","properties":{"nome":"","tipo":"yes"},"geometry":{"type":"LineString","coordinates":[[-49.2102749,-26.7071676],[-49.2102204,-26.7071233]]}},{"type":"Feature","properties":{"nome":"","tipo":"yes"},"geometry":{"type":"LineString","coordinates":[[-48.977055,-26.9314391],[-48.977006,-26.9313621]]}},{"type":"Feature","properties":{"nome":"","tipo":"yes"},"geometry":{"type":"LineString","coordinates":[[-49.1596759,-26.8304391],[-49.1595894,-26.8304265]]}},{"type":"Feature","properties":{"nome":"","tipo":"yes"},"geometry":{"type":"LineString","coordinates":[[-49.18492,-26.8094474],[-49.1849892,-26.8094791]]}},{"type":"Feature","properties":{"nome":"","tipo":"yes"},"geometry":{"type":"LineString","coordinates":[[-49.2743539,-26.8750874],[-49.2743604,-26.8750183]]}},{"type":"Feature","properties":{"nome":"","tipo":"yes"},"geometry":{"type":"LineString","coordinates":[[-49.1541859,-26.8953371],[-49.1540468,-26.8954047]]}},{"type":"Feature","properties":{"nome":"Estrada Tifa Carlos Ristow","tipo":"yes"},"geometry":{"type":"LineString","coordinates":[[-49.1795733,-26.9839538],[-49.179458,-26.9840429]]}},{"type":"Feature","properties":{"nome":"Rodovia Ingo Hering","tipo":"yes"},"geometry":{"type":"LineString","coordinates":[[-49.228989,-26.8709064],[-49.2293424,-26.8710949]]}},{"type":"Feature","properties":{"nome":"Estrada Geral Santa L\u00eddia","tipo":"yes"},"geometry":{"type":"LineString","coordinates":[[-48.6508487,-26.8169548],[-48.6507374,-26.8167983]]}},{"type":"Feature","properties":{"nome":"","tipo":"yes"},"geometry":{"type":"LineString","coordinates":[[-48.8759338,-27.0630668],[-48.875794,-27.0630594]]}},{"type":"Feature","properties":{"nome":"","tipo":"yes"},"geometry":{"type":"LineString","coordinates":[[-48.8761943,-27.0621391],[-48.8760125,-27.0621405]]}},{"type":"Feature","properties":{"nome":"","tipo":"yes"},"geometry":{"type":"LineString","coordinates":[[-49.1441769,-26.8168655],[-49.1442443,-26.8169155]]}},{"type":"Feature","properties":{"nome":"","tipo":"yes"},"geometry":{"type":"LineString","coordinates":[[-49.1734757,-26.7371021],[-49.1734474,-26.7370989],[-49.1734214,-26.7370886],[-49.1733998,-26.737072],[-49.1733845,-26.7370506],[-49.1733753,-26.7370263],[-49.1733588,-26.7370054],[-49.1733362,-26.7369896],[-49.1732048,-26.7369488],[-49.1731854,-26.7369389],[-49.1731695,-26.7369251],[-49.1731635,-26.7369142],[-49.1731544,-26.7369053],[-49.1731427,-26.7368991],[-49.1731296,-26.7368961]]}},{"type":"Feature","properties":{"nome":"","tipo":"yes"},"geometry":{"type":"LineString","coordinates":[[-48.6492554,-26.9204291],[-48.6494426,-26.9203858]]}},{"type":"Feature","properties":{"nome":"Rodovia Ant\u00f4nio Heil","tipo":"yes"},"geometry":{"type":"LineString","coordinates":[[-48.7149037,-26.9434718],[-48.7154882,-26.9437747]]}},{"type":"Feature","properties":{"nome":"Rodovia Ant\u00f4nio Heil","tipo":"yes"},"geometry":{"type":"LineString","coordinates":[[-48.7154334,-26.9438587],[-48.7148489,-26.9435558]]}},{"type":"Feature","properties":{"nome":"Rodovia Governador M\u00e1rio Covas","tipo":"yes"},"geometry":{"type":"LineString","coordinates":[[-48.7184143,-26.8434222],[-48.7195257,-26.8443749],[-48.7197651,-26.8445801],[-48.7208202,-26.8454845]]}},{"type":"Feature","properties":{"nome":"Ponte dos Imigrantes","tipo":"yes"},"geometry":{"type":"LineString","coordinates":[[-49.0073685,-26.7017504],[-49.0073473,-26.7019115]]}},{"type":"Feature","properties":{"nome":"Rodovia Ingo Hering","tipo":"yes"},"geometry":{"type":"LineString","coordinates":[[-48.8122291,-26.8586817],[-48.8131249,-26.860249]]}},{"type":"Feature","properties":{"nome":"","tipo":"yes"},"geometry":{"type":"LineString","coordinates":[[-49.2171513,-26.7221172],[-49.2172083,-26.72207]]}},{"type":"Feature","properties":{"nome":"Beco Zarling","tipo":"yes"},"geometry":{"type":"LineString","coordinates":[[-49.3592365,-26.7622139],[-49.3593105,-26.7621535]]}},{"type":"Feature","properties":{"nome":"","tipo":"yes"},"geometry":{"type":"LineString","coordinates":[[-49.3610976,-26.7627291],[-49.3612664,-26.7627243]]}},{"type":"Feature","properties":{"nome":"Rua Interbairros","tipo":"yes"},"geometry":{"type":"LineString","coordinates":[[-49.3706247,-26.7697399],[-49.3708715,-26.769801]]}},{"type":"Feature","properties":{"nome":"Rua Teodoro Schmidt","tipo":"yes"},"geometry":{"type":"LineString","coordinates":[[-49.3624876,-26.7644502],[-49.3625127,-26.7643605]]}},{"type":"Feature","properties":{"nome":"","tipo":"yes"},"geometry":{"type":"LineString","coordinates":[[-48.8121185,-26.7676793],[-48.8122161,-26.7678898]]}},{"type":"Feature","properties":{"nome":"Marginal da BR-101","tipo":"yes"},"geometry":{"type":"LineString","coordinates":[[-48.7131756,-26.9092307],[-48.7137182,-26.9079612]]}},{"type":"Feature","properties":{"nome":"","tipo":"yes"},"geometry":{"type":"LineString","coordinates":[[-48.8744648,-26.8869878],[-48.8741317,-26.8880861],[-48.8740798,-26.8883304]]}},{"type":"Feature","properties":{"nome":"","tipo":"yes"},"geometry":{"type":"LineString","coordinates":[[-48.8374265,-26.8819272],[-48.8376127,-26.8815838],[-48.837758,-26.8812249],[-48.8378602,-26.8808543],[-48.8379344,-26.8804763],[-48.8379583,-26.8800997]]}},{"type":"Feature","properties":{"nome":"Rua Alfred Otto Rudolph","tipo":"yes"},"geometry":{"type":"LineString","coordinates":[[-49.2991707,-26.8272649],[-49.2988289,-26.8279666]]}},{"type":"Feature","properties":{"nome":"","tipo":"yes"},"geometry":{"type":"LineString","coordinates":[[-49.1723706,-26.7362027],[-49.1724336,-26.7362122]]}},{"type":"Feature","properties":{"nome":"","tipo":"yes"},"geometry":{"type":"LineString","coordinates":[[-49.1716632,-26.7370265],[-49.1716518,-26.7369368]]}},{"type":"Feature","properties":{"nome":"","tipo":"yes"},"geometry":{"type":"LineString","coordinates":[[-49.1735132,-26.737089],[-49.1735092,-26.737047],[-49.1735085,-26.7370039],[-49.1735092,-26.7369626],[-49.1735072,-26.7369225],[-49.1735011,-26.7368973],[-49.1734978,-26.7368686],[-49.1734971,-26.7368267],[-49.1734958,-26.7367871]]}},{"type":"Feature","properties":{"nome":"Rua Eduardo Vicente de Mello","tipo":"yes"},"geometry":{"type":"LineString","coordinates":[[-48.7149315,-26.9951201],[-48.7150471,-26.9951383]]}},{"type":"Feature","properties":{"nome":"","tipo":"yes"},"geometry":{"type":"LineString","coordinates":[[-49.2126104,-26.6969693],[-49.2127311,-26.6969956]]}},{"type":"Feature","properties":{"nome":"","tipo":"yes"},"geometry":{"type":"LineString","coordinates":[[-49.2103761,-26.7054649],[-49.2102649,-26.7054302]]}},{"type":"Feature","properties":{"nome":"","tipo":"yes"},"geometry":{"type":"LineString","coordinates":[[-49.2086059,-26.708708],[-49.2085066,-26.7087283]]}},{"type":"Feature","properties":{"nome":"","tipo":"yes"},"geometry":{"type":"LineString","coordinates":[[-49.2094492,-26.709561],[-49.2093446,-26.7095621]]}},{"type":"Feature","properties":{"nome":"Estrada Geral Bra\u00e7o do Ba\u00fa","tipo":"yes"},"geometry":{"type":"LineString","coordinates":[[-48.889151,-26.8124255],[-48.8892151,-26.8125798]]}},{"type":"Feature","properties":{"nome":"","tipo":"yes"},"geometry":{"type":"LineString","coordinates":[[-49.1829843,-26.7801949],[-49.1829348,-26.7801784]]}},{"type":"Feature","properties":{"nome":"","tipo":"yes"},"geometry":{"type":"LineString","coordinates":[[-49.080761,-26.8609093],[-49.0809352,-26.8609927],[-49.0811029,-26.86105],[-49.081332,-26.8610849],[-49.0815865,-26.8610842],[-49.0818089,-26.8610602]]}},{"type":"Feature","properties":{"nome":"","tipo":"yes"},"geometry":{"type":"LineString","coordinates":[[-49.0835791,-26.8596777],[-49.0837839,-26.8595502]]}},{"type":"Feature","properties":{"nome":"Rua Greg\u00f3rio Schmidt","tipo":"yes"},"geometry":{"type":"LineString","coordinates":[[-49.0384682,-26.9973426],[-49.0385768,-26.9972989]]}},{"type":"Feature","properties":{"nome":"","tipo":"yes"},"geometry":{"type":"LineString","coordinates":[[-49.1510576,-26.840354],[-49.1509438,-26.8403572]]}},{"type":"Feature","properties":{"nome":"","tipo":"yes"},"geometry":{"type":"LineString","coordinates":[[-48.9653108,-26.8281243],[-48.9651934,-26.8280976]]}},{"type":"Feature","properties":{"nome":"","tipo":"yes"},"geometry":{"type":"LineString","coordinates":[[-49.0501583,-26.9125139],[-49.0503213,-26.9125496]]}},{"type":"Feature","properties":{"nome":"","tipo":"yes"},"geometry":{"type":"LineString","coordinates":[[-48.7376304,-26.8946612],[-48.7376585,-26.8944916]]}},{"type":"Feature","properties":{"nome":"Rua Guilherme Belz","tipo":"yes"},"geometry":{"type":"LineString","coordinates":[[-49.039531,-27.0356499],[-49.039601,-27.0356589]]}},{"type":"Feature","properties":{"nome":"","tipo":"yes"},"geometry":{"type":"LineString","coordinates":[[-49.038604,-27.0291247],[-49.0385237,-27.0290813]]}},{"type":"Feature","properties":{"nome":"","tipo":"yes"},"geometry":{"type":"LineString","coordinates":[[-49.0392839,-27.0351838],[-49.0393022,-27.0351114]]}},{"type":"Feature","properties":{"nome":"","tipo":"yes"},"geometry":{"type":"LineString","coordinates":[[-49.2741063,-27.0061806],[-49.2740949,-27.0062318]]}},{"type":"Feature","properties":{"nome":"Estrada da Buraqueira","tipo":"yes"},"geometry":{"type":"LineString","coordinates":[[-49.1605197,-27.0618084],[-49.1604437,-27.0618391]]}},{"type":"Feature","properties":{"nome":"Estrada Geral do PNSI","tipo":"yes"},"geometry":{"type":"LineString","coordinates":[[-49.1657255,-27.0582488],[-49.1657723,-27.058184]]}},{"type":"Feature","properties":{"nome":"Estrada do Encano","tipo":"yes"},"geometry":{"type":"LineString","coordinates":[[-49.1616823,-27.0231577],[-49.1617847,-27.0230788]]}},{"type":"Feature","properties":{"nome":"Estrada Geral do PNSI","tipo":"yes"},"geometry":{"type":"LineString","coordinates":[[-49.1554539,-27.0235984],[-49.1554314,-27.0235908],[-49.1553572,-27.0235658]]}},{"type":"Feature","properties":{"nome":"","tipo":"yes"},"geometry":{"type":"LineString","coordinates":[[-49.1967089,-26.9971676],[-49.1965495,-26.9971452]]}},{"type":"Feature","properties":{"nome":"","tipo":"yes"},"geometry":{"type":"LineString","coordinates":[[-49.2010994,-26.9979578],[-49.2010161,-26.9980692]]}},{"type":"Feature","properties":{"nome":"","tipo":"yes"},"geometry":{"type":"LineString","coordinates":[[-49.2043277,-26.9947097],[-49.2042647,-26.9947391]]}},{"type":"Feature","properties":{"nome":"","tipo":"yes"},"geometry":{"type":"LineString","coordinates":[[-49.2068227,-26.9936587],[-49.2067584,-26.993725]]}},{"type":"Feature","properties":{"nome":"","tipo":"yes"},"geometry":{"type":"LineString","coordinates":[[-48.6843746,-26.9105618],[-48.6846323,-26.9106451],[-48.6848868,-26.9107284],[-48.6851485,-26.9108148]]}},{"type":"Feature","properties":{"nome":"","tipo":"yes"},"geometry":{"type":"LineString","coordinates":[[-49.2488501,-27.014497],[-49.2487595,-27.0145094]]}},{"type":"Feature","properties":{"nome":"","tipo":"yes"},"geometry":{"type":"LineString","coordinates":[[-49.2592435,-27.0450834],[-49.2592985,-27.0450148]]}},{"type":"Feature","properties":{"nome":"","tipo":"yes"},"geometry":{"type":"LineString","coordinates":[[-49.1446928,-26.7757315],[-49.1446901,-26.7756835]]}},{"type":"Feature","properties":{"nome":"","tipo":"yes"},"geometry":{"type":"LineString","coordinates":[[-49.1562028,-26.7719159],[-49.1562092,-26.7718421]]}},{"type":"Feature","properties":{"nome":"Rua Franz M\u00fcller","tipo":"yes"},"geometry":{"type":"LineString","coordinates":[[-49.1443194,-26.9556933],[-49.144344,-26.955763]]}},{"type":"Feature","properties":{"nome":"Rua Franz M\u00fcller","tipo":"yes"},"geometry":{"type":"LineString","coordinates":[[-49.1435939,-26.9650713],[-49.1436412,-26.9651406]]}},{"type":"Feature","properties":{"nome":"","tipo":"yes"},"geometry":{"type":"LineString","coordinates":[[-49.1470393,-26.9749579],[-49.1470065,-26.9750389]]}},{"type":"Feature","properties":{"nome":"","tipo":"yes"},"geometry":{"type":"LineString","coordinates":[[-49.335834,-26.6444916],[-49.3359764,-26.6445584]]}},{"type":"Feature","properties":{"nome":"Estrada Geral Rio Rosina","tipo":"yes"},"geometry":{"type":"LineString","coordinates":[[-49.3496404,-26.6538264],[-49.3493874,-26.6539044]]}},{"type":"Feature","properties":{"nome":"","tipo":"yes"},"geometry":{"type":"LineString","coordinates":[[-49.1316023,-26.7292904],[-49.1316386,-26.7292281]]}},{"type":"Feature","properties":{"nome":"Ponte Marcos Konder","tipo":"yes"},"geometry":{"type":"LineString","coordinates":[[-48.6837632,-26.8899996],[-48.6844265,-26.8893426]]}},{"type":"Feature","properties":{"nome":"Ponte Marcos Konder","tipo":"yes"},"geometry":{"type":"LineString","coordinates":[[-48.6844814,-26.8893867],[-48.6838181,-26.8900437]]}},{"type":"Feature","properties":{"nome":"Rua Jo\u00e3o Dalmolin","tipo":"yes"},"geometry":{"type":"LineString","coordinates":[[-48.6945301,-26.9393688],[-48.6944443,-26.9395085]]}},{"type":"Feature","properties":{"nome":"Rua Hermann Schroeder","tipo":"yes"},"geometry":{"type":"LineString","coordinates":[[-49.1926917,-26.7570682],[-49.1927038,-26.7570228]]}},{"type":"Feature","properties":{"nome":"","tipo":"yes"},"geometry":{"type":"LineString","coordinates":[[-49.1918871,-26.7592148],[-49.1919018,-26.7592464]]}},{"type":"Feature","properties":{"nome":"Avenida Bepe Rosa","tipo":"yes"},"geometry":{"type":"LineString","coordinates":[[-48.8831437,-27.0594572],[-48.8830772,-27.0591966]]}},{"type":"Feature","properties":{"nome":"Rodovia Ingo Hering","tipo":"yes"},"geometry":{"type":"LineString","coordinates":[[-49.0838424,-26.8623575],[-49.0832204,-26.8621759]]}},{"type":"Feature","properties":{"nome":"","tipo":"yes"},"geometry":{"type":"LineString","coordinates":[[-49.0832916,-26.8647067],[-49.0831216,-26.8645344],[-49.0829453,-26.8643523]]}},{"type":"Feature","properties":{"nome":"","tipo":"yes"},"geometry":{"type":"LineString","coordinates":[[-49.0821783,-26.8619292],[-49.082238,-26.8616414],[-49.0823604,-26.8611933]]}},{"type":"Feature","properties":{"nome":"","tipo":"yes"},"geometry":{"type":"LineString","coordinates":[[-49.0998499,-26.9358891],[-49.0998876,-26.9359765]]}},{"type":"Feature","properties":{"nome":"Rodovia Leonardo Martendal","tipo":"yes"},"geometry":{"type":"LineString","coordinates":[[-48.9065382,-26.7141864],[-48.9062954,-26.7143203]]}},{"type":"Feature","properties":{"nome":"","tipo":"boardwalk"},"geometry":{"type":"LineString","coordinates":[[-48.6280659,-26.9378194],[-48.6278836,-26.9378403],[-48.627684,-26.9378684]]}},{"type":"Feature","properties":{"nome":"","tipo":"boardwalk"},"geometry":{"type":"LineString","coordinates":[[-48.6276841,-26.935662],[-48.6273726,-26.9357054]]}},{"type":"Feature","properties":{"nome":"","tipo":"boardwalk"},"geometry":{"type":"LineString","coordinates":[[-48.6275302,-26.9347958],[-48.6271928,-26.9348388]]}},{"type":"Feature","properties":{"nome":"","tipo":"boardwalk"},"geometry":{"type":"LineString","coordinates":[[-48.6274623,-26.9344341],[-48.627107,-26.9344788]]}},{"type":"Feature","properties":{"nome":"","tipo":"boardwalk"},"geometry":{"type":"LineString","coordinates":[[-48.6271812,-26.9328061],[-48.6267047,-26.932836]]}},{"type":"Feature","properties":{"nome":"","tipo":"boardwalk"},"geometry":{"type":"LineString","coordinates":[[-48.6271791,-26.9322675],[-48.6271298,-26.9322693],[-48.6270979,-26.9322774],[-48.6270573,-26.9322873],[-48.6267369,-26.9324462],[-48.6267049,-26.9324534],[-48.6266735,-26.9324556],[-48.6266422,-26.9324549],[-48.6264009,-26.9324319]]}},{"type":"Feature","properties":{"nome":"Rodovia Ingo Hering","tipo":"yes"},"geometry":{"type":"LineString","coordinates":[[-49.0301157,-26.8675022],[-49.030468,-26.8673177]]}},{"type":"Feature","properties":{"nome":"Rua M\u00e1rio Giese","tipo":"yes"},"geometry":{"type":"LineString","coordinates":[[-49.0854569,-26.7974438],[-49.0856969,-26.7974378]]}},{"type":"Feature","properties":{"nome":"Estrada Bra\u00e7o Seco","tipo":"yes"},"geometry":{"type":"LineString","coordinates":[[-48.9699358,-26.7057655],[-48.9699904,-26.7059374]]}},{"type":"Feature","properties":{"nome":"Estrada Bra\u00e7o Costa","tipo":"yes"},"geometry":{"type":"LineString","coordinates":[[-48.9847408,-26.7023466],[-48.984593,-26.7023692]]}},{"type":"Feature","properties":{"nome":"Rua Leopoldo Volkmann","tipo":"yes"},"geometry":{"type":"LineString","coordinates":[[-49.1863832,-26.7291216],[-49.1863491,-26.729346]]}},{"type":"Feature","properties":{"nome":"Estrada Martina","tipo":"yes"},"geometry":{"type":"LineString","coordinates":[[-48.9572997,-26.708451],[-48.9572159,-26.708572]]}},{"type":"Feature","properties":{"nome":"","tipo":"yes"},"geometry":{"type":"LineString","coordinates":[[-49.1393898,-26.7985274],[-49.1394532,-26.7985004]]}},{"type":"Feature","properties":{"nome":"Avenida Presidente Castelo Branco","tipo":"yes"},"geometry":{"type":"LineString","coordinates":[[-49.0594511,-26.9222397],[-49.0595546,-26.922207],[-49.0597231,-26.9221538],[-49.0599631,-26.922078]]}},{"type":"Feature","properties":{"nome":"Rodovia Ingo Hering","tipo":"yes"},"geometry":{"type":"LineString","coordinates":[[-49.2460459,-26.8827675],[-49.247591,-26.8839431]]}},{"type":"Feature","properties":{"nome":"","tipo":"yes"},"geometry":{"type":"LineString","coordinates":[[-48.7234453,-26.8923466],[-48.7234251,-26.892221]]}},{"type":"Feature","properties":{"nome":"","tipo":"yes"},"geometry":{"type":"LineString","coordinates":[[-48.6485499,-26.9229774],[-48.6487522,-26.9230479]]}},{"type":"Feature","properties":{"nome":"Avenida Marginal Oeste","tipo":"yes"},"geometry":{"type":"LineString","coordinates":[[-48.6222667,-27.0064335],[-48.6204451,-27.006965]]}},{"type":"Feature","properties":{"nome":"Avenida Marginal Leste","tipo":"yes"},"geometry":{"type":"LineString","coordinates":[[-48.6181068,-27.007367],[-48.6185548,-27.0071639],[-48.6188149,-27.0070588],[-48.6190671,-27.0069823],[-48.6207206,-27.0065437],[-48.6221236,-27.0061324]]}},{"type":"Feature","properties":{"nome":"Tifa 240","tipo":"yes"},"geometry":{"type":"LineString","coordinates":[[-48.9557916,-26.6843162],[-48.9559002,-26.6842683]]}},{"type":"Feature","properties":{"nome":"","tipo":"yes"},"geometry":{"type":"LineString","coordinates":[[-48.9543647,-26.6910934],[-48.9544357,-26.6911414]]}},{"type":"Feature","properties":{"nome":"","tipo":"yes"},"geometry":{"type":"LineString","coordinates":[[-48.9556173,-26.6954632],[-48.9556957,-26.6954356]]}},{"type":"Feature","properties":{"nome":"Tifa 245","tipo":"yes"},"geometry":{"type":"LineString","coordinates":[[-48.9504741,-26.6765212],[-48.9504097,-26.6764278]]}},{"type":"Feature","properties":{"nome":"Rua Umberto Pl\u00e1sio Junkes","tipo":"yes"},"geometry":{"type":"LineString","coordinates":[[-48.9029045,-26.6974317],[-48.9026919,-26.6974305]]}},{"type":"Feature","properties":{"nome":"","tipo":"yes"},"geometry":{"type":"LineString","coordinates":[[-48.9004898,-26.6902475],[-48.9004174,-26.6903146]]}},{"type":"Feature","properties":{"nome":"Avenida Em\u00edlia Rech","tipo":"yes"},"geometry":{"type":"LineString","coordinates":[[-48.8993357,-26.6877596],[-48.8991811,-26.6877686]]}},{"type":"Feature","properties":{"nome":"Rua Nair Melchioretto Reuter","tipo":"yes"},"geometry":{"type":"LineString","coordinates":[[-48.9030014,-26.7090818],[-48.9030956,-26.7090734]]}},{"type":"Feature","properties":{"nome":"","tipo":"yes"},"geometry":{"type":"LineString","coordinates":[[-48.8007773,-27.0300562],[-48.8009161,-27.0301606]]}},{"type":"Feature","properties":{"nome":"","tipo":"yes"},"geometry":{"type":"LineString","coordinates":[[-48.9337561,-26.7266384],[-48.9338782,-26.7266487]]}},{"type":"Feature","properties":{"nome":"","tipo":"yes"},"geometry":{"type":"LineString","coordinates":[[-49.039392,-27.0004534],[-49.0392888,-27.0004725]]}},{"type":"Feature","properties":{"nome":"","tipo":"yes"},"geometry":{"type":"LineString","coordinates":[[-49.0414392,-27.0061865],[-49.0415123,-27.0062295]]}},{"type":"Feature","properties":{"nome":"","tipo":"yes"},"geometry":{"type":"LineString","coordinates":[[-48.96933,-26.8729518],[-48.969499,-26.8729434]]}},{"type":"Feature","properties":{"nome":"","tipo":"yes"},"geometry":{"type":"LineString","coordinates":[[-48.9707999,-26.8695854],[-48.970643,-26.8695938]]}},{"type":"Feature","properties":{"nome":"","tipo":"yes"},"geometry":{"type":"LineString","coordinates":[[-48.9584872,-26.8737628],[-48.9584067,-26.8736097]]}},{"type":"Feature","properties":{"nome":"Rua Anselmo Kistner","tipo":"yes"},"geometry":{"type":"LineString","coordinates":[[-49.0323627,-27.0719604],[-49.0327188,-27.0719456]]}},{"type":"Feature","properties":{"nome":"","tipo":"yes"},"geometry":{"type":"LineString","coordinates":[[-48.8642334,-27.071443],[-48.8640868,-27.0714411]]}},{"type":"Feature","properties":{"nome":"Rua Bernardo Kistner","tipo":"yes"},"geometry":{"type":"LineString","coordinates":[[-49.0346325,-27.0697602],[-49.0347223,-27.0697929]]}},{"type":"Feature","properties":{"nome":"Rua Silvestre Adolfo Schmidt","tipo":"yes"},"geometry":{"type":"LineString","coordinates":[[-49.0355495,-27.0683078],[-49.0351904,-27.0683102]]}},{"type":"Feature","properties":{"nome":"Rua Sib\u00e9ria","tipo":"yes"},"geometry":{"type":"LineString","coordinates":[[-49.042669,-27.05941],[-49.0427528,-27.0594098]]}},{"type":"Feature","properties":{"nome":"Rodovia Ingo Hering","tipo":"yes"},"geometry":{"type":"LineString","coordinates":[[-48.9181134,-26.894593],[-48.918624,-26.8948428]]}},{"type":"Feature","properties":{"nome":"","tipo":"yes"},"geometry":{"type":"LineString","coordinates":[[-49.0594259,-26.9221762],[-49.0595272,-26.9221442],[-49.0597074,-26.9220872],[-49.0599379,-26.9220145]]}},{"type":"Feature","properties":{"nome":"","tipo":"yes"},"geometry":{"type":"LineString","coordinates":[[-49.1189191,-26.9613603],[-49.1188574,-26.9614582]]}},{"type":"Feature","properties":{"nome":"","tipo":"yes"},"geometry":{"type":"LineString","coordinates":[[-49.0667919,-26.8347689],[-49.066871,-26.8347288]]}},{"type":"Feature","properties":{"nome":"Estrada Geral Alto Pomeranos","tipo":"yes"},"geometry":{"type":"LineString","coordinates":[[-49.26436,-26.6957687],[-49.2639916,-26.6954619]]}},{"type":"Feature","properties":{"nome":"","tipo":"yes"},"geometry":{"type":"LineString","coordinates":[[-48.6186634,-26.8005285],[-48.6186486,-26.8005441]]}},{"type":"Feature","properties":{"nome":"FireWhip","tipo":"yes"},"geometry":{"type":"LineString","coordinates":[[-48.6183094,-26.8000832],[-48.6183436,-26.8000372],[-48.6183576,-26.7999899]]}},{"type":"Feature","properties":{"nome":"FireWhip","tipo":"yes"},"geometry":{"type":"LineString","coordinates":[[-48.6189945,-26.7998119],[-48.6189303,-26.79979]]}},{"type":"Feature","properties":{"nome":"FireWhip","tipo":"yes"},"geometry":{"type":"LineString","coordinates":[[-48.6187452,-26.7999504],[-48.618823,-26.7999575]]}},{"type":"Feature","properties":{"nome":"FireWhip","tipo":"yes"},"geometry":{"type":"LineString","coordinates":[[-48.6187305,-26.8000024],[-48.6186527,-26.8000461]]}},{"type":"Feature","properties":{"nome":"Star Mountain","tipo":"yes"},"geometry":{"type":"LineString","coordinates":[[-48.6168985,-26.7996523],[-48.6168985,-26.7996894]]}},{"type":"Feature","properties":{"nome":"Star Mountain","tipo":"yes"},"geometry":{"type":"LineString","coordinates":[[-48.6168046,-26.8001886],[-48.616861,-26.8001274]]}},{"type":"Feature","properties":{"nome":"Star Mountain","tipo":"yes"},"geometry":{"type":"LineString","coordinates":[[-48.6169548,-26.7996128],[-48.6169267,-26.7996667]]}},{"type":"Feature","properties":{"nome":"Star Mountain","tipo":"yes"},"geometry":{"type":"LineString","coordinates":[[-48.6170671,-26.7998623],[-48.6171214,-26.7997906]]}},{"type":"Feature","properties":{"nome":"Star Mountain","tipo":"yes"},"geometry":{"type":"LineString","coordinates":[[-48.6171019,-26.7998486],[-48.617152,-26.799778]]}},{"type":"Feature","properties":{"nome":"","tipo":"yes"},"geometry":{"type":"LineString","coordinates":[[-48.648662,-26.9594804],[-48.648815,-26.9590522]]}},{"type":"Feature","properties":{"nome":"Ponte P\u00eansil dos Expedicion\u00e1rios","tipo":"yes"},"geometry":{"type":"LineString","coordinates":[[-49.267237,-26.7642877],[-49.2666001,-26.763901]]}},{"type":"Feature","properties":{"nome":"Rodovia Dom Jo\u00e3o Batista Costa","tipo":"yes"},"geometry":{"type":"LineString","coordinates":[[-48.9685991,-26.705689],[-48.9687698,-26.7056192]]}},{"type":"Feature","properties":{"nome":"Estrada Geral Alto S\u00e3o Bernardo","tipo":"yes"},"geometry":{"type":"LineString","coordinates":[[-49.3197983,-26.7365294],[-49.3197594,-26.7365801]]}},{"type":"Feature","properties":{"nome":"","tipo":"yes"},"geometry":{"type":"LineString","coordinates":[[-49.3544804,-26.7463153],[-49.3545746,-26.7463166]]}},{"type":"Feature","properties":{"nome":"","tipo":"yes"},"geometry":{"type":"LineString","coordinates":[[-49.0771267,-26.9462838],[-49.0768922,-26.9460251]]}},{"type":"Feature","properties":{"nome":"Rodovia Ingo Hering","tipo":"yes"},"geometry":{"type":"LineString","coordinates":[[-49.2721291,-26.9054813],[-49.2723292,-26.9057016]]}},{"type":"Feature","properties":{"nome":"","tipo":"yes"},"geometry":{"type":"LineString","coordinates":[[-49.1215667,-26.8597286],[-49.1216721,-26.8597337]]}},{"type":"Feature","properties":{"nome":"","tipo":"yes"},"geometry":{"type":"LineString","coordinates":[[-49.1216888,-26.8604284],[-49.1215333,-26.8604332]]}},{"type":"Feature","properties":{"nome":"Rua Aderbal Ramos da Silva","tipo":"yes"},"geometry":{"type":"LineString","coordinates":[[-49.3855497,-26.9875571],[-49.3856196,-26.9876502]]}},{"type":"Feature","properties":{"nome":"","tipo":"yes"},"geometry":{"type":"LineString","coordinates":[[-48.9324338,-26.9022709],[-48.9328233,-26.9017676]]}},{"type":"Feature","properties":{"nome":"","tipo":"yes"},"geometry":{"type":"LineString","coordinates":[[-49.1775942,-26.9663247],[-49.1776747,-26.9661705]]}},{"type":"Feature","properties":{"nome":"","tipo":"yes"},"geometry":{"type":"LineString","coordinates":[[-49.1761518,-26.9710119],[-49.1763335,-26.9709707]]}},{"type":"Feature","properties":{"nome":"","tipo":"yes"},"geometry":{"type":"LineString","coordinates":[[-49.3498318,-27.0686305],[-49.3497097,-27.0683988]]}},{"type":"Feature","properties":{"nome":"","tipo":"yes"},"geometry":{"type":"LineString","coordinates":[[-49.5075193,-27.0082333],[-49.507636,-27.0081999]]}},{"type":"Feature","properties":{"nome":"Rua M\u00f4nica Gizele El\u00edsio","tipo":"yes"},"geometry":{"type":"LineString","coordinates":[[-48.6917542,-26.9336685],[-48.6919638,-26.9332747]]}},{"type":"Feature","properties":{"nome":"","tipo":"yes"},"geometry":{"type":"LineString","coordinates":[[-49.2785601,-27.0111961],[-49.2786584,-27.0114344]]}},{"type":"Feature","properties":{"nome":"","tipo":"yes"},"geometry":{"type":"LineString","coordinates":[[-49.3532915,-26.8734519],[-49.3533334,-26.8736131]]}},{"type":"Feature","properties":{"nome":"Estrada Bra\u00e7o Costa","tipo":"yes"},"geometry":{"type":"LineString","coordinates":[[-49.0177869,-26.725888],[-49.0176883,-26.7259]]}},{"type":"Feature","properties":{"nome":"Estrada Santa Luzia","tipo":"yes"},"geometry":{"type":"LineString","coordinates":[[-49.0193606,-26.7309835],[-49.0192835,-26.7309451]]}},{"type":"Feature","properties":{"nome":"Estrada Geral Rio Ada","tipo":"yes"},"geometry":{"type":"LineString","coordinates":[[-49.2624244,-26.6836164],[-49.2621964,-26.6832857]]}},{"type":"Feature","properties":{"nome":"","tipo":"yes"},"geometry":{"type":"LineString","coordinates":[[-48.934861,-26.882073],[-48.9349817,-26.8821759]]}},{"type":"Feature","properties":{"nome":"","tipo":"yes"},"geometry":{"type":"LineString","coordinates":[[-48.9369692,-26.8808158],[-48.936988,-26.8809259]]}},{"type":"Feature","properties":{"nome":"","tipo":"yes"},"geometry":{"type":"LineString","coordinates":[[-49.0716409,-26.8661968],[-49.0712932,-26.8662919]]}},{"type":"Feature","properties":{"nome":"","tipo":"yes"},"geometry":{"type":"LineString","coordinates":[[-48.8653421,-26.6758969],[-48.8654441,-26.6758058]]}},{"type":"Feature","properties":{"nome":"Rua Fredolino Eger","tipo":"yes"},"geometry":{"type":"LineString","coordinates":[[-48.8459501,-26.7174027],[-48.8460552,-26.717328]]}},{"type":"Feature","properties":{"nome":"Estrada S\u00e3o Roque","tipo":"yes"},"geometry":{"type":"LineString","coordinates":[[-48.9468354,-26.6614487],[-48.946911,-26.6616386]]}},{"type":"Feature","properties":{"nome":"","tipo":"yes"},"geometry":{"type":"LineString","coordinates":[[-48.9775681,-26.7026568],[-48.9775054,-26.7027377]]}},{"type":"Feature","properties":{"nome":"","tipo":"yes"},"geometry":{"type":"LineString","coordinates":[[-49.0306671,-26.7328587],[-49.0306385,-26.7329012]]}},{"type":"Feature","properties":{"nome":"Rua Marechal Floriano Peixoto","tipo":"yes"},"geometry":{"type":"LineString","coordinates":[[-48.6320216,-26.9298623],[-48.6319978,-26.9298926]]}},{"type":"Feature","properties":{"nome":"Rua C\u00f4nsul Carlos Renaux","tipo":"yes"},"geometry":{"type":"LineString","coordinates":[[-48.6324817,-26.930286],[-48.6324938,-26.9302697],[-48.6325101,-26.9302467],[-48.6325389,-26.9302074]]}},{"type":"Feature","properties":{"nome":"","tipo":"yes"},"geometry":{"type":"LineString","coordinates":[[-49.1913214,-26.806071],[-49.1912536,-26.8060833]]}},{"type":"Feature","properties":{"nome":"","tipo":"yes"},"geometry":{"type":"LineString","coordinates":[[-49.0364932,-26.9943591],[-49.0366072,-26.994383]]}},{"type":"Feature","properties":{"nome":"","tipo":"yes"},"geometry":{"type":"LineString","coordinates":[[-49.139193,-26.8004232],[-49.1392789,-26.8004364]]}},{"type":"Feature","properties":{"nome":"Rua Leontina Sch\u00f6epping","tipo":"yes"},"geometry":{"type":"LineString","coordinates":[[-48.8466807,-26.6702753],[-48.8465332,-26.6703939]]}},{"type":"Feature","properties":{"nome":"","tipo":"yes"},"geometry":{"type":"LineString","coordinates":[[-49.1199803,-26.8515472],[-49.1200628,-26.8514705]]}},{"type":"Feature","properties":{"nome":"","tipo":"yes"},"geometry":{"type":"LineString","coordinates":[[-49.0842754,-26.7865034],[-49.0841675,-26.7865223]]}},{"type":"Feature","properties":{"nome":"","tipo":"yes"},"geometry":{"type":"LineString","coordinates":[[-48.6705601,-26.7951633],[-48.6706339,-26.7951226]]}},{"type":"Feature","properties":{"nome":"","tipo":"yes"},"geometry":{"type":"LineString","coordinates":[[-49.4278905,-26.9673182],[-49.427912,-26.9672379]]}},{"type":"Feature","properties":{"nome":"","tipo":"yes"},"geometry":{"type":"LineString","coordinates":[[-49.4201441,-26.9427278],[-49.4201811,-26.9428042]]}},{"type":"Feature","properties":{"nome":"","tipo":"yes"},"geometry":{"type":"LineString","coordinates":[[-49.4069696,-26.9574177],[-49.4068295,-26.9575218]]}},{"type":"Feature","properties":{"nome":"","tipo":"yes"},"geometry":{"type":"LineString","coordinates":[[-49.4039946,-26.955733],[-49.4039946,-26.9559051]]}},{"type":"Feature","properties":{"nome":"","tipo":"yes"},"geometry":{"type":"LineString","coordinates":[[-49.4019717,-26.9552894],[-49.4019528,-26.9553497]]}},{"type":"Feature","properties":{"nome":"","tipo":"yes"},"geometry":{"type":"LineString","coordinates":[[-49.3999117,-26.954874],[-49.3998837,-26.9549573]]}},{"type":"Feature","properties":{"nome":"","tipo":"yes"},"geometry":{"type":"LineString","coordinates":[[-49.3944362,-26.9545415],[-49.3942485,-26.9546754]]}},{"type":"Feature","properties":{"nome":"","tipo":"yes"},"geometry":{"type":"LineString","coordinates":[[-49.3878003,-26.9566537],[-49.3876322,-26.9567952]]}},{"type":"Feature","properties":{"nome":"","tipo":"yes"},"geometry":{"type":"LineString","coordinates":[[-49.3111038,-27.0064043],[-49.3110289,-27.0061856]]}},{"type":"Feature","properties":{"nome":"","tipo":"yes"},"geometry":{"type":"LineString","coordinates":[[-49.3108756,-27.0055012],[-49.3109737,-27.0053098]]}},{"type":"Feature","properties":{"nome":"","tipo":"yes"},"geometry":{"type":"LineString","coordinates":[[-49.1766889,-26.9592935],[-49.1764085,-26.9594637]]}},{"type":"Feature","properties":{"nome":"Ponte Engenheiro Em\u00edlio Baumgart","tipo":"yes"},"geometry":{"type":"LineString","coordinates":[[-49.2378806,-26.8927952],[-49.2363386,-26.8932387]]}},{"type":"Feature","properties":{"nome":"","tipo":"yes"},"geometry":{"type":"LineString","coordinates":[[-48.7096788,-26.8776184],[-48.7097646,-26.8775071]]}},{"type":"Feature","properties":{"nome":"Rodovia Ivo Silveira","tipo":"yes"},"geometry":{"type":"LineString","coordinates":[[-48.8939103,-27.0638295],[-48.8941322,-27.0639463]]}},{"type":"Feature","properties":{"nome":"Estrada S\u00e3o Roque","tipo":"yes"},"geometry":{"type":"LineString","coordinates":[[-48.9592573,-26.6609039],[-48.9593412,-26.6608618]]}},{"type":"Feature","properties":{"nome":"Ponte Tancredo Neves","tipo":"yes"},"geometry":{"type":"LineString","coordinates":[[-48.6935854,-26.8970012],[-48.6939826,-26.8964564]]}},{"type":"Feature","properties":{"nome":"Passarela Estaiada Manoel Fermino da Rocha","tipo":"yes"},"geometry":{"type":"LineString","coordinates":[[-48.6040268,-27.007736],[-48.6046443,-27.0065191]]}},{"type":"Feature","properties":{"nome":"","tipo":"yes"},"geometry":{"type":"LineString","coordinates":[[-49.2778592,-26.8776079],[-49.2778977,-26.8775508]]}},{"type":"Feature","properties":{"nome":"","tipo":"yes"},"geometry":{"type":"LineString","coordinates":[[-48.6837107,-26.8899575],[-48.6843934,-26.8892813]]}},{"type":"Feature","properties":{"nome":"Rua David Ad\u00e3o Schmidt","tipo":"yes"},"geometry":{"type":"LineString","coordinates":[[-48.6886279,-26.8958117],[-48.6884178,-26.895397]]}},{"type":"Feature","properties":{"nome":"Rua Francisco Altini","tipo":"yes"},"geometry":{"type":"LineString","coordinates":[[-48.9417529,-26.7327831],[-48.9416979,-26.7326286]]}},{"type":"Feature","properties":{"nome":"Estrada Geral Barra do Avencal","tipo":"yes"},"geometry":{"type":"LineString","coordinates":[[-49.4849071,-26.5639668],[-49.484665,-26.564034]]}},{"type":"Feature","properties":{"nome":"","tipo":"yes"},"geometry":{"type":"LineString","coordinates":[[-48.9447342,-26.6392063],[-48.944651,-26.6392024]]}},{"type":"Feature","properties":{"nome":"","tipo":"yes"},"geometry":{"type":"LineString","coordinates":[[-48.7013597,-26.8791996],[-48.7013821,-26.8793982]]}},{"type":"Feature","properties":{"nome":"Ponte Francisco Queiroz de Almeida","tipo":"yes"},"geometry":{"type":"LineString","coordinates":[[-48.6851682,-26.9107695],[-48.6849121,-26.9106808],[-48.6846488,-26.9105985],[-48.6843938,-26.9105147]]}},{"type":"Feature","properties":{"nome":"","tipo":"yes"},"geometry":{"type":"LineString","coordinates":[[-48.6852166,-26.9106598],[-48.6849439,-26.9105725],[-48.6846812,-26.9104887],[-48.6844334,-26.9104093]]}},{"type":"Feature","properties":{"nome":"Rua Adolpho Francisco Zimmermann","tipo":"yes"},"geometry":{"type":"LineString","coordinates":[[-48.8860021,-26.7234606],[-48.885858,-26.7232728]]}},{"type":"Feature","properties":{"nome":"","tipo":"yes"},"geometry":{"type":"LineString","coordinates":[[-48.6839925,-26.9156673],[-48.6835805,-26.9156587],[-48.6834382,-26.9156557],[-48.6832961,-26.9156527],[-48.6832428,-26.9156516]]}},{"type":"Feature","properties":{"nome":"","tipo":"yes"},"geometry":{"type":"LineString","coordinates":[[-49.0884966,-26.8257158],[-49.0883598,-26.8257188]]}},{"type":"Feature","properties":{"nome":"","tipo":"yes"},"geometry":{"type":"LineString","coordinates":[[-49.0881774,-26.8258049],[-49.0882297,-26.8257559]]}},{"type":"Feature","properties":{"nome":"","tipo":"yes"},"geometry":{"type":"LineString","coordinates":[[-48.9290216,-26.9818756],[-48.9285656,-26.981606]]}},{"type":"Feature","properties":{"nome":"Estrada Geral Pedra Preta","tipo":"yes"},"geometry":{"type":"LineString","coordinates":[[-49.49187,-26.570808],[-49.4918925,-26.570631]]}},{"type":"Feature","properties":{"nome":"","tipo":"yes"},"geometry":{"type":"LineString","coordinates":[[-49.4128448,-26.9860444],[-49.4126912,-26.9859427]]}},{"type":"Feature","properties":{"nome":"","tipo":"yes"},"geometry":{"type":"LineString","coordinates":[[-49.3987557,-26.986105],[-49.3986887,-26.9861827]]}},{"type":"Feature","properties":{"nome":"Rua Marechal Deodoro da Fonseca","tipo":"yes"},"geometry":{"type":"LineString","coordinates":[[-49.2791868,-26.9277084],[-49.27935,-26.9278599]]}},{"type":"Feature","properties":{"nome":"","tipo":"yes"},"geometry":{"type":"LineString","coordinates":[[-49.253372,-26.8998577],[-49.2533424,-26.8992525]]}},{"type":"Feature","properties":{"nome":"Rodovia Ingo Hering","tipo":"yes"},"geometry":{"type":"LineString","coordinates":[[-48.8026046,-26.8500147],[-48.8008205,-26.8484865]]}},{"type":"Feature","properties":{"nome":"Rodovia Ingo Hering","tipo":"yes"},"geometry":{"type":"LineString","coordinates":[[-48.8009611,-26.848344],[-48.8027394,-26.8498851]]}},{"type":"Feature","properties":{"nome":"","tipo":"yes"},"geometry":{"type":"LineString","coordinates":[[-48.8379583,-26.8800997],[-48.8379571,-26.8796893],[-48.8378976,-26.8792511],[-48.8378396,-26.8788667],[-48.8377775,-26.8784599]]}},{"type":"Feature","properties":{"nome":"","tipo":"yes"},"geometry":{"type":"LineString","coordinates":[[-48.8746241,-26.8864527],[-48.8744648,-26.8869878]]}},{"type":"Feature","properties":{"nome":"Rodovia Governador M\u00e1rio Covas","tipo":"yes"},"geometry":{"type":"LineString","coordinates":[[-48.6987169,-26.9366745],[-48.6980352,-26.9373597]]}},{"type":"Feature","properties":{"nome":"Rodovia Governador M\u00e1rio Covas","tipo":"yes"},"geometry":{"type":"LineString","coordinates":[[-48.6979494,-26.9373062],[-48.6986351,-26.9366184]]}},{"type":"Feature","properties":{"nome":"Rua Germano Kisner","tipo":"yes"},"geometry":{"type":"LineString","coordinates":[[-49.3650643,-26.9146751],[-49.3651124,-26.914658]]}},{"type":"Feature","properties":{"nome":"Ponte de Granito Rosa","tipo":"yes"},"geometry":{"type":"LineString","coordinates":[[-49.0773466,-26.8975255],[-49.0774781,-26.897352]]}},{"type":"Feature","properties":{"nome":"Ponto de Ferro","tipo":"yes"},"geometry":{"type":"LineString","coordinates":[[-49.0775384,-26.8973831],[-49.077407,-26.8975506]]}},{"type":"Feature","properties":{"nome":"","tipo":"yes"},"geometry":{"type":"LineString","coordinates":[[-49.4063652,-26.9565503],[-49.4063418,-26.9566437]]}},{"type":"Feature","properties":{"nome":"Rodovia Jo\u00e3o Batista S\u00e9rgio Murad","tipo":"yes"},"geometry":{"type":"LineString","coordinates":[[-48.6449451,-26.8050261],[-48.6445641,-26.8050814]]}},{"type":"Feature","properties":{"nome":"Rodovia Jo\u00e3o Batista S\u00e9rgio Murad","tipo":"yes"},"geometry":{"type":"LineString","coordinates":[[-48.644515,-26.8049851],[-48.6448998,-26.8049214]]}},{"type":"Feature","properties":{"nome":"","tipo":"yes"},"geometry":{"type":"LineString","coordinates":[[-49.2970732,-26.8741803],[-49.2971255,-26.8740391]]}},{"type":"Feature","properties":{"nome":"","tipo":"yes"},"geometry":{"type":"LineString","coordinates":[[-49.290883,-26.8746694],[-49.2908136,-26.8745685]]}},{"type":"Feature","properties":{"nome":"","tipo":"yes"},"geometry":{"type":"LineString","coordinates":[[-49.0442516,-26.9015334],[-49.04615,-26.9014441]]}},{"type":"Feature","properties":{"nome":"","tipo":"yes"},"geometry":{"type":"LineString","coordinates":[[-48.9629933,-26.7804822],[-48.9630872,-26.7804128]]}},{"type":"Feature","properties":{"nome":"","tipo":"yes"},"geometry":{"type":"LineString","coordinates":[[-48.9677109,-26.7682539],[-48.9677541,-26.7681843]]}},{"type":"Feature","properties":{"nome":"","tipo":"yes"},"geometry":{"type":"LineString","coordinates":[[-49.1226653,-26.9585004],[-49.1226192,-26.9585758]]}},{"type":"Feature","properties":{"nome":"","tipo":"yes"},"geometry":{"type":"LineString","coordinates":[[-49.1230296,-26.957625],[-49.1230306,-26.9576903]]}},{"type":"Feature","properties":{"nome":"Rua Emanoel Rebelo dos Santos","tipo":"yes"},"geometry":{"type":"LineString","coordinates":[[-48.6072325,-27.0094971],[-48.6070025,-27.0093816]]}},{"type":"Feature","properties":{"nome":"","tipo":"yes"},"geometry":{"type":"LineString","coordinates":[[-48.8265827,-26.8926484],[-48.8230105,-26.895801]]}},{"type":"Feature","properties":{"nome":"","tipo":"yes"},"geometry":{"type":"LineString","coordinates":[[-48.8266327,-26.892694],[-48.8230605,-26.8958466]]}},{"type":"Feature","properties":{"nome":"","tipo":"yes"},"geometry":{"type":"LineString","coordinates":[[-48.9301343,-26.9285525],[-48.9300866,-26.9285782]]}},{"type":"Feature","properties":{"nome":"","tipo":"yes"},"geometry":{"type":"LineString","coordinates":[[-48.7348309,-26.9461761],[-48.7347909,-26.9464465]]}},{"type":"Feature","properties":{"nome":"","tipo":"yes"},"geometry":{"type":"LineString","coordinates":[[-48.7024274,-26.9390416],[-48.7024559,-26.9396346]]}},{"type":"Feature","properties":{"nome":"Estrada de Ferro de Santa Catarina","tipo":"yes"},"geometry":{"type":"LineString","coordinates":[[-49.0552958,-26.9143223],[-49.0556677,-26.9143429],[-49.0560368,-26.9143006],[-49.0563902,-26.9141969],[-49.0567157,-26.9140354]]}},{"type":"Feature","properties":{"nome":"","tipo":"yes"},"geometry":{"type":"LineString","coordinates":[[-48.7242431,-26.8488932],[-48.7246656,-26.8485451]]}},{"type":"Feature","properties":{"nome":"","tipo":"yes"},"geometry":{"type":"LineString","coordinates":[[-48.7739807,-26.681843],[-48.7739673,-26.6820155]]}},{"type":"Feature","properties":{"nome":"","tipo":"yes"},"geometry":{"type":"LineString","coordinates":[[-49.0807489,-26.8490787],[-49.0806484,-26.8490853]]}},{"type":"Feature","properties":{"nome":"","tipo":"yes"},"geometry":{"type":"LineString","coordinates":[[-49.0854569,-26.7974438],[-49.0856937,-26.7973975]]}},{"type":"Feature","properties":{"nome":"Rua Erich Otto","tipo":"yes"},"geometry":{"type":"LineString","coordinates":[[-49.0802458,-26.7998179],[-49.0801467,-26.7998205]]}},{"type":"Feature","properties":{"nome":"Rodovia Ingo Hering","tipo":"yes"},"geometry":{"type":"LineString","coordinates":[[-49.3727188,-27.0104703],[-49.3726075,-27.0108007]]}},{"type":"Feature","properties":{"nome":"","tipo":"yes"},"geometry":{"type":"LineString","coordinates":[[-49.3727624,-27.0104832],[-49.3726632,-27.010813]]}},{"type":"Feature","properties":{"nome":"","tipo":"yes"},"geometry":{"type":"LineString","coordinates":[[-48.6180871,-27.0073376],[-48.6185443,-27.0071435],[-48.6188057,-27.0070379],[-48.6190592,-27.006961],[-48.6207131,-27.0065223],[-48.622116,-27.006111]]}},{"type":"Feature","properties":{"nome":"","tipo":"yes"},"geometry":{"type":"LineString","coordinates":[[-48.9598911,-26.9305171],[-48.9595775,-26.930364]]}},{"type":"Feature","properties":{"nome":"Rodovia Ingo Hering","tipo":"yes"},"geometry":{"type":"LineString","coordinates":[[-49.2722369,-26.9057934],[-49.2720308,-26.9055662]]}},{"type":"Feature","properties":{"nome":"","tipo":"yes"},"geometry":{"type":"LineString","coordinates":[[-49.0771662,-26.9462437],[-49.0769243,-26.9459718]]}},{"type":"Feature","properties":{"nome":"","tipo":"yes"},"geometry":{"type":"LineString","coordinates":[[-49.5866947,-27.0483296],[-49.5866686,-27.0482977],[-49.5867357,-27.0475942],[-49.5867701,-27.0475536]]}},{"type":"Feature","properties":{"nome":"","tipo":"yes"},"geometry":{"type":"LineString","coordinates":[[-49.5861268,-27.0450584],[-49.5863344,-27.0454126]]}},{"type":"Feature","properties":{"nome":"","tipo":"yes"},"geometry":{"type":"LineString","coordinates":[[-49.5923308,-27.0394969],[-49.5922396,-27.0393488]]}},{"type":"Feature","properties":{"nome":"","tipo":"yes"},"geometry":{"type":"LineString","coordinates":[[-49.3094811,-26.9812588],[-49.3092477,-26.9812541]]}},{"type":"Feature","properties":{"nome":"","tipo":"yes"},"geometry":{"type":"LineString","coordinates":[[-49.2742041,-26.9888083],[-49.2744018,-26.989147]]}},{"type":"Feature","properties":{"nome":"","tipo":"yes"},"geometry":{"type":"LineString","coordinates":[[-49.2792392,-26.9276564],[-49.2793411,-26.9277413]]}},{"type":"Feature","properties":{"nome":"","tipo":"yes"},"geometry":{"type":"LineString","coordinates":[[-48.8514563,-26.7302917],[-48.8513276,-26.7303564]]}},{"type":"Feature","properties":{"nome":"","tipo":"yes"},"geometry":{"type":"LineString","coordinates":[[-49.1066365,-26.7960564],[-49.1066312,-26.7959798]]}},{"type":"Feature","properties":{"nome":"Estrada Geral S\u00e3o Bernardo","tipo":"yes"},"geometry":{"type":"LineString","coordinates":[[-49.3142313,-26.7315914],[-49.3142992,-26.7315369]]}},{"type":"Feature","properties":{"nome":"","tipo":"yes"},"geometry":{"type":"LineString","coordinates":[[-48.6222868,-27.0064891],[-48.6204659,-27.0070204]]}},{"type":"Feature","properties":{"nome":"Ponte de madeira coberta Encano","tipo":"covered"},"geometry":{"type":"LineString","coordinates":[[-49.1819246,-26.9374233],[-49.1817589,-26.9372263]]}},{"type":"Feature","properties":{"nome":"","tipo":"yes"},"geometry":{"type":"LineString","coordinates":[[-49.1853632,-26.9259903],[-49.1848905,-26.9259888]]}},{"type":"Feature","properties":{"nome":"Rua S\u00e3o Joaquim","tipo":"yes"},"geometry":{"type":"LineString","coordinates":[[-48.682836,-26.8977454],[-48.6823271,-26.8978663]]}},{"type":"Feature","properties":{"nome":"Avenida Nilo Bittencourt","tipo":"yes"},"geometry":{"type":"LineString","coordinates":[[-48.7048324,-26.9037326],[-48.7052276,-26.9032057],[-48.7052411,-26.9031878]]}},{"type":"Feature","properties":{"nome":"Rodovia Ingo Hering","tipo":"yes"},"geometry":{"type":"LineString","coordinates":[[-49.0058996,-26.8746885],[-49.0064671,-26.8746111]]}},{"type":"Feature","properties":{"nome":"Rodovia Ingo Hering","tipo":"yes"},"geometry":{"type":"LineString","coordinates":[[-48.9723674,-26.9145778],[-48.9719678,-26.9145243]]}},{"type":"Feature","properties":{"nome":"Rodovia Ingo Hering","tipo":"yes"},"geometry":{"type":"LineString","coordinates":[[-48.9719827,-26.9144355],[-48.9723819,-26.9144889]]}},{"type":"Feature","properties":{"nome":"Rodovia Ingo Hering","tipo":"yes"},"geometry":{"type":"LineString","coordinates":[[-48.9823699,-26.9017417],[-48.982637,-26.901474]]}},{"type":"Feature","properties":{"nome":"","tipo":"yes"},"geometry":{"type":"LineString","coordinates":[[-49.1022288,-26.8819523],[-49.1015367,-26.8804184]]}},{"type":"Feature","properties":{"nome":"Rua Europa","tipo":"yes"},"geometry":{"type":"LineString","coordinates":[[-49.0946361,-26.8837423],[-49.0947394,-26.883658]]}},{"type":"Feature","properties":{"nome":"","tipo":"yes"},"geometry":{"type":"LineString","coordinates":[[-48.9850956,-26.9409558],[-48.9851561,-26.9409113]]}},{"type":"Feature","properties":{"nome":"Estrada Geral da Garuba","tipo":"yes"},"geometry":{"type":"LineString","coordinates":[[-48.9881936,-26.9466298],[-48.9882722,-26.9466128]]}},{"type":"Feature","properties":{"nome":"Rua 14 de Mar\u00e7o","tipo":"yes"},"geometry":{"type":"LineString","coordinates":[[-49.3702524,-26.9214328],[-49.370345,-26.9213959]]}},{"type":"Feature","properties":{"nome":"","tipo":"yes"},"geometry":{"type":"LineString","coordinates":[[-49.3631628,-26.904974],[-49.3632224,-26.9050482]]}},{"type":"Feature","properties":{"nome":"","tipo":"yes"},"geometry":{"type":"LineString","coordinates":[[-49.2632626,-26.7168757],[-49.2629206,-26.7169201]]}},{"type":"Feature","properties":{"nome":"","tipo":"yes"},"geometry":{"type":"LineString","coordinates":[[-49.2665604,-26.7034582],[-49.2667052,-26.7033432]]}},{"type":"Feature","properties":{"nome":"","tipo":"yes"},"geometry":{"type":"LineString","coordinates":[[-49.3135017,-26.6840627],[-49.3129613,-26.6840062]]}},{"type":"Feature","properties":{"nome":"","tipo":"yes"},"geometry":{"type":"LineString","coordinates":[[-49.1502911,-26.7200406],[-49.1502908,-26.7199415]]}},{"type":"Feature","properties":{"nome":"Estrada Ribeir\u00e3o Carolina","tipo":"yes"},"geometry":{"type":"LineString","coordinates":[[-49.2427922,-26.643843],[-49.242719,-26.6440432]]}},{"type":"Feature","properties":{"nome":"Rodovia Ingo Hering","tipo":"yes"},"geometry":{"type":"LineString","coordinates":[[-49.240503,-26.8784364],[-49.2411041,-26.8789209]]}},{"type":"Feature","properties":{"nome":"Marginal da BR-470","tipo":"yes"},"geometry":{"type":"LineString","coordinates":[[-49.2409903,-26.8791083],[-49.2403522,-26.878611]]}},{"type":"Feature","properties":{"nome":"Rodovia Ingo Hering","tipo":"yes"},"geometry":{"type":"LineString","coordinates":[[-49.2294553,-26.8712981],[-49.2289868,-26.8710545]]}},{"type":"Feature","properties":{"nome":"Marginal da BR-470","tipo":"yes"},"geometry":{"type":"LineString","coordinates":[[-49.2290207,-26.8708295],[-49.2293612,-26.8710078]]}},{"type":"Feature","properties":{"nome":"","tipo":"yes"},"geometry":{"type":"LineString","coordinates":[[-49.1632845,-26.8192724],[-49.1636751,-26.819347]]}},{"type":"Feature","properties":{"nome":"","tipo":"yes"},"geometry":{"type":"LineString","coordinates":[[-49.1262849,-26.7378184],[-49.1262138,-26.7378196]]}},{"type":"Feature","properties":{"nome":"Marginal da BR-470","tipo":"yes"},"geometry":{"type":"LineString","coordinates":[[-49.1442544,-26.8833183],[-49.1449577,-26.8835135]]}},{"type":"Feature","properties":{"nome":"Rodovia Ingo Hering","tipo":"yes"},"geometry":{"type":"LineString","coordinates":[[-48.715795,-26.8420344],[-48.7163215,-26.8404694]]}},{"type":"Feature","properties":{"nome":"","tipo":"yes"},"geometry":{"type":"LineString","coordinates":[[-49.3906286,-27.0504429],[-49.390752,-27.050063]]}},{"type":"Feature","properties":{"nome":"Rodovia Ingo Hering","tipo":"yes"},"geometry":{"type":"LineString","coordinates":[[-49.2475214,-26.8840355],[-49.2459987,-26.8828523]]}},{"type":"Feature","properties":{"nome":"","tipo":"yes"},"geometry":{"type":"LineString","coordinates":[[-49.3728375,-26.9855517],[-49.3727061,-26.9852123]]}},{"type":"Feature","properties":{"nome":"Rua 7 de Setembro","tipo":"yes"},"geometry":{"type":"LineString","coordinates":[[-49.0821459,-26.9108618],[-49.0817089,-26.9110605]]}},{"type":"Feature","properties":{"nome":"Marginal da BR-470","tipo":"yes"},"geometry":{"type":"LineString","coordinates":[[-49.1445602,-26.8837613],[-49.1439971,-26.883601]]}},{"type":"Feature","properties":{"nome":"","tipo":"yes"},"geometry":{"type":"LineString","coordinates":[[-48.9049136,-26.7120794],[-48.9050893,-26.7120067]]}},{"type":"Feature","properties":{"nome":"","tipo":"boardwalk"},"geometry":{"type":"LineString","coordinates":[[-48.6286837,-26.9425516],[-48.6283198,-26.942596]]}},{"type":"Feature","properties":{"nome":"","tipo":"boardwalk"},"geometry":{"type":"LineString","coordinates":[[-48.6288401,-26.9439224],[-48.6285164,-26.9439792]]}},{"type":"Feature","properties":{"nome":"","tipo":"boardwalk"},"geometry":{"type":"LineString","coordinates":[[-48.6289705,-26.945139],[-48.6286824,-26.945168]]}},{"type":"Feature","properties":{"nome":"","tipo":"boardwalk"},"geometry":{"type":"LineString","coordinates":[[-48.6290821,-26.9462444],[-48.6288156,-26.9462593]]}},{"type":"Feature","properties":{"nome":"","tipo":"boardwalk"},"geometry":{"type":"LineString","coordinates":[[-48.6291951,-26.9475473],[-48.6289645,-26.9475589]]}},{"type":"Feature","properties":{"nome":"","tipo":"boardwalk"},"geometry":{"type":"LineString","coordinates":[[-48.6293043,-26.9487875],[-48.6290572,-26.9487945]]}},{"type":"Feature","properties":{"nome":"","tipo":"boardwalk"},"geometry":{"type":"LineString","coordinates":[[-48.6294299,-26.9502345],[-48.629201,-26.9502595]]}},{"type":"Feature","properties":{"nome":"","tipo":"boardwalk"},"geometry":{"type":"LineString","coordinates":[[-48.6295111,-26.951167],[-48.6293016,-26.9511991]]}},{"type":"Feature","properties":{"nome":"","tipo":"boardwalk"},"geometry":{"type":"LineString","coordinates":[[-48.6296329,-26.9525269],[-48.6294384,-26.9525404]]}},{"type":"Feature","properties":{"nome":"","tipo":"boardwalk"},"geometry":{"type":"LineString","coordinates":[[-48.6297309,-26.9537332],[-48.629535,-26.9537406]]}},{"type":"Feature","properties":{"nome":"","tipo":"boardwalk"},"geometry":{"type":"LineString","coordinates":[[-48.6297362,-26.9546189],[-48.6295806,-26.9546228]]}},{"type":"Feature","properties":{"nome":"","tipo":"boardwalk"},"geometry":{"type":"LineString","coordinates":[[-48.6296758,-26.9555226],[-48.629547,-26.9555241]]}},{"type":"Feature","properties":{"nome":"","tipo":"boardwalk"},"geometry":{"type":"LineString","coordinates":[[-48.6295847,-26.9564013],[-48.6293928,-26.956386]]}},{"type":"Feature","properties":{"nome":"","tipo":"boardwalk"},"geometry":{"type":"LineString","coordinates":[[-48.6294208,-26.95707],[-48.629256,-26.9570375]]}},{"type":"Feature","properties":{"nome":"","tipo":"boardwalk"},"geometry":{"type":"LineString","coordinates":[[-48.6293218,-26.9573875],[-48.6291997,-26.9573579]]}},{"type":"Feature","properties":{"nome":"","tipo":"boardwalk"},"geometry":{"type":"LineString","coordinates":[[-48.6291608,-26.9579051],[-48.6289802,-26.9578685]]}},{"type":"Feature","properties":{"nome":"","tipo":"boardwalk"},"geometry":{"type":"LineString","coordinates":[[-48.6287837,-26.959294],[-48.6285721,-26.9592478]]}},{"type":"Feature","properties":{"nome":"","tipo":"boardwalk"},"geometry":{"type":"LineString","coordinates":[[-48.6280214,-26.9395506],[-48.628339,-26.9393458]]}},{"type":"Feature","properties":{"nome":"Rua 30 de Maio","tipo":"yes"},"geometry":{"type":"LineString","coordinates":[[-49.1004944,-26.9765667],[-49.1004543,-26.9764656]]}},{"type":"Feature","properties":{"nome":"","tipo":"yes"},"geometry":{"type":"LineString","coordinates":[[-48.7385267,-26.8333047],[-48.7385089,-26.8338787]]}},{"type":"Feature","properties":{"nome":"Rua Benjamim Dagnoni","tipo":"yes"},"geometry":{"type":"LineString","coordinates":[[-48.7119028,-26.9796028],[-48.7118923,-26.9797375]]}},{"type":"Feature","properties":{"nome":"Rua Amaro Pereira Rocha","tipo":"yes"},"geometry":{"type":"LineString","coordinates":[[-48.7497626,-27.0263062],[-48.7499105,-27.0263493]]}},{"type":"Feature","properties":{"nome":"Rua Jos\u00e9 Corr\u00eaa da Luz","tipo":"yes"},"geometry":{"type":"LineString","coordinates":[[-48.7145747,-27.0071321],[-48.7144713,-27.0072459]]}},{"type":"Feature","properties":{"nome":"Rua Ol\u00e2mpio Francisco Vicente","tipo":"yes"},"geometry":{"type":"LineString","coordinates":[[-48.7222778,-27.0146413],[-48.7224144,-27.0148172]]}},{"type":"Feature","properties":{"nome":"Rua Amaro Pereira Rocha","tipo":"yes"},"geometry":{"type":"LineString","coordinates":[[-48.7524596,-27.0289441],[-48.7525952,-27.0290536]]}},{"type":"Feature","properties":{"nome":"","tipo":"yes"},"geometry":{"type":"LineString","coordinates":[[-48.7052101,-26.9031688],[-48.7047931,-26.9037084]]}},{"type":"Feature","properties":{"nome":"","tipo":"yes"},"geometry":{"type":"LineString","coordinates":[[-48.705192,-26.9031577],[-48.7047741,-26.9036968]]}},{"type":"Feature","properties":{"nome":"Avenida Nilo Bittencourt","tipo":"yes"},"geometry":{"type":"LineString","coordinates":[[-48.7052872,-26.9032161],[-48.7048765,-26.9037596]]}},{"type":"Feature","properties":{"nome":"Rua S\u00e3o Miguel","tipo":"yes"},"geometry":{"type":"LineString","coordinates":[[-48.6211569,-26.8236823],[-48.6211932,-26.8238262]]}},{"type":"Feature","properties":{"nome":"","tipo":"yes"},"geometry":{"type":"LineString","coordinates":[[-48.8832154,-27.0594432],[-48.8831472,-27.0591829]]}},{"type":"Feature","properties":{"nome":"","tipo":"yes"},"geometry":{"type":"LineString","coordinates":[[-48.9859712,-26.7644187],[-48.9859005,-26.7644621]]}},{"type":"Feature","properties":{"nome":"Rua Jo\u00e3o Ruon","tipo":"yes"},"geometry":{"type":"LineString","coordinates":[[-48.9919813,-26.771639],[-48.9918941,-26.7716952]]}},{"type":"Feature","properties":{"nome":"Rua Felipe Ruon","tipo":"yes"},"geometry":{"type":"LineString","coordinates":[[-48.9882946,-26.7694119],[-48.9882597,-26.7694669]]}},{"type":"Feature","properties":{"nome":"","tipo":"boardwalk"},"geometry":{"type":"LineString","coordinates":[[-48.6439434,-26.9053904],[-48.6439462,-26.9054648],[-48.6439466,-26.9054752],[-48.6439498,-26.9055603]]}},{"type":"Feature","properties":{"nome":"","tipo":"boardwalk"},"geometry":{"type":"LineString","coordinates":[[-48.6442636,-26.9054657],[-48.6439466,-26.9054752]]}},{"type":"Feature","properties":{"nome":"","tipo":"boardwalk"},"geometry":{"type":"LineString","coordinates":[[-48.6441354,-26.9041266],[-48.6437726,-26.9041402]]}},{"type":"Feature","properties":{"nome":"","tipo":"boardwalk"},"geometry":{"type":"LineString","coordinates":[[-48.6444567,-26.9067056],[-48.6439487,-26.906723]]}},{"type":"Feature","properties":{"nome":"","tipo":"yes"},"geometry":{"type":"LineString","coordinates":[[-49.3613336,-26.910413],[-49.3614593,-26.910367]]}},{"type":"Feature","properties":{"nome":"","tipo":"yes"},"geometry":{"type":"LineString","coordinates":[[-49.1066768,-26.870499],[-49.1068161,-26.8705751],[-49.1069573,-26.8706481],[-49.1071004,-26.8707182]]}},{"type":"Feature","properties":{"nome":"Rodovia Ingo Hering","tipo":"yes"},"geometry":{"type":"LineString","coordinates":[[-49.1069154,-26.8710781],[-49.1067856,-26.8710173],[-49.1066556,-26.8709565],[-49.1065259,-26.8708957]]}},{"type":"Feature","properties":{"nome":"","tipo":"yes"},"geometry":{"type":"LineString","coordinates":[[-48.7386909,-27.0204308],[-48.7386856,-27.0202899]]}},{"type":"Feature","properties":{"nome":"","tipo":"yes"},"geometry":{"type":"LineString","coordinates":[[-49.1034573,-26.8731138],[-49.1039983,-26.8731939]]}},{"type":"Feature","properties":{"nome":"","tipo":"yes"},"geometry":{"type":"LineString","coordinates":[[-48.6960826,-26.9367052],[-48.6955694,-26.9365484]]}},{"type":"Feature","properties":{"nome":"","tipo":"yes"},"geometry":{"type":"LineString","coordinates":[[-48.6961645,-26.9364806],[-48.6956528,-26.9363259]]}},{"type":"Feature","properties":{"nome":"","tipo":"boardwalk"},"geometry":{"type":"LineString","coordinates":[[-48.6401102,-26.8805034],[-48.6408373,-26.8804805]]}},{"type":"Feature","properties":{"nome":"","tipo":"boardwalk"},"geometry":{"type":"LineString","coordinates":[[-48.6424289,-26.8904584],[-48.6418618,-26.8904663]]}},{"type":"Feature","properties":{"nome":"","tipo":"boardwalk"},"geometry":{"type":"LineString","coordinates":[[-48.6422078,-26.8925846],[-48.642358,-26.8925176],[-48.6427615,-26.8924862]]}},{"type":"Feature","properties":{"nome":"","tipo":"boardwalk"},"geometry":{"type":"LineString","coordinates":[[-48.6430326,-26.8979507],[-48.6431855,-26.8978705],[-48.6434602,-26.8978438]]}},{"type":"Feature","properties":{"nome":"","tipo":"boardwalk"},"geometry":{"type":"LineString","coordinates":[[-48.643752,-26.9000999],[-48.6432713,-26.900122]]}},{"type":"Feature","properties":{"nome":"","tipo":"boardwalk"},"geometry":{"type":"LineString","coordinates":[[-48.6437488,-26.9010549],[-48.6434346,-26.901087]]}},{"type":"Feature","properties":{"nome":"","tipo":"boardwalk"},"geometry":{"type":"LineString","coordinates":[[-48.6432237,-26.9003798],[-48.6433421,-26.9003677],[-48.643781,-26.9003228]]}},{"type":"Feature","properties":{"nome":"","tipo":"boardwalk"},"geometry":{"type":"LineString","coordinates":[[-48.6433342,-26.9012228],[-48.6434505,-26.9012109],[-48.6434346,-26.901087],[-48.6433421,-26.9003677]]}},{"type":"Feature","properties":{"nome":"","tipo":"boardwalk"},"geometry":{"type":"LineString","coordinates":[[-48.6440449,-26.9030077],[-48.6437264,-26.9030407],[-48.6437286,-26.9030572],[-48.6436321,-26.9030672]]}},{"type":"Feature","properties":{"nome":"","tipo":"boardwalk"},"geometry":{"type":"LineString","coordinates":[[-48.6439462,-26.9054648],[-48.6437154,-26.9054717]]}},{"type":"Feature","properties":{"nome":"","tipo":"boardwalk"},"geometry":{"type":"LineString","coordinates":[[-48.6445861,-26.9080755],[-48.6444954,-26.9080834],[-48.6442395,-26.9081787],[-48.6439404,-26.908165]]}},{"type":"Feature","properties":{"nome":"","tipo":"boardwalk"},"geometry":{"type":"LineString","coordinates":[[-48.6433093,-26.8967087],[-48.6429817,-26.8967197],[-48.6428911,-26.8967235]]}},{"type":"Feature","properties":{"nome":"","tipo":"boardwalk"},"geometry":{"type":"LineString","coordinates":[[-48.6431431,-26.8954519],[-48.6427163,-26.8955111]]}},{"type":"Feature","properties":{"nome":"","tipo":"yes"},"geometry":{"type":"LineString","coordinates":[[-49.1382596,-26.803429],[-49.1383239,-26.8034002]]}},{"type":"Feature","properties":{"nome":"","tipo":"yes"},"geometry":{"type":"LineString","coordinates":[[-48.6828314,-26.8977298],[-48.682322,-26.8978491]]}},{"type":"Feature","properties":{"nome":"","tipo":"yes"},"geometry":{"type":"LineString","coordinates":[[-48.6828417,-26.8977646],[-48.6823321,-26.8978833]]}},{"type":"Feature","properties":{"nome":"Rua Jo\u00e3o Rodolpho Reinert","tipo":"yes"},"geometry":{"type":"LineString","coordinates":[[-48.823966,-26.997664],[-48.8232322,-26.9979405]]}},{"type":"Feature","properties":{"nome":"","tipo":"yes"},"geometry":{"type":"LineString","coordinates":[[-49.1890264,-26.6489972],[-49.1889265,-26.6489948]]}},{"type":"Feature","properties":{"nome":"","tipo":"yes"},"geometry":{"type":"LineString","coordinates":[[-48.705259,-26.9576625],[-48.7052553,-26.9578272]]}},{"type":"Feature","properties":{"nome":"","tipo":"yes"},"geometry":{"type":"LineString","coordinates":[[-48.708319,-26.958247],[-48.707943,-26.9582877]]}},{"type":"Feature","properties":{"nome":"","tipo":"yes"},"geometry":{"type":"LineString","coordinates":[[-49.137231,-26.7945815],[-49.1372927,-26.794597]]}},{"type":"Feature","properties":{"nome":"","tipo":"yes"},"geometry":{"type":"LineString","coordinates":[[-49.4988209,-26.9991031],[-49.4988745,-26.9989884]]}},{"type":"Feature","properties":{"nome":"Marginal da BR-470","tipo":"yes"},"geometry":{"type":"LineString","coordinates":[[-49.2292625,-26.8713419],[-49.2289041,-26.8711448]]}},{"type":"Feature","properties":{"nome":"Marginal da BR-470","tipo":"yes"},"geometry":{"type":"LineString","coordinates":[[-49.2405731,-26.8783241],[-49.2411849,-26.8787974]]}},{"type":"Feature","properties":{"nome":"Rodovia Ingo Hering","tipo":"yes"},"geometry":{"type":"LineString","coordinates":[[-49.2359765,-26.8749854],[-49.2362246,-26.8751673]]}},{"type":"Feature","properties":{"nome":"Rodovia Ingo Hering","tipo":"yes"},"geometry":{"type":"LineString","coordinates":[[-49.2361831,-26.8752393],[-49.2359241,-26.8750426]]}},{"type":"Feature","properties":{"nome":"Ponte Zelir Tirol","tipo":"yes"},"geometry":{"type":"LineString","coordinates":[[-49.2417702,-26.8943056],[-49.2414555,-26.8949691],[-49.2396648,-26.8984656],[-49.2389508,-26.8998942]]}},{"type":"Feature","properties":{"nome":"","tipo":"yes"},"geometry":{"type":"LineString","coordinates":[[-48.9851674,-26.7236645],[-48.9851051,-26.7236652]]}},{"type":"Feature","properties":{"nome":"","tipo":"yes"},"geometry":{"type":"LineString","coordinates":[[-49.5674531,-26.7419417],[-49.5675023,-26.7418283]]}},{"type":"Feature","properties":{"nome":"","tipo":"yes"},"geometry":{"type":"LineString","coordinates":[[-49.5389709,-26.9477423],[-49.5389092,-26.9477997]]}},{"type":"Feature","properties":{"nome":"Rua Adriano Habitzreuter","tipo":"yes"},"geometry":{"type":"LineString","coordinates":[[-48.9649701,-27.0684354],[-48.9650814,-27.068435]]}},{"type":"Feature","properties":{"nome":"Rua S\u00e3o Pedro","tipo":"yes"},"geometry":{"type":"LineString","coordinates":[[-48.9648509,-27.0704053],[-48.9647857,-27.0703488]]}},{"type":"Feature","properties":{"nome":"Rua S\u00e3o Pedro","tipo":"yes"},"geometry":{"type":"LineString","coordinates":[[-48.9525561,-27.0694522],[-48.9523869,-27.0695428],[-48.9522355,-27.0696225],[-48.9521094,-27.0697048],[-48.9519815,-27.069831],[-48.9518809,-27.0699755],[-48.9517871,-27.0701176],[-48.9515537,-27.0706526],[-48.9513969,-27.0709557],[-48.9512702,-27.0711532]]}},{"type":"Feature","properties":{"nome":"","tipo":"yes"},"geometry":{"type":"LineString","coordinates":[[-48.7026735,-26.9328055],[-48.7021394,-26.9333442]]}},{"type":"Feature","properties":{"nome":"","tipo":"yes"},"geometry":{"type":"LineString","coordinates":[[-48.9211291,-26.7574086],[-48.9209682,-26.7574445]]}},{"type":"Feature","properties":{"nome":"","tipo":"yes"},"geometry":{"type":"LineString","coordinates":[[-49.1093313,-26.7683318],[-49.1094236,-26.7682884]]}},{"type":"Feature","properties":{"nome":"","tipo":"yes"},"geometry":{"type":"LineString","coordinates":[[-49.1104264,-26.7693402],[-49.1105239,-26.7693076]]}},{"type":"Feature","properties":{"nome":"","tipo":"yes"},"geometry":{"type":"LineString","coordinates":[[-49.2290207,-26.8708295],[-49.229097,-26.8708132],[-49.2293894,-26.8709653]]}},{"type":"Feature","properties":{"nome":"Rua Benjamin Constant","tipo":"yes"},"geometry":{"type":"LineString","coordinates":[[-49.257454,-26.8220913],[-49.2573428,-26.8221165]]}},{"type":"Feature","properties":{"nome":"Rua Paulo Scheidemantel","tipo":"yes"},"geometry":{"type":"LineString","coordinates":[[-49.0718102,-26.9529441],[-49.0721769,-26.9526647]]}},{"type":"Feature","properties":{"nome":"Rodovia Ingo Hering","tipo":"yes"},"geometry":{"type":"LineString","coordinates":[[-48.9827201,-26.9015394],[-48.9824527,-26.9018074]]}},{"type":"Feature","properties":{"nome":"","tipo":"yes"},"geometry":{"type":"LineString","coordinates":[[-49.1102007,-26.7731871],[-49.1102962,-26.7731833]]}},{"type":"Feature","properties":{"nome":"","tipo":"yes"},"geometry":{"type":"LineString","coordinates":[[-49.1070145,-26.778296],[-49.1070172,-26.7781811]]}},{"type":"Feature","properties":{"nome":"","tipo":"yes"},"geometry":{"type":"LineString","coordinates":[[-49.0983775,-26.7798694],[-49.0984583,-26.7799387]]}},{"type":"Feature","properties":{"nome":"","tipo":"yes"},"geometry":{"type":"LineString","coordinates":[[-49.1049345,-26.7776734],[-49.1049466,-26.7777776]]}},{"type":"Feature","properties":{"nome":"","tipo":"yes"},"geometry":{"type":"LineString","coordinates":[[-49.4199414,-26.7270248],[-49.4199829,-26.727088]]}},{"type":"Feature","properties":{"nome":"Via Expressa Paul Fritz Kuehnrich","tipo":"yes"},"geometry":{"type":"LineString","coordinates":[[-49.0761534,-26.8978732],[-49.07674,-26.8984836]]}},{"type":"Feature","properties":{"nome":"","tipo":"yes"},"geometry":{"type":"LineString","coordinates":[[-48.8818163,-26.9750081],[-48.8817546,-26.9751085]]}},{"type":"Feature","properties":{"nome":"","tipo":"yes"},"geometry":{"type":"LineString","coordinates":[[-49.3189858,-26.9483785],[-49.3188315,-26.9483757]]}},{"type":"Feature","properties":{"nome":"","tipo":"yes"},"geometry":{"type":"LineString","coordinates":[[-49.1143615,-26.886777],[-49.1145929,-26.8868545]]}},{"type":"Feature","properties":{"nome":"Rodovia Ingo Hering","tipo":"yes"},"geometry":{"type":"LineString","coordinates":[[-49.0513231,-26.861893],[-49.0510316,-26.8620448]]}},{"type":"Feature","properties":{"nome":"Rua Alberto Beier","tipo":"yes"},"geometry":{"type":"LineString","coordinates":[[-49.3990213,-26.7822159],[-49.3989703,-26.782314]]}},{"type":"Feature","properties":{"nome":"","tipo":"yes"},"geometry":{"type":"LineString","coordinates":[[-49.0574634,-26.8424712],[-49.0564973,-26.8423901]]}},{"type":"Feature","properties":{"nome":"","tipo":"yes"},"geometry":{"type":"LineString","coordinates":[[-49.0565108,-26.842301],[-49.0574728,-26.8423818]]}},{"type":"Feature","properties":{"nome":"","tipo":"yes"},"geometry":{"type":"LineString","coordinates":[[-49.0625821,-26.8500636],[-49.0634518,-26.8503413]]}},{"type":"Feature","properties":{"nome":"","tipo":"yes"},"geometry":{"type":"LineString","coordinates":[[-49.0634179,-26.850426],[-49.0625489,-26.8501484]]}},{"type":"Feature","properties":{"nome":"","tipo":"yes"},"geometry":{"type":"LineString","coordinates":[[-49.2117079,-26.7019115],[-49.2116167,-26.7019019]]}},{"type":"Feature","properties":{"nome":"Rua Oscar Piske","tipo":"yes"},"geometry":{"type":"LineString","coordinates":[[-49.253169,-26.808816],[-49.2530294,-26.808821]]}},{"type":"Feature","properties":{"nome":"","tipo":"yes"},"geometry":{"type":"LineString","coordinates":[[-49.1295521,-26.732325],[-49.1295035,-26.732283]]}},{"type":"Feature","properties":{"nome":"","tipo":"yes"},"geometry":{"type":"LineString","coordinates":[[-49.137002,-26.731619],[-49.1369757,-26.731683]]}},{"type":"Feature","properties":{"nome":"","tipo":"yes"},"geometry":{"type":"LineString","coordinates":[[-49.1325351,-26.7517877],[-49.1326196,-26.7517196]]}},{"type":"Feature","properties":{"nome":"Rua Arthur Lindner","tipo":"yes"},"geometry":{"type":"LineString","coordinates":[[-49.1301601,-26.8941722],[-49.1302154,-26.8940751]]}},{"type":"Feature","properties":{"nome":"Rua Jos\u00e9 Frederico da Silva","tipo":"yes"},"geometry":{"type":"LineString","coordinates":[[-48.9016877,-27.0609874],[-48.9016975,-27.061082]]}},{"type":"Feature","properties":{"nome":"Rua Paulo F\u00fcrbringer","tipo":"yes"},"geometry":{"type":"LineString","coordinates":[[-48.8997646,-27.0610044],[-48.8997659,-27.0609202]]}},{"type":"Feature","properties":{"nome":"Rua Max Heinig","tipo":"yes"},"geometry":{"type":"LineString","coordinates":[[-48.8986552,-27.0626417],[-48.8986807,-27.0625355]]}},{"type":"Feature","properties":{"nome":"","tipo":"yes"},"geometry":{"type":"LineString","coordinates":[[-48.8930713,-27.0644116],[-48.8929702,-27.0646077]]}},{"type":"Feature","properties":{"nome":"Rua Paulo Schwarzer","tipo":"yes"},"geometry":{"type":"LineString","coordinates":[[-49.0956717,-26.9101348],[-49.0956417,-26.9101869]]}},{"type":"Feature","properties":{"nome":"","tipo":"yes"},"geometry":{"type":"LineString","coordinates":[[-49.150121,-26.6819047],[-49.150133,-26.6818675]]}},{"type":"Feature","properties":{"nome":"","tipo":"yes"},"geometry":{"type":"LineString","coordinates":[[-49.0954648,-26.7819367],[-49.09546,-26.7818661]]}},{"type":"Feature","properties":{"nome":"Rua Aristides Pedroni","tipo":"yes"},"geometry":{"type":"LineString","coordinates":[[-48.7499642,-26.9420039],[-48.7500253,-26.9419608]]}},{"type":"Feature","properties":{"nome":"Rodovia Ingo Hering","tipo":"yes"},"geometry":{"type":"LineString","coordinates":[[-48.9579883,-26.912595],[-48.9605703,-26.9129436]]}},{"type":"Feature","properties":{"nome":"","tipo":"yes"},"geometry":{"type":"LineString","coordinates":[[-49.0312197,-26.8664272],[-49.0312564,-26.8672151]]}},{"type":"Feature","properties":{"nome":"","tipo":"yes"},"geometry":{"type":"LineString","coordinates":[[-49.1368796,-26.7941002],[-49.1369332,-26.7941158]]}},{"type":"Feature","properties":{"nome":"","tipo":"yes"},"geometry":{"type":"LineString","coordinates":[[-49.1392359,-26.8000019],[-49.1393204,-26.7999827]]}},{"type":"Feature","properties":{"nome":"Rua Testo Alto","tipo":"yes"},"geometry":{"type":"LineString","coordinates":[[-49.1938359,-26.6379441],[-49.1938404,-26.6380488]]}},{"type":"Feature","properties":{"nome":"Trilha da Sa\u00fade","tipo":"yes"},"geometry":{"type":"LineString","coordinates":[[-49.18026,-26.746761],[-49.1802801,-26.7468003]]}},{"type":"Feature","properties":{"nome":"","tipo":"yes"},"geometry":{"type":"LineString","coordinates":[[-48.9005952,-26.7023997],[-48.9005078,-26.7024208]]}},{"type":"Feature","properties":{"nome":"","tipo":"yes"},"geometry":{"type":"LineString","coordinates":[[-49.0700544,-26.9244166],[-49.069984,-26.9244267]]}},{"type":"Feature","properties":{"nome":"Estrada Guilherme E C Hornburg","tipo":"yes"},"geometry":{"type":"LineString","coordinates":[[-49.1712535,-26.6709449],[-49.1711777,-26.6709237]]}},{"type":"Feature","properties":{"nome":"","tipo":"yes"},"geometry":{"type":"LineString","coordinates":[[-49.1714887,-26.6628092],[-49.1715647,-26.6628092]]}},{"type":"Feature","properties":{"nome":"Estrada Erwin L\u00fcmke","tipo":"yes"},"geometry":{"type":"LineString","coordinates":[[-49.1722591,-26.672909],[-49.172194,-26.6728937]]}},{"type":"Feature","properties":{"nome":"","tipo":"yes"},"geometry":{"type":"LineString","coordinates":[[-49.1751127,-26.6763992],[-49.1752135,-26.6764141]]}},{"type":"Feature","properties":{"nome":"Rua Alberto Justino Vieck","tipo":"yes"},"geometry":{"type":"LineString","coordinates":[[-48.8520289,-26.7254038],[-48.8519401,-26.7253993]]}},{"type":"Feature","properties":{"nome":"","tipo":"yes"},"geometry":{"type":"LineString","coordinates":[[-48.8512187,-26.7270674],[-48.851103,-26.7270397]]}},{"type":"Feature","properties":{"nome":"Rua Marechal Deodoro da Fonseca","tipo":"yes"},"geometry":{"type":"LineString","coordinates":[[-49.2872535,-26.9544608],[-49.2871976,-26.9542191]]}},{"type":"Feature","properties":{"nome":"Rua Oswaldo Lohse","tipo":"yes"},"geometry":{"type":"LineString","coordinates":[[-49.1400326,-26.6766728],[-49.1400532,-26.6766055]]}},{"type":"Feature","properties":{"nome":"","tipo":"yes"},"geometry":{"type":"LineString","coordinates":[[-49.1853806,-26.8366867],[-49.1853833,-26.8367561]]}},{"type":"Feature","properties":{"nome":"Rodovia Ingo Hering","tipo":"yes"},"geometry":{"type":"LineString","coordinates":[[-48.9898087,-26.8904053],[-48.990372,-26.8899161],[-48.9908065,-26.8895059]]}},{"type":"Feature","properties":{"nome":"","tipo":"yes"},"geometry":{"type":"LineString","coordinates":[[-49.5860214,-26.8956568],[-49.5860457,-26.8955772]]}},{"type":"Feature","properties":{"nome":"","tipo":"yes"},"geometry":{"type":"LineString","coordinates":[[-48.9285656,-26.981606],[-48.9285363,-26.9815887]]}},{"type":"Feature","properties":{"nome":"","tipo":"yes"},"geometry":{"type":"LineString","coordinates":[[-49.3353017,-26.8610707],[-49.3351785,-26.8611132]]}},{"type":"Feature","properties":{"nome":"","tipo":"yes"},"geometry":{"type":"LineString","coordinates":[[-49.1928372,-26.6300948],[-49.1927755,-26.6301104]]}},{"type":"Feature","properties":{"nome":"","tipo":"yes"},"geometry":{"type":"LineString","coordinates":[[-49.2086481,-26.6355974],[-49.208683,-26.6355494]]}},{"type":"Feature","properties":{"nome":"Rodovia Ingo Hering","tipo":"yes"},"geometry":{"type":"LineString","coordinates":[[-48.6744252,-26.8688102],[-48.6754994,-26.867679]]}},{"type":"Feature","properties":{"nome":"Rodovia Ingo Hering","tipo":"yes"},"geometry":{"type":"LineString","coordinates":[[-48.6755857,-26.8677099],[-48.6749298,-26.8683972],[-48.6746278,-26.8687136],[-48.6745147,-26.8688322]]}},{"type":"Feature","properties":{"nome":"","tipo":"yes"},"geometry":{"type":"LineString","coordinates":[[-49.0816704,-26.9106815],[-49.0818836,-26.9104664]]}},{"type":"Feature","properties":{"nome":"","tipo":"yes"},"geometry":{"type":"LineString","coordinates":[[-49.2211546,-26.7460128],[-49.2212069,-26.7459385]]}},{"type":"Feature","properties":{"nome":"Rua Herbert Schoenfelder","tipo":"yes"},"geometry":{"type":"LineString","coordinates":[[-49.1699186,-26.7459136],[-49.1698399,-26.7458906],[-49.1697782,-26.7458643],[-49.1697004,-26.7458164],[-49.1694497,-26.7455746]]}},{"type":"Feature","properties":{"nome":"Ponte Pastor Rolf Roeder","tipo":"yes"},"geometry":{"type":"LineString","coordinates":[[-49.1752555,-26.7389021],[-49.1748592,-26.7388993]]}},{"type":"Feature","properties":{"nome":"Rua Il\u00e1rio Goedert","tipo":"yes"},"geometry":{"type":"LineString","coordinates":[[-48.9580979,-26.737797],[-48.9581559,-26.7376092]]}},{"type":"Feature","properties":{"nome":"","tipo":"yes"},"geometry":{"type":"LineString","coordinates":[[-49.139881,-26.6679335],[-49.1398126,-26.6679095]]}},{"type":"Feature","properties":{"nome":"","tipo":"yes"},"geometry":{"type":"LineString","coordinates":[[-49.140117,-26.6674637],[-49.1401224,-26.6674074]]}},{"type":"Feature","properties":{"nome":"Rua Arnoldo Hardt","tipo":"yes"},"geometry":{"type":"LineString","coordinates":[[-49.1399422,-26.6695044],[-49.1399767,-26.6694641]]}},{"type":"Feature","properties":{"nome":"Rua Arnoldo Hardt","tipo":"yes"},"geometry":{"type":"LineString","coordinates":[[-49.1396961,-26.6732147],[-49.1396469,-26.6731469]]}},{"type":"Feature","properties":{"nome":"Rua Rega II","tipo":"yes"},"geometry":{"type":"LineString","coordinates":[[-49.1578464,-26.6613719],[-49.1578097,-26.6614137]]}},{"type":"Feature","properties":{"nome":"","tipo":"yes"},"geometry":{"type":"LineString","coordinates":[[-49.2053383,-26.7193363],[-49.2053912,-26.7193453]]}},{"type":"Feature","properties":{"nome":"","tipo":"yes"},"geometry":{"type":"LineString","coordinates":[[-49.1764019,-26.7983583],[-49.1764489,-26.798375]]}},{"type":"Feature","properties":{"nome":"Rua Alfredo Hering","tipo":"yes"},"geometry":{"type":"LineString","coordinates":[[-49.0848802,-26.8890239],[-49.0834537,-26.8881227]]}},{"type":"Feature","properties":{"nome":"","tipo":"yes"},"geometry":{"type":"LineString","coordinates":[[-49.1506407,-26.7671751],[-49.1507131,-26.7671799]]}},{"type":"Feature","properties":{"nome":"","tipo":"yes"},"geometry":{"type":"LineString","coordinates":[[-49.3699595,-27.0128286],[-49.3698093,-27.0128286]]}},{"type":"Feature","properties":{"nome":"","tipo":"yes"},"geometry":{"type":"LineString","coordinates":[[-49.2084289,-26.710493],[-49.2083001,-26.7104523]]}},{"type":"Feature","properties":{"nome":"","tipo":"yes"},"geometry":{"type":"LineString","coordinates":[[-48.9701146,-27.0054427],[-48.9700596,-27.0054864]]}},{"type":"Feature","properties":{"nome":"Rua Garuva","tipo":"yes"},"geometry":{"type":"LineString","coordinates":[[-49.1008085,-26.8756833],[-49.1008139,-26.8758144]]}},{"type":"Feature","properties":{"nome":"","tipo":"yes"},"geometry":{"type":"LineString","coordinates":[[-49.2460254,-26.9266496],[-49.2457169,-26.9266281]]}},{"type":"Feature","properties":{"nome":"","tipo":"yes"},"geometry":{"type":"LineString","coordinates":[[-49.2455882,-26.9267859],[-49.2455184,-26.9271829]]}},{"type":"Feature","properties":{"nome":"","tipo":"yes"},"geometry":{"type":"LineString","coordinates":[[-49.0746335,-26.8962295],[-49.0747539,-26.8963546],[-49.0749256,-26.8965364],[-49.0751801,-26.8968031],[-49.0754644,-26.8971099],[-49.0757708,-26.8974334],[-49.075978,-26.8976475],[-49.0762456,-26.8979202],[-49.0765319,-26.8982042],[-49.0767733,-26.89845]]}},{"type":"Feature","properties":{"nome":"","tipo":"yes"},"geometry":{"type":"LineString","coordinates":[[-49.0766503,-26.8985534],[-49.0764742,-26.898372],[-49.0763515,-26.8982455],[-49.076256,-26.8981543],[-49.0760521,-26.8979572],[-49.0758754,-26.8977766],[-49.0757514,-26.8976511],[-49.0756193,-26.8975126],[-49.0755036,-26.8973933],[-49.0753799,-26.8972641],[-49.0752699,-26.8971439],[-49.0751284,-26.8969953],[-49.0749824,-26.8968291],[-49.07456,-26.896387],[-49.0745189,-26.8963444]]}},{"type":"Feature","properties":{"nome":"","tipo":"yes"},"geometry":{"type":"LineString","coordinates":[[-49.3647934,-26.7840778],[-49.3654224,-26.7840401]]}},{"type":"Feature","properties":{"nome":"","tipo":"yes"},"geometry":{"type":"LineString","coordinates":[[-48.6988329,-26.9367739],[-48.6974498,-26.9381598]]}},{"type":"Feature","properties":{"nome":"","tipo":"yes"},"geometry":{"type":"LineString","coordinates":[[-48.696102,-26.9366526],[-48.6955888,-26.9364973]]}},{"type":"Feature","properties":{"nome":"","tipo":"yes"},"geometry":{"type":"LineString","coordinates":[[-49.1693652,-26.7177191],[-49.1689441,-26.7178341]]}},{"type":"Feature","properties":{"nome":"","tipo":"yes"},"geometry":{"type":"LineString","coordinates":[[-49.2801283,-26.8077346],[-49.2792657,-26.807339]]}},{"type":"Feature","properties":{"nome":"","tipo":"yes"},"geometry":{"type":"LineString","coordinates":[[-49.1844477,-26.6858646],[-49.1845209,-26.6858476]]}},{"type":"Feature","properties":{"nome":"Rodovia Ingo Hering","tipo":"yes"},"geometry":{"type":"LineString","coordinates":[[-49.1069257,-26.8709225],[-49.1065755,-26.8707242]]}},{"type":"Feature","properties":{"nome":"Rua dos Parapentes","tipo":"yes"},"geometry":{"type":"LineString","coordinates":[[-49.1826814,-26.7809398],[-49.1826433,-26.7809778]]}},{"type":"Feature","properties":{"nome":"Rua Wigando Fischer","tipo":"yes"},"geometry":{"type":"LineString","coordinates":[[-49.1712634,-26.757159],[-49.1712034,-26.7571575]]}},{"type":"Feature","properties":{"nome":"","tipo":"yes"},"geometry":{"type":"LineString","coordinates":[[-49.1701519,-26.6673045],[-49.1700783,-26.6673172]]}},{"type":"Feature","properties":{"nome":"Rua Ingo Ringenberg","tipo":"yes"},"geometry":{"type":"LineString","coordinates":[[-49.1841194,-26.8343861],[-49.1841106,-26.8344286]]}},{"type":"Feature","properties":{"nome":"Rua Ribeir\u00e3o Luebke","tipo":"yes"},"geometry":{"type":"LineString","coordinates":[[-49.1829477,-26.8350292],[-49.183002,-26.8350069]]}},{"type":"Feature","properties":{"nome":"Rua Ribeir\u00e3o Luebke","tipo":"yes"},"geometry":{"type":"LineString","coordinates":[[-49.181558,-26.8353517],[-49.1816227,-26.8353605]]}},{"type":"Feature","properties":{"nome":"Rodovia Ingo Hering","tipo":"yes"},"geometry":{"type":"LineString","coordinates":[[-48.9605544,-26.9130568],[-48.9579598,-26.9127041]]}},{"type":"Feature","properties":{"nome":"Rodovia Ingo Hering","tipo":"yes"},"geometry":{"type":"LineString","coordinates":[[-49.2107598,-26.8702876],[-49.2103968,-26.8702532]]}},{"type":"Feature","properties":{"nome":"Rodovia Ingo Hering","tipo":"yes"},"geometry":{"type":"LineString","coordinates":[[-49.2104056,-26.8701313],[-49.2107722,-26.870166]]}},{"type":"Feature","properties":{"nome":"Rua Adolpho Francisco Zimmermann","tipo":"yes"},"geometry":{"type":"LineString","coordinates":[[-48.8860487,-26.7235355],[-48.8860021,-26.7234606]]}},{"type":"Feature","properties":{"nome":"","tipo":"yes"},"geometry":{"type":"LineString","coordinates":[[-49.2548677,-26.817991],[-49.2549679,-26.8179765]]}},{"type":"Feature","properties":{"nome":"","tipo":"yes"},"geometry":{"type":"LineString","coordinates":[[-49.2543054,-26.8164589],[-49.2543939,-26.8164409]]}},{"type":"Feature","properties":{"nome":"","tipo":"yes"},"geometry":{"type":"LineString","coordinates":[[-49.220255,-26.7454028],[-49.2203202,-26.745377]]}},{"type":"Feature","properties":{"nome":"","tipo":"yes"},"geometry":{"type":"LineString","coordinates":[[-48.8951138,-26.8899702],[-48.8950265,-26.8899405]]}},{"type":"Feature","properties":{"nome":"","tipo":"yes"},"geometry":{"type":"LineString","coordinates":[[-49.373633,-26.7154778],[-49.3736148,-26.7155766]]}},{"type":"Feature","properties":{"nome":"","tipo":"yes"},"geometry":{"type":"LineString","coordinates":[[-49.3773976,-26.7163098],[-49.3774156,-26.7162469]]}},{"type":"Feature","properties":{"nome":"","tipo":"yes"},"geometry":{"type":"LineString","coordinates":[[-49.0656596,-26.9186712],[-49.0656354,-26.9186371],[-49.0655902,-26.9185993],[-49.0649709,-26.9181412],[-49.0646444,-26.9178781]]}},{"type":"Feature","properties":{"nome":"","tipo":"yes"},"geometry":{"type":"LineString","coordinates":[[-49.0718554,-26.9529912],[-49.0722221,-26.9527118]]}},{"type":"Feature","properties":{"nome":"","tipo":"yes"},"geometry":{"type":"LineString","coordinates":[[-49.3124396,-26.9614131],[-49.3121445,-26.9612027]]}},{"type":"Feature","properties":{"nome":"","tipo":"yes"},"geometry":{"type":"LineString","coordinates":[[-49.21069,-26.7262042],[-49.2106464,-26.7262114]]}},{"type":"Feature","properties":{"nome":"","tipo":"yes"},"geometry":{"type":"LineString","coordinates":[[-49.1446288,-26.883829],[-49.1439685,-26.8836482]]}},{"type":"Feature","properties":{"nome":"","tipo":"yes"},"geometry":{"type":"LineString","coordinates":[[-49.1443028,-26.8832873],[-49.1449716,-26.8834703]]}},{"type":"Feature","properties":{"nome":"","tipo":"yes"},"geometry":{"type":"LineString","coordinates":[[-49.2175163,-26.7372579],[-49.217562,-26.7372387]]}}]}