{"type":"FeatureCollection","features":[{"type":"Feature","id":24094,"geometry":{"type":"Point","coordinates":[-49.33499999999998,-26.419699999999978]},"properties":{"BAR_CD_SNISB":24094,"BAR_CD_BAR_ENT_FISCALIZADORA":"17289","BAR_NM_NOME":"CGH Santo Antônio Sc - CGH Santo Antonio","BAR_NM_SECUNDARIO":null,"BAR_NU_ALT_MAX_BASE_FUNDACAO":4,"BAR_NU_ALT_MAX_NIVEL_TERRENO":4,"BAR_DT_CADASTRO":1627803625000,"TIPO_MATERIAL":"Concreto convencional","USO_PRINCIPAL":"Hidroelétrica","USO_COMPLEMENTAR":null,"BAR_DS_CLASSE":null,"BAR_NU_LATITUDE":-26.419700000000002,"BAR_NU_LONGITUDE":-49.335000000000001,"NIVEL_PERIGO":null,"IC_REGULADA":2,"REGULADA_PELO_PNSB":"Não","NM_EMPREENDEDOR":"VITOR CARLOS TRES & CIA LTDA","ING_SG_UFMUNICIPIO":"SC","ING_NM_MUNICIPIO":"CORUPÁ","FASE_DE_VIDA":"Operação","ORG_NM_ORGANIZACAO":"Agência Nacional de Energia Elétrica - ANEEL","AUT_DT_EMISSAO_PUB":null,"AUT_NU_AUTORIZACAO":"BCxPJ8ZStFPV3A5","ECL_IC_EXISTE_ECLUSA":null,"ING_NM_BACIADNAEE":null,"ING_NM_REGIAO_HIDRO":"Região Hidrográfica ATLÂNTICO SUL","ING_CD_CURSODAGUA_TRECHO":"795292","ING_NM_TRECHO":"Rio Novo","DOMINIO_CURSO_DAGUA":null,"ING_NM_COMITEFEDERAL":null,"ING_NM_COMITEESTADUAL":"CBH do Rio Itapocu","UNIDADE_DE_GESTAO":"CBH do Rio Itapocu","POSSUI_PAE":null,"BAR_NU_CAP_TOTAL_RESERV":0.01,"POSSUI_PLANO_SEGURANCA":"Não","INS_DT_INSPECAO":null,"TP_INSPECAO":null,"CATEGORIA_RISCO":"Baixo","DANO_POTENCIAL":"Baixo","POSSUI_REVISAO_PERIODICA":"Não","BARRAGEM_AUTUADA":"Não","COMPLETUDE":"ótima","OBJECTID":18424}},{"type":"Feature","id":20185,"geometry":{"type":"Point","coordinates":[-49.386999890000027,-26.367171815000006]},"properties":{"BAR_CD_SNISB":20185,"BAR_CD_BAR_ENT_FISCALIZADORA":null,"BAR_NM_NOME":"RF Reflorestamento","BAR_NM_SECUNDARIO":null,"BAR_NU_ALT_MAX_BASE_FUNDACAO":2.1000000000000001,"BAR_NU_ALT_MAX_NIVEL_TERRENO":2.1000000000000001,"BAR_DT_CADASTRO":1585913256000,"TIPO_MATERIAL":"Terra","USO_PRINCIPAL":"Recreação","USO_COMPLEMENTAR":null,"BAR_DS_CLASSE":"D","BAR_NU_LATITUDE":-26.367171814700001,"BAR_NU_LONGITUDE":-49.386999889999998,"NIVEL_PERIGO":null,"IC_REGULADA":2,"REGULADA_PELO_PNSB":"Não","NM_EMPREENDEDOR":"RF Reflorestadora Ltda","ING_SG_UFMUNICIPIO":"SC","ING_NM_MUNICIPIO":"CORUPÁ","FASE_DE_VIDA":"Operação","ORG_NM_ORGANIZACAO":"SC - Secretaria de Estado do Meio Ambiente e da Economia Verde - SEMAE","AUT_DT_EMISSAO_PUB":null,"AUT_NU_AUTORIZACAO":null,"ECL_IC_EXISTE_ECLUSA":"Não","ING_NM_BACIADNAEE":null,"ING_NM_REGIAO_HIDRO":"Região Hidrográfica ATLÂNTICO SUL","ING_CD_CURSODAGUA_TRECHO":"795292","ING_NM_TRECHO":"Rio Novo","DOMINIO_CURSO_DAGUA":"Federal","ING_NM_COMITEFEDERAL":null,"ING_NM_COMITEESTADUAL":"CBH do Rio Itapocu","UNIDADE_DE_GESTAO":"CBH do Rio Itapocu","POSSUI_PAE":null,"BAR_NU_CAP_TOTAL_RESERV":0.061000000000000006,"POSSUI_PLANO_SEGURANCA":"Não","INS_DT_INSPECAO":null,"TP_INSPECAO":null,"CATEGORIA_RISCO":"Médio","DANO_POTENCIAL":"Baixo","POSSUI_REVISAO_PERIODICA":"Não","BARRAGEM_AUTUADA":"Não","COMPLETUDE":"baixa","OBJECTID":15205}},{"type":"Feature","id":34803,"geometry":{"type":"Point","coordinates":[-49.323300000000017,-26.352199999999982]},"properties":{"BAR_CD_SNISB":34803,"BAR_CD_BAR_ENT_FISCALIZADORA":"17551","BAR_NM_NOME":"PCH Rabo do Macaco - Rabo do Macaco","BAR_NM_SECUNDARIO":null,"BAR_NU_ALT_MAX_BASE_FUNDACAO":6,"BAR_NU_ALT_MAX_NIVEL_TERRENO":7.6500000000000004,"BAR_DT_CADASTRO":1745878323000,"TIPO_MATERIAL":"Concreto convencional","USO_PRINCIPAL":"Hidroelétrica","USO_COMPLEMENTAR":null,"BAR_DS_CLASSE":null,"BAR_NU_LATITUDE":-26.3522,"BAR_NU_LONGITUDE":-49.323300000000003,"NIVEL_PERIGO":null,"IC_REGULADA":2,"REGULADA_PELO_PNSB":"Não","NM_EMPREENDEDOR":"USINA RIO VERMELHO DE ENERGIA LTDA.","ING_SG_UFMUNICIPIO":"SC","ING_NM_MUNICIPIO":"SÃO BENTO DO SUL","FASE_DE_VIDA":null,"ORG_NM_ORGANIZACAO":"Agência Nacional de Energia Elétrica - ANEEL","AUT_DT_EMISSAO_PUB":1428624000000,"AUT_NU_AUTORIZACAO":"5.136","ECL_IC_EXISTE_ECLUSA":null,"ING_NM_BACIADNAEE":null,"ING_NM_REGIAO_HIDRO":"Região Hidrográfica ATLÂNTICO SUL","ING_CD_CURSODAGUA_TRECHO":"7952","ING_NM_TRECHO":"Rio Vermelho","DOMINIO_CURSO_DAGUA":null,"ING_NM_COMITEFEDERAL":null,"ING_NM_COMITEESTADUAL":"CBH do Rio Itapocu","UNIDADE_DE_GESTAO":"CBH do Rio Itapocu","POSSUI_PAE":null,"BAR_NU_CAP_TOTAL_RESERV":0.25,"POSSUI_PLANO_SEGURANCA":"Não","INS_DT_INSPECAO":null,"TP_INSPECAO":null,"CATEGORIA_RISCO":"Baixo","DANO_POTENCIAL":"Baixo","POSSUI_REVISAO_PERIODICA":"Não","BARRAGEM_AUTUADA":"Não","COMPLETUDE":"ótima","OBJECTID":27898}},{"type":"Feature","id":34242,"geometry":{"type":"Point","coordinates":[-49.130299999999977,-26.346900000000005]},"properties":{"BAR_CD_SNISB":34242,"BAR_CD_BAR_ENT_FISCALIZADORA":"17083","BAR_NM_NOME":"CGH Itapocuzinho II - ITAPOCUZINHO IV","BAR_NM_SECUNDARIO":null,"BAR_NU_ALT_MAX_BASE_FUNDACAO":5.04,"BAR_NU_ALT_MAX_NIVEL_TERRENO":5.04,"BAR_DT_CADASTRO":1738010416000,"TIPO_MATERIAL":"Concreto convencional","USO_PRINCIPAL":"Hidroelétrica","USO_COMPLEMENTAR":null,"BAR_DS_CLASSE":null,"BAR_NU_LATITUDE":-26.346900000000002,"BAR_NU_LONGITUDE":-49.130300000000005,"NIVEL_PERIGO":null,"IC_REGULADA":2,"REGULADA_PELO_PNSB":"Não","NM_EMPREENDEDOR":"DELMAX PAPELAO E EMBALAGENS LTDA","ING_SG_UFMUNICIPIO":"SC","ING_NM_MUNICIPIO":"JARAGUÁ DO SUL","FASE_DE_VIDA":"Operação","ORG_NM_ORGANIZACAO":"Agência Nacional de Energia Elétrica - ANEEL","AUT_DT_EMISSAO_PUB":null,"AUT_NU_AUTORIZACAO":"II9BZFxB4P4Q46l","ECL_IC_EXISTE_ECLUSA":null,"ING_NM_BACIADNAEE":null,"ING_NM_REGIAO_HIDRO":"Região Hidrográfica ATLÂNTICO SUL","ING_CD_CURSODAGUA_TRECHO":"79526","ING_NM_TRECHO":"Rio Itapocuzinho","DOMINIO_CURSO_DAGUA":null,"ING_NM_COMITEFEDERAL":null,"ING_NM_COMITEESTADUAL":"CBH do Rio Itapocu","UNIDADE_DE_GESTAO":"CBH do Rio Itapocu","POSSUI_PAE":null,"BAR_NU_CAP_TOTAL_RESERV":0.0014,"POSSUI_PLANO_SEGURANCA":"Não","INS_DT_INSPECAO":null,"TP_INSPECAO":null,"CATEGORIA_RISCO":"Médio","DANO_POTENCIAL":"Baixo","POSSUI_REVISAO_PERIODICA":"Não","BARRAGEM_AUTUADA":"Não","COMPLETUDE":"ótima","OBJECTID":27344}},{"type":"Feature","id":24266,"geometry":{"type":"Point","coordinates":[-49.130299999999977,-26.346900000000005]},"properties":{"BAR_CD_SNISB":24266,"BAR_CD_BAR_ENT_FISCALIZADORA":"17082","BAR_NM_NOME":"CGH Itapocuzinho I - ITAPOCUZINHO I","BAR_NM_SECUNDARIO":null,"BAR_NU_ALT_MAX_BASE_FUNDACAO":3,"BAR_NU_ALT_MAX_NIVEL_TERRENO":3,"BAR_DT_CADASTRO":1627803443000,"TIPO_MATERIAL":"Concreto convencional","USO_PRINCIPAL":"Hidroelétrica","USO_COMPLEMENTAR":null,"BAR_DS_CLASSE":null,"BAR_NU_LATITUDE":-26.346900000000002,"BAR_NU_LONGITUDE":-49.130300000000005,"NIVEL_PERIGO":null,"IC_REGULADA":2,"REGULADA_PELO_PNSB":"Não","NM_EMPREENDEDOR":"DELMAX PAPELAO E EMBALAGENS LTDA","ING_SG_UFMUNICIPIO":"SC","ING_NM_MUNICIPIO":"JARAGUÁ DO SUL","FASE_DE_VIDA":"Operação","ORG_NM_ORGANIZACAO":"Agência Nacional de Energia Elétrica - ANEEL","AUT_DT_EMISSAO_PUB":null,"AUT_NU_AUTORIZACAO":"Ue6OA2dVP7QIQBZ","ECL_IC_EXISTE_ECLUSA":null,"ING_NM_BACIADNAEE":null,"ING_NM_REGIAO_HIDRO":"Região Hidrográfica ATLÂNTICO SUL","ING_CD_CURSODAGUA_TRECHO":"79526","ING_NM_TRECHO":"Rio Itapocuzinho","DOMINIO_CURSO_DAGUA":null,"ING_NM_COMITEFEDERAL":null,"ING_NM_COMITEESTADUAL":"CBH do Rio Itapocu","UNIDADE_DE_GESTAO":"CBH do Rio Itapocu","POSSUI_PAE":null,"BAR_NU_CAP_TOTAL_RESERV":0.00020999999999999998,"POSSUI_PLANO_SEGURANCA":"Não","INS_DT_INSPECAO":null,"TP_INSPECAO":null,"CATEGORIA_RISCO":"Médio","DANO_POTENCIAL":"Baixo","POSSUI_REVISAO_PERIODICA":"Não","BARRAGEM_AUTUADA":"Não","COMPLETUDE":"ótima","OBJECTID":18595}},{"type":"Feature","id":24268,"geometry":{"type":"Point","coordinates":[-49.138599999999997,-26.333900000000028]},"properties":{"BAR_CD_SNISB":24268,"BAR_CD_BAR_ENT_FISCALIZADORA":"11719","BAR_NM_NOME":"CGH ITAPOCUZINHO IV - ITAPOCUZINHO IV","BAR_NM_SECUNDARIO":null,"BAR_NU_ALT_MAX_BASE_FUNDACAO":5.04,"BAR_NU_ALT_MAX_NIVEL_TERRENO":5.04,"BAR_DT_CADASTRO":1627803445000,"TIPO_MATERIAL":"Concreto convencional","USO_PRINCIPAL":"Hidroelétrica","USO_COMPLEMENTAR":null,"BAR_DS_CLASSE":null,"BAR_NU_LATITUDE":-26.3339,"BAR_NU_LONGITUDE":-49.138600000000004,"NIVEL_PERIGO":null,"IC_REGULADA":2,"REGULADA_PELO_PNSB":"Não","NM_EMPREENDEDOR":"DELMAX PAPELAO E EMBALAGENS LTDA","ING_SG_UFMUNICIPIO":"SC","ING_NM_MUNICIPIO":"SCHROEDER","FASE_DE_VIDA":"Operação","ORG_NM_ORGANIZACAO":"Agência Nacional de Energia Elétrica - ANEEL","AUT_DT_EMISSAO_PUB":null,"AUT_NU_AUTORIZACAO":"39RWM4Z7ZJOAh33","ECL_IC_EXISTE_ECLUSA":null,"ING_NM_BACIADNAEE":null,"ING_NM_REGIAO_HIDRO":"Região Hidrográfica ATLÂNTICO SUL","ING_CD_CURSODAGUA_TRECHO":"79526","ING_NM_TRECHO":"Rio Itapocuzinho","DOMINIO_CURSO_DAGUA":null,"ING_NM_COMITEFEDERAL":null,"ING_NM_COMITEESTADUAL":"CBH do Rio Itapocu","UNIDADE_DE_GESTAO":"CBH do Rio Itapocu","POSSUI_PAE":null,"BAR_NU_CAP_TOTAL_RESERV":0.0014,"POSSUI_PLANO_SEGURANCA":"Não","INS_DT_INSPECAO":null,"TP_INSPECAO":null,"CATEGORIA_RISCO":"Médio","DANO_POTENCIAL":"Baixo","POSSUI_REVISAO_PERIODICA":"Não","BARRAGEM_AUTUADA":"Não","COMPLETUDE":"ótima","OBJECTID":18597}},{"type":"Feature","id":20575,"geometry":{"type":"Point","coordinates":[-49.095300000000009,-26.329999999999984]},"properties":{"BAR_CD_SNISB":20575,"BAR_CD_BAR_ENT_FISCALIZADORA":"17314","BAR_NM_NOME":"PCH Bracinho - 8º Salto","BAR_NM_SECUNDARIO":null,"BAR_NU_ALT_MAX_BASE_FUNDACAO":17,"BAR_NU_ALT_MAX_NIVEL_TERRENO":17,"BAR_DT_CADASTRO":1627802998000,"TIPO_MATERIAL":"Enrocamento","USO_PRINCIPAL":"Hidroelétrica","USO_COMPLEMENTAR":null,"BAR_DS_CLASSE":null,"BAR_NU_LATITUDE":-26.330000000000002,"BAR_NU_LONGITUDE":-49.095300000000002,"NIVEL_PERIGO":null,"IC_REGULADA":1,"REGULADA_PELO_PNSB":"Sim","NM_EMPREENDEDOR":"CELESC Geração S.A.","ING_SG_UFMUNICIPIO":"SC","ING_NM_MUNICIPIO":"JOINVILLE","FASE_DE_VIDA":"Operação","ORG_NM_ORGANIZACAO":"Agência Nacional de Energia Elétrica - ANEEL","AUT_DT_EMISSAO_PUB":null,"AUT_NU_AUTORIZACAO":"055","ECL_IC_EXISTE_ECLUSA":null,"ING_NM_BACIADNAEE":null,"ING_NM_REGIAO_HIDRO":"Região Hidrográfica ATLÂNTICO SUL","ING_CD_CURSODAGUA_TRECHO":"79526","ING_NM_TRECHO":"Rio Itapocuzinho","DOMINIO_CURSO_DAGUA":null,"ING_NM_COMITEFEDERAL":null,"ING_NM_COMITEESTADUAL":"CBH do Rio Itapocu","UNIDADE_DE_GESTAO":"CBH do Rio Itapocu","POSSUI_PAE":"Sim","BAR_NU_CAP_TOTAL_RESERV":7.1000000000000005,"POSSUI_PLANO_SEGURANCA":"Sim","INS_DT_INSPECAO":null,"TP_INSPECAO":null,"CATEGORIA_RISCO":"Baixo","DANO_POTENCIAL":"Alto","POSSUI_REVISAO_PERIODICA":"Sim","BARRAGEM_AUTUADA":"Não","COMPLETUDE":"boa","OBJECTID":15559}},{"type":"Feature","id":20574,"geometry":{"type":"Point","coordinates":[-49.095300000000009,-26.329999999999984]},"properties":{"BAR_CD_SNISB":20574,"BAR_CD_BAR_ENT_FISCALIZADORA":"17313","BAR_NM_NOME":"PCH Bracinho - 1º Salto","BAR_NM_SECUNDARIO":null,"BAR_NU_ALT_MAX_BASE_FUNDACAO":12,"BAR_NU_ALT_MAX_NIVEL_TERRENO":12,"BAR_DT_CADASTRO":1627802997000,"TIPO_MATERIAL":"Concreto convencional","USO_PRINCIPAL":"Hidroelétrica","USO_COMPLEMENTAR":null,"BAR_DS_CLASSE":null,"BAR_NU_LATITUDE":-26.330000000000002,"BAR_NU_LONGITUDE":-49.095300000000002,"NIVEL_PERIGO":null,"IC_REGULADA":1,"REGULADA_PELO_PNSB":"Sim","NM_EMPREENDEDOR":"CELESC Geração S.A.","ING_SG_UFMUNICIPIO":"SC","ING_NM_MUNICIPIO":"JOINVILLE","FASE_DE_VIDA":"Operação","ORG_NM_ORGANIZACAO":"Agência Nacional de Energia Elétrica - ANEEL","AUT_DT_EMISSAO_PUB":null,"AUT_NU_AUTORIZACAO":"055","ECL_IC_EXISTE_ECLUSA":null,"ING_NM_BACIADNAEE":null,"ING_NM_REGIAO_HIDRO":"Região Hidrográfica ATLÂNTICO SUL","ING_CD_CURSODAGUA_TRECHO":"79526","ING_NM_TRECHO":"Rio Itapocuzinho","DOMINIO_CURSO_DAGUA":null,"ING_NM_COMITEFEDERAL":null,"ING_NM_COMITEESTADUAL":"CBH do Rio Itapocu","UNIDADE_DE_GESTAO":"CBH do Rio Itapocu","POSSUI_PAE":"Sim","BAR_NU_CAP_TOTAL_RESERV":7.1000000000000005,"POSSUI_PLANO_SEGURANCA":"Sim","INS_DT_INSPECAO":null,"TP_INSPECAO":null,"CATEGORIA_RISCO":"Médio","DANO_POTENCIAL":"Alto","POSSUI_REVISAO_PERIODICA":"Sim","BARRAGEM_AUTUADA":"Não","COMPLETUDE":"boa","OBJECTID":15558}},{"type":"Feature","id":20576,"geometry":{"type":"Point","coordinates":[-49.095300000000009,-26.329999999999984]},"properties":{"BAR_CD_SNISB":20576,"BAR_CD_BAR_ENT_FISCALIZADORA":"17315","BAR_NM_NOME":"PCH Bracinho - Rio do Júlio","BAR_NM_SECUNDARIO":null,"BAR_NU_ALT_MAX_BASE_FUNDACAO":14.6,"BAR_NU_ALT_MAX_NIVEL_TERRENO":14.6,"BAR_DT_CADASTRO":1627802999000,"TIPO_MATERIAL":"Concreto convencional","USO_PRINCIPAL":"Hidroelétrica","USO_COMPLEMENTAR":null,"BAR_DS_CLASSE":null,"BAR_NU_LATITUDE":-26.330000000000002,"BAR_NU_LONGITUDE":-49.095300000000002,"NIVEL_PERIGO":null,"IC_REGULADA":1,"REGULADA_PELO_PNSB":"Sim","NM_EMPREENDEDOR":"CELESC Geração S.A.","ING_SG_UFMUNICIPIO":"SC","ING_NM_MUNICIPIO":"JOINVILLE","FASE_DE_VIDA":"Operação","ORG_NM_ORGANIZACAO":"Agência Nacional de Energia Elétrica - ANEEL","AUT_DT_EMISSAO_PUB":null,"AUT_NU_AUTORIZACAO":"055","ECL_IC_EXISTE_ECLUSA":null,"ING_NM_BACIADNAEE":null,"ING_NM_REGIAO_HIDRO":"Região Hidrográfica ATLÂNTICO SUL","ING_CD_CURSODAGUA_TRECHO":"79526","ING_NM_TRECHO":"Rio Itapocuzinho","DOMINIO_CURSO_DAGUA":null,"ING_NM_COMITEFEDERAL":null,"ING_NM_COMITEESTADUAL":"CBH do Rio Itapocu","UNIDADE_DE_GESTAO":"CBH do Rio Itapocu","POSSUI_PAE":"Sim","BAR_NU_CAP_TOTAL_RESERV":7.1000000000000005,"POSSUI_PLANO_SEGURANCA":"Sim","INS_DT_INSPECAO":null,"TP_INSPECAO":null,"CATEGORIA_RISCO":"Baixo","DANO_POTENCIAL":"Alto","POSSUI_REVISAO_PERIODICA":"Sim","BARRAGEM_AUTUADA":"Não","COMPLETUDE":"boa","OBJECTID":15560}},{"type":"Feature","id":24185,"geometry":{"type":"Point","coordinates":[-49.319999999999993,-26.315800000000024]},"properties":{"BAR_CD_SNISB":24185,"BAR_CD_BAR_ENT_FISCALIZADORA":"17550","BAR_NM_NOME":"CGH Rio Vermelho - RIO VERMELHO","BAR_NM_SECUNDARIO":null,"BAR_NU_ALT_MAX_BASE_FUNDACAO":13,"BAR_NU_ALT_MAX_NIVEL_TERRENO":13,"BAR_DT_CADASTRO":1627804333000,"TIPO_MATERIAL":"Concreto convencional","USO_PRINCIPAL":"Hidroelétrica","USO_COMPLEMENTAR":null,"BAR_DS_CLASSE":null,"BAR_NU_LATITUDE":-26.315800000000003,"BAR_NU_LONGITUDE":-49.32,"NIVEL_PERIGO":null,"IC_REGULADA":2,"REGULADA_PELO_PNSB":"Não","NM_EMPREENDEDOR":"USINA RIO VERMELHO DE ENERGIA LTDA.","ING_SG_UFMUNICIPIO":"SC","ING_NM_MUNICIPIO":"SÃO BENTO DO SUL","FASE_DE_VIDA":"Operação","ORG_NM_ORGANIZACAO":"Agência Nacional de Energia Elétrica - ANEEL","AUT_DT_EMISSAO_PUB":null,"AUT_NU_AUTORIZACAO":"8BtMZe2xC8d7Y84","ECL_IC_EXISTE_ECLUSA":null,"ING_NM_BACIADNAEE":null,"ING_NM_REGIAO_HIDRO":"Região Hidrográfica ATLÂNTICO SUL","ING_CD_CURSODAGUA_TRECHO":"7952","ING_NM_TRECHO":"Rio Vermelho","DOMINIO_CURSO_DAGUA":null,"ING_NM_COMITEFEDERAL":null,"ING_NM_COMITEESTADUAL":"CBH do Rio Itapocu","UNIDADE_DE_GESTAO":"CBH do Rio Itapocu","POSSUI_PAE":null,"BAR_NU_CAP_TOTAL_RESERV":0.45802499999999996,"POSSUI_PLANO_SEGURANCA":"Não","INS_DT_INSPECAO":null,"TP_INSPECAO":null,"CATEGORIA_RISCO":"Baixo","DANO_POTENCIAL":"Baixo","POSSUI_REVISAO_PERIODICA":"Não","BARRAGEM_AUTUADA":"Não","COMPLETUDE":"ótima","OBJECTID":18515}},{"type":"Feature","id":34816,"geometry":{"type":"Point","coordinates":[-49.246699999999976,-26.309700000000021]},"properties":{"BAR_CD_SNISB":34816,"BAR_CD_BAR_ENT_FISCALIZADORA":"13201","BAR_NM_NOME":"PCH Rio Natal I - PCH RIO NATAL","BAR_NM_SECUNDARIO":null,"BAR_NU_ALT_MAX_BASE_FUNDACAO":12,"BAR_NU_ALT_MAX_NIVEL_TERRENO":12,"BAR_DT_CADASTRO":1745881124000,"TIPO_MATERIAL":"Concreto convencional","USO_PRINCIPAL":"Hidroelétrica","USO_COMPLEMENTAR":null,"BAR_DS_CLASSE":null,"BAR_NU_LATITUDE":-26.309700000000003,"BAR_NU_LONGITUDE":-49.246700000000004,"NIVEL_PERIGO":null,"IC_REGULADA":2,"REGULADA_PELO_PNSB":"Não","NM_EMPREENDEDOR":"USINA RIO VERMELHO DE ENERGIA LTDA.","ING_SG_UFMUNICIPIO":"SC","ING_NM_MUNICIPIO":"SÃO BENTO DO SUL","FASE_DE_VIDA":null,"ORG_NM_ORGANIZACAO":"Agência Nacional de Energia Elétrica - ANEEL","AUT_DT_EMISSAO_PUB":1428624000000,"AUT_NU_AUTORIZACAO":"5.137","ECL_IC_EXISTE_ECLUSA":null,"ING_NM_BACIADNAEE":null,"ING_NM_REGIAO_HIDRO":"Região Hidrográfica ATLÂNTICO SUL","ING_CD_CURSODAGUA_TRECHO":"7952","ING_NM_TRECHO":"Rio Vermelho","DOMINIO_CURSO_DAGUA":null,"ING_NM_COMITEFEDERAL":null,"ING_NM_COMITEESTADUAL":"CBH do Rio Itapocu","UNIDADE_DE_GESTAO":"CBH do Rio Itapocu","POSSUI_PAE":null,"BAR_NU_CAP_TOTAL_RESERV":0.53839999999999999,"POSSUI_PLANO_SEGURANCA":"Não","INS_DT_INSPECAO":null,"TP_INSPECAO":null,"CATEGORIA_RISCO":"Baixo","DANO_POTENCIAL":"Baixo","POSSUI_REVISAO_PERIODICA":"Não","BARRAGEM_AUTUADA":"Não","COMPLETUDE":"ótima","OBJECTID":27911}},{"type":"Feature","id":34083,"geometry":{"type":"Point","coordinates":[-49.318899999999985,-26.306899999999985]},"properties":{"BAR_CD_SNISB":34083,"BAR_CD_BAR_ENT_FISCALIZADORA":"11065","BAR_NM_NOME":"CGH Rio Vermelho URVE - Rio Vermelho URVE","BAR_NM_SECUNDARIO":null,"BAR_NU_ALT_MAX_BASE_FUNDACAO":7,"BAR_NU_ALT_MAX_NIVEL_TERRENO":7,"BAR_DT_CADASTRO":1738006615000,"TIPO_MATERIAL":"Sem Informação","USO_PRINCIPAL":"Hidroelétrica","USO_COMPLEMENTAR":null,"BAR_DS_CLASSE":null,"BAR_NU_LATITUDE":-26.306900000000002,"BAR_NU_LONGITUDE":-49.318899999999999,"NIVEL_PERIGO":null,"IC_REGULADA":2,"REGULADA_PELO_PNSB":"Não","NM_EMPREENDEDOR":"USINA RIO VERMELHO DE ENERGIA LTDA.","ING_SG_UFMUNICIPIO":"SC","ING_NM_MUNICIPIO":"SÃO BENTO DO SUL","FASE_DE_VIDA":"Operação","ORG_NM_ORGANIZACAO":"Agência Nacional de Energia Elétrica - ANEEL","AUT_DT_EMISSAO_PUB":null,"AUT_NU_AUTORIZACAO":"K2dKBU7Ve2Fx7Wh","ECL_IC_EXISTE_ECLUSA":null,"ING_NM_BACIADNAEE":null,"ING_NM_REGIAO_HIDRO":"Região Hidrográfica ATLÂNTICO SUL","ING_CD_CURSODAGUA_TRECHO":"7952","ING_NM_TRECHO":"Rio Vermelho","DOMINIO_CURSO_DAGUA":null,"ING_NM_COMITEFEDERAL":null,"ING_NM_COMITEESTADUAL":"CBH do Rio Itapocu","UNIDADE_DE_GESTAO":"CBH do Rio Itapocu","POSSUI_PAE":null,"BAR_NU_CAP_TOTAL_RESERV":0.85999999999999999,"POSSUI_PLANO_SEGURANCA":"Não","INS_DT_INSPECAO":null,"TP_INSPECAO":null,"CATEGORIA_RISCO":"Baixo","DANO_POTENCIAL":"Baixo","POSSUI_REVISAO_PERIODICA":"Não","BARRAGEM_AUTUADA":"Não","COMPLETUDE":"ótima","OBJECTID":27185}},{"type":"Feature","id":34815,"geometry":{"type":"Point","coordinates":[-49.318899999999985,-26.306899999999985]},"properties":{"BAR_CD_SNISB":34815,"BAR_CD_BAR_ENT_FISCALIZADORA":"17552","BAR_NM_NOME":"CGH Rio Vermelho URVE - Rio Vermelho URVE","BAR_NM_SECUNDARIO":null,"BAR_NU_ALT_MAX_BASE_FUNDACAO":7,"BAR_NU_ALT_MAX_NIVEL_TERRENO":7,"BAR_DT_CADASTRO":1745881107000,"TIPO_MATERIAL":"Concreto convencional","USO_PRINCIPAL":"Hidroelétrica","USO_COMPLEMENTAR":null,"BAR_DS_CLASSE":null,"BAR_NU_LATITUDE":-26.306900000000002,"BAR_NU_LONGITUDE":-49.318899999999999,"NIVEL_PERIGO":null,"IC_REGULADA":2,"REGULADA_PELO_PNSB":"Não","NM_EMPREENDEDOR":"USINA RIO VERMELHO DE ENERGIA LTDA.","ING_SG_UFMUNICIPIO":"SC","ING_NM_MUNICIPIO":"SÃO BENTO DO SUL","FASE_DE_VIDA":"Operação","ORG_NM_ORGANIZACAO":"Agência Nacional de Energia Elétrica - ANEEL","AUT_DT_EMISSAO_PUB":null,"AUT_NU_AUTORIZACAO":"K2dKBU7Ve2Fx7Wh","ECL_IC_EXISTE_ECLUSA":null,"ING_NM_BACIADNAEE":null,"ING_NM_REGIAO_HIDRO":"Região Hidrográfica ATLÂNTICO SUL","ING_CD_CURSODAGUA_TRECHO":"7952","ING_NM_TRECHO":"Rio Vermelho","DOMINIO_CURSO_DAGUA":null,"ING_NM_COMITEFEDERAL":null,"ING_NM_COMITEESTADUAL":"CBH do Rio Itapocu","UNIDADE_DE_GESTAO":"CBH do Rio Itapocu","POSSUI_PAE":null,"BAR_NU_CAP_TOTAL_RESERV":0.85999999999999999,"POSSUI_PLANO_SEGURANCA":"Não","INS_DT_INSPECAO":null,"TP_INSPECAO":null,"CATEGORIA_RISCO":"Baixo","DANO_POTENCIAL":"Baixo","POSSUI_REVISAO_PERIODICA":"Não","BARRAGEM_AUTUADA":"Não","COMPLETUDE":"ótima","OBJECTID":27910}},{"type":"Feature","id":4700,"geometry":{"type":"Point","coordinates":[-49.152800000000013,-26.302200000000028]},"properties":{"BAR_CD_SNISB":4700,"BAR_CD_BAR_ENT_FISCALIZADORA":"17122","BAR_NM_NOME":"PCH ITAPOCUZINHO IIA - Itapocuzinho IIa","BAR_NM_SECUNDARIO":null,"BAR_NU_ALT_MAX_BASE_FUNDACAO":7,"BAR_NU_ALT_MAX_NIVEL_TERRENO":5,"BAR_DT_CADASTRO":1627804192000,"TIPO_MATERIAL":"Concreto convencional","USO_PRINCIPAL":"Hidroelétrica","USO_COMPLEMENTAR":null,"BAR_DS_CLASSE":null,"BAR_NU_LATITUDE":-26.302200000000003,"BAR_NU_LONGITUDE":-49.152799999999999,"NIVEL_PERIGO":null,"IC_REGULADA":2,"REGULADA_PELO_PNSB":"Não","NM_EMPREENDEDOR":"RIBEIRÃO MANSO ENERGÉTICA S.A.","ING_SG_UFMUNICIPIO":"SC","ING_NM_MUNICIPIO":"JOINVILLE","FASE_DE_VIDA":"Operação","ORG_NM_ORGANIZACAO":"Agência Nacional de Energia Elétrica - ANEEL","AUT_DT_EMISSAO_PUB":1501459200000,"AUT_NU_AUTORIZACAO":"6.497","ECL_IC_EXISTE_ECLUSA":null,"ING_NM_BACIADNAEE":null,"ING_NM_REGIAO_HIDRO":"Região Hidrográfica ATLÂNTICO SUL","ING_CD_CURSODAGUA_TRECHO":"79526","ING_NM_TRECHO":"Rio Itapocuzinho","DOMINIO_CURSO_DAGUA":null,"ING_NM_COMITEFEDERAL":null,"ING_NM_COMITEESTADUAL":"CBH do Rio Itapocu","UNIDADE_DE_GESTAO":"CBH do Rio Itapocu","POSSUI_PAE":"Não","BAR_NU_CAP_TOTAL_RESERV":0.022796,"POSSUI_PLANO_SEGURANCA":"Sim","INS_DT_INSPECAO":null,"TP_INSPECAO":null,"CATEGORIA_RISCO":"Baixo","DANO_POTENCIAL":"Baixo","POSSUI_REVISAO_PERIODICA":"Sim","BARRAGEM_AUTUADA":"Não","COMPLETUDE":"ótima","OBJECTID":3341}},{"type":"Feature","id":20633,"geometry":{"type":"Point","coordinates":[-49.518300000000011,-27.135800000000017]},"properties":{"BAR_CD_SNISB":20633,"BAR_CD_BAR_ENT_FISCALIZADORA":"17174","BAR_NM_NOME":"UHE Salto Pilão - Margem Esquerda","BAR_NM_SECUNDARIO":null,"BAR_NU_ALT_MAX_BASE_FUNDACAO":9,"BAR_NU_ALT_MAX_NIVEL_TERRENO":9,"BAR_DT_CADASTRO":1627803887000,"TIPO_MATERIAL":"Terra-enrocamento","USO_PRINCIPAL":"Hidroelétrica","USO_COMPLEMENTAR":null,"BAR_DS_CLASSE":null,"BAR_NU_LATITUDE":-27.1358,"BAR_NU_LONGITUDE":-49.518300000000004,"NIVEL_PERIGO":null,"IC_REGULADA":2,"REGULADA_PELO_PNSB":"Não","NM_EMPREENDEDOR":"Dme Energética S.A. - DMEE","ING_SG_UFMUNICIPIO":"SC","ING_NM_MUNICIPIO":"IBIRAMA","FASE_DE_VIDA":"Operação","ORG_NM_ORGANIZACAO":"Agência Nacional de Energia Elétrica - ANEEL","AUT_DT_EMISSAO_PUB":null,"AUT_NU_AUTORIZACAO":"015/2002","ECL_IC_EXISTE_ECLUSA":null,"ING_NM_BACIADNAEE":null,"ING_NM_REGIAO_HIDRO":"Região Hidrográfica ATLÂNTICO SUL","ING_CD_CURSODAGUA_TRECHO":"7954","ING_NM_TRECHO":"Rio Itajaí-açu","DOMINIO_CURSO_DAGUA":null,"ING_NM_COMITEFEDERAL":null,"ING_NM_COMITEESTADUAL":"CBH do Rio Itajaí","UNIDADE_DE_GESTAO":"CBH do Rio Itajaí","POSSUI_PAE":"Não","BAR_NU_CAP_TOTAL_RESERV":2.2892009999999998,"POSSUI_PLANO_SEGURANCA":"Sim","INS_DT_INSPECAO":null,"TP_INSPECAO":null,"CATEGORIA_RISCO":"Baixo","DANO_POTENCIAL":"Baixo","POSSUI_REVISAO_PERIODICA":"Não","BARRAGEM_AUTUADA":"Não","COMPLETUDE":"ótima","OBJECTID":15617}},{"type":"Feature","id":4692,"geometry":{"type":"Point","coordinates":[-49.518300000000011,-27.135800000000017]},"properties":{"BAR_CD_SNISB":4692,"BAR_CD_BAR_ENT_FISCALIZADORA":"17173","BAR_NM_NOME":"UHE Salto Pilão - Vertedouro","BAR_NM_SECUNDARIO":null,"BAR_NU_ALT_MAX_BASE_FUNDACAO":4,"BAR_NU_ALT_MAX_NIVEL_TERRENO":4,"BAR_DT_CADASTRO":1627803886000,"TIPO_MATERIAL":"Concreto convencional","USO_PRINCIPAL":"Hidroelétrica","USO_COMPLEMENTAR":null,"BAR_DS_CLASSE":null,"BAR_NU_LATITUDE":-27.1358,"BAR_NU_LONGITUDE":-49.518300000000004,"NIVEL_PERIGO":null,"IC_REGULADA":2,"REGULADA_PELO_PNSB":"Não","NM_EMPREENDEDOR":"Dme Energética S.A. - DMEE","ING_SG_UFMUNICIPIO":"SC","ING_NM_MUNICIPIO":"IBIRAMA","FASE_DE_VIDA":"Operação","ORG_NM_ORGANIZACAO":"Agência Nacional de Energia Elétrica - ANEEL","AUT_DT_EMISSAO_PUB":946684800000,"AUT_NU_AUTORIZACAO":"015/2002","ECL_IC_EXISTE_ECLUSA":null,"ING_NM_BACIADNAEE":null,"ING_NM_REGIAO_HIDRO":"Região Hidrográfica ATLÂNTICO SUL","ING_CD_CURSODAGUA_TRECHO":"7954","ING_NM_TRECHO":"Rio Itajaí-açu","DOMINIO_CURSO_DAGUA":null,"ING_NM_COMITEFEDERAL":null,"ING_NM_COMITEESTADUAL":"CBH do Rio Itajaí","UNIDADE_DE_GESTAO":"CBH do Rio Itajaí","POSSUI_PAE":"Não","BAR_NU_CAP_TOTAL_RESERV":2.2892009999999998,"POSSUI_PLANO_SEGURANCA":"Sim","INS_DT_INSPECAO":null,"TP_INSPECAO":null,"CATEGORIA_RISCO":"Baixo","DANO_POTENCIAL":"Baixo","POSSUI_REVISAO_PERIODICA":"Não","BARRAGEM_AUTUADA":"Não","COMPLETUDE":"ótima","OBJECTID":3337}},{"type":"Feature","id":20976,"geometry":{"type":"Point","coordinates":[-49.173111111000026,-27.112805556000012]},"properties":{"BAR_CD_SNISB":20976,"BAR_CD_BAR_ENT_FISCALIZADORA":null,"BAR_NM_NOME":"Fazenda Santa Rita","BAR_NM_SECUNDARIO":null,"BAR_NU_ALT_MAX_BASE_FUNDACAO":0,"BAR_NU_ALT_MAX_NIVEL_TERRENO":0,"BAR_DT_CADASTRO":1593596201000,"TIPO_MATERIAL":"Sem Informação","USO_PRINCIPAL":"Irrigação","USO_COMPLEMENTAR":null,"BAR_DS_CLASSE":null,"BAR_NU_LATITUDE":-27.112805555599998,"BAR_NU_LONGITUDE":-49.173111111099999,"NIVEL_PERIGO":null,"IC_REGULADA":3,"REGULADA_PELO_PNSB":"Não Classificada","NM_EMPREENDEDOR":"Ranieri Luis Siquela","ING_SG_UFMUNICIPIO":"SC","ING_NM_MUNICIPIO":"INDAIAL","FASE_DE_VIDA":"Operação","ORG_NM_ORGANIZACAO":"Agência Nacional de Águas e Saneamento Básico - ANA","AUT_DT_EMISSAO_PUB":null,"AUT_NU_AUTORIZACAO":null,"ECL_IC_EXISTE_ECLUSA":null,"ING_NM_BACIADNAEE":null,"ING_NM_REGIAO_HIDRO":"Região Hidrográfica ATLÂNTICO SUL","ING_CD_CURSODAGUA_TRECHO":"795452","ING_NM_TRECHO":"Ribeirão Warnow e Rio Warnow Grande","DOMINIO_CURSO_DAGUA":"Estadual","ING_NM_COMITEFEDERAL":null,"ING_NM_COMITEESTADUAL":"CBH do Rio Itajaí","UNIDADE_DE_GESTAO":"CBH do Rio Itajaí","POSSUI_PAE":null,"BAR_NU_CAP_TOTAL_RESERV":0,"POSSUI_PLANO_SEGURANCA":"Não","INS_DT_INSPECAO":null,"TP_INSPECAO":null,"CATEGORIA_RISCO":"Não Classificado","DANO_POTENCIAL":"Não Classificado","POSSUI_REVISAO_PERIODICA":"Não","BARRAGEM_AUTUADA":"Não","COMPLETUDE":"mínima","OBJECTID":15952}},{"type":"Feature","id":20970,"geometry":{"type":"Point","coordinates":[-49.065055556000004,-27.039750000000026]},"properties":{"BAR_CD_SNISB":20970,"BAR_CD_BAR_ENT_FISCALIZADORA":null,"BAR_NM_NOME":"Fazenda dos Ventos Selvagens","BAR_NM_SECUNDARIO":null,"BAR_NU_ALT_MAX_BASE_FUNDACAO":0,"BAR_NU_ALT_MAX_NIVEL_TERRENO":0,"BAR_DT_CADASTRO":1593540712000,"TIPO_MATERIAL":"Sem Informação","USO_PRINCIPAL":"Irrigação","USO_COMPLEMENTAR":null,"BAR_DS_CLASSE":null,"BAR_NU_LATITUDE":-27.039749999999998,"BAR_NU_LONGITUDE":-49.065055555600004,"NIVEL_PERIGO":null,"IC_REGULADA":3,"REGULADA_PELO_PNSB":"Não Classificada","NM_EMPREENDEDOR":"Rubens Kurtz","ING_SG_UFMUNICIPIO":"SC","ING_NM_MUNICIPIO":"BLUMENAU","FASE_DE_VIDA":"Operação","ORG_NM_ORGANIZACAO":"Agência Nacional de Águas e Saneamento Básico - ANA","AUT_DT_EMISSAO_PUB":null,"AUT_NU_AUTORIZACAO":null,"ECL_IC_EXISTE_ECLUSA":null,"ING_NM_BACIADNAEE":null,"ING_NM_REGIAO_HIDRO":"Região Hidrográfica ATLÂNTICO SUL","ING_CD_CURSODAGUA_TRECHO":"795434","ING_NM_TRECHO":"Rio Garcia","DOMINIO_CURSO_DAGUA":"Estadual","ING_NM_COMITEFEDERAL":null,"ING_NM_COMITEESTADUAL":"CBH do Rio Itajaí","UNIDADE_DE_GESTAO":"CBH do Rio Itajaí","POSSUI_PAE":null,"BAR_NU_CAP_TOTAL_RESERV":0,"POSSUI_PLANO_SEGURANCA":"Não","INS_DT_INSPECAO":null,"TP_INSPECAO":null,"CATEGORIA_RISCO":"Não Classificado","DANO_POTENCIAL":"Não Classificado","POSSUI_REVISAO_PERIODICA":"Não","BARRAGEM_AUTUADA":"Não","COMPLETUDE":"mínima","OBJECTID":15946}},{"type":"Feature","id":4886,"geometry":{"type":"Point","coordinates":[-49.57080000000002,-27.037199999999984]},"properties":{"BAR_CD_SNISB":4886,"BAR_CD_BAR_ENT_FISCALIZADORA":"16412","BAR_NM_NOME":"PCH Ibirama - Ibirama","BAR_NM_SECUNDARIO":null,"BAR_NU_ALT_MAX_BASE_FUNDACAO":21,"BAR_NU_ALT_MAX_NIVEL_TERRENO":14.720000000000001,"BAR_DT_CADASTRO":1627803637000,"TIPO_MATERIAL":"Concreto convencional","USO_PRINCIPAL":"Hidroelétrica","USO_COMPLEMENTAR":null,"BAR_DS_CLASSE":null,"BAR_NU_LATITUDE":-27.037200000000002,"BAR_NU_LONGITUDE":-49.570800000000006,"NIVEL_PERIGO":null,"IC_REGULADA":1,"REGULADA_PELO_PNSB":"Sim","NM_EMPREENDEDOR":"IBIRAMA ENERGETICA S/A.","ING_SG_UFMUNICIPIO":"SC","ING_NM_MUNICIPIO":"IBIRAMA","FASE_DE_VIDA":"Operação","ORG_NM_ORGANIZACAO":"Agência Nacional de Energia Elétrica - ANEEL","AUT_DT_EMISSAO_PUB":1075248000000,"AUT_NU_AUTORIZACAO":"24","ECL_IC_EXISTE_ECLUSA":null,"ING_NM_BACIADNAEE":null,"ING_NM_REGIAO_HIDRO":"Região Hidrográfica ATLÂNTICO SUL","ING_CD_CURSODAGUA_TRECHO":"79546","ING_NM_TRECHO":"Rio Itajaí do Norte ou Hercílio","DOMINIO_CURSO_DAGUA":null,"ING_NM_COMITEFEDERAL":null,"ING_NM_COMITEESTADUAL":"CBH do Rio Itajaí","UNIDADE_DE_GESTAO":"CBH do Rio Itajaí","POSSUI_PAE":"Não","BAR_NU_CAP_TOTAL_RESERV":0.12,"POSSUI_PLANO_SEGURANCA":"Sim","INS_DT_INSPECAO":null,"TP_INSPECAO":null,"CATEGORIA_RISCO":"Baixo","DANO_POTENCIAL":"Baixo","POSSUI_REVISAO_PERIODICA":"Não","BARRAGEM_AUTUADA":"Não","COMPLETUDE":"boa","OBJECTID":3453}},{"type":"Feature","id":5085,"geometry":{"type":"Point","coordinates":[-49.574999999999989,-27.028099999999995]},"properties":{"BAR_CD_SNISB":5085,"BAR_CD_BAR_ENT_FISCALIZADORA":"9362","BAR_NM_NOME":"CGH Mafrás - PCH Mafras","BAR_NM_SECUNDARIO":null,"BAR_NU_ALT_MAX_BASE_FUNDACAO":3.5,"BAR_NU_ALT_MAX_NIVEL_TERRENO":3.5,"BAR_DT_CADASTRO":1627803177000,"TIPO_MATERIAL":"Enrocamento","USO_PRINCIPAL":"Hidroelétrica","USO_COMPLEMENTAR":null,"BAR_DS_CLASSE":null,"BAR_NU_LATITUDE":-27.028100000000002,"BAR_NU_LONGITUDE":-49.575000000000003,"NIVEL_PERIGO":null,"IC_REGULADA":3,"REGULADA_PELO_PNSB":"Não Classificada","NM_EMPREENDEDOR":"Mafrás Energia Ltda.","ING_SG_UFMUNICIPIO":"SC","ING_NM_MUNICIPIO":"IBIRAMA","FASE_DE_VIDA":"Operação","ORG_NM_ORGANIZACAO":"Agência Nacional de Energia Elétrica - ANEEL","AUT_DT_EMISSAO_PUB":950140800000,"AUT_NU_AUTORIZACAO":"Y9PlYtUJKxtW28Y","ECL_IC_EXISTE_ECLUSA":null,"ING_NM_BACIADNAEE":null,"ING_NM_REGIAO_HIDRO":"Região Hidrográfica ATLÂNTICO SUL","ING_CD_CURSODAGUA_TRECHO":"79546","ING_NM_TRECHO":"Rio Itajaí do Norte ou Hercílio","DOMINIO_CURSO_DAGUA":"Federal","ING_NM_COMITEFEDERAL":null,"ING_NM_COMITEESTADUAL":"CBH do Rio Itajaí","UNIDADE_DE_GESTAO":"CBH do Rio Itajaí","POSSUI_PAE":null,"BAR_NU_CAP_TOTAL_RESERV":0,"POSSUI_PLANO_SEGURANCA":"Não","INS_DT_INSPECAO":null,"TP_INSPECAO":null,"CATEGORIA_RISCO":"Baixo","DANO_POTENCIAL":"Baixo","POSSUI_REVISAO_PERIODICA":"Não","BARRAGEM_AUTUADA":"Não","COMPLETUDE":"mínima","OBJECTID":3566}},{"type":"Feature","id":24292,"geometry":{"type":"Point","coordinates":[-49.674699999999973,-26.997799999999984]},"properties":{"BAR_CD_SNISB":24292,"BAR_CD_BAR_ENT_FISCALIZADORA":"17278","BAR_NM_NOME":"CGH Helena Kuhlemann - CGH Helena Kuhlemann","BAR_NM_SECUNDARIO":null,"BAR_NU_ALT_MAX_BASE_FUNDACAO":3,"BAR_NU_ALT_MAX_NIVEL_TERRENO":3,"BAR_DT_CADASTRO":1627804198000,"TIPO_MATERIAL":"Concreto convencional","USO_PRINCIPAL":"Hidroelétrica","USO_COMPLEMENTAR":null,"BAR_DS_CLASSE":null,"BAR_NU_LATITUDE":-26.997800000000002,"BAR_NU_LONGITUDE":-49.674700000000001,"NIVEL_PERIGO":null,"IC_REGULADA":2,"REGULADA_PELO_PNSB":"Não","NM_EMPREENDEDOR":"FI BRA GERACAO LTDA","ING_SG_UFMUNICIPIO":"SC","ING_NM_MUNICIPIO":"PRESIDENTE GETÚLIO","FASE_DE_VIDA":"Operação","ORG_NM_ORGANIZACAO":"Agência Nacional de Energia Elétrica - ANEEL","AUT_DT_EMISSAO_PUB":null,"AUT_NU_AUTORIZACAO":"7B4POFGZCeV1O3W","ECL_IC_EXISTE_ECLUSA":null,"ING_NM_BACIADNAEE":null,"ING_NM_REGIAO_HIDRO":"Região Hidrográfica ATLÂNTICO SUL","ING_CD_CURSODAGUA_TRECHO":"795462","ING_NM_TRECHO":"Rio Krauel","DOMINIO_CURSO_DAGUA":null,"ING_NM_COMITEFEDERAL":null,"ING_NM_COMITEESTADUAL":"CBH do Rio Itajaí","UNIDADE_DE_GESTAO":"CBH do Rio Itajaí","POSSUI_PAE":null,"BAR_NU_CAP_TOTAL_RESERV":0.035465999999999998,"POSSUI_PLANO_SEGURANCA":"Não","INS_DT_INSPECAO":null,"TP_INSPECAO":null,"CATEGORIA_RISCO":"Baixo","DANO_POTENCIAL":"Baixo","POSSUI_REVISAO_PERIODICA":"Não","BARRAGEM_AUTUADA":"Não","COMPLETUDE":"ótima","OBJECTID":18621}},{"type":"Feature","id":24150,"geometry":{"type":"Point","coordinates":[-49.681899999999985,-26.987500000000011]},"properties":{"BAR_CD_SNISB":24150,"BAR_CD_BAR_ENT_FISCALIZADORA":"17234","BAR_NM_NOME":"CGH Karl Kuhlemann - CGH Karl Kuhlemann","BAR_NM_SECUNDARIO":null,"BAR_NU_ALT_MAX_BASE_FUNDACAO":4,"BAR_NU_ALT_MAX_NIVEL_TERRENO":4,"BAR_DT_CADASTRO":1627804214000,"TIPO_MATERIAL":"Concreto convencional","USO_PRINCIPAL":"Hidroelétrica","USO_COMPLEMENTAR":null,"BAR_DS_CLASSE":null,"BAR_NU_LATITUDE":-26.987500000000001,"BAR_NU_LONGITUDE":-49.681899999999999,"NIVEL_PERIGO":null,"IC_REGULADA":2,"REGULADA_PELO_PNSB":"Não","NM_EMPREENDEDOR":"HYDRO KUHLEMANN GERACAO LTDA","ING_SG_UFMUNICIPIO":"SC","ING_NM_MUNICIPIO":"PRESIDENTE GETÚLIO","FASE_DE_VIDA":"Operação","ORG_NM_ORGANIZACAO":"Agência Nacional de Energia Elétrica - ANEEL","AUT_DT_EMISSAO_PUB":null,"AUT_NU_AUTORIZACAO":"eO7VxM3K9lhlM7Q","ECL_IC_EXISTE_ECLUSA":null,"ING_NM_BACIADNAEE":null,"ING_NM_REGIAO_HIDRO":"Região Hidrográfica ATLÂNTICO SUL","ING_CD_CURSODAGUA_TRECHO":"795462","ING_NM_TRECHO":"Rio Krauel","DOMINIO_CURSO_DAGUA":null,"ING_NM_COMITEFEDERAL":null,"ING_NM_COMITEESTADUAL":"CBH do Rio Itajaí","UNIDADE_DE_GESTAO":"CBH do Rio Itajaí","POSSUI_PAE":null,"BAR_NU_CAP_TOTAL_RESERV":0.010121999999999999,"POSSUI_PLANO_SEGURANCA":"Não","INS_DT_INSPECAO":null,"TP_INSPECAO":null,"CATEGORIA_RISCO":"Baixo","DANO_POTENCIAL":"Baixo","POSSUI_REVISAO_PERIODICA":"Não","BARRAGEM_AUTUADA":"Não","COMPLETUDE":"ótima","OBJECTID":18480}},{"type":"Feature","id":6771,"geometry":{"type":"Point","coordinates":[-49.682759999999973,-26.893359999999973]},"properties":{"BAR_CD_SNISB":6771,"BAR_CD_BAR_ENT_FISCALIZADORA":null,"BAR_NM_NOME":"Barragem Norte","BAR_NM_SECUNDARIO":null,"BAR_NU_ALT_MAX_BASE_FUNDACAO":60,"BAR_NU_ALT_MAX_NIVEL_TERRENO":0,"BAR_DT_CADASTRO":1568297416000,"TIPO_MATERIAL":"Terra-enrocamento","USO_PRINCIPAL":"Defesa contra inundações","USO_COMPLEMENTAR":null,"BAR_DS_CLASSE":"A","BAR_NU_LATITUDE":-26.893359999999998,"BAR_NU_LONGITUDE":-49.682759999999995,"NIVEL_PERIGO":null,"IC_REGULADA":1,"REGULADA_PELO_PNSB":"Sim","NM_EMPREENDEDOR":"Barragem Oeste - SDC","ING_SG_UFMUNICIPIO":"SC","ING_NM_MUNICIPIO":"JOSÉ BOITEUX","FASE_DE_VIDA":"Operação","ORG_NM_ORGANIZACAO":"SC - Secretaria de Estado do Meio Ambiente e da Economia Verde - SEMAE","AUT_DT_EMISSAO_PUB":1590364800000,"AUT_NU_AUTORIZACAO":"204/2020","ECL_IC_EXISTE_ECLUSA":"Não","ING_NM_BACIADNAEE":null,"ING_NM_REGIAO_HIDRO":"Região Hidrográfica ATLÂNTICO SUL","ING_CD_CURSODAGUA_TRECHO":"79546","ING_NM_TRECHO":"Rio Itajaí do Norte ou Hercílio","DOMINIO_CURSO_DAGUA":"Federal","ING_NM_COMITEFEDERAL":null,"ING_NM_COMITEESTADUAL":"CBH do Rio Itajaí","UNIDADE_DE_GESTAO":"CBH do Rio Itajaí","POSSUI_PAE":"Sim","BAR_NU_CAP_TOTAL_RESERV":328.85000000000002,"POSSUI_PLANO_SEGURANCA":"Sim","INS_DT_INSPECAO":null,"TP_INSPECAO":null,"CATEGORIA_RISCO":"Médio","DANO_POTENCIAL":"Alto","POSSUI_REVISAO_PERIODICA":"Não","BARRAGEM_AUTUADA":"Não","COMPLETUDE":"boa","OBJECTID":4785}},{"type":"Feature","id":20581,"geometry":{"type":"Point","coordinates":[-49.118299999999977,-26.884999999999991]},"properties":{"BAR_CD_SNISB":20581,"BAR_CD_BAR_ENT_FISCALIZADORA":"17320","BAR_NM_NOME":"PCH Salto (Salto Weissbach) - Barragem IV","BAR_NM_SECUNDARIO":null,"BAR_NU_ALT_MAX_BASE_FUNDACAO":3.5,"BAR_NU_ALT_MAX_NIVEL_TERRENO":3.5,"BAR_DT_CADASTRO":1627803012000,"TIPO_MATERIAL":"Alvenaria","USO_PRINCIPAL":"Hidroelétrica","USO_COMPLEMENTAR":null,"BAR_DS_CLASSE":null,"BAR_NU_LATITUDE":-26.885000000000002,"BAR_NU_LONGITUDE":-49.118300000000005,"NIVEL_PERIGO":null,"IC_REGULADA":1,"REGULADA_PELO_PNSB":"Sim","NM_EMPREENDEDOR":"CELESC Geração S.A.","ING_SG_UFMUNICIPIO":"SC","ING_NM_MUNICIPIO":"BLUMENAU","FASE_DE_VIDA":"Operação","ORG_NM_ORGANIZACAO":"Agência Nacional de Energia Elétrica - ANEEL","AUT_DT_EMISSAO_PUB":null,"AUT_NU_AUTORIZACAO":"055","ECL_IC_EXISTE_ECLUSA":null,"ING_NM_BACIADNAEE":null,"ING_NM_REGIAO_HIDRO":"Região Hidrográfica ATLÂNTICO SUL","ING_CD_CURSODAGUA_TRECHO":"7954","ING_NM_TRECHO":"Rio Itajaí-açu","DOMINIO_CURSO_DAGUA":null,"ING_NM_COMITEFEDERAL":null,"ING_NM_COMITEESTADUAL":"CBH do Rio Itajaí","UNIDADE_DE_GESTAO":"CBH do Rio Itajaí","POSSUI_PAE":"Sim","BAR_NU_CAP_TOTAL_RESERV":1.5,"POSSUI_PLANO_SEGURANCA":"Sim","INS_DT_INSPECAO":null,"TP_INSPECAO":null,"CATEGORIA_RISCO":"Baixo","DANO_POTENCIAL":"Alto","POSSUI_REVISAO_PERIODICA":"Sim","BARRAGEM_AUTUADA":"Não","COMPLETUDE":"boa","OBJECTID":15565}},{"type":"Feature","id":20580,"geometry":{"type":"Point","coordinates":[-49.114700000000028,-26.883100000000013]},"properties":{"BAR_CD_SNISB":20580,"BAR_CD_BAR_ENT_FISCALIZADORA":"17319","BAR_NM_NOME":"PCH Salto (Salto Weissbach) - Barragem III","BAR_NM_SECUNDARIO":null,"BAR_NU_ALT_MAX_BASE_FUNDACAO":3.5,"BAR_NU_ALT_MAX_NIVEL_TERRENO":3.5,"BAR_DT_CADASTRO":1627803011000,"TIPO_MATERIAL":"Alvenaria","USO_PRINCIPAL":"Hidroelétrica","USO_COMPLEMENTAR":null,"BAR_DS_CLASSE":null,"BAR_NU_LATITUDE":-26.883100000000002,"BAR_NU_LONGITUDE":-49.114699999999999,"NIVEL_PERIGO":null,"IC_REGULADA":1,"REGULADA_PELO_PNSB":"Sim","NM_EMPREENDEDOR":"CELESC Geração S.A.","ING_SG_UFMUNICIPIO":"SC","ING_NM_MUNICIPIO":"BLUMENAU","FASE_DE_VIDA":"Operação","ORG_NM_ORGANIZACAO":"Agência Nacional de Energia Elétrica - ANEEL","AUT_DT_EMISSAO_PUB":null,"AUT_NU_AUTORIZACAO":"055","ECL_IC_EXISTE_ECLUSA":null,"ING_NM_BACIADNAEE":null,"ING_NM_REGIAO_HIDRO":"Região Hidrográfica ATLÂNTICO SUL","ING_CD_CURSODAGUA_TRECHO":"7954","ING_NM_TRECHO":"Rio Itajaí-açu","DOMINIO_CURSO_DAGUA":null,"ING_NM_COMITEFEDERAL":null,"ING_NM_COMITEESTADUAL":"CBH do Rio Itajaí","UNIDADE_DE_GESTAO":"CBH do Rio Itajaí","POSSUI_PAE":"Sim","BAR_NU_CAP_TOTAL_RESERV":1.5,"POSSUI_PLANO_SEGURANCA":"Sim","INS_DT_INSPECAO":null,"TP_INSPECAO":null,"CATEGORIA_RISCO":"Baixo","DANO_POTENCIAL":"Alto","POSSUI_REVISAO_PERIODICA":"Sim","BARRAGEM_AUTUADA":"Não","COMPLETUDE":"boa","OBJECTID":15564}},{"type":"Feature","id":20579,"geometry":{"type":"Point","coordinates":[-49.112199999999973,-26.882799999999975]},"properties":{"BAR_CD_SNISB":20579,"BAR_CD_BAR_ENT_FISCALIZADORA":"17318","BAR_NM_NOME":"PCH Salto (Salto Weissbach) - Barragem II","BAR_NM_SECUNDARIO":null,"BAR_NU_ALT_MAX_BASE_FUNDACAO":3.5,"BAR_NU_ALT_MAX_NIVEL_TERRENO":3.5,"BAR_DT_CADASTRO":1627803009000,"TIPO_MATERIAL":"Alvenaria","USO_PRINCIPAL":"Hidroelétrica","USO_COMPLEMENTAR":null,"BAR_DS_CLASSE":null,"BAR_NU_LATITUDE":-26.8828,"BAR_NU_LONGITUDE":-49.112200000000001,"NIVEL_PERIGO":null,"IC_REGULADA":1,"REGULADA_PELO_PNSB":"Sim","NM_EMPREENDEDOR":"CELESC Geração S.A.","ING_SG_UFMUNICIPIO":"SC","ING_NM_MUNICIPIO":"BLUMENAU","FASE_DE_VIDA":"Operação","ORG_NM_ORGANIZACAO":"Agência Nacional de Energia Elétrica - ANEEL","AUT_DT_EMISSAO_PUB":null,"AUT_NU_AUTORIZACAO":"055","ECL_IC_EXISTE_ECLUSA":null,"ING_NM_BACIADNAEE":null,"ING_NM_REGIAO_HIDRO":"Região Hidrográfica ATLÂNTICO SUL","ING_CD_CURSODAGUA_TRECHO":"7954","ING_NM_TRECHO":"Rio Itajaí-açu","DOMINIO_CURSO_DAGUA":null,"ING_NM_COMITEFEDERAL":null,"ING_NM_COMITEESTADUAL":"CBH do Rio Itajaí","UNIDADE_DE_GESTAO":"CBH do Rio Itajaí","POSSUI_PAE":"Sim","BAR_NU_CAP_TOTAL_RESERV":1.5,"POSSUI_PLANO_SEGURANCA":"Sim","INS_DT_INSPECAO":null,"TP_INSPECAO":null,"CATEGORIA_RISCO":"Baixo","DANO_POTENCIAL":"Alto","POSSUI_REVISAO_PERIODICA":"Sim","BARRAGEM_AUTUADA":"Não","COMPLETUDE":"boa","OBJECTID":15563}},{"type":"Feature","id":6784,"geometry":{"type":"Point","coordinates":[-49.517580000000009,-26.8827]},"properties":{"BAR_CD_SNISB":6784,"BAR_CD_BAR_ENT_FISCALIZADORA":null,"BAR_NM_NOME":"CEESAM 63","BAR_NM_SECUNDARIO":null,"BAR_NU_ALT_MAX_BASE_FUNDACAO":9.7000000000000011,"BAR_NU_ALT_MAX_NIVEL_TERRENO":0,"BAR_DT_CADASTRO":1568297417000,"TIPO_MATERIAL":"Terra","USO_PRINCIPAL":"Regularização de vazão","USO_COMPLEMENTAR":null,"BAR_DS_CLASSE":"A","BAR_NU_LATITUDE":-26.8827,"BAR_NU_LONGITUDE":-49.517579999999995,"NIVEL_PERIGO":null,"IC_REGULADA":1,"REGULADA_PELO_PNSB":"Sim","NM_EMPREENDEDOR":"COOPERATIVA GERADORA DE ENERGIA ELETRICA E DESENVOLVIMENTO SANTA MARIA","ING_SG_UFMUNICIPIO":"SC","ING_NM_MUNICIPIO":"BENEDITO NOVO","FASE_DE_VIDA":"Operação","ORG_NM_ORGANIZACAO":"SC - Secretaria de Estado do Meio Ambiente e da Economia Verde - SEMAE","AUT_DT_EMISSAO_PUB":null,"AUT_NU_AUTORIZACAO":"s/n","ECL_IC_EXISTE_ECLUSA":null,"ING_NM_BACIADNAEE":null,"ING_NM_REGIAO_HIDRO":"Região Hidrográfica ATLÂNTICO SUL","ING_CD_CURSODAGUA_TRECHO":"79544","ING_NM_TRECHO":"Rio Benedito","DOMINIO_CURSO_DAGUA":"Federal","ING_NM_COMITEFEDERAL":null,"ING_NM_COMITEESTADUAL":"CBH do Rio Itajaí","UNIDADE_DE_GESTAO":"CBH do Rio Itajaí","POSSUI_PAE":"Não","BAR_NU_CAP_TOTAL_RESERV":0.14200000000000002,"POSSUI_PLANO_SEGURANCA":"Não","INS_DT_INSPECAO":null,"TP_INSPECAO":null,"CATEGORIA_RISCO":"Médio","DANO_POTENCIAL":"Alto","POSSUI_REVISAO_PERIODICA":"Não","BARRAGEM_AUTUADA":"Não","COMPLETUDE":"boa","OBJECTID":4794}},{"type":"Feature","id":6783,"geometry":{"type":"Point","coordinates":[-49.520770000000027,-26.880870000000016]},"properties":{"BAR_CD_SNISB":6783,"BAR_CD_BAR_ENT_FISCALIZADORA":null,"BAR_NM_NOME":"CEESAM 64","BAR_NM_SECUNDARIO":null,"BAR_NU_ALT_MAX_BASE_FUNDACAO":14.4,"BAR_NU_ALT_MAX_NIVEL_TERRENO":0,"BAR_DT_CADASTRO":1568297417000,"TIPO_MATERIAL":"Terra","USO_PRINCIPAL":"Regularização de vazão","USO_COMPLEMENTAR":null,"BAR_DS_CLASSE":"A","BAR_NU_LATITUDE":-26.880869999999998,"BAR_NU_LONGITUDE":-49.520769999999999,"NIVEL_PERIGO":null,"IC_REGULADA":1,"REGULADA_PELO_PNSB":"Sim","NM_EMPREENDEDOR":"COOPERATIVA GERADORA DE ENERGIA ELETRICA E DESENVOLVIMENTO SANTA MARIA","ING_SG_UFMUNICIPIO":"SC","ING_NM_MUNICIPIO":"BENEDITO NOVO","FASE_DE_VIDA":"Operação","ORG_NM_ORGANIZACAO":"SC - Secretaria de Estado do Meio Ambiente e da Economia Verde - SEMAE","AUT_DT_EMISSAO_PUB":null,"AUT_NU_AUTORIZACAO":"s/n","ECL_IC_EXISTE_ECLUSA":null,"ING_NM_BACIADNAEE":null,"ING_NM_REGIAO_HIDRO":"Região Hidrográfica ATLÂNTICO SUL","ING_CD_CURSODAGUA_TRECHO":"79544","ING_NM_TRECHO":"Rio Benedito","DOMINIO_CURSO_DAGUA":"Federal","ING_NM_COMITEFEDERAL":null,"ING_NM_COMITEESTADUAL":"CBH do Rio Itajaí","UNIDADE_DE_GESTAO":"CBH do Rio Itajaí","POSSUI_PAE":"Não","BAR_NU_CAP_TOTAL_RESERV":0.193,"POSSUI_PLANO_SEGURANCA":"Não","INS_DT_INSPECAO":null,"TP_INSPECAO":null,"CATEGORIA_RISCO":"Médio","DANO_POTENCIAL":"Alto","POSSUI_REVISAO_PERIODICA":"Não","BARRAGEM_AUTUADA":"Não","COMPLETUDE":"boa","OBJECTID":4793}},{"type":"Feature","id":5182,"geometry":{"type":"Point","coordinates":[-49.109699999999975,-26.879700000000014]},"properties":{"BAR_CD_SNISB":5182,"BAR_CD_BAR_ENT_FISCALIZADORA":"17317","BAR_NM_NOME":"PCH Salto (Salto Weissbach) - Barragem I","BAR_NM_SECUNDARIO":null,"BAR_NU_ALT_MAX_BASE_FUNDACAO":3.5,"BAR_NU_ALT_MAX_NIVEL_TERRENO":3.5,"BAR_DT_CADASTRO":1627803008000,"TIPO_MATERIAL":"Alvenaria","USO_PRINCIPAL":"Hidroelétrica","USO_COMPLEMENTAR":null,"BAR_DS_CLASSE":null,"BAR_NU_LATITUDE":-26.8797,"BAR_NU_LONGITUDE":-49.109700000000004,"NIVEL_PERIGO":null,"IC_REGULADA":1,"REGULADA_PELO_PNSB":"Sim","NM_EMPREENDEDOR":"CELESC Geração S.A.","ING_SG_UFMUNICIPIO":"SC","ING_NM_MUNICIPIO":"BLUMENAU","FASE_DE_VIDA":"Operação","ORG_NM_ORGANIZACAO":"Agência Nacional de Energia Elétrica - ANEEL","AUT_DT_EMISSAO_PUB":946684800000,"AUT_NU_AUTORIZACAO":"055","ECL_IC_EXISTE_ECLUSA":null,"ING_NM_BACIADNAEE":null,"ING_NM_REGIAO_HIDRO":"Região Hidrográfica ATLÂNTICO SUL","ING_CD_CURSODAGUA_TRECHO":"7954","ING_NM_TRECHO":"Rio Itajaí-açu","DOMINIO_CURSO_DAGUA":null,"ING_NM_COMITEFEDERAL":null,"ING_NM_COMITEESTADUAL":"CBH do Rio Itajaí","UNIDADE_DE_GESTAO":"CBH do Rio Itajaí","POSSUI_PAE":"Sim","BAR_NU_CAP_TOTAL_RESERV":1.5,"POSSUI_PLANO_SEGURANCA":"Sim","INS_DT_INSPECAO":null,"TP_INSPECAO":null,"CATEGORIA_RISCO":"Baixo","DANO_POTENCIAL":"Alto","POSSUI_REVISAO_PERIODICA":"Sim","BARRAGEM_AUTUADA":"Não","COMPLETUDE":"boa","OBJECTID":3626}},{"type":"Feature","id":6781,"geometry":{"type":"Point","coordinates":[-49.525160000000028,-26.876629999999977]},"properties":{"BAR_CD_SNISB":6781,"BAR_CD_BAR_ENT_FISCALIZADORA":null,"BAR_NM_NOME":"CEESAM 65","BAR_NM_SECUNDARIO":null,"BAR_NU_ALT_MAX_BASE_FUNDACAO":11,"BAR_NU_ALT_MAX_NIVEL_TERRENO":0,"BAR_DT_CADASTRO":1568297417000,"TIPO_MATERIAL":"Terra","USO_PRINCIPAL":"Regularização de vazão","USO_COMPLEMENTAR":null,"BAR_DS_CLASSE":"A","BAR_NU_LATITUDE":-26.876629999999999,"BAR_NU_LONGITUDE":-49.52516,"NIVEL_PERIGO":null,"IC_REGULADA":1,"REGULADA_PELO_PNSB":"Sim","NM_EMPREENDEDOR":"COOPERATIVA GERADORA DE ENERGIA ELETRICA E DESENVOLVIMENTO SANTA MARIA","ING_SG_UFMUNICIPIO":"SC","ING_NM_MUNICIPIO":"BENEDITO NOVO","FASE_DE_VIDA":"Operação","ORG_NM_ORGANIZACAO":"SC - Secretaria de Estado do Meio Ambiente e da Economia Verde - SEMAE","AUT_DT_EMISSAO_PUB":null,"AUT_NU_AUTORIZACAO":"s/n","ECL_IC_EXISTE_ECLUSA":null,"ING_NM_BACIADNAEE":null,"ING_NM_REGIAO_HIDRO":"Região Hidrográfica ATLÂNTICO SUL","ING_CD_CURSODAGUA_TRECHO":"79544","ING_NM_TRECHO":"Rio Benedito","DOMINIO_CURSO_DAGUA":"Federal","ING_NM_COMITEFEDERAL":null,"ING_NM_COMITEESTADUAL":"CBH do Rio Itajaí","UNIDADE_DE_GESTAO":"CBH do Rio Itajaí","POSSUI_PAE":"Não","BAR_NU_CAP_TOTAL_RESERV":0.35800000000000004,"POSSUI_PLANO_SEGURANCA":"Não","INS_DT_INSPECAO":null,"TP_INSPECAO":null,"CATEGORIA_RISCO":"Médio","DANO_POTENCIAL":"Alto","POSSUI_REVISAO_PERIODICA":"Não","BARRAGEM_AUTUADA":"Não","COMPLETUDE":"boa","OBJECTID":4791}},{"type":"Feature","id":34837,"geometry":{"type":"Point","coordinates":[-49.160799999999995,-26.820600000000013]},"properties":{"BAR_CD_SNISB":34837,"BAR_CD_BAR_ENT_FISCALIZADORA":"17713","BAR_NM_NOME":"CGH Weiku - CGH Weiku","BAR_NM_SECUNDARIO":null,"BAR_NU_ALT_MAX_BASE_FUNDACAO":2.6000000000000001,"BAR_NU_ALT_MAX_NIVEL_TERRENO":2.1000000000000001,"BAR_DT_CADASTRO":1745886077000,"TIPO_MATERIAL":"Concreto convencional","USO_PRINCIPAL":"Hidroelétrica","USO_COMPLEMENTAR":null,"BAR_DS_CLASSE":null,"BAR_NU_LATITUDE":-26.820600000000002,"BAR_NU_LONGITUDE":-49.160800000000002,"NIVEL_PERIGO":null,"IC_REGULADA":2,"REGULADA_PELO_PNSB":"Não","NM_EMPREENDEDOR":"WEIKU DO BRASIL LTDA","ING_SG_UFMUNICIPIO":"SC","ING_NM_MUNICIPIO":"Pomerode","FASE_DE_VIDA":"Operação","ORG_NM_ORGANIZACAO":"Agência Nacional de Energia Elétrica - ANEEL","AUT_DT_EMISSAO_PUB":null,"AUT_NU_AUTORIZACAO":"I9QQYhP4AF7VJeA","ECL_IC_EXISTE_ECLUSA":null,"ING_NM_BACIADNAEE":null,"ING_NM_REGIAO_HIDRO":"Região Hidrográfica ATLÂNTICO SUL","ING_CD_CURSODAGUA_TRECHO":"795438","ING_NM_TRECHO":"Rio do Testo","DOMINIO_CURSO_DAGUA":null,"ING_NM_COMITEFEDERAL":null,"ING_NM_COMITEESTADUAL":"CBH do Rio Itajaí","UNIDADE_DE_GESTAO":"CBH do Rio Itajaí","POSSUI_PAE":null,"BAR_NU_CAP_TOTAL_RESERV":0.0090000000000000011,"POSSUI_PLANO_SEGURANCA":"Não","INS_DT_INSPECAO":null,"TP_INSPECAO":null,"CATEGORIA_RISCO":"Baixo","DANO_POTENCIAL":"Baixo","POSSUI_REVISAO_PERIODICA":"Não","BARRAGEM_AUTUADA":"Não","COMPLETUDE":"ótima","OBJECTID":27932}},{"type":"Feature","id":23648,"geometry":{"type":"Point","coordinates":[-49.826027778000025,-26.796305555999993]},"properties":{"BAR_CD_SNISB":23648,"BAR_CD_BAR_ENT_FISCALIZADORA":null,"BAR_NM_NOME":"Massa d'Água #205737","BAR_NM_SECUNDARIO":null,"BAR_NU_ALT_MAX_BASE_FUNDACAO":null,"BAR_NU_ALT_MAX_NIVEL_TERRENO":null,"BAR_DT_CADASTRO":1613150603000,"TIPO_MATERIAL":"Sem Informação","USO_PRINCIPAL":"Irrigação","USO_COMPLEMENTAR":null,"BAR_DS_CLASSE":null,"BAR_NU_LATITUDE":-26.7963055556,"BAR_NU_LONGITUDE":-49.8260277778,"NIVEL_PERIGO":null,"IC_REGULADA":3,"REGULADA_PELO_PNSB":"Não Classificada","NM_EMPREENDEDOR":null,"ING_SG_UFMUNICIPIO":"SC","ING_NM_MUNICIPIO":"VITOR MEIRELES","FASE_DE_VIDA":null,"ORG_NM_ORGANIZACAO":"Agência Nacional de Águas e Saneamento Básico - ANA","AUT_DT_EMISSAO_PUB":null,"AUT_NU_AUTORIZACAO":null,"ECL_IC_EXISTE_ECLUSA":null,"ING_NM_BACIADNAEE":null,"ING_NM_REGIAO_HIDRO":"Região Hidrográfica ATLÂNTICO SUL","ING_CD_CURSODAGUA_TRECHO":"7954654","ING_NM_TRECHO":"Rio Denek","DOMINIO_CURSO_DAGUA":"Estadual","ING_NM_COMITEFEDERAL":null,"ING_NM_COMITEESTADUAL":"CBH do Rio Itajaí","UNIDADE_DE_GESTAO":"CBH do Rio Itajaí","POSSUI_PAE":null,"BAR_NU_CAP_TOTAL_RESERV":null,"POSSUI_PLANO_SEGURANCA":"Não","INS_DT_INSPECAO":null,"TP_INSPECAO":null,"CATEGORIA_RISCO":"Não Classificado","DANO_POTENCIAL":"Não Classificado","POSSUI_REVISAO_PERIODICA":"Não","BARRAGEM_AUTUADA":"Não","COMPLETUDE":"mínima","OBJECTID":17982}},{"type":"Feature","id":34247,"geometry":{"type":"Point","coordinates":[-49.426899999999989,-26.786099999999976]},"properties":{"BAR_CD_SNISB":34247,"BAR_CD_BAR_ENT_FISCALIZADORA":"16585","BAR_NM_NOME":"CGH LIBERDADE - Liberdade","BAR_NM_SECUNDARIO":null,"BAR_NU_ALT_MAX_BASE_FUNDACAO":2.3999999999999999,"BAR_NU_ALT_MAX_NIVEL_TERRENO":2.2000000000000002,"BAR_DT_CADASTRO":1738010605000,"TIPO_MATERIAL":"Concreto convencional","USO_PRINCIPAL":"Hidroelétrica","USO_COMPLEMENTAR":null,"BAR_DS_CLASSE":null,"BAR_NU_LATITUDE":-26.786100000000001,"BAR_NU_LONGITUDE":-49.426900000000003,"NIVEL_PERIGO":null,"IC_REGULADA":2,"REGULADA_PELO_PNSB":"Não","NM_EMPREENDEDOR":"HAVAN S.A","ING_SG_UFMUNICIPIO":"SC","ING_NM_MUNICIPIO":"BENEDITO NOVO","FASE_DE_VIDA":"Operação","ORG_NM_ORGANIZACAO":"Agência Nacional de Energia Elétrica - ANEEL","AUT_DT_EMISSAO_PUB":null,"AUT_NU_AUTORIZACAO":"eIAYSxQUIMZG5hh","ECL_IC_EXISTE_ECLUSA":null,"ING_NM_BACIADNAEE":null,"ING_NM_REGIAO_HIDRO":"Região Hidrográfica ATLÂNTICO SUL","ING_CD_CURSODAGUA_TRECHO":"79544","ING_NM_TRECHO":"Rio Benedito","DOMINIO_CURSO_DAGUA":null,"ING_NM_COMITEFEDERAL":null,"ING_NM_COMITEESTADUAL":"CBH do Rio Itajaí","UNIDADE_DE_GESTAO":"CBH do Rio Itajaí","POSSUI_PAE":null,"BAR_NU_CAP_TOTAL_RESERV":1.5,"POSSUI_PLANO_SEGURANCA":"Não","INS_DT_INSPECAO":null,"TP_INSPECAO":null,"CATEGORIA_RISCO":"Baixo","DANO_POTENCIAL":"Baixo","POSSUI_REVISAO_PERIODICA":"Não","BARRAGEM_AUTUADA":"Não","COMPLETUDE":"ótima","OBJECTID":27349}},{"type":"Feature","id":4437,"geometry":{"type":"Point","coordinates":[-49.416899999999998,-26.783900000000017]},"properties":{"BAR_CD_SNISB":4437,"BAR_CD_BAR_ENT_FISCALIZADORA":"17292","BAR_NM_NOME":"PCH Alto Benedito II - PCH Alto Benedito Novo II","BAR_NM_SECUNDARIO":null,"BAR_NU_ALT_MAX_BASE_FUNDACAO":4,"BAR_NU_ALT_MAX_NIVEL_TERRENO":4,"BAR_DT_CADASTRO":1627802994000,"TIPO_MATERIAL":"Concreto convencional","USO_PRINCIPAL":"Hidroelétrica","USO_COMPLEMENTAR":null,"BAR_DS_CLASSE":null,"BAR_NU_LATITUDE":-26.783900000000003,"BAR_NU_LONGITUDE":-49.416900000000005,"NIVEL_PERIGO":null,"IC_REGULADA":2,"REGULADA_PELO_PNSB":"Não","NM_EMPREENDEDOR":"HIDRELETRICA SENS LTDA","ING_SG_UFMUNICIPIO":"SC","ING_NM_MUNICIPIO":"BENEDITO NOVO","FASE_DE_VIDA":"Operação","ORG_NM_ORGANIZACAO":"Agência Nacional de Energia Elétrica - ANEEL","AUT_DT_EMISSAO_PUB":1473292800000,"AUT_NU_AUTORIZACAO":"6.010","ECL_IC_EXISTE_ECLUSA":null,"ING_NM_BACIADNAEE":null,"ING_NM_REGIAO_HIDRO":"Região Hidrográfica ATLÂNTICO SUL","ING_CD_CURSODAGUA_TRECHO":"79544","ING_NM_TRECHO":"Rio Benedito","DOMINIO_CURSO_DAGUA":null,"ING_NM_COMITEFEDERAL":null,"ING_NM_COMITEESTADUAL":"CBH do Rio Itajaí","UNIDADE_DE_GESTAO":"CBH do Rio Itajaí","POSSUI_PAE":null,"BAR_NU_CAP_TOTAL_RESERV":0.016478,"POSSUI_PLANO_SEGURANCA":"Não","INS_DT_INSPECAO":null,"TP_INSPECAO":null,"CATEGORIA_RISCO":"Baixo","DANO_POTENCIAL":"Baixo","POSSUI_REVISAO_PERIODICA":"Não","BARRAGEM_AUTUADA":"Não","COMPLETUDE":"ótima","OBJECTID":3193}},{"type":"Feature","id":34200,"geometry":{"type":"Point","coordinates":[-49.400300000000016,-26.781400000000019]},"properties":{"BAR_CD_SNISB":34200,"BAR_CD_BAR_ENT_FISCALIZADORA":"16609","BAR_NM_NOME":"PCH Águas da Serra - PCH ÁGUAS DA SERRA","BAR_NM_SECUNDARIO":null,"BAR_NU_ALT_MAX_BASE_FUNDACAO":1.8,"BAR_NU_ALT_MAX_NIVEL_TERRENO":1.8,"BAR_DT_CADASTRO":1738009757000,"TIPO_MATERIAL":"Concreto convencional","USO_PRINCIPAL":"Hidroelétrica","USO_COMPLEMENTAR":null,"BAR_DS_CLASSE":null,"BAR_NU_LATITUDE":-26.781400000000001,"BAR_NU_LONGITUDE":-49.400300000000001,"NIVEL_PERIGO":null,"IC_REGULADA":2,"REGULADA_PELO_PNSB":"Não","NM_EMPREENDEDOR":"COMPANHIA ENERGÉTICA ÁGUAS DA SERRA S.A","ING_SG_UFMUNICIPIO":"SC","ING_NM_MUNICIPIO":"BENEDITO NOVO","FASE_DE_VIDA":"Operação","ORG_NM_ORGANIZACAO":"Agência Nacional de Energia Elétrica - ANEEL","AUT_DT_EMISSAO_PUB":1574985600000,"AUT_NU_AUTORIZACAO":"437","ECL_IC_EXISTE_ECLUSA":null,"ING_NM_BACIADNAEE":null,"ING_NM_REGIAO_HIDRO":"Região Hidrográfica ATLÂNTICO SUL","ING_CD_CURSODAGUA_TRECHO":"79544","ING_NM_TRECHO":"Rio Benedito","DOMINIO_CURSO_DAGUA":null,"ING_NM_COMITEFEDERAL":null,"ING_NM_COMITEESTADUAL":"CBH do Rio Itajaí","UNIDADE_DE_GESTAO":"CBH do Rio Itajaí","POSSUI_PAE":null,"BAR_NU_CAP_TOTAL_RESERV":1.8,"POSSUI_PLANO_SEGURANCA":"Não","INS_DT_INSPECAO":null,"TP_INSPECAO":null,"CATEGORIA_RISCO":"Baixo","DANO_POTENCIAL":"Baixo","POSSUI_REVISAO_PERIODICA":"Não","BARRAGEM_AUTUADA":"Não","COMPLETUDE":"ótima","OBJECTID":27302}},{"type":"Feature","id":24187,"geometry":{"type":"Point","coordinates":[-49.399999999999977,-26.781099999999981]},"properties":{"BAR_CD_SNISB":24187,"BAR_CD_BAR_ENT_FISCALIZADORA":"5455","BAR_NM_NOME":"CGH Alto Benedito Novo - 1","BAR_NM_SECUNDARIO":null,"BAR_NU_ALT_MAX_BASE_FUNDACAO":2.5,"BAR_NU_ALT_MAX_NIVEL_TERRENO":250,"BAR_DT_CADASTRO":1627804336000,"TIPO_MATERIAL":"Concreto convencional","USO_PRINCIPAL":"Hidroelétrica","USO_COMPLEMENTAR":null,"BAR_DS_CLASSE":null,"BAR_NU_LATITUDE":-26.781100000000002,"BAR_NU_LONGITUDE":-49.399999999999999,"NIVEL_PERIGO":null,"IC_REGULADA":1,"REGULADA_PELO_PNSB":"Sim","NM_EMPREENDEDOR":"COOPERATIVA GERADORA DE ENERGIA ELETRICA E DESENVOLVIMENTO SANTA MARIA","ING_SG_UFMUNICIPIO":"SC","ING_NM_MUNICIPIO":"BENEDITO NOVO","FASE_DE_VIDA":"Operação","ORG_NM_ORGANIZACAO":"Agência Nacional de Energia Elétrica - ANEEL","AUT_DT_EMISSAO_PUB":null,"AUT_NU_AUTORIZACAO":"OxtZQxlJJ9AIVxt","ECL_IC_EXISTE_ECLUSA":null,"ING_NM_BACIADNAEE":null,"ING_NM_REGIAO_HIDRO":"Região Hidrográfica ATLÂNTICO SUL","ING_CD_CURSODAGUA_TRECHO":"79544","ING_NM_TRECHO":"Rio Benedito","DOMINIO_CURSO_DAGUA":null,"ING_NM_COMITEFEDERAL":null,"ING_NM_COMITEESTADUAL":"CBH do Rio Itajaí","UNIDADE_DE_GESTAO":"CBH do Rio Itajaí","POSSUI_PAE":null,"BAR_NU_CAP_TOTAL_RESERV":0.0030000000000000001,"POSSUI_PLANO_SEGURANCA":"Não","INS_DT_INSPECAO":null,"TP_INSPECAO":null,"CATEGORIA_RISCO":"Baixo","DANO_POTENCIAL":"Baixo","POSSUI_REVISAO_PERIODICA":"Não","BARRAGEM_AUTUADA":"Não","COMPLETUDE":"boa","OBJECTID":18517}},{"type":"Feature","id":34201,"geometry":{"type":"Point","coordinates":[-49.39670000000001,-26.780799999999999]},"properties":{"BAR_CD_SNISB":34201,"BAR_CD_BAR_ENT_FISCALIZADORA":"16611","BAR_NM_NOME":"CGH Alto Benedito Novo - 01","BAR_NM_SECUNDARIO":null,"BAR_NU_ALT_MAX_BASE_FUNDACAO":1,"BAR_NU_ALT_MAX_NIVEL_TERRENO":0,"BAR_DT_CADASTRO":1738009760000,"TIPO_MATERIAL":"Concreto convencional","USO_PRINCIPAL":"Hidroelétrica","USO_COMPLEMENTAR":null,"BAR_DS_CLASSE":null,"BAR_NU_LATITUDE":-26.780800000000003,"BAR_NU_LONGITUDE":-49.396700000000003,"NIVEL_PERIGO":null,"IC_REGULADA":2,"REGULADA_PELO_PNSB":"Não","NM_EMPREENDEDOR":"COOPERATIVA GERADORA DE ENERGIA ELETRICA E DESENVOLVIMENTO SANTA MARIA","ING_SG_UFMUNICIPIO":"SC","ING_NM_MUNICIPIO":"BENEDITO NOVO","FASE_DE_VIDA":"Operação","ORG_NM_ORGANIZACAO":"Agência Nacional de Energia Elétrica - ANEEL","AUT_DT_EMISSAO_PUB":null,"AUT_NU_AUTORIZACAO":"OxtZQxlJJ9AIVxt","ECL_IC_EXISTE_ECLUSA":null,"ING_NM_BACIADNAEE":null,"ING_NM_REGIAO_HIDRO":"Região Hidrográfica ATLÂNTICO SUL","ING_CD_CURSODAGUA_TRECHO":"79544","ING_NM_TRECHO":"Rio Benedito","DOMINIO_CURSO_DAGUA":null,"ING_NM_COMITEFEDERAL":null,"ING_NM_COMITEESTADUAL":"CBH do Rio Itajaí","UNIDADE_DE_GESTAO":"CBH do Rio Itajaí","POSSUI_PAE":null,"BAR_NU_CAP_TOTAL_RESERV":0.0025000000000000001,"POSSUI_PLANO_SEGURANCA":"Não","INS_DT_INSPECAO":null,"TP_INSPECAO":null,"CATEGORIA_RISCO":"Baixo","DANO_POTENCIAL":"Baixo","POSSUI_REVISAO_PERIODICA":"Não","BARRAGEM_AUTUADA":"Não","COMPLETUDE":"ótima","OBJECTID":27303}},{"type":"Feature","id":34202,"geometry":{"type":"Point","coordinates":[-49.39670000000001,-26.780799999999999]},"properties":{"BAR_CD_SNISB":34202,"BAR_CD_BAR_ENT_FISCALIZADORA":"16612","BAR_NM_NOME":"CGH Alto Benedito Novo - 02","BAR_NM_SECUNDARIO":null,"BAR_NU_ALT_MAX_BASE_FUNDACAO":2.5,"BAR_NU_ALT_MAX_NIVEL_TERRENO":1,"BAR_DT_CADASTRO":1738009763000,"TIPO_MATERIAL":null,"USO_PRINCIPAL":"Hidroelétrica","USO_COMPLEMENTAR":null,"BAR_DS_CLASSE":null,"BAR_NU_LATITUDE":-26.780800000000003,"BAR_NU_LONGITUDE":-49.396700000000003,"NIVEL_PERIGO":null,"IC_REGULADA":2,"REGULADA_PELO_PNSB":"Não","NM_EMPREENDEDOR":"COOPERATIVA GERADORA DE ENERGIA ELETRICA E DESENVOLVIMENTO SANTA MARIA","ING_SG_UFMUNICIPIO":"SC","ING_NM_MUNICIPIO":"BENEDITO NOVO","FASE_DE_VIDA":"Operação","ORG_NM_ORGANIZACAO":"Agência Nacional de Energia Elétrica - ANEEL","AUT_DT_EMISSAO_PUB":null,"AUT_NU_AUTORIZACAO":"OxtZQxlJJ9AIVxt","ECL_IC_EXISTE_ECLUSA":null,"ING_NM_BACIADNAEE":null,"ING_NM_REGIAO_HIDRO":"Região Hidrográfica ATLÂNTICO SUL","ING_CD_CURSODAGUA_TRECHO":"79544","ING_NM_TRECHO":"Rio Benedito","DOMINIO_CURSO_DAGUA":null,"ING_NM_COMITEFEDERAL":null,"ING_NM_COMITEESTADUAL":"CBH do Rio Itajaí","UNIDADE_DE_GESTAO":"CBH do Rio Itajaí","POSSUI_PAE":null,"BAR_NU_CAP_TOTAL_RESERV":0.0025000000000000001,"POSSUI_PLANO_SEGURANCA":"Não","INS_DT_INSPECAO":null,"TP_INSPECAO":null,"CATEGORIA_RISCO":"Baixo","DANO_POTENCIAL":"Baixo","POSSUI_REVISAO_PERIODICA":"Não","BARRAGEM_AUTUADA":"Não","COMPLETUDE":"ótima","OBJECTID":27304}},{"type":"Feature","id":4941,"geometry":{"type":"Point","coordinates":[-49.432799999999986,-26.773599999999988]},"properties":{"BAR_CD_SNISB":4941,"BAR_CD_BAR_ENT_FISCALIZADORA":"16614","BAR_NM_NOME":"PCH Alto Benedito Novo I - 1","BAR_NM_SECUNDARIO":null,"BAR_NU_ALT_MAX_BASE_FUNDACAO":1,"BAR_NU_ALT_MAX_NIVEL_TERRENO":1,"BAR_DT_CADASTRO":1625124630000,"TIPO_MATERIAL":"Concreto convencional","USO_PRINCIPAL":"Hidroelétrica","USO_COMPLEMENTAR":null,"BAR_DS_CLASSE":null,"BAR_NU_LATITUDE":-26.773600000000002,"BAR_NU_LONGITUDE":-49.4328,"NIVEL_PERIGO":null,"IC_REGULADA":2,"REGULADA_PELO_PNSB":"Não","NM_EMPREENDEDOR":"CEESAM GERADORA S.A.","ING_SG_UFMUNICIPIO":"SC","ING_NM_MUNICIPIO":"BENEDITO NOVO","FASE_DE_VIDA":"Operação","ORG_NM_ORGANIZACAO":"Agência Nacional de Energia Elétrica - ANEEL","AUT_DT_EMISSAO_PUB":1040169600000,"AUT_NU_AUTORIZACAO":"704","ECL_IC_EXISTE_ECLUSA":null,"ING_NM_BACIADNAEE":null,"ING_NM_REGIAO_HIDRO":"Região Hidrográfica ATLÂNTICO SUL","ING_CD_CURSODAGUA_TRECHO":"79544","ING_NM_TRECHO":"Rio Benedito","DOMINIO_CURSO_DAGUA":"Federal","ING_NM_COMITEFEDERAL":null,"ING_NM_COMITEESTADUAL":"CBH do Rio Itajaí","UNIDADE_DE_GESTAO":"CBH do Rio Itajaí","POSSUI_PAE":null,"BAR_NU_CAP_TOTAL_RESERV":0,"POSSUI_PLANO_SEGURANCA":"Não","INS_DT_INSPECAO":null,"TP_INSPECAO":null,"CATEGORIA_RISCO":"Baixo","DANO_POTENCIAL":"Baixo","POSSUI_REVISAO_PERIODICA":"Não","BARRAGEM_AUTUADA":"Não","COMPLETUDE":"mínima","OBJECTID":3488}},{"type":"Feature","id":34203,"geometry":{"type":"Point","coordinates":[-49.400300000000016,-26.765300000000025]},"properties":{"BAR_CD_SNISB":34203,"BAR_CD_BAR_ENT_FISCALIZADORA":"16613","BAR_NM_NOME":"CGH Ilha (ceesam) - Barragem Ilha","BAR_NM_SECUNDARIO":null,"BAR_NU_ALT_MAX_BASE_FUNDACAO":6,"BAR_NU_ALT_MAX_NIVEL_TERRENO":8,"BAR_DT_CADASTRO":1738009766000,"TIPO_MATERIAL":"Concreto convencional","USO_PRINCIPAL":"Hidroelétrica","USO_COMPLEMENTAR":null,"BAR_DS_CLASSE":null,"BAR_NU_LATITUDE":-26.7653,"BAR_NU_LONGITUDE":-49.400300000000001,"NIVEL_PERIGO":null,"IC_REGULADA":2,"REGULADA_PELO_PNSB":"Não","NM_EMPREENDEDOR":"COOPERATIVA GERADORA DE ENERGIA ELETRICA E DESENVOLVIMENTO SANTA MARIA","ING_SG_UFMUNICIPIO":"SC","ING_NM_MUNICIPIO":"BENEDITO NOVO","FASE_DE_VIDA":"Operação","ORG_NM_ORGANIZACAO":"Agência Nacional de Energia Elétrica - ANEEL","AUT_DT_EMISSAO_PUB":null,"AUT_NU_AUTORIZACAO":"S4BB8ShKFnPM8FY","ECL_IC_EXISTE_ECLUSA":null,"ING_NM_BACIADNAEE":null,"ING_NM_REGIAO_HIDRO":"Região Hidrográfica ATLÂNTICO SUL","ING_CD_CURSODAGUA_TRECHO":"795444","ING_NM_TRECHO":"Rio Santa Maria","DOMINIO_CURSO_DAGUA":null,"ING_NM_COMITEFEDERAL":null,"ING_NM_COMITEESTADUAL":"CBH do Rio Itajaí","UNIDADE_DE_GESTAO":"CBH do Rio Itajaí","POSSUI_PAE":null,"BAR_NU_CAP_TOTAL_RESERV":0.080000000000000002,"POSSUI_PLANO_SEGURANCA":"Não","INS_DT_INSPECAO":null,"TP_INSPECAO":null,"CATEGORIA_RISCO":"Baixo","DANO_POTENCIAL":"Baixo","POSSUI_REVISAO_PERIODICA":"Não","BARRAGEM_AUTUADA":"Não","COMPLETUDE":"ótima","OBJECTID":27305}},{"type":"Feature","id":4659,"geometry":{"type":"Point","coordinates":[-49.454200000000014,-26.757499999999993]},"properties":{"BAR_CD_SNISB":4659,"BAR_CD_BAR_ENT_FISCALIZADORA":"17250","BAR_NM_NOME":"PCH Salto Donner I - Barramento I","BAR_NM_SECUNDARIO":null,"BAR_NU_ALT_MAX_BASE_FUNDACAO":0.70000000000000007,"BAR_NU_ALT_MAX_NIVEL_TERRENO":0.70000000000000007,"BAR_DT_CADASTRO":1627803551000,"TIPO_MATERIAL":"Alvenaria","USO_PRINCIPAL":"Hidroelétrica","USO_COMPLEMENTAR":null,"BAR_DS_CLASSE":null,"BAR_NU_LATITUDE":-26.7575,"BAR_NU_LONGITUDE":-49.4542,"NIVEL_PERIGO":null,"IC_REGULADA":1,"REGULADA_PELO_PNSB":"Sim","NM_EMPREENDEDOR":"COOPERATIVA DE GERAÇÃO DE ENERGIA ELÉTRICA SALTO DONNER","ING_SG_UFMUNICIPIO":"SC","ING_NM_MUNICIPIO":"DOUTOR PEDRINHO","FASE_DE_VIDA":"Operação","ORG_NM_ORGANIZACAO":"Agência Nacional de Energia Elétrica - ANEEL","AUT_DT_EMISSAO_PUB":1059523200000,"AUT_NU_AUTORIZACAO":"361","ECL_IC_EXISTE_ECLUSA":null,"ING_NM_BACIADNAEE":null,"ING_NM_REGIAO_HIDRO":"Região Hidrográfica ATLÂNTICO SUL","ING_CD_CURSODAGUA_TRECHO":"79544","ING_NM_TRECHO":"Rio Benedito","DOMINIO_CURSO_DAGUA":null,"ING_NM_COMITEFEDERAL":null,"ING_NM_COMITEESTADUAL":"CBH do Rio Itajaí","UNIDADE_DE_GESTAO":"CBH do Rio Itajaí","POSSUI_PAE":null,"BAR_NU_CAP_TOTAL_RESERV":5,"POSSUI_PLANO_SEGURANCA":"Não","INS_DT_INSPECAO":null,"TP_INSPECAO":null,"CATEGORIA_RISCO":"Baixo","DANO_POTENCIAL":"Baixo","POSSUI_REVISAO_PERIODICA":"Não","BARRAGEM_AUTUADA":"Não","COMPLETUDE":"boa","OBJECTID":3317}},{"type":"Feature","id":4578,"geometry":{"type":"Point","coordinates":[-49.453599999999994,-26.756899999999973]},"properties":{"BAR_CD_SNISB":4578,"BAR_CD_BAR_ENT_FISCALIZADORA":"17249","BAR_NM_NOME":"PCH Salto Donner II - Barramento 2","BAR_NM_SECUNDARIO":null,"BAR_NU_ALT_MAX_BASE_FUNDACAO":1.5,"BAR_NU_ALT_MAX_NIVEL_TERRENO":1.5,"BAR_DT_CADASTRO":1627803552000,"TIPO_MATERIAL":"Concreto convencional","USO_PRINCIPAL":"Hidroelétrica","USO_COMPLEMENTAR":null,"BAR_DS_CLASSE":null,"BAR_NU_LATITUDE":-26.756900000000002,"BAR_NU_LONGITUDE":-49.453600000000002,"NIVEL_PERIGO":null,"IC_REGULADA":1,"REGULADA_PELO_PNSB":"Sim","NM_EMPREENDEDOR":"COOPERATIVA DE GERAÇÃO DE ENERGIA ELÉTRICA SALTO DONNER","ING_SG_UFMUNICIPIO":"SC","ING_NM_MUNICIPIO":"DOUTOR PEDRINHO","FASE_DE_VIDA":"Operação","ORG_NM_ORGANIZACAO":"Agência Nacional de Energia Elétrica - ANEEL","AUT_DT_EMISSAO_PUB":1282867200000,"AUT_NU_AUTORIZACAO":"2.530","ECL_IC_EXISTE_ECLUSA":null,"ING_NM_BACIADNAEE":null,"ING_NM_REGIAO_HIDRO":"Região Hidrográfica ATLÂNTICO SUL","ING_CD_CURSODAGUA_TRECHO":"79544","ING_NM_TRECHO":"Rio Benedito","DOMINIO_CURSO_DAGUA":null,"ING_NM_COMITEFEDERAL":null,"ING_NM_COMITEESTADUAL":"CBH do Rio Itajaí","UNIDADE_DE_GESTAO":"CBH do Rio Itajaí","POSSUI_PAE":null,"BAR_NU_CAP_TOTAL_RESERV":3,"POSSUI_PLANO_SEGURANCA":"Não","INS_DT_INSPECAO":null,"TP_INSPECAO":null,"CATEGORIA_RISCO":"Baixo","DANO_POTENCIAL":"Baixo","POSSUI_REVISAO_PERIODICA":"Não","BARRAGEM_AUTUADA":"Não","COMPLETUDE":"boa","OBJECTID":3269}},{"type":"Feature","id":4408,"geometry":{"type":"Point","coordinates":[-49.419199999999989,-26.753600000000006]},"properties":{"BAR_CD_SNISB":4408,"BAR_CD_BAR_ENT_FISCALIZADORA":"10055","BAR_NM_NOME":"PCH Santa Maria - Santa Maria","BAR_NM_SECUNDARIO":null,"BAR_NU_ALT_MAX_BASE_FUNDACAO":1,"BAR_NU_ALT_MAX_NIVEL_TERRENO":1,"BAR_DT_CADASTRO":1627803074000,"TIPO_MATERIAL":"Concreto convencional","USO_PRINCIPAL":"Hidroelétrica","USO_COMPLEMENTAR":null,"BAR_DS_CLASSE":null,"BAR_NU_LATITUDE":-26.753600000000002,"BAR_NU_LONGITUDE":-49.419200000000004,"NIVEL_PERIGO":null,"IC_REGULADA":2,"REGULADA_PELO_PNSB":"Não","NM_EMPREENDEDOR":"COOPERATIVA GERADORA DE ENERGIA ELETRICA E DESENVOLVIMENTO SANTA MARIA","ING_SG_UFMUNICIPIO":"SC","ING_NM_MUNICIPIO":"BENEDITO NOVO","FASE_DE_VIDA":"Operação","ORG_NM_ORGANIZACAO":"Agência Nacional de Energia Elétrica - ANEEL","AUT_DT_EMISSAO_PUB":1322006400000,"AUT_NU_AUTORIZACAO":"3.204","ECL_IC_EXISTE_ECLUSA":null,"ING_NM_BACIADNAEE":null,"ING_NM_REGIAO_HIDRO":"Região Hidrográfica ATLÂNTICO SUL","ING_CD_CURSODAGUA_TRECHO":"795444","ING_NM_TRECHO":"Rio Santa Maria","DOMINIO_CURSO_DAGUA":null,"ING_NM_COMITEFEDERAL":null,"ING_NM_COMITEESTADUAL":"CBH do Rio Itajaí","UNIDADE_DE_GESTAO":"CBH do Rio Itajaí","POSSUI_PAE":null,"BAR_NU_CAP_TOTAL_RESERV":1,"POSSUI_PLANO_SEGURANCA":"Não","INS_DT_INSPECAO":null,"TP_INSPECAO":null,"CATEGORIA_RISCO":"Baixo","DANO_POTENCIAL":"Baixo","POSSUI_REVISAO_PERIODICA":"Não","BARRAGEM_AUTUADA":"Não","COMPLETUDE":"ótima","OBJECTID":3179}},{"type":"Feature","id":24188,"geometry":{"type":"Point","coordinates":[-49.418299999999988,-26.753100000000018]},"properties":{"BAR_CD_SNISB":24188,"BAR_CD_BAR_ENT_FISCALIZADORA":"5456","BAR_NM_NOME":"CGH Alto Benedito Novo - 1","BAR_NM_SECUNDARIO":null,"BAR_NU_ALT_MAX_BASE_FUNDACAO":1,"BAR_NU_ALT_MAX_NIVEL_TERRENO":100,"BAR_DT_CADASTRO":1627804337000,"TIPO_MATERIAL":"Concreto convencional","USO_PRINCIPAL":"Hidroelétrica","USO_COMPLEMENTAR":null,"BAR_DS_CLASSE":null,"BAR_NU_LATITUDE":-26.7531,"BAR_NU_LONGITUDE":-49.418300000000002,"NIVEL_PERIGO":null,"IC_REGULADA":1,"REGULADA_PELO_PNSB":"Sim","NM_EMPREENDEDOR":"COOPERATIVA GERADORA DE ENERGIA ELETRICA E DESENVOLVIMENTO SANTA MARIA","ING_SG_UFMUNICIPIO":"SC","ING_NM_MUNICIPIO":"BENEDITO NOVO","FASE_DE_VIDA":"Operação","ORG_NM_ORGANIZACAO":"Agência Nacional de Energia Elétrica - ANEEL","AUT_DT_EMISSAO_PUB":null,"AUT_NU_AUTORIZACAO":"OxtZQxlJJ9AIVxt","ECL_IC_EXISTE_ECLUSA":null,"ING_NM_BACIADNAEE":null,"ING_NM_REGIAO_HIDRO":"Região Hidrográfica ATLÂNTICO SUL","ING_CD_CURSODAGUA_TRECHO":"795444","ING_NM_TRECHO":"Rio Santa Maria","DOMINIO_CURSO_DAGUA":null,"ING_NM_COMITEFEDERAL":null,"ING_NM_COMITEESTADUAL":"CBH do Rio Itajaí","UNIDADE_DE_GESTAO":"CBH do Rio Itajaí","POSSUI_PAE":null,"BAR_NU_CAP_TOTAL_RESERV":0.0030000000000000001,"POSSUI_PLANO_SEGURANCA":"Não","INS_DT_INSPECAO":null,"TP_INSPECAO":null,"CATEGORIA_RISCO":"Baixo","DANO_POTENCIAL":"Baixo","POSSUI_REVISAO_PERIODICA":"Não","BARRAGEM_AUTUADA":"Não","COMPLETUDE":"boa","OBJECTID":18518}},{"type":"Feature","id":35079,"geometry":{"type":"Point","coordinates":[-49.418900000000008,-26.752200000000016]},"properties":{"BAR_CD_SNISB":35079,"BAR_CD_BAR_ENT_FISCALIZADORA":"16610","BAR_NM_NOME":"CGH  SANTA MARIA - Captação Santa Maria","BAR_NM_SECUNDARIO":null,"BAR_NU_ALT_MAX_BASE_FUNDACAO":1,"BAR_NU_ALT_MAX_NIVEL_TERRENO":1,"BAR_DT_CADASTRO":1751472109000,"TIPO_MATERIAL":"Concreto convencional","USO_PRINCIPAL":"Hidroelétrica","USO_COMPLEMENTAR":null,"BAR_DS_CLASSE":null,"BAR_NU_LATITUDE":-26.752200000000002,"BAR_NU_LONGITUDE":-49.418900000000001,"NIVEL_PERIGO":null,"IC_REGULADA":2,"REGULADA_PELO_PNSB":"Não","NM_EMPREENDEDOR":"COOPERATIVA GERADORA DE ENERGIA ELETRICA E DESENVOLVIMENTO SANTA MARIA","ING_SG_UFMUNICIPIO":"SC","ING_NM_MUNICIPIO":"BENEDITO NOVO","FASE_DE_VIDA":"Operação","ORG_NM_ORGANIZACAO":"Agência Nacional de Energia Elétrica - ANEEL","AUT_DT_EMISSAO_PUB":null,"AUT_NU_AUTORIZACAO":"00054/2025","ECL_IC_EXISTE_ECLUSA":null,"ING_NM_BACIADNAEE":null,"ING_NM_REGIAO_HIDRO":"Região Hidrográfica ATLÂNTICO SUL","ING_CD_CURSODAGUA_TRECHO":"795444","ING_NM_TRECHO":"Rio Santa Maria","DOMINIO_CURSO_DAGUA":null,"ING_NM_COMITEFEDERAL":null,"ING_NM_COMITEESTADUAL":"CBH do Rio Itajaí","UNIDADE_DE_GESTAO":"CBH do Rio Itajaí","POSSUI_PAE":null,"BAR_NU_CAP_TOTAL_RESERV":1,"POSSUI_PLANO_SEGURANCA":"Não","INS_DT_INSPECAO":null,"TP_INSPECAO":null,"CATEGORIA_RISCO":"Baixo","DANO_POTENCIAL":"Baixo","POSSUI_REVISAO_PERIODICA":"Não","BARRAGEM_AUTUADA":"Não","COMPLETUDE":"ótima","OBJECTID":28153}},{"type":"Feature","id":22381,"geometry":{"type":"Point","coordinates":[-49.845055555999977,-26.710249999999974]},"properties":{"BAR_CD_SNISB":22381,"BAR_CD_BAR_ENT_FISCALIZADORA":null,"BAR_NM_NOME":"Massa d'Água #96394","BAR_NM_SECUNDARIO":null,"BAR_NU_ALT_MAX_BASE_FUNDACAO":null,"BAR_NU_ALT_MAX_NIVEL_TERRENO":null,"BAR_DT_CADASTRO":1611060292000,"TIPO_MATERIAL":"Sem Informação","USO_PRINCIPAL":"Irrigação","USO_COMPLEMENTAR":null,"BAR_DS_CLASSE":null,"BAR_NU_LATITUDE":-26.710249999999998,"BAR_NU_LONGITUDE":-49.845055555600005,"NIVEL_PERIGO":null,"IC_REGULADA":3,"REGULADA_PELO_PNSB":"Não Classificada","NM_EMPREENDEDOR":null,"ING_SG_UFMUNICIPIO":"SC","ING_NM_MUNICIPIO":"VITOR MEIRELES","FASE_DE_VIDA":null,"ORG_NM_ORGANIZACAO":"Agência Nacional de Águas e Saneamento Básico - ANA","AUT_DT_EMISSAO_PUB":null,"AUT_NU_AUTORIZACAO":null,"ECL_IC_EXISTE_ECLUSA":null,"ING_NM_BACIADNAEE":null,"ING_NM_REGIAO_HIDRO":"Região Hidrográfica ATLÂNTICO SUL","ING_CD_CURSODAGUA_TRECHO":"795466","ING_NM_TRECHO":"Rio Prata","DOMINIO_CURSO_DAGUA":"Estadual","ING_NM_COMITEFEDERAL":null,"ING_NM_COMITEESTADUAL":"CBH do Rio Itajaí","UNIDADE_DE_GESTAO":"CBH do Rio Itajaí","POSSUI_PAE":null,"BAR_NU_CAP_TOTAL_RESERV":null,"POSSUI_PLANO_SEGURANCA":"Não","INS_DT_INSPECAO":null,"TP_INSPECAO":null,"CATEGORIA_RISCO":"Não Classificado","DANO_POTENCIAL":"Não Classificado","POSSUI_REVISAO_PERIODICA":"Não","BARRAGEM_AUTUADA":"Não","COMPLETUDE":"mínima","OBJECTID":17209}},{"type":"Feature","id":22409,"geometry":{"type":"Point","coordinates":[-49.832861111,-26.706888889000027]},"properties":{"BAR_CD_SNISB":22409,"BAR_CD_BAR_ENT_FISCALIZADORA":null,"BAR_NM_NOME":"Massa d'Água #107691","BAR_NM_SECUNDARIO":null,"BAR_NU_ALT_MAX_BASE_FUNDACAO":null,"BAR_NU_ALT_MAX_NIVEL_TERRENO":null,"BAR_DT_CADASTRO":1611151238000,"TIPO_MATERIAL":"Sem Informação","USO_PRINCIPAL":"Irrigação","USO_COMPLEMENTAR":null,"BAR_DS_CLASSE":null,"BAR_NU_LATITUDE":-26.7068888889,"BAR_NU_LONGITUDE":-49.832861111100001,"NIVEL_PERIGO":null,"IC_REGULADA":3,"REGULADA_PELO_PNSB":"Não Classificada","NM_EMPREENDEDOR":null,"ING_SG_UFMUNICIPIO":"SC","ING_NM_MUNICIPIO":"VITOR MEIRELES","FASE_DE_VIDA":null,"ORG_NM_ORGANIZACAO":"Agência Nacional de Águas e Saneamento Básico - ANA","AUT_DT_EMISSAO_PUB":null,"AUT_NU_AUTORIZACAO":null,"ECL_IC_EXISTE_ECLUSA":null,"ING_NM_BACIADNAEE":null,"ING_NM_REGIAO_HIDRO":"Região Hidrográfica ATLÂNTICO SUL","ING_CD_CURSODAGUA_TRECHO":"795466","ING_NM_TRECHO":"Rio Prata","DOMINIO_CURSO_DAGUA":"Estadual","ING_NM_COMITEFEDERAL":null,"ING_NM_COMITEESTADUAL":"CBH do Rio Itajaí","UNIDADE_DE_GESTAO":"CBH do Rio Itajaí","POSSUI_PAE":null,"BAR_NU_CAP_TOTAL_RESERV":null,"POSSUI_PLANO_SEGURANCA":"Não","INS_DT_INSPECAO":null,"TP_INSPECAO":null,"CATEGORIA_RISCO":"Não Classificado","DANO_POTENCIAL":"Não Classificado","POSSUI_REVISAO_PERIODICA":"Não","BARRAGEM_AUTUADA":"Não","COMPLETUDE":"mínima","OBJECTID":17237}},{"type":"Feature","id":23712,"geometry":{"type":"Point","coordinates":[-49.694916666999973,-26.691166667000005]},"properties":{"BAR_CD_SNISB":23712,"BAR_CD_BAR_ENT_FISCALIZADORA":null,"BAR_NM_NOME":"Massa d'Água #218719","BAR_NM_SECUNDARIO":null,"BAR_NU_ALT_MAX_BASE_FUNDACAO":null,"BAR_NU_ALT_MAX_NIVEL_TERRENO":null,"BAR_DT_CADASTRO":1613180307000,"TIPO_MATERIAL":"Sem Informação","USO_PRINCIPAL":"Irrigação","USO_COMPLEMENTAR":null,"BAR_DS_CLASSE":null,"BAR_NU_LATITUDE":-26.691166666700003,"BAR_NU_LONGITUDE":-49.694916666699996,"NIVEL_PERIGO":null,"IC_REGULADA":3,"REGULADA_PELO_PNSB":"Não Classificada","NM_EMPREENDEDOR":null,"ING_SG_UFMUNICIPIO":"SC","ING_NM_MUNICIPIO":"ITAIÓPOLIS","FASE_DE_VIDA":null,"ORG_NM_ORGANIZACAO":"Agência Nacional de Águas e Saneamento Básico - ANA","AUT_DT_EMISSAO_PUB":null,"AUT_NU_AUTORIZACAO":null,"ECL_IC_EXISTE_ECLUSA":null,"ING_NM_BACIADNAEE":null,"ING_NM_REGIAO_HIDRO":"Região Hidrográfica ATLÂNTICO SUL","ING_CD_CURSODAGUA_TRECHO":"86298","ING_NM_TRECHO":"Rio Preto","DOMINIO_CURSO_DAGUA":"Estadual","ING_NM_COMITEFEDERAL":null,"ING_NM_COMITEESTADUAL":null,"UNIDADE_DE_GESTAO":null,"POSSUI_PAE":null,"BAR_NU_CAP_TOTAL_RESERV":null,"POSSUI_PLANO_SEGURANCA":"Não","INS_DT_INSPECAO":null,"TP_INSPECAO":null,"CATEGORIA_RISCO":"Não Classificado","DANO_POTENCIAL":"Não Classificado","POSSUI_REVISAO_PERIODICA":"Não","BARRAGEM_AUTUADA":"Não","COMPLETUDE":"mínima","OBJECTID":18046}},{"type":"Feature","id":22531,"geometry":{"type":"Point","coordinates":[-49.692166666999981,-26.689138888999992]},"properties":{"BAR_CD_SNISB":22531,"BAR_CD_BAR_ENT_FISCALIZADORA":null,"BAR_NM_NOME":"Massa d'Água #147179","BAR_NM_SECUNDARIO":null,"BAR_NU_ALT_MAX_BASE_FUNDACAO":null,"BAR_NU_ALT_MAX_NIVEL_TERRENO":null,"BAR_DT_CADASTRO":1611677338000,"TIPO_MATERIAL":"Sem Informação","USO_PRINCIPAL":"Irrigação","USO_COMPLEMENTAR":null,"BAR_DS_CLASSE":null,"BAR_NU_LATITUDE":-26.689138888900001,"BAR_NU_LONGITUDE":-49.692166666699997,"NIVEL_PERIGO":null,"IC_REGULADA":3,"REGULADA_PELO_PNSB":"Não Classificada","NM_EMPREENDEDOR":null,"ING_SG_UFMUNICIPIO":"SC","ING_NM_MUNICIPIO":"ITAIÓPOLIS","FASE_DE_VIDA":null,"ORG_NM_ORGANIZACAO":"Agência Nacional de Águas e Saneamento Básico - ANA","AUT_DT_EMISSAO_PUB":null,"AUT_NU_AUTORIZACAO":null,"ECL_IC_EXISTE_ECLUSA":null,"ING_NM_BACIADNAEE":null,"ING_NM_REGIAO_HIDRO":"Região Hidrográfica ATLÂNTICO SUL","ING_CD_CURSODAGUA_TRECHO":"86298","ING_NM_TRECHO":"Rio Preto","DOMINIO_CURSO_DAGUA":"Estadual","ING_NM_COMITEFEDERAL":null,"ING_NM_COMITEESTADUAL":null,"UNIDADE_DE_GESTAO":null,"POSSUI_PAE":null,"BAR_NU_CAP_TOTAL_RESERV":null,"POSSUI_PLANO_SEGURANCA":"Não","INS_DT_INSPECAO":null,"TP_INSPECAO":null,"CATEGORIA_RISCO":"Não Classificado","DANO_POTENCIAL":"Não Classificado","POSSUI_REVISAO_PERIODICA":"Não","BARRAGEM_AUTUADA":"Não","COMPLETUDE":"mínima","OBJECTID":17359}},{"type":"Feature","id":23578,"geometry":{"type":"Point","coordinates":[-49.693972222000014,-26.686916666999991]},"properties":{"BAR_CD_SNISB":23578,"BAR_CD_BAR_ENT_FISCALIZADORA":null,"BAR_NM_NOME":"Massa d'Água #192960","BAR_NM_SECUNDARIO":null,"BAR_NU_ALT_MAX_BASE_FUNDACAO":null,"BAR_NU_ALT_MAX_NIVEL_TERRENO":null,"BAR_DT_CADASTRO":1613048379000,"TIPO_MATERIAL":"Sem Informação","USO_PRINCIPAL":"Irrigação","USO_COMPLEMENTAR":null,"BAR_DS_CLASSE":null,"BAR_NU_LATITUDE":-26.6869166667,"BAR_NU_LONGITUDE":-49.693972222199996,"NIVEL_PERIGO":null,"IC_REGULADA":3,"REGULADA_PELO_PNSB":"Não Classificada","NM_EMPREENDEDOR":null,"ING_SG_UFMUNICIPIO":"SC","ING_NM_MUNICIPIO":"ITAIÓPOLIS","FASE_DE_VIDA":null,"ORG_NM_ORGANIZACAO":"Agência Nacional de Águas e Saneamento Básico - ANA","AUT_DT_EMISSAO_PUB":null,"AUT_NU_AUTORIZACAO":null,"ECL_IC_EXISTE_ECLUSA":null,"ING_NM_BACIADNAEE":null,"ING_NM_REGIAO_HIDRO":"Região Hidrográfica ATLÂNTICO SUL","ING_CD_CURSODAGUA_TRECHO":"86298","ING_NM_TRECHO":"Rio Preto","DOMINIO_CURSO_DAGUA":"Estadual","ING_NM_COMITEFEDERAL":null,"ING_NM_COMITEESTADUAL":null,"UNIDADE_DE_GESTAO":null,"POSSUI_PAE":null,"BAR_NU_CAP_TOTAL_RESERV":null,"POSSUI_PLANO_SEGURANCA":"Não","INS_DT_INSPECAO":null,"TP_INSPECAO":null,"CATEGORIA_RISCO":"Não Classificado","DANO_POTENCIAL":"Não Classificado","POSSUI_REVISAO_PERIODICA":"Não","BARRAGEM_AUTUADA":"Não","COMPLETUDE":"mínima","OBJECTID":17912}},{"type":"Feature","id":36601,"geometry":{"type":"Point","coordinates":[-49.332499999999982,-26.661900000000003]},"properties":{"BAR_CD_SNISB":36601,"BAR_CD_BAR_ENT_FISCALIZADORA":"17650","BAR_NM_NOME":"PCH Arrozeira Meyer - PCH Arrozeira Meyer","BAR_NM_SECUNDARIO":null,"BAR_NU_ALT_MAX_BASE_FUNDACAO":10.6,"BAR_NU_ALT_MAX_NIVEL_TERRENO":10.6,"BAR_DT_CADASTRO":1775042631000,"TIPO_MATERIAL":"Concreto convencional","USO_PRINCIPAL":"Hidroelétrica","USO_COMPLEMENTAR":null,"BAR_DS_CLASSE":null,"BAR_NU_LATITUDE":-26.661900000000003,"BAR_NU_LONGITUDE":-49.332500000000003,"NIVEL_PERIGO":null,"IC_REGULADA":1,"REGULADA_PELO_PNSB":"Sim","NM_EMPREENDEDOR":"Arrozeira Meyer Energia S.A.","ING_SG_UFMUNICIPIO":"SC","ING_NM_MUNICIPIO":"RIO DOS CEDROS","FASE_DE_VIDA":null,"ORG_NM_ORGANIZACAO":"Agência Nacional de Energia Elétrica - ANEEL","AUT_DT_EMISSAO_PUB":1250553600000,"AUT_NU_AUTORIZACAO":"2.019","ECL_IC_EXISTE_ECLUSA":null,"ING_NM_BACIADNAEE":null,"ING_NM_REGIAO_HIDRO":"Região Hidrográfica ATLÂNTICO SUL","ING_CD_CURSODAGUA_TRECHO":"795442","ING_NM_TRECHO":"Rio dos Cedros","DOMINIO_CURSO_DAGUA":null,"ING_NM_COMITEFEDERAL":null,"ING_NM_COMITEESTADUAL":"CBH do Rio Itajaí","UNIDADE_DE_GESTAO":"CBH do Rio Itajaí","POSSUI_PAE":null,"BAR_NU_CAP_TOTAL_RESERV":0.024,"POSSUI_PLANO_SEGURANCA":"Não","INS_DT_INSPECAO":null,"TP_INSPECAO":null,"CATEGORIA_RISCO":"Baixo","DANO_POTENCIAL":"Alto","POSSUI_REVISAO_PERIODICA":"Não","BARRAGEM_AUTUADA":"Não","COMPLETUDE":"boa","OBJECTID":29641}},{"type":"Feature","id":24148,"geometry":{"type":"Point","coordinates":[-49.881399999999985,-26.654699999999991]},"properties":{"BAR_CD_SNISB":24148,"BAR_CD_BAR_ENT_FISCALIZADORA":"17293","BAR_NM_NOME":"CGH Rio Itaiozinho - CGH Rio Itaiozinho","BAR_NM_SECUNDARIO":null,"BAR_NU_ALT_MAX_BASE_FUNDACAO":2.2000000000000002,"BAR_NU_ALT_MAX_NIVEL_TERRENO":2.2000000000000002,"BAR_DT_CADASTRO":1627804212000,"TIPO_MATERIAL":"Concreto convencional","USO_PRINCIPAL":"Hidroelétrica","USO_COMPLEMENTAR":null,"BAR_DS_CLASSE":null,"BAR_NU_LATITUDE":-26.654700000000002,"BAR_NU_LONGITUDE":-49.881399999999999,"NIVEL_PERIGO":null,"IC_REGULADA":2,"REGULADA_PELO_PNSB":"Não","NM_EMPREENDEDOR":"HIDRELETRICA SENS LTDA","ING_SG_UFMUNICIPIO":"SC","ING_NM_MUNICIPIO":"SANTA TEREZINHA","FASE_DE_VIDA":"Operação","ORG_NM_ORGANIZACAO":"Agência Nacional de Energia Elétrica - ANEEL","AUT_DT_EMISSAO_PUB":null,"AUT_NU_AUTORIZACAO":"FKJUdU95Yet2xl9","ECL_IC_EXISTE_ECLUSA":null,"ING_NM_BACIADNAEE":null,"ING_NM_REGIAO_HIDRO":"Região Hidrográfica ATLÂNTICO SUL","ING_CD_CURSODAGUA_TRECHO":"7954674","ING_NM_TRECHO":"Rio Taiozinho","DOMINIO_CURSO_DAGUA":null,"ING_NM_COMITEFEDERAL":null,"ING_NM_COMITEESTADUAL":"CBH do Rio Itajaí","UNIDADE_DE_GESTAO":"CBH do Rio Itajaí","POSSUI_PAE":null,"BAR_NU_CAP_TOTAL_RESERV":0.00014999999999999999,"POSSUI_PLANO_SEGURANCA":"Não","INS_DT_INSPECAO":null,"TP_INSPECAO":null,"CATEGORIA_RISCO":"Baixo","DANO_POTENCIAL":"Baixo","POSSUI_REVISAO_PERIODICA":"Não","BARRAGEM_AUTUADA":"Não","COMPLETUDE":"ótima","OBJECTID":18478}},{"type":"Feature","id":20178,"geometry":{"type":"Point","coordinates":[-49.708635571000002,-26.652215437999985]},"properties":{"BAR_CD_SNISB":20178,"BAR_CD_BAR_ENT_FISCALIZADORA":null,"BAR_NM_NOME":"Fazenda Campo Grande","BAR_NM_SECUNDARIO":null,"BAR_NU_ALT_MAX_BASE_FUNDACAO":2.5,"BAR_NU_ALT_MAX_NIVEL_TERRENO":2.5,"BAR_DT_CADASTRO":1585853362000,"TIPO_MATERIAL":"Terra","USO_PRINCIPAL":"Recreação","USO_COMPLEMENTAR":null,"BAR_DS_CLASSE":"C","BAR_NU_LATITUDE":-26.652215437900001,"BAR_NU_LONGITUDE":-49.708635571100004,"NIVEL_PERIGO":null,"IC_REGULADA":2,"REGULADA_PELO_PNSB":"Não","NM_EMPREENDEDOR":"Agropecuária Campo Grande Ltda ","ING_SG_UFMUNICIPIO":"SC","ING_NM_MUNICIPIO":"ITAIÓPOLIS","FASE_DE_VIDA":"Operação","ORG_NM_ORGANIZACAO":"SC - Secretaria de Estado do Meio Ambiente e da Economia Verde - SEMAE","AUT_DT_EMISSAO_PUB":null,"AUT_NU_AUTORIZACAO":null,"ECL_IC_EXISTE_ECLUSA":"Não","ING_NM_BACIADNAEE":null,"ING_NM_REGIAO_HIDRO":"Região Hidrográfica do PARANÁ","ING_CD_CURSODAGUA_TRECHO":"86298","ING_NM_TRECHO":"Rio Preto","DOMINIO_CURSO_DAGUA":"Federal","ING_NM_COMITEFEDERAL":null,"ING_NM_COMITEESTADUAL":null,"UNIDADE_DE_GESTAO":null,"POSSUI_PAE":null,"BAR_NU_CAP_TOTAL_RESERV":0.28800000000000003,"POSSUI_PLANO_SEGURANCA":"Não","INS_DT_INSPECAO":null,"TP_INSPECAO":null,"CATEGORIA_RISCO":"Alto","DANO_POTENCIAL":"Baixo","POSSUI_REVISAO_PERIODICA":"Não","BARRAGEM_AUTUADA":"Não","COMPLETUDE":"baixa","OBJECTID":15198}},{"type":"Feature","id":20584,"geometry":{"type":"Point","coordinates":[-49.338599999999985,-26.648900000000026]},"properties":{"BAR_CD_SNISB":20584,"BAR_CD_BAR_ENT_FISCALIZADORA":"17323","BAR_NM_NOME":"UHE Palmeiras - Rosina","BAR_NM_SECUNDARIO":null,"BAR_NU_ALT_MAX_BASE_FUNDACAO":11,"BAR_NU_ALT_MAX_NIVEL_TERRENO":11,"BAR_DT_CADASTRO":1627803017000,"TIPO_MATERIAL":"Concreto convencional","USO_PRINCIPAL":"Hidroelétrica","USO_COMPLEMENTAR":null,"BAR_DS_CLASSE":null,"BAR_NU_LATITUDE":-26.648900000000001,"BAR_NU_LONGITUDE":-49.3386,"NIVEL_PERIGO":null,"IC_REGULADA":1,"REGULADA_PELO_PNSB":"Sim","NM_EMPREENDEDOR":"CELESC Geração S.A.","ING_SG_UFMUNICIPIO":"SC","ING_NM_MUNICIPIO":"RIO DOS CEDROS","FASE_DE_VIDA":"Operação","ORG_NM_ORGANIZACAO":"Agência Nacional de Energia Elétrica - ANEEL","AUT_DT_EMISSAO_PUB":null,"AUT_NU_AUTORIZACAO":"055/1999","ECL_IC_EXISTE_ECLUSA":null,"ING_NM_BACIADNAEE":null,"ING_NM_REGIAO_HIDRO":"Região Hidrográfica ATLÂNTICO SUL","ING_CD_CURSODAGUA_TRECHO":"7954422","ING_NM_TRECHO":"Rio Palmeiras","DOMINIO_CURSO_DAGUA":null,"ING_NM_COMITEFEDERAL":null,"ING_NM_COMITEESTADUAL":"CBH do Rio Itajaí","UNIDADE_DE_GESTAO":"CBH do Rio Itajaí","POSSUI_PAE":"Sim","BAR_NU_CAP_TOTAL_RESERV":32.700000000000003,"POSSUI_PLANO_SEGURANCA":"Sim","INS_DT_INSPECAO":null,"TP_INSPECAO":null,"CATEGORIA_RISCO":"Baixo","DANO_POTENCIAL":"Alto","POSSUI_REVISAO_PERIODICA":"Sim","BARRAGEM_AUTUADA":"Não","COMPLETUDE":"boa","OBJECTID":15568}},{"type":"Feature","id":4545,"geometry":{"type":"Point","coordinates":[-49.338599999999985,-26.648900000000026]},"properties":{"BAR_CD_SNISB":4545,"BAR_CD_BAR_ENT_FISCALIZADORA":"17322","BAR_NM_NOME":"UHE Palmeiras - Rio Bonito","BAR_NM_SECUNDARIO":null,"BAR_NU_ALT_MAX_BASE_FUNDACAO":19,"BAR_NU_ALT_MAX_NIVEL_TERRENO":19,"BAR_DT_CADASTRO":1627803016000,"TIPO_MATERIAL":"Terra","USO_PRINCIPAL":"Hidroelétrica","USO_COMPLEMENTAR":null,"BAR_DS_CLASSE":null,"BAR_NU_LATITUDE":-26.648900000000001,"BAR_NU_LONGITUDE":-49.3386,"NIVEL_PERIGO":null,"IC_REGULADA":1,"REGULADA_PELO_PNSB":"Sim","NM_EMPREENDEDOR":"CELESC Geração S.A.","ING_SG_UFMUNICIPIO":"SC","ING_NM_MUNICIPIO":"RIO DOS CEDROS","FASE_DE_VIDA":"Operação","ORG_NM_ORGANIZACAO":"Agência Nacional de Energia Elétrica - ANEEL","AUT_DT_EMISSAO_PUB":946684800000,"AUT_NU_AUTORIZACAO":"055/1999","ECL_IC_EXISTE_ECLUSA":null,"ING_NM_BACIADNAEE":null,"ING_NM_REGIAO_HIDRO":"Região Hidrográfica ATLÂNTICO SUL","ING_CD_CURSODAGUA_TRECHO":"7954422","ING_NM_TRECHO":"Rio Palmeiras","DOMINIO_CURSO_DAGUA":null,"ING_NM_COMITEFEDERAL":null,"ING_NM_COMITEESTADUAL":"CBH do Rio Itajaí","UNIDADE_DE_GESTAO":"CBH do Rio Itajaí","POSSUI_PAE":"Sim","BAR_NU_CAP_TOTAL_RESERV":32.700000000000003,"POSSUI_PLANO_SEGURANCA":"Sim","INS_DT_INSPECAO":null,"TP_INSPECAO":null,"CATEGORIA_RISCO":"Baixo","DANO_POTENCIAL":"Alto","POSSUI_REVISAO_PERIODICA":"Sim","BARRAGEM_AUTUADA":"Não","COMPLETUDE":"boa","OBJECTID":3246}},{"type":"Feature","id":20585,"geometry":{"type":"Point","coordinates":[-49.338599999999985,-26.648900000000026]},"properties":{"BAR_CD_SNISB":20585,"BAR_CD_BAR_ENT_FISCALIZADORA":"17324","BAR_NM_NOME":"UHE Palmeiras - Captação Máquina 3","BAR_NM_SECUNDARIO":null,"BAR_NU_ALT_MAX_BASE_FUNDACAO":13,"BAR_NU_ALT_MAX_NIVEL_TERRENO":13,"BAR_DT_CADASTRO":1627803019000,"TIPO_MATERIAL":"Terra","USO_PRINCIPAL":"Hidroelétrica","USO_COMPLEMENTAR":null,"BAR_DS_CLASSE":null,"BAR_NU_LATITUDE":-26.648900000000001,"BAR_NU_LONGITUDE":-49.3386,"NIVEL_PERIGO":null,"IC_REGULADA":1,"REGULADA_PELO_PNSB":"Sim","NM_EMPREENDEDOR":"CELESC Geração S.A.","ING_SG_UFMUNICIPIO":"SC","ING_NM_MUNICIPIO":"RIO DOS CEDROS","FASE_DE_VIDA":"Operação","ORG_NM_ORGANIZACAO":"Agência Nacional de Energia Elétrica - ANEEL","AUT_DT_EMISSAO_PUB":null,"AUT_NU_AUTORIZACAO":"055/1999","ECL_IC_EXISTE_ECLUSA":null,"ING_NM_BACIADNAEE":null,"ING_NM_REGIAO_HIDRO":"Região Hidrográfica ATLÂNTICO SUL","ING_CD_CURSODAGUA_TRECHO":"7954422","ING_NM_TRECHO":"Rio Palmeiras","DOMINIO_CURSO_DAGUA":null,"ING_NM_COMITEFEDERAL":null,"ING_NM_COMITEESTADUAL":"CBH do Rio Itajaí","UNIDADE_DE_GESTAO":"CBH do Rio Itajaí","POSSUI_PAE":"Sim","BAR_NU_CAP_TOTAL_RESERV":32.700000000000003,"POSSUI_PLANO_SEGURANCA":"Sim","INS_DT_INSPECAO":null,"TP_INSPECAO":null,"CATEGORIA_RISCO":"Baixo","DANO_POTENCIAL":"Alto","POSSUI_REVISAO_PERIODICA":"Sim","BARRAGEM_AUTUADA":"Não","COMPLETUDE":"boa","OBJECTID":15569}},{"type":"Feature","id":4456,"geometry":{"type":"Point","coordinates":[-49.356899999999996,-26.644999999999982]},"properties":{"BAR_CD_SNISB":4456,"BAR_CD_BAR_ENT_FISCALIZADORA":"17380","BAR_NM_NOME":"PCH Cedros (Rio dos Cedros) - Pinhal","BAR_NM_SECUNDARIO":null,"BAR_NU_ALT_MAX_BASE_FUNDACAO":15,"BAR_NU_ALT_MAX_NIVEL_TERRENO":15,"BAR_DT_CADASTRO":1627803005000,"TIPO_MATERIAL":"Enrocamento","USO_PRINCIPAL":"Hidroelétrica","USO_COMPLEMENTAR":null,"BAR_DS_CLASSE":null,"BAR_NU_LATITUDE":-26.645,"BAR_NU_LONGITUDE":-49.356900000000003,"NIVEL_PERIGO":null,"IC_REGULADA":1,"REGULADA_PELO_PNSB":"Sim","NM_EMPREENDEDOR":"CELESC Geração S.A.","ING_SG_UFMUNICIPIO":"SC","ING_NM_MUNICIPIO":"RIO DOS CEDROS","FASE_DE_VIDA":"Operação","ORG_NM_ORGANIZACAO":"Agência Nacional de Energia Elétrica - ANEEL","AUT_DT_EMISSAO_PUB":946684800000,"AUT_NU_AUTORIZACAO":"055","ECL_IC_EXISTE_ECLUSA":null,"ING_NM_BACIADNAEE":null,"ING_NM_REGIAO_HIDRO":"Região Hidrográfica ATLÂNTICO SUL","ING_CD_CURSODAGUA_TRECHO":"795442","ING_NM_TRECHO":"Rio dos Cedros","DOMINIO_CURSO_DAGUA":null,"ING_NM_COMITEFEDERAL":null,"ING_NM_COMITEESTADUAL":"CBH do Rio Itajaí","UNIDADE_DE_GESTAO":"CBH do Rio Itajaí","POSSUI_PAE":null,"BAR_NU_CAP_TOTAL_RESERV":18.300000000000001,"POSSUI_PLANO_SEGURANCA":"Não","INS_DT_INSPECAO":null,"TP_INSPECAO":null,"CATEGORIA_RISCO":"Baixo","DANO_POTENCIAL":"Alto","POSSUI_REVISAO_PERIODICA":"Não","BARRAGEM_AUTUADA":"Não","COMPLETUDE":"boa","OBJECTID":3202}},{"type":"Feature","id":20578,"geometry":{"type":"Point","coordinates":[-49.356899999999996,-26.644999999999982]},"properties":{"BAR_CD_SNISB":20578,"BAR_CD_BAR_ENT_FISCALIZADORA":"17382","BAR_NM_NOME":"PCH Cedros (Rio dos Cedros) - Vertedouro Pinhal","BAR_NM_SECUNDARIO":null,"BAR_NU_ALT_MAX_BASE_FUNDACAO":3.1000000000000001,"BAR_NU_ALT_MAX_NIVEL_TERRENO":3.1000000000000001,"BAR_DT_CADASTRO":1627803007000,"TIPO_MATERIAL":"Concreto convencional","USO_PRINCIPAL":"Hidroelétrica","USO_COMPLEMENTAR":null,"BAR_DS_CLASSE":null,"BAR_NU_LATITUDE":-26.645,"BAR_NU_LONGITUDE":-49.356900000000003,"NIVEL_PERIGO":null,"IC_REGULADA":1,"REGULADA_PELO_PNSB":"Sim","NM_EMPREENDEDOR":"CELESC Geração S.A.","ING_SG_UFMUNICIPIO":"SC","ING_NM_MUNICIPIO":"RIO DOS CEDROS","FASE_DE_VIDA":"Operação","ORG_NM_ORGANIZACAO":"Agência Nacional de Energia Elétrica - ANEEL","AUT_DT_EMISSAO_PUB":null,"AUT_NU_AUTORIZACAO":"055","ECL_IC_EXISTE_ECLUSA":null,"ING_NM_BACIADNAEE":null,"ING_NM_REGIAO_HIDRO":"Região Hidrográfica ATLÂNTICO SUL","ING_CD_CURSODAGUA_TRECHO":"795442","ING_NM_TRECHO":"Rio dos Cedros","DOMINIO_CURSO_DAGUA":null,"ING_NM_COMITEFEDERAL":null,"ING_NM_COMITEESTADUAL":"CBH do Rio Itajaí","UNIDADE_DE_GESTAO":"CBH do Rio Itajaí","POSSUI_PAE":"Sim","BAR_NU_CAP_TOTAL_RESERV":18.300000000000001,"POSSUI_PLANO_SEGURANCA":"Sim","INS_DT_INSPECAO":null,"TP_INSPECAO":null,"CATEGORIA_RISCO":"Baixo","DANO_POTENCIAL":"Alto","POSSUI_REVISAO_PERIODICA":"Sim","BARRAGEM_AUTUADA":"Não","COMPLETUDE":"boa","OBJECTID":15562}},{"type":"Feature","id":20577,"geometry":{"type":"Point","coordinates":[-49.356899999999996,-26.644999999999982]},"properties":{"BAR_CD_SNISB":20577,"BAR_CD_BAR_ENT_FISCALIZADORA":"17381","BAR_NM_NOME":"PCH Cedros (Rio dos Cedros) - Captação - \"Tarnowski\"","BAR_NM_SECUNDARIO":null,"BAR_NU_ALT_MAX_BASE_FUNDACAO":18,"BAR_NU_ALT_MAX_NIVEL_TERRENO":18,"BAR_DT_CADASTRO":1627803006000,"TIPO_MATERIAL":"Enrocamento","USO_PRINCIPAL":"Hidroelétrica","USO_COMPLEMENTAR":null,"BAR_DS_CLASSE":null,"BAR_NU_LATITUDE":-26.645,"BAR_NU_LONGITUDE":-49.356900000000003,"NIVEL_PERIGO":null,"IC_REGULADA":1,"REGULADA_PELO_PNSB":"Sim","NM_EMPREENDEDOR":"CELESC Geração S.A.","ING_SG_UFMUNICIPIO":"SC","ING_NM_MUNICIPIO":"RIO DOS CEDROS","FASE_DE_VIDA":"Operação","ORG_NM_ORGANIZACAO":"Agência Nacional de Energia Elétrica - ANEEL","AUT_DT_EMISSAO_PUB":null,"AUT_NU_AUTORIZACAO":"055","ECL_IC_EXISTE_ECLUSA":null,"ING_NM_BACIADNAEE":null,"ING_NM_REGIAO_HIDRO":"Região Hidrográfica ATLÂNTICO SUL","ING_CD_CURSODAGUA_TRECHO":"795442","ING_NM_TRECHO":"Rio dos Cedros","DOMINIO_CURSO_DAGUA":null,"ING_NM_COMITEFEDERAL":null,"ING_NM_COMITEESTADUAL":"CBH do Rio Itajaí","UNIDADE_DE_GESTAO":"CBH do Rio Itajaí","POSSUI_PAE":"Sim","BAR_NU_CAP_TOTAL_RESERV":18.300000000000001,"POSSUI_PLANO_SEGURANCA":"Sim","INS_DT_INSPECAO":null,"TP_INSPECAO":null,"CATEGORIA_RISCO":"Médio","DANO_POTENCIAL":"Alto","POSSUI_REVISAO_PERIODICA":"Sim","BARRAGEM_AUTUADA":"Não","COMPLETUDE":"boa","OBJECTID":15561}},{"type":"Feature","id":35213,"geometry":{"type":"Point","coordinates":[-49.879999999999995,-26.626700000000028]},"properties":{"BAR_CD_SNISB":35213,"BAR_CD_BAR_ENT_FISCALIZADORA":"17301","BAR_NM_NOME":"CGH Salto I - CGH Salto","BAR_NM_SECUNDARIO":null,"BAR_NU_ALT_MAX_BASE_FUNDACAO":9,"BAR_NU_ALT_MAX_NIVEL_TERRENO":9,"BAR_DT_CADASTRO":1756719735000,"TIPO_MATERIAL":"Concreto convencional","USO_PRINCIPAL":"Hidroelétrica","USO_COMPLEMENTAR":null,"BAR_DS_CLASSE":null,"BAR_NU_LATITUDE":-26.6267,"BAR_NU_LONGITUDE":-49.880000000000003,"NIVEL_PERIGO":null,"IC_REGULADA":2,"REGULADA_PELO_PNSB":"Não","NM_EMPREENDEDOR":"NOVA ALIANCA ENERGIA LTDA","ING_SG_UFMUNICIPIO":"SC","ING_NM_MUNICIPIO":"ITAIÓPOLIS","FASE_DE_VIDA":"1º enchimento","ORG_NM_ORGANIZACAO":"Agência Nacional de Energia Elétrica - ANEEL","AUT_DT_EMISSAO_PUB":null,"AUT_NU_AUTORIZACAO":"8UY5MW8C7VdVWAY","ECL_IC_EXISTE_ECLUSA":null,"ING_NM_BACIADNAEE":null,"ING_NM_REGIAO_HIDRO":"Região Hidrográfica ATLÂNTICO SUL","ING_CD_CURSODAGUA_TRECHO":"79546","ING_NM_TRECHO":"Rio Itajaí do Norte ou Hercílio","DOMINIO_CURSO_DAGUA":null,"ING_NM_COMITEFEDERAL":null,"ING_NM_COMITEESTADUAL":"CBH do Rio Itajaí","UNIDADE_DE_GESTAO":"CBH do Rio Itajaí","POSSUI_PAE":null,"BAR_NU_CAP_TOTAL_RESERV":0.50380000000000003,"POSSUI_PLANO_SEGURANCA":"Não","INS_DT_INSPECAO":null,"TP_INSPECAO":null,"CATEGORIA_RISCO":"Baixo","DANO_POTENCIAL":"Baixo","POSSUI_REVISAO_PERIODICA":"Não","BARRAGEM_AUTUADA":"Não","COMPLETUDE":"ótima","OBJECTID":28281}},{"type":"Feature","id":20186,"geometry":{"type":"Point","coordinates":[-49.561551716999986,-26.608098885999993]},"properties":{"BAR_CD_SNISB":20186,"BAR_CD_BAR_ENT_FISCALIZADORA":null,"BAR_NM_NOME":"Fazenda Celso Berri","BAR_NM_SECUNDARIO":null,"BAR_NU_ALT_MAX_BASE_FUNDACAO":8,"BAR_NU_ALT_MAX_NIVEL_TERRENO":8,"BAR_DT_CADASTRO":1585915039000,"TIPO_MATERIAL":"Terra","USO_PRINCIPAL":"Recreação","USO_COMPLEMENTAR":"Aquicultura","BAR_DS_CLASSE":"D","BAR_NU_LATITUDE":-26.608098886200001,"BAR_NU_LONGITUDE":-49.561551717,"NIVEL_PERIGO":null,"IC_REGULADA":2,"REGULADA_PELO_PNSB":"Não","NM_EMPREENDEDOR":null,"ING_SG_UFMUNICIPIO":"SC","ING_NM_MUNICIPIO":"DOUTOR PEDRINHO","FASE_DE_VIDA":"Operação","ORG_NM_ORGANIZACAO":"SC - Secretaria de Estado do Meio Ambiente e da Economia Verde - SEMAE","AUT_DT_EMISSAO_PUB":null,"AUT_NU_AUTORIZACAO":null,"ECL_IC_EXISTE_ECLUSA":"Não","ING_NM_BACIADNAEE":null,"ING_NM_REGIAO_HIDRO":"Região Hidrográfica ATLÂNTICO SUL","ING_CD_CURSODAGUA_TRECHO":"79544","ING_NM_TRECHO":"Rio Benedito","DOMINIO_CURSO_DAGUA":"Federal","ING_NM_COMITEFEDERAL":null,"ING_NM_COMITEESTADUAL":"CBH do Rio Itajaí","UNIDADE_DE_GESTAO":"CBH do Rio Itajaí","POSSUI_PAE":null,"BAR_NU_CAP_TOTAL_RESERV":1.1500000000000001,"POSSUI_PLANO_SEGURANCA":"Não","INS_DT_INSPECAO":null,"TP_INSPECAO":null,"CATEGORIA_RISCO":"Médio","DANO_POTENCIAL":"Baixo","POSSUI_REVISAO_PERIODICA":"Não","BARRAGEM_AUTUADA":"Não","COMPLETUDE":"mínima","OBJECTID":15206}},{"type":"Feature","id":20180,"geometry":{"type":"Point","coordinates":[-48.913193972999977,-26.528463260000024]},"properties":{"BAR_CD_SNISB":20180,"BAR_CD_BAR_ENT_FISCALIZADORA":null,"BAR_NM_NOME":"Goetten","BAR_NM_SECUNDARIO":null,"BAR_NU_ALT_MAX_BASE_FUNDACAO":2.5,"BAR_NU_ALT_MAX_NIVEL_TERRENO":2.5,"BAR_DT_CADASTRO":1585911379000,"TIPO_MATERIAL":"Terra","USO_PRINCIPAL":"Irrigação","USO_COMPLEMENTAR":null,"BAR_DS_CLASSE":"D","BAR_NU_LATITUDE":-26.528463259700001,"BAR_NU_LONGITUDE":-48.913193972800002,"NIVEL_PERIGO":null,"IC_REGULADA":2,"REGULADA_PELO_PNSB":"Não","NM_EMPREENDEDOR":"Glaico Goetten","ING_SG_UFMUNICIPIO":"SC","ING_NM_MUNICIPIO":"GUARAMIRIM","FASE_DE_VIDA":"Operação","ORG_NM_ORGANIZACAO":"SC - Secretaria de Estado do Meio Ambiente e da Economia Verde - SEMAE","AUT_DT_EMISSAO_PUB":null,"AUT_NU_AUTORIZACAO":null,"ECL_IC_EXISTE_ECLUSA":"Não","ING_NM_BACIADNAEE":null,"ING_NM_REGIAO_HIDRO":"Região Hidrográfica ATLÂNTICO SUL","ING_CD_CURSODAGUA_TRECHO":"79524","ING_NM_TRECHO":"Rio Pitanga","DOMINIO_CURSO_DAGUA":"Federal","ING_NM_COMITEFEDERAL":null,"ING_NM_COMITEESTADUAL":"CBH do Rio Itapocu","UNIDADE_DE_GESTAO":"CBH do Rio Itapocu","POSSUI_PAE":null,"BAR_NU_CAP_TOTAL_RESERV":0.24100000000000002,"POSSUI_PLANO_SEGURANCA":"Não","INS_DT_INSPECAO":null,"TP_INSPECAO":null,"CATEGORIA_RISCO":"Médio","DANO_POTENCIAL":"Baixo","POSSUI_REVISAO_PERIODICA":"Não","BARRAGEM_AUTUADA":"Não","COMPLETUDE":"baixa","OBJECTID":15200}},{"type":"Feature","id":24132,"geometry":{"type":"Point","coordinates":[-49.596400000000017,-26.466400000000021]},"properties":{"BAR_CD_SNISB":24132,"BAR_CD_BAR_ENT_FISCALIZADORA":"17556","BAR_NM_NOME":"CGH Salto Grande - CGH Salto Grande","BAR_NM_SECUNDARIO":null,"BAR_NU_ALT_MAX_BASE_FUNDACAO":10.85,"BAR_NU_ALT_MAX_NIVEL_TERRENO":9.9700000000000006,"BAR_DT_CADASTRO":1627804185000,"TIPO_MATERIAL":"Concreto convencional","USO_PRINCIPAL":"Hidroelétrica","USO_COMPLEMENTAR":null,"BAR_DS_CLASSE":null,"BAR_NU_LATITUDE":-26.4664,"BAR_NU_LONGITUDE":-49.596400000000003,"NIVEL_PERIGO":null,"IC_REGULADA":2,"REGULADA_PELO_PNSB":"Não","NM_EMPREENDEDOR":"C.V.G.CIA VOLTA GRANDE DE PAPEL","ING_SG_UFMUNICIPIO":"SC","ING_NM_MUNICIPIO":"RIO NEGRINHO","FASE_DE_VIDA":"Operação","ORG_NM_ORGANIZACAO":"Agência Nacional de Energia Elétrica - ANEEL","AUT_DT_EMISSAO_PUB":null,"AUT_NU_AUTORIZACAO":"PCC498CC1YKYPJt","ECL_IC_EXISTE_ECLUSA":null,"ING_NM_BACIADNAEE":null,"ING_NM_REGIAO_HIDRO":"Região Hidrográfica do PARANÁ","ING_CD_CURSODAGUA_TRECHO":"86298","ING_NM_TRECHO":"Rio Preto","DOMINIO_CURSO_DAGUA":null,"ING_NM_COMITEFEDERAL":"Iguaçu","ING_NM_COMITEESTADUAL":null,"UNIDADE_DE_GESTAO":"Iguaçu","POSSUI_PAE":null,"BAR_NU_CAP_TOTAL_RESERV":0.40000000000000002,"POSSUI_PLANO_SEGURANCA":"Não","INS_DT_INSPECAO":null,"TP_INSPECAO":null,"CATEGORIA_RISCO":"Baixo","DANO_POTENCIAL":"Baixo","POSSUI_REVISAO_PERIODICA":"Não","BARRAGEM_AUTUADA":"Não","COMPLETUDE":"ótima","OBJECTID":18462}},{"type":"Feature","id":24111,"geometry":{"type":"Point","coordinates":[-50.634400000000028,-27.204400000000021]},"properties":{"BAR_CD_SNISB":24111,"BAR_CD_BAR_ENT_FISCALIZADORA":"16111","BAR_NM_NOME":"CGH Marombas II - CGH Marombas II","BAR_NM_SECUNDARIO":null,"BAR_NU_ALT_MAX_BASE_FUNDACAO":4.7000000000000002,"BAR_NU_ALT_MAX_NIVEL_TERRENO":4.7000000000000002,"BAR_DT_CADASTRO":1627804139000,"TIPO_MATERIAL":"Concreto convencional","USO_PRINCIPAL":"Hidroelétrica","USO_COMPLEMENTAR":null,"BAR_DS_CLASSE":null,"BAR_NU_LATITUDE":-27.2044,"BAR_NU_LONGITUDE":-50.634399999999999,"NIVEL_PERIGO":null,"IC_REGULADA":2,"REGULADA_PELO_PNSB":"Não","NM_EMPREENDEDOR":"HIDRELETRICA MAROMBAS II SPE LTDA","ING_SG_UFMUNICIPIO":"SC","ING_NM_MUNICIPIO":"CURITIBANOS","FASE_DE_VIDA":"Operação","ORG_NM_ORGANIZACAO":"Agência Nacional de Energia Elétrica - ANEEL","AUT_DT_EMISSAO_PUB":null,"AUT_NU_AUTORIZACAO":"W7OG42Pl5B37ISQ","ECL_IC_EXISTE_ECLUSA":null,"ING_NM_BACIADNAEE":null,"ING_NM_REGIAO_HIDRO":"Região Hidrográfica do URUGUAI","ING_CD_CURSODAGUA_TRECHO":"82964","ING_NM_TRECHO":"Rio das Marombas","DOMINIO_CURSO_DAGUA":null,"ING_NM_COMITEFEDERAL":"Uruguai","ING_NM_COMITEESTADUAL":"CBH do Rio Canoas","UNIDADE_DE_GESTAO":"Uruguai","POSSUI_PAE":null,"BAR_NU_CAP_TOTAL_RESERV":0.10048,"POSSUI_PLANO_SEGURANCA":"Não","INS_DT_INSPECAO":null,"TP_INSPECAO":null,"CATEGORIA_RISCO":"Baixo","DANO_POTENCIAL":"Baixo","POSSUI_REVISAO_PERIODICA":"Não","BARRAGEM_AUTUADA":"Não","COMPLETUDE":"ótima","OBJECTID":18441}},{"type":"Feature","id":24110,"geometry":{"type":"Point","coordinates":[-50.632799999999975,-27.19580000000002]},"properties":{"BAR_CD_SNISB":24110,"BAR_CD_BAR_ENT_FISCALIZADORA":"16110","BAR_NM_NOME":"CGH Marombas I - CGH Marombas I","BAR_NM_SECUNDARIO":null,"BAR_NU_ALT_MAX_BASE_FUNDACAO":2.3000000000000003,"BAR_NU_ALT_MAX_NIVEL_TERRENO":1.5,"BAR_DT_CADASTRO":1627804138000,"TIPO_MATERIAL":"Concreto convencional","USO_PRINCIPAL":"Hidroelétrica","USO_COMPLEMENTAR":null,"BAR_DS_CLASSE":null,"BAR_NU_LATITUDE":-27.195800000000002,"BAR_NU_LONGITUDE":-50.632800000000003,"NIVEL_PERIGO":null,"IC_REGULADA":2,"REGULADA_PELO_PNSB":"Não","NM_EMPREENDEDOR":"Hidrelétrica Marombas I SPE LTDA.","ING_SG_UFMUNICIPIO":"SC","ING_NM_MUNICIPIO":"CURITIBANOS","FASE_DE_VIDA":"Operação","ORG_NM_ORGANIZACAO":"Agência Nacional de Energia Elétrica - ANEEL","AUT_DT_EMISSAO_PUB":null,"AUT_NU_AUTORIZACAO":"eMnU5nZYSQM7PPF","ECL_IC_EXISTE_ECLUSA":null,"ING_NM_BACIADNAEE":null,"ING_NM_REGIAO_HIDRO":"Região Hidrográfica do URUGUAI","ING_CD_CURSODAGUA_TRECHO":"82964","ING_NM_TRECHO":"Rio das Marombas","DOMINIO_CURSO_DAGUA":null,"ING_NM_COMITEFEDERAL":null,"ING_NM_COMITEESTADUAL":"CBH do Rio Canoas","UNIDADE_DE_GESTAO":"CBH do Rio Canoas","POSSUI_PAE":null,"BAR_NU_CAP_TOTAL_RESERV":0.0090000000000000011,"POSSUI_PLANO_SEGURANCA":"Não","INS_DT_INSPECAO":null,"TP_INSPECAO":null,"CATEGORIA_RISCO":"Baixo","DANO_POTENCIAL":"Baixo","POSSUI_REVISAO_PERIODICA":"Não","BARRAGEM_AUTUADA":"Não","COMPLETUDE":"ótima","OBJECTID":18440}},{"type":"Feature","id":34069,"geometry":{"type":"Point","coordinates":[-50.610599999999977,-27.14609999999999]},"properties":{"BAR_CD_SNISB":34069,"BAR_CD_BAR_ENT_FISCALIZADORA":"16957","BAR_NM_NOME":"CGH Sbravati - CGH Sbravati","BAR_NM_SECUNDARIO":null,"BAR_NU_ALT_MAX_BASE_FUNDACAO":4.6000000000000005,"BAR_NU_ALT_MAX_NIVEL_TERRENO":1.8,"BAR_DT_CADASTRO":1738006057000,"TIPO_MATERIAL":"Alvenaria","USO_PRINCIPAL":"Hidroelétrica","USO_COMPLEMENTAR":null,"BAR_DS_CLASSE":null,"BAR_NU_LATITUDE":-27.146100000000001,"BAR_NU_LONGITUDE":-50.610600000000005,"NIVEL_PERIGO":null,"IC_REGULADA":2,"REGULADA_PELO_PNSB":"Não","NM_EMPREENDEDOR":"INDUSTRIA DE CARTAO SBRAVATI LTDA","ING_SG_UFMUNICIPIO":"SC","ING_NM_MUNICIPIO":"CURITIBANOS","FASE_DE_VIDA":"Operação","ORG_NM_ORGANIZACAO":"Agência Nacional de Energia Elétrica - ANEEL","AUT_DT_EMISSAO_PUB":null,"AUT_NU_AUTORIZACAO":"57hMtG4tFBM8FS3","ECL_IC_EXISTE_ECLUSA":null,"ING_NM_BACIADNAEE":null,"ING_NM_REGIAO_HIDRO":"Região Hidrográfica do URUGUAI","ING_CD_CURSODAGUA_TRECHO":"829644","ING_NM_TRECHO":"Rio das Pedras","DOMINIO_CURSO_DAGUA":null,"ING_NM_COMITEFEDERAL":null,"ING_NM_COMITEESTADUAL":"CBH do Rio Canoas","UNIDADE_DE_GESTAO":"CBH do Rio Canoas","POSSUI_PAE":null,"BAR_NU_CAP_TOTAL_RESERV":0.012,"POSSUI_PLANO_SEGURANCA":"Não","INS_DT_INSPECAO":null,"TP_INSPECAO":null,"CATEGORIA_RISCO":"Baixo","DANO_POTENCIAL":"Baixo","POSSUI_REVISAO_PERIODICA":"Não","BARRAGEM_AUTUADA":"Não","COMPLETUDE":"ótima","OBJECTID":27171}},{"type":"Feature","id":24114,"geometry":{"type":"Point","coordinates":[-50.54140000000001,-27.208900000000028]},"properties":{"BAR_CD_SNISB":24114,"BAR_CD_BAR_ENT_FISCALIZADORA":"16112","BAR_NM_NOME":"CGH Bossardi - CGH Bossardi","BAR_NM_SECUNDARIO":null,"BAR_NU_ALT_MAX_BASE_FUNDACAO":4.5,"BAR_NU_ALT_MAX_NIVEL_TERRENO":3.8999999999999999,"BAR_DT_CADASTRO":1627804142000,"TIPO_MATERIAL":"Concreto convencional","USO_PRINCIPAL":"Hidroelétrica","USO_COMPLEMENTAR":null,"BAR_DS_CLASSE":null,"BAR_NU_LATITUDE":-27.2089,"BAR_NU_LONGITUDE":-50.541400000000003,"NIVEL_PERIGO":null,"IC_REGULADA":2,"REGULADA_PELO_PNSB":"Não","NM_EMPREENDEDOR":"MAROMBAS GERACAO DE ENERGIA LTDA.","ING_SG_UFMUNICIPIO":"SC","ING_NM_MUNICIPIO":"PONTE ALTA DO NORTE","FASE_DE_VIDA":"Operação","ORG_NM_ORGANIZACAO":"Agência Nacional de Energia Elétrica - ANEEL","AUT_DT_EMISSAO_PUB":null,"AUT_NU_AUTORIZACAO":"AUehJC9YdJtBIMA","ECL_IC_EXISTE_ECLUSA":null,"ING_NM_BACIADNAEE":null,"ING_NM_REGIAO_HIDRO":"Região Hidrográfica do URUGUAI","ING_CD_CURSODAGUA_TRECHO":"82964","ING_NM_TRECHO":"Rio das Marombas","DOMINIO_CURSO_DAGUA":null,"ING_NM_COMITEFEDERAL":null,"ING_NM_COMITEESTADUAL":"CBH do Rio Canoas","UNIDADE_DE_GESTAO":"CBH do Rio Canoas","POSSUI_PAE":null,"BAR_NU_CAP_TOTAL_RESERV":0.02,"POSSUI_PLANO_SEGURANCA":"Não","INS_DT_INSPECAO":null,"TP_INSPECAO":null,"CATEGORIA_RISCO":"Baixo","DANO_POTENCIAL":"Baixo","POSSUI_REVISAO_PERIODICA":"Não","BARRAGEM_AUTUADA":"Não","COMPLETUDE":"ótima","OBJECTID":18444}},{"type":"Feature","id":20060,"geometry":{"type":"Point","coordinates":[-50.565257932999998,-27.11601028299998]},"properties":{"BAR_CD_SNISB":20060,"BAR_CD_BAR_ENT_FISCALIZADORA":null,"BAR_NM_NOME":"Agroflorestal Marombas","BAR_NM_SECUNDARIO":null,"BAR_NU_ALT_MAX_BASE_FUNDACAO":10,"BAR_NU_ALT_MAX_NIVEL_TERRENO":8,"BAR_DT_CADASTRO":1585132576000,"TIPO_MATERIAL":"Terra","USO_PRINCIPAL":"Recreação","USO_COMPLEMENTAR":null,"BAR_DS_CLASSE":"D","BAR_NU_LATITUDE":-27.1160102829,"BAR_NU_LONGITUDE":-50.5652579327,"NIVEL_PERIGO":null,"IC_REGULADA":2,"REGULADA_PELO_PNSB":"Não","NM_EMPREENDEDOR":"Agroflorestal Marombas Ltda","ING_SG_UFMUNICIPIO":"SC","ING_NM_MUNICIPIO":"CURITIBANOS","FASE_DE_VIDA":"Operação","ORG_NM_ORGANIZACAO":"SC - Secretaria de Estado do Meio Ambiente e da Economia Verde - SEMAE","AUT_DT_EMISSAO_PUB":null,"AUT_NU_AUTORIZACAO":null,"ECL_IC_EXISTE_ECLUSA":"Não","ING_NM_BACIADNAEE":null,"ING_NM_REGIAO_HIDRO":"Região Hidrográfica do URUGUAI","ING_CD_CURSODAGUA_TRECHO":"829644","ING_NM_TRECHO":"Rio das Pedras","DOMINIO_CURSO_DAGUA":"Federal","ING_NM_COMITEFEDERAL":null,"ING_NM_COMITEESTADUAL":"CBH do Rio Canoas","UNIDADE_DE_GESTAO":"CBH do Rio Canoas","POSSUI_PAE":null,"BAR_NU_CAP_TOTAL_RESERV":1.462,"POSSUI_PLANO_SEGURANCA":"Não","INS_DT_INSPECAO":null,"TP_INSPECAO":null,"CATEGORIA_RISCO":"Médio","DANO_POTENCIAL":"Baixo","POSSUI_REVISAO_PERIODICA":"Não","BARRAGEM_AUTUADA":"Não","COMPLETUDE":"baixa","OBJECTID":15090}},{"type":"Feature","id":24113,"geometry":{"type":"Point","coordinates":[-50.546100000000024,-27.140600000000006]},"properties":{"BAR_CD_SNISB":24113,"BAR_CD_BAR_ENT_FISCALIZADORA":"16114","BAR_NM_NOME":"CGH Rio Das Pedras - CGH Rio das Pedras","BAR_NM_SECUNDARIO":null,"BAR_NU_ALT_MAX_BASE_FUNDACAO":3.6600000000000001,"BAR_NU_ALT_MAX_NIVEL_TERRENO":3,"BAR_DT_CADASTRO":1627804141000,"TIPO_MATERIAL":"Concreto convencional","USO_PRINCIPAL":"Hidroelétrica","USO_COMPLEMENTAR":null,"BAR_DS_CLASSE":null,"BAR_NU_LATITUDE":-27.140600000000003,"BAR_NU_LONGITUDE":-50.546100000000003,"NIVEL_PERIGO":null,"IC_REGULADA":2,"REGULADA_PELO_PNSB":"Não","NM_EMPREENDEDOR":"MAROMBAS GERACAO DE ENERGIA LTDA.","ING_SG_UFMUNICIPIO":"SC","ING_NM_MUNICIPIO":"CURITIBANOS","FASE_DE_VIDA":"Operação","ORG_NM_ORGANIZACAO":"Agência Nacional de Energia Elétrica - ANEEL","AUT_DT_EMISSAO_PUB":null,"AUT_NU_AUTORIZACAO":"GS7AGJt2VKA1PZd","ECL_IC_EXISTE_ECLUSA":null,"ING_NM_BACIADNAEE":null,"ING_NM_REGIAO_HIDRO":"Região Hidrográfica do URUGUAI","ING_CD_CURSODAGUA_TRECHO":"829644","ING_NM_TRECHO":"Rio das Pedras","DOMINIO_CURSO_DAGUA":null,"ING_NM_COMITEFEDERAL":null,"ING_NM_COMITEESTADUAL":"CBH do Rio Canoas","UNIDADE_DE_GESTAO":"CBH do Rio Canoas","POSSUI_PAE":null,"BAR_NU_CAP_TOTAL_RESERV":0.31,"POSSUI_PLANO_SEGURANCA":"Não","INS_DT_INSPECAO":null,"TP_INSPECAO":null,"CATEGORIA_RISCO":"Baixo","DANO_POTENCIAL":"Baixo","POSSUI_REVISAO_PERIODICA":"Não","BARRAGEM_AUTUADA":"Não","COMPLETUDE":"ótima","OBJECTID":18443}},{"type":"Feature","id":34835,"geometry":{"type":"Point","coordinates":[-50.572799999999972,-27.027499999999975]},"properties":{"BAR_CD_SNISB":34835,"BAR_CD_BAR_ENT_FISCALIZADORA":"17656","BAR_NM_NOME":"CGH POLPA PAPEIS - Polpa Papeis","BAR_NM_SECUNDARIO":null,"BAR_NU_ALT_MAX_BASE_FUNDACAO":1.8,"BAR_NU_ALT_MAX_NIVEL_TERRENO":1.8,"BAR_DT_CADASTRO":1745886046000,"TIPO_MATERIAL":"Concreto convencional","USO_PRINCIPAL":"Hidroelétrica","USO_COMPLEMENTAR":null,"BAR_DS_CLASSE":null,"BAR_NU_LATITUDE":-27.0275,"BAR_NU_LONGITUDE":-50.572800000000001,"NIVEL_PERIGO":null,"IC_REGULADA":2,"REGULADA_PELO_PNSB":"Não","NM_EMPREENDEDOR":"POLPA PAPEIS LTDA","ING_SG_UFMUNICIPIO":"SC","ING_NM_MUNICIPIO":"SANTA CECÍLIA","FASE_DE_VIDA":"Operação","ORG_NM_ORGANIZACAO":"Agência Nacional de Energia Elétrica - ANEEL","AUT_DT_EMISSAO_PUB":null,"AUT_NU_AUTORIZACAO":null,"ECL_IC_EXISTE_ECLUSA":null,"ING_NM_BACIADNAEE":null,"ING_NM_REGIAO_HIDRO":"Região Hidrográfica do URUGUAI","ING_CD_CURSODAGUA_TRECHO":"8296","ING_NM_TRECHO":"Rio Correntes","DOMINIO_CURSO_DAGUA":null,"ING_NM_COMITEFEDERAL":"Uruguai","ING_NM_COMITEESTADUAL":"CBH do Rio Canoas","UNIDADE_DE_GESTAO":"Uruguai","POSSUI_PAE":null,"BAR_NU_CAP_TOTAL_RESERV":0,"POSSUI_PLANO_SEGURANCA":"Não","INS_DT_INSPECAO":null,"TP_INSPECAO":null,"CATEGORIA_RISCO":"Médio","DANO_POTENCIAL":"Baixo","POSSUI_REVISAO_PERIODICA":"Não","BARRAGEM_AUTUADA":"Não","COMPLETUDE":"mínima","OBJECTID":27930}},{"type":"Feature","id":24011,"geometry":{"type":"Point","coordinates":[-50.470000000000027,-27.140300000000025]},"properties":{"BAR_CD_SNISB":24011,"BAR_CD_BAR_ENT_FISCALIZADORA":"16165","BAR_NM_NOME":"CGH Casagrande SA - Concreto / Contrafortes","BAR_NM_SECUNDARIO":null,"BAR_NU_ALT_MAX_BASE_FUNDACAO":5,"BAR_NU_ALT_MAX_NIVEL_TERRENO":4,"BAR_DT_CADASTRO":1627803398000,"TIPO_MATERIAL":"Concreto convencional","USO_PRINCIPAL":"Hidroelétrica","USO_COMPLEMENTAR":null,"BAR_DS_CLASSE":null,"BAR_NU_LATITUDE":-27.1403,"BAR_NU_LONGITUDE":-50.469999999999999,"NIVEL_PERIGO":null,"IC_REGULADA":2,"REGULADA_PELO_PNSB":"Não","NM_EMPREENDEDOR":"CGH CASAGRANDE ENERGETICA S/A","ING_SG_UFMUNICIPIO":"SC","ING_NM_MUNICIPIO":"PONTE ALTA DO NORTE","FASE_DE_VIDA":"Operação","ORG_NM_ORGANIZACAO":"Agência Nacional de Energia Elétrica - ANEEL","AUT_DT_EMISSAO_PUB":null,"AUT_NU_AUTORIZACAO":"8hUOYetxGeA8GPK","ECL_IC_EXISTE_ECLUSA":null,"ING_NM_BACIADNAEE":null,"ING_NM_REGIAO_HIDRO":"Região Hidrográfica do URUGUAI","ING_CD_CURSODAGUA_TRECHO":"829644","ING_NM_TRECHO":"Rio das Pedras","DOMINIO_CURSO_DAGUA":null,"ING_NM_COMITEFEDERAL":null,"ING_NM_COMITEESTADUAL":"CBH do Rio Canoas","UNIDADE_DE_GESTAO":"CBH do Rio Canoas","POSSUI_PAE":null,"BAR_NU_CAP_TOTAL_RESERV":0.040000000000000001,"POSSUI_PLANO_SEGURANCA":"Não","INS_DT_INSPECAO":null,"TP_INSPECAO":null,"CATEGORIA_RISCO":"Baixo","DANO_POTENCIAL":"Baixo","POSSUI_REVISAO_PERIODICA":"Não","BARRAGEM_AUTUADA":"Não","COMPLETUDE":"ótima","OBJECTID":18341}},{"type":"Feature","id":24257,"geometry":{"type":"Point","coordinates":[-50.470000000000027,-27.140300000000025]},"properties":{"BAR_CD_SNISB":24257,"BAR_CD_BAR_ENT_FISCALIZADORA":"16164","BAR_NM_NOME":"CGH Casagrande SA - Creager","BAR_NM_SECUNDARIO":null,"BAR_NU_ALT_MAX_BASE_FUNDACAO":5,"BAR_NU_ALT_MAX_NIVEL_TERRENO":4,"BAR_DT_CADASTRO":1627803396000,"TIPO_MATERIAL":"Alvenaria","USO_PRINCIPAL":"Hidroelétrica","USO_COMPLEMENTAR":null,"BAR_DS_CLASSE":null,"BAR_NU_LATITUDE":-27.1403,"BAR_NU_LONGITUDE":-50.469999999999999,"NIVEL_PERIGO":null,"IC_REGULADA":2,"REGULADA_PELO_PNSB":"Não","NM_EMPREENDEDOR":"CGH CASAGRANDE ENERGETICA S/A","ING_SG_UFMUNICIPIO":"SC","ING_NM_MUNICIPIO":"PONTE ALTA DO NORTE","FASE_DE_VIDA":"Operação","ORG_NM_ORGANIZACAO":"Agência Nacional de Energia Elétrica - ANEEL","AUT_DT_EMISSAO_PUB":null,"AUT_NU_AUTORIZACAO":"8hUOYetxGeA8GPK","ECL_IC_EXISTE_ECLUSA":null,"ING_NM_BACIADNAEE":null,"ING_NM_REGIAO_HIDRO":"Região Hidrográfica do URUGUAI","ING_CD_CURSODAGUA_TRECHO":"829644","ING_NM_TRECHO":"Rio das Pedras","DOMINIO_CURSO_DAGUA":null,"ING_NM_COMITEFEDERAL":null,"ING_NM_COMITEESTADUAL":"CBH do Rio Canoas","UNIDADE_DE_GESTAO":"CBH do Rio Canoas","POSSUI_PAE":null,"BAR_NU_CAP_TOTAL_RESERV":0.040000000000000001,"POSSUI_PLANO_SEGURANCA":"Não","INS_DT_INSPECAO":null,"TP_INSPECAO":null,"CATEGORIA_RISCO":"Médio","DANO_POTENCIAL":"Baixo","POSSUI_REVISAO_PERIODICA":"Não","BARRAGEM_AUTUADA":"Não","COMPLETUDE":"ótima","OBJECTID":18586}},{"type":"Feature","id":24256,"geometry":{"type":"Point","coordinates":[-50.414699999999982,-27.246899999999982]},"properties":{"BAR_CD_SNISB":24256,"BAR_CD_BAR_ENT_FISCALIZADORA":"17095","BAR_NM_NOME":"CGH Apolo - Rover Energia","BAR_NM_SECUNDARIO":null,"BAR_NU_ALT_MAX_BASE_FUNDACAO":3.6000000000000001,"BAR_NU_ALT_MAX_NIVEL_TERRENO":3,"BAR_DT_CADASTRO":1627803390000,"TIPO_MATERIAL":"Concreto convencional","USO_PRINCIPAL":"Hidroelétrica","USO_COMPLEMENTAR":null,"BAR_DS_CLASSE":null,"BAR_NU_LATITUDE":-27.2469,"BAR_NU_LONGITUDE":-50.414700000000003,"NIVEL_PERIGO":null,"IC_REGULADA":2,"REGULADA_PELO_PNSB":"Não","NM_EMPREENDEDOR":"ROVER ENERGIA LTDA","ING_SG_UFMUNICIPIO":"SC","ING_NM_MUNICIPIO":"SÃO CRISTÓVÃO DO SUL","FASE_DE_VIDA":"Operação","ORG_NM_ORGANIZACAO":"Agência Nacional de Energia Elétrica - ANEEL","AUT_DT_EMISSAO_PUB":null,"AUT_NU_AUTORIZACAO":"PAnPSWQZOeV7Q6U","ECL_IC_EXISTE_ECLUSA":null,"ING_NM_BACIADNAEE":null,"ING_NM_REGIAO_HIDRO":"Região Hidrográfica do URUGUAI","ING_CD_CURSODAGUA_TRECHO":"82964","ING_NM_TRECHO":"Rio das Marombas","DOMINIO_CURSO_DAGUA":null,"ING_NM_COMITEFEDERAL":null,"ING_NM_COMITEESTADUAL":"CBH do Rio Canoas","UNIDADE_DE_GESTAO":"CBH do Rio Canoas","POSSUI_PAE":null,"BAR_NU_CAP_TOTAL_RESERV":0.018000000000000002,"POSSUI_PLANO_SEGURANCA":"Não","INS_DT_INSPECAO":null,"TP_INSPECAO":null,"CATEGORIA_RISCO":"Baixo","DANO_POTENCIAL":"Baixo","POSSUI_REVISAO_PERIODICA":"Não","BARRAGEM_AUTUADA":"Não","COMPLETUDE":"ótima","OBJECTID":18585}},{"type":"Feature","id":24154,"geometry":{"type":"Point","coordinates":[-50.489399999999989,-26.956900000000019]},"properties":{"BAR_CD_SNISB":24154,"BAR_CD_BAR_ENT_FISCALIZADORA":"17281","BAR_NM_NOME":"CGH Frascal - CGH Frascal","BAR_NM_SECUNDARIO":null,"BAR_NU_ALT_MAX_BASE_FUNDACAO":2.8000000000000003,"BAR_NU_ALT_MAX_NIVEL_TERRENO":2.8000000000000003,"BAR_DT_CADASTRO":1627804222000,"TIPO_MATERIAL":"Concreto convencional","USO_PRINCIPAL":"Hidroelétrica","USO_COMPLEMENTAR":null,"BAR_DS_CLASSE":null,"BAR_NU_LATITUDE":-26.956900000000001,"BAR_NU_LONGITUDE":-50.489400000000003,"NIVEL_PERIGO":null,"IC_REGULADA":2,"REGULADA_PELO_PNSB":"Não","NM_EMPREENDEDOR":"NATREB INDUSTRIA E COMERCIO DE MAQUINAS LTDA.","ING_SG_UFMUNICIPIO":"SC","ING_NM_MUNICIPIO":"SANTA CECÍLIA","FASE_DE_VIDA":"Operação","ORG_NM_ORGANIZACAO":"Agência Nacional de Energia Elétrica - ANEEL","AUT_DT_EMISSAO_PUB":null,"AUT_NU_AUTORIZACAO":"tnSWU343ltBS24e","ECL_IC_EXISTE_ECLUSA":null,"ING_NM_BACIADNAEE":null,"ING_NM_REGIAO_HIDRO":"Região Hidrográfica do URUGUAI","ING_CD_CURSODAGUA_TRECHO":"8296","ING_NM_TRECHO":"Rio Correntes","DOMINIO_CURSO_DAGUA":null,"ING_NM_COMITEFEDERAL":null,"ING_NM_COMITEESTADUAL":"CBH do Rio Canoas","UNIDADE_DE_GESTAO":"CBH do Rio Canoas","POSSUI_PAE":null,"BAR_NU_CAP_TOTAL_RESERV":1.425,"POSSUI_PLANO_SEGURANCA":"Não","INS_DT_INSPECAO":null,"TP_INSPECAO":null,"CATEGORIA_RISCO":"Baixo","DANO_POTENCIAL":"Baixo","POSSUI_REVISAO_PERIODICA":"Não","BARRAGEM_AUTUADA":"Não","COMPLETUDE":"ótima","OBJECTID":18484}},{"type":"Feature","id":20112,"geometry":{"type":"Point","coordinates":[-50.449999950000006,-27.01622579299999]},"properties":{"BAR_CD_SNISB":20112,"BAR_CD_BAR_ENT_FISCALIZADORA":null,"BAR_NM_NOME":"Driessen 26","BAR_NM_SECUNDARIO":null,"BAR_NU_ALT_MAX_BASE_FUNDACAO":6,"BAR_NU_ALT_MAX_NIVEL_TERRENO":6,"BAR_DT_CADASTRO":1585308274000,"TIPO_MATERIAL":"Terra-enrocamento","USO_PRINCIPAL":"Recreação","USO_COMPLEMENTAR":null,"BAR_DS_CLASSE":"C","BAR_NU_LATITUDE":-27.0162257928,"BAR_NU_LONGITUDE":-50.449999950199995,"NIVEL_PERIGO":null,"IC_REGULADA":2,"REGULADA_PELO_PNSB":"Não","NM_EMPREENDEDOR":"Adriano Luiz Driessen","ING_SG_UFMUNICIPIO":"SC","ING_NM_MUNICIPIO":"SANTA CECÍLIA","FASE_DE_VIDA":"Operação","ORG_NM_ORGANIZACAO":"SC - Secretaria de Estado do Meio Ambiente e da Economia Verde - SEMAE","AUT_DT_EMISSAO_PUB":null,"AUT_NU_AUTORIZACAO":null,"ECL_IC_EXISTE_ECLUSA":"Não","ING_NM_BACIADNAEE":null,"ING_NM_REGIAO_HIDRO":"Região Hidrográfica do URUGUAI","ING_CD_CURSODAGUA_TRECHO":"829692","ING_NM_TRECHO":"Ribeirão Faxinal das Águas ou Ilha","DOMINIO_CURSO_DAGUA":"Federal","ING_NM_COMITEFEDERAL":null,"ING_NM_COMITEESTADUAL":"CBH do Rio Canoas","UNIDADE_DE_GESTAO":"CBH do Rio Canoas","POSSUI_PAE":null,"BAR_NU_CAP_TOTAL_RESERV":0.69700000000000006,"POSSUI_PLANO_SEGURANCA":"Não","INS_DT_INSPECAO":null,"TP_INSPECAO":null,"CATEGORIA_RISCO":"Médio","DANO_POTENCIAL":"Baixo","POSSUI_REVISAO_PERIODICA":"Não","BARRAGEM_AUTUADA":"Não","COMPLETUDE":"baixa","OBJECTID":15137}},{"type":"Feature","id":23265,"geometry":{"type":"Point","coordinates":[-50.600799999999992,-26.558100000000024]},"properties":{"BAR_CD_SNISB":23265,"BAR_CD_BAR_ENT_FISCALIZADORA":"15492","BAR_NM_NOME":"CGH CENTRAL III - CENTRAL IV","BAR_NM_SECUNDARIO":null,"BAR_NU_ALT_MAX_BASE_FUNDACAO":11,"BAR_NU_ALT_MAX_NIVEL_TERRENO":11,"BAR_DT_CADASTRO":1627804170000,"TIPO_MATERIAL":"Alvenaria","USO_PRINCIPAL":"Hidroelétrica","USO_COMPLEMENTAR":null,"BAR_DS_CLASSE":null,"BAR_NU_LATITUDE":-26.5581,"BAR_NU_LONGITUDE":-50.6008,"NIVEL_PERIGO":null,"IC_REGULADA":1,"REGULADA_PELO_PNSB":"Sim","NM_EMPREENDEDOR":"PAULO ROBERTO BONET","ING_SG_UFMUNICIPIO":"SC","ING_NM_MUNICIPIO":"CANOINHAS","FASE_DE_VIDA":"Operação","ORG_NM_ORGANIZACAO":"Agência Nacional de Energia Elétrica - ANEEL","AUT_DT_EMISSAO_PUB":null,"AUT_NU_AUTORIZACAO":"tnMlUnSWVZnK3Zl","ECL_IC_EXISTE_ECLUSA":null,"ING_NM_BACIADNAEE":null,"ING_NM_REGIAO_HIDRO":"Região Hidrográfica do PARANÁ","ING_CD_CURSODAGUA_TRECHO":"86264","ING_NM_TRECHO":"Rio Tamanduá","DOMINIO_CURSO_DAGUA":null,"ING_NM_COMITEFEDERAL":null,"ING_NM_COMITEESTADUAL":"CBH do Rio Timbó","UNIDADE_DE_GESTAO":"CBH do Rio Timbó","POSSUI_PAE":null,"BAR_NU_CAP_TOTAL_RESERV":10,"POSSUI_PLANO_SEGURANCA":"Não","INS_DT_INSPECAO":null,"TP_INSPECAO":null,"CATEGORIA_RISCO":"Baixo","DANO_POTENCIAL":"Alto","POSSUI_REVISAO_PERIODICA":"Não","BARRAGEM_AUTUADA":"Não","COMPLETUDE":"boa","OBJECTID":17636}},{"type":"Feature","id":34120,"geometry":{"type":"Point","coordinates":[-50.595300000000009,-26.564999999999998]},"properties":{"BAR_CD_SNISB":34120,"BAR_CD_BAR_ENT_FISCALIZADORA":"11894","BAR_NM_NOME":"CGH CENTRAL III - BARRAGEM DE DESVIO","BAR_NM_SECUNDARIO":null,"BAR_NU_ALT_MAX_BASE_FUNDACAO":2.8000000000000003,"BAR_NU_ALT_MAX_NIVEL_TERRENO":0,"BAR_DT_CADASTRO":1738007923000,"TIPO_MATERIAL":"Sem Informação","USO_PRINCIPAL":"Hidroelétrica","USO_COMPLEMENTAR":null,"BAR_DS_CLASSE":null,"BAR_NU_LATITUDE":-26.565000000000001,"BAR_NU_LONGITUDE":-50.595300000000002,"NIVEL_PERIGO":null,"IC_REGULADA":1,"REGULADA_PELO_PNSB":"Sim","NM_EMPREENDEDOR":"PAULO ROBERTO BONET","ING_SG_UFMUNICIPIO":"SC","ING_NM_MUNICIPIO":"TIMBÓ GRANDE","FASE_DE_VIDA":"Operação","ORG_NM_ORGANIZACAO":"Agência Nacional de Energia Elétrica - ANEEL","AUT_DT_EMISSAO_PUB":null,"AUT_NU_AUTORIZACAO":"tnMlUnSWVZnK3Zl","ECL_IC_EXISTE_ECLUSA":null,"ING_NM_BACIADNAEE":null,"ING_NM_REGIAO_HIDRO":"Região Hidrográfica do PARANÁ","ING_CD_CURSODAGUA_TRECHO":"86264","ING_NM_TRECHO":"Rio Tamanduá","DOMINIO_CURSO_DAGUA":null,"ING_NM_COMITEFEDERAL":null,"ING_NM_COMITEESTADUAL":"CBH do Rio Timbó","UNIDADE_DE_GESTAO":"CBH do Rio Timbó","POSSUI_PAE":null,"BAR_NU_CAP_TOTAL_RESERV":10,"POSSUI_PLANO_SEGURANCA":"Não","INS_DT_INSPECAO":null,"TP_INSPECAO":null,"CATEGORIA_RISCO":"Baixo","DANO_POTENCIAL":"Baixo","POSSUI_REVISAO_PERIODICA":"Não","BARRAGEM_AUTUADA":"Não","COMPLETUDE":"boa","OBJECTID":27222}},{"type":"Feature","id":34845,"geometry":{"type":"Point","coordinates":[-50.595300000000009,-26.564999999999998]},"properties":{"BAR_CD_SNISB":34845,"BAR_CD_BAR_ENT_FISCALIZADORA":"17646","BAR_NM_NOME":"CGH CENTRAL III - BARRAGEM DE DESVIO","BAR_NM_SECUNDARIO":null,"BAR_NU_ALT_MAX_BASE_FUNDACAO":2.8000000000000003,"BAR_NU_ALT_MAX_NIVEL_TERRENO":0,"BAR_DT_CADASTRO":1745886498000,"TIPO_MATERIAL":"Alvenaria","USO_PRINCIPAL":"Hidroelétrica","USO_COMPLEMENTAR":null,"BAR_DS_CLASSE":null,"BAR_NU_LATITUDE":-26.565000000000001,"BAR_NU_LONGITUDE":-50.595300000000002,"NIVEL_PERIGO":null,"IC_REGULADA":1,"REGULADA_PELO_PNSB":"Sim","NM_EMPREENDEDOR":"PAULO ROBERTO BONET","ING_SG_UFMUNICIPIO":"SC","ING_NM_MUNICIPIO":"TIMBÓ GRANDE","FASE_DE_VIDA":"Operação","ORG_NM_ORGANIZACAO":"Agência Nacional de Energia Elétrica - ANEEL","AUT_DT_EMISSAO_PUB":null,"AUT_NU_AUTORIZACAO":"tnMlUnSWVZnK3Zl","ECL_IC_EXISTE_ECLUSA":null,"ING_NM_BACIADNAEE":null,"ING_NM_REGIAO_HIDRO":"Região Hidrográfica do PARANÁ","ING_CD_CURSODAGUA_TRECHO":"86264","ING_NM_TRECHO":"Rio Tamanduá","DOMINIO_CURSO_DAGUA":null,"ING_NM_COMITEFEDERAL":"Iguaçu","ING_NM_COMITEESTADUAL":"CBH do Rio Timbó","UNIDADE_DE_GESTAO":"Iguaçu","POSSUI_PAE":null,"BAR_NU_CAP_TOTAL_RESERV":10,"POSSUI_PLANO_SEGURANCA":"Não","INS_DT_INSPECAO":null,"TP_INSPECAO":null,"CATEGORIA_RISCO":"Baixo","DANO_POTENCIAL":"Baixo","POSSUI_REVISAO_PERIODICA":"Não","BARRAGEM_AUTUADA":"Não","COMPLETUDE":"boa","OBJECTID":27940}},{"type":"Feature","id":34102,"geometry":{"type":"Point","coordinates":[-50.423099999999977,-26.949700000000007]},"properties":{"BAR_CD_SNISB":34102,"BAR_CD_BAR_ENT_FISCALIZADORA":"16014","BAR_NM_NOME":"CGH Central II - BARRAGINHA","BAR_NM_SECUNDARIO":null,"BAR_NU_ALT_MAX_BASE_FUNDACAO":3,"BAR_NU_ALT_MAX_NIVEL_TERRENO":0.10000000000000001,"BAR_DT_CADASTRO":1738007226000,"TIPO_MATERIAL":"Alvenaria","USO_PRINCIPAL":"Hidroelétrica","USO_COMPLEMENTAR":null,"BAR_DS_CLASSE":null,"BAR_NU_LATITUDE":-26.9497,"BAR_NU_LONGITUDE":-50.423100000000005,"NIVEL_PERIGO":null,"IC_REGULADA":1,"REGULADA_PELO_PNSB":"Sim","NM_EMPREENDEDOR":"BONET MADEIRAS E PAPEIS LTDA","ING_SG_UFMUNICIPIO":"SC","ING_NM_MUNICIPIO":"SANTA CECÍLIA","FASE_DE_VIDA":"Operação","ORG_NM_ORGANIZACAO":"Agência Nacional de Energia Elétrica - ANEEL","AUT_DT_EMISSAO_PUB":null,"AUT_NU_AUTORIZACAO":"MSJ3SMehSe72AC7","ECL_IC_EXISTE_ECLUSA":null,"ING_NM_BACIADNAEE":null,"ING_NM_REGIAO_HIDRO":"Região Hidrográfica do URUGUAI","ING_CD_CURSODAGUA_TRECHO":"8296","ING_NM_TRECHO":"Rio Correntes","DOMINIO_CURSO_DAGUA":null,"ING_NM_COMITEFEDERAL":null,"ING_NM_COMITEESTADUAL":"CBH do Rio Canoas","UNIDADE_DE_GESTAO":"CBH do Rio Canoas","POSSUI_PAE":null,"BAR_NU_CAP_TOTAL_RESERV":5,"POSSUI_PLANO_SEGURANCA":"Não","INS_DT_INSPECAO":null,"TP_INSPECAO":null,"CATEGORIA_RISCO":"Baixo","DANO_POTENCIAL":"Baixo","POSSUI_REVISAO_PERIODICA":"Não","BARRAGEM_AUTUADA":"Não","COMPLETUDE":"boa","OBJECTID":27204}},{"type":"Feature","id":34101,"geometry":{"type":"Point","coordinates":[-50.418299999999988,-26.942499999999995]},"properties":{"BAR_CD_SNISB":34101,"BAR_CD_BAR_ENT_FISCALIZADORA":"16013","BAR_NM_NOME":"CGH Central II - BARRAGEM","BAR_NM_SECUNDARIO":null,"BAR_NU_ALT_MAX_BASE_FUNDACAO":9,"BAR_NU_ALT_MAX_NIVEL_TERRENO":1,"BAR_DT_CADASTRO":1738007223000,"TIPO_MATERIAL":"Alvenaria","USO_PRINCIPAL":"Hidroelétrica","USO_COMPLEMENTAR":null,"BAR_DS_CLASSE":null,"BAR_NU_LATITUDE":-26.942500000000003,"BAR_NU_LONGITUDE":-50.418300000000002,"NIVEL_PERIGO":null,"IC_REGULADA":1,"REGULADA_PELO_PNSB":"Sim","NM_EMPREENDEDOR":"BONET MADEIRAS E PAPEIS LTDA","ING_SG_UFMUNICIPIO":"SC","ING_NM_MUNICIPIO":"SANTA CECÍLIA","FASE_DE_VIDA":"Operação","ORG_NM_ORGANIZACAO":"Agência Nacional de Energia Elétrica - ANEEL","AUT_DT_EMISSAO_PUB":null,"AUT_NU_AUTORIZACAO":"MSJ3SMehSe72AC7","ECL_IC_EXISTE_ECLUSA":null,"ING_NM_BACIADNAEE":null,"ING_NM_REGIAO_HIDRO":"Região Hidrográfica do URUGUAI","ING_CD_CURSODAGUA_TRECHO":"8296","ING_NM_TRECHO":"Rio Correntes","DOMINIO_CURSO_DAGUA":null,"ING_NM_COMITEFEDERAL":null,"ING_NM_COMITEESTADUAL":"CBH do Rio Canoas","UNIDADE_DE_GESTAO":"CBH do Rio Canoas","POSSUI_PAE":null,"BAR_NU_CAP_TOTAL_RESERV":5,"POSSUI_PLANO_SEGURANCA":"Não","INS_DT_INSPECAO":null,"TP_INSPECAO":null,"CATEGORIA_RISCO":"Alto","DANO_POTENCIAL":"Baixo","POSSUI_REVISAO_PERIODICA":"Não","BARRAGEM_AUTUADA":"Não","COMPLETUDE":"boa","OBJECTID":27203}},{"type":"Feature","id":34104,"geometry":{"type":"Point","coordinates":[-50.409199999999998,-26.915599999999984]},"properties":{"BAR_CD_SNISB":34104,"BAR_CD_BAR_ENT_FISCALIZADORA":"16016","BAR_NM_NOME":"CGH Central I - BARRAGEM CENTRAL I","BAR_NM_SECUNDARIO":null,"BAR_NU_ALT_MAX_BASE_FUNDACAO":3,"BAR_NU_ALT_MAX_NIVEL_TERRENO":1,"BAR_DT_CADASTRO":1738007295000,"TIPO_MATERIAL":"Alvenaria","USO_PRINCIPAL":"Hidroelétrica","USO_COMPLEMENTAR":null,"BAR_DS_CLASSE":null,"BAR_NU_LATITUDE":-26.915600000000001,"BAR_NU_LONGITUDE":-50.409200000000006,"NIVEL_PERIGO":null,"IC_REGULADA":2,"REGULADA_PELO_PNSB":"Não","NM_EMPREENDEDOR":"BONET MADEIRAS E PAPEIS LTDA","ING_SG_UFMUNICIPIO":"SC","ING_NM_MUNICIPIO":"SANTA CECÍLIA","FASE_DE_VIDA":"Operação","ORG_NM_ORGANIZACAO":"Agência Nacional de Energia Elétrica - ANEEL","AUT_DT_EMISSAO_PUB":null,"AUT_NU_AUTORIZACAO":"eIP387hMnVJGVQI","ECL_IC_EXISTE_ECLUSA":null,"ING_NM_BACIADNAEE":null,"ING_NM_REGIAO_HIDRO":"Região Hidrográfica do URUGUAI","ING_CD_CURSODAGUA_TRECHO":"829694","ING_NM_TRECHO":"Rio Correntes","DOMINIO_CURSO_DAGUA":null,"ING_NM_COMITEFEDERAL":null,"ING_NM_COMITEESTADUAL":"CBH do Rio Canoas","UNIDADE_DE_GESTAO":"CBH do Rio Canoas","POSSUI_PAE":null,"BAR_NU_CAP_TOTAL_RESERV":2.8999999999999999,"POSSUI_PLANO_SEGURANCA":"Não","INS_DT_INSPECAO":null,"TP_INSPECAO":null,"CATEGORIA_RISCO":"Baixo","DANO_POTENCIAL":"Baixo","POSSUI_REVISAO_PERIODICA":"Não","BARRAGEM_AUTUADA":"Não","COMPLETUDE":"ótima","OBJECTID":27206}},{"type":"Feature","id":34103,"geometry":{"type":"Point","coordinates":[-50.407500000000027,-26.911400000000015]},"properties":{"BAR_CD_SNISB":34103,"BAR_CD_BAR_ENT_FISCALIZADORA":"16015","BAR_NM_NOME":"CGH Central I - BARRAGEM ACUMULAÇÃO CENTRAL I","BAR_NM_SECUNDARIO":null,"BAR_NU_ALT_MAX_BASE_FUNDACAO":8,"BAR_NU_ALT_MAX_NIVEL_TERRENO":1,"BAR_DT_CADASTRO":1738007290000,"TIPO_MATERIAL":"Alvenaria","USO_PRINCIPAL":"Hidroelétrica","USO_COMPLEMENTAR":null,"BAR_DS_CLASSE":null,"BAR_NU_LATITUDE":-26.9114,"BAR_NU_LONGITUDE":-50.407499999999999,"NIVEL_PERIGO":null,"IC_REGULADA":2,"REGULADA_PELO_PNSB":"Não","NM_EMPREENDEDOR":"BONET MADEIRAS E PAPEIS LTDA","ING_SG_UFMUNICIPIO":"SC","ING_NM_MUNICIPIO":"SANTA CECÍLIA","FASE_DE_VIDA":"Operação","ORG_NM_ORGANIZACAO":"Agência Nacional de Energia Elétrica - ANEEL","AUT_DT_EMISSAO_PUB":null,"AUT_NU_AUTORIZACAO":"eIP387hMnVJGVQI","ECL_IC_EXISTE_ECLUSA":null,"ING_NM_BACIADNAEE":null,"ING_NM_REGIAO_HIDRO":"Região Hidrográfica do URUGUAI","ING_CD_CURSODAGUA_TRECHO":"829694","ING_NM_TRECHO":"Rio Correntes","DOMINIO_CURSO_DAGUA":null,"ING_NM_COMITEFEDERAL":null,"ING_NM_COMITEESTADUAL":"CBH do Rio Canoas","UNIDADE_DE_GESTAO":"CBH do Rio Canoas","POSSUI_PAE":null,"BAR_NU_CAP_TOTAL_RESERV":2.8999999999999999,"POSSUI_PLANO_SEGURANCA":"Não","INS_DT_INSPECAO":null,"TP_INSPECAO":null,"CATEGORIA_RISCO":"Baixo","DANO_POTENCIAL":"Baixo","POSSUI_REVISAO_PERIODICA":"Não","BARRAGEM_AUTUADA":"Não","COMPLETUDE":"ótima","OBJECTID":27205}},{"type":"Feature","id":6725,"geometry":{"type":"Point","coordinates":[-50.364070000000027,-26.992489999999975]},"properties":{"BAR_CD_SNISB":6725,"BAR_CD_BAR_ENT_FISCALIZADORA":null,"BAR_NM_NOME":"Lago Ubatã","BAR_NM_SECUNDARIO":null,"BAR_NU_ALT_MAX_BASE_FUNDACAO":4,"BAR_NU_ALT_MAX_NIVEL_TERRENO":null,"BAR_DT_CADASTRO":1568297416000,"TIPO_MATERIAL":"Outros","USO_PRINCIPAL":"Abastecimento humano","USO_COMPLEMENTAR":null,"BAR_DS_CLASSE":"B","BAR_NU_LATITUDE":-26.99249,"BAR_NU_LONGITUDE":-50.364069999999998,"NIVEL_PERIGO":null,"IC_REGULADA":1,"REGULADA_PELO_PNSB":"Sim","NM_EMPREENDEDOR":"Lago Ubatã","ING_SG_UFMUNICIPIO":"SC","ING_NM_MUNICIPIO":"SANTA CECÍLIA","FASE_DE_VIDA":"Operação","ORG_NM_ORGANIZACAO":"SC - Secretaria de Estado do Meio Ambiente e da Economia Verde - SEMAE","AUT_DT_EMISSAO_PUB":null,"AUT_NU_AUTORIZACAO":"s/n","ECL_IC_EXISTE_ECLUSA":null,"ING_NM_BACIADNAEE":null,"ING_NM_REGIAO_HIDRO":"Região Hidrográfica do URUGUAI","ING_CD_CURSODAGUA_TRECHO":"829644","ING_NM_TRECHO":"Rio das Pedras","DOMINIO_CURSO_DAGUA":"Federal","ING_NM_COMITEFEDERAL":null,"ING_NM_COMITEESTADUAL":"CBH do Rio Canoas","UNIDADE_DE_GESTAO":"CBH do Rio Canoas","POSSUI_PAE":"Não","BAR_NU_CAP_TOTAL_RESERV":2.0670000000000002,"POSSUI_PLANO_SEGURANCA":"Não","INS_DT_INSPECAO":null,"TP_INSPECAO":null,"CATEGORIA_RISCO":"Alto","DANO_POTENCIAL":"Médio","POSSUI_REVISAO_PERIODICA":"Não","BARRAGEM_AUTUADA":"Não","COMPLETUDE":"boa","OBJECTID":4746}},{"type":"Feature","id":6728,"geometry":{"type":"Point","coordinates":[-50.347530000000006,-26.979260000000011]},"properties":{"BAR_CD_SNISB":6728,"BAR_CD_BAR_ENT_FISCALIZADORA":null,"BAR_NM_NOME":"Zanella","BAR_NM_SECUNDARIO":null,"BAR_NU_ALT_MAX_BASE_FUNDACAO":4,"BAR_NU_ALT_MAX_NIVEL_TERRENO":0,"BAR_DT_CADASTRO":1568297416000,"TIPO_MATERIAL":"Concreto convencional","USO_PRINCIPAL":"Recreação","USO_COMPLEMENTAR":null,"BAR_DS_CLASSE":"C","BAR_NU_LATITUDE":-26.97926,"BAR_NU_LONGITUDE":-50.347529999999999,"NIVEL_PERIGO":null,"IC_REGULADA":1,"REGULADA_PELO_PNSB":"Sim","NM_EMPREENDEDOR":"Romeu Cezar Zanella","ING_SG_UFMUNICIPIO":"SC","ING_NM_MUNICIPIO":"SANTA CECÍLIA","FASE_DE_VIDA":"Operação","ORG_NM_ORGANIZACAO":"SC - Secretaria de Estado do Meio Ambiente e da Economia Verde - SEMAE","AUT_DT_EMISSAO_PUB":null,"AUT_NU_AUTORIZACAO":"s/n","ECL_IC_EXISTE_ECLUSA":null,"ING_NM_BACIADNAEE":null,"ING_NM_REGIAO_HIDRO":"Região Hidrográfica do URUGUAI","ING_CD_CURSODAGUA_TRECHO":"829644","ING_NM_TRECHO":"Rio das Pedras","DOMINIO_CURSO_DAGUA":"Federal","ING_NM_COMITEFEDERAL":null,"ING_NM_COMITEESTADUAL":"CBH do Rio Canoas","UNIDADE_DE_GESTAO":"CBH do Rio Canoas","POSSUI_PAE":"Não","BAR_NU_CAP_TOTAL_RESERV":0.41400000000000003,"POSSUI_PLANO_SEGURANCA":"Não","INS_DT_INSPECAO":null,"TP_INSPECAO":null,"CATEGORIA_RISCO":"Médio","DANO_POTENCIAL":"Médio","POSSUI_REVISAO_PERIODICA":"Não","BARRAGEM_AUTUADA":"Não","COMPLETUDE":"boa","OBJECTID":4749}},{"type":"Feature","id":20110,"geometry":{"type":"Point","coordinates":[-50.297264240000004,-26.939601224]},"properties":{"BAR_CD_SNISB":20110,"BAR_CD_BAR_ENT_FISCALIZADORA":null,"BAR_NM_NOME":"FRP Florestal","BAR_NM_SECUNDARIO":null,"BAR_NU_ALT_MAX_BASE_FUNDACAO":6,"BAR_NU_ALT_MAX_NIVEL_TERRENO":3,"BAR_DT_CADASTRO":1585307055000,"TIPO_MATERIAL":"Terra","USO_PRINCIPAL":"Recreação","USO_COMPLEMENTAR":null,"BAR_DS_CLASSE":"D","BAR_NU_LATITUDE":-26.9396012242,"BAR_NU_LONGITUDE":-50.297264239999997,"NIVEL_PERIGO":null,"IC_REGULADA":2,"REGULADA_PELO_PNSB":"Não","NM_EMPREENDEDOR":"FRP Florestal","ING_SG_UFMUNICIPIO":"SC","ING_NM_MUNICIPIO":"SANTA CECÍLIA","FASE_DE_VIDA":"Operação","ORG_NM_ORGANIZACAO":"SC - Secretaria de Estado do Meio Ambiente e da Economia Verde - SEMAE","AUT_DT_EMISSAO_PUB":null,"AUT_NU_AUTORIZACAO":null,"ECL_IC_EXISTE_ECLUSA":"Não","ING_NM_BACIADNAEE":null,"ING_NM_REGIAO_HIDRO":"Região Hidrográfica do URUGUAI","ING_CD_CURSODAGUA_TRECHO":"829644","ING_NM_TRECHO":"Rio das Pedras","DOMINIO_CURSO_DAGUA":"Federal","ING_NM_COMITEFEDERAL":null,"ING_NM_COMITEESTADUAL":"CBH do Rio Canoas","UNIDADE_DE_GESTAO":"CBH do Rio Canoas","POSSUI_PAE":null,"BAR_NU_CAP_TOTAL_RESERV":0.9840000000000001,"POSSUI_PLANO_SEGURANCA":"Não","INS_DT_INSPECAO":null,"TP_INSPECAO":null,"CATEGORIA_RISCO":"Médio","DANO_POTENCIAL":"Baixo","POSSUI_REVISAO_PERIODICA":"Não","BARRAGEM_AUTUADA":"Não","COMPLETUDE":"baixa","OBJECTID":15135}},{"type":"Feature","id":24149,"geometry":{"type":"Point","coordinates":[-50.188600000000008,-27.027199999999993]},"properties":{"BAR_CD_SNISB":24149,"BAR_CD_BAR_ENT_FISCALIZADORA":"17294","BAR_NM_NOME":"CGH Rio Rauhen - CGH Rio Rauhen","BAR_NM_SECUNDARIO":null,"BAR_NU_ALT_MAX_BASE_FUNDACAO":6.7999999999999998,"BAR_NU_ALT_MAX_NIVEL_TERRENO":6.7999999999999998,"BAR_DT_CADASTRO":1627804213000,"TIPO_MATERIAL":"Concreto convencional","USO_PRINCIPAL":"Hidroelétrica","USO_COMPLEMENTAR":null,"BAR_DS_CLASSE":null,"BAR_NU_LATITUDE":-27.027200000000001,"BAR_NU_LONGITUDE":-50.188600000000001,"NIVEL_PERIGO":null,"IC_REGULADA":2,"REGULADA_PELO_PNSB":"Não","NM_EMPREENDEDOR":"HIDRELETRICA SENS LTDA","ING_SG_UFMUNICIPIO":"SC","ING_NM_MUNICIPIO":"TAIÓ","FASE_DE_VIDA":"Operação","ORG_NM_ORGANIZACAO":"Agência Nacional de Energia Elétrica - ANEEL","AUT_DT_EMISSAO_PUB":null,"AUT_NU_AUTORIZACAO":"ZJ37VB5OV2lABBd","ECL_IC_EXISTE_ECLUSA":null,"ING_NM_BACIADNAEE":null,"ING_NM_REGIAO_HIDRO":"Região Hidrográfica ATLÂNTICO SUL","ING_CD_CURSODAGUA_TRECHO":"7954994","ING_NM_TRECHO":"Rio do Rauen ou do Corisco","DOMINIO_CURSO_DAGUA":null,"ING_NM_COMITEFEDERAL":null,"ING_NM_COMITEESTADUAL":"CBH do Rio Itajaí","UNIDADE_DE_GESTAO":"CBH do Rio Itajaí","POSSUI_PAE":null,"BAR_NU_CAP_TOTAL_RESERV":0.0012000000000000001,"POSSUI_PLANO_SEGURANCA":"Não","INS_DT_INSPECAO":null,"TP_INSPECAO":null,"CATEGORIA_RISCO":"Baixo","DANO_POTENCIAL":"Baixo","POSSUI_REVISAO_PERIODICA":"Não","BARRAGEM_AUTUADA":"Não","COMPLETUDE":"ótima","OBJECTID":18479}},{"type":"Feature","id":24279,"geometry":{"type":"Point","coordinates":[-50.108900000000006,-27.213599999999985]},"properties":{"BAR_CD_SNISB":24279,"BAR_CD_BAR_ENT_FISCALIZADORA":"17009","BAR_NM_NOME":"CGH Salto do Taió - Salto Taió","BAR_NM_SECUNDARIO":null,"BAR_NU_ALT_MAX_BASE_FUNDACAO":3,"BAR_NU_ALT_MAX_NIVEL_TERRENO":3,"BAR_DT_CADASTRO":1627803525000,"TIPO_MATERIAL":"Concreto convencional","USO_PRINCIPAL":"Hidroelétrica","USO_COMPLEMENTAR":null,"BAR_DS_CLASSE":null,"BAR_NU_LATITUDE":-27.2136,"BAR_NU_LONGITUDE":-50.108900000000006,"NIVEL_PERIGO":null,"IC_REGULADA":2,"REGULADA_PELO_PNSB":"Não","NM_EMPREENDEDOR":"AGRO INDUSTRIAL BRUNO HEIDRICH S A","ING_SG_UFMUNICIPIO":"SC","ING_NM_MUNICIPIO":"MIRIM DOCE","FASE_DE_VIDA":"Operação","ORG_NM_ORGANIZACAO":"Agência Nacional de Energia Elétrica - ANEEL","AUT_DT_EMISSAO_PUB":null,"AUT_NU_AUTORIZACAO":"FB9x8ePUxd4UeKK","ECL_IC_EXISTE_ECLUSA":null,"ING_NM_BACIADNAEE":null,"ING_NM_REGIAO_HIDRO":"Região Hidrográfica ATLÂNTICO SUL","ING_CD_CURSODAGUA_TRECHO":"795496","ING_NM_TRECHO":"Rio Taió","DOMINIO_CURSO_DAGUA":null,"ING_NM_COMITEFEDERAL":null,"ING_NM_COMITEESTADUAL":"CBH do Rio Itajaí","UNIDADE_DE_GESTAO":"CBH do Rio Itajaí","POSSUI_PAE":null,"BAR_NU_CAP_TOTAL_RESERV":0.0229,"POSSUI_PLANO_SEGURANCA":"Não","INS_DT_INSPECAO":null,"TP_INSPECAO":null,"CATEGORIA_RISCO":"Baixo","DANO_POTENCIAL":"Baixo","POSSUI_REVISAO_PERIODICA":"Não","BARRAGEM_AUTUADA":"Não","COMPLETUDE":"ótima","OBJECTID":18608}},{"type":"Feature","id":24248,"geometry":{"type":"Point","coordinates":[-50.186399999999992,-27.021900000000016]},"properties":{"BAR_CD_SNISB":24248,"BAR_CD_BAR_ENT_FISCALIZADORA":"16857","BAR_NM_NOME":"CGH Bruno Heidrich Neto - Bruno","BAR_NM_SECUNDARIO":null,"BAR_NU_ALT_MAX_BASE_FUNDACAO":1.4000000000000001,"BAR_NU_ALT_MAX_NIVEL_TERRENO":1.1300000000000001,"BAR_DT_CADASTRO":1627803354000,"TIPO_MATERIAL":"Concreto convencional","USO_PRINCIPAL":"Hidroelétrica","USO_COMPLEMENTAR":null,"BAR_DS_CLASSE":null,"BAR_NU_LATITUDE":-27.021900000000002,"BAR_NU_LONGITUDE":-50.186399999999999,"NIVEL_PERIGO":null,"IC_REGULADA":2,"REGULADA_PELO_PNSB":"Não","NM_EMPREENDEDOR":"HEIDRICH GERACAO ELETRICA LTDA","ING_SG_UFMUNICIPIO":"SC","ING_NM_MUNICIPIO":"TAIÓ","FASE_DE_VIDA":"Operação","ORG_NM_ORGANIZACAO":"Agência Nacional de Energia Elétrica - ANEEL","AUT_DT_EMISSAO_PUB":null,"AUT_NU_AUTORIZACAO":"W9dnnxKU36O7ZOO","ECL_IC_EXISTE_ECLUSA":null,"ING_NM_BACIADNAEE":null,"ING_NM_REGIAO_HIDRO":"Região Hidrográfica ATLÂNTICO SUL","ING_CD_CURSODAGUA_TRECHO":"7954994","ING_NM_TRECHO":"Rio do Rauen ou do Corisco","DOMINIO_CURSO_DAGUA":null,"ING_NM_COMITEFEDERAL":null,"ING_NM_COMITEESTADUAL":"CBH do Rio Itajaí","UNIDADE_DE_GESTAO":"CBH do Rio Itajaí","POSSUI_PAE":null,"BAR_NU_CAP_TOTAL_RESERV":0.022679999999999999,"POSSUI_PLANO_SEGURANCA":"Não","INS_DT_INSPECAO":null,"TP_INSPECAO":null,"CATEGORIA_RISCO":"Baixo","DANO_POTENCIAL":"Baixo","POSSUI_REVISAO_PERIODICA":"Não","BARRAGEM_AUTUADA":"Não","COMPLETUDE":"ótima","OBJECTID":18577}},{"type":"Feature","id":23985,"geometry":{"type":"Point","coordinates":[-50.181899999999985,-27.024200000000008]},"properties":{"BAR_CD_SNISB":23985,"BAR_CD_BAR_ENT_FISCALIZADORA":"16859","BAR_NM_NOME":"CGH Curt Lindner - Canal Curt","BAR_NM_SECUNDARIO":null,"BAR_NU_ALT_MAX_BASE_FUNDACAO":3,"BAR_NU_ALT_MAX_NIVEL_TERRENO":3,"BAR_DT_CADASTRO":1627803356000,"TIPO_MATERIAL":null,"USO_PRINCIPAL":"Hidroelétrica","USO_COMPLEMENTAR":null,"BAR_DS_CLASSE":null,"BAR_NU_LATITUDE":-27.0242,"BAR_NU_LONGITUDE":-50.181900000000006,"NIVEL_PERIGO":null,"IC_REGULADA":2,"REGULADA_PELO_PNSB":"Não","NM_EMPREENDEDOR":"HEIDRICH GERACAO ELETRICA LTDA","ING_SG_UFMUNICIPIO":"SC","ING_NM_MUNICIPIO":"TAIÓ","FASE_DE_VIDA":"Operação","ORG_NM_ORGANIZACAO":"Agência Nacional de Energia Elétrica - ANEEL","AUT_DT_EMISSAO_PUB":null,"AUT_NU_AUTORIZACAO":"5P8IZI8J14InZSd","ECL_IC_EXISTE_ECLUSA":null,"ING_NM_BACIADNAEE":null,"ING_NM_REGIAO_HIDRO":"Região Hidrográfica ATLÂNTICO SUL","ING_CD_CURSODAGUA_TRECHO":"7954994","ING_NM_TRECHO":"Rio do Rauen ou do Corisco","DOMINIO_CURSO_DAGUA":null,"ING_NM_COMITEFEDERAL":null,"ING_NM_COMITEESTADUAL":"CBH do Rio Itajaí","UNIDADE_DE_GESTAO":"CBH do Rio Itajaí","POSSUI_PAE":null,"BAR_NU_CAP_TOTAL_RESERV":0.015000000000000001,"POSSUI_PLANO_SEGURANCA":"Não","INS_DT_INSPECAO":null,"TP_INSPECAO":null,"CATEGORIA_RISCO":"Baixo","DANO_POTENCIAL":"Baixo","POSSUI_REVISAO_PERIODICA":"Não","BARRAGEM_AUTUADA":"Não","COMPLETUDE":"ótima","OBJECTID":18315}},{"type":"Feature","id":24249,"geometry":{"type":"Point","coordinates":[-50.181899999999985,-27.024200000000008]},"properties":{"BAR_CD_SNISB":24249,"BAR_CD_BAR_ENT_FISCALIZADORA":"16858","BAR_NM_NOME":"CGH Curt Lindner - Curt","BAR_NM_SECUNDARIO":null,"BAR_NU_ALT_MAX_BASE_FUNDACAO":0.80000000000000004,"BAR_NU_ALT_MAX_NIVEL_TERRENO":0.5,"BAR_DT_CADASTRO":1627803355000,"TIPO_MATERIAL":"Concreto convencional","USO_PRINCIPAL":"Hidroelétrica","USO_COMPLEMENTAR":null,"BAR_DS_CLASSE":null,"BAR_NU_LATITUDE":-27.0242,"BAR_NU_LONGITUDE":-50.181900000000006,"NIVEL_PERIGO":null,"IC_REGULADA":2,"REGULADA_PELO_PNSB":"Não","NM_EMPREENDEDOR":"HEIDRICH GERACAO ELETRICA LTDA","ING_SG_UFMUNICIPIO":"SC","ING_NM_MUNICIPIO":"TAIÓ","FASE_DE_VIDA":"Operação","ORG_NM_ORGANIZACAO":"Agência Nacional de Energia Elétrica - ANEEL","AUT_DT_EMISSAO_PUB":null,"AUT_NU_AUTORIZACAO":"5P8IZI8J14InZSd","ECL_IC_EXISTE_ECLUSA":null,"ING_NM_BACIADNAEE":null,"ING_NM_REGIAO_HIDRO":"Região Hidrográfica ATLÂNTICO SUL","ING_CD_CURSODAGUA_TRECHO":"7954994","ING_NM_TRECHO":"Rio do Rauen ou do Corisco","DOMINIO_CURSO_DAGUA":null,"ING_NM_COMITEFEDERAL":null,"ING_NM_COMITEESTADUAL":"CBH do Rio Itajaí","UNIDADE_DE_GESTAO":"CBH do Rio Itajaí","POSSUI_PAE":null,"BAR_NU_CAP_TOTAL_RESERV":0.015000000000000001,"POSSUI_PLANO_SEGURANCA":"Não","INS_DT_INSPECAO":null,"TP_INSPECAO":null,"CATEGORIA_RISCO":"Baixo","DANO_POTENCIAL":"Baixo","POSSUI_REVISAO_PERIODICA":"Não","BARRAGEM_AUTUADA":"Não","COMPLETUDE":"ótima","OBJECTID":18578}},{"type":"Feature","id":24250,"geometry":{"type":"Point","coordinates":[-50.174399999999991,-27.029999999999973]},"properties":{"BAR_CD_SNISB":24250,"BAR_CD_BAR_ENT_FISCALIZADORA":"16861","BAR_NM_NOME":"CGH Rio das Pacas - Das Pacas","BAR_NM_SECUNDARIO":null,"BAR_NU_ALT_MAX_BASE_FUNDACAO":1.8,"BAR_NU_ALT_MAX_NIVEL_TERRENO":1.5,"BAR_DT_CADASTRO":1627803357000,"TIPO_MATERIAL":"Concreto convencional","USO_PRINCIPAL":"Hidroelétrica","USO_COMPLEMENTAR":null,"BAR_DS_CLASSE":null,"BAR_NU_LATITUDE":-27.030000000000001,"BAR_NU_LONGITUDE":-50.174400000000006,"NIVEL_PERIGO":null,"IC_REGULADA":2,"REGULADA_PELO_PNSB":"Não","NM_EMPREENDEDOR":"HEIDRICH GERACAO ELETRICA LTDA","ING_SG_UFMUNICIPIO":"SC","ING_NM_MUNICIPIO":"TAIÓ","FASE_DE_VIDA":"Operação","ORG_NM_ORGANIZACAO":"Agência Nacional de Energia Elétrica - ANEEL","AUT_DT_EMISSAO_PUB":null,"AUT_NU_AUTORIZACAO":"VO2OBUC5FGQ5xO5","ECL_IC_EXISTE_ECLUSA":null,"ING_NM_BACIADNAEE":null,"ING_NM_REGIAO_HIDRO":"Região Hidrográfica ATLÂNTICO SUL","ING_CD_CURSODAGUA_TRECHO":"7954994","ING_NM_TRECHO":"Rio do Rauen ou do Corisco","DOMINIO_CURSO_DAGUA":null,"ING_NM_COMITEFEDERAL":null,"ING_NM_COMITEESTADUAL":"CBH do Rio Itajaí","UNIDADE_DE_GESTAO":"CBH do Rio Itajaí","POSSUI_PAE":null,"BAR_NU_CAP_TOTAL_RESERV":0.1085,"POSSUI_PLANO_SEGURANCA":"Não","INS_DT_INSPECAO":null,"TP_INSPECAO":null,"CATEGORIA_RISCO":"Baixo","DANO_POTENCIAL":"Baixo","POSSUI_REVISAO_PERIODICA":"Não","BARRAGEM_AUTUADA":"Não","COMPLETUDE":"ótima","OBJECTID":18579}},{"type":"Feature","id":23986,"geometry":{"type":"Point","coordinates":[-50.174199999999985,-27.028900000000021]},"properties":{"BAR_CD_SNISB":23986,"BAR_CD_BAR_ENT_FISCALIZADORA":"16862","BAR_NM_NOME":"CGH Rio das Pacas - Sede","BAR_NM_SECUNDARIO":null,"BAR_NU_ALT_MAX_BASE_FUNDACAO":8.8000000000000007,"BAR_NU_ALT_MAX_NIVEL_TERRENO":8,"BAR_DT_CADASTRO":1627803358000,"TIPO_MATERIAL":"Terra-enrocamento","USO_PRINCIPAL":"Hidroelétrica","USO_COMPLEMENTAR":null,"BAR_DS_CLASSE":null,"BAR_NU_LATITUDE":-27.0289,"BAR_NU_LONGITUDE":-50.174199999999999,"NIVEL_PERIGO":null,"IC_REGULADA":2,"REGULADA_PELO_PNSB":"Não","NM_EMPREENDEDOR":"HEIDRICH GERACAO ELETRICA LTDA","ING_SG_UFMUNICIPIO":"SC","ING_NM_MUNICIPIO":"TAIÓ","FASE_DE_VIDA":"Operação","ORG_NM_ORGANIZACAO":"Agência Nacional de Energia Elétrica - ANEEL","AUT_DT_EMISSAO_PUB":null,"AUT_NU_AUTORIZACAO":"VO2OBUC5FGQ5xO5","ECL_IC_EXISTE_ECLUSA":null,"ING_NM_BACIADNAEE":null,"ING_NM_REGIAO_HIDRO":"Região Hidrográfica ATLÂNTICO SUL","ING_CD_CURSODAGUA_TRECHO":"7954994","ING_NM_TRECHO":"Rio do Rauen ou do Corisco","DOMINIO_CURSO_DAGUA":null,"ING_NM_COMITEFEDERAL":null,"ING_NM_COMITEESTADUAL":"CBH do Rio Itajaí","UNIDADE_DE_GESTAO":"CBH do Rio Itajaí","POSSUI_PAE":null,"BAR_NU_CAP_TOTAL_RESERV":0.1085,"POSSUI_PLANO_SEGURANCA":"Não","INS_DT_INSPECAO":null,"TP_INSPECAO":null,"CATEGORIA_RISCO":"Baixo","DANO_POTENCIAL":"Baixo","POSSUI_REVISAO_PERIODICA":"Não","BARRAGEM_AUTUADA":"Não","COMPLETUDE":"ótima","OBJECTID":18316}},{"type":"Feature","id":24143,"geometry":{"type":"Point","coordinates":[-50.129999999999995,-27.098599999999976]},"properties":{"BAR_CD_SNISB":24143,"BAR_CD_BAR_ENT_FISCALIZADORA":"17283","BAR_NM_NOME":"CGH Bruno Heidrich - CGH Bruno Heidrich","BAR_NM_SECUNDARIO":null,"BAR_NU_ALT_MAX_BASE_FUNDACAO":2.8100000000000001,"BAR_NU_ALT_MAX_NIVEL_TERRENO":2.8100000000000001,"BAR_DT_CADASTRO":1627804204000,"TIPO_MATERIAL":"Concreto convencional","USO_PRINCIPAL":"Hidroelétrica","USO_COMPLEMENTAR":null,"BAR_DS_CLASSE":null,"BAR_NU_LATITUDE":-27.098600000000001,"BAR_NU_LONGITUDE":-50.130000000000003,"NIVEL_PERIGO":null,"IC_REGULADA":2,"REGULADA_PELO_PNSB":"Não","NM_EMPREENDEDOR":"HEIDRICH INDUSTRIAL MERCANTIL E AGRICOLA SA","ING_SG_UFMUNICIPIO":"SC","ING_NM_MUNICIPIO":"TAIÓ","FASE_DE_VIDA":"Operação","ORG_NM_ORGANIZACAO":"Agência Nacional de Energia Elétrica - ANEEL","AUT_DT_EMISSAO_PUB":null,"AUT_NU_AUTORIZACAO":"xl8lBMISZdd62Kl","ECL_IC_EXISTE_ECLUSA":null,"ING_NM_BACIADNAEE":null,"ING_NM_REGIAO_HIDRO":"Região Hidrográfica ATLÂNTICO SUL","ING_CD_CURSODAGUA_TRECHO":"7954992","ING_NM_TRECHO":"Ribeirão do Pocinho","DOMINIO_CURSO_DAGUA":null,"ING_NM_COMITEFEDERAL":null,"ING_NM_COMITEESTADUAL":"CBH do Rio Itajaí","UNIDADE_DE_GESTAO":"CBH do Rio Itajaí","POSSUI_PAE":null,"BAR_NU_CAP_TOTAL_RESERV":0.0013000000000000002,"POSSUI_PLANO_SEGURANCA":"Não","INS_DT_INSPECAO":null,"TP_INSPECAO":null,"CATEGORIA_RISCO":"Baixo","DANO_POTENCIAL":"Baixo","POSSUI_REVISAO_PERIODICA":"Não","BARRAGEM_AUTUADA":"Não","COMPLETUDE":"ótima","OBJECTID":18473}},{"type":"Feature","id":24145,"geometry":{"type":"Point","coordinates":[-50.129999999999995,-27.098599999999976]},"properties":{"BAR_CD_SNISB":24145,"BAR_CD_BAR_ENT_FISCALIZADORA":"17290","BAR_NM_NOME":"CGH Estaçao - CGH Estação","BAR_NM_SECUNDARIO":null,"BAR_NU_ALT_MAX_BASE_FUNDACAO":2.8100000000000001,"BAR_NU_ALT_MAX_NIVEL_TERRENO":2.8100000000000001,"BAR_DT_CADASTRO":1627804209000,"TIPO_MATERIAL":"Concreto convencional","USO_PRINCIPAL":"Hidroelétrica","USO_COMPLEMENTAR":null,"BAR_DS_CLASSE":null,"BAR_NU_LATITUDE":-27.098600000000001,"BAR_NU_LONGITUDE":-50.130000000000003,"NIVEL_PERIGO":null,"IC_REGULADA":2,"REGULADA_PELO_PNSB":"Não","NM_EMPREENDEDOR":"HEIDRICH S/A CARTÕES RECICLADOS - HCR","ING_SG_UFMUNICIPIO":"SC","ING_NM_MUNICIPIO":"TAIÓ","FASE_DE_VIDA":"Operação","ORG_NM_ORGANIZACAO":"Agência Nacional de Energia Elétrica - ANEEL","AUT_DT_EMISSAO_PUB":null,"AUT_NU_AUTORIZACAO":"1F3W1Z6VhKPh5BJ","ECL_IC_EXISTE_ECLUSA":null,"ING_NM_BACIADNAEE":null,"ING_NM_REGIAO_HIDRO":"Região Hidrográfica ATLÂNTICO SUL","ING_CD_CURSODAGUA_TRECHO":"7954992","ING_NM_TRECHO":"Ribeirão do Pocinho","DOMINIO_CURSO_DAGUA":null,"ING_NM_COMITEFEDERAL":null,"ING_NM_COMITEESTADUAL":"CBH do Rio Itajaí","UNIDADE_DE_GESTAO":"CBH do Rio Itajaí","POSSUI_PAE":null,"BAR_NU_CAP_TOTAL_RESERV":0.0030000000000000001,"POSSUI_PLANO_SEGURANCA":"Não","INS_DT_INSPECAO":null,"TP_INSPECAO":null,"CATEGORIA_RISCO":"Baixo","DANO_POTENCIAL":"Baixo","POSSUI_REVISAO_PERIODICA":"Não","BARRAGEM_AUTUADA":"Não","COMPLETUDE":"ótima","OBJECTID":18475}},{"type":"Feature","id":4204,"geometry":{"type":"Point","coordinates":[-50.161400000000015,-27.014200000000017]},"properties":{"BAR_CD_SNISB":4204,"BAR_CD_BAR_ENT_FISCALIZADORA":"16863","BAR_NM_NOME":"PCH Rudolf - RUDOLF","BAR_NM_SECUNDARIO":null,"BAR_NU_ALT_MAX_BASE_FUNDACAO":6,"BAR_NU_ALT_MAX_NIVEL_TERRENO":5,"BAR_DT_CADASTRO":1627804001000,"TIPO_MATERIAL":"Concreto convencional","USO_PRINCIPAL":"Hidroelétrica","USO_COMPLEMENTAR":null,"BAR_DS_CLASSE":null,"BAR_NU_LATITUDE":-27.014200000000002,"BAR_NU_LONGITUDE":-50.1614,"NIVEL_PERIGO":null,"IC_REGULADA":1,"REGULADA_PELO_PNSB":"Sim","NM_EMPREENDEDOR":"Heidrich & Heidrich Ltda.","ING_SG_UFMUNICIPIO":"SC","ING_NM_MUNICIPIO":"TAIÓ","FASE_DE_VIDA":"Operação","ORG_NM_ORGANIZACAO":"Agência Nacional de Energia Elétrica - ANEEL","AUT_DT_EMISSAO_PUB":1376956800000,"AUT_NU_AUTORIZACAO":"4.278","ECL_IC_EXISTE_ECLUSA":null,"ING_NM_BACIADNAEE":null,"ING_NM_REGIAO_HIDRO":"Região Hidrográfica ATLÂNTICO SUL","ING_CD_CURSODAGUA_TRECHO":"7954","ING_NM_TRECHO":"Rio Itajaí do Oeste","DOMINIO_CURSO_DAGUA":"Federal","ING_NM_COMITEFEDERAL":null,"ING_NM_COMITEESTADUAL":"CBH do Rio Itajaí","UNIDADE_DE_GESTAO":"CBH do Rio Itajaí","POSSUI_PAE":"Sim","BAR_NU_CAP_TOTAL_RESERV":0.042189999999999998,"POSSUI_PLANO_SEGURANCA":"Sim","INS_DT_INSPECAO":null,"TP_INSPECAO":null,"CATEGORIA_RISCO":"Baixo","DANO_POTENCIAL":"Médio","POSSUI_REVISAO_PERIODICA":"Não","BARRAGEM_AUTUADA":"Não","COMPLETUDE":"boa","OBJECTID":3069}},{"type":"Feature","id":23274,"geometry":{"type":"Point","coordinates":[-50.124199999999973,-27.097199999999987]},"properties":{"BAR_CD_SNISB":23274,"BAR_CD_BAR_ENT_FISCALIZADORA":"17287","BAR_NM_NOME":"CGH Buraco - Barragem - CGH Buraco","BAR_NM_SECUNDARIO":null,"BAR_NU_ALT_MAX_BASE_FUNDACAO":3,"BAR_NU_ALT_MAX_NIVEL_TERRENO":3,"BAR_DT_CADASTRO":1627804208000,"TIPO_MATERIAL":"Concreto convencional","USO_PRINCIPAL":"Hidroelétrica","USO_COMPLEMENTAR":null,"BAR_DS_CLASSE":null,"BAR_NU_LATITUDE":-27.097200000000001,"BAR_NU_LONGITUDE":-50.124200000000002,"NIVEL_PERIGO":null,"IC_REGULADA":2,"REGULADA_PELO_PNSB":"Não","NM_EMPREENDEDOR":"HEIDRICH S/A CARTÕES RECICLADOS - HCR","ING_SG_UFMUNICIPIO":"SC","ING_NM_MUNICIPIO":"TAIÓ","FASE_DE_VIDA":"Operação","ORG_NM_ORGANIZACAO":"Agência Nacional de Energia Elétrica - ANEEL","AUT_DT_EMISSAO_PUB":null,"AUT_NU_AUTORIZACAO":"FKMIeYYKeOQ6UW1","ECL_IC_EXISTE_ECLUSA":null,"ING_NM_BACIADNAEE":null,"ING_NM_REGIAO_HIDRO":"Região Hidrográfica ATLÂNTICO SUL","ING_CD_CURSODAGUA_TRECHO":"7954992","ING_NM_TRECHO":"Ribeirão do Pocinho","DOMINIO_CURSO_DAGUA":null,"ING_NM_COMITEFEDERAL":null,"ING_NM_COMITEESTADUAL":"CBH do Rio Itajaí","UNIDADE_DE_GESTAO":"CBH do Rio Itajaí","POSSUI_PAE":null,"BAR_NU_CAP_TOTAL_RESERV":0.27862999999999999,"POSSUI_PLANO_SEGURANCA":"Não","INS_DT_INSPECAO":null,"TP_INSPECAO":null,"CATEGORIA_RISCO":"Baixo","DANO_POTENCIAL":"Baixo","POSSUI_REVISAO_PERIODICA":"Não","BARRAGEM_AUTUADA":"Não","COMPLETUDE":"ótima","OBJECTID":17638}},{"type":"Feature","id":23273,"geometry":{"type":"Point","coordinates":[-50.123899999999992,-27.096900000000005]},"properties":{"BAR_CD_SNISB":23273,"BAR_CD_BAR_ENT_FISCALIZADORA":"17286","BAR_NM_NOME":"CGH Buraco - Câmera de Carga - CGH Buraco","BAR_NM_SECUNDARIO":null,"BAR_NU_ALT_MAX_BASE_FUNDACAO":3.5700000000000003,"BAR_NU_ALT_MAX_NIVEL_TERRENO":3.5700000000000003,"BAR_DT_CADASTRO":1627804206000,"TIPO_MATERIAL":null,"USO_PRINCIPAL":"Hidroelétrica","USO_COMPLEMENTAR":null,"BAR_DS_CLASSE":null,"BAR_NU_LATITUDE":-27.096900000000002,"BAR_NU_LONGITUDE":-50.123899999999999,"NIVEL_PERIGO":null,"IC_REGULADA":1,"REGULADA_PELO_PNSB":"Sim","NM_EMPREENDEDOR":"HEIDRICH S/A CARTÕES RECICLADOS - HCR","ING_SG_UFMUNICIPIO":"SC","ING_NM_MUNICIPIO":"TAIÓ","FASE_DE_VIDA":"Operação","ORG_NM_ORGANIZACAO":"Agência Nacional de Energia Elétrica - ANEEL","AUT_DT_EMISSAO_PUB":null,"AUT_NU_AUTORIZACAO":"FKMIeYYKeOQ6UW1","ECL_IC_EXISTE_ECLUSA":null,"ING_NM_BACIADNAEE":null,"ING_NM_REGIAO_HIDRO":"Região Hidrográfica ATLÂNTICO SUL","ING_CD_CURSODAGUA_TRECHO":"7954992","ING_NM_TRECHO":"Ribeirão do Pocinho","DOMINIO_CURSO_DAGUA":null,"ING_NM_COMITEFEDERAL":null,"ING_NM_COMITEESTADUAL":"CBH do Rio Itajaí","UNIDADE_DE_GESTAO":"CBH do Rio Itajaí","POSSUI_PAE":null,"BAR_NU_CAP_TOTAL_RESERV":0.27862999999999999,"POSSUI_PLANO_SEGURANCA":"Não","INS_DT_INSPECAO":null,"TP_INSPECAO":null,"CATEGORIA_RISCO":"Baixo","DANO_POTENCIAL":"Médio","POSSUI_REVISAO_PERIODICA":"Não","BARRAGEM_AUTUADA":"Não","COMPLETUDE":"boa","OBJECTID":17637}},{"type":"Feature","id":24144,"geometry":{"type":"Point","coordinates":[-50.117200000000025,-27.099400000000003]},"properties":{"BAR_CD_SNISB":24144,"BAR_CD_BAR_ENT_FISCALIZADORA":"17285","BAR_NM_NOME":"CGH Brilhante - CGH Brilhante","BAR_NM_SECUNDARIO":null,"BAR_NU_ALT_MAX_BASE_FUNDACAO":7,"BAR_NU_ALT_MAX_NIVEL_TERRENO":7,"BAR_DT_CADASTRO":1627804205000,"TIPO_MATERIAL":"Concreto convencional","USO_PRINCIPAL":"Hidroelétrica","USO_COMPLEMENTAR":null,"BAR_DS_CLASSE":null,"BAR_NU_LATITUDE":-27.099400000000003,"BAR_NU_LONGITUDE":-50.117200000000004,"NIVEL_PERIGO":null,"IC_REGULADA":2,"REGULADA_PELO_PNSB":"Não","NM_EMPREENDEDOR":"HEIDRICH S/A CARTÕES RECICLADOS - HCR","ING_SG_UFMUNICIPIO":"SC","ING_NM_MUNICIPIO":"TAIÓ","FASE_DE_VIDA":"Operação","ORG_NM_ORGANIZACAO":"Agência Nacional de Energia Elétrica - ANEEL","AUT_DT_EMISSAO_PUB":null,"AUT_NU_AUTORIZACAO":"n5Z4ldhdPhZnW7e","ECL_IC_EXISTE_ECLUSA":null,"ING_NM_BACIADNAEE":null,"ING_NM_REGIAO_HIDRO":"Região Hidrográfica ATLÂNTICO SUL","ING_CD_CURSODAGUA_TRECHO":"7954992","ING_NM_TRECHO":"Ribeirão do Pocinho","DOMINIO_CURSO_DAGUA":null,"ING_NM_COMITEFEDERAL":null,"ING_NM_COMITEESTADUAL":"CBH do Rio Itajaí","UNIDADE_DE_GESTAO":"CBH do Rio Itajaí","POSSUI_PAE":null,"BAR_NU_CAP_TOTAL_RESERV":0.00044999999999999999,"POSSUI_PLANO_SEGURANCA":"Não","INS_DT_INSPECAO":null,"TP_INSPECAO":null,"CATEGORIA_RISCO":"Baixo","DANO_POTENCIAL":"Baixo","POSSUI_REVISAO_PERIODICA":"Não","BARRAGEM_AUTUADA":"Não","COMPLETUDE":"ótima","OBJECTID":18474}},{"type":"Feature","id":24152,"geometry":{"type":"Point","coordinates":[-50.174399999999991,-26.959400000000016]},"properties":{"BAR_CD_SNISB":24152,"BAR_CD_BAR_ENT_FISCALIZADORA":"10569","BAR_NM_NOME":"CGH Rio Verde - Dique - Ribeirão Caneiro","BAR_NM_SECUNDARIO":null,"BAR_NU_ALT_MAX_BASE_FUNDACAO":7.7999999999999998,"BAR_NU_ALT_MAX_NIVEL_TERRENO":7.7999999999999998,"BAR_DT_CADASTRO":1627804219000,"TIPO_MATERIAL":null,"USO_PRINCIPAL":"Hidroelétrica","USO_COMPLEMENTAR":null,"BAR_DS_CLASSE":null,"BAR_NU_LATITUDE":-26.959400000000002,"BAR_NU_LONGITUDE":-50.174400000000006,"NIVEL_PERIGO":null,"IC_REGULADA":2,"REGULADA_PELO_PNSB":"Não","NM_EMPREENDEDOR":"INDUSTRIAL E AGRICOLA RIO VERDE LTDA","ING_SG_UFMUNICIPIO":"SC","ING_NM_MUNICIPIO":"RIO DO CAMPO","FASE_DE_VIDA":"Operação","ORG_NM_ORGANIZACAO":"Agência Nacional de Energia Elétrica - ANEEL","AUT_DT_EMISSAO_PUB":null,"AUT_NU_AUTORIZACAO":"SJVC6tO49Jt2Z39","ECL_IC_EXISTE_ECLUSA":null,"ING_NM_BACIADNAEE":null,"ING_NM_REGIAO_HIDRO":"Região Hidrográfica ATLÂNTICO SUL","ING_CD_CURSODAGUA_TRECHO":"7954","ING_NM_TRECHO":"Rio Itajaí do Oeste","DOMINIO_CURSO_DAGUA":null,"ING_NM_COMITEFEDERAL":null,"ING_NM_COMITEESTADUAL":"CBH do Rio Itajaí","UNIDADE_DE_GESTAO":"CBH do Rio Itajaí","POSSUI_PAE":null,"BAR_NU_CAP_TOTAL_RESERV":0.02,"POSSUI_PLANO_SEGURANCA":"Não","INS_DT_INSPECAO":null,"TP_INSPECAO":null,"CATEGORIA_RISCO":"Baixo","DANO_POTENCIAL":"Baixo","POSSUI_REVISAO_PERIODICA":"Não","BARRAGEM_AUTUADA":"Não","COMPLETUDE":"ótima","OBJECTID":18482}},{"type":"Feature","id":24293,"geometry":{"type":"Point","coordinates":[-50.174399999999991,-26.959400000000016]},"properties":{"BAR_CD_SNISB":24293,"BAR_CD_BAR_ENT_FISCALIZADORA":"10568","BAR_NM_NOME":"CGH Rio Verde - Dique - Rio Itajai Oeste","BAR_NM_SECUNDARIO":null,"BAR_NU_ALT_MAX_BASE_FUNDACAO":7.04,"BAR_NU_ALT_MAX_NIVEL_TERRENO":7.04,"BAR_DT_CADASTRO":1627804218000,"TIPO_MATERIAL":null,"USO_PRINCIPAL":"Hidroelétrica","USO_COMPLEMENTAR":null,"BAR_DS_CLASSE":null,"BAR_NU_LATITUDE":-26.959400000000002,"BAR_NU_LONGITUDE":-50.174400000000006,"NIVEL_PERIGO":null,"IC_REGULADA":2,"REGULADA_PELO_PNSB":"Não","NM_EMPREENDEDOR":"INDUSTRIAL E AGRICOLA RIO VERDE LTDA","ING_SG_UFMUNICIPIO":"SC","ING_NM_MUNICIPIO":"RIO DO CAMPO","FASE_DE_VIDA":"Operação","ORG_NM_ORGANIZACAO":"Agência Nacional de Energia Elétrica - ANEEL","AUT_DT_EMISSAO_PUB":null,"AUT_NU_AUTORIZACAO":"SJVC6tO49Jt2Z39","ECL_IC_EXISTE_ECLUSA":null,"ING_NM_BACIADNAEE":null,"ING_NM_REGIAO_HIDRO":"Região Hidrográfica ATLÂNTICO SUL","ING_CD_CURSODAGUA_TRECHO":"7954","ING_NM_TRECHO":"Rio Itajaí do Oeste","DOMINIO_CURSO_DAGUA":null,"ING_NM_COMITEFEDERAL":null,"ING_NM_COMITEESTADUAL":"CBH do Rio Itajaí","UNIDADE_DE_GESTAO":"CBH do Rio Itajaí","POSSUI_PAE":null,"BAR_NU_CAP_TOTAL_RESERV":0.02,"POSSUI_PLANO_SEGURANCA":"Não","INS_DT_INSPECAO":null,"TP_INSPECAO":null,"CATEGORIA_RISCO":"Baixo","DANO_POTENCIAL":"Baixo","POSSUI_REVISAO_PERIODICA":"Não","BARRAGEM_AUTUADA":"Não","COMPLETUDE":"ótima","OBJECTID":18622}},{"type":"Feature","id":22762,"geometry":{"type":"Point","coordinates":[-50.107500000000016,-27.098299999999995]},"properties":{"BAR_CD_SNISB":22762,"BAR_CD_BAR_ENT_FISCALIZADORA":"16860","BAR_NM_NOME":"CGH Erna Heidrich - Erna","BAR_NM_SECUNDARIO":null,"BAR_NU_ALT_MAX_BASE_FUNDACAO":3.5,"BAR_NU_ALT_MAX_NIVEL_TERRENO":3,"BAR_DT_CADASTRO":1627803353000,"TIPO_MATERIAL":"Concreto convencional","USO_PRINCIPAL":"Hidroelétrica","USO_COMPLEMENTAR":null,"BAR_DS_CLASSE":null,"BAR_NU_LATITUDE":-27.098300000000002,"BAR_NU_LONGITUDE":-50.107500000000002,"NIVEL_PERIGO":null,"IC_REGULADA":2,"REGULADA_PELO_PNSB":"Não","NM_EMPREENDEDOR":"HEIDRICH GERACAO ELETRICA LTDA","ING_SG_UFMUNICIPIO":"SC","ING_NM_MUNICIPIO":"TAIÓ","FASE_DE_VIDA":"Operação","ORG_NM_ORGANIZACAO":"Agência Nacional de Energia Elétrica - ANEEL","AUT_DT_EMISSAO_PUB":null,"AUT_NU_AUTORIZACAO":"AGJB79CWnFAVQhF","ECL_IC_EXISTE_ECLUSA":null,"ING_NM_BACIADNAEE":null,"ING_NM_REGIAO_HIDRO":"Região Hidrográfica ATLÂNTICO SUL","ING_CD_CURSODAGUA_TRECHO":"7954992","ING_NM_TRECHO":"Ribeirão do Pocinho","DOMINIO_CURSO_DAGUA":null,"ING_NM_COMITEFEDERAL":null,"ING_NM_COMITEESTADUAL":"CBH do Rio Itajaí","UNIDADE_DE_GESTAO":"CBH do Rio Itajaí","POSSUI_PAE":null,"BAR_NU_CAP_TOTAL_RESERV":0.004516,"POSSUI_PLANO_SEGURANCA":"Não","INS_DT_INSPECAO":null,"TP_INSPECAO":null,"CATEGORIA_RISCO":"Baixo","DANO_POTENCIAL":"Baixo","POSSUI_REVISAO_PERIODICA":"Não","BARRAGEM_AUTUADA":"Não","COMPLETUDE":"ótima","OBJECTID":17582}},{"type":"Feature","id":36599,"geometry":{"type":"Point","coordinates":[-50.128300000000024,-27.036400000000015]},"properties":{"BAR_CD_SNISB":36599,"BAR_CD_BAR_ENT_FISCALIZADORA":"17626","BAR_NM_NOME":"PCH Passo Manso - Passo Manso","BAR_NM_SECUNDARIO":null,"BAR_NU_ALT_MAX_BASE_FUNDACAO":7.5,"BAR_NU_ALT_MAX_NIVEL_TERRENO":6,"BAR_DT_CADASTRO":1775042559000,"TIPO_MATERIAL":"Concreto convencional","USO_PRINCIPAL":"Hidroelétrica","USO_COMPLEMENTAR":null,"BAR_DS_CLASSE":null,"BAR_NU_LATITUDE":-27.0364,"BAR_NU_LONGITUDE":-50.128300000000003,"NIVEL_PERIGO":null,"IC_REGULADA":2,"REGULADA_PELO_PNSB":"Não","NM_EMPREENDEDOR":"HEIDRICH GERACAO ELETRICA LTDA","ING_SG_UFMUNICIPIO":"SC","ING_NM_MUNICIPIO":"TAIÓ","FASE_DE_VIDA":null,"ORG_NM_ORGANIZACAO":"Agência Nacional de Energia Elétrica - ANEEL","AUT_DT_EMISSAO_PUB":1683072000000,"AUT_NU_AUTORIZACAO":"14.513","ECL_IC_EXISTE_ECLUSA":null,"ING_NM_BACIADNAEE":null,"ING_NM_REGIAO_HIDRO":"Região Hidrográfica ATLÂNTICO SUL","ING_CD_CURSODAGUA_TRECHO":"7954","ING_NM_TRECHO":"Rio Itajaí do Oeste","DOMINIO_CURSO_DAGUA":null,"ING_NM_COMITEFEDERAL":null,"ING_NM_COMITEESTADUAL":"CBH do Rio Itajaí","UNIDADE_DE_GESTAO":"CBH do Rio Itajaí","POSSUI_PAE":null,"BAR_NU_CAP_TOTAL_RESERV":0.02,"POSSUI_PLANO_SEGURANCA":"Não","INS_DT_INSPECAO":null,"TP_INSPECAO":null,"CATEGORIA_RISCO":"Baixo","DANO_POTENCIAL":"Baixo","POSSUI_REVISAO_PERIODICA":"Não","BARRAGEM_AUTUADA":"Não","COMPLETUDE":"ótima","OBJECTID":29639}},{"type":"Feature","id":24142,"geometry":{"type":"Point","coordinates":[-50.143100000000004,-26.953100000000006]},"properties":{"BAR_CD_SNISB":24142,"BAR_CD_BAR_ENT_FISCALIZADORA":"17282","BAR_NM_NOME":"CGH G & D - CGH G&D","BAR_NM_SECUNDARIO":null,"BAR_NU_ALT_MAX_BASE_FUNDACAO":2.9500000000000002,"BAR_NU_ALT_MAX_NIVEL_TERRENO":2.9500000000000002,"BAR_DT_CADASTRO":1627804203000,"TIPO_MATERIAL":"Concreto convencional","USO_PRINCIPAL":"Hidroelétrica","USO_COMPLEMENTAR":null,"BAR_DS_CLASSE":null,"BAR_NU_LATITUDE":-26.953100000000003,"BAR_NU_LONGITUDE":-50.143100000000004,"NIVEL_PERIGO":null,"IC_REGULADA":2,"REGULADA_PELO_PNSB":"Não","NM_EMPREENDEDOR":"G & D Geradora de Energia Elétrica LTDA.","ING_SG_UFMUNICIPIO":"SC","ING_NM_MUNICIPIO":"RIO DO CAMPO","FASE_DE_VIDA":"Operação","ORG_NM_ORGANIZACAO":"Agência Nacional de Energia Elétrica - ANEEL","AUT_DT_EMISSAO_PUB":null,"AUT_NU_AUTORIZACAO":"hnJ9JAJSQx875O8","ECL_IC_EXISTE_ECLUSA":null,"ING_NM_BACIADNAEE":null,"ING_NM_REGIAO_HIDRO":"Região Hidrográfica ATLÂNTICO SUL","ING_CD_CURSODAGUA_TRECHO":"7954996","ING_NM_TRECHO":"Rio do Campo","DOMINIO_CURSO_DAGUA":null,"ING_NM_COMITEFEDERAL":null,"ING_NM_COMITEESTADUAL":"CBH do Rio Itajaí","UNIDADE_DE_GESTAO":"CBH do Rio Itajaí","POSSUI_PAE":null,"BAR_NU_CAP_TOTAL_RESERV":0.23520000000000002,"POSSUI_PLANO_SEGURANCA":"Não","INS_DT_INSPECAO":null,"TP_INSPECAO":null,"CATEGORIA_RISCO":"Baixo","DANO_POTENCIAL":"Baixo","POSSUI_REVISAO_PERIODICA":"Não","BARRAGEM_AUTUADA":"Não","COMPLETUDE":"ótima","OBJECTID":18472}},{"type":"Feature","id":6747,"geometry":{"type":"Point","coordinates":[-50.038130000000024,-27.097950000000026]},"properties":{"BAR_CD_SNISB":6747,"BAR_CD_BAR_ENT_FISCALIZADORA":null,"BAR_NM_NOME":"Barragem Oeste","BAR_NM_SECUNDARIO":null,"BAR_NU_ALT_MAX_BASE_FUNDACAO":30,"BAR_NU_ALT_MAX_NIVEL_TERRENO":0,"BAR_DT_CADASTRO":1568297416000,"TIPO_MATERIAL":"Concreto compactado a rolo (CCR)","USO_PRINCIPAL":"Defesa contra inundações","USO_COMPLEMENTAR":null,"BAR_DS_CLASSE":"A","BAR_NU_LATITUDE":-27.097949999999997,"BAR_NU_LONGITUDE":-50.038129999999995,"NIVEL_PERIGO":"Normal","IC_REGULADA":1,"REGULADA_PELO_PNSB":"Sim","NM_EMPREENDEDOR":"Barragem Oeste - SDC","ING_SG_UFMUNICIPIO":"SC","ING_NM_MUNICIPIO":"TAIÓ","FASE_DE_VIDA":"Operação","ORG_NM_ORGANIZACAO":"SC - Secretaria de Estado do Meio Ambiente e da Economia Verde - SEMAE","AUT_DT_EMISSAO_PUB":null,"AUT_NU_AUTORIZACAO":"s/n","ECL_IC_EXISTE_ECLUSA":"Não","ING_NM_BACIADNAEE":null,"ING_NM_REGIAO_HIDRO":"Região Hidrográfica ATLÂNTICO SUL","ING_CD_CURSODAGUA_TRECHO":"7954","ING_NM_TRECHO":"Rio Itajaí do Oeste","DOMINIO_CURSO_DAGUA":"Federal","ING_NM_COMITEFEDERAL":null,"ING_NM_COMITEESTADUAL":"CBH do Rio Itajaí","UNIDADE_DE_GESTAO":"CBH do Rio Itajaí","POSSUI_PAE":"Sim","BAR_NU_CAP_TOTAL_RESERV":100,"POSSUI_PLANO_SEGURANCA":"Sim","INS_DT_INSPECAO":1638921600000,"TP_INSPECAO":"Regular","CATEGORIA_RISCO":"Baixo","DANO_POTENCIAL":"Alto","POSSUI_REVISAO_PERIODICA":"Não","BARRAGEM_AUTUADA":"Não","COMPLETUDE":"boa","OBJECTID":4763}},{"type":"Feature","id":34243,"geometry":{"type":"Point","coordinates":[-49.993899999999996,-27.058100000000024]},"properties":{"BAR_CD_SNISB":34243,"BAR_CD_BAR_ENT_FISCALIZADORA":"17299","BAR_NM_NOME":"CGH Horst Purnhagen - CGH Horst Purnhagen","BAR_NM_SECUNDARIO":null,"BAR_NU_ALT_MAX_BASE_FUNDACAO":2.5,"BAR_NU_ALT_MAX_NIVEL_TERRENO":2.5,"BAR_DT_CADASTRO":1738010475000,"TIPO_MATERIAL":"Concreto convencional","USO_PRINCIPAL":"Hidroelétrica","USO_COMPLEMENTAR":null,"BAR_DS_CLASSE":null,"BAR_NU_LATITUDE":-27.0581,"BAR_NU_LONGITUDE":-49.993900000000004,"NIVEL_PERIGO":null,"IC_REGULADA":2,"REGULADA_PELO_PNSB":"Não","NM_EMPREENDEDOR":"INDUMA S/A INDUSTRIA DE PAPEL E PAPELÃO","ING_SG_UFMUNICIPIO":"SC","ING_NM_MUNICIPIO":"TAIÓ","FASE_DE_VIDA":"Operação","ORG_NM_ORGANIZACAO":"Agência Nacional de Energia Elétrica - ANEEL","AUT_DT_EMISSAO_PUB":null,"AUT_NU_AUTORIZACAO":"9dFFh8IGt7ZeIU3","ECL_IC_EXISTE_ECLUSA":null,"ING_NM_BACIADNAEE":null,"ING_NM_REGIAO_HIDRO":"Região Hidrográfica ATLÂNTICO SUL","ING_CD_CURSODAGUA_TRECHO":"7954972","ING_NM_TRECHO":"Ribeirão Pequeno","DOMINIO_CURSO_DAGUA":null,"ING_NM_COMITEFEDERAL":null,"ING_NM_COMITEESTADUAL":"CBH do Rio Itajaí","UNIDADE_DE_GESTAO":"CBH do Rio Itajaí","POSSUI_PAE":null,"BAR_NU_CAP_TOTAL_RESERV":0.089999999999999997,"POSSUI_PLANO_SEGURANCA":"Não","INS_DT_INSPECAO":null,"TP_INSPECAO":null,"CATEGORIA_RISCO":"Baixo","DANO_POTENCIAL":"Baixo","POSSUI_REVISAO_PERIODICA":"Não","BARRAGEM_AUTUADA":"Não","COMPLETUDE":"ótima","OBJECTID":27345}},{"type":"Feature","id":24151,"geometry":{"type":"Point","coordinates":[-49.987799999999993,-27.064700000000016]},"properties":{"BAR_CD_SNISB":24151,"BAR_CD_BAR_ENT_FISCALIZADORA":"17298","BAR_NM_NOME":"CGH Horst Purnhagen - CGH Horst Purnhagen","BAR_NM_SECUNDARIO":null,"BAR_NU_ALT_MAX_BASE_FUNDACAO":8,"BAR_NU_ALT_MAX_NIVEL_TERRENO":8,"BAR_DT_CADASTRO":1627804217000,"TIPO_MATERIAL":"Concreto convencional","USO_PRINCIPAL":"Hidroelétrica","USO_COMPLEMENTAR":null,"BAR_DS_CLASSE":null,"BAR_NU_LATITUDE":-27.064700000000002,"BAR_NU_LONGITUDE":-49.9878,"NIVEL_PERIGO":null,"IC_REGULADA":2,"REGULADA_PELO_PNSB":"Não","NM_EMPREENDEDOR":"INDUMA S/A INDUSTRIA DE PAPEL E PAPELÃO","ING_SG_UFMUNICIPIO":"SC","ING_NM_MUNICIPIO":"TAIÓ","FASE_DE_VIDA":"Operação","ORG_NM_ORGANIZACAO":"Agência Nacional de Energia Elétrica - ANEEL","AUT_DT_EMISSAO_PUB":null,"AUT_NU_AUTORIZACAO":"9dFFh8IGt7ZeIU3","ECL_IC_EXISTE_ECLUSA":null,"ING_NM_BACIADNAEE":null,"ING_NM_REGIAO_HIDRO":"Região Hidrográfica ATLÂNTICO SUL","ING_CD_CURSODAGUA_TRECHO":"7954972","ING_NM_TRECHO":"Ribeirão Pequeno","DOMINIO_CURSO_DAGUA":null,"ING_NM_COMITEFEDERAL":null,"ING_NM_COMITEESTADUAL":"CBH do Rio Itajaí","UNIDADE_DE_GESTAO":"CBH do Rio Itajaí","POSSUI_PAE":null,"BAR_NU_CAP_TOTAL_RESERV":0.089999999999999997,"POSSUI_PLANO_SEGURANCA":"Não","INS_DT_INSPECAO":null,"TP_INSPECAO":null,"CATEGORIA_RISCO":"Baixo","DANO_POTENCIAL":"Baixo","POSSUI_REVISAO_PERIODICA":"Não","BARRAGEM_AUTUADA":"Não","COMPLETUDE":"ótima","OBJECTID":18481}},{"type":"Feature","id":23275,"geometry":{"type":"Point","coordinates":[-49.974199999999996,-27.05419999999998]},"properties":{"BAR_CD_SNISB":23275,"BAR_CD_BAR_ENT_FISCALIZADORA":"17297","BAR_NM_NOME":"CGH Alto Palmital - CGH Alto Palmital","BAR_NM_SECUNDARIO":null,"BAR_NU_ALT_MAX_BASE_FUNDACAO":9.4000000000000004,"BAR_NU_ALT_MAX_NIVEL_TERRENO":9.4000000000000004,"BAR_DT_CADASTRO":1627804216000,"TIPO_MATERIAL":"Concreto convencional","USO_PRINCIPAL":"Hidroelétrica","USO_COMPLEMENTAR":null,"BAR_DS_CLASSE":null,"BAR_NU_LATITUDE":-27.054200000000002,"BAR_NU_LONGITUDE":-49.974200000000003,"NIVEL_PERIGO":null,"IC_REGULADA":2,"REGULADA_PELO_PNSB":"Não","NM_EMPREENDEDOR":"INDUMA S/A INDUSTRIA DE PAPEL E PAPELÃO","ING_SG_UFMUNICIPIO":"SC","ING_NM_MUNICIPIO":"TAIÓ","FASE_DE_VIDA":"Operação","ORG_NM_ORGANIZACAO":"Agência Nacional de Energia Elétrica - ANEEL","AUT_DT_EMISSAO_PUB":null,"AUT_NU_AUTORIZACAO":"K391JGJ85eSIIOQ","ECL_IC_EXISTE_ECLUSA":null,"ING_NM_BACIADNAEE":null,"ING_NM_REGIAO_HIDRO":"Região Hidrográfica ATLÂNTICO SUL","ING_CD_CURSODAGUA_TRECHO":"7954972","ING_NM_TRECHO":"Ribeirão Pequeno","DOMINIO_CURSO_DAGUA":null,"ING_NM_COMITEFEDERAL":null,"ING_NM_COMITEESTADUAL":"CBH do Rio Itajaí","UNIDADE_DE_GESTAO":"CBH do Rio Itajaí","POSSUI_PAE":null,"BAR_NU_CAP_TOTAL_RESERV":2.8999999999999999,"POSSUI_PLANO_SEGURANCA":"Não","INS_DT_INSPECAO":null,"TP_INSPECAO":null,"CATEGORIA_RISCO":"Baixo","DANO_POTENCIAL":"Baixo","POSSUI_REVISAO_PERIODICA":"Não","BARRAGEM_AUTUADA":"Não","COMPLETUDE":"ótima","OBJECTID":17639}},{"type":"Feature","id":20583,"geometry":{"type":"Point","coordinates":[-50.639700000000005,-27.457499999999982]},"properties":{"BAR_CD_SNISB":20583,"BAR_CD_BAR_ENT_FISCALIZADORA":"13446","BAR_NM_NOME":"PCH Pery - Barragem Tomada d'Água 2","BAR_NM_SECUNDARIO":null,"BAR_NU_ALT_MAX_BASE_FUNDACAO":16.649999999999999,"BAR_NU_ALT_MAX_NIVEL_TERRENO":16.649999999999999,"BAR_DT_CADASTRO":1627803015000,"TIPO_MATERIAL":"Concreto convencional","USO_PRINCIPAL":"Hidroelétrica","USO_COMPLEMENTAR":null,"BAR_DS_CLASSE":null,"BAR_NU_LATITUDE":-27.4575,"BAR_NU_LONGITUDE":-50.639700000000005,"NIVEL_PERIGO":null,"IC_REGULADA":1,"REGULADA_PELO_PNSB":"Sim","NM_EMPREENDEDOR":"CELESC Geração S.A.","ING_SG_UFMUNICIPIO":"SC","ING_NM_MUNICIPIO":"SÃO JOSÉ DO CERRITO","FASE_DE_VIDA":"Operação","ORG_NM_ORGANIZACAO":"Agência Nacional de Energia Elétrica - ANEEL","AUT_DT_EMISSAO_PUB":null,"AUT_NU_AUTORIZACAO":"055","ECL_IC_EXISTE_ECLUSA":null,"ING_NM_BACIADNAEE":null,"ING_NM_REGIAO_HIDRO":"Região Hidrográfica do URUGUAI","ING_CD_CURSODAGUA_TRECHO":"82","ING_NM_TRECHO":"Rio Canoas","DOMINIO_CURSO_DAGUA":null,"ING_NM_COMITEFEDERAL":null,"ING_NM_COMITEESTADUAL":"CBH do Rio Canoas","UNIDADE_DE_GESTAO":"CBH do Rio Canoas","POSSUI_PAE":"Sim","BAR_NU_CAP_TOTAL_RESERV":0.54800000000000004,"POSSUI_PLANO_SEGURANCA":"Sim","INS_DT_INSPECAO":null,"TP_INSPECAO":null,"CATEGORIA_RISCO":"Baixo","DANO_POTENCIAL":"Baixo","POSSUI_REVISAO_PERIODICA":"Sim","BARRAGEM_AUTUADA":"Não","COMPLETUDE":"boa","OBJECTID":15567}},{"type":"Feature","id":20582,"geometry":{"type":"Point","coordinates":[-50.639700000000005,-27.457499999999982]},"properties":{"BAR_CD_SNISB":20582,"BAR_CD_BAR_ENT_FISCALIZADORA":"13445","BAR_NM_NOME":"PCH Pery - Barragem Tomada d'Água 1","BAR_NM_SECUNDARIO":null,"BAR_NU_ALT_MAX_BASE_FUNDACAO":14,"BAR_NU_ALT_MAX_NIVEL_TERRENO":14,"BAR_DT_CADASTRO":1627803014000,"TIPO_MATERIAL":"Alvenaria","USO_PRINCIPAL":"Hidroelétrica","USO_COMPLEMENTAR":null,"BAR_DS_CLASSE":null,"BAR_NU_LATITUDE":-27.4575,"BAR_NU_LONGITUDE":-50.639700000000005,"NIVEL_PERIGO":null,"IC_REGULADA":2,"REGULADA_PELO_PNSB":"Não","NM_EMPREENDEDOR":"CELESC Geração S.A.","ING_SG_UFMUNICIPIO":"SC","ING_NM_MUNICIPIO":"SÃO JOSÉ DO CERRITO","FASE_DE_VIDA":"Operação","ORG_NM_ORGANIZACAO":"Agência Nacional de Energia Elétrica - ANEEL","AUT_DT_EMISSAO_PUB":null,"AUT_NU_AUTORIZACAO":"055","ECL_IC_EXISTE_ECLUSA":null,"ING_NM_BACIADNAEE":null,"ING_NM_REGIAO_HIDRO":"Região Hidrográfica do URUGUAI","ING_CD_CURSODAGUA_TRECHO":"82","ING_NM_TRECHO":"Rio Canoas","DOMINIO_CURSO_DAGUA":null,"ING_NM_COMITEFEDERAL":null,"ING_NM_COMITEESTADUAL":"CBH do Rio Canoas","UNIDADE_DE_GESTAO":"CBH do Rio Canoas","POSSUI_PAE":"Sim","BAR_NU_CAP_TOTAL_RESERV":0.54800000000000004,"POSSUI_PLANO_SEGURANCA":"Sim","INS_DT_INSPECAO":null,"TP_INSPECAO":null,"CATEGORIA_RISCO":"Baixo","DANO_POTENCIAL":"Baixo","POSSUI_REVISAO_PERIODICA":"Sim","BARRAGEM_AUTUADA":"Não","COMPLETUDE":"ótima","OBJECTID":15566}},{"type":"Feature","id":4875,"geometry":{"type":"Point","coordinates":[-50.639700000000005,-27.457499999999982]},"properties":{"BAR_CD_SNISB":4875,"BAR_CD_BAR_ENT_FISCALIZADORA":"13444","BAR_NM_NOME":"PCH Pery - Barragem Principal","BAR_NM_SECUNDARIO":null,"BAR_NU_ALT_MAX_BASE_FUNDACAO":6,"BAR_NU_ALT_MAX_NIVEL_TERRENO":6,"BAR_DT_CADASTRO":1627803013000,"TIPO_MATERIAL":"Alvenaria","USO_PRINCIPAL":"Hidroelétrica","USO_COMPLEMENTAR":null,"BAR_DS_CLASSE":null,"BAR_NU_LATITUDE":-27.4575,"BAR_NU_LONGITUDE":-50.639700000000005,"NIVEL_PERIGO":null,"IC_REGULADA":2,"REGULADA_PELO_PNSB":"Não","NM_EMPREENDEDOR":"CELESC Geração S.A.","ING_SG_UFMUNICIPIO":"SC","ING_NM_MUNICIPIO":"SÃO JOSÉ DO CERRITO","FASE_DE_VIDA":"Operação","ORG_NM_ORGANIZACAO":"Agência Nacional de Energia Elétrica - ANEEL","AUT_DT_EMISSAO_PUB":946684800000,"AUT_NU_AUTORIZACAO":"055","ECL_IC_EXISTE_ECLUSA":null,"ING_NM_BACIADNAEE":null,"ING_NM_REGIAO_HIDRO":"Região Hidrográfica do URUGUAI","ING_CD_CURSODAGUA_TRECHO":"82","ING_NM_TRECHO":"Rio Canoas","DOMINIO_CURSO_DAGUA":null,"ING_NM_COMITEFEDERAL":null,"ING_NM_COMITEESTADUAL":"CBH do Rio Canoas","UNIDADE_DE_GESTAO":"CBH do Rio Canoas","POSSUI_PAE":"Sim","BAR_NU_CAP_TOTAL_RESERV":0.54800000000000004,"POSSUI_PLANO_SEGURANCA":"Sim","INS_DT_INSPECAO":null,"TP_INSPECAO":null,"CATEGORIA_RISCO":"Baixo","DANO_POTENCIAL":"Baixo","POSSUI_REVISAO_PERIODICA":"Sim","BARRAGEM_AUTUADA":"Não","COMPLETUDE":"ótima","OBJECTID":3449}},{"type":"Feature","id":34118,"geometry":{"type":"Point","coordinates":[-50.480599999999981,-27.814999999999998]},"properties":{"BAR_CD_SNISB":34118,"BAR_CD_BAR_ENT_FISCALIZADORA":"17617","BAR_NM_NOME":"PCH Caveiras - Barragem Tomada D'água","BAR_NM_SECUNDARIO":null,"BAR_NU_ALT_MAX_BASE_FUNDACAO":10,"BAR_NU_ALT_MAX_NIVEL_TERRENO":9,"BAR_DT_CADASTRO":1738007749000,"TIPO_MATERIAL":"Alvenaria","USO_PRINCIPAL":"Hidroelétrica","USO_COMPLEMENTAR":null,"BAR_DS_CLASSE":null,"BAR_NU_LATITUDE":-27.815000000000001,"BAR_NU_LONGITUDE":-50.480600000000003,"NIVEL_PERIGO":null,"IC_REGULADA":1,"REGULADA_PELO_PNSB":"Sim","NM_EMPREENDEDOR":"CELESC Geração S.A.","ING_SG_UFMUNICIPIO":"SC","ING_NM_MUNICIPIO":"LAGES","FASE_DE_VIDA":"Operação","ORG_NM_ORGANIZACAO":"Agência Nacional de Energia Elétrica - ANEEL","AUT_DT_EMISSAO_PUB":null,"AUT_NU_AUTORIZACAO":"eI7B8U8tGBB2FFC","ECL_IC_EXISTE_ECLUSA":null,"ING_NM_BACIADNAEE":null,"ING_NM_REGIAO_HIDRO":"Região Hidrográfica do URUGUAI","ING_CD_CURSODAGUA_TRECHO":"8294","ING_NM_TRECHO":"Rio das Caveiras","DOMINIO_CURSO_DAGUA":null,"ING_NM_COMITEFEDERAL":"Uruguai","ING_NM_COMITEESTADUAL":"CBH do Rio Canoas","UNIDADE_DE_GESTAO":"Uruguai","POSSUI_PAE":null,"BAR_NU_CAP_TOTAL_RESERV":42,"POSSUI_PLANO_SEGURANCA":"Não","INS_DT_INSPECAO":null,"TP_INSPECAO":null,"CATEGORIA_RISCO":"Baixo","DANO_POTENCIAL":"Alto","POSSUI_REVISAO_PERIODICA":"Não","BARRAGEM_AUTUADA":"Não","COMPLETUDE":"boa","OBJECTID":27220}},{"type":"Feature","id":34117,"geometry":{"type":"Point","coordinates":[-50.480599999999981,-27.814999999999998]},"properties":{"BAR_CD_SNISB":34117,"BAR_CD_BAR_ENT_FISCALIZADORA":"17616","BAR_NM_NOME":"PCH Caveiras - Barragem Principal","BAR_NM_SECUNDARIO":null,"BAR_NU_ALT_MAX_BASE_FUNDACAO":11.5,"BAR_NU_ALT_MAX_NIVEL_TERRENO":11,"BAR_DT_CADASTRO":1738007745000,"TIPO_MATERIAL":"Alvenaria","USO_PRINCIPAL":"Hidroelétrica","USO_COMPLEMENTAR":null,"BAR_DS_CLASSE":null,"BAR_NU_LATITUDE":-27.815000000000001,"BAR_NU_LONGITUDE":-50.480600000000003,"NIVEL_PERIGO":null,"IC_REGULADA":1,"REGULADA_PELO_PNSB":"Sim","NM_EMPREENDEDOR":"CELESC Geração S.A.","ING_SG_UFMUNICIPIO":"SC","ING_NM_MUNICIPIO":"LAGES","FASE_DE_VIDA":"Operação","ORG_NM_ORGANIZACAO":"Agência Nacional de Energia Elétrica - ANEEL","AUT_DT_EMISSAO_PUB":null,"AUT_NU_AUTORIZACAO":"eI7B8U8tGBB2FFC","ECL_IC_EXISTE_ECLUSA":null,"ING_NM_BACIADNAEE":null,"ING_NM_REGIAO_HIDRO":"Região Hidrográfica do URUGUAI","ING_CD_CURSODAGUA_TRECHO":"8294","ING_NM_TRECHO":"Rio das Caveiras","DOMINIO_CURSO_DAGUA":null,"ING_NM_COMITEFEDERAL":"Uruguai","ING_NM_COMITEESTADUAL":"CBH do Rio Canoas","UNIDADE_DE_GESTAO":"Uruguai","POSSUI_PAE":null,"BAR_NU_CAP_TOTAL_RESERV":42,"POSSUI_PLANO_SEGURANCA":"Não","INS_DT_INSPECAO":null,"TP_INSPECAO":null,"CATEGORIA_RISCO":"Baixo","DANO_POTENCIAL":"Alto","POSSUI_REVISAO_PERIODICA":"Não","BARRAGEM_AUTUADA":"Não","COMPLETUDE":"boa","OBJECTID":27219}},{"type":"Feature","id":4246,"geometry":{"type":"Point","coordinates":[-50.519999999999982,-27.460800000000006]},"properties":{"BAR_CD_SNISB":4246,"BAR_CD_BAR_ENT_FISCALIZADORA":"17328","BAR_NM_NOME":"PCH Ado Popinhaki - PCH Ado Popinhak","BAR_NM_SECUNDARIO":null,"BAR_NU_ALT_MAX_BASE_FUNDACAO":15.860000000000001,"BAR_NU_ALT_MAX_NIVEL_TERRENO":14.300000000000001,"BAR_DT_CADASTRO":1627803824000,"TIPO_MATERIAL":"Concreto convencional","USO_PRINCIPAL":"Hidroelétrica","USO_COMPLEMENTAR":null,"BAR_DS_CLASSE":null,"BAR_NU_LATITUDE":-27.460800000000003,"BAR_NU_LONGITUDE":-50.520000000000003,"NIVEL_PERIGO":null,"IC_REGULADA":1,"REGULADA_PELO_PNSB":"Sim","NM_EMPREENDEDOR":"COMPANHIA ENERGETICA CANOAS","ING_SG_UFMUNICIPIO":"SC","ING_NM_MUNICIPIO":"CORREIA PINTO","FASE_DE_VIDA":"Operação","ORG_NM_ORGANIZACAO":"Agência Nacional de Energia Elétrica - ANEEL","AUT_DT_EMISSAO_PUB":1402531200000,"AUT_NU_AUTORIZACAO":"276","ECL_IC_EXISTE_ECLUSA":null,"ING_NM_BACIADNAEE":null,"ING_NM_REGIAO_HIDRO":"Região Hidrográfica do URUGUAI","ING_CD_CURSODAGUA_TRECHO":"82","ING_NM_TRECHO":"Rio Canoas","DOMINIO_CURSO_DAGUA":null,"ING_NM_COMITEFEDERAL":null,"ING_NM_COMITEESTADUAL":"CBH do Rio Canoas","UNIDADE_DE_GESTAO":"CBH do Rio Canoas","POSSUI_PAE":"Sim","BAR_NU_CAP_TOTAL_RESERV":1.26,"POSSUI_PLANO_SEGURANCA":"Sim","INS_DT_INSPECAO":null,"TP_INSPECAO":null,"CATEGORIA_RISCO":"Baixo","DANO_POTENCIAL":"Alto","POSSUI_REVISAO_PERIODICA":"Sim","BARRAGEM_AUTUADA":"Não","COMPLETUDE":"boa","OBJECTID":3093}},{"type":"Feature","id":6726,"geometry":{"type":"Point","coordinates":[-50.350090000000023,-27.589769999999987]},"properties":{"BAR_CD_SNISB":6726,"BAR_CD_BAR_ENT_FISCALIZADORA":null,"BAR_NM_NOME":"Maziero","BAR_NM_SECUNDARIO":null,"BAR_NU_ALT_MAX_BASE_FUNDACAO":6,"BAR_NU_ALT_MAX_NIVEL_TERRENO":null,"BAR_DT_CADASTRO":1568297416000,"TIPO_MATERIAL":"Concreto ciclópico","USO_PRINCIPAL":"Recreação","USO_COMPLEMENTAR":null,"BAR_DS_CLASSE":"A","BAR_NU_LATITUDE":-27.589769999999998,"BAR_NU_LONGITUDE":-50.350089999999994,"NIVEL_PERIGO":null,"IC_REGULADA":1,"REGULADA_PELO_PNSB":"Sim","NM_EMPREENDEDOR":"Madereira Maziero LTDA","ING_SG_UFMUNICIPIO":"SC","ING_NM_MUNICIPIO":"CORREIA PINTO","FASE_DE_VIDA":"Operação","ORG_NM_ORGANIZACAO":"SC - Secretaria de Estado do Meio Ambiente e da Economia Verde - SEMAE","AUT_DT_EMISSAO_PUB":null,"AUT_NU_AUTORIZACAO":"s/n","ECL_IC_EXISTE_ECLUSA":"Não","ING_NM_BACIADNAEE":null,"ING_NM_REGIAO_HIDRO":"Região Hidrográfica do URUGUAI","ING_CD_CURSODAGUA_TRECHO":"829738","ING_NM_TRECHO":"Rio do Tributo","DOMINIO_CURSO_DAGUA":"Federal","ING_NM_COMITEFEDERAL":null,"ING_NM_COMITEESTADUAL":"CBH do Rio Canoas","UNIDADE_DE_GESTAO":"CBH do Rio Canoas","POSSUI_PAE":"Não","BAR_NU_CAP_TOTAL_RESERV":0.66500000000000004,"POSSUI_PLANO_SEGURANCA":"Não","INS_DT_INSPECAO":null,"TP_INSPECAO":null,"CATEGORIA_RISCO":"Alto","DANO_POTENCIAL":"Alto","POSSUI_REVISAO_PERIODICA":"Não","BARRAGEM_AUTUADA":"Não","COMPLETUDE":"boa","OBJECTID":4747}},{"type":"Feature","id":6736,"geometry":{"type":"Point","coordinates":[-50.155550000000005,-27.592539999999985]},"properties":{"BAR_CD_SNISB":6736,"BAR_CD_BAR_ENT_FISCALIZADORA":null,"BAR_NM_NOME":"Serra Azul","BAR_NM_SECUNDARIO":null,"BAR_NU_ALT_MAX_BASE_FUNDACAO":2.5,"BAR_NU_ALT_MAX_NIVEL_TERRENO":0,"BAR_DT_CADASTRO":1568297416000,"TIPO_MATERIAL":"Terra","USO_PRINCIPAL":"Recreação","USO_COMPLEMENTAR":null,"BAR_DS_CLASSE":"A","BAR_NU_LATITUDE":-27.59254,"BAR_NU_LONGITUDE":-50.155549999999998,"NIVEL_PERIGO":null,"IC_REGULADA":1,"REGULADA_PELO_PNSB":"Sim","NM_EMPREENDEDOR":"Serra Azul Agropecuária LTDA","ING_SG_UFMUNICIPIO":"SC","ING_NM_MUNICIPIO":"PALMEIRA","FASE_DE_VIDA":"Operação","ORG_NM_ORGANIZACAO":"SC - Secretaria de Estado do Meio Ambiente e da Economia Verde - SEMAE","AUT_DT_EMISSAO_PUB":null,"AUT_NU_AUTORIZACAO":"s/n","ECL_IC_EXISTE_ECLUSA":null,"ING_NM_BACIADNAEE":null,"ING_NM_REGIAO_HIDRO":"Região Hidrográfica do URUGUAI","ING_CD_CURSODAGUA_TRECHO":"829742","ING_NM_TRECHO":"Ribeirão das Palmeiras","DOMINIO_CURSO_DAGUA":"Federal","ING_NM_COMITEFEDERAL":null,"ING_NM_COMITEESTADUAL":"CBH do Rio Canoas","UNIDADE_DE_GESTAO":"CBH do Rio Canoas","POSSUI_PAE":"Não","BAR_NU_CAP_TOTAL_RESERV":0.063,"POSSUI_PLANO_SEGURANCA":"Não","INS_DT_INSPECAO":null,"TP_INSPECAO":null,"CATEGORIA_RISCO":"Médio","DANO_POTENCIAL":"Alto","POSSUI_REVISAO_PERIODICA":"Não","BARRAGEM_AUTUADA":"Não","COMPLETUDE":"boa","OBJECTID":4755}},{"type":"Feature","id":6754,"geometry":{"type":"Point","coordinates":[-49.945310000000006,-27.460149999999999]},"properties":{"BAR_CD_SNISB":6754,"BAR_CD_BAR_ENT_FISCALIZADORA":null,"BAR_NM_NOME":"Rex 40","BAR_NM_SECUNDARIO":null,"BAR_NU_ALT_MAX_BASE_FUNDACAO":4,"BAR_NU_ALT_MAX_NIVEL_TERRENO":0,"BAR_DT_CADASTRO":1568297416000,"TIPO_MATERIAL":"Terra","USO_PRINCIPAL":"Recreação","USO_COMPLEMENTAR":null,"BAR_DS_CLASSE":"A","BAR_NU_LATITUDE":-27.460149999999999,"BAR_NU_LONGITUDE":-49.945309999999999,"NIVEL_PERIGO":null,"IC_REGULADA":1,"REGULADA_PELO_PNSB":"Sim","NM_EMPREENDEDOR":"Rex 40 – Industrial Rex LTDA","ING_SG_UFMUNICIPIO":"SC","ING_NM_MUNICIPIO":"OTACÍLIO COSTA","FASE_DE_VIDA":"Operação","ORG_NM_ORGANIZACAO":"SC - Secretaria de Estado do Meio Ambiente e da Economia Verde - SEMAE","AUT_DT_EMISSAO_PUB":null,"AUT_NU_AUTORIZACAO":"s/n","ECL_IC_EXISTE_ECLUSA":null,"ING_NM_BACIADNAEE":null,"ING_NM_REGIAO_HIDRO":"Região Hidrográfica ATLÂNTICO SUL","ING_CD_CURSODAGUA_TRECHO":"82978","ING_NM_TRECHO":"Rio do Desquite","DOMINIO_CURSO_DAGUA":"Federal","ING_NM_COMITEFEDERAL":null,"ING_NM_COMITEESTADUAL":"CBH do Rio Canoas","UNIDADE_DE_GESTAO":"CBH do Rio Canoas","POSSUI_PAE":"Não","BAR_NU_CAP_TOTAL_RESERV":0.13800000000000001,"POSSUI_PLANO_SEGURANCA":"Não","INS_DT_INSPECAO":null,"TP_INSPECAO":null,"CATEGORIA_RISCO":"Médio","DANO_POTENCIAL":"Alto","POSSUI_REVISAO_PERIODICA":"Não","BARRAGEM_AUTUADA":"Não","COMPLETUDE":"boa","OBJECTID":4769}},{"type":"Feature","id":6756,"geometry":{"type":"Point","coordinates":[-49.940580000000011,-27.46402999999998]},"properties":{"BAR_CD_SNISB":6756,"BAR_CD_BAR_ENT_FISCALIZADORA":null,"BAR_NM_NOME":"Rex 41","BAR_NM_SECUNDARIO":null,"BAR_NU_ALT_MAX_BASE_FUNDACAO":5,"BAR_NU_ALT_MAX_NIVEL_TERRENO":0,"BAR_DT_CADASTRO":1568297416000,"TIPO_MATERIAL":"Terra","USO_PRINCIPAL":"Recreação","USO_COMPLEMENTAR":null,"BAR_DS_CLASSE":"A","BAR_NU_LATITUDE":-27.464029999999998,"BAR_NU_LONGITUDE":-49.940579999999997,"NIVEL_PERIGO":null,"IC_REGULADA":1,"REGULADA_PELO_PNSB":"Sim","NM_EMPREENDEDOR":"Rex 40 – Industrial Rex LTDA","ING_SG_UFMUNICIPIO":"SC","ING_NM_MUNICIPIO":"OTACÍLIO COSTA","FASE_DE_VIDA":"Operação","ORG_NM_ORGANIZACAO":"SC - Secretaria de Estado do Meio Ambiente e da Economia Verde - SEMAE","AUT_DT_EMISSAO_PUB":null,"AUT_NU_AUTORIZACAO":"s/n","ECL_IC_EXISTE_ECLUSA":null,"ING_NM_BACIADNAEE":null,"ING_NM_REGIAO_HIDRO":"Região Hidrográfica ATLÂNTICO SUL","ING_CD_CURSODAGUA_TRECHO":"82978","ING_NM_TRECHO":"Rio do Desquite","DOMINIO_CURSO_DAGUA":"Federal","ING_NM_COMITEFEDERAL":null,"ING_NM_COMITEESTADUAL":"CBH do Rio Canoas","UNIDADE_DE_GESTAO":"CBH do Rio Canoas","POSSUI_PAE":"Não","BAR_NU_CAP_TOTAL_RESERV":0.154,"POSSUI_PLANO_SEGURANCA":"Não","INS_DT_INSPECAO":null,"TP_INSPECAO":null,"CATEGORIA_RISCO":"Médio","DANO_POTENCIAL":"Alto","POSSUI_REVISAO_PERIODICA":"Não","BARRAGEM_AUTUADA":"Não","COMPLETUDE":"boa","OBJECTID":4771}},{"type":"Feature","id":6758,"geometry":{"type":"Point","coordinates":[-49.932270000000017,-27.454490000000021]},"properties":{"BAR_CD_SNISB":6758,"BAR_CD_BAR_ENT_FISCALIZADORA":null,"BAR_NM_NOME":"Rex 42","BAR_NM_SECUNDARIO":null,"BAR_NU_ALT_MAX_BASE_FUNDACAO":5,"BAR_NU_ALT_MAX_NIVEL_TERRENO":0,"BAR_DT_CADASTRO":1568297416000,"TIPO_MATERIAL":"Terra","USO_PRINCIPAL":"Recreação","USO_COMPLEMENTAR":null,"BAR_DS_CLASSE":"A","BAR_NU_LATITUDE":-27.45449,"BAR_NU_LONGITUDE":-49.932269999999995,"NIVEL_PERIGO":null,"IC_REGULADA":1,"REGULADA_PELO_PNSB":"Sim","NM_EMPREENDEDOR":"Rex 40 – Industrial Rex LTDA","ING_SG_UFMUNICIPIO":"SC","ING_NM_MUNICIPIO":"OTACÍLIO COSTA","FASE_DE_VIDA":"Operação","ORG_NM_ORGANIZACAO":"SC - Secretaria de Estado do Meio Ambiente e da Economia Verde - SEMAE","AUT_DT_EMISSAO_PUB":null,"AUT_NU_AUTORIZACAO":"s/n","ECL_IC_EXISTE_ECLUSA":null,"ING_NM_BACIADNAEE":null,"ING_NM_REGIAO_HIDRO":"Região Hidrográfica ATLÂNTICO SUL","ING_CD_CURSODAGUA_TRECHO":"82978","ING_NM_TRECHO":"Rio do Desquite","DOMINIO_CURSO_DAGUA":"Federal","ING_NM_COMITEFEDERAL":null,"ING_NM_COMITEESTADUAL":"CBH do Rio Canoas","UNIDADE_DE_GESTAO":"CBH do Rio Canoas","POSSUI_PAE":"Não","BAR_NU_CAP_TOTAL_RESERV":0.21200000000000002,"POSSUI_PLANO_SEGURANCA":"Não","INS_DT_INSPECAO":null,"TP_INSPECAO":null,"CATEGORIA_RISCO":"Alto","DANO_POTENCIAL":"Alto","POSSUI_REVISAO_PERIODICA":"Não","BARRAGEM_AUTUADA":"Não","COMPLETUDE":"boa","OBJECTID":4772}},{"type":"Feature","id":6759,"geometry":{"type":"Point","coordinates":[-49.926300000000026,-27.423400000000015]},"properties":{"BAR_CD_SNISB":6759,"BAR_CD_BAR_ENT_FISCALIZADORA":null,"BAR_NM_NOME":"Rex 67","BAR_NM_SECUNDARIO":null,"BAR_NU_ALT_MAX_BASE_FUNDACAO":3,"BAR_NU_ALT_MAX_NIVEL_TERRENO":0,"BAR_DT_CADASTRO":1568297416000,"TIPO_MATERIAL":"Terra","USO_PRINCIPAL":"Dessedentação Animal","USO_COMPLEMENTAR":null,"BAR_DS_CLASSE":"A","BAR_NU_LATITUDE":-27.423400000000001,"BAR_NU_LONGITUDE":-49.926300000000005,"NIVEL_PERIGO":null,"IC_REGULADA":1,"REGULADA_PELO_PNSB":"Sim","NM_EMPREENDEDOR":"Rex 40 – Industrial Rex LTDA","ING_SG_UFMUNICIPIO":"SC","ING_NM_MUNICIPIO":"OTACÍLIO COSTA","FASE_DE_VIDA":"Operação","ORG_NM_ORGANIZACAO":"SC - Secretaria de Estado do Meio Ambiente e da Economia Verde - SEMAE","AUT_DT_EMISSAO_PUB":null,"AUT_NU_AUTORIZACAO":"s/n","ECL_IC_EXISTE_ECLUSA":null,"ING_NM_BACIADNAEE":null,"ING_NM_REGIAO_HIDRO":"Região Hidrográfica ATLÂNTICO SUL","ING_CD_CURSODAGUA_TRECHO":"7954924","ING_NM_TRECHO":"Ribeirão Braço do Trombudo","DOMINIO_CURSO_DAGUA":"Federal","ING_NM_COMITEFEDERAL":null,"ING_NM_COMITEESTADUAL":"CBH do Rio Itajaí","UNIDADE_DE_GESTAO":"CBH do Rio Itajaí","POSSUI_PAE":"Não","BAR_NU_CAP_TOTAL_RESERV":0.10300000000000001,"POSSUI_PLANO_SEGURANCA":"Não","INS_DT_INSPECAO":null,"TP_INSPECAO":null,"CATEGORIA_RISCO":"Alto","DANO_POTENCIAL":"Alto","POSSUI_REVISAO_PERIODICA":"Não","BARRAGEM_AUTUADA":"Não","COMPLETUDE":"boa","OBJECTID":4773}},{"type":"Feature","id":20103,"geometry":{"type":"Point","coordinates":[-49.921546852000006,-27.430403926999986]},"properties":{"BAR_CD_SNISB":20103,"BAR_CD_BAR_ENT_FISCALIZADORA":null,"BAR_NM_NOME":"Rex 24","BAR_NM_SECUNDARIO":"Industrial Rex LTDA","BAR_NU_ALT_MAX_BASE_FUNDACAO":8,"BAR_NU_ALT_MAX_NIVEL_TERRENO":8,"BAR_DT_CADASTRO":1585293209000,"TIPO_MATERIAL":"Terra","USO_PRINCIPAL":"Recreação","USO_COMPLEMENTAR":null,"BAR_DS_CLASSE":"D","BAR_NU_LATITUDE":-27.430403926699999,"BAR_NU_LONGITUDE":-49.921546851999999,"NIVEL_PERIGO":null,"IC_REGULADA":1,"REGULADA_PELO_PNSB":"Sim","NM_EMPREENDEDOR":"Rex 40 – Industrial Rex LTDA","ING_SG_UFMUNICIPIO":"SC","ING_NM_MUNICIPIO":"OTACÍLIO COSTA","FASE_DE_VIDA":null,"ORG_NM_ORGANIZACAO":"SC - Secretaria de Estado do Meio Ambiente e da Economia Verde - SEMAE","AUT_DT_EMISSAO_PUB":null,"AUT_NU_AUTORIZACAO":null,"ECL_IC_EXISTE_ECLUSA":"Não","ING_NM_BACIADNAEE":null,"ING_NM_REGIAO_HIDRO":"Região Hidrográfica ATLÂNTICO SUL","ING_CD_CURSODAGUA_TRECHO":"82978","ING_NM_TRECHO":"Rio do Desquite","DOMINIO_CURSO_DAGUA":"Federal","ING_NM_COMITEFEDERAL":null,"ING_NM_COMITEESTADUAL":"CBH do Rio Canoas","UNIDADE_DE_GESTAO":"CBH do Rio Canoas","POSSUI_PAE":null,"BAR_NU_CAP_TOTAL_RESERV":0.34800000000000003,"POSSUI_PLANO_SEGURANCA":"Não","INS_DT_INSPECAO":null,"TP_INSPECAO":null,"CATEGORIA_RISCO":"Baixo","DANO_POTENCIAL":"Médio","POSSUI_REVISAO_PERIODICA":"Não","BARRAGEM_AUTUADA":"Não","COMPLETUDE":"baixa","OBJECTID":15128}},{"type":"Feature","id":24138,"geometry":{"type":"Point","coordinates":[-49.874700000000018,-27.481100000000026]},"properties":{"BAR_CD_SNISB":24138,"BAR_CD_BAR_ENT_FISCALIZADORA":"17273","BAR_NM_NOME":"CGH Agropel - CGH Agropel","BAR_NM_SECUNDARIO":null,"BAR_NU_ALT_MAX_BASE_FUNDACAO":2.6000000000000001,"BAR_NU_ALT_MAX_NIVEL_TERRENO":2.6000000000000001,"BAR_DT_CADASTRO":1627804196000,"TIPO_MATERIAL":"Concreto convencional","USO_PRINCIPAL":"Hidroelétrica","USO_COMPLEMENTAR":null,"BAR_DS_CLASSE":null,"BAR_NU_LATITUDE":-27.481100000000001,"BAR_NU_LONGITUDE":-49.874700000000004,"NIVEL_PERIGO":null,"IC_REGULADA":2,"REGULADA_PELO_PNSB":"Não","NM_EMPREENDEDOR":"AGROPEL INDUSTRIA DE PAPEL E MADEIRA LTDA","ING_SG_UFMUNICIPIO":"SC","ING_NM_MUNICIPIO":"AGROLÂNDIA","FASE_DE_VIDA":"Operação","ORG_NM_ORGANIZACAO":"Agência Nacional de Energia Elétrica - ANEEL","AUT_DT_EMISSAO_PUB":null,"AUT_NU_AUTORIZACAO":"xVl2e6Kn9SBWBK9","ECL_IC_EXISTE_ECLUSA":null,"ING_NM_BACIADNAEE":null,"ING_NM_REGIAO_HIDRO":"Região Hidrográfica ATLÂNTICO SUL","ING_CD_CURSODAGUA_TRECHO":"795492","ING_NM_TRECHO":"Rio Trombudo","DOMINIO_CURSO_DAGUA":null,"ING_NM_COMITEFEDERAL":null,"ING_NM_COMITEESTADUAL":"CBH do Rio Itajaí","UNIDADE_DE_GESTAO":"CBH do Rio Itajaí","POSSUI_PAE":null,"BAR_NU_CAP_TOTAL_RESERV":0.0014,"POSSUI_PLANO_SEGURANCA":"Não","INS_DT_INSPECAO":null,"TP_INSPECAO":null,"CATEGORIA_RISCO":"Baixo","DANO_POTENCIAL":"Baixo","POSSUI_REVISAO_PERIODICA":"Não","BARRAGEM_AUTUADA":"Não","COMPLETUDE":"ótima","OBJECTID":18468}},{"type":"Feature","id":24312,"geometry":{"type":"Point","coordinates":[-49.877200000000016,-27.467800000000011]},"properties":{"BAR_CD_SNISB":24312,"BAR_CD_BAR_ENT_FISCALIZADORA":"3153","BAR_NM_NOME":"CGH Serra Velha - CGH Serra Velha","BAR_NM_SECUNDARIO":null,"BAR_NU_ALT_MAX_BASE_FUNDACAO":5.5,"BAR_NU_ALT_MAX_NIVEL_TERRENO":5.5,"BAR_DT_CADASTRO":1627804316000,"TIPO_MATERIAL":"Concreto convencional","USO_PRINCIPAL":"Hidroelétrica","USO_COMPLEMENTAR":null,"BAR_DS_CLASSE":null,"BAR_NU_LATITUDE":-27.4678,"BAR_NU_LONGITUDE":-49.877200000000002,"NIVEL_PERIGO":null,"IC_REGULADA":2,"REGULADA_PELO_PNSB":"Não","NM_EMPREENDEDOR":"Hidrelétrica Serra Velha Ltda.","ING_SG_UFMUNICIPIO":"SC","ING_NM_MUNICIPIO":"AGROLÂNDIA","FASE_DE_VIDA":"1º enchimento","ORG_NM_ORGANIZACAO":"Agência Nacional de Energia Elétrica - ANEEL","AUT_DT_EMISSAO_PUB":null,"AUT_NU_AUTORIZACAO":"45GYlM5QPSGP5SV","ECL_IC_EXISTE_ECLUSA":null,"ING_NM_BACIADNAEE":null,"ING_NM_REGIAO_HIDRO":"Região Hidrográfica ATLÂNTICO SUL","ING_CD_CURSODAGUA_TRECHO":"795492","ING_NM_TRECHO":"Rio Trombudo","DOMINIO_CURSO_DAGUA":null,"ING_NM_COMITEFEDERAL":null,"ING_NM_COMITEESTADUAL":"CBH do Rio Itajaí","UNIDADE_DE_GESTAO":"CBH do Rio Itajaí","POSSUI_PAE":null,"BAR_NU_CAP_TOTAL_RESERV":0.0050000000000000001,"POSSUI_PLANO_SEGURANCA":"Não","INS_DT_INSPECAO":null,"TP_INSPECAO":null,"CATEGORIA_RISCO":"Alto","DANO_POTENCIAL":"Baixo","POSSUI_REVISAO_PERIODICA":"Não","BARRAGEM_AUTUADA":"Não","COMPLETUDE":"ótima","OBJECTID":18641}},{"type":"Feature","id":34239,"geometry":{"type":"Point","coordinates":[-49.799199999999985,-27.310299999999984]},"properties":{"BAR_CD_SNISB":34239,"BAR_CD_BAR_ENT_FISCALIZADORA":"17274","BAR_NM_NOME":"CGH A.N.T. Central - CGH Águas Negras - Trombudo","BAR_NM_SECUNDARIO":null,"BAR_NU_ALT_MAX_BASE_FUNDACAO":2,"BAR_NU_ALT_MAX_NIVEL_TERRENO":2,"BAR_DT_CADASTRO":1738010381000,"TIPO_MATERIAL":"Concreto convencional","USO_PRINCIPAL":"Hidroelétrica","USO_COMPLEMENTAR":null,"BAR_DS_CLASSE":null,"BAR_NU_LATITUDE":-27.310300000000002,"BAR_NU_LONGITUDE":-49.799199999999999,"NIVEL_PERIGO":null,"IC_REGULADA":2,"REGULADA_PELO_PNSB":"Não","NM_EMPREENDEDOR":"AGUAS NEGRAS SA INDUSTRIA DE PAPEL","ING_SG_UFMUNICIPIO":"SC","ING_NM_MUNICIPIO":"TROMBUDO CENTRAL","FASE_DE_VIDA":"Desativada","ORG_NM_ORGANIZACAO":"Agência Nacional de Energia Elétrica - ANEEL","AUT_DT_EMISSAO_PUB":null,"AUT_NU_AUTORIZACAO":"nlGB2OWPYe2QJMd","ECL_IC_EXISTE_ECLUSA":null,"ING_NM_BACIADNAEE":null,"ING_NM_REGIAO_HIDRO":"Região Hidrográfica ATLÂNTICO SUL","ING_CD_CURSODAGUA_TRECHO":"795492","ING_NM_TRECHO":"Rio Trombudo","DOMINIO_CURSO_DAGUA":null,"ING_NM_COMITEFEDERAL":null,"ING_NM_COMITEESTADUAL":"CBH do Rio Itajaí","UNIDADE_DE_GESTAO":"CBH do Rio Itajaí","POSSUI_PAE":null,"BAR_NU_CAP_TOTAL_RESERV":0.057791999999999996,"POSSUI_PLANO_SEGURANCA":"Não","INS_DT_INSPECAO":null,"TP_INSPECAO":null,"CATEGORIA_RISCO":"Baixo","DANO_POTENCIAL":"Baixo","POSSUI_REVISAO_PERIODICA":"Não","BARRAGEM_AUTUADA":"Não","COMPLETUDE":"ótima","OBJECTID":27341}},{"type":"Feature","id":6753,"geometry":{"type":"Point","coordinates":[-49.960730000000012,-27.811500000000024]},"properties":{"BAR_CD_SNISB":6753,"BAR_CD_BAR_ENT_FISCALIZADORA":null,"BAR_NM_NOME":"Fazenda Pinheiro Marcado","BAR_NM_SECUNDARIO":null,"BAR_NU_ALT_MAX_BASE_FUNDACAO":4,"BAR_NU_ALT_MAX_NIVEL_TERRENO":0,"BAR_DT_CADASTRO":1568297416000,"TIPO_MATERIAL":"Concreto ciclópico","USO_PRINCIPAL":"Recreação","USO_COMPLEMENTAR":null,"BAR_DS_CLASSE":"A","BAR_NU_LATITUDE":-27.811500000000002,"BAR_NU_LONGITUDE":-49.960729999999998,"NIVEL_PERIGO":null,"IC_REGULADA":1,"REGULADA_PELO_PNSB":"Sim","NM_EMPREENDEDOR":"Condominio Fazenta Pinheiro Marcado","ING_SG_UFMUNICIPIO":"SC","ING_NM_MUNICIPIO":"BOCAINA DO SUL","FASE_DE_VIDA":"Operação","ORG_NM_ORGANIZACAO":"SC - Secretaria de Estado do Meio Ambiente e da Economia Verde - SEMAE","AUT_DT_EMISSAO_PUB":null,"AUT_NU_AUTORIZACAO":"s/n","ECL_IC_EXISTE_ECLUSA":null,"ING_NM_BACIADNAEE":null,"ING_NM_REGIAO_HIDRO":"Região Hidrográfica do URUGUAI","ING_CD_CURSODAGUA_TRECHO":"8297962","ING_NM_TRECHO":"SEM NOME","DOMINIO_CURSO_DAGUA":"Federal","ING_NM_COMITEFEDERAL":null,"ING_NM_COMITEESTADUAL":"CBH do Rio Canoas","UNIDADE_DE_GESTAO":"CBH do Rio Canoas","POSSUI_PAE":"Não","BAR_NU_CAP_TOTAL_RESERV":0.44800000000000001,"POSSUI_PLANO_SEGURANCA":"Não","INS_DT_INSPECAO":null,"TP_INSPECAO":null,"CATEGORIA_RISCO":"Alto","DANO_POTENCIAL":"Alto","POSSUI_REVISAO_PERIODICA":"Não","BARRAGEM_AUTUADA":"Não","COMPLETUDE":"boa","OBJECTID":4768}},{"type":"Feature","id":22754,"geometry":{"type":"Point","coordinates":[-49.740000000000009,-27.596699999999998]},"properties":{"BAR_CD_SNISB":22754,"BAR_CD_BAR_ENT_FISCALIZADORA":"15550","BAR_NM_NOME":"CGH Palheiros Klabin - Principal","BAR_NM_SECUNDARIO":null,"BAR_NU_ALT_MAX_BASE_FUNDACAO":10,"BAR_NU_ALT_MAX_NIVEL_TERRENO":4,"BAR_DT_CADASTRO":1627803320000,"TIPO_MATERIAL":"Terra","USO_PRINCIPAL":"Hidroelétrica","USO_COMPLEMENTAR":null,"BAR_DS_CLASSE":null,"BAR_NU_LATITUDE":-27.596700000000002,"BAR_NU_LONGITUDE":-49.740000000000002,"NIVEL_PERIGO":null,"IC_REGULADA":1,"REGULADA_PELO_PNSB":"Sim","NM_EMPREENDEDOR":"KLABIN S.A.","ING_SG_UFMUNICIPIO":"SC","ING_NM_MUNICIPIO":"PETROLÂNDIA","FASE_DE_VIDA":"Operação","ORG_NM_ORGANIZACAO":"Agência Nacional de Energia Elétrica - ANEEL","AUT_DT_EMISSAO_PUB":null,"AUT_NU_AUTORIZACAO":"MFKUVG5enWMxBI7","ECL_IC_EXISTE_ECLUSA":null,"ING_NM_BACIADNAEE":null,"ING_NM_REGIAO_HIDRO":"Região Hidrográfica do URUGUAI","ING_CD_CURSODAGUA_TRECHO":"829798","ING_NM_TRECHO":"Rio Palheiro","DOMINIO_CURSO_DAGUA":null,"ING_NM_COMITEFEDERAL":null,"ING_NM_COMITEESTADUAL":"CBH do Rio Canoas","UNIDADE_DE_GESTAO":"CBH do Rio Canoas","POSSUI_PAE":null,"BAR_NU_CAP_TOTAL_RESERV":3.2000000000000002,"POSSUI_PLANO_SEGURANCA":"Não","INS_DT_INSPECAO":null,"TP_INSPECAO":null,"CATEGORIA_RISCO":"Baixo","DANO_POTENCIAL":"Baixo","POSSUI_REVISAO_PERIODICA":"Não","BARRAGEM_AUTUADA":"Não","COMPLETUDE":"boa","OBJECTID":17574}},{"type":"Feature","id":22753,"geometry":{"type":"Point","coordinates":[-49.740000000000009,-27.596699999999998]},"properties":{"BAR_CD_SNISB":22753,"BAR_CD_BAR_ENT_FISCALIZADORA":"15549","BAR_NM_NOME":"CGH Palheiros Klabin - Acumulação","BAR_NM_SECUNDARIO":null,"BAR_NU_ALT_MAX_BASE_FUNDACAO":6,"BAR_NU_ALT_MAX_NIVEL_TERRENO":6,"BAR_DT_CADASTRO":1627803319000,"TIPO_MATERIAL":"Terra","USO_PRINCIPAL":"Hidroelétrica","USO_COMPLEMENTAR":null,"BAR_DS_CLASSE":null,"BAR_NU_LATITUDE":-27.596700000000002,"BAR_NU_LONGITUDE":-49.740000000000002,"NIVEL_PERIGO":null,"IC_REGULADA":1,"REGULADA_PELO_PNSB":"Sim","NM_EMPREENDEDOR":"KLABIN S.A.","ING_SG_UFMUNICIPIO":"SC","ING_NM_MUNICIPIO":"PETROLÂNDIA","FASE_DE_VIDA":"Operação","ORG_NM_ORGANIZACAO":"Agência Nacional de Energia Elétrica - ANEEL","AUT_DT_EMISSAO_PUB":null,"AUT_NU_AUTORIZACAO":"MFKUVG5enWMxBI7","ECL_IC_EXISTE_ECLUSA":null,"ING_NM_BACIADNAEE":null,"ING_NM_REGIAO_HIDRO":"Região Hidrográfica do URUGUAI","ING_CD_CURSODAGUA_TRECHO":"829798","ING_NM_TRECHO":"Rio Palheiro","DOMINIO_CURSO_DAGUA":null,"ING_NM_COMITEFEDERAL":null,"ING_NM_COMITEESTADUAL":"CBH do Rio Canoas","UNIDADE_DE_GESTAO":"CBH do Rio Canoas","POSSUI_PAE":null,"BAR_NU_CAP_TOTAL_RESERV":3.2000000000000002,"POSSUI_PLANO_SEGURANCA":"Não","INS_DT_INSPECAO":null,"TP_INSPECAO":null,"CATEGORIA_RISCO":"Baixo","DANO_POTENCIAL":"Baixo","POSSUI_REVISAO_PERIODICA":"Não","BARRAGEM_AUTUADA":"Não","COMPLETUDE":"boa","OBJECTID":17573}},{"type":"Feature","id":24135,"geometry":{"type":"Point","coordinates":[-49.608099999999979,-27.401900000000012]},"properties":{"BAR_CD_SNISB":24135,"BAR_CD_BAR_ENT_FISCALIZADORA":"17275","BAR_NM_NOME":"CGH Aguas Negras - CGH Águas Negras","BAR_NM_SECUNDARIO":null,"BAR_NU_ALT_MAX_BASE_FUNDACAO":3.3999999999999999,"BAR_NU_ALT_MAX_NIVEL_TERRENO":3.3999999999999999,"BAR_DT_CADASTRO":1627804193000,"TIPO_MATERIAL":"Concreto convencional","USO_PRINCIPAL":"Hidroelétrica","USO_COMPLEMENTAR":null,"BAR_DS_CLASSE":null,"BAR_NU_LATITUDE":-27.401900000000001,"BAR_NU_LONGITUDE":-49.6081,"NIVEL_PERIGO":null,"IC_REGULADA":2,"REGULADA_PELO_PNSB":"Não","NM_EMPREENDEDOR":"AGUAS NEGRAS SA INDUSTRIA DE PAPEL","ING_SG_UFMUNICIPIO":"SC","ING_NM_MUNICIPIO":"ITUPORANGA","FASE_DE_VIDA":"Operação","ORG_NM_ORGANIZACAO":"Agência Nacional de Energia Elétrica - ANEEL","AUT_DT_EMISSAO_PUB":null,"AUT_NU_AUTORIZACAO":"QUBYhM2JlOQ8I6U","ECL_IC_EXISTE_ECLUSA":null,"ING_NM_BACIADNAEE":null,"ING_NM_REGIAO_HIDRO":"Região Hidrográfica ATLÂNTICO SUL","ING_CD_CURSODAGUA_TRECHO":"79548","ING_NM_TRECHO":"Rio Itajaí do Sul","DOMINIO_CURSO_DAGUA":null,"ING_NM_COMITEFEDERAL":null,"ING_NM_COMITEESTADUAL":"CBH do Rio Itajaí","UNIDADE_DE_GESTAO":"CBH do Rio Itajaí","POSSUI_PAE":null,"BAR_NU_CAP_TOTAL_RESERV":0.052000000000000005,"POSSUI_PLANO_SEGURANCA":"Não","INS_DT_INSPECAO":null,"TP_INSPECAO":null,"CATEGORIA_RISCO":"Baixo","DANO_POTENCIAL":"Baixo","POSSUI_REVISAO_PERIODICA":"Não","BARRAGEM_AUTUADA":"Não","COMPLETUDE":"ótima","OBJECTID":18465}},{"type":"Feature","id":6777,"geometry":{"type":"Point","coordinates":[-49.555659999999989,-27.503750000000025]},"properties":{"BAR_CD_SNISB":6777,"BAR_CD_BAR_ENT_FISCALIZADORA":null,"BAR_NM_NOME":"Barragem Sul","BAR_NM_SECUNDARIO":null,"BAR_NU_ALT_MAX_BASE_FUNDACAO":42.5,"BAR_NU_ALT_MAX_NIVEL_TERRENO":0,"BAR_DT_CADASTRO":1568297417000,"TIPO_MATERIAL":"Terra-enrocamento","USO_PRINCIPAL":"Defesa contra inundações","USO_COMPLEMENTAR":null,"BAR_DS_CLASSE":"A","BAR_NU_LATITUDE":-27.50375,"BAR_NU_LONGITUDE":-49.555659999999996,"NIVEL_PERIGO":"Normal","IC_REGULADA":1,"REGULADA_PELO_PNSB":"Sim","NM_EMPREENDEDOR":"Barragem Oeste - SDC","ING_SG_UFMUNICIPIO":"SC","ING_NM_MUNICIPIO":"ITUPORANGA","FASE_DE_VIDA":"Operação","ORG_NM_ORGANIZACAO":"SC - Secretaria de Estado do Meio Ambiente e da Economia Verde - SEMAE","AUT_DT_EMISSAO_PUB":null,"AUT_NU_AUTORIZACAO":"s/n","ECL_IC_EXISTE_ECLUSA":null,"ING_NM_BACIADNAEE":null,"ING_NM_REGIAO_HIDRO":"Região Hidrográfica ATLÂNTICO SUL","ING_CD_CURSODAGUA_TRECHO":"79548","ING_NM_TRECHO":"Rio Itajaí do Sul","DOMINIO_CURSO_DAGUA":"Federal","ING_NM_COMITEFEDERAL":null,"ING_NM_COMITEESTADUAL":"CBH do Rio Itajaí","UNIDADE_DE_GESTAO":"CBH do Rio Itajaí","POSSUI_PAE":"Sim","BAR_NU_CAP_TOTAL_RESERV":110,"POSSUI_PLANO_SEGURANCA":"Sim","INS_DT_INSPECAO":1632787200000,"TP_INSPECAO":"Regular","CATEGORIA_RISCO":"Baixo","DANO_POTENCIAL":"Alto","POSSUI_REVISAO_PERIODICA":"Não","BARRAGEM_AUTUADA":"Não","COMPLETUDE":"boa","OBJECTID":4788}},{"type":"Feature","id":24153,"geometry":{"type":"Point","coordinates":[-49.37560000000002,-27.281900000000007]},"properties":{"BAR_CD_SNISB":24153,"BAR_CD_BAR_ENT_FISCALIZADORA":"17300","BAR_NM_NOME":"CGH Bertoldo Jacobsen - CGH Bertoldo Jacobsen","BAR_NM_SECUNDARIO":null,"BAR_NU_ALT_MAX_BASE_FUNDACAO":2,"BAR_NU_ALT_MAX_NIVEL_TERRENO":2,"BAR_DT_CADASTRO":1627804221000,"TIPO_MATERIAL":"Concreto convencional","USO_PRINCIPAL":"Hidroelétrica","USO_COMPLEMENTAR":null,"BAR_DS_CLASSE":null,"BAR_NU_LATITUDE":-27.2819,"BAR_NU_LONGITUDE":-49.375600000000006,"NIVEL_PERIGO":null,"IC_REGULADA":2,"REGULADA_PELO_PNSB":"Não","NM_EMPREENDEDOR":"KRAFTWERK GERACAO ELETRICA LTDA - ME","ING_SG_UFMUNICIPIO":"SC","ING_NM_MUNICIPIO":"PRESIDENTE NEREU","FASE_DE_VIDA":"Operação","ORG_NM_ORGANIZACAO":"Agência Nacional de Energia Elétrica - ANEEL","AUT_DT_EMISSAO_PUB":null,"AUT_NU_AUTORIZACAO":"ZGh86UIYVC92YMx","ECL_IC_EXISTE_ECLUSA":null,"ING_NM_BACIADNAEE":null,"ING_NM_REGIAO_HIDRO":"Região Hidrográfica ATLÂNTICO SUL","ING_CD_CURSODAGUA_TRECHO":"795426","ING_NM_TRECHO":"Rio Naufrágio e Ribeirão Herval","DOMINIO_CURSO_DAGUA":null,"ING_NM_COMITEFEDERAL":null,"ING_NM_COMITEESTADUAL":"CBH do Rio Itajaí","UNIDADE_DE_GESTAO":"CBH do Rio Itajaí","POSSUI_PAE":null,"BAR_NU_CAP_TOTAL_RESERV":0.029999999999999999,"POSSUI_PLANO_SEGURANCA":"Não","INS_DT_INSPECAO":null,"TP_INSPECAO":null,"CATEGORIA_RISCO":"Baixo","DANO_POTENCIAL":"Baixo","POSSUI_REVISAO_PERIODICA":"Não","BARRAGEM_AUTUADA":"Não","COMPLETUDE":"ótima","OBJECTID":18483}},{"type":"Feature","id":36593,"geometry":{"type":"Point","coordinates":[-49.450600000000009,-27.548299999999983]},"properties":{"BAR_CD_SNISB":36593,"BAR_CD_BAR_ENT_FISCALIZADORA":"17153","BAR_NM_NOME":"CGH Rio Bonito - Bonito","BAR_NM_SECUNDARIO":null,"BAR_NU_ALT_MAX_BASE_FUNDACAO":0.5,"BAR_NU_ALT_MAX_NIVEL_TERRENO":0.5,"BAR_DT_CADASTRO":1775039642000,"TIPO_MATERIAL":"Concreto convencional","USO_PRINCIPAL":"Hidroelétrica","USO_COMPLEMENTAR":null,"BAR_DS_CLASSE":null,"BAR_NU_LATITUDE":-27.548300000000001,"BAR_NU_LONGITUDE":-49.450600000000001,"NIVEL_PERIGO":null,"IC_REGULADA":2,"REGULADA_PELO_PNSB":"Não","NM_EMPREENDEDOR":"ITUPORANGA GERACAO DE ENERGIA LTDA","ING_SG_UFMUNICIPIO":"SC","ING_NM_MUNICIPIO":"ITUPORANGA","FASE_DE_VIDA":"Operação","ORG_NM_ORGANIZACAO":"Agência Nacional de Energia Elétrica - ANEEL","AUT_DT_EMISSAO_PUB":null,"AUT_NU_AUTORIZACAO":"657","ECL_IC_EXISTE_ECLUSA":null,"ING_NM_BACIADNAEE":null,"ING_NM_REGIAO_HIDRO":"Região Hidrográfica ATLÂNTICO SUL","ING_CD_CURSODAGUA_TRECHO":"79548","ING_NM_TRECHO":"Rio Itajaí do Sul","DOMINIO_CURSO_DAGUA":null,"ING_NM_COMITEFEDERAL":null,"ING_NM_COMITEESTADUAL":"CBH do Rio Itajaí","UNIDADE_DE_GESTAO":"CBH do Rio Itajaí","POSSUI_PAE":null,"BAR_NU_CAP_TOTAL_RESERV":0.001,"POSSUI_PLANO_SEGURANCA":"Não","INS_DT_INSPECAO":null,"TP_INSPECAO":null,"CATEGORIA_RISCO":"Baixo","DANO_POTENCIAL":"Baixo","POSSUI_REVISAO_PERIODICA":"Não","BARRAGEM_AUTUADA":"Não","COMPLETUDE":"ótima","OBJECTID":29633}},{"type":"Feature","id":34174,"geometry":{"type":"Point","coordinates":[-49.246899999999982,-27.377200000000016]},"properties":{"BAR_CD_SNISB":34174,"BAR_CD_BAR_ENT_FISCALIZADORA":"15370","BAR_NM_NOME":"CGH Santa Paulina - Barragem CGH Santa Paulina","BAR_NM_SECUNDARIO":null,"BAR_NU_ALT_MAX_BASE_FUNDACAO":6.5,"BAR_NU_ALT_MAX_NIVEL_TERRENO":6.5,"BAR_DT_CADASTRO":1738009066000,"TIPO_MATERIAL":"Concreto convencional","USO_PRINCIPAL":"Hidroelétrica","USO_COMPLEMENTAR":null,"BAR_DS_CLASSE":null,"BAR_NU_LATITUDE":-27.377200000000002,"BAR_NU_LONGITUDE":-49.246900000000004,"NIVEL_PERIGO":null,"IC_REGULADA":2,"REGULADA_PELO_PNSB":"Não","NM_EMPREENDEDOR":"ALTO BRACO ENERGIA LTDA.","ING_SG_UFMUNICIPIO":"SC","ING_NM_MUNICIPIO":"LEOBERTO LEAL","FASE_DE_VIDA":"Operação","ORG_NM_ORGANIZACAO":"Agência Nacional de Energia Elétrica - ANEEL","AUT_DT_EMISSAO_PUB":null,"AUT_NU_AUTORIZACAO":"WUWlF82PelG9O57","ECL_IC_EXISTE_ECLUSA":null,"ING_NM_BACIADNAEE":null,"ING_NM_REGIAO_HIDRO":"Região Hidrográfica ATLÂNTICO SUL","ING_CD_CURSODAGUA_TRECHO":"795524","ING_NM_TRECHO":"Rio Alto Braço","DOMINIO_CURSO_DAGUA":null,"ING_NM_COMITEFEDERAL":null,"ING_NM_COMITEESTADUAL":"CBH do Rio Tijucas","UNIDADE_DE_GESTAO":"CBH do Rio Tijucas","POSSUI_PAE":null,"BAR_NU_CAP_TOTAL_RESERV":0.040000000000000001,"POSSUI_PLANO_SEGURANCA":"Não","INS_DT_INSPECAO":null,"TP_INSPECAO":null,"CATEGORIA_RISCO":"Baixo","DANO_POTENCIAL":"Baixo","POSSUI_REVISAO_PERIODICA":"Não","BARRAGEM_AUTUADA":"Não","COMPLETUDE":"ótima","OBJECTID":27276}},{"type":"Feature","id":34173,"geometry":{"type":"Point","coordinates":[-49.219400000000007,-27.357199999999978]},"properties":{"BAR_CD_SNISB":34173,"BAR_CD_BAR_ENT_FISCALIZADORA":"17369","BAR_NM_NOME":"CGH Figueira do Tigre - Barragem CGH Figueira do Tigre","BAR_NM_SECUNDARIO":null,"BAR_NU_ALT_MAX_BASE_FUNDACAO":8.5,"BAR_NU_ALT_MAX_NIVEL_TERRENO":7.5,"BAR_DT_CADASTRO":1738009063000,"TIPO_MATERIAL":"Concreto convencional","USO_PRINCIPAL":"Hidroelétrica","USO_COMPLEMENTAR":null,"BAR_DS_CLASSE":null,"BAR_NU_LATITUDE":-27.357200000000002,"BAR_NU_LONGITUDE":-49.2194,"NIVEL_PERIGO":null,"IC_REGULADA":2,"REGULADA_PELO_PNSB":"Não","NM_EMPREENDEDOR":"ALTO BRACO ENERGIA LTDA.","ING_SG_UFMUNICIPIO":"SC","ING_NM_MUNICIPIO":"LEOBERTO LEAL","FASE_DE_VIDA":"Operação","ORG_NM_ORGANIZACAO":"Agência Nacional de Energia Elétrica - ANEEL","AUT_DT_EMISSAO_PUB":null,"AUT_NU_AUTORIZACAO":"nQhMV5hdJMWZS5V","ECL_IC_EXISTE_ECLUSA":null,"ING_NM_BACIADNAEE":null,"ING_NM_REGIAO_HIDRO":"Região Hidrográfica ATLÂNTICO SUL","ING_CD_CURSODAGUA_TRECHO":"795524","ING_NM_TRECHO":"Rio Alto Braço","DOMINIO_CURSO_DAGUA":null,"ING_NM_COMITEFEDERAL":null,"ING_NM_COMITEESTADUAL":"CBH do Rio Tijucas","UNIDADE_DE_GESTAO":"CBH do Rio Tijucas","POSSUI_PAE":null,"BAR_NU_CAP_TOTAL_RESERV":0.13,"POSSUI_PLANO_SEGURANCA":"Não","INS_DT_INSPECAO":null,"TP_INSPECAO":null,"CATEGORIA_RISCO":"Baixo","DANO_POTENCIAL":"Baixo","POSSUI_REVISAO_PERIODICA":"Não","BARRAGEM_AUTUADA":"Não","COMPLETUDE":"ótima","OBJECTID":27275}},{"type":"Feature","id":22740,"geometry":{"type":"Point","coordinates":[-49.084400000000016,-27.316399999999987]},"properties":{"BAR_CD_SNISB":22740,"BAR_CD_BAR_ENT_FISCALIZADORA":"11026","BAR_NM_NOME":"CGH Aguti - Barragem PCH Aguti","BAR_NM_SECUNDARIO":null,"BAR_NU_ALT_MAX_BASE_FUNDACAO":11.06,"BAR_NU_ALT_MAX_NIVEL_TERRENO":5.0600000000000005,"BAR_DT_CADASTRO":1627803266000,"TIPO_MATERIAL":"Concreto convencional","USO_PRINCIPAL":"Hidroelétrica","USO_COMPLEMENTAR":null,"BAR_DS_CLASSE":null,"BAR_NU_LATITUDE":-27.316400000000002,"BAR_NU_LONGITUDE":-49.084400000000002,"NIVEL_PERIGO":null,"IC_REGULADA":2,"REGULADA_PELO_PNSB":"Não","NM_EMPREENDEDOR":"GERADORA DE ENERGIA AGUTI S/A","ING_SG_UFMUNICIPIO":"SC","ING_NM_MUNICIPIO":"NOVA TRENTO","FASE_DE_VIDA":"Operação","ORG_NM_ORGANIZACAO":"Agência Nacional de Energia Elétrica - ANEEL","AUT_DT_EMISSAO_PUB":null,"AUT_NU_AUTORIZACAO":"POdZU4lnW8FZYF3","ECL_IC_EXISTE_ECLUSA":null,"ING_NM_BACIADNAEE":null,"ING_NM_REGIAO_HIDRO":"Região Hidrográfica ATLÂNTICO SUL","ING_CD_CURSODAGUA_TRECHO":"795524","ING_NM_TRECHO":"Rio Alto Braço","DOMINIO_CURSO_DAGUA":null,"ING_NM_COMITEFEDERAL":null,"ING_NM_COMITEESTADUAL":"CBH do Rio Tijucas","UNIDADE_DE_GESTAO":"CBH do Rio Tijucas","POSSUI_PAE":null,"BAR_NU_CAP_TOTAL_RESERV":0.25800000000000001,"POSSUI_PLANO_SEGURANCA":"Não","INS_DT_INSPECAO":null,"TP_INSPECAO":null,"CATEGORIA_RISCO":"Baixo","DANO_POTENCIAL":"Baixo","POSSUI_REVISAO_PERIODICA":"Não","BARRAGEM_AUTUADA":"Não","COMPLETUDE":"ótima","OBJECTID":17563}},{"type":"Feature","id":34082,"geometry":{"type":"Point","coordinates":[-49.043299999999988,-27.318899999999985]},"properties":{"BAR_CD_SNISB":34082,"BAR_CD_BAR_ENT_FISCALIZADORA":"11382","BAR_NM_NOME":"CGH São Sebastião - Barragem PCH São Sebastião","BAR_NM_SECUNDARIO":null,"BAR_NU_ALT_MAX_BASE_FUNDACAO":14.32,"BAR_NU_ALT_MAX_NIVEL_TERRENO":8.3200000000000003,"BAR_DT_CADASTRO":1738006559000,"TIPO_MATERIAL":"Concreto convencional","USO_PRINCIPAL":"Hidroelétrica","USO_COMPLEMENTAR":null,"BAR_DS_CLASSE":null,"BAR_NU_LATITUDE":-27.318900000000003,"BAR_NU_LONGITUDE":-49.043300000000002,"NIVEL_PERIGO":null,"IC_REGULADA":2,"REGULADA_PELO_PNSB":"Não","NM_EMPREENDEDOR":"GERADORA DE ENERGIA SAO SEBASTIAO S/A","ING_SG_UFMUNICIPIO":"SC","ING_NM_MUNICIPIO":"NOVA TRENTO","FASE_DE_VIDA":"Operação","ORG_NM_ORGANIZACAO":"Agência Nacional de Energia Elétrica - ANEEL","AUT_DT_EMISSAO_PUB":null,"AUT_NU_AUTORIZACAO":"tVIKUVOWteV53Ph","ECL_IC_EXISTE_ECLUSA":null,"ING_NM_BACIADNAEE":null,"ING_NM_REGIAO_HIDRO":"Região Hidrográfica ATLÂNTICO SUL","ING_CD_CURSODAGUA_TRECHO":"795524","ING_NM_TRECHO":"Rio Alto Braço","DOMINIO_CURSO_DAGUA":null,"ING_NM_COMITEFEDERAL":null,"ING_NM_COMITEESTADUAL":"CBH do Rio Tijucas","UNIDADE_DE_GESTAO":"CBH do Rio Tijucas","POSSUI_PAE":null,"BAR_NU_CAP_TOTAL_RESERV":0.16600000000000001,"POSSUI_PLANO_SEGURANCA":"Não","INS_DT_INSPECAO":null,"TP_INSPECAO":null,"CATEGORIA_RISCO":"Baixo","DANO_POTENCIAL":"Baixo","POSSUI_REVISAO_PERIODICA":"Não","BARRAGEM_AUTUADA":"Não","COMPLETUDE":"ótima","OBJECTID":27184}},{"type":"Feature","id":23937,"geometry":{"type":"Point","coordinates":[-49.043299999999988,-27.318899999999985]},"properties":{"BAR_CD_SNISB":23937,"BAR_CD_BAR_ENT_FISCALIZADORA":"9516","BAR_NM_NOME":"CGH São Sebastião - Barragem PCH São Sebastião","BAR_NM_SECUNDARIO":null,"BAR_NU_ALT_MAX_BASE_FUNDACAO":14.32,"BAR_NU_ALT_MAX_NIVEL_TERRENO":8.3200000000000003,"BAR_DT_CADASTRO":1627803267000,"TIPO_MATERIAL":"Concreto convencional","USO_PRINCIPAL":"Hidroelétrica","USO_COMPLEMENTAR":null,"BAR_DS_CLASSE":null,"BAR_NU_LATITUDE":-27.318900000000003,"BAR_NU_LONGITUDE":-49.043300000000002,"NIVEL_PERIGO":null,"IC_REGULADA":2,"REGULADA_PELO_PNSB":"Não","NM_EMPREENDEDOR":"GERADORA DE ENERGIA SAO SEBASTIAO S/A","ING_SG_UFMUNICIPIO":"SC","ING_NM_MUNICIPIO":"NOVA TRENTO","FASE_DE_VIDA":"Operação","ORG_NM_ORGANIZACAO":"Agência Nacional de Energia Elétrica - ANEEL","AUT_DT_EMISSAO_PUB":null,"AUT_NU_AUTORIZACAO":"tVIKUVOWteV53Ph","ECL_IC_EXISTE_ECLUSA":null,"ING_NM_BACIADNAEE":null,"ING_NM_REGIAO_HIDRO":"Região Hidrográfica ATLÂNTICO SUL","ING_CD_CURSODAGUA_TRECHO":"795524","ING_NM_TRECHO":"Rio Alto Braço","DOMINIO_CURSO_DAGUA":null,"ING_NM_COMITEFEDERAL":null,"ING_NM_COMITEESTADUAL":"CBH do Rio Tijucas","UNIDADE_DE_GESTAO":"CBH do Rio Tijucas","POSSUI_PAE":null,"BAR_NU_CAP_TOTAL_RESERV":0.16600000000000001,"POSSUI_PLANO_SEGURANCA":"Não","INS_DT_INSPECAO":null,"TP_INSPECAO":null,"CATEGORIA_RISCO":"Alto","DANO_POTENCIAL":"Baixo","POSSUI_REVISAO_PERIODICA":"Não","BARRAGEM_AUTUADA":"Não","COMPLETUDE":"ótima","OBJECTID":18267}},{"type":"Feature","id":22741,"geometry":{"type":"Point","coordinates":[-49.026700000000005,-27.323300000000017]},"properties":{"BAR_CD_SNISB":22741,"BAR_CD_BAR_ENT_FISCALIZADORA":"9347","BAR_NM_NOME":"CGH São Valentim - Barragem PCH São Valentim","BAR_NM_SECUNDARIO":null,"BAR_NU_ALT_MAX_BASE_FUNDACAO":21.800000000000001,"BAR_NU_ALT_MAX_NIVEL_TERRENO":11.800000000000001,"BAR_DT_CADASTRO":1627803269000,"TIPO_MATERIAL":"Concreto convencional","USO_PRINCIPAL":"Hidroelétrica","USO_COMPLEMENTAR":null,"BAR_DS_CLASSE":null,"BAR_NU_LATITUDE":-27.3233,"BAR_NU_LONGITUDE":-49.026700000000005,"NIVEL_PERIGO":null,"IC_REGULADA":1,"REGULADA_PELO_PNSB":"Sim","NM_EMPREENDEDOR":"CGH SAO VALENTIN GERADORA DE ENERGIA LTDA","ING_SG_UFMUNICIPIO":"SC","ING_NM_MUNICIPIO":"NOVA TRENTO","FASE_DE_VIDA":"Operação","ORG_NM_ORGANIZACAO":"Agência Nacional de Energia Elétrica - ANEEL","AUT_DT_EMISSAO_PUB":null,"AUT_NU_AUTORIZACAO":"1SxPCdUCYIQS4S2","ECL_IC_EXISTE_ECLUSA":null,"ING_NM_BACIADNAEE":null,"ING_NM_REGIAO_HIDRO":"Região Hidrográfica ATLÂNTICO SUL","ING_CD_CURSODAGUA_TRECHO":"795524","ING_NM_TRECHO":"Rio Alto Braço","DOMINIO_CURSO_DAGUA":null,"ING_NM_COMITEFEDERAL":null,"ING_NM_COMITEESTADUAL":"CBH do Rio Tijucas","UNIDADE_DE_GESTAO":"CBH do Rio Tijucas","POSSUI_PAE":null,"BAR_NU_CAP_TOTAL_RESERV":0.088000000000000009,"POSSUI_PLANO_SEGURANCA":"Não","INS_DT_INSPECAO":null,"TP_INSPECAO":null,"CATEGORIA_RISCO":"Baixo","DANO_POTENCIAL":"Baixo","POSSUI_REVISAO_PERIODICA":"Não","BARRAGEM_AUTUADA":"Não","COMPLETUDE":"boa","OBJECTID":17564}},{"type":"Feature","id":4221,"geometry":{"type":"Point","coordinates":[-49.032199999999989,-27.399200000000008]},"properties":{"BAR_CD_SNISB":4221,"BAR_CD_BAR_ENT_FISCALIZADORA":"16035","BAR_NM_NOME":"PCH São Sebastião - PCH Sao Sebastião","BAR_NM_SECUNDARIO":null,"BAR_NU_ALT_MAX_BASE_FUNDACAO":9.75,"BAR_NU_ALT_MAX_NIVEL_TERRENO":8.0500000000000007,"BAR_DT_CADASTRO":1627803825000,"TIPO_MATERIAL":"Concreto convencional","USO_PRINCIPAL":"Hidroelétrica","USO_COMPLEMENTAR":null,"BAR_DS_CLASSE":null,"BAR_NU_LATITUDE":-27.3992,"BAR_NU_LONGITUDE":-49.032200000000003,"NIVEL_PERIGO":null,"IC_REGULADA":1,"REGULADA_PELO_PNSB":"Sim","NM_EMPREENDEDOR":"SAO SEBASTIAO EMPREENDIMENTOS S.A","ING_SG_UFMUNICIPIO":"SC","ING_NM_MUNICIPIO":"MAJOR GERCINO","FASE_DE_VIDA":"Operação","ORG_NM_ORGANIZACAO":"Agência Nacional de Energia Elétrica - ANEEL","AUT_DT_EMISSAO_PUB":1299196800000,"AUT_NU_AUTORIZACAO":"145","ECL_IC_EXISTE_ECLUSA":null,"ING_NM_BACIADNAEE":null,"ING_NM_REGIAO_HIDRO":"Região Hidrográfica ATLÂNTICO SUL","ING_CD_CURSODAGUA_TRECHO":"795526","ING_NM_TRECHO":"Rio Boa","DOMINIO_CURSO_DAGUA":null,"ING_NM_COMITEFEDERAL":null,"ING_NM_COMITEESTADUAL":"CBH do Rio Tijucas","UNIDADE_DE_GESTAO":"CBH do Rio Tijucas","POSSUI_PAE":null,"BAR_NU_CAP_TOTAL_RESERV":0.018551999999999999,"POSSUI_PLANO_SEGURANCA":"Não","INS_DT_INSPECAO":null,"TP_INSPECAO":null,"CATEGORIA_RISCO":"Baixo","DANO_POTENCIAL":"Médio","POSSUI_REVISAO_PERIODICA":"Não","BARRAGEM_AUTUADA":"Não","COMPLETUDE":"boa","OBJECTID":3080}},{"type":"Feature","id":24136,"geometry":{"type":"Point","coordinates":[-49.103099999999984,-27.529200000000003]},"properties":{"BAR_CD_SNISB":24136,"BAR_CD_BAR_ENT_FISCALIZADORA":"17276","BAR_NM_NOME":"CGH Barra Clara - CGH Barra Clara","BAR_NM_SECUNDARIO":null,"BAR_NU_ALT_MAX_BASE_FUNDACAO":4,"BAR_NU_ALT_MAX_NIVEL_TERRENO":4,"BAR_DT_CADASTRO":1627804194000,"TIPO_MATERIAL":"Concreto convencional","USO_PRINCIPAL":"Hidroelétrica","USO_COMPLEMENTAR":null,"BAR_DS_CLASSE":null,"BAR_NU_LATITUDE":-27.529200000000003,"BAR_NU_LONGITUDE":-49.103100000000005,"NIVEL_PERIGO":null,"IC_REGULADA":2,"REGULADA_PELO_PNSB":"Não","NM_EMPREENDEDOR":"BC SERVICE ENERGETICA S.A.","ING_SG_UFMUNICIPIO":"SC","ING_NM_MUNICIPIO":"ANGELINA","FASE_DE_VIDA":"Operação","ORG_NM_ORGANIZACAO":"Agência Nacional de Energia Elétrica - ANEEL","AUT_DT_EMISSAO_PUB":null,"AUT_NU_AUTORIZACAO":"nQnOZ23FV27428S","ECL_IC_EXISTE_ECLUSA":null,"ING_NM_BACIADNAEE":null,"ING_NM_REGIAO_HIDRO":"Região Hidrográfica ATLÂNTICO SUL","ING_CD_CURSODAGUA_TRECHO":"795528","ING_NM_TRECHO":"Rio Tijucas","DOMINIO_CURSO_DAGUA":null,"ING_NM_COMITEFEDERAL":null,"ING_NM_COMITEESTADUAL":"CBH do Rio Tijucas","UNIDADE_DE_GESTAO":"CBH do Rio Tijucas","POSSUI_PAE":null,"BAR_NU_CAP_TOTAL_RESERV":0.039414999999999999,"POSSUI_PLANO_SEGURANCA":"Não","INS_DT_INSPECAO":null,"TP_INSPECAO":null,"CATEGORIA_RISCO":"Baixo","DANO_POTENCIAL":"Baixo","POSSUI_REVISAO_PERIODICA":"Não","BARRAGEM_AUTUADA":"Não","COMPLETUDE":"ótima","OBJECTID":18466}},{"type":"Feature","id":24139,"geometry":{"type":"Point","coordinates":[-49.079400000000021,-27.520600000000002]},"properties":{"BAR_CD_SNISB":24139,"BAR_CD_BAR_ENT_FISCALIZADORA":"17296","BAR_NM_NOME":"CGH Horst Bremer - CGH Host Bremer","BAR_NM_SECUNDARIO":null,"BAR_NU_ALT_MAX_BASE_FUNDACAO":11.17,"BAR_NU_ALT_MAX_NIVEL_TERRENO":11.17,"BAR_DT_CADASTRO":1627804197000,"TIPO_MATERIAL":"Concreto convencional","USO_PRINCIPAL":"Hidroelétrica","USO_COMPLEMENTAR":null,"BAR_DS_CLASSE":null,"BAR_NU_LATITUDE":-27.520600000000002,"BAR_NU_LONGITUDE":-49.0794,"NIVEL_PERIGO":null,"IC_REGULADA":2,"REGULADA_PELO_PNSB":"Não","NM_EMPREENDEDOR":"HORST BREMER ENERGÉTICA LTDA","ING_SG_UFMUNICIPIO":"SC","ING_NM_MUNICIPIO":"ANGELINA","FASE_DE_VIDA":"Operação","ORG_NM_ORGANIZACAO":"Agência Nacional de Energia Elétrica - ANEEL","AUT_DT_EMISSAO_PUB":null,"AUT_NU_AUTORIZACAO":"KllKttA6tI8l45Z","ECL_IC_EXISTE_ECLUSA":null,"ING_NM_BACIADNAEE":null,"ING_NM_REGIAO_HIDRO":"Região Hidrográfica ATLÂNTICO SUL","ING_CD_CURSODAGUA_TRECHO":"795528","ING_NM_TRECHO":"Rio Tijucas","DOMINIO_CURSO_DAGUA":null,"ING_NM_COMITEFEDERAL":null,"ING_NM_COMITEESTADUAL":"CBH do Rio Tijucas","UNIDADE_DE_GESTAO":"CBH do Rio Tijucas","POSSUI_PAE":null,"BAR_NU_CAP_TOTAL_RESERV":0.018000000000000002,"POSSUI_PLANO_SEGURANCA":"Não","INS_DT_INSPECAO":null,"TP_INSPECAO":null,"CATEGORIA_RISCO":"Baixo","DANO_POTENCIAL":"Baixo","POSSUI_REVISAO_PERIODICA":"Não","BARRAGEM_AUTUADA":"Não","COMPLETUDE":"ótima","OBJECTID":18469}},{"type":"Feature","id":34228,"geometry":{"type":"Point","coordinates":[-49.073599999999999,-27.516099999999994]},"properties":{"BAR_CD_SNISB":34228,"BAR_CD_BAR_ENT_FISCALIZADORA":"16441","BAR_NM_NOME":"CGH Fartura - CGH FARTURA","BAR_NM_SECUNDARIO":null,"BAR_NU_ALT_MAX_BASE_FUNDACAO":4.5,"BAR_NU_ALT_MAX_NIVEL_TERRENO":4.5,"BAR_DT_CADASTRO":1738010149000,"TIPO_MATERIAL":"Concreto ciclópico","USO_PRINCIPAL":"Hidroelétrica","USO_COMPLEMENTAR":null,"BAR_DS_CLASSE":null,"BAR_NU_LATITUDE":-27.516100000000002,"BAR_NU_LONGITUDE":-49.073599999999999,"NIVEL_PERIGO":null,"IC_REGULADA":2,"REGULADA_PELO_PNSB":"Não","NM_EMPREENDEDOR":"PCH FARTURA ENERGETICA LTDA","ING_SG_UFMUNICIPIO":"SC","ING_NM_MUNICIPIO":"ANGELINA","FASE_DE_VIDA":"Operação","ORG_NM_ORGANIZACAO":"Agência Nacional de Energia Elétrica - ANEEL","AUT_DT_EMISSAO_PUB":1679961600000,"AUT_NU_AUTORIZACAO":"2.109","ECL_IC_EXISTE_ECLUSA":null,"ING_NM_BACIADNAEE":null,"ING_NM_REGIAO_HIDRO":"Região Hidrográfica ATLÂNTICO SUL","ING_CD_CURSODAGUA_TRECHO":"795528","ING_NM_TRECHO":"Rio Tijucas","DOMINIO_CURSO_DAGUA":null,"ING_NM_COMITEFEDERAL":null,"ING_NM_COMITEESTADUAL":"CBH do Rio Tijucas","UNIDADE_DE_GESTAO":"CBH do Rio Tijucas","POSSUI_PAE":null,"BAR_NU_CAP_TOTAL_RESERV":0.034687999999999997,"POSSUI_PLANO_SEGURANCA":"Não","INS_DT_INSPECAO":null,"TP_INSPECAO":null,"CATEGORIA_RISCO":"Baixo","DANO_POTENCIAL":"Baixo","POSSUI_REVISAO_PERIODICA":"Não","BARRAGEM_AUTUADA":"Não","COMPLETUDE":"ótima","OBJECTID":27330}},{"type":"Feature","id":4510,"geometry":{"type":"Point","coordinates":[-49.035300000000007,-27.498299999999972]},"properties":{"BAR_CD_SNISB":4510,"BAR_CD_BAR_ENT_FISCALIZADORA":"17402","BAR_NM_NOME":"PCH Santa Ana - Santa Ana","BAR_NM_SECUNDARIO":null,"BAR_NU_ALT_MAX_BASE_FUNDACAO":2.3000000000000003,"BAR_NU_ALT_MAX_NIVEL_TERRENO":2.3000000000000003,"BAR_DT_CADASTRO":1627803665000,"TIPO_MATERIAL":"Concreto convencional","USO_PRINCIPAL":"Hidroelétrica","USO_COMPLEMENTAR":null,"BAR_DS_CLASSE":null,"BAR_NU_LATITUDE":-27.4983,"BAR_NU_LONGITUDE":-49.035299999999999,"NIVEL_PERIGO":null,"IC_REGULADA":2,"REGULADA_PELO_PNSB":"Não","NM_EMPREENDEDOR":"SANTA ANA ENERGETICA S.A.","ING_SG_UFMUNICIPIO":"SC","ING_NM_MUNICIPIO":"ANGELINA","FASE_DE_VIDA":"Operação","ORG_NM_ORGANIZACAO":"Agência Nacional de Energia Elétrica - ANEEL","AUT_DT_EMISSAO_PUB":1223856000000,"AUT_NU_AUTORIZACAO":"1.563","ECL_IC_EXISTE_ECLUSA":null,"ING_NM_BACIADNAEE":null,"ING_NM_REGIAO_HIDRO":"Região Hidrográfica ATLÂNTICO SUL","ING_CD_CURSODAGUA_TRECHO":"795528","ING_NM_TRECHO":"Rio Tijucas","DOMINIO_CURSO_DAGUA":null,"ING_NM_COMITEFEDERAL":null,"ING_NM_COMITEESTADUAL":"CBH do Rio Tijucas","UNIDADE_DE_GESTAO":"CBH do Rio Tijucas","POSSUI_PAE":"Não","BAR_NU_CAP_TOTAL_RESERV":0.10000000000000001,"POSSUI_PLANO_SEGURANCA":"Sim","INS_DT_INSPECAO":null,"TP_INSPECAO":null,"CATEGORIA_RISCO":"Baixo","DANO_POTENCIAL":"Baixo","POSSUI_REVISAO_PERIODICA":"Não","BARRAGEM_AUTUADA":"Não","COMPLETUDE":"ótima","OBJECTID":3227}},{"type":"Feature","id":4732,"geometry":{"type":"Point","coordinates":[-48.983299999999986,-27.455600000000004]},"properties":{"BAR_CD_SNISB":4732,"BAR_CD_BAR_ENT_FISCALIZADORA":"16925","BAR_NM_NOME":"PCH Angelina (Antiga Portobello - Corredeira do Encano) - Angelina","BAR_NM_SECUNDARIO":null,"BAR_NU_ALT_MAX_BASE_FUNDACAO":52,"BAR_NU_ALT_MAX_NIVEL_TERRENO":38.700000000000003,"BAR_DT_CADASTRO":1627803636000,"TIPO_MATERIAL":"Concreto compactado a rolo (CCR)","USO_PRINCIPAL":"Hidroelétrica","USO_COMPLEMENTAR":null,"BAR_DS_CLASSE":null,"BAR_NU_LATITUDE":-27.4556,"BAR_NU_LONGITUDE":-48.9833,"NIVEL_PERIGO":null,"IC_REGULADA":1,"REGULADA_PELO_PNSB":"Sim","NM_EMPREENDEDOR":"LUMBRAS ENERGETICA S.A.","ING_SG_UFMUNICIPIO":"SC","ING_NM_MUNICIPIO":"ANGELINA","FASE_DE_VIDA":"Operação","ORG_NM_ORGANIZACAO":"Agência Nacional de Energia Elétrica - ANEEL","AUT_DT_EMISSAO_PUB":981676800000,"AUT_NU_AUTORIZACAO":"055","ECL_IC_EXISTE_ECLUSA":null,"ING_NM_BACIADNAEE":null,"ING_NM_REGIAO_HIDRO":"Região Hidrográfica ATLÂNTICO SUL","ING_CD_CURSODAGUA_TRECHO":"79552","ING_NM_TRECHO":"Rio Tijucas","DOMINIO_CURSO_DAGUA":null,"ING_NM_COMITEFEDERAL":null,"ING_NM_COMITEESTADUAL":"CBH do Rio Tijucas","UNIDADE_DE_GESTAO":"CBH do Rio Tijucas","POSSUI_PAE":"Sim","BAR_NU_CAP_TOTAL_RESERV":6,"POSSUI_PLANO_SEGURANCA":"Sim","INS_DT_INSPECAO":null,"TP_INSPECAO":null,"CATEGORIA_RISCO":"Baixo","DANO_POTENCIAL":"Alto","POSSUI_REVISAO_PERIODICA":"Sim","BARRAGEM_AUTUADA":"Não","COMPLETUDE":"boa","OBJECTID":3362}},{"type":"Feature","id":34175,"geometry":{"type":"Point","coordinates":[-48.996899999999982,-27.506100000000004]},"properties":{"BAR_CD_SNISB":34175,"BAR_CD_BAR_ENT_FISCALIZADORA":"17367","BAR_NM_NOME":"CGH Garcia de Angelina - Barragem CGH Garcia de Angelina","BAR_NM_SECUNDARIO":null,"BAR_NU_ALT_MAX_BASE_FUNDACAO":3,"BAR_NU_ALT_MAX_NIVEL_TERRENO":2,"BAR_DT_CADASTRO":1738009070000,"TIPO_MATERIAL":"Concreto convencional","USO_PRINCIPAL":"Hidroelétrica","USO_COMPLEMENTAR":null,"BAR_DS_CLASSE":null,"BAR_NU_LATITUDE":-27.5061,"BAR_NU_LONGITUDE":-48.996900000000004,"NIVEL_PERIGO":null,"IC_REGULADA":2,"REGULADA_PELO_PNSB":"Não","NM_EMPREENDEDOR":"HIDRELÉTRICA GARCIA DE ANGELINA SPE LTDA","ING_SG_UFMUNICIPIO":"SC","ING_NM_MUNICIPIO":"ANGELINA","FASE_DE_VIDA":"Operação","ORG_NM_ORGANIZACAO":"Agência Nacional de Energia Elétrica - ANEEL","AUT_DT_EMISSAO_PUB":1584662400000,"AUT_NU_AUTORIZACAO":"112","ECL_IC_EXISTE_ECLUSA":null,"ING_NM_BACIADNAEE":null,"ING_NM_REGIAO_HIDRO":"Região Hidrográfica ATLÂNTICO SUL","ING_CD_CURSODAGUA_TRECHO":"79552","ING_NM_TRECHO":"Rio das Antas","DOMINIO_CURSO_DAGUA":null,"ING_NM_COMITEFEDERAL":null,"ING_NM_COMITEESTADUAL":"CBH do Rio Tijucas","UNIDADE_DE_GESTAO":"CBH do Rio Tijucas","POSSUI_PAE":null,"BAR_NU_CAP_TOTAL_RESERV":0.0051700000000000001,"POSSUI_PLANO_SEGURANCA":"Não","INS_DT_INSPECAO":null,"TP_INSPECAO":null,"CATEGORIA_RISCO":"Baixo","DANO_POTENCIAL":"Baixo","POSSUI_REVISAO_PERIODICA":"Não","BARRAGEM_AUTUADA":"Não","COMPLETUDE":"ótima","OBJECTID":27277}},{"type":"Feature","id":5206,"geometry":{"type":"Point","coordinates":[-49.006399999999985,-27.548600000000022]},"properties":{"BAR_CD_SNISB":5206,"BAR_CD_BAR_ENT_FISCALIZADORA":"17327","BAR_NM_NOME":"PCH Garcia - Barragem Principal","BAR_NM_SECUNDARIO":null,"BAR_NU_ALT_MAX_BASE_FUNDACAO":19,"BAR_NU_ALT_MAX_NIVEL_TERRENO":19,"BAR_DT_CADASTRO":1627803003000,"TIPO_MATERIAL":"Concreto convencional","USO_PRINCIPAL":"Hidroelétrica","USO_COMPLEMENTAR":null,"BAR_DS_CLASSE":null,"BAR_NU_LATITUDE":-27.5486,"BAR_NU_LONGITUDE":-49.006399999999999,"NIVEL_PERIGO":null,"IC_REGULADA":1,"REGULADA_PELO_PNSB":"Sim","NM_EMPREENDEDOR":"CELESC Geração S.A.","ING_SG_UFMUNICIPIO":"SC","ING_NM_MUNICIPIO":"ANGELINA","FASE_DE_VIDA":"Operação","ORG_NM_ORGANIZACAO":"Agência Nacional de Energia Elétrica - ANEEL","AUT_DT_EMISSAO_PUB":946684800000,"AUT_NU_AUTORIZACAO":"055","ECL_IC_EXISTE_ECLUSA":null,"ING_NM_BACIADNAEE":null,"ING_NM_REGIAO_HIDRO":"Região Hidrográfica ATLÂNTICO SUL","ING_CD_CURSODAGUA_TRECHO":"79552","ING_NM_TRECHO":"Rio das Antas","DOMINIO_CURSO_DAGUA":null,"ING_NM_COMITEFEDERAL":null,"ING_NM_COMITEESTADUAL":"CBH do Rio Tijucas","UNIDADE_DE_GESTAO":"CBH do Rio Tijucas","POSSUI_PAE":"Sim","BAR_NU_CAP_TOTAL_RESERV":4.25,"POSSUI_PLANO_SEGURANCA":"Sim","INS_DT_INSPECAO":null,"TP_INSPECAO":null,"CATEGORIA_RISCO":"Baixo","DANO_POTENCIAL":"Alto","POSSUI_REVISAO_PERIODICA":"Sim","BARRAGEM_AUTUADA":"Não","COMPLETUDE":"boa","OBJECTID":3645}},{"type":"Feature","id":24147,"geometry":{"type":"Point","coordinates":[-49.024400000000014,-27.611400000000003]},"properties":{"BAR_CD_SNISB":24147,"BAR_CD_BAR_ENT_FISCALIZADORA":"7046","BAR_NM_NOME":"CGH Pinho Fibras - CGH Pinho Fibras","BAR_NM_SECUNDARIO":null,"BAR_NU_ALT_MAX_BASE_FUNDACAO":1.5,"BAR_NU_ALT_MAX_NIVEL_TERRENO":1.5,"BAR_DT_CADASTRO":1627804211000,"TIPO_MATERIAL":"Concreto convencional","USO_PRINCIPAL":"Hidroelétrica","USO_COMPLEMENTAR":null,"BAR_DS_CLASSE":null,"BAR_NU_LATITUDE":-27.6114,"BAR_NU_LONGITUDE":-49.0244,"NIVEL_PERIGO":null,"IC_REGULADA":2,"REGULADA_PELO_PNSB":"Não","NM_EMPREENDEDOR":"HIDRELETRICA PINHO FIBRAS LTDA.","ING_SG_UFMUNICIPIO":"SC","ING_NM_MUNICIPIO":"ANGELINA","FASE_DE_VIDA":"Operação","ORG_NM_ORGANIZACAO":"Agência Nacional de Energia Elétrica - ANEEL","AUT_DT_EMISSAO_PUB":null,"AUT_NU_AUTORIZACAO":"4WlnOxFOBAYlAC2","ECL_IC_EXISTE_ECLUSA":null,"ING_NM_BACIADNAEE":null,"ING_NM_REGIAO_HIDRO":"Região Hidrográfica ATLÂNTICO SUL","ING_CD_CURSODAGUA_TRECHO":"79552","ING_NM_TRECHO":"Rio das Antas","DOMINIO_CURSO_DAGUA":null,"ING_NM_COMITEFEDERAL":null,"ING_NM_COMITEESTADUAL":"CBH do Rio Tijucas","UNIDADE_DE_GESTAO":"CBH do Rio Tijucas","POSSUI_PAE":null,"BAR_NU_CAP_TOTAL_RESERV":0.016,"POSSUI_PLANO_SEGURANCA":"Não","INS_DT_INSPECAO":null,"TP_INSPECAO":null,"CATEGORIA_RISCO":"Alto","DANO_POTENCIAL":"Baixo","POSSUI_REVISAO_PERIODICA":"Não","BARRAGEM_AUTUADA":"Não","COMPLETUDE":"ótima","OBJECTID":18477}},{"type":"Feature","id":34253,"geometry":{"type":"Point","coordinates":[-49.007499999999993,-27.58499999999998]},"properties":{"BAR_CD_SNISB":34253,"BAR_CD_BAR_ENT_FISCALIZADORA":"16228","BAR_NM_NOME":"PCH Alto Garcia - Barragem Vertente Alto Garcia","BAR_NM_SECUNDARIO":null,"BAR_NU_ALT_MAX_BASE_FUNDACAO":1,"BAR_NU_ALT_MAX_NIVEL_TERRENO":2.3999999999999999,"BAR_DT_CADASTRO":1738010823000,"TIPO_MATERIAL":"Concreto convencional","USO_PRINCIPAL":"Hidroelétrica","USO_COMPLEMENTAR":null,"BAR_DS_CLASSE":null,"BAR_NU_LATITUDE":-27.585000000000001,"BAR_NU_LONGITUDE":-49.0075,"NIVEL_PERIGO":null,"IC_REGULADA":2,"REGULADA_PELO_PNSB":"Não","NM_EMPREENDEDOR":"Alto Garcia Energética S/A","ING_SG_UFMUNICIPIO":"SC","ING_NM_MUNICIPIO":"ANGELINA","FASE_DE_VIDA":"1º enchimento","ORG_NM_ORGANIZACAO":"Agência Nacional de Energia Elétrica - ANEEL","AUT_DT_EMISSAO_PUB":1319587200000,"AUT_NU_AUTORIZACAO":"3.165","ECL_IC_EXISTE_ECLUSA":null,"ING_NM_BACIADNAEE":null,"ING_NM_REGIAO_HIDRO":"Região Hidrográfica ATLÂNTICO SUL","ING_CD_CURSODAGUA_TRECHO":"79552","ING_NM_TRECHO":"Rio das Antas","DOMINIO_CURSO_DAGUA":null,"ING_NM_COMITEFEDERAL":null,"ING_NM_COMITEESTADUAL":"CBH do Rio Tijucas","UNIDADE_DE_GESTAO":"CBH do Rio Tijucas","POSSUI_PAE":null,"BAR_NU_CAP_TOTAL_RESERV":0.033000000000000002,"POSSUI_PLANO_SEGURANCA":"Não","INS_DT_INSPECAO":null,"TP_INSPECAO":null,"CATEGORIA_RISCO":"Baixo","DANO_POTENCIAL":"Baixo","POSSUI_REVISAO_PERIODICA":"Não","BARRAGEM_AUTUADA":"Não","COMPLETUDE":"ótima","OBJECTID":27355}},{"type":"Feature","id":24155,"geometry":{"type":"Point","coordinates":[-48.731699999999989,-27.581700000000012]},"properties":{"BAR_CD_SNISB":24155,"BAR_CD_BAR_ENT_FISCALIZADORA":"17302","BAR_NM_NOME":"CGH Pingo de Ouro - CGH Pingo de Ouro","BAR_NM_SECUNDARIO":null,"BAR_NU_ALT_MAX_BASE_FUNDACAO":1,"BAR_NU_ALT_MAX_NIVEL_TERRENO":1,"BAR_DT_CADASTRO":1627804224000,"TIPO_MATERIAL":"Concreto convencional","USO_PRINCIPAL":"Hidroelétrica","USO_COMPLEMENTAR":null,"BAR_DS_CLASSE":null,"BAR_NU_LATITUDE":-27.581700000000001,"BAR_NU_LONGITUDE":-48.731700000000004,"NIVEL_PERIGO":null,"IC_REGULADA":2,"REGULADA_PELO_PNSB":"Não","NM_EMPREENDEDOR":"PEQUENA CENTRAL HIDRELÉTRICA RIO IMARUÍ LTDA","ING_SG_UFMUNICIPIO":"SC","ING_NM_MUNICIPIO":"SÃO PEDRO DE ALCÂNTARA","FASE_DE_VIDA":"1º enchimento","ORG_NM_ORGANIZACAO":"Agência Nacional de Energia Elétrica - ANEEL","AUT_DT_EMISSAO_PUB":null,"AUT_NU_AUTORIZACAO":"Y157G9C5BYWJ7FM","ECL_IC_EXISTE_ECLUSA":null,"ING_NM_BACIADNAEE":null,"ING_NM_REGIAO_HIDRO":"Região Hidrográfica ATLÂNTICO SUL","ING_CD_CURSODAGUA_TRECHO":"795552","ING_NM_TRECHO":"Rio Maruim","DOMINIO_CURSO_DAGUA":null,"ING_NM_COMITEFEDERAL":null,"ING_NM_COMITEESTADUAL":"CBH do Rio Cubatão do Sul","UNIDADE_DE_GESTAO":"CBH do Rio Cubatão do Sul","POSSUI_PAE":null,"BAR_NU_CAP_TOTAL_RESERV":0.019675999999999999,"POSSUI_PLANO_SEGURANCA":"Não","INS_DT_INSPECAO":null,"TP_INSPECAO":null,"CATEGORIA_RISCO":"Baixo","DANO_POTENCIAL":"Baixo","POSSUI_REVISAO_PERIODICA":"Não","BARRAGEM_AUTUADA":"Não","COMPLETUDE":"ótima","OBJECTID":18485}},{"type":"Feature","id":34195,"geometry":{"type":"Point","coordinates":[-48.70780000000002,-27.592499999999973]},"properties":{"BAR_CD_SNISB":34195,"BAR_CD_BAR_ENT_FISCALIZADORA":"17111","BAR_NM_NOME":"CGH Maruim - Barragem","BAR_NM_SECUNDARIO":null,"BAR_NU_ALT_MAX_BASE_FUNDACAO":4.3899999999999997,"BAR_NU_ALT_MAX_NIVEL_TERRENO":3.8900000000000001,"BAR_DT_CADASTRO":1738009636000,"TIPO_MATERIAL":"Alvenaria","USO_PRINCIPAL":"Hidroelétrica","USO_COMPLEMENTAR":null,"BAR_DS_CLASSE":null,"BAR_NU_LATITUDE":-27.592500000000001,"BAR_NU_LONGITUDE":-48.707799999999999,"NIVEL_PERIGO":null,"IC_REGULADA":2,"REGULADA_PELO_PNSB":"Não","NM_EMPREENDEDOR":"CELESC Geração S.A.","ING_SG_UFMUNICIPIO":"SC","ING_NM_MUNICIPIO":"SÃO JOSÉ","FASE_DE_VIDA":"Operação","ORG_NM_ORGANIZACAO":"Agência Nacional de Energia Elétrica - ANEEL","AUT_DT_EMISSAO_PUB":1699833600000,"AUT_NU_AUTORIZACAO":"2.682","ECL_IC_EXISTE_ECLUSA":null,"ING_NM_BACIADNAEE":null,"ING_NM_REGIAO_HIDRO":"Região Hidrográfica ATLÂNTICO SUL","ING_CD_CURSODAGUA_TRECHO":"795552","ING_NM_TRECHO":"Rio Maruim","DOMINIO_CURSO_DAGUA":null,"ING_NM_COMITEFEDERAL":null,"ING_NM_COMITEESTADUAL":"CBH do Rio Cubatão do Sul","UNIDADE_DE_GESTAO":"CBH do Rio Cubatão do Sul","POSSUI_PAE":null,"BAR_NU_CAP_TOTAL_RESERV":0.01652,"POSSUI_PLANO_SEGURANCA":"Não","INS_DT_INSPECAO":null,"TP_INSPECAO":null,"CATEGORIA_RISCO":"Baixo","DANO_POTENCIAL":"Baixo","POSSUI_REVISAO_PERIODICA":"Não","BARRAGEM_AUTUADA":"Não","COMPLETUDE":"ótima","OBJECTID":27297}}]}